game_date,home_team,away_team,game_id,home_score,away_score,attendance,neutral
2025-02-11,NIU,Buffalo,5733948,67,73,1014,0
2025-02-11,West Virginia,BYU,5734828,69,73,10879,0
2025-02-11,Cincinnati,Utah,5738009,85,75,10510,0
2025-02-11,Miami (FL),Syracuse,5735814,91,84,5752,0
2025-02-11,Vanderbilt,Auburn,5738213,68,80,13032,0
2025-02-11,Miami (OH),Toledo,5729310,92,80,2661,0
2025-02-11,Kent St.,Central Mich.,5729571,91,83,1280,0
2025-02-11,Kentucky,Tennessee,5730667,75,64,20076,0
2025-02-11,Richmond,Loyola Chicago,5733045,80,87,4470,0
2025-02-11,Akron,Western Mich.,5729233,105,92,1380,0
2025-02-11,Bowling Green,Ohio,5730852,81,86,1912,0
2025-02-11,Ball St.,Eastern Mich.,5723751,86,84,3118,0
2025-02-11,Mississippi St.,Florida,5731049,68,81,9401,0
2025-02-11,Michigan,Purdue,5731275,75,73,12707,0
2025-02-11,UCF,Iowa St.,5737732,65,77,8614,0
2025-02-11,East Carolina,UAB,5737922,82,75,3863,0
2025-02-11,UNI,Indiana St.,5732961,88,73,3824,0
2025-02-11,Murray St.,UIC,5731443,63,53,4874,0
2025-02-11,Little Rock,Southeast Mo. St.,5733219,45,57,1286,0
2025-02-11,Illinois,UCLA,5738206,83,78,15544,0
2025-02-11,Saint Louis,George Mason,5736004,74,76,6237,0
2025-02-11,Kansas St.,Arizona,5734176,73,70,8914,0
2025-02-11,Marquette,DePaul,5730014,68,58,14728,0
2025-02-11,Pepperdine,LMU (CA),5731784,60,69,320,0
2025-02-11,Michigan St.,Indiana,5731350,67,71,14797,0
2025-02-11,Kansas,Colorado,5735771,71,59,15300,0
2025-02-11,Creighton,UConn,5732603,66,70,18025,0
2025-02-11,Rice,North Texas,5737967,61,67,1617,0
2025-02-11,Texas A&M,Georgia,5732136,69,53,9283,0
2025-02-11,SMU,Pittsburgh,5735225,83,63,5525,0
2025-02-11,Southern California,Penn St.,5731676,92,67,4638,0
2025-02-11,Texas,Alabama,5730514,80,103,11081,0
2025-02-11,UNLV,Air Force,5728847,77,52,5004,0
2025-02-11,Saint Mary's (CA),Santa Clara,5730005,73,64,3500,0
2025-02-11,Oregon,Northwestern,5730677,81,75,6039,0
2025-02-11,Utah St.,Colorado St.,5756603,93,85,9130,0
2025-02-11,San Jose St.,San Diego St.,5730903,66,69,4287,0
2025-02-10,American,Lafayette,5733703,60,58,920,0
2025-02-10,McNeese,East Texas A&M,5734629,67,51,2883,0
2025-02-10,Clemson,North Carolina,5732625,85,65,8704,0
2025-02-10,Alcorn,Mississippi Val.,5737411,86,39,250,0
2025-02-10,Alabama St.,Southern U.,5740584,82,81,1255,0
2025-02-10,SFA,UTRGV,5734222,85,75,1408,0
2025-02-10,Nicholls,Northwestern St.,5732928,60,72,522,0
2025-02-10,UIW,New Orleans,5740680,75,65,79,0
2025-02-10,Houston Christian,Southeastern La.,5732857,60,69,988,0
2025-02-10,Alabama A&M,Grambling,5734667,61,72,1329,0
2025-02-10,Texas Southern,Bethune-Cookman,5729461,77,80,1487,0
2025-02-10,Lamar University,A&M-Corpus Christi,5735664,67,56,1639,0
2025-02-10,UMES,Howard,5738023,57,77,734,0
2025-02-10,Campbell,N.C. A&T,5733546,66,62,2232,0
2025-02-10,Jackson St.,Ark.-Pine Bluff,5735368,94,78,741,0
2025-02-10,Prairie View,Florida A&M,5740669,67,78,704,0
2025-02-10,Houston,Baylor,5734699,76,65,7035,0
2025-02-10,Fla. Atlantic,Charlotte,5737584,87,75,3161,0
2025-02-10,Nevada,Fresno St.,5738163,94,69,7146,0
2025-02-09,Villanova,Xavier,5728820,80,68,8462,0
2025-02-09,St. Bonaventure,George Washington,5732432,52,62,3846,0
2025-02-09,Maryland,Rutgers,5731396,90,81,17069,0
2025-02-09,South Fla.,Wichita St.,5735444,70,75,3730,0
2025-02-09,Oklahoma St.,Arizona St.,5735316,86,73,5639,0
2025-02-09,Nebraska,Ohio St.,5733133,79,71,15633,0
2025-02-09,La Salle,Massachusetts,5736295,55,78,1405,0
2025-02-09,Memphis,Temple,5737464,90,82,11007,0
2025-02-08,Holy Cross,Boston U.,5732435,72,52,2517,0
2025-02-08,Oklahoma,Tennessee,5723280,52,70,10162,0
2025-02-08,Iowa St.,TCU,5738234,82,52,14267,0
2025-02-08,Tulsa,Fla. Atlantic,5738195,55,79,3048,0
2025-02-08,Davidson,Richmond,5735556,71,60,2611,0
2025-02-08,Georgetown,Seton Hall,5733276,60,46,9261,0
2025-02-08,Michigan St.,Oregon,5730675,86,74,14797,0
2025-02-08,Kentucky,South Carolina,5728584,80,57,20003,0
2025-02-08,Queens (NC),Lipscomb,5734446,81,94,1075,0
2025-02-08,VMI,The Citadel,5735740,82,70,5235,0
2025-02-08,Vanderbilt,Texas,5723182,86,78,9215,0
2025-02-08,FDU,Wagner,5735491,69,58,246,0
2025-02-08,Iowa,Wisconsin,5730973,63,74,12693,0
2025-02-08,New Hampshire,NJIT,5734865,80,69,447,0
2025-02-08,Detroit Mercy,Youngstown St.,5731899,72,87,1071,0
2025-02-08,Lafayette,Navy,5728306,61,51,1376,0
2025-02-08,Indiana,Michigan,5731274,67,70,17222,0
2025-02-08,Western Mich.,Ga. Southern,5729232,57,83,1431,0
2025-02-08,Army West Point,Bucknell,5732856,116,110,868,0
2025-02-08,Miami (OH),Troy,5736816,69,62,1817,0
2025-02-08,Notre Dame,Virginia Tech,5732604,63,65,6959,0
2025-02-08,Manhattan,Saint Peter's,5733103,84,83,620,0
2025-02-08,Ohio,App State,5735522,59,72,6305,0
2025-02-08,USC Upstate,Winthrop,5737814,95,105,368,0
2025-02-08,Gardner-Webb,Charleston So.,5735919,72,79,2349,0
2025-02-08,West Ga.,North Ala.,5737603,61,78,1723,0
2025-02-08,Binghamton,Bryant,5734457,71,78,3081,0
2025-02-08,Northern Ky.,Robert Morris,5737714,76,81,3006,0
2025-02-08,Louisville,Miami (FL),5735808,88,78,15588,0
2025-02-08,FIU,Louisiana Tech,5736279,71,82,745,0
2025-02-08,South Carolina St.,Mid-Atlantic Christ.,5740755,114,75,535,0
2025-02-08,Toledo,James Madison,5756634,72,69,4438,0
2025-02-08,Cornell,Yale,5740721,88,103,2644,0
2025-02-08,Kent St.,Arkansas St.,6313546,76,75,1746,0
2025-02-08,Buffalo,Georgia St.,6313560,75,80,1395,0
2025-02-08,Eastern Mich.,Old Dominion,6313576,76,70,1673,0
2025-02-08,Delaware,William & Mary,5732760,74,64,2405,0
2025-02-08,Quinnipiac,Niagara,5735092,75,76,1714,0
2025-02-08,Drexel,UNCW,5733160,79,81,1163,0
2025-02-08,Lehigh,American,5733902,75,78,884,0
2025-02-08,Columbia,Brown,5722313,74,72,1347,0
2025-02-08,LIU,Stonehill,5726013,62,59,317,0
2025-02-08,Dartmouth,Harvard,5725944,76,56,1240,0
2025-02-08,Maine,UMBC,5730875,73,50,1002,0
2025-02-08,Morehead St.,Little Rock,5728368,62,76,1956,0
2025-02-08,Akron,South Alabama,5725863,80,67,1505,0
2025-02-08,Ball St.,Southern Miss.,5730783,77,76,3420,0
2025-02-08,Rider,Siena,5722989,61,59,1068,0
2025-02-08,Colgate,Loyola Maryland,5723093,82,68,751,0
2025-02-08,Bowling Green,Coastal Carolina,6313551,67,53,1648,0
2025-02-08,NIU,Louisiana,6313568,64,66,1278,0
2025-02-08,Chicago St.,Saint Francis,5734205,69,81,275,0
2025-02-08,Kansas St.,Kansas,5734174,81,73,11010,0
2025-02-08,Southern Ill.,UIC,5737372,79,67,4321,0
2025-02-08,Omaha,North Dakota St.,5732579,85,74,2288,0
2025-02-08,Creighton,Marquette,5733081,77,67,18185,0
2025-02-08,Baylor,UCF,5734695,91,76,7500,0
2025-02-08,Mercer,Wofford,5730534,66,77,0,0
2025-02-08,North Texas,Tulane,5740740,76,66,4156,0
2025-02-08,Cleveland St.,Milwaukee,5726065,77,60,2269,0
2025-02-08,Merrimack,Canisius,5723350,69,51,1186,0
2025-02-08,Longwood,Radford,5736845,69,71,3072,0
2025-02-08,Butler,Providence,5735500,82,81,8312,0
2025-02-08,Mercyhurst,Le Moyne,5737015,82,78,684,0
2025-02-08,Syracuse,Boston College,5732399,95,86,20881,0
2025-02-08,Missouri,Texas A&M,5734120,64,67,15061,0
2025-02-08,Charlotte,Rice,5737583,78,75,3388,0
2025-02-08,Colorado,Houston,5735768,59,69,7485,0
2025-02-08,Air Force,New Mexico,5728846,53,88,2619,0
2025-02-08,Denver,St. Thomas (MN),5730727,76,79,977,0
2025-02-08,UCLA,Penn St.,5731672,78,54,9156,0
2025-02-08,Wyoming,UNLV,5810976,57,68,3787,0
2025-02-08,George Mason,Rhode Island,5738113,82,67,6861,0
2025-02-08,ETSU,Samford,5740789,66,59,5472,0
2025-02-08,UNC Greensboro,Western Caro.,5737401,74,70,1141,0
2025-02-08,Stetson,Eastern Ky.,5736990,58,83,707,0
2025-02-08,North Carolina,Pittsburgh,5732616,67,66,21750,0
2025-02-08,Monmouth,Towson,5731963,67,73,2756,0
2025-02-08,Howard,N.C. Central,5735099,82,78,2131,0
2025-02-08,Northeastern,Hampton,5728369,75,84,1150,0
2025-02-08,Liberty,Sam Houston,5728623,64,61,3355,0
2025-02-08,Hofstra,Stony Brook,5723097,75,80,3819,0
2025-02-08,Alcorn,Ark.-Pine Bluff,5740659,79,60,250,0
2025-02-08,Jackson St.,Mississippi Val.,5735367,92,44,1353,0
2025-02-08,Nicholls,East Texas A&M,5734626,81,65,567,0
2025-02-08,Tennessee Tech,Eastern Ill.,5733908,59,54,1269,0
2025-02-08,Valparaiso,Murray St.,5731442,56,74,1401,0
2025-02-08,Auburn,Florida,5731360,81,90,9121,0
2025-02-08,Utah Valley,Tarleton St.,5732734,81,56,1676,0
2025-02-08,UT Martin,Western Ill.,5730160,81,70,1576,0
2025-02-08,Houston Christian,New Orleans,5735246,81,68,779,0
2025-02-08,Chattanooga,Furman,5731034,85,72,3751,0
2025-02-08,Tennessee St.,Lindenwood,5730358,84,76,895,0
2025-02-08,Alabama St.,Grambling,5740583,67,77,500,0
2025-02-08,Kennesaw St.,Middle Tenn.,5729760,75,76,1858,0
2025-02-08,West Virginia,Utah,5734826,72,61,13166,0
2025-02-08,McNeese,Northwestern St.,5732925,65,50,3670,0
2025-02-08,Austin Peay,Central Ark.,5738657,90,67,3167,0
2025-02-08,Idaho,Sacramento St.,5724020,78,76,1972,0
2025-02-08,Jacksonville St.,Western Ky.,5728717,85,83,2169,0
2025-02-08,Belmont,Missouri St.,5731941,85,68,2210,0
2025-02-08,Alabama A&M,Southern U.,5734665,68,81,2751,0
2025-02-08,California,Wake Forest,5732785,66,76,4562,0
2025-02-08,North Florida,FGCU,5722567,70,84,2662,0
2025-02-08,Eastern Wash.,Portland St.,5730199,72,67,1351,0
2025-02-08,Central Mich.,Texas St.,5732859,85,70,1244,0
2025-02-08,Virginia,Georgia Tech,5732670,75,61,14637,0
2025-02-08,Prairie View,Bethune-Cookman,5729460,82,85,466,0
2025-02-08,Minnesota,Illinois,5733036,74,95,10091,0
2025-02-08,Duquesne,Loyola Chicago,5733042,69,56,2577,0
2025-02-08,Cincinnati,BYU,5734998,84,66,12217,0
2025-02-08,UNI,Illinois St.,5734097,68,65,4809,0
2025-02-08,Drake,Indiana St.,5732958,85,81,4394,0
2025-02-08,Georgia,Mississippi St.,5729963,75,76,10169,0
2025-02-08,Washington St.,Pepperdine,5737040,87,86,3957,0
2025-02-08,Col. of Charleston,Elon,5725832,88,83,5007,0
2025-02-08,Texas Southern,Florida A&M,5740686,64,66,5263,0
2025-02-08,Kansas City,North Dakota,5723600,80,69,1058,0
2025-02-08,SFA,A&M-Corpus Christi,5734221,78,64,1371,0
2025-02-08,UIW,Southeastern La.,5732855,66,71,205,0
2025-02-08,Clemson,Duke,5732622,77,71,9000,0
2025-02-08,Long Beach St.,CSUN,5725929,80,81,1557,0
2025-02-08,Santa Clara,San Diego,5730003,93,70,2227,0
2025-02-08,High Point,UNC Asheville,5738162,104,100,6214,0
2025-02-08,Fairfield,Sacred Heart,5736315,71,77,3470,0
2025-02-08,Jacksonville,Bellarmine,5735167,73,64,700,0
2025-02-08,Purdue Fort Wayne,Green Bay,5723572,89,74,2422,0
2025-02-08,UAlbany,Vermont,5729279,62,68,2315,0
2025-02-08,Marist,Iona,5728259,71,75,3037,0
2025-02-08,Wright St.,IU Indy,5723736,91,73,4640,0
2025-02-08,Lamar University,UTRGV,5734548,70,68,1753,0
2025-02-08,Stanford,NC State,5732564,74,73,4841,0
2025-02-08,Northern Colo.,Montana St.,5732820,73,66,1672,0
2025-02-08,UTSA,East Carolina,5738262,79,80,1113,0
2025-02-08,Oral Roberts,South Dakota,5722842,74,75,3009,0
2025-02-08,Seattle U,UT Arlington,5735159,67,65,999,0
2025-02-08,California Baptist,Grand Canyon,5723510,85,71,4174,0
2025-02-08,Northern Ariz.,Montana,5736904,80,83,1212,0
2025-02-08,Evansville,Bradley,5735585,74,80,5810,0
2025-02-08,Pacific,Gonzaga,5729861,61,78,3178,0
2025-02-08,Arkansas,Alabama,5722399,81,85,19200,0
2025-02-08,Southern Ind.,Southeast Mo. St.,5728480,74,79,3097,0
2025-02-08,Southern Utah,Abilene Christian,5732717,70,84,989,0
2025-02-08,LSU,Ole Miss,5722906,70,72,6980,0
2025-02-08,Weber St.,Idaho St.,5722848,67,72,3046,0
2025-02-08,Cal St. Fullerton,UC Davis,5732155,49,65,452,0
2025-02-08,LMU (CA),San Francisco,5731789,66,72,1687,0
2025-02-08,New Mexico St.,UTEP,5733422,63,66,8941,0
2025-02-08,UC Santa Barbara,Hawaii,5735414,76,72,2109,0
2025-02-08,Colorado St.,San Diego St.,5730901,68,63,8083,0
2025-02-08,UC Riverside,CSU Bakersfield,5728690,69,64,765,0
2025-02-08,UC Irvine,UC San Diego,5729416,67,85,5000,0
2025-02-08,Oregon St.,Saint Mary's (CA),5735338,49,63,5256,0
2025-02-08,Arizona,Texas Tech,5736438,82,73,14688,0
2025-02-08,Washington,Northwestern,5737059,76,71,8064,0
2025-02-07,Penn,Princeton,5730488,59,61,3475,0
2025-02-07,Dayton,VCU,5734108,68,73,13407,0
2025-02-07,Purdue,Southern California,5732259,90,72,14876,0
2025-02-07,UConn,St. John's (NY),5732600,62,68,10299,0
2025-02-07,Saint Joseph's,Saint Louis,5736003,76,63,2201,0
2025-02-07,Boise St.,San Jose St.,5738184,79,52,10738,0
2025-02-07,Fresno St.,Utah St.,5738640,81,89,4801,0
2025-02-06,Maine,NJIT,5730874,78,74,717,0
2025-02-06,Col. of Charleston,N.C. A&T,5731649,66,63,4600,0
2025-02-06,Bryant,UAlbany,5738116,63,68,1022,0
2025-02-06,Binghamton,UMass Lowell,5734454,66,54,2163,0
2025-02-06,Delaware,UNCW,5731611,67,77,2031,0
2025-02-06,Stony Brook,Towson,5731962,59,66,1526,0
2025-02-06,Ohio St.,Maryland,5732533,73,70,10155,0
2025-02-06,Merrimack,Niagara,5737738,64,59,1867,0
2025-02-06,Stetson,Jacksonville,5735752,65,74,433,0
2025-02-06,Siena,Saint Peter's,5732056,77,63,4852,0
2025-02-06,Saint Francis,Le Moyne,5737009,86,78,992,0
2025-02-06,South Fla.,Temple,5735443,100,91,3729,0
2025-02-06,Drexel,William & Mary,5733158,86,66,1085,0
2025-02-06,Hofstra,Northeastern,5723092,68,77,1224,0
2025-02-06,Kennesaw St.,Western Ky.,5729758,76,69,2242,0
2025-02-06,Campbell,Elon,5725829,76,58,1913,0
2025-02-06,Oakland,Youngstown St.,5731898,75,84,2237,0
2025-02-06,FGCU,Eastern Ky.,5729591,74,92,2632,0
2025-02-06,FIU,Sam Houston,5732946,85,82,1002,0
2025-02-06,Sacred Heart,Rider,5722982,89,77,723,0
2025-02-06,Fairfield,Marist,5729386,59,56,1868,0
2025-02-06,Wagner,LIU,5726012,47,60,1035,0
2025-02-06,Chicago St.,Mercyhurst,5729802,85,78,85,0
2025-02-06,Quinnipiac,Canisius,5723345,89,71,852,0
2025-02-06,New Hampshire,UMBC,5736601,79,78,241,0
2025-02-06,Monmouth,Hampton,5729888,68,63,1929,0
2025-02-06,Mount St. Mary's,Iona,5728258,67,70,1530,0
2025-02-06,Jacksonville St.,Middle Tenn.,5728714,77,63,2943,0
2025-02-06,Morehead St.,Southeast Mo. St.,5728363,51,80,2345,0
2025-02-06,Tennessee St.,Western Ill.,5730161,87,69,1870,0
2025-02-06,South Dakota St.,St. Thomas (MN),5730939,102,86,3144,0
2025-02-06,Kansas City,North Dakota St.,5723593,72,78,986,0
2025-02-06,Omaha,North Dakota,5730918,80,77,2508,0
2025-02-06,Northern Ariz.,Montana St.,5732815,69,64,789,0
2025-02-06,Utah Valley,UT Arlington,5734146,94,73,2681,0
2025-02-06,Central Conn. St.,FDU,5728632,87,66,1133,0
2025-02-06,Liberty,Louisiana Tech,5728621,77,53,3152,0
2025-02-06,North Florida,Bellarmine,5722566,95,88,1286,0
2025-02-06,Northern Colo.,Montana,5736902,78,86,2001,0
2025-02-06,Tennessee Tech,SIUE,5733342,58,75,879,0
2025-02-06,UT Martin,Lindenwood,5730357,51,52,1330,0
2025-02-06,Southern Ind.,Little Rock,5733229,56,74,1438,0
2025-02-06,Idaho,Portland St.,5730197,69,76,1676,0
2025-02-06,Eastern Wash.,Sacramento St.,5724019,83,80,1197,0
2025-02-06,San Francisco,Saint Mary's (CA),5738051,65,64,3200,0
2025-02-06,Utah Tech,Abilene Christian,5722709,72,86,1671,0
2025-02-06,Denver,South Dakota,5730726,79,86,794,0
2025-02-06,Gonzaga,LMU (CA),5729860,73,53,6000,0
2025-02-06,UNC Asheville,Gardner-Webb,5735918,78,70,1123,0
2025-02-06,CSU Bakersfield,UC Santa Barbara,5728689,75,81,1091,0
2025-02-06,Cal Poly,Hawaii,5735413,79,63,1756,0
2025-02-06,Seattle U,Tarleton St.,5732728,91,54,707,0
2025-02-06,Pacific,San Diego,5733225,71,69,1284,0
2025-02-06,CSUN,Cal St. Fullerton,5730040,82,63,775,0
2025-02-06,Portland,Santa Clara,5730000,50,97,1044,0
2025-02-06,California Baptist,Southern Utah,5730336,57,60,2865,0
2025-02-06,UC San Diego,UC Riverside,5731372,91,71,1754,0
2025-02-06,Long Beach St.,UC Davis,5725928,65,73,1904,0
2025-02-06,Oregon St.,Washington St.,5735336,82,74,4909,0
2025-02-05,Army West Point,Holy Cross,5732431,68,65,548,0
2025-02-05,VMI,ETSU,5735739,55,62,2100,0
2025-02-05,Seton Hall,Butler,5735621,54,84,8634,0
2025-02-05,IU Indy,Milwaukee,5723731,80,84,657,0
2025-02-05,App State,Southern Miss.,5723910,60,58,2236,0
2025-02-05,Michigan,Oregon,5730674,80,76,11814,0
2025-02-05,Missouri St.,UNI,5733089,61,66,2011,0
2025-02-05,East Carolina,Rice,5737964,60,73,3827,0
2025-02-05,Richmond,Duquesne,5736276,73,68,5680,0
2025-02-05,George Washington,George Mason,5732422,50,53,2407,0
2025-02-05,Charleston So.,Winthrop,5737749,65,83,850,0
2025-02-05,Indiana St.,Valparaiso,5732954,80,62,4152,0
2025-02-05,Radford,High Point,5736785,75,78,1342,0
2025-02-05,Fordham,Rhode Island,5732951,80,79,1309,0
2025-02-05,Robert Morris,Detroit Mercy,5736750,71,56,1576,0
2025-02-05,Boston College,Louisville,5732395,58,84,4204,0
2025-02-05,Syracuse,Duke,5733034,54,83,23313,0
2025-02-05,Bucknell,American,5732853,71,49,1365,0
2025-02-05,James Madison,Troy,5733992,64,61,3754,0
2025-02-05,UCF,Cincinnati,5737730,83,93,7421,0
2025-02-05,Northern Ky.,Cleveland St.,5732655,85,75,2380,0
2025-02-05,Presbyterian,USC Upstate,5737812,75,64,316,0
2025-02-05,West Ga.,Lipscomb,5736807,67,76,774,0
2025-02-05,Purdue Fort Wayne,Wright St.,5723886,87,64,1437,0
2025-02-05,Ga. Southern,Louisiana,5728583,83,82,1756,0
2025-02-05,Tennessee,Missouri,5730664,85,81,20002,0
2025-02-05,Coastal Carolina,South Alabama,5725846,59,84,1598,0
2025-02-05,Wofford,Chattanooga,5730533,70,79,1254,0
2025-02-05,The Citadel,UNC Greensboro,5723154,61,76,1431,0
2025-02-05,Boston U.,Navy,5728304,87,65,503,0
2025-02-05,Georgia St.,ULM,5729749,97,64,1441,0
2025-02-05,Old Dominion,Texas St.,5723297,75,64,5474,0
2025-02-05,Lafayette,Loyola Maryland,5723077,58,71,1556,0
2025-02-05,Furman,Western Caro.,5731033,84,75,1807,0
2025-02-05,Samford,Mercer,5732800,100,79,1284,0
2025-02-05,Central Ark.,Queens (NC),5734444,47,63,815,0
2025-02-05,TCU,West Virginia,5734824,65,60,4878,0
2025-02-05,Austin Peay,North Ala.,5738053,64,74,1759,0
2025-02-05,Evansville,Southern Ill.,5740774,59,68,4435,0
2025-02-05,Memphis,Tulsa,5740727,83,71,10237,0
2025-02-05,UIC,Illinois St.,5734094,79,81,1554,0
2025-02-05,UTSA,Tulane,5738261,60,61,1593,0
2025-02-05,Providence,Creighton,5735426,69,80,11726,0
2025-02-05,Rutgers,Illinois,5731395,82,73,8000,0
2025-02-05,Texas,Arkansas,5733900,70,78,10799,0
2025-02-05,Bradley,Belmont,5731939,77,80,4869,0
2025-02-05,Marshall,Arkansas St.,5729124,77,72,4309,0
2025-02-05,Utah,Colorado,5735767,72,59,7581,0
2025-02-05,Virginia Tech,SMU,5732598,75,81,8925,0
2025-02-05,Georgia,LSU,5732135,81,62,7193,0
2025-02-05,DePaul,Villanova,5730013,49,59,3789,0
2025-02-05,Washington,Nebraska,5737057,72,86,6384,0
2025-02-05,New Mexico,Colorado St.,5810023,87,65,13436,0
2025-02-05,California,NC State,5732558,74,62,3139,0
2025-02-05,Stanford,Wake Forest,5733960,73,79,2774,0
2025-02-03,Lehigh,Colgate,5732691,94,68,951,0
2025-02-03,Southeastern La.,Lamar University,5732850,81,79,546,0
2025-02-03,Florida A&M,Alabama St.,5740582,66,67,750,0
2025-02-03,Pittsburgh,Virginia,5732667,57,73,9075,0
2025-02-03,Norfolk St.,N.C. Central,5735101,81,78,0,0
2025-02-03,Bethune-Cookman,Alabama A&M,5729459,89,75,993,0
2025-02-03,McNeese,UIW,5740596,67,65,3216,0
2025-02-03,Delaware St.,Morgan St.,5732029,84,82,304,0
2025-02-03,New Orleans,SFA,5734220,85,88,455,0
2025-02-03,Northwestern St.,UTRGV,5732923,79,63,508,0
2025-02-03,East Texas A&M,A&M-Corpus Christi,5734625,66,78,742,0
2025-02-03,Nicholls,Houston Christian,5735241,75,67,781,0
2025-02-03,Southern U.,Jackson St.,5735366,91,89,5621,0
2025-02-03,Howard,South Carolina St.,5738030,66,89,1362,0
2025-02-03,William & Mary,Col. of Charleston,5731648,90,75,3461,0
2025-02-03,UMES,Coppin St.,5736447,57,62,761,0
2025-02-03,Grambling,Alcorn,6310021,53,60,2313,0
2025-02-03,Weber St.,Northern Ariz.,5738229,77,73,2537,0
2025-02-03,UAB,North Texas,5737921,64,61,4318,0
2025-02-03,Idaho St.,Northern Colo.,5722840,72,86,1481,0
2025-02-03,Kansas,Iowa St.,5738233,69,52,15300,0
2025-02-04,Eastern Mich.,Kent St.,5729570,49,70,1696,0
2025-02-04,Ark.-Pine Bluff,Texas Southern,5740654,69,68,1364,0
2025-02-04,St. John's (NY),Marquette,5733080,70,64,16521,0
2025-02-04,VCU,La Salle,5734106,96,66,7132,0
2025-02-04,Dayton,Davidson,5735555,69,63,13407,0
2025-02-04,Central Mich.,Miami (OH),5729309,70,76,1203,0
2025-02-04,Bowling Green,NIU,5730851,84,77,1572,0
2025-02-04,Florida St.,Notre Dame,5731119,67,60,5101,0
2025-02-04,Ohio,Western Mich.,5729230,94,69,4058,0
2025-02-04,Florida,Vanderbilt,5731359,86,75,9745,0
2025-02-04,Akron,Ball St.,5723733,81,73,1883,0
2025-02-04,Toledo,Buffalo,5733944,87,74,4052,0
2025-02-04,Charlotte,Wichita St.,5735538,58,66,2638,0
2025-02-04,Massachusetts,Saint Louis,5736002,71,73,3745,0
2025-02-04,Ole Miss,Kentucky,5733203,98,84,9128,0
2025-02-04,Murray St.,Drake,5731441,45,55,4586,0
2025-02-04,Penn St.,Minnesota,5731669,61,69,6750,0
2025-02-04,Iowa,Purdue,5730972,81,90,8445,0
2025-02-04,Houston,Oklahoma St.,5735314,72,63,7035,0
2025-02-04,Xavier,Georgetown,5733262,74,69,10212,0
2025-02-04,SIUE,Eastern Ill.,5733337,66,41,1415,0
2025-02-04,Wyoming,Utah St.,5756602,67,71,3550,0
2025-02-04,Air Force,Nevada,5728844,60,74,2134,0
2025-02-04,Clemson,Georgia Tech,5732605,86,89,7913,0
2025-02-04,Auburn,Oklahoma,5733821,98,70,9121,0
2025-02-04,Northwestern,Southern California,5732245,77,75,5440,0
2025-02-04,Loyola Chicago,St. Bonaventure,5733040,77,53,2553,0
2025-02-04,Wisconsin,Indiana,5731242,76,64,14447,0
2025-02-04,Texas Tech,Baylor,5734692,73,59,15098,0
2025-02-04,Arizona St.,Kansas St.,5734170,70,71,6868,0
2025-02-04,UCLA,Michigan St.,5733041,63,61,10074,0
2025-02-04,Fresno St.,San Jose St.,5738248,91,94,4257,0
2025-02-04,BYU,Arizona,5734997,74,85,17274,0
2025-02-04,UNLV,Boise St.,5738183,62,71,5081,0
2023-11-06,IU Indy,Spalding,3954955,70,63,4867,0
2023-11-06,Hofstra,St. Joseph's (L.I.),3954956,101,48,2147,0
2023-11-06,Troy,Fort Lauderdale,3954943,92,47,3321,0
2023-11-06,SFA,North American,3954941,96,68,3250,0
2023-11-06,Prairie View,Kansas Christian,3954957,89,66,350,0
2023-11-06,Oregon,Georgia,3954954,82,71,7595,1
2023-11-06,Oregon St.,Linfield,3954950,82,46,2483,0
2023-11-06,Penn,John Jay,3954963,102,57,636,0
2023-11-06,UMass Lowell,Rivier,3954964,96,51,719,0
2023-11-06,Purdue,Samford,3953861,98,45,14876,0
2023-11-06,Tennessee,Tennessee Tech,3954966,80,42,17047,0
2023-11-06,UConn,Northern Ariz.,3954967,95,52,10299,0
2023-11-06,Rhode Island,Central Conn. St.,3955033,81,70,4118,0
2023-11-06,ETSU,King (TN),3955040,73,56,2736,0
2023-11-06,Charleston So.,Toccoa Falls,3955044,94,59,721,0
2023-11-06,Utah Valley,Carroll (MT),3954958,81,73,1849,0
2023-11-06,Southeastern La.,Delta St.,3954961,90,71,1021,0
2023-11-06,UT Martin,Champion Chris.,3954962,104,76,1087,0
2023-11-06,South Carolina St.,Voorhees,4470656,65,57,612,0
2023-11-06,Kent St.,Malone,4469253,79,58,2954,0
2023-11-06,Penn St.,Delaware St.,3954199,79,45,7345,0
2023-11-06,Rutgers,Princeton,3728719,61,68,6103,1
2023-11-06,Ohio St.,Oakland,3969971,79,73,9244,0
2023-11-06,Col. of Charleston,Iona,3954922,71,69,5265,0
2023-11-06,Marshall,Queens (NC),3954925,89,73,4443,0
2023-11-06,Dayton,SIUE,3954929,63,47,13407,0
2023-11-06,Duquesne,Cleveland St.,3954930,79,77,2364,0
2023-11-06,Bowling Green,Chicago St.,3954931,70,41,1776,0
2023-11-06,South Carolina,USC Upstate,3954932,82,53,11216,0
2023-11-06,Mercer,Clark Atlanta,3954947,64,71,1272,0
2023-11-06,Saint Joseph's,Lafayette,3954948,81,60,1793,0
2023-11-06,NC State,The Citadel,3954971,72,59,12488,0
2023-11-06,East Carolina,Ferrum,3954972,91,61,4529,0
2023-11-06,Virginia,Tarleton St.,3954974,80,50,14080,0
2023-11-06,Western Mich.,North Dakota St.,3954977,76,80,1364,0
2023-11-06,VCU,McNeese,3954979,65,76,7637,0
2023-11-06,Liberty,Mid-Atlantic Christ.,3954980,103,43,3664,0
2023-11-06,North Florida,Coastal Ga.,3954981,92,55,2129,0
2023-11-06,Furman,North Greenville,3954982,84,68,2197,0
2023-11-06,Siena,Holy Cross,3954983,73,71,4474,0
2023-11-06,High Point,St. Andrews,3954984,105,51,2366,0
2023-11-06,West Virginia,Missouri St.,3954986,67,59,9691,0
2023-11-06,Wofford,Brevard,3954987,85,68,1039,0
2023-11-06,Harvard,UMass Boston,3954988,78,50,932,0
2023-11-06,Chattanooga,Covenant,3954990,89,44,2946,0
2023-11-06,Bucknell,Delaware,3954991,57,78,2427,0
2023-11-06,Jacksonville,Johnson (FL),3954993,113,46,868,0
2023-11-06,Davidson,Wash. & Lee,3954994,86,63,2404,0
2023-11-06,Stetson,Trinity Baptist,3954995,109,54,568,0
2023-11-06,Clemson,Winthrop,3954997,78,56,6361,0
2023-11-06,Pittsburgh,N.C. A&T,3954998,100,52,6797,0
2023-11-06,Notre Dame,Niagara,3954999,70,63,7338,0
2023-11-06,Colgate,Brown,3955000,72,70,1036,0
2023-11-06,George Mason,Monmouth,3955001,72,61,3145,0
2023-11-06,North Carolina,Radford,3955002,86,70,17331,0
2023-11-06,Miami (FL),NJIT,3955003,101,60,6861,0
2023-11-06,Rider,Immaculata,3955004,113,67,1300,0
2023-11-06,Old Dominion,Va. Wesleyan,3955005,71,57,5371,0
2023-11-06,Charlotte,Maine,3955006,69,52,3510,0
2023-11-06,Indiana St.,St. Mary-Woods,3955007,90,60,4388,0
2023-11-06,Providence,Columbia,3955008,78,59,11069,0
2023-11-06,St. Bonaventure,Longwood,3955009,73,69,3577,0
2023-11-06,Coastal Carolina,Piedmont,3955010,88,86,1562,0
2023-11-06,Richmond,VMI,3955012,93,75,5176,0
2023-11-06,Gardner-Webb,Erskine,3955013,98,58,357,0
2023-11-06,UNCW,Mount Olive,3955017,105,66,3886,0
2023-11-06,Syracuse,New Hampshire,3955018,83,72,19130,0
2023-11-06,Toledo,Detroit Mercy,3955019,94,60,4223,0
2023-11-06,Louisville,UMBC,3955022,94,93,11010,0
2023-11-06,Yale,Vassar,3955025,102,53,950,0
2023-11-06,Norfolk St.,Penn St.-Wilkes Barre,3955026,102,55,1952,0
2023-11-06,Howard,Hampton,3955030,92,80,2500,0
2023-11-06,Sacred Heart,Sarah Lawrence,3955032,95,51,721,0
2023-11-06,Villanova,American,3955031,90,63,6501,0
2023-11-06,New Orleans,Millsaps,3955043,100,70,1207,0
2023-11-06,Seton Hall,Saint Peter's,3955051,70,59,8087,0
2023-11-06,Georgia Tech,Ga. Southern,3955052,84,62,3414,0
2023-11-06,Buffalo,FDU,3955054,86,92,2500,0
2023-11-06,Bryant,Manhattan,3955056,59,61,752,0
2023-11-06,Lehigh,Cornell,3955057,78,84,1065,0
2023-11-06,William & Mary,Regent,3955059,84,29,3267,0
2023-11-06,Vermont,Merrimack,3955060,67,55,2077,0
2023-11-06,Quinnipiac,Coast Guard,3955061,116,48,898,0
2023-11-06,Temple,UMES,3955069,85,65,4601,0
2023-11-06,Colorado,Towson,3954945,75,57,6078,0
2023-11-06,Belmont,Georgia St.,3954927,89,87,2204,0
2023-11-06,Wichita St.,Lipscomb,3954928,76,59,6286,0
2023-11-06,Northwestern St.,Dallas Christian,3954968,101,54,1021,0
2023-11-06,UTRGV,S'western Adventist,3954969,110,59,1622,0
2023-11-06,Fordham,Wagner,3955046,68,64,1837,0
2023-11-06,Idaho St.,Warner Pacific,3954960,92,36,292,0
2023-11-06,Illinois,Eastern Ill.,3954350,80,52,15014,0
2023-11-06,Wisconsin,Arkansas St.,3953731,105,76,14033,0
2023-11-06,Northwestern,Binghamton,3954551,72,61,4170,0
2023-11-06,Minnesota,Bethune-Cookman,3954488,80,60,7132,0
2023-11-06,Lamar University,Jarvis Christian,3955108,114,66,1617,0
2023-11-06,Memphis,Jackson St.,3954912,94,77,10912,0
2023-11-06,Alabama,Morehead St.,3954915,105,73,9078,0
2023-11-06,Arkansas,Alcorn,3954918,93,59,19200,0
2023-11-06,Houston,ULM,3954923,84,31,6832,0
2023-11-06,Evansville,Miami (OH),3954933,72,64,4213,0
2023-11-06,Illinois St.,Lourdes,3954935,75,56,2416,0
2023-11-06,Iowa St.,Green Bay,3954936,85,44,13360,0
2023-11-06,Murray St.,Midway,3954939,91,58,4527,0
2023-11-06,Missouri,Ark.-Pine Bluff,3954942,101,79,11486,0
2023-11-06,Oklahoma,Central Mich.,3954949,89,59,6025,0
2023-11-06,South Alabama,Mobile,3954951,74,83,2153,0
2023-11-06,Texas,UIW,3954973,88,56,10763,0
2023-11-06,Southern Ill.,Kentucky St.,3954992,88,57,4510,0
2023-11-06,Valparaiso,Trinity Christian,3954996,100,61,1900,0
2023-11-06,Kansas,N.C. Central,3955011,99,56,16300,0
2023-11-06,Texas A&M,Tex. A&M-Commerce,3955014,78,46,8802,0
2023-11-06,UAB,Bradley,3955016,71,73,3632,0
2023-11-06,Kansas City,Avila,3955020,79,48,1322,0
2023-11-06,Saint Louis,Southern Ind.,3955021,75,63,4989,0
2023-11-06,Ole Miss,Alabama St.,3955024,69,59,6141,0
2023-11-06,Milwaukee,Wis.-Stout,3955027,91,73,1297,0
2023-11-06,Southern Miss.,William Carey,3955034,64,42,4360,0
2023-11-06,LSU,Mississippi Val.,3955035,106,60,7922,0
2023-11-06,Grambling,UNT Dallas,3955036,82,67,1461,0
2023-11-06,UTSA,Western Ill.,3955037,78,68,1567,0
2023-11-06,UT Arlington,Oral Roberts,3955039,75,71,2185,0
2023-11-06,Tulsa,Central Ark.,3955041,70,53,2770,0
2023-11-06,Little Rock,Texas St.,3955045,71,66,2146,0
2023-11-06,Nebraska,Lindenwood,3995900,84,52,13478,0
2023-11-06,Army West Point,Marist,3955078,55,71,770,0
2023-11-06,Florida,Loyola Maryland,3954919,93,73,7023,0
2023-11-06,Kentucky,New Mexico St.,3954921,86,46,18438,0
2023-11-06,UCF,FIU,3954926,85,62,6225,0
2023-11-06,Wake Forest,Elon,3954946,101,78,6641,0
2023-11-06,George Washington,Stonehill,3955067,89,44,2303,0
2023-11-06,Northeastern,Boston U.,3955068,67,58,2336,0
2023-11-06,Virginia Tech,Coppin St.,3955072,100,55,8925,0
2023-11-06,Butler,Eastern Mich.,3955073,94,55,6792,0
2023-11-06,Boston College,Fairfield,3955074,89,70,4736,0
2023-11-06,Xavier,Robert Morris,3955076,77,63,10224,0
2023-11-06,Campbell,Navy,3955077,59,48,1357,0
2023-11-06,Austin Peay,Life (GA),3954944,90,72,2013,0
2023-11-06,Middle Tenn.,Northern Ky.,3954937,74,57,3505,0
2023-11-06,SMU,Nelson,3954924,82,63,4151,0
2023-11-06,Michigan St.,James Madison,3953962,76,79,14797,0
2023-11-06,Marquette,NIU,3955055,92,70,16352,0
2023-11-06,Omaha,Doane,3955047,85,53,1609,0
2023-11-06,Western Ky.,Ky. Wesleyan,3955065,90,64,3890,0
2023-11-06,Tennessee St.,Fisk,3955063,76,61,4569,0
2023-11-06,Louisiana,Youngstown St.,3955058,72,62,2078,0
2023-11-06,North Ala.,Blue Mountain (MS),3955066,93,60,1287,0
2023-11-06,Montana St.,Northwest Indian,3955029,103,63,2274,0
2023-11-06,UTEP,McMurry,3955028,120,71,3782,0
2023-11-06,BYU,Houston Christian,3954976,110,63,13130,0
2023-11-06,Grand Canyon,Southeast Mo. St.,3954975,88,67,7186,0
2023-11-06,Cincinnati,UIC,3954934,69,58,9936,0
2023-11-06,California,St. Thomas (MN),3954914,71,66,3066,0
2023-11-06,UC Davis,Jessup,3954965,86,51,567,0
2023-11-06,Duke,Dartmouth,3955081,92,54,9314,0
2023-11-06,Oklahoma St.,Abilene Christian,3955071,59,64,5084,0
2023-11-06,TCU,Southern U.,3955070,108,75,5729,0
2023-11-06,Tulane,Nicholls,3954917,91,81,1689,0
2023-11-06,South Dakota,Mt. Marty,3955079,85,53,2302,0
2023-11-06,South Dakota St.,Akron,3955080,75,81,2617,0
2023-11-06,Northern Colo.,Colorado Col.,3955053,87,58,986,0
2023-11-06,New Mexico,Texas Southern,3955062,92,55,11106,0
2023-11-06,Arizona,Morgan St.,3954913,122,59,13455,0
2023-11-06,Air Force,Portland St.,3955048,55,62,1417,0
2023-11-06,Utah St.,South Dakota Mines,3954940,101,48,7584,0
2023-11-06,Utah,Eastern Wash.,3954916,101,66,7632,0
2023-11-06,Pepperdine,CUI,3955042,76,64,1067,0
2023-11-06,Southern California,Kansas St.,3955082,82,69,7595,1
2023-11-06,California Baptist,San Fran. St.,3954970,74,57,3290,0
2023-11-06,Saint Mary's (CA),Stanislaus St.,3954978,107,28,3318,0
2023-11-06,CSU Bakersfield,Southern Utah,3954985,73,72,1067,0
2023-11-06,Pacific,Sam Houston,3954989,57,64,1266,0
2023-11-06,Cal Poly,La Verne,3955015,80,62,1126,0
2023-11-06,Colorado St.,Louisiana Tech,3955075,81,73,4331,0
2023-11-06,San Francisco,Bethesda (CA),3955023,128,59,2008,0
2023-11-06,Fresno St.,Fresno Pacific,3955064,77,66,4419,0
2023-11-06,UC San Diego,Denver,3955050,95,87,1437,0
2023-11-06,Portland,Long Beach St.,3955049,78,73,1073,0
2023-11-06,San Diego St.,Cal St. Fullerton,3954938,83,57,12414,0
2023-11-06,Washington St.,Idaho,3954911,84,59,2323,0
2023-11-06,Stanford,CSUN,3954952,88,79,2133,0
2023-11-06,San Diego,Sonoma St.,3984812,68,64,894,0
2023-11-06,UCLA,Saint Francis,3954920,75,44,6783,0
2023-11-06,Washington,Bellarmine,3954959,91,57,5568,0
2023-11-07,Jacksonville St.,Brescia,3955093,91,41,2107,0
2023-11-07,La Salle,Drexel,3955086,67,61,1641,1
2023-11-07,Indiana,FGCU,3727922,69,63,17222,0
2023-11-07,App State,Oakland City,3955096,87,49,2010,0
2023-11-07,Massachusetts,UAlbany,3955092,92,71,3015,0
2023-11-07,Georgetown,Le Moyne,3955107,94,57,9335,0
2023-11-07,Ball St.,Goshen,3955105,101,40,3071,0
2023-11-07,Kennesaw St.,Oakwood,3955103,93,46,2733,0
2023-11-07,Western Caro.,Dalton St.,3955102,106,65,1677,0
2023-11-07,Eastern Ky.,West Va. Tech,3955091,108,72,2692,0
2023-11-07,St. John's (NY),Stony Brook,3955083,90,74,5602,0
2023-11-07,Maryland,Mount St. Mary's,3954315,68,53,14044,0
2023-11-07,Rice,St. Thomas (TX),3955090,101,57,1746,0
2023-11-07,North Texas,UNI,3996281,83,77,4415,0
2023-11-07,Iowa,North Dakota,3953957,110,68,7653,0
2023-11-07,Vanderbilt,Presbyterian,3955084,62,68,5506,0
2023-11-07,Michigan,UNC Asheville,3954096,99,74,10279,0
2023-11-07,Wyoming,Northern N.M.,3955087,104,56,3363,0
2023-11-07,A&M-Corpus Christi,S'western Adventist,3955109,111,46,1400,0
2023-11-07,Montana,Northwest Indian,3955106,107,59,2539,0
2023-11-07,Boise St.,Vanguard,3955085,89,55,9501,0
2023-11-07,Weber St.,Benedictine Mesa,3955101,96,62,3046,0
2023-11-07,Baylor,Auburn,3955111,88,82,3028,1
2023-11-07,DePaul,Purdue Fort Wayne,3955100,74,82,2941,0
2023-11-07,Creighton,Florida A&M,3955110,105,54,16117,0
2023-11-07,LMU (CA),Westcliff,3955098,109,68,1430,0
2023-11-07,San Jose St.,UC Irvine,3955089,72,64,1821,0
2023-11-07,UC Riverside,UC Merced,3955104,76,69,839,0
2023-11-07,Nevada,Sacramento St.,3955088,77,63,6875,0
2023-11-08,Bryant,Fisher,3955200,140,79,468,0
2023-11-08,Maine,Me.-Presque Isle,3955112,111,59,890,0
2023-11-08,Winthrop,Brevard,3955120,98,44,1002,0
2023-11-08,SMU,Western Ill.,3955113,90,53,4003,0
2023-11-08,Cornell,SUNY Morrisville,3955211,107,86,441,0
2023-11-08,LIU,Fisk,NA,NA,NA,NA,0
2023-11-08,Delaware,Goldey-Beacom,3955197,101,68,2239,0
2023-11-08,FDU,Penn St.-Brandywine,3955194,107,63,570,0
2023-11-08,Syracuse,Canisius,3955191,89,77,19080,0
2023-11-08,Ohio,Troy,3955167,88,70,4744,0
2023-11-08,Cleveland St.,Defiance,3955166,102,41,1593,0
2023-11-08,New Hampshire,Curry,3955164,115,38,455,0
2023-11-08,Penn,Bucknell,3955163,80,61,1571,0
2023-11-08,Loyola Chicago,Fla. Atlantic,3955143,62,75,5361,1
2023-11-08,Morehead St.,Shawnee St.,3955119,96,40,1667,0
2023-11-08,North Dakota St.,Mt. Marty,3955185,93,66,1032,0
2023-11-08,Texas Tech,Tex. A&M-Commerce,3955198,73,46,12930,0
2023-11-08,Drake,Lipscomb,3955114,85,70,3021,0
2023-11-08,Saint Louis,Lincoln (MO),3955116,102,66,3189,0
2023-11-08,South Dakota St.,Dakota Wesleyan,3955148,83,55,2101,0
2023-11-08,Eastern Ill.,Monmouth (IL),3955177,91,45,1455,0
2023-11-08,Northern Colo.,Northern N.M.,3955134,81,60,917,0
2023-11-08,Alcorn,Xavier (LA),3955117,70,62,1234,0
2023-11-08,New Mexico St.,Sul Ross St.,3955135,84,49,4507,0
2023-11-08,Portland,Lewis & Clark,3955131,89,72,1007,0
2023-11-08,Mississippi St.,Arizona St.,3955220,71,56,5361,1
2023-11-08,UNLV,Southern U.,3955217,71,85,5573,0
2023-11-08,Seattle U,Prairie View,3955162,71,60,999,0
2023-11-08,San Diego,Jackson St.,3955118,87,61,422,0
2023-11-08,Santa Clara,Utah Tech,3955158,77,69,1628,0
2023-11-09,Baylor,John Brown,3996280,96,70,9414,0
2023-11-09,UC Davis,Pepperdine,3955263,79,78,1263,0
2023-11-09,Morgan St.,Cheyney,3955269,100,52,1897,0
2023-11-09,Tulane,Northwestern St.,3955266,88,71,1052,0
2023-11-09,Green Bay,St. Francis (IL),3955265,72,56,1379,0
2023-11-09,Wagner,Molloy,3955274,83,48,1046,0
2023-11-09,Michigan St.,Southern Ind.,3953963,74,51,14797,0
2023-11-09,FIU,Tarleton St.,3955302,65,82,1242,0
2023-11-09,South Fla.,South Carolina St.,3955294,96,52,3807,0
2023-11-09,N.C. Central,Virginia-Lynchburg,3955293,107,54,1471,0
2023-11-09,William & Mary,American,3955292,75,56,2716,0
2023-11-09,Rhode Island,Fairfield,3955291,93,80,4155,0
2023-11-09,Norfolk St.,Apprentice,3955289,90,56,2112,0
2023-11-09,Kent St.,James Madison,3955286,108,113,3126,0
2023-11-09,Purdue Fort Wayne,Andrews,3955285,130,34,1604,0
2023-11-09,Robert Morris,Point Park,3955283,66,56,1016,0
2023-11-09,Hampton,Mid-Atlantic Christ.,3955279,109,46,2210,0
2023-11-09,Presbyterian,Columbia Int'l,3955277,100,58,340,0
2023-11-09,Charleston So.,North Florida,3955262,70,81,587,0
2023-11-09,Merrimack,Worcester St.,3955258,93,72,697,0
2023-11-09,Elon,ETSU,3955251,79,76,1514,0
2023-11-09,VMI,Christendom,3955250,87,53,247,0
2023-11-09,Stonehill,Army West Point,3955247,57,44,460,0
2023-11-09,Wichita St.,Western Ky.,3955252,71,61,6351,0
2023-11-09,Sam Houston,Utah Valley,3955260,73,79,1187,0
2023-11-09,Georgia Tech,Howard,3955296,88,85,3802,0
2023-11-09,TCU,Omaha,3955276,82,60,5885,0
2023-11-09,Ark.-Pine Bluff,Champion Chris.,4470475,116,73,1343,0
2023-11-09,Chicago St.,Mercer,3955248,61,66,233,0
2023-11-09,SMU,Lamar University,3955249,78,67,4057,0
2023-11-09,Evansville,UHSP,3955253,116,46,3012,0
2023-11-09,Iowa St.,Lindenwood,3955255,102,47,13327,0
2023-11-09,Middle Tenn.,SFA,3955256,67,62,3411,0
2023-11-09,Tennessee St.,Kentucky St.,3955271,83,58,1453,0
2023-11-09,Nebraska,Florida A&M,3995901,81,54,13766,0
2023-11-09,North Ala.,Alabama A&M,3955282,83,67,1366,0
2023-11-09,Coppin St.,Towson,3955297,49,70,1106,0
2023-11-09,SIUE,North Park,3955295,92,67,1318,0
2023-11-09,Southern Utah,LIFE Pacific,3955259,108,73,1461,0
2023-11-09,Southern California,CSU Bakersfield,3955261,85,59,6211,0
2023-11-09,UTEP,Science & Arts Okla.,3955290,123,72,3514,0
2023-11-09,Idaho,CSUN,3955267,73,76,978,0
2023-11-09,Denver,Cal Poly,3955278,97,76,818,0
2023-11-09,Saint Mary's (CA),New Mexico,3955273,72,58,3500,0
2023-11-09,San Francisco,Saint Francis,3955284,84,52,1773,0
2023-11-09,UC Santa Barbara,Portland St.,3955288,76,82,3840,0
2023-11-09,Washington,Northern Ky.,3955257,75,67,6026,0
2023-11-09,San Jose St.,Bethesda (CA),3955301,117,72,1484,0
2023-11-10,LIU,Air Force,3955344,67,82,812,0
2023-11-10,Quinnipiac,Central Conn. St.,3955364,74,70,1112,0
2023-11-10,Charlotte,Liberty,3955366,59,71,6783,1
2023-11-10,McNeese,Biblical Stud. (TX),3955365,96,55,2221,0
2023-11-10,Florida St.,Kennesaw St.,3955428,94,67,6165,0
2023-11-10,Dartmouth,UMass Lowell,3955431,48,81,637,0
2023-11-10,Duquesne,Col. of Charleston,3955435,90,72,2340,1
2023-11-10,Saint Joseph's,Penn,3955328,69,61,2738,1
2023-11-10,Michigan,Youngstown St.,3954097,92,62,11380,0
2023-11-10,Stony Brook,St. Joseph's (L.I.),3955321,91,50,2741,0
2023-11-10,Xavier,Jacksonville,3955442,79,56,10426,0
2023-11-10,Villanova,Le Moyne,3955443,83,57,6501,0
2023-11-10,Oregon St.,Troy,3955331,81,80,2934,0
2023-11-10,Florida,Virginia,3955521,70,73,6783,1
2023-11-10,Ohio St.,Texas A&M,3969972,66,73,12704,0
2023-11-10,UNC Greensboro,N.C. A&T,3955513,94,78,3826,0
2023-11-10,Hofstra,Princeton,3955492,67,74,3217,0
2023-11-10,Purdue,Morehead St.,3953862,87,57,14876,0
2023-11-10,Duke,Arizona,3955487,73,78,9314,0
2023-11-10,Rutgers,Boston U.,3728720,69,45,8000,0
2023-11-10,Miami (FL),UCF,3955481,88,72,7972,0
2023-11-10,George Mason,Austin Peay,3955477,67,45,4295,0
2023-11-10,Pittsburgh,Binghamton,3955476,89,60,7747,0
2023-11-10,Cincinnati,Detroit Mercy,3955474,93,61,4267,0
2023-11-10,The Citadel,Boston College,3955472,71,75,3337,0
2023-11-10,Vanderbilt,USC Upstate,3955318,74,67,5346,0
2023-11-10,Iona,Sacred Heart,3955468,88,81,2401,0
2023-11-10,Louisville,Chattanooga,3955498,71,81,10634,0
2023-11-10,West Virginia,Monmouth,3955462,65,73,10473,0
2023-11-10,VCU,Samford,3955453,75,65,7114,0
2023-11-10,FGCU,Ave Maria,3955515,80,71,2533,0
2023-11-10,Furman,Belmont,3955311,99,76,2017,0
2023-11-10,Georgia,Wake Forest,3955312,80,77,8176,0
2023-11-10,Kentucky,Tex. A&M-Commerce,3955314,81,61,19646,0
2023-11-10,Akron,Southern Miss.,3955315,72,54,2432,0
2023-11-10,Bethune-Cookman,Trinity (FL),3955316,113,46,678,0
2023-11-10,Davidson,Maryland,3954318,64,61,3114,1
2023-11-10,Eastern Ky.,Wilberforce,3955330,133,75,1500,0
2023-11-10,Radford,Marshall,3955338,66,62,1013,1
2023-11-10,NC State,Abilene Christian,3955448,84,64,12554,0
2023-11-10,Minnesota,UTSA,3954489,102,76,6973,0
2023-11-10,Central Ark.,Hendrix,3955320,82,39,1245,0
2023-11-10,Penn St.,Lehigh,3954201,74,65,10272,0
2023-11-10,Ole Miss,Eastern Wash.,3955500,75,64,6665,0
2023-11-10,Rice,Harvard,3955497,76,89,2474,0
2023-11-10,Kansas,Manhattan,3955490,99,61,16300,0
2023-11-10,Oral Roberts,Mid-Amer. Christian,3955486,74,69,6002,0
2023-11-10,Kansas St.,Bellarmine,3955469,83,75,9947,0
2023-11-10,Southern Ill.,Queens (NC),3955467,91,68,5183,0
2023-11-10,Oklahoma,Mississippi Val.,3955329,82,43,5447,0
2023-11-10,LSU,Nicholls,3955508,66,68,7265,0
2023-11-10,Arkansas,Gardner-Webb,3955310,86,68,19200,0
2023-11-10,Auburn,Southeastern La.,3955309,86,71,9121,0
2023-11-10,Alabama,Indiana St.,3955307,102,80,10900,0
2023-11-10,South Dakota,UTRGV,3955514,100,79,1884,0
2023-11-10,Illinois,Oakland,3954352,64,53,15544,0
2023-11-10,Colorado,Grambling,3955326,95,63,6541,0
2023-11-10,Iowa,Alabama St.,3953956,98,67,8814,0
2023-11-10,Murray St.,Tennessee Tech,3955323,78,72,4769,0
2023-11-10,Navy,Temple,3955575,68,75,2340,0
2023-11-10,Butler,Southeast Mo. St.,3955576,91,56,7072,0
2023-11-10,Marquette,Rider,3955551,95,65,14201,0
2023-11-10,St. Thomas (MN),Idaho St.,3955537,54,53,1610,0
2023-11-10,UIC,Little Rock,3955317,86,71,2593,0
2023-11-10,Northwestern,Dayton,3954552,71,66,5769,0
2023-11-10,Texas,Delaware St.,3955449,86,59,10500,0
2023-11-10,Valparaiso,IU Indy,3955564,56,66,1809,0
2023-11-10,Missouri,Memphis,3955567,55,70,15061,0
2023-11-10,Wisconsin,Tennessee,3953732,70,80,17287,0
2023-11-10,Colorado St.,Wright St.,3955495,105,77,4802,0
2023-11-10,Oregon,Montana,3955322,75,61,7141,0
2023-11-10,Stanford,Sacramento St.,3955332,91,73,2559,0
2023-11-10,BYU,San Diego St.,3955306,74,65,15689,0
2023-11-10,Gonzaga,Yale,3955304,86,71,6000,0
2023-11-10,UAB,Clemson,3955577,76,77,3319,1
2023-11-10,South Carolina,Virginia Tech,3955578,79,77,6783,1
2023-11-10,Utah,UC Riverside,3955308,82,53,7565,0
2023-11-10,California Baptist,Jackson St.,3955446,80,66,5096,0
2023-11-10,Washington St.,Prairie View,3955303,83,65,2282,0
2023-11-10,UCLA,Lafayette,3955313,68,50,6259,0
2023-11-10,California,Pacific,3955305,79,87,3195,0
2023-11-11,Miami (OH),Texas St.,3955601,65,75,1636,0
2023-11-11,Brown,Loyola Maryland,3955648,75,77,846,0
2023-11-11,UConn,Stonehill,3955649,107,67,14606,0
2023-11-11,Bowling Green,Arkansas St.,3955589,81,75,1513,0
2023-11-11,Central Mich.,ULM,3955580,64,74,1160,0
2023-11-11,Eastern Mich.,Ga. Southern,3955650,70,60,1484,0
2023-11-11,Wofford,High Point,3955652,99,98,878,0
2023-11-11,Western Mich.,Georgia St.,3955668,70,77,1313,0
2023-11-11,George Washington,William & Mary,3955669,95,89,1754,0
2023-11-11,Fordham,Cornell,3955670,73,78,1414,0
2023-11-11,Houston,A&M-Corpus Christi,3955584,82,50,7145,0
2023-11-11,Creighton,North Dakota St.,3955676,89,60,16911,0
2023-11-11,Notre Dame,Western Caro.,3955705,61,71,5742,0
2023-11-11,East Carolina,Campbell,3955782,77,63,4621,0
2023-11-11,Ball St.,Old Dominion,3955722,73,68,3218,0
2023-11-11,Buffalo,South Alabama,3955711,56,70,2080,0
2023-11-11,UNC Asheville,UNCW,3955707,66,83,2170,0
2023-11-11,Longwood,St. Mary's (MD),3955767,95,43,3000,0
2023-11-11,Jacksonville St.,Utah Tech,3955716,79,81,1123,0
2023-11-11,Tulsa,UIW,3955728,85,71,2556,0
2023-11-11,UMES,Cairn,3955758,83,65,254,0
2023-11-11,UMBC,Marist,3955779,59,65,1306,0
2023-11-11,La Salle,Northeastern,3955792,79,74,2871,0
2023-11-11,Arizona St.,Texas Southern,3955599,63,52,7263,0
2023-11-11,Mount St. Mary's,Coppin St.,3955786,74,60,2206,0
2023-11-11,Seton Hall,FDU,3955789,85,55,1326,0
2023-11-11,NJIT,Saint Peter's,3955794,48,75,616,0
2023-11-11,St. Bonaventure,Canisius,3955800,67,70,4850,0
2023-11-11,NIU,App State,3955588,91,78,1071,0
2023-11-11,Seattle U,Montana St.,3955702,71,68,999,0
2023-11-11,Mississippi St.,UT Martin,3955597,87,63,7525,0
2023-11-11,New Orleans,Southern-N.O.,3955810,106,69,1058,0
2023-11-11,Lipscomb,Asbury,3955802,113,74,2179,0
2023-11-11,Winthrop,Drexel,3955604,72,74,2501,0
2023-11-11,UT Arlington,UT Tyler,3955834,95,64,2512,0
2023-11-11,Cleveland St.,Ohio,3955856,82,78,2399,0
2023-11-11,Providence,Milwaukee,3955862,79,69,12090,0
2023-11-11,Santa Clara,Saint Francis,3955582,82,59,1245,0
2023-11-11,Columbia,UAlbany,3955821,75,78,761,0
2023-11-11,Vermont,Plattsburgh St.,3955903,92,41,2389,0
2023-11-11,Toledo,Louisiana,3955898,87,78,4290,0
2023-11-11,Kent St.,Fresno St.,3955901,79,69,2655,0
2023-11-11,Niagara,Bucknell,3955902,64,73,1239,0
2023-11-11,UNLV,Stetson,3955809,71,55,5003,1
2023-11-11,Kansas City,St. Mary (KS),3955899,95,42,1106,0
2023-11-11,Tarleton St.,UNT Dallas,3955885,93,52,1040,0
2023-11-11,Loyola Chicago,Eastern Ill.,3955881,89,65,3311,0
2023-11-11,Bradley,Utah St.,3955880,72,66,5845,0
2023-11-11,Ark.-Pine Bluff,Southwestern Christ.,4470476,112,68,1295,0
2023-11-11,Richmond,Siena,3955932,90,48,4543,1
2023-11-11,Georgetown,Holy Cross,3955937,67,68,7621,0
2023-11-11,North Texas,Omaha,3955602,75,64,3533,0
2023-11-11,Saint Louis,Illinois St.,3955596,80,71,5232,0
2023-11-11,Wyoming,Cal Poly,3955590,80,66,3827,0
2023-11-11,DePaul,Long Beach St.,3955586,73,77,2651,0
2023-11-11,UC San Diego,San Diego,3955886,69,63,2038,0
2023-11-11,UC Irvine,New Mexico St.,3955889,91,74,2731,0
2023-11-11,Cal St. Fullerton,La Sierra,3955917,78,48,776,0
2023-11-12,Cincinnati,Eastern Wash.,3955942,85,73,3063,0
2023-11-12,Morgan St.,Penn St.-Wilkes Barre,3955954,78,60,456,0
2023-11-12,Rutgers,Bryant,3728721,66,57,8000,0
2023-11-12,UAB,Maryland,3996520,66,63,1507,1
2023-11-12,Delaware,Air Force,3955961,65,57,2028,0
2023-11-12,Iowa St.,Idaho St.,3955943,86,55,13529,0
2023-11-12,North Dakota,Elon,3955959,85,68,1291,0
2023-11-12,Wichita St.,Friends,3955939,95,65,6303,0
2023-11-12,North Carolina,Lehigh,3955978,90,68,18608,0
2023-11-12,Purdue Fort Wayne,Tex. A&M-Commerce,3955984,86,64,1889,0
2023-11-12,Texas Tech,San Jose St.,3955962,56,42,10443,0
2023-11-12,Clemson,Davidson,3996519,68,65,3129,1
2023-11-12,Oklahoma St.,Sam Houston,3955981,85,70,5843,0
2023-11-12,USC Upstate,CarolinaU,3955945,106,48,414,0
2023-11-12,Maine,Merrimack,3956016,65,71,815,0
2023-11-12,Boise St.,San Francisco,3955940,63,58,10520,0
2023-11-12,Pepperdine,Lafayette,3955958,76,53,0,0
2023-11-12,James Madison,Howard,3956017,107,86,4443,0
2023-11-12,Western Ill.,St. Ambrose,3956010,94,59,609,0
2023-11-12,Radford,East. Mennonite,3956031,84,47,1218,0
2023-11-12,Southern Ind.,Chicago St.,3956012,67,78,1959,0
2023-11-12,St. Thomas (MN),North Central (MN),3956014,100,54,757,0
2023-11-12,Georgia,N.C. Central,3956033,64,54,5699,0
2023-11-12,Baylor,Gardner-Webb,3956018,77,62,8037,0
2023-11-12,Portland,UC Riverside,3955973,76,65,1187,0
2023-11-12,Portland St.,Linfield,3955975,70,53,617,0
2023-11-12,Grand Canyon,Northern Ariz.,3956009,89,55,7118,0
2023-11-12,LMU (CA),Yale,3955999,80,83,1571,0
2023-11-12,Columbia,Bard,3956015,86,36,551,0
2023-11-12,Binghamton,Keystone,3956042,104,50,1138,0
2023-11-12,Towson,Robert Morris,3956044,66,62,1903,0
2023-11-12,Indiana,Army West Point,3727923,72,64,17222,0
2023-11-12,Saint Mary's (CA),Weber St.,3956032,57,61,3389,0
2023-11-12,Montana,UC Davis,3956045,78,65,2507,0
2023-11-12,Washington,Nevada,3955944,76,83,6154,0
2023-11-13,Youngstown St.,Ohio Christian,3996588,99,71,1474,0
2023-11-13,St. John's (NY),Michigan,3954098,73,89,14188,0
2023-11-13,UT Martin,Brescia,3956062,90,72,1062,0
2023-11-13,Louisiana Tech,Lyon,3956060,100,43,1907,0
2023-11-13,Norfolk St.,Hampton,3956085,75,68,4500,0
2023-11-13,Fairfield,Mt. St. Mary (NY),3956083,92,45,2107,0
2023-11-13,Presbyterian,The Citadel,3956080,71,64,514,0
2023-11-13,Butler,ETSU,3956079,81,47,6511,0
2023-11-13,Miami (FL),FIU,3956078,86,80,6620,0
2023-11-13,Pittsburgh,FGCU,3956077,86,74,6567,0
2023-11-13,Le Moyne,SUNY Canton,3956076,105,46,405,0
2023-11-13,American,Siena,3956069,78,58,1114,0
2023-11-13,South Carolina St.,North Florida,3956089,87,77,369,0
2023-11-13,Massachusetts,Quinnipiac,3956057,102,81,2382,0
2023-11-13,South Carolina,VMI,3956053,74,64,10449,0
2023-11-13,Duquesne,Stony Brook,3956052,85,63,2348,0
2023-11-13,Florida St.,Central Mich.,3956082,94,67,4953,1
2023-11-13,Penn,Villanova,3956073,76,72,6723,1
2023-11-13,Central Conn. St.,Framingham St.,3956049,99,42,1115,0
2023-11-13,Charleston So.,JWU (Charlotte),3956090,102,61,573,0
2023-11-13,Middle Tenn.,Western Caro.,3956054,64,66,2806,0
2023-11-13,Central Ark.,Ark.-Pine Bluff,3956065,83,85,2895,0
2023-11-13,Northwestern St.,SFA,3956066,70,96,1111,0
2023-11-13,Kansas St.,South Dakota St.,3956074,91,68,9421,0
2023-11-13,Arkansas,Old Dominion,3956048,86,77,19200,0
2023-11-13,Nebraska,Rider,3995902,64,50,13478,0
2023-11-13,McNeese,Champion Chris.,3956088,110,46,1970,0
2023-11-13,Lindenwood,Hannibal-La Grange,3956072,83,52,957,0
2023-11-13,Arizona,Southern U.,3956046,97,59,12868,0
2023-11-13,Houston,Stetson,3956050,79,48,7104,0
2023-11-13,NIU,IIT,3956075,107,55,598,0
2023-11-13,Missouri St.,Oral Roberts,3956081,84,69,3248,0
2023-11-13,Missouri,SIUE,3956055,68,50,9656,0
2023-11-13,A&M-Corpus Christi,Dallas Christian,3956092,104,45,1002,0
2023-11-13,Purdue,Xavier,3953863,83,71,14876,0
2023-11-13,UTEP,UC Santa Barbara,3956095,89,76,7121,0
2023-11-13,California,CSU Bakersfield,3956047,83,63,2628,0
2023-11-13,UC San Diego,La Verne,3956051,116,57,871,0
2023-11-13,Pepperdine,LIU,3956068,88,53,327,0
2023-11-14,UIW,Schreiner,3956119,104,63,201,0
2023-11-14,UC Davis,North Dakota St.,3956129,68,53,71,1
2023-11-14,Providence,Wisconsin,3953733,72,59,12069,0
2023-11-14,UMBC,Penn St.-York,3956140,84,65,1382,0
2023-11-14,Tennessee,Wofford,3956097,82,61,16859,0
2023-11-14,La Salle,Bucknell,3956110,69,57,1612,0
2023-11-14,UNC Asheville,CarolinaU,3956154,117,54,614,0
2023-11-14,Michigan St.,Duke,3953966,65,74,18780,1
2023-11-14,Alabama St.,Oglethorpe,3956108,115,51,567,0
2023-11-14,Tennessee Tech,Lipscomb,3956147,65,96,899,0
2023-11-14,Grambling,Champion Chris.,3956148,113,73,552,0
2023-11-14,Drexel,Temple,3956200,64,66,2509,1
2023-11-14,Penn St.,Saint Francis,3954202,83,53,7546,0
2023-11-14,Florida,Florida A&M,3956100,89,68,6675,0
2023-11-14,George Washington,Hofstra,3956101,71,60,1169,0
2023-11-14,Fla. Atlantic,Eastern Mich.,3956111,100,57,3161,0
2023-11-14,Holy Cross,Sacred Heart,3956114,77,84,1176,0
2023-11-14,Saint Joseph's,Stonehill,3956122,100,56,1734,0
2023-11-14,Morehead St.,Mercer,3956127,74,66,1455,0
2023-11-14,Virginia,N.C. A&T,3956159,80,51,12905,0
2023-11-14,UConn,Mississippi Val.,3956161,87,53,13298,0
2023-11-14,Queens (NC),High Point,3956165,74,72,873,0
2023-11-14,West Virginia,Jacksonville St.,3956168,70,57,9218,0
2023-11-14,Harvard,Northeastern,3956172,80,56,946,0
2023-11-14,Chattanooga,Bellarmine,3956177,72,64,2846,0
2023-11-14,Jacksonville,Ga. Southern,3956178,85,68,782,0
2023-11-14,New Hampshire,Brown,3956179,82,64,578,0
2023-11-14,Indiana St.,IU Indy,3956204,96,57,3470,0
2023-11-14,UNCW,Columbia Int'l,3956210,116,80,4311,0
2023-11-14,Syracuse,Colgate,3956211,79,75,19387,0
2023-11-14,Wright St.,Toledo,3956219,77,78,4239,0
2023-11-14,Ball St.,Oakland City,3956223,92,51,3277,0
2023-11-14,Rhode Island,Wagner,3956227,69,53,3795,0
2023-11-14,Oakland,Bowling Green,3956228,81,62,2384,0
2023-11-14,N.C. Central,Mid-Atlantic Christ.,3956232,113,50,1264,0
2023-11-14,Northern Ky.,DePauw,3956241,85,68,3124,0
2023-11-14,Samford,Mississippi Col.,3956118,96,52,1732,0
2023-11-14,Howard,Boston U.,3956253,64,53,2413,0
2023-11-14,Mississippi St.,North Ala.,3956153,81,54,7337,0
2023-11-14,Georgia Tech,UMass Lowell,3956250,71,74,3778,0
2023-11-14,Akron,Heidelberg,3956106,114,56,1782,0
2023-11-14,Belmont,Berry,3956151,93,59,1537,0
2023-11-14,Arkansas St.,Alcorn,3956098,100,86,2388,0
2023-11-14,Alabama,South Alabama,3956099,102,46,9828,0
2023-11-14,Chicago St.,CSUN,3956102,64,74,275,0
2023-11-14,SMU,Texas A&M,3956104,66,79,6852,0
2023-11-14,Vanderbilt,UNC Greensboro,3956107,74,70,5175,0
2023-11-14,Murray St.,Western Ky.,3956113,81,86,5677,0
2023-11-14,Northern Colo.,Colorado St.,3956143,64,83,2181,0
2023-11-14,Austin Peay,Fisk,3956117,79,52,1051,0
2023-11-14,Oklahoma,Texas St.,3956123,93,54,4859,0
2023-11-14,Northwestern,Western Mich.,3954553,63,59,4143,0
2023-11-14,Illinois,Marquette,3954353,64,71,15544,0
2023-11-14,Ole Miss,Detroit Mercy,3956217,70,69,6331,0
2023-11-14,Abilene Christian,Prairie View,3956222,74,79,1895,0
2023-11-14,TCU,UTRGV,3956196,88,55,5438,0
2023-11-14,Lamar University,UTSA,3956240,90,82,3264,0
2023-11-14,McNeese,LeTourneau,3956233,81,49,1924,0
2023-11-14,Drake,Southwest Minn. St.,3956146,87,67,2430,0
2023-11-14,Bradley,Tarleton St.,3956158,86,63,4032,0
2023-11-14,Loyola Chicago,UIC,3956163,67,72,2659,0
2023-11-14,UNI,Loras,3996287,90,50,2988,0
2023-11-14,Southern Ind.,Tiffin,3956176,68,65,1370,0
2023-11-14,Valparaiso,Green Bay,3956190,64,59,1207,0
2023-11-14,Troy,Reinhardt,3956116,111,46,2658,0
2023-11-14,New Mexico St.,Western N.M.,3956203,78,43,5908,0
2023-11-14,Utah St.,Southern Utah,3956115,93,84,7112,0
2023-11-14,Colorado,Milwaukee,3956120,106,79,6181,1
2023-11-14,Idaho,Evergreen St.,3956141,88,42,1489,0
2023-11-14,Gonzaga,Eastern Ore.,3956103,123,57,6000,0
2023-11-14,Stanford,Santa Clara,3956126,77,89,2649,0
2023-11-14,DePaul,South Dakota,3956260,72,60,2434,0
2023-11-14,Sacramento St.,Pacific Union,3956152,128,66,810,0
2023-11-14,Kansas,Kentucky,3956128,89,84,18780,1
2023-11-14,Oregon St.,App State,3956124,81,71,2766,0
2023-11-14,San Diego St.,Long Beach St.,3956112,88,76,12414,0
2023-11-14,Baylor,Kansas City,3956130,99,61,7903,0
2023-11-14,LMU (CA),Jackson St.,3956166,88,66,1015,0
2023-11-14,Creighton,Iowa,3953959,92,84,17352,0
2023-11-14,Southern California,UC Irvine,3956125,60,70,4730,0
2023-11-14,Hawaii,Hawaii Hilo,3996490,82,66,3827,0
2023-11-15,Virginia Tech,Campbell,3956292,60,44,5899,0
2023-11-15,Seton Hall,UAlbany,3956299,96,71,7712,0
2023-11-15,Cleveland St.,Canisius,3956325,71,61,1732,0
2023-11-15,Charlotte,Utah Valley,3956349,62,45,2784,0
2023-11-15,Ohio St.,Merrimack,3969973,76,52,7929,0
2023-11-15,FDU,Saint Peter's,3956358,71,70,1852,0
2023-11-15,Louisville,Coppin St.,3956360,61,41,10501,0
2023-11-15,Nicholls,Denver,3956274,85,91,1109,1
2023-11-15,Dartmouth,Westfield St.,3956375,79,61,423,0
2023-11-15,South Fla.,Central Mich.,3956390,63,68,2965,0
2023-11-15,Columbia,SUNY Delhi,3956310,105,60,617,0
2023-11-15,Kennesaw St.,Keiser,3956348,101,55,1788,0
2023-11-15,Delaware St.,Delaware,3956339,67,78,1544,0
2023-11-15,VCU,Radford,3956309,73,50,7045,0
2023-11-15,Boston College,Richmond,3956350,68,61,3886,0
2023-11-15,Duquesne,Princeton,3956264,67,70,2877,0
2023-11-15,Buffalo,Roberts Wesleyan,3956352,89,83,2169,0
2023-11-15,Loyola Maryland,Binghamton,3956271,57,63,1204,0
2023-11-15,East Carolina,USC Upstate,3956304,81,83,4585,0
2023-11-15,Southeast Mo. St.,Evansville,3956301,57,76,1023,0
2023-11-15,Bethune-Cookman,Trinity Baptist,3956265,104,63,777,0
2023-11-15,George Mason,Cornell,3956404,90,83,2976,0
2023-11-15,Louisiana,La. Christian,3956272,107,56,1849,0
2023-11-15,Illinois St.,Eastern Ill.,3956270,69,61,3061,0
2023-11-15,Southern Miss.,Xavier (LA),3956371,76,45,4094,0
2023-11-15,Houston Christian,FIU,3956365,74,83,609,0
2023-11-15,UMES,Longwood,3956432,61,80,1886,0
2023-11-15,Nebraska,Stony Brook,3995903,84,63,13614,0
2023-11-15,Tex. A&M-Commerce,Science & Arts Okla.,3956353,113,63,412,0
2023-11-15,Rutgers,Georgetown,3728722,71,60,8000,0
2023-11-15,Texas,Rice,3956424,80,64,10554,0
2023-11-15,Portland,Tennessee St.,3956289,65,75,923,0
2023-11-15,BYU,Southeastern La.,3956305,105,48,13116,0
2023-11-15,UCLA,LIU,3956262,78,58,4751,0
2023-11-15,Nevada,Pacific,3956269,88,39,7131,0
2023-11-15,Seattle U,Northern Ariz.,3956324,60,62,1410,0
2023-11-15,Fresno St.,Morgan St.,3956422,87,68,3433,1
2023-11-16,Vermont,Col. of Charleston,3956449,73,64,1154,1
2023-11-16,North Texas,St. John's (NY),3956450,52,53,3879,1
2023-11-16,Wyoming,Saint Louis,3956451,69,79,1201,1
2023-11-16,CSU Bakersfield,St. Katherine,3956448,77,44,3336,0
2023-11-16,Maine,Northwestern St.,3956446,78,65,135,1
2023-11-16,LSU,Dayton,3956453,67,70,3879,1
2023-11-16,Coastal Carolina,Wichita St.,3956455,77,86,1417,1
2023-11-16,Denver,SIUE,3956556,74,77,1110,1
2023-11-16,Brown,Rhode Island Col.,3956502,92,51,323,0
2023-11-16,Air Force,Lindenwood,3956454,76,58,1209,1
2023-11-16,Towson,Houston,3956460,49,65,2745,1
2023-11-16,St. Bonaventure,Oklahoma St.,3956459,66,64,5524,1
2023-11-16,Liberty,Furman,3956507,88,74,1499,1
2023-11-16,Tennessee Tech,Midway,3956466,82,70,658,0
2023-11-16,Lehigh,SUNY Oneonta,3956495,90,65,613,0
2023-11-16,The Citadel,North Greenville,3956501,77,59,1027,0
2023-11-16,American,NJIT,3956477,87,73,909,0
2023-11-16,Virginia,Texas Southern,3956475,62,33,13099,0
2023-11-16,Boston U.,Bryant,3956445,95,79,1268,0
2023-11-16,Manhattan,Felician,3956444,79,67,1287,0
2023-11-16,UCF,Cal St. Fullerton,3956436,72,44,5322,0
2023-11-16,Indiana,Wright St.,3727924,89,80,17222,0
2023-11-16,North Florida,Presbyterian,3956478,69,81,1279,1
2023-11-16,ULM,Louisiana Tech,3956438,63,73,1702,0
2023-11-16,UAB,Alcorn,3956439,80,77,3184,0
2023-11-16,Texas Tech,A&M-Corpus Christi,3956494,73,64,11336,0
2023-11-16,Tulsa,Jackson St.,3956505,72,52,2754,0
2023-11-16,North Dakota,Valley City St.,3956479,93,63,1396,0
2023-11-16,South Alabama,Nicholls,3956442,97,102,3445,1
2023-11-16,Southern Ill.,Chicago St.,3956481,71,55,3910,1
2023-11-16,New Mexico,UT Arlington,3956503,82,80,10484,0
2023-11-16,Arizona St.,UMass Lowell,3956441,71,69,6857,0
2023-11-16,Idaho St.,Northwest (WA),4470642,85,51,1013,0
2023-11-16,Omaha,William & Mary,3956508,89,83,127,1
2023-11-16,Notre Dame,Auburn,3956518,59,83,5524,1
2023-11-16,Wake Forest,Utah,3956506,70,77,2745,1
2023-11-16,Minnesota,Missouri,3954490,68,70,7975,0
2023-11-16,Montana,North Dakota St.,3956517,69,78,2653,0
2023-11-16,California,Montana St.,3956435,60,63,2638,0
2023-11-16,Hawaii,Niagara,4471227,92,73,3748,0
2023-11-17,UMBC,Sacred Heart,3956558,85,80,1618,0
2023-11-17,LSU,North Texas,3996670,66,62,3927,1
2023-11-17,Saint Louis,Vermont,3996683,68,78,1126,1
2023-11-17,Fordham,Norfolk St.,3956564,77,64,524,1
2023-11-17,South Dakota,VMI,3956553,85,81,1028,1
2023-11-17,Dayton,St. John's (NY),3996671,88,81,3927,1
2023-11-17,Georgia St.,NIU,3956527,64,70,1337,0
2023-11-17,Wyoming,Col. of Charleston,3996684,67,60,1152,1
2023-11-17,San Jose St.,Abilene Christian,3956566,71,77,524,1
2023-11-17,Miami (FL),Georgia,3956569,79,68,1856,1
2023-11-17,Lindenwood,Omaha,3956565,72,70,321,1
2023-11-17,CSUN,LIFE Pacific,3956560,98,67,345,0
2023-11-17,South Alabama,Denver,3956534,82,75,1357,1
2023-11-17,Presbyterian,Maine,3956573,66,80,144,1
2023-11-17,Gardner-Webb,Weber St.,3956574,62,61,1779,1
2023-11-17,Utah,Houston,3996674,66,76,3029,1
2023-11-17,Oklahoma St.,Notre Dame,3996641,64,66,4849,1
2023-11-17,Northern Ariz.,Purdue Fort Wayne,3956578,67,77,1028,1
2023-11-17,Army West Point,Quinnipiac,3956585,58,67,934,0
2023-11-17,Winthrop,Holy Cross,3956538,89,51,909,1
2023-11-17,Kent St.,Hampton,3956630,100,62,724,1
2023-11-17,Duke,Bucknell,3956612,90,60,9314,0
2023-11-17,Kansas St.,Providence,3956592,73,70,1833,1
2023-11-17,Yale,Colgate,3956681,68,50,1779,1
2023-11-17,Grambling,Delaware St.,3956619,63,71,0,1
2023-11-17,Michigan St.,Butler,3953970,74,54,14797,0
2023-11-17,Youngstown St.,Utah Tech,3956627,75,68,1631,0
2023-11-17,Air Force,William & Mary,3956577,80,71,1411,1
2023-11-17,Coastal Carolina,Furman,3996686,80,89,1266,1
2023-11-17,SIUE,Nicholls,3956555,60,51,1001,1
2023-11-17,Wisconsin,Robert Morris,3953734,78,68,14189,0
2023-11-17,Vanderbilt,Central Ark.,3956526,75,71,5247,0
2023-11-17,Tulane,Sacramento St.,3956603,92,57,1231,0
2023-11-17,St. Bonaventure,Auburn,3996640,60,77,4849,1
2023-11-17,Wake Forest,Towson,3996672,71,61,3029,1
2023-11-17,James Madison,Radford,3956642,76,73,8014,1
2023-11-17,North Florida,Northwestern St.,3956522,80,74,1229,1
2023-11-17,Penn St.,Morehead St.,3954203,74,51,7558,0
2023-11-17,Kentucky,Stonehill,3956523,101,67,18960,0
2023-11-17,Duquesne,Rider,3956525,77,58,2153,0
2023-11-17,Miami (OH),Coppin St.,3956532,76,48,1628,0
2023-11-17,Saint Joseph's,Tex. A&M-Commerce,3956533,54,57,1901,0
2023-11-17,Massachusetts,Harvard,3956537,75,78,3735,0
2023-11-17,NC State,Charleston So.,3956633,87,53,12331,0
2023-11-17,Florida,Florida St.,3956638,89,68,10013,0
2023-11-17,Pittsburgh,Jacksonville,3956653,107,56,7842,0
2023-11-17,Drexel,Fairfield,3956657,65,47,1706,0
2023-11-17,Eastern Ky.,UT Martin,3956662,74,80,2459,0
2023-11-17,ETSU,Davidson,3956674,70,68,4479,0
2023-11-17,Bowling Green,Bellarmine,3956695,67,85,1775,0
2023-11-17,Michigan,Long Beach St.,3954116,86,94,10866,0
2023-11-17,St. Thomas (MN),Cal Poly,3956579,60,61,141,1
2023-11-17,Elon,IU Indy,3956557,86,72,909,1
2023-11-17,Samford,South Carolina St.,3956531,89,72,1023,0
2023-11-17,Iowa,Arkansas St.,3953961,88,74,9536,0
2023-11-17,Alabama,Mercer,3956521,98,67,10300,1
2023-11-17,North Carolina,UC Riverside,3956696,77,52,18226,0
2023-11-17,Illinois,Valparaiso,3954354,87,64,14894,0
2023-11-17,Memphis,Alabama St.,3956519,92,75,11289,0
2023-11-17,Texas A&M,Oral Roberts,3956658,74,66,10689,0
2023-11-17,FGCU,Missouri St.,3956703,61,70,724,1
2023-11-17,TCU,Mississippi Val.,3956652,86,52,5574,0
2023-11-17,Milwaukee,Luther,3956666,85,56,2373,0
2023-11-17,Oklahoma,UTRGV,3956673,90,66,4686,0
2023-11-17,Arkansas,UNC Greensboro,3956604,72,78,19200,0
2023-11-17,Western Ill.,Southern U.,3956637,88,80,667,0
2023-11-17,Texas St.,UTSA,3956524,72,62,1801,0
2023-11-17,Villanova,Maryland,3954321,57,40,6501,0
2023-11-17,UTEP,Austin Peay,3956668,71,63,4871,0
2023-11-17,Colorado St.,Kansas City,3956660,84,61,3830,0
2023-11-17,Grand Canyon,San Francisco,3956679,76,72,3214,1
2023-11-17,Idaho,Pacific Lutheran,3956607,96,52,1339,0
2023-11-17,Stanford,Eastern Wash.,3956535,95,70,2038,0
2023-11-17,Oregon,Tennessee St.,3956529,92,67,5279,1
2023-11-17,Liberty,Wichita St.,3996685,83,66,1281,1
2023-11-17,Ole Miss,Sam Houston,3956699,70,67,4445,0
2023-11-17,San Diego St.,Saint Mary's (CA),3956629,79,54,2064,1
2023-11-17,California Baptist,Portland St.,3956631,63,66,2540,1
2023-11-17,San Diego,Le Moyne,3956536,80,71,437,0
2023-11-17,Pepperdine,UNLV,3956636,68,82,0,0
2023-11-17,UC Irvine,Occidental,3956646,111,51,1432,0
2023-11-17,Arizona,Belmont,3956520,100,68,14688,0
2023-11-17,DePaul,South Carolina,3956552,68,73,3214,1
2023-11-17,Xavier,Washington,3956621,71,74,2064,1
2023-11-18,Loyola Maryland,Sacred Heart,3956792,51,66,115,1
2023-11-18,Mississippi St.,Washington St.,3956772,76,64,5112,1
2023-11-18,Seton Hall,Wagner,3956781,72,51,8344,0
2023-11-18,Georgetown,Mount St. Mary's,3956788,83,72,4648,0
2023-11-18,Temple,Columbia,3956713,73,78,2957,0
2023-11-18,Lipscomb,Alabama A&M,3956974,106,81,823,0
2023-11-18,George Washington,New Hampshire,3956798,79,67,1009,0
2023-11-18,Eastern Mich.,Cleveland St.,3956710,69,62,1730,0
2023-11-18,Little Rock,NIU,3956740,93,98,1188,1
2023-11-18,Evansville,Ball St.,3956714,74,50,5172,0
2023-11-18,Minnesota,USC Upstate,3954491,67,53,7347,0
2023-11-18,Northern Ariz.,VMI,4469100,78,69,1211,1
2023-11-18,Lake Erie,Utah Tech,3956879,69,81,168,0
2023-11-18,UNC Asheville,Virginia-Lynchburg,3956872,114,59,998,0
2023-11-18,La Salle,Southern Ind.,3956852,79,78,1254,0
2023-11-18,Ohio,Detroit Mercy,3956849,71,52,4411,0
2023-11-18,Northwestern St.,Presbyterian,3956876,75,78,221,1
2023-11-18,Monmouth,Princeton,3956719,57,82,2656,0
2023-11-18,FDU,Penn St.-Schuylkill,3956723,124,66,443,0
2023-11-18,VCU,Seattle U,3956839,60,56,6421,0
2023-11-18,Rhode Island,Northwestern,3954554,61,72,5112,1
2023-11-18,Longwood,N.C. Central,3956733,73,66,1373,0
2023-11-18,San Jose St.,Norfolk St.,4446666,77,53,1024,1
2023-11-18,Eastern Ill.,Coppin St.,3956761,48,46,357,1
2023-11-18,Binghamton,Marist,3956951,82,59,2164,0
2023-11-18,Loyola Chicago,New Orleans,3956887,73,70,2833,0
2023-11-18,Nebraska,Oregon St.,3984733,84,63,2938,1
2023-11-18,Colgate,Gardner-Webb,3957121,59,52,2032,1
2023-11-18,UMES,Penn,3956970,83,80,1883,0
2023-11-18,Western Caro.,McNeese,3956969,76,74,1916,0
2023-11-18,South Dakota,Purdue Fort Wayne,4469101,81,93,1211,1
2023-11-18,Pacific,Lamar University,3956846,77,76,912,0
2023-11-18,Boston College,Harvard,3956862,73,64,6326,0
2023-11-18,North Florida,Maine,3956709,67,58,1259,1
2023-11-18,IU Indy,Winthrop,3957002,61,74,711,1
2023-11-18,Portland St.,Cal Poly,3956882,73,57,197,1
2023-11-18,FGCU,Hampton,4446667,85,92,1024,1
2023-11-18,Fla. Atlantic,Bryant,3956718,52,61,3161,0
2023-11-18,Weber St.,Yale,3957006,75,65,2032,1
2023-11-18,Fairfield,Queens (NC),3956762,63,69,338,1
2023-11-18,Rutgers,Howard,3728723,85,63,8000,0
2023-11-18,Middle Tenn.,Milligan,3956721,88,62,3000,0
2023-11-18,UC San Diego,Navy,3956962,73,55,1366,0
2023-11-18,Holy Cross,Elon,3956763,69,83,711,1
2023-11-18,Santa Clara,Southeastern La.,3956711,65,63,1198,1
2023-11-18,Western Ky.,Kentucky St.,3956732,95,75,3411,0
2023-11-18,California Baptist,St. Thomas (MN),3956994,66,62,2034,1
2023-11-18,North Ala.,Jacksonville St.,3957049,61,59,1571,0
2023-11-18,Creighton,Texas Southern,3957053,82,50,16845,0
2023-11-18,Ark.-Pine Bluff,UIW,3956728,81,100,1152,0
2023-11-18,New Mexico St.,Northern Colo.,3956720,76,71,5656,1
2023-11-18,BYU,Morgan St.,3956708,93,50,13736,0
2023-11-18,Nevada,Portland,3957034,108,83,7254,0
2023-11-19,Furman,Wyoming,3996679,71,78,1136,1
2023-11-19,Drake,Oakland,3957112,85,77,1100,1
2023-11-19,IU Indy,Holy Cross,3957122,61,74,944,1
2023-11-19,Prairie View,UT Martin,3957100,78,66,150,1
2023-11-19,Georgia,Providence,3996614,64,71,1895,1
2023-11-19,Utah Valley,Southern Miss.,3957113,67,65,311,1
2023-11-19,Towson,North Texas,3996669,39,65,2753,1
2023-11-19,South Alabama,SIUE,3957069,86,74,1507,1
2023-11-19,Mississippi St.,Northwestern,4469112,66,57,3024,1
2023-11-19,Colgate,Weber St.,3957111,57,55,1568,1
2023-11-19,Lafayette,Wilkes,3957129,69,53,1119,0
2023-11-19,Clemson,Boise St.,3957128,85,68,5748,0
2023-11-19,UMBC,Loyola Maryland,3957126,94,79,1183,0
2023-11-19,Miami (OH),Eastern Ill.,3957068,76,64,1063,0
2023-11-19,Central Conn. St.,Manhattan,3957062,63,67,1041,0
2023-11-19,Indiana,UConn,3727925,57,77,19147,1
2023-11-19,Iowa St.,Grambling,3957143,92,37,12975,0
2023-11-19,Coastal Carolina,Col. of Charleston,3996680,72,80,1172,1
2023-11-19,SFA,LMU (CA),3957114,86,76,1100,1
2023-11-19,William & Mary,Lindenwood,3957123,60,71,126,1
2023-11-19,Cincinnati,Northern Ky.,3957140,90,66,10018,0
2023-11-19,Chattanooga,Tennessee Tech,3957138,68,63,3023,0
2023-11-19,Georgia St.,Little Rock,3957141,88,77,1451,0
2023-11-19,East Carolina,Northeastern,3957135,76,82,3673,1
2023-11-19,Drexel,Queens (NC),3957142,62,52,871,0
2023-11-19,Quinnipiac,UAlbany,3957147,85,82,763,0
2023-11-19,Cal St. Fullerton,Cornell,3957116,70,88,311,1
2023-11-19,Winthrop,Elon,3957071,78,70,944,1
2023-11-19,Miami (FL),Kansas St.,3996615,91,83,1895,1
2023-11-19,Gardner-Webb,Yale,3957023,70,71,1568,1
2023-11-19,Youngstown St.,Lake Erie,3957150,79,57,1430,0
2023-11-19,Wake Forest,LSU,3996668,80,86,2753,1
2023-11-19,Louisville,Texas,3957157,80,81,19147,1
2023-11-19,Washington St.,Rhode Island,4469113,78,57,3024,1
2023-11-19,Air Force,Omaha,3957125,58,56,1466,1
2023-11-19,Ohio St.,Western Mich.,3984729,73,56,9505,1
2023-11-19,San Francisco,DePaul,4469107,70,54,2589,1
2023-11-19,Georgetown,American,3957162,88,83,4755,0
2023-11-19,Ga. Southern,Kennesaw St.,3957168,92,96,3673,1
2023-11-19,UIC,Aurora,3957158,99,48,1530,0
2023-11-19,South Fla.,UNI,3957166,74,65,4534,0
2023-11-19,Utah St.,Marshall,3957167,83,60,1100,1
2023-11-19,Virginia Tech,Wofford,3957164,98,76,4582,0
2023-11-19,St. Thomas (MN),Portland St.,3957148,76,70,123,1
2023-11-19,George Mason,Charlotte,3957169,49,54,351,1
2023-11-19,Liberty,Vermont,3996681,71,61,1228,1
2023-11-19,Utah,St. John's (NY),3996667,82,91,3841,1
2023-11-19,Abilene Christian,Fordham,4446664,59,45,924,1
2023-11-19,Arizona,UT Arlington,3957061,101,56,13403,1
2023-11-19,Missouri,Jackson St.,3957066,72,73,9690,0
2023-11-19,Michigan St.,Alcorn,3953971,81,49,14797,1
2023-11-19,Grand Canyon,South Carolina,4469106,68,75,2589,1
2023-11-19,Akron,FIU,3957088,77,71,1100,1
2023-11-19,Saint Mary's (CA),Xavier,4469071,49,66,2064,1
2023-11-19,Southern California,Brown,3957070,81,70,4522,0
2023-11-19,South Dakota St.,UCF,3957172,80,83,609,1
2023-11-19,Illinois,Southern U.,3954355,88,60,12012,0
2023-11-19,Missouri St.,Kent St.,4446665,56,52,924,1
2023-11-19,Wichita St.,Saint Louis,3996678,88,69,1233,1
2023-11-19,California Baptist,Cal Poly,3957163,67,58,2009,1
2023-11-19,Houston,Dayton,3996666,69,55,3841,1
2023-11-19,UC Santa Barbara,Le Moyne,3957171,96,72,1756,0
2023-11-19,San Diego St.,Washington,4469069,100,97,2064,1
2023-11-20,LMU (CA),Oakland,4469128,69,74,1200,1
2023-11-20,Iona,High Point,3957202,68,82,234,1
2023-11-20,Central Mich.,Siena,3957203,70,56,2153,1
2023-11-20,Southern Miss.,Cal St. Fullerton,4469240,67,74,221,1
2023-11-20,FGCU,Norfolk St.,4446663,66,69,376,1
2023-11-20,Long Beach St.,Illinois St.,3957186,52,61,214,1
2023-11-20,SFA,Drake,4469126,92,68,1200,1
2023-11-20,UNCW,Murray St.,3957205,83,81,487,1
2023-11-20,Stetson,Milwaukee,3957206,85,67,2153,1
2023-11-20,Utah Valley,Cornell,4469239,61,74,348,1
2023-11-20,Syracuse,Tennessee,3957208,56,73,4838,1
2023-11-20,CSU Bakersfield,Sacramento St.,3957190,75,71,148,1
2023-11-20,Kennesaw St.,Northeastern,3957209,79,77,212,1
2023-11-20,Hampton,San Jose St.,4446662,52,71,376,1
2023-11-20,Idaho St.,The Citadel,3957210,61,62,51,1
2023-11-20,Louisville,Indiana,4469215,66,74,10988,1
2023-11-20,Louisiana,Wright St.,3957211,85,91,213,1
2023-11-20,Austin Peay,Tarleton St.,3957191,59,66,113,1
2023-11-20,FIU,Marshall,4469129,69,80,1200,1
2023-11-20,Gonzaga,Purdue,3953864,63,73,4838,1
2023-11-20,UNLV,Florida St.,3957207,75,83,2153,1
2023-11-20,Kent St.,Fordham,4446661,79,72,1825,1
2023-11-20,George Mason,South Dakota St.,4469232,73,71,425,1
2023-11-20,East Carolina,Ga. Southern,3957216,82,64,3536,1
2023-11-20,Virginia,Wisconsin,3953735,41,65,3500,1
2023-11-20,Bellarmine,Morehead St.,3957225,51,64,2018,0
2023-11-20,Stony Brook,Rider,3957178,55,48,1689,0
2023-11-20,Kentucky,Saint Joseph's,3957174,96,88,18680,0
2023-11-20,NJIT,Delaware St.,3957238,81,72,383,0
2023-11-20,Texas,UConn,4469214,71,81,10988,1
2023-11-20,Saint Francis,Pitt.-Greensburg,3957243,77,63,623,0
2023-11-20,Saint Peter's,UMass Lowell,3957247,61,69,745,0
2023-11-20,Troy,Sam Houston,3957179,86,88,2321,0
2023-11-20,Bryant,Howard,3957248,67,61,754,0
2023-11-20,Bethune-Cookman,Charleston So.,3957175,79,73,671,0
2023-11-20,Bucknell,Southern Ind.,3957237,67,56,692,0
2023-11-20,Campbell,N.C. Central,3957180,75,78,1109,0
2023-11-20,Southeast Mo. St.,Central Ark.,3957226,70,68,1231,0
2023-11-20,ULM,Ecclesia,3957177,103,74,256,0
2023-11-20,UTRGV,North American,3957227,92,73,644,0
2023-11-20,Canisius,D'Youville,3957264,109,69,878,0
2023-11-20,Hofstra,Buffalo,3957268,102,68,314,1
2023-11-20,Akron,Utah St.,4469127,62,65,1200,1
2023-11-20,Missouri St.,Abilene Christian,4446660,87,69,1825,1
2023-11-20,Oklahoma St.,New Orleans,3957241,96,68,5907,0
2023-11-20,North Dakota St.,Wis.-Stout,3957244,101,72,1018,0
2023-11-20,Houston Christian,UTSA,3957250,87,89,804,0
2023-11-20,Tex. A&M-Commerce,Stonehill,3957245,97,86,443,0
2023-11-20,Tulsa,South Carolina St.,3957258,90,70,2791,0
2023-11-20,Richmond,Colorado,3957224,59,64,2153,1
2023-11-20,Tennessee St.,Midway,3957262,87,70,917,0
2023-11-20,Florida A&M,Oregon,3957176,54,67,2587,0
2023-11-20,Charlotte,UCF,4469233,71,74,329,1
2023-11-20,West Virginia,SMU,3957269,58,70,3500,1
2023-11-20,Montana St.,Green Bay,3957252,53,54,2251,0
2023-11-20,Chaminade,Kansas,3957271,56,83,4936,1
2023-11-20,Santa Clara,Mississippi Val.,3957173,81,39,1037,0
2023-11-20,San Diego,Navy,3957261,67,59,622,0
2023-11-20,Tulane,Bradley,3957189,77,80,498,1
2023-11-20,Pacific,North Dakota,3957270,71,73,799,0
2023-11-20,Marquette,UCLA,3957272,71,69,4936,1
2023-11-20,California,UTEP,3957192,72,75,529,1
2023-11-21,FIU,LMU (CA),4469125,60,61,1531,1
2023-11-21,Iona,Long Beach St.,4469278,76,80,201,1
2023-11-21,Sacred Heart,Binghamton,3957309,89,75,1209,0
2023-11-21,Stetson,Central Mich.,4469328,71,61,1502,1
2023-11-21,App State,UNCW,3957313,86,56,512,1
2023-11-21,Eastern Ky.,Prairie View,3957315,64,76,5631,0
2023-11-21,Radford,Morgan St.,3957316,82,72,107,1
2023-11-21,Texas St.,McNeese,3957308,48,59,132,1
2023-11-21,Marshall,Oakland,4469124,71,78,1531,1
2023-11-21,Louisiana,Buffalo,4469275,68,60,231,1
2023-11-21,Gonzaga,Syracuse,4469337,76,57,3602,1
2023-11-21,Northeastern,Ga. Southern,3957326,93,76,129,1
2023-11-21,Chicago St.,Northern Colo.,3957286,77,78,200,1
2023-11-21,The Citadel,N.C. Central,3957334,67,61,886,1
2023-11-21,Louisiana Tech,Southern Utah,3957322,67,53,2013,1
2023-11-21,Colorado,Florida St.,4469301,71,77,1502,1
2023-11-21,Akron,Drake,4469123,59,79,1531,1
2023-11-21,High Point,Illinois St.,4469276,74,72,314,1
2023-11-21,Southern Ill.,James Madison,3957391,76,82,417,1
2023-11-21,East Carolina,Kennesaw St.,3957360,85,84,3311,1
2023-11-21,Rice,Indiana St.,3957393,88,103,1007,1
2023-11-21,Bellarmine,Midway,3957392,77,56,2300,0
2023-11-21,Richmond,UNLV,4469302,82,65,1502,1
2023-11-21,Maryland,UMBC,3996343,92,68,13146,0
2023-11-21,Chaminade,UCLA,4469341,48,76,3602,1
2023-11-21,Monmouth,Lehigh,3957277,88,79,1310,0
2023-11-21,Davidson,Boston U.,3957415,69,45,2463,0
2023-11-21,Columbia,LIU,3957403,77,67,622,0
2023-11-21,UAlbany,Army West Point,3957284,62,59,2011,0
2023-11-21,Ball St.,USC Upstate,3957460,75,58,3018,0
2023-11-21,New Hampshire,Marist,3957414,74,71,462,0
2023-11-21,Duke,La Salle,3957444,95,66,9314,0
2023-11-21,Detroit Mercy,Eastern Mich.,3957453,72,76,1003,0
2023-11-21,Campbell,Idaho St.,3957281,55,69,886,0
2023-11-21,Middle Tenn.,UAB,3957278,57,58,3227,0
2023-11-21,Nicholls,Blue Mountain (MS),3957276,86,56,450,0
2023-11-21,Wright St.,Hofstra,4469277,76,85,342,1
2023-11-21,Utah St.,SFA,4469122,79,49,1531,1
2023-11-21,Valparaiso,Western Ill.,3957426,73,66,1257,0
2023-11-21,Auburn,Alabama A&M,3957273,84,54,9121,0
2023-11-21,Purdue,Tennessee,4469338,71,67,5257,1
2023-11-21,Oral Roberts,Texas Southern,3957443,65,63,5893,0
2023-11-21,TCU,Alcorn,3957432,93,74,5328,0
2023-11-21,South Alabama,Lynn,3957312,74,62,1439,0
2023-11-21,Milwaukee,Siena,4469329,61,59,1502,1
2023-11-21,New Mexico St.,Fresno St.,3957287,76,81,516,1
2023-11-21,Pepperdine,UC Irvine,3957359,60,76,1007,1
2023-11-21,UC Riverside,Green Bay,3957285,74,68,150,1
2023-11-21,Minnesota,Ark.-Pine Bluff,3954492,86,67,6591,0
2023-11-21,CSUN,Le Moyne,3957438,70,80,387,0
2023-11-21,Marquette,Kansas,4469343,73,59,5257,1
2023-11-21,Toledo,New Mexico,3957535,84,92,1007,1
2023-11-21,Hawaii,Northern Ariz.,3957279,70,61,3853,0
2023-11-22,Iona,Buffalo,4469274,89,64,213,1
2023-11-22,North Carolina,UNI,3957576,91,69,1342,1
2023-11-22,Murray St.,App State,3957575,57,67,310,1
2023-11-22,Morgan St.,Chicago St.,4470028,83,84,107,1
2023-11-22,Southern Utah,Texas St.,3957567,74,67,103,1
2023-11-22,Little Rock,Georgia St.,3957574,90,93,737,0
2023-11-22,Long Beach St.,Louisiana,4469273,82,92,176,1
2023-11-22,Boston College,Colorado St.,3957588,74,86,6764,1
2023-11-22,Rhode Island,JWU (Providence),3957594,97,59,3584,0
2023-11-22,Massachusetts,Central Conn. St.,3957545,89,60,2054,0
2023-11-22,South Dakota,Northland,3957585,100,48,1274,0
2023-11-22,Presbyterian,Tennessee Tech,3957591,75,79,276,0
2023-11-22,Colgate,Harvard,3957590,70,76,847,0
2023-11-22,Grambling,Sam Houston,3957573,68,86,132,1
2023-11-22,Kansas,Tennessee,4469335,69,60,5164,1
2023-11-22,Villanova,Texas Tech,3957597,85,69,612,1
2023-11-22,Sacramento St.,Austin Peay,4469358,71,74,224,1
2023-11-22,Radford,Northern Colo.,4470029,79,68,200,1
2023-11-22,Morehead St.,Midway,3957546,94,53,825,0
2023-11-22,UT Martin,North Ala.,3957536,105,103,1072,0
2023-11-22,Temple,Ole Miss,3957537,76,77,2334,0
2023-11-22,Louisiana Tech,McNeese,3957599,71,62,2012,1
2023-11-22,Creighton,Loyola Chicago,3957610,88,65,6764,1
2023-11-22,Omaha,Mid-Amer. Christian,3957600,76,59,1266,0
2023-11-22,Old Dominion,Princeton,3957617,56,76,4651,0
2023-11-22,American,Mount St. Mary's,3957618,68,65,584,0
2023-11-22,Air Force,VMI,3957615,64,54,1048,0
2023-11-22,Marquette,Purdue,4469334,75,78,5164,1
2023-11-22,CSU Bakersfield,Tarleton St.,4469359,40,59,259,1
2023-11-22,Campbell,The Citadel,3957544,65,58,901,0
2023-11-22,Illinois St.,Wright St.,4469272,49,74,312,1
2023-11-22,Michigan,Memphis,3954099,67,71,752,1
2023-11-22,Merrimack,N.C. A&T,3957561,96,73,331,1
2023-11-22,Northern Ky.,A&M-Corpus Christi,3957547,88,73,2395,0
2023-11-22,New Mexico St.,Southern Ill.,4470031,54,81,317,1
2023-11-22,Virginia,West Virginia,4469354,56,54,3500,1
2023-11-22,Missouri,South Carolina St.,3957541,82,59,9745,0
2023-11-22,Indiana St.,Pepperdine,3957648,90,82,1634,1
2023-11-22,Queens (NC),FDU,3957636,97,84,317,0
2023-11-22,South Fla.,Maine,3957647,59,70,3134,0
2023-11-22,Vermont,VTSU-Johnson,3957643,106,57,1855,0
2023-11-22,Oregon St.,Baylor,3957632,72,88,1873,1
2023-11-22,Cincinnati,Georgia Tech,3957539,89,54,11756,0
2023-11-22,Saint Francis,Franciscan,3957540,107,54,341,0
2023-11-22,Cleveland St.,ETSU,3957638,72,70,1412,0
2023-11-22,Notre Dame,UMES,3957639,75,55,5179,0
2023-11-22,St. Bonaventure,Bucknell,3957640,67,61,3497,0
2023-11-22,High Point,Hofstra,4469271,92,97,413,1
2023-11-22,Arkansas,Stanford,3957635,77,74,820,1
2023-11-22,Samford,Alabama St.,3957634,99,67,866,1
2023-11-22,Seattle U,Idaho,3957619,92,55,999,0
2023-11-22,UT Arlington,Alcorn,3957644,82,69,1119,1
2023-11-22,UIW,Jacksonville St.,3957542,67,66,86,0
2023-11-22,Southern Miss.,South Dakota St.,3957543,54,65,3945,0
2023-11-22,Kansas St.,Central Ark.,3957637,100,56,8980,0
2023-11-22,Nebraska,Duquesne,3995904,89,79,14426,0
2023-11-22,SMU,Wisconsin,4469355,61,69,3500,1
2023-11-22,Fresno St.,James Madison,4470030,64,95,683,1
2023-11-22,UC Santa Barbara,Westmont,3954953,91,79,1204,0
2023-11-22,San Francisco,Purdue Fort Wayne,3957630,76,60,1893,0
2023-11-22,Eastern Wash.,Walla Walla,3957538,97,46,943,0
2023-11-22,Denver,Colo. Christian,3957581,100,68,522,0
2023-11-22,Montana St.,UC Riverside,3957641,69,68,2484,0
2023-11-22,Pittsburgh,Florida,3957653,71,86,1873,1
2023-11-22,New Mexico,Rice,3957651,90,56,1634,1
2023-11-22,Chaminade,Syracuse,4469333,56,105,3757,1
2023-11-22,Bradley,UTEP,4469357,63,59,499,1
2023-11-22,UC Irvine,Toledo,3957652,77,71,1634,1
2023-11-22,UCLA,Gonzaga,4469332,65,69,3757,1
2023-11-22,Tulane,California,4469356,84,81,312,1
2023-11-23,Texas A&M,Penn St.,3954204,89,77,3061,1
2023-11-23,UNI,Texas Tech,4470310,70,72,400,1
2023-11-23,Loyola Chicago,Boston College,4470038,71,68,4899,1
2023-11-23,North Carolina,Villanova,4470311,81,83,1500,1
2023-11-23,Butler,Fla. Atlantic,3957661,86,91,3061,1
2023-11-23,Iowa,Oklahoma,3953964,67,79,3500,1
2023-11-23,Arizona,Michigan St.,3953972,74,68,9112,1
2023-11-23,Creighton,Colorado St.,4470037,48,69,4899,1
2023-11-23,Memphis,Arkansas,4470313,84,79,982,1
2023-11-23,Southern California,Seton Hall,3957663,71,63,3588,1
2023-11-23,VCU,Iowa St.,3957662,64,68,2458,1
2023-11-23,Michigan,Stanford,4470312,83,78,680,1
2023-11-23,Virginia Tech,Boise St.,3957657,82,75,2458,1
2023-11-23,Vanderbilt,NC State,3957664,78,84,2223,1
2023-11-23,Arizona St.,BYU,3957665,49,77,2223,1
2023-11-24,UNC Greensboro,Kansas City,3957693,76,64,239,1
2023-11-24,Fla. Atlantic,Texas A&M,3996707,96,89,2194,1
2023-11-24,Tennessee St.,Mercer,3957695,59,60,100,1
2023-11-24,Xavier,Bryant,3957694,100,75,10224,0
2023-11-24,Wake Forest,Charleston So.,3957675,71,56,6702,0
2023-11-24,UTSA,Jacksonville St.,3957713,62,77,676,0
2023-11-24,North Carolina,Arkansas,4470307,87,72,1456,1
2023-11-24,Butler,Penn St.,3996706,88,78,2194,1
2023-11-24,Brown,Delaware,3957702,59,67,213,1
2023-11-24,UConn,Manhattan,3957704,90,60,15006,0
2023-11-24,N.C. A&T,Alabama St.,3957698,73,88,373,1
2023-11-24,Ball St.,Ark.-Pine Bluff,3957706,92,74,4071,0
2023-11-24,Chattanooga,Evansville,3957705,77,85,3148,0
2023-11-24,A&M-Corpus Christi,LIU,3957680,68,83,358,1
2023-11-24,Belmont,Monmouth,3957700,84,93,1883,1
2023-11-24,UNC Asheville,Lipscomb,3957699,75,86,1700,1
2023-11-24,Mississippi St.,Nicholls,3957697,74,61,7571,0
2023-11-24,Toledo,Indiana St.,3957708,74,76,1584,1
2023-11-24,Western Mich.,Southeastern La.,3957703,68,67,450,1
2023-11-24,Longwood,Delaware St.,3957677,84,82,1147,1
2023-11-24,Pittsburgh,Oregon St.,3996697,76,51,1620,1
2023-11-24,Southern California,Oklahoma,3957687,70,72,3912,1
2023-11-24,Villanova,Memphis,4470305,79,63,1201,1
2023-11-24,Washington St.,Utah Tech,3957666,93,53,2736,0
2023-11-24,Samford,Merrimack,3957674,79,71,818,1
2023-11-24,Houston,Montana,3957670,79,44,7451,0
2023-11-24,Robert Morris,Jacksonville,3957719,65,74,838,0
2023-11-24,Saint Mary's (CA),Davidson,3957667,89,55,3411,0
2023-11-24,Rice,UC Irvine,3957701,68,83,1584,1
2023-11-24,Penn,Lafayette,3957721,74,72,1883,1
2023-11-24,Wofford,Canisius,3957722,67,76,1700,1
2023-11-24,Middle Tenn.,UIC,3957688,40,70,213,1
2023-11-24,Troy,Grambling,3957673,80,67,1843,0
2023-11-24,Georgia,Winthrop,3957668,78,69,6046,0
2023-11-24,Lamar University,Bethune-Cookman,3957679,83,65,205,1
2023-11-24,Florida,Baylor,3996696,91,95,1620,1
2023-11-24,Virginia Tech,Iowa St.,3996708,71,62,2579,1
2023-11-24,Idaho,UC San Diego,3957716,73,70,592,1
2023-11-24,Iowa,Seton Hall,3953965,85,72,3912,1
2023-11-24,Duke,Southern Ind.,3957733,80,62,9314,0
2023-11-24,Texas Tech,Michigan,4470304,73,57,802,1
2023-11-24,Pepperdine,New Mexico,3957725,71,90,1584,1
2023-11-24,Ohio St.,Alabama,3984730,92,81,2196,1
2023-11-24,Kentucky,Marshall,3957669,118,82,20246,0
2023-11-24,Providence,Lehigh,3957742,78,64,11397,0
2023-11-24,ETSU,Alabama A&M,3957676,82,71,597,1
2023-11-24,Dayton,Youngstown St.,3957671,77,69,13407,0
2023-11-24,Fairfield,New Hampshire,3957743,80,83,1455,0
2023-11-24,Western Ky.,Bowling Green,3957746,72,65,1700,1
2023-11-24,Ohio,George Washington,3957747,94,99,277,1
2023-11-24,Boise St.,VCU,3996709,65,61,2579,1
2023-11-24,LSU,North Florida,3957745,75,63,7940,0
2023-11-24,Clemson,Alcorn,3957754,90,69,5791,0
2023-11-24,Oklahoma St.,Houston Christian,3957740,92,65,6153,0
2023-11-24,Arizona St.,Vanderbilt,3996700,82,67,2647,1
2023-11-24,Utah Valley,Western Colo.,3957732,87,52,1326,0
2023-11-24,Hawaii,UTRGV,3957715,76,57,735,1
2023-11-24,UNI,Stanford,4470306,73,51,611,1
2023-11-24,Illinois,Western Ill.,3954351,84,52,13051,0
2023-11-24,Oregon,Santa Clara,3957689,82,88,2196,1
2023-11-24,Pacific,Le Moyne,3957739,73,71,696,0
2023-11-24,BYU,NC State,3996699,95,86,2647,1
2023-11-24,CSUN,Mississippi Val.,3957741,84,48,390,0
2023-11-24,Arkansas St.,San Diego,3984813,57,71,1682,1
2023-11-25,Kansas City,Brown,3996621,83,93,211,1
2023-11-25,Southeastern La.,Tennessee St.,4469080,77,91,150,1
2023-11-25,Georgetown,Jackson St.,3957794,88,81,4126,0
2023-11-25,Missouri,Loyola Maryland,3957767,78,70,9762,0
2023-11-25,North Dakota,New Orleans,3957844,71,69,105,1
2023-11-25,Alabama St.,Merrimack,3957796,66,60,136,1
2023-11-25,Wagner,NJIT,3957800,64,51,558,0
2023-11-25,Gardner-Webb,Limestone,3957808,92,51,228,0
2023-11-25,Columbia,Maine,3957799,75,56,898,0
2023-11-25,Liberty,UMES,3957798,99,62,2524,0
2023-11-25,VMI,Clarks Summit,3957758,100,63,212,0
2023-11-25,Middle Tenn.,Ohio,3996623,68,80,241,1
2023-11-25,Western Mich.,Mercer,4469079,72,66,150,1
2023-11-25,Missouri St.,South Carolina St.,3957807,92,74,3197,0
2023-11-25,Princeton,Northeastern,3957818,80,66,2470,0
2023-11-25,William & Mary,UMBC,3957839,96,81,2742,0
2023-11-25,St. Bonaventure,Miami (OH),3957837,90,60,3433,0
2023-11-25,Binghamton,Army West Point,3957828,75,68,1508,0
2023-11-25,George Mason,East Carolina,3957831,81,59,3268,0
2023-11-25,Evansville,Southeast Mo. St.,3957776,93,74,2163,1
2023-11-25,Lafayette,Monmouth,3957850,53,63,1534,1
2023-11-25,SIUE,Detroit Mercy,3957802,81,67,716,0
2023-11-25,IU Indy,Cleary,3957819,78,70,649,0
2023-11-25,Canisius,Western Ky.,3957845,85,77,6000,1
2023-11-25,Milwaukee,Southern Miss.,3957814,84,90,1605,0
2023-11-25,Green Bay,St. Thomas (MN),3957816,64,51,1618,0
2023-11-25,Eastern Ill.,Eureka,3957830,85,39,550,0
2023-11-25,Chicago St.,UT Martin,3957756,71,94,76,0
2023-11-25,Samford,N.C. A&T,3957771,101,83,411,1
2023-11-25,Louisiana Tech,Dillard,3957820,105,65,1993,0
2023-11-25,UT Arlington,Texas St.,3957841,66,73,1280,0
2023-11-25,Little Rock,Tulsa,3957843,84,82,925,0
2023-11-25,Longwood,Lamar University,3957775,83,72,1368,1
2023-11-25,Central Ark.,Eastern Mich.,3957927,71,74,592,1
2023-11-25,Oregon,Alabama,4469078,91,99,2196,1
2023-11-25,Valparaiso,Southern U.,3957761,71,59,1098,0
2023-11-25,UTSA,UIW,3957879,90,80,916,0
2023-11-25,Saint Francis,Niagara,3957766,61,69,351,0
2023-11-25,USC Upstate,Voorhees,3957772,79,44,243,0
2023-11-25,Northern Ky.,LIU,3957773,72,64,2340,0
2023-11-25,FDU,Jacksonville,3957779,90,91,131,1
2023-11-25,Mount St. Mary's,Howard,3957897,83,87,1215,0
2023-11-25,Marist,Bucknell,3957904,73,49,952,0
2023-11-25,UNC Greensboro,Delaware,3996622,88,77,293,1
2023-11-25,UNC Asheville,Wofford,3957925,85,82,6000,1
2023-11-25,Penn,Belmont,3957922,79,84,1534,1
2023-11-25,FGCU,UNCW,3957924,55,71,1551,0
2023-11-25,Bethune-Cookman,Delaware St.,3957778,64,72,243,1
2023-11-25,UAB,Furman,3957768,92,86,2953,0
2023-11-25,Charlotte,Georgia St.,3957952,65,57,2218,0
2023-11-25,San Diego St.,California,3957791,76,67,2293,1
2023-11-25,LMU (CA),UTEP,3957893,67,47,750,0
2023-11-25,Purdue Fort Wayne,Wittenberg,3957955,95,64,816,0
2023-11-25,Cleveland St.,Alabama A&M,3957950,86,59,1466,0
2023-11-25,Richmond,Queens (NC),3957942,90,61,4953,0
2023-11-25,St. John's (NY),Holy Cross,3957757,91,45,5602,0
2023-11-25,Maryland,South Alabama,3954323,68,55,12358,0
2023-11-25,Lipscomb,Bowling Green,3957945,61,82,6000,1
2023-11-25,UIC,George Washington,3996624,89,79,297,1
2023-11-25,Drake,Texas Southern,3957769,77,71,2886,0
2023-11-25,Santa Clara,Ohio St.,4469077,56,86,2196,1
2023-11-25,Wichita St.,Norfolk St.,3957759,80,67,4780,0
2023-11-25,Sam Houston,Paul Quinn,3957774,78,61,567,0
2023-11-25,Saint Louis,Dartmouth,3957770,66,65,4523,0
2023-11-25,Portland,Willamette,3957930,107,84,821,0
2023-11-25,Grand Canyon,North Dakota St.,3957939,86,71,7208,0
2023-11-25,California Baptist,Vanguard,3957928,69,59,2372,0
2023-11-25,Bradley,Vermont,3957948,79,70,5068,0
2023-11-25,UTRGV,Arkansas St.,4470512,58,75,893,1
2023-11-25,DePaul,NIU,3957760,79,89,2745,0
2023-11-25,Hawaii,San Diego,4470513,77,66,1293,1
2023-11-26,VCU,Penn St.,3996705,86,74,2528,1
2023-11-26,Western Ky.,UNC Asheville,3957982,67,77,4100,1
2023-11-26,Kansas City,Middle Tenn.,3996616,59,63,234,1
2023-11-26,Belmont,Lafayette,3957996,79,69,840,1
2023-11-26,Virginia Tech,Fla. Atlantic,3996702,50,84,2528,1
2023-11-26,Delaware St.,Lamar University,3957975,81,84,427,1
2023-11-26,La Salle,Coppin St.,3957966,81,62,1473,0
2023-11-26,Louisville,New Mexico St.,3958012,90,84,10527,0
2023-11-26,Eastern Mich.,North Dakota,3958018,70,72,98,1
2023-11-26,App State,Austin Peay,3957973,78,58,1298,0
2023-11-26,Saint Joseph's,Sacred Heart,3957969,64,55,1501,0
2023-11-26,Brown,Ohio,3996617,77,82,251,1
2023-11-26,Wofford,Lipscomb,3958022,78,85,4100,1
2023-11-26,South Dakota,Air Force,3957997,57,58,1633,0
2023-11-26,Nebraska,Cal St. Fullerton,3995905,85,72,14171,0
2023-11-26,Tex. A&M-Commerce,Denver,3958009,61,71,216,0
2023-11-26,Colorado,Iona,3957968,85,68,6346,0
2023-11-26,Coastal Carolina,N.C. Central,3958036,58,70,1039,0
2023-11-26,Quinnipiac,Stonehill,3958043,80,69,877,0
2023-11-26,Robert Morris,FDU,3958037,97,86,822,0
2023-11-26,Old Dominion,Drexel,3958034,68,61,4238,0
2023-11-26,Radford,Notre Dame (MD),3958031,100,53,835,0
2023-11-26,Chattanooga,Southeast Mo. St.,3958030,72,56,2907,0
2023-11-26,High Point,Mount Olive,3958024,122,73,1437,0
2023-11-26,Boston U.,VTSU-Johnson,3957972,90,49,430,0
2023-11-26,Penn,Monmouth,3958049,76,61,840,1
2023-11-26,Texas,Wyoming,3958023,86,63,9926,0
2023-11-26,North Texas,Angelo St.,3996659,79,50,2865,0
2023-11-26,SMU,ULM,3957964,70,57,4557,0
2023-11-26,Longwood,Bethune-Cookman,3957971,69,48,1375,1
2023-11-26,Central Ark.,New Orleans,3958050,74,79,645,1
2023-11-26,Montana St.,Long Beach St.,3958041,69,75,2501,0
2023-11-26,UCF,Stetson,3957965,82,85,5089,0
2023-11-26,Rhode Island,Yale,3958074,76,72,3511,0
2023-11-26,Western Caro.,North Ala.,3958073,81,63,1765,0
2023-11-26,American,Hood,3958069,103,74,554,0
2023-11-26,Towson,Morgan St.,3957967,67,58,1613,0
2023-11-26,Bowling Green,Canisius,3958076,77,73,4100,1
2023-11-26,Boise St.,Butler,3996704,56,70,1964,1
2023-11-26,UIW,Jacksonville St.,3957990,65,67,0,1
2023-11-26,Delaware,George Washington,3996618,71,81,379,1
2023-11-26,Indiana,Harvard,3727926,89,76,8469,0
2023-11-26,UC Riverside,Bethesda (CA),3958038,109,63,235,0
2023-11-26,Siena,UAlbany,3958078,51,86,7605,0
2023-11-26,West Virginia,Bellarmine,3958079,62,58,9181,0
2023-11-26,Pacific,Mississippi Val.,3958029,68,65,684,0
2023-11-26,Kent St.,Col. of Charleston,3958083,78,84,1813,0
2023-11-26,FIU,Kennesaw St.,3957970,91,84,755,0
2023-11-26,Seattle U,UC San Diego,3958054,79,67,836,0
2023-11-26,Iowa St.,Texas A&M,3996703,69,73,1964,1
2023-11-26,UNC Greensboro,UIC,3996619,58,57,407,1
2023-11-26,UC Davis,Sacramento St.,3958081,63,69,1485,0
2023-11-26,San Francisco,Minnesota,3954493,76,58,3682,1
2023-11-27,Xavier,Oakland,3958103,76,78,10199,0
2023-11-27,Bryant,Springfield,3958126,108,74,634,0
2023-11-27,Eastern Ky.,Troy,3958130,77,76,1894,0
2023-11-27,Wisconsin,Western Ill.,3953736,71,49,14092,0
2023-11-27,Fordham,Manhattan,3958109,93,61,1873,0
2023-11-27,UConn,New Hampshire,3958107,84,64,10299,0
2023-11-27,Elon,Presbyterian,3958090,82,79,1284,0
2023-11-27,Hampton,UMBC,3958123,76,80,1002,0
2023-11-27,Rutgers,Saint Peter's,3728724,71,40,8000,0
2023-11-27,TCU,Houston Christian,3958117,101,64,5505,0
2023-11-27,Lindenwood,Utah Tech,3958112,66,73,747,0
2023-11-27,Northwestern,NIU,3954555,89,67,4564,0
2023-11-27,South Dakota St.,Mt. Marty,3958105,92,70,1326,0
2023-11-27,Ark.-Pine Bluff,Ark. Baptist,4470477,85,60,1843,0
2023-11-27,Louisiana,Loyola (LA),3958091,78,54,1565,0
2023-11-27,Omaha,York (NE),3958139,104,68,819,0
2023-11-27,Weber St.,Navajo Tech,3958119,107,45,2776,0
2023-11-27,Fresno St.,UC Santa Barbara,3958137,65,69,2796,0
2023-11-27,San Diego St.,Point Loma,4446710,71,51,12240,0
2023-11-27,Washington St.,Eastern Wash.,3958088,82,72,2208,0
2023-11-27,San Jose St.,North Dakota St.,3958148,78,65,1322,0
2023-11-27,Saint Mary's (CA),Utah,3958106,71,78,3500,0
2023-11-28,Winthrop,Bob Jones,3958159,90,49,860,0
2023-11-28,Michigan St.,Ga. Southern,3953974,86,55,14797,0
2023-11-28,Tennessee Tech,Western Caro.,3958179,65,69,679,0
2023-11-28,Southeastern La.,Southern-N.O.,3958177,101,55,537,0
2023-11-28,Maryland,Rider,3996342,103,76,10432,0
2023-11-28,Howard,Cincinnati,3958158,81,86,1324,0
2023-11-28,Indiana St.,Southern Ill.,3958153,77,48,4009,0
2023-11-28,Furman,South Carolina St.,3958150,86,78,1887,0
2023-11-28,Miami (OH),Spalding,3958215,82,43,1278,0
2023-11-28,Norfolk St.,William & Mary,3958214,96,62,1079,0
2023-11-28,Syracuse,LSU,3958211,80,57,19602,0
2023-11-28,Providence,Wagner,3958209,86,52,8069,0
2023-11-28,Georgia Tech,Mississippi St.,3958207,67,59,3913,0
2023-11-28,South Carolina,Notre Dame,3958202,65,53,15215,0
2023-11-28,The Citadel,Charleston So.,3958200,81,52,1527,0
2023-11-28,Kentucky,Miami (FL),3958232,95,73,20119,0
2023-11-28,Pittsburgh,Missouri,3958237,64,71,7390,0
2023-11-28,ULM,Northwestern St.,3958154,74,70,909,0
2023-11-28,Little Rock,Ball St.,3958182,90,64,1081,0
2023-11-28,Kansas,Eastern Ill.,3958210,71,63,16300,0
2023-11-28,South Dakota,Waldorf,3958225,93,71,1384,0
2023-11-28,North Dakota,Concordia-M'head,3958186,87,56,1693,0
2023-11-28,Baylor,Nicholls,3958201,108,70,7166,0
2023-11-28,SIUE,Mo. Baptist,3958206,86,62,743,0
2023-11-28,Southern Ind.,East-West U.,3958192,107,49,1145,0
2023-11-28,Kansas St.,Oral Roberts,3958194,88,78,9887,0
2023-11-28,Loyola Chicago,Chicago St.,3958185,62,53,2003,0
2023-11-28,Saint Louis,Utah St.,3958156,76,81,4721,0
2023-11-28,UAB,McNeese,3958155,60,81,2976,0
2023-11-28,Purdue,Texas Southern,3953866,99,67,14876,0
2023-11-28,Arkansas St.,Jackson St.,3958149,71,75,2959,0
2023-11-28,New Mexico St.,Southwest (NM),3958152,84,49,4135,0
2023-11-28,Marquette,Southern U.,3958249,93,56,13607,0
2023-11-28,Ole Miss,NC State,3958250,72,52,7465,0
2023-11-28,Gonzaga,CSU Bakersfield,3958151,81,65,6000,0
2023-11-28,Alabama,Clemson,3958251,77,85,10725,0
2023-11-28,Portland St.,Portland,3958191,75,74,1483,0
2023-11-28,Pepperdine,Idaho St.,3958184,77,62,484,0
2023-11-28,UNLV,Akron,3958231,72,70,4702,0
2023-11-28,Washington,UC San Diego,3958157,83,56,5726,0
2023-11-29,Lipscomb,Chattanooga,3958277,82,68,2132,0
2023-11-29,Army West Point,Central Conn. St.,3958271,51,79,350,0
2023-11-29,Stonehill,UMass Lowell,3958252,74,80,759,0
2023-11-29,Jacksonville,Campbell,3958289,62,48,456,0
2023-11-29,Villanova,Saint Joseph's,3958298,65,78,6501,1
2023-11-29,Seton Hall,Northeastern,3958295,88,75,8045,0
2023-11-29,Youngstown St.,Cleveland St.,3958296,94,69,2196,0
2023-11-29,App State,ETSU,3958301,72,61,1813,0
2023-11-29,Tulane,Prairie View,3958287,98,77,1227,0
2023-11-29,Temple,La Salle,3958258,106,99,4229,1
2023-11-29,Florida A&M,Albany St. (GA),4472326,85,92,302,0
2023-11-29,Duquesne,UC Irvine,3958257,66,62,2193,0
2023-11-29,UAlbany,Boston U.,3958263,86,72,3103,0
2023-11-29,Holy Cross,Maine,3958265,57,72,777,0
2023-11-29,Lehigh,Saint Francis,3958268,61,62,867,0
2023-11-29,FIU,FGCU,3958273,65,68,1365,0
2023-11-29,Columbia,Loyola Maryland,3958315,69,57,599,0
2023-11-29,Queens (NC),Gardner-Webb,3958320,83,80,381,0
2023-11-29,High Point,Morgan St.,3958321,77,59,2119,0
2023-11-29,Harvard,American,3958329,80,75,983,0
2023-11-29,Navy,VMI,3958331,67,47,657,0
2023-11-29,Bucknell,Princeton,3958332,71,85,834,0
2023-11-29,James Madison,Buffalo,3958334,81,66,5106,0
2023-11-29,Iona,Marist,3958335,64,68,1845,0
2023-11-29,Stetson,Coastal Ga.,3958337,94,49,490,0
2023-11-29,Le Moyne,Fredonia,3958349,92,54,294,0
2023-11-29,George Mason,NJIT,3958350,86,68,2443,0
2023-11-29,Old Dominion,Radford,3958359,69,68,5292,0
2023-11-29,Lafayette,Drexel,3958363,48,69,1017,0
2023-11-29,Coastal Carolina,USC Upstate,3958364,72,70,1244,0
2023-11-29,Detroit Mercy,Oakland,3958371,50,65,1211,0
2023-11-29,Yale,Stony Brook,3958375,79,71,629,0
2023-11-29,Purdue Fort Wayne,Green Bay,3958376,75,71,1807,0
2023-11-29,Wright St.,IU Indy,3958378,103,74,3531,0
2023-11-29,Cornell,Monmouth,3958387,91,87,871,0
2023-11-29,Vermont,Dartmouth,3958389,64,53,2080,0
2023-11-29,Northern Ky.,Robert Morris,3958402,77,59,2770,0
2023-11-29,Ohio St.,Central Mich.,3984732,88,61,8223,0
2023-11-29,Wake Forest,Florida,3958407,82,71,8165,0
2023-11-29,Virginia,Texas A&M,3958405,59,47,14061,0
2023-11-29,North Carolina,Tennessee,3958406,100,92,20756,0
2023-11-29,UTRGV,Grand Canyon,3958299,69,79,1944,0
2023-11-29,Wichita St.,Richmond,3958255,80,68,6195,0
2023-11-29,SFA,Tarleton St.,3958297,66,68,2032,0
2023-11-29,Missouri St.,Evansville,3958261,90,78,3692,0
2023-11-29,Murray St.,Bradley,3958264,79,72,5211,0
2023-11-29,Austin Peay,Morehead St.,3958267,50,61,1003,0
2023-11-29,Utah Valley,Seattle U,3958288,78,72,2319,0
2023-11-29,Charlotte,Davidson,3958262,81,85,4030,0
2023-11-29,Louisville,Bellarmine,3958456,73,68,11538,0
2023-11-29,Valparaiso,Drake,3958259,65,83,1474,0
2023-11-29,UNI,Belmont,3958256,70,90,3243,0
2023-11-29,SMU,Dayton,3958254,63,65,4908,0
2023-11-29,Alabama A&M,Tennessee St.,3958392,85,83,3647,0
2023-11-29,Western Ky.,Campbellsville,3958403,101,77,2702,0
2023-11-29,UT Arlington,Abilene Christian,3958393,86,71,1275,0
2023-11-29,Tex. A&M-Commerce,Dallas Christian,3958361,100,48,428,0
2023-11-29,Southern Utah,California Baptist,3958300,66,91,1181,0
2023-11-29,Georgetown,Merrimack,3958464,69,67,2744,0
2023-11-29,Colgate,Binghamton,3958463,84,49,762,0
2023-11-29,New Mexico,Louisiana Tech,3958399,74,65,10216,0
2023-11-29,UTEP,A&M-Corpus Christi,3958383,63,67,4671,0
2023-11-29,Colorado St.,Colorado,3958370,88,83,8083,0
2023-11-29,Arizona St.,Sam Houston,3958270,78,61,6090,0
2023-11-29,Idaho,Denver,3958290,65,67,1337,0
2023-11-29,Iowa,North Florida,3953967,103,78,8641,0
2023-11-29,Arkansas,Duke,3958461,80,75,20344,0
2023-11-29,Auburn,Virginia Tech,3958460,74,57,9121,0
2023-11-29,Florida St.,Georgia,3958465,66,68,6688,0
2023-11-29,Vanderbilt,Boston College,3958462,62,80,5516,0
2023-11-29,UC Santa Barbara,Northern Ariz.,3958382,70,59,1603,0
2023-11-29,San Diego,Northern Colo.,3958275,74,72,603,0
2023-11-29,LMU (CA),Central Ark.,3958323,90,63,752,0
2023-11-29,Pacific,CSUN,3958330,69,80,850,0
2023-11-29,Nevada,Montana,3958260,77,66,6918,0
2023-11-29,Santa Clara,Menlo,3958253,106,69,1131,0
2023-11-29,Cal Poly,San Jose St.,3958369,81,77,1352,0
2023-11-29,Southern California,Eastern Wash.,3958274,106,78,3177,0
2023-11-30,Omaha,Bellevue,3958477,78,59,5094,0
2023-11-30,Fla. Atlantic,Liberty,3958470,83,58,3161,0
2023-11-30,Butler,Texas Tech,3958487,103,95,7893,0
2023-11-30,Jacksonville St.,South Alabama,3958484,70,52,1865,0
2023-11-30,Minnesota,New Orleans,3954494,97,64,6797,0
2023-11-30,Elon,Warren Wilson,3958515,127,56,1371,0
2023-11-30,Sacred Heart,New Hampshire,3958511,84,90,664,0
2023-11-30,Hofstra,South Fla.,3958504,82,63,1758,0
2023-11-30,Fordham,FDU,3958495,80,52,1320,0
2023-11-30,East Carolina,UNCW,3958491,74,66,5182,0
2023-11-30,Coppin St.,UMBC,3958489,89,70,954,0
2023-11-30,Longwood,Apprentice,3958476,95,46,1071,0
2023-11-30,Kent St.,Shawnee St.,4472367,103,61,2225,0
2023-11-30,Kansas City,Southeast Mo. St.,3958506,74,44,1297,0
2023-11-30,Oklahoma,Ark.-Pine Bluff,3958474,107,86,3594,0
2023-11-30,North Ala.,Tennessee Tech,3958505,86,71,1234,0
2023-11-30,Chicago St.,Delaware St.,3958468,69,76,111,0
2023-11-30,UIC,Illinois St.,3958469,64,69,2090,0
2023-11-30,Rice,UT Martin,3958471,98,78,1656,0
2023-11-30,Samford,Louisiana,3958472,88,65,1471,0
2023-11-30,Western Ill.,Hannibal-La Grange,3958492,92,40,597,0
2023-11-30,UTSA,Lamar University,3958563,86,83,1535,0
2023-11-30,Texas,Texas St.,3958466,77,58,10533,0
2023-11-30,Oklahoma St.,Creighton,3958562,65,79,6309,0
2023-11-30,Utah,Hawaii,3958473,79,66,4686,1
2023-11-30,Montana St.,Rocky Mountain,3958510,62,70,2571,0
2023-11-30,Oregon St.,UC Davis,3958475,71,59,2757,0
2023-11-30,UCLA,UC Riverside,3958467,66,65,6609,0
2023-12-01,Queens (NC),Carolina Christian,3958579,134,69,556,0
2023-12-01,Western Mich.,St. Thomas (MN),3958613,51,65,1411,0
2023-12-01,Liberty,Col. of Charleston,3958576,67,76,526,1
2023-12-01,Army West Point,SUNY Maritime,3958572,74,39,856,0
2023-12-01,Xavier,Houston,3958608,60,66,10472,0
2023-12-01,UNC Asheville,Johnson (TN),3958609,97,51,764,0
2023-12-01,South Carolina,George Washington,3958568,89,67,10936,0
2023-12-01,Bethune-Cookman,UIW,3958566,96,82,704,0
2023-12-01,Siena,Rider,3958616,67,65,5216,0
2023-12-01,Indiana,Maryland,3953787,65,53,17222,0
2023-12-01,Brown,Bryant,3958630,66,69,1113,0
2023-12-01,UNC Greensboro,William Peace,3958632,88,56,856,0
2023-12-01,West Virginia,St. John's (NY),3958617,73,79,10781,0
2023-12-01,Georgia,Mercer,3958565,80,69,5694,0
2023-12-01,Manhattan,Mount St. Mary's,3958575,75,74,1097,0
2023-12-01,Niagara,Saint Peter's,3958628,67,72,1015,0
2023-12-01,Fairfield,Iona,3958625,67,78,2640,0
2023-12-01,Canisius,Quinnipiac,3958611,93,73,1084,0
2023-12-01,VCU,Norfolk St.,3958614,60,63,7637,0
2023-12-01,Eastern Mich.,Lake Superior St.,3958615,68,53,1647,0
2023-12-01,Little Rock,Arkansas St.,3958610,77,66,2613,0
2023-12-01,UAB,Southern Miss.,3958571,82,85,3337,0
2023-12-01,South Dakota St.,Towson,3958578,61,48,2326,1
2023-12-01,LSU,Southeastern La.,3958629,73,66,7365,0
2023-12-01,Troy,SIUE,3958570,83,60,2105,0
2023-12-01,DePaul,Iowa St.,3958567,80,99,4852,0
2023-12-01,Cal St. Fullerton,North Dakota,3958569,64,54,908,0
2023-12-01,Northwestern,Purdue,3953847,92,88,7039,0
2023-12-01,BYU,Fresno St.,3958577,85,56,11360,1
2023-12-01,Portland,Wyoming,3958604,81,70,1076,0
2023-12-01,Kansas,UConn,3958659,69,65,16300,0
2023-12-01,UC San Diego,San Diego St.,3958619,62,63,4000,0
2023-12-01,Boise St.,Saint Mary's (CA),3958639,63,60,4985,1
2023-12-02,IU Indy,Northern Ky.,3958696,55,71,663,0
2023-12-02,Penn St.,Bucknell,3954207,67,76,8590,0
2023-12-02,Virginia,Syracuse,3958699,84,62,14637,0
2023-12-02,Miami (FL),Notre Dame,3958698,62,49,7972,0
2023-12-02,Wisconsin,Marquette,3953737,75,64,17287,0
2023-12-02,Central Conn. St.,Holy Cross,3958668,78,67,1021,0
2023-12-02,VMI,Presbyterian,3958669,71,75,3310,0
2023-12-02,Kennesaw St.,Georgia St.,3958716,88,77,3805,0
2023-12-02,UMBC,Lehigh,3958705,92,87,1325,0
2023-12-02,Massachusetts,South Fla.,3958691,66,56,3254,0
2023-12-02,Belmont,Valparaiso,3958671,77,68,1532,0
2023-12-02,Evansville,UNI,3958676,91,89,5014,0
2023-12-02,Bradley,Indiana St.,3958681,77,85,5639,0
2023-12-02,North Texas,Mississippi Val.,3958687,79,48,3065,0
2023-12-02,Kansas St.,North Ala.,3958709,75,74,9528,0
2023-12-02,Ole Miss,Memphis,3958725,80,77,9416,0
2023-12-02,Villanova,Drexel,4470509,55,57,15215,1
2023-12-02,N.C. A&T,The Citadel,4472254,68,85,2357,0
2023-12-02,North Carolina,Florida St.,3958767,78,70,20285,0
2023-12-02,Buffalo,St. Bonaventure,3958776,65,80,3324,0
2023-12-02,Lafayette,Cornell,3958779,71,79,1068,0
2023-12-02,Robert Morris,Youngstown St.,3958782,57,71,1229,0
2023-12-02,Sacred Heart,Boston U.,3958790,49,70,617,0
2023-12-02,Ball St.,Bellarmine,3958987,67,58,3588,0
2023-12-02,Stonehill,Binghamton,3958667,64,79,725,0
2023-12-02,Dayton,Grambling,3958673,76,46,13407,0
2023-12-02,Campbell,Southern Va.,3958685,87,56,1031,0
2023-12-02,Princeton,Furman,3958743,70,69,2142,0
2023-12-02,North Florida,High Point,3958744,79,86,1289,0
2023-12-02,American,Saint Francis,3958748,73,75,692,0
2023-12-02,Northeastern,Old Dominion,3958751,81,68,1033,0
2023-12-02,Ohio,Delaware,3958755,74,73,4512,0
2023-12-02,Georgia Tech,Duke,3958799,72,68,7758,0
2023-12-02,Montana,San Jose St.,3958732,75,58,2524,0
2023-12-02,Denver,Colorado Col.,3958718,90,66,897,0
2023-12-02,Oakland,Purdue Fort Wayne,3958686,77,98,2439,0
2023-12-02,N.C. Central,USC Upstate,3958898,82,85,1017,0
2023-12-02,Eastern Ill.,UHSP,3958765,112,50,1085,0
2023-12-02,Ga. Southern,Jacksonville,3958846,79,81,2036,0
2023-12-02,Louisiana Tech,Nicholls,3958745,68,55,2018,0
2023-12-02,Arizona,Colgate,3958665,82,55,14688,0
2023-12-02,Cleveland St.,Detroit Mercy,3958834,69,58,1395,0
2023-12-02,Davidson,Wright St.,3958835,82,73,2783,0
2023-12-02,McNeese,UT Martin,3958794,91,80,2269,0
2023-12-02,Coastal Carolina,Winthrop,3958931,87,90,1305,0
2023-12-02,NJIT,FDU,3958925,68,71,464,0
2023-12-02,Stony Brook,Wagner,3958679,59,60,1765,0
2023-12-02,Oregon,Michigan,3954102,86,83,11241,0
2023-12-02,Southern Ill.,Saint Louis,3958752,101,62,5021,0
2023-12-02,Northern Colo.,CSUN,3958771,75,71,899,0
2023-12-02,Northern Ariz.,Pacific,3958787,78,58,805,0
2023-12-02,Loyola Chicago,Harvard,3958813,75,53,3754,0
2023-12-02,Southern Ind.,Bowling Green,3958830,52,54,1539,0
2023-12-02,Drake,Missouri St.,3958682,74,57,3562,0
2023-12-02,Rutgers,Illinois,3728725,58,76,8000,0
2023-12-02,Kentucky,UNCW,3958951,73,80,19990,0
2023-12-02,Boston College,NC State,3958978,78,84,5249,0
2023-12-02,UCF,Lipscomb,3958672,72,57,5152,0
2023-12-02,Penn,La Salle,4470510,92,93,15215,1
2023-12-02,Washington St.,Portland St.,3958664,71,61,2257,0
2023-12-02,Idaho,Cal Poly,3958754,85,70,1898,0
2023-12-02,Tarleton St.,UTRGV,3958955,77,75,1327,0
2023-12-02,Vanderbilt,Alabama A&M,3958675,78,59,5468,0
2023-12-02,Loyola Maryland,Delaware St.,3959013,73,79,612,0
2023-12-02,Rice,Houston Christian,3958683,65,56,1730,0
2023-12-02,Georgetown,TCU,3959023,83,84,7910,0
2023-12-02,Charleston So.,South Carolina St.,3958690,66,64,767,0
2023-12-02,Seattle U,Southern Utah,3958832,73,63,943,0
2023-12-02,Baylor,Northwestern St.,3959010,91,40,8432,0
2023-12-02,Abilene Christian,SFA,3959015,74,79,1773,0
2023-12-02,Richmond,William & Mary,3959032,88,69,5542,0
2023-12-02,Fla. Atlantic,Col. of Charleston,3958677,90,74,3161,0
2023-12-02,FIU,LIU,3958689,74,59,681,0
2023-12-02,Gardner-Webb,Western Caro.,3959045,82,77,850,0
2023-12-02,Long Beach St.,Sacramento St.,3958959,83,73,1815,0
2023-12-02,California,Santa Clara,3958666,84,69,3356,0
2023-12-02,Merrimack,UMass Lowell,3958688,74,68,2347,0
2023-12-02,Toledo,George Mason,3958781,77,86,3907,0
2023-12-02,Marshall,Miami (OH),3958670,74,79,4233,0
2023-12-02,Tennessee St.,Austin Peay,3958692,69,65,4564,0
2023-12-02,Colorado St.,Washington,3959020,86,81,8116,1
2023-12-02,Vermont,Yale,3959048,66,65,2742,0
2023-12-02,Green Bay,Milwaukee,3959025,70,58,2320,0
2023-12-02,Middle Tenn.,Wofford,3958674,64,74,2510,0
2023-12-02,Providence,Rhode Island,3959056,84,69,12513,0
2023-12-02,Saint Joseph's,Temple,4470511,74,65,15215,1
2023-12-02,Grand Canyon,UT Arlington,3959026,76,69,7214,0
2023-12-02,Oral Roberts,Tulsa,3959043,79,70,6949,0
2023-12-02,Idaho St.,Lindenwood,3959024,76,70,1244,0
2023-12-02,UAlbany,Dartmouth,3958678,73,68,2075,0
2023-12-02,Utah Tech,Utah Valley,3959042,65,53,2501,0
2023-12-02,New Mexico,New Mexico St.,3959049,106,62,15435,0
2023-12-02,Utah St.,UC Irvine,3958680,79,69,7880,0
2023-12-02,Southern California,Gonzaga,3959051,76,89,8116,1
2023-12-02,Nevada,LMU (CA),3959050,73,59,7851,0
2023-12-03,Maine,Brown,3959078,60,49,631,0
2023-12-03,New Hampshire,Columbia,3959079,80,71,421,0
2023-12-03,App State,Auburn,3959074,69,64,7037,0
2023-12-03,Fordham,Tulane,3959083,81,89,1481,0
2023-12-03,James Madison,Keystone,3959086,130,59,3272,0
2023-12-03,Mount St. Mary's,Siena,3959085,80,48,1863,0
2023-12-03,Canisius,Saint Peter's,3959081,52,54,795,0
2023-12-03,Cincinnati,FGCU,3959065,99,62,9812,0
2023-12-03,Navy,Coppin St.,3959089,75,52,950,0
2023-12-03,Marist,Manhattan,3959096,70,56,1637,0
2023-12-03,Morgan St.,Longwood,3958792,54,88,876,0
2023-12-03,Niagara,Quinnipiac,3959099,68,75,872,0
2023-12-03,Western Ill.,South Dakota,3959080,68,70,693,0
2023-12-03,Chicago St.,Stetson,3959062,77,54,116,0
2023-12-03,Radford,Elon,3959092,82,72,1514,0
2023-12-03,Rider,Fairfield,3959094,81,88,1650,0
2023-12-03,Pittsburgh,Clemson,3959093,70,79,7713,0
2023-12-03,SMU,Tex. A&M-Commerce,3959063,90,47,4672,0
2023-12-03,Arizona St.,San Francisco,3959069,72,61,6563,0
2023-12-03,Illinois St.,Murray St.,3959067,76,72,3946,0
2023-12-03,Hampton,Virginia-Lynchburg,4472466,121,66,477,0
2023-12-03,Missouri,Wichita St.,3959098,82,72,10885,0
2023-12-03,Jacksonville St.,ETSU,3959097,59,61,1203,0
2023-12-03,Portland,Air Force,3959091,58,80,1043,0
2023-12-03,Morehead St.,Chattanooga,3959075,87,80,1808,0
2023-12-03,Tennessee Tech,Alice Lloyd,3959103,108,82,613,0
2023-12-03,Mississippi St.,Southern U.,3959104,59,60,7186,0
2023-12-03,Nebraska,Creighton,3995906,60,89,15838,0
2023-12-03,Southeast Mo. St.,Mo. Baptist,3959106,84,56,1242,0
2023-12-03,Virginia Tech,Louisville,3959109,75,68,8925,0
2023-12-03,Samford,LaGrange,3959070,128,82,879,0
2023-12-03,Western Ky.,Eastern Ky.,3959072,79,69,3511,0
2023-12-03,Colorado,Pepperdine,3959071,91,66,7231,0
2023-12-03,Cal St. Fullerton,Stanton,3959095,102,52,692,0
2023-12-03,Sam Houston,Lamar University,3959073,90,70,794,0
2023-12-03,Ohio St.,Minnesota,3954495,84,74,10481,0
2023-12-03,UC Riverside,North Dakota,3959110,68,62,261,0
2023-12-03,Stanford,San Diego,3984747,88,64,2455,0
2023-12-03,Alabama St.,MUW,3959064,80,60,766,0
2023-12-03,Hawaii,Central Ark.,3959068,95,76,5714,0
2023-12-04,Bellarmine,Boyce,3959122,88,54,1850,0
2023-12-04,East Carolina,UMES,3959123,63,52,3625,0
2023-12-04,Purdue,Iowa,3953848,87,68,14876,0
2023-12-04,Georgia St.,Middle Ga. St.,3959140,89,57,1570,0
2023-12-04,Coastal Carolina,St. Andrews,3959145,110,46,1114,0
2023-12-04,North Dakota St.,San Jose St.,3959143,83,78,1946,0
2023-12-04,Arkansas,Furman,3959117,97,83,19200,0
2023-12-04,Alabama,Arkansas St.,3959116,89,65,9703,0
2023-12-04,UTEP,Western N.M.,3959148,90,62,3656,0
2023-12-04,Oregon St.,Cal Poly,3959119,70,63,2568,0
2023-12-05,Boston College,Central Conn. St.,3959189,82,68,3118,0
2023-12-05,UMass Lowell,Fisher,3959193,117,69,434,0
2023-12-05,Army West Point,Le Moyne,3959194,68,51,428,0
2023-12-05,Xavier,Delaware,3959198,80,87,10035,0
2023-12-05,Winthrop,Queens (NC),3959175,88,82,1279,0
2023-12-05,Tennessee,George Mason,3959156,87,66,16513,0
2023-12-05,Illinois,Fla. Atlantic,3954356,98,89,17873,1
2023-12-05,George Washington,Navy,3959210,79,77,1869,0
2023-12-05,Kennesaw St.,UNC Asheville,3959224,79,76,1230,0
2023-12-05,Charlotte,Stetson,3959225,85,62,2708,0
2023-12-05,Delaware St.,Gwynedd Mercy,3959223,105,58,750,0
2023-12-05,Michigan St.,Wisconsin,3953738,57,70,14797,0
2023-12-05,Columbia,Lafayette,3959209,83,72,567,0
2023-12-05,Florida,Merrimack,3959158,77,57,6813,0
2023-12-05,Akron,Bradley,3959162,67,52,3100,0
2023-12-05,North Florida,Edward Waters,3959208,99,47,1189,0
2023-12-05,Kansas St.,Villanova,3959184,72,71,10140,0
2023-12-05,Liberty,Mississippi Val.,3959206,74,39,2942,0
2023-12-05,High Point,Western Caro.,3959211,97,71,2476,0
2023-12-05,The Citadel,Pfeiffer,3959219,88,60,1377,0
2023-12-05,Notre Dame,Western Mich.,3959221,86,65,4883,0
2023-12-05,FGCU,New College (FL),3959236,87,54,1649,0
2023-12-05,Virginia,N.C. Central,3959201,77,47,13459,0
2023-12-05,UAlbany,SUNY Potsdam,3959190,98,59,1653,0
2023-12-05,Princeton,Drexel,3959203,81,70,1478,0
2023-12-05,Oklahoma,Providence,3959172,72,51,7234,0
2023-12-05,SFA,Louisiana Tech,3959168,49,56,2328,0
2023-12-05,ULM,Champion Chris.,3959167,110,63,342,0
2023-12-05,Middle Tenn.,Missouri St.,3959166,77,73,2605,0
2023-12-05,Georgia,Georgia Tech,3959159,76,62,9017,0
2023-12-05,Syracuse,Cornell,3959257,81,70,19390,0
2023-12-05,Austin Peay,Midway,3959169,98,44,1067,0
2023-12-05,NIU,Indiana St.,3959163,67,90,1242,0
2023-12-05,Utah Valley,Weber St.,3959183,70,54,1651,0
2023-12-05,App State,Central Penn,3959199,111,35,1978,0
2023-12-05,New Orleans,Belhaven,3959239,79,65,727,0
2023-12-05,McNeese,MUW,3959235,92,23,2073,0
2023-12-05,Kansas,Kansas City,3959227,88,69,16300,0
2023-12-05,Tarleton St.,Hardin-Simmons,3959213,92,56,1210,0
2023-12-05,Ole Miss,Mount St. Mary's,3959228,77,68,6950,0
2023-12-05,Butler,Buffalo,3959260,72,59,6262,0
2023-12-05,Tulsa,Loyola Chicago,3959173,88,77,2822,0
2023-12-05,Wyoming,South Dakota Mines,3959165,80,59,3272,0
2023-12-05,Montana,Mont. St.-Northern,3959233,91,67,2335,0
2023-12-05,BYU,Evansville,3959204,96,55,13291,0
2023-12-05,Grand Canyon,San Diego St.,3959202,79,73,7282,0
2023-12-05,Boise St.,North Texas,3959164,69,64,9865,0
2023-12-05,Utah,Southern Utah,3959157,88,86,7161,0
2023-12-05,Idaho,Pacific,3959185,83,53,1490,0
2023-12-05,Michigan,Indiana,3953786,75,78,11396,0
2023-12-05,UC San Diego,Occidental,3959160,98,67,716,0
2023-12-05,Gonzaga,Ark.-Pine Bluff,3959161,111,71,6000,0
2023-12-05,UConn,North Carolina,3959176,87,76,17873,1
2023-12-05,Baylor,Seton Hall,3959256,78,60,8269,0
2023-12-05,Southern Ill.,Oklahoma St.,3959217,70,68,5610,0
2023-12-05,South Dakota St.,Kent St.,3959259,73,82,2453,0
2023-12-05,Saint Mary's (CA),Cleveland St.,3959205,70,57,2964,0
2023-12-05,Fresno St.,Idaho St.,3959174,79,67,2638,0
2023-12-05,CSU Bakersfield,Whittier,3959212,106,58,930,0
2023-12-05,Washington,Montana St.,3959171,85,61,6042,0
2023-12-06,Mercer,South Alabama,3959283,62,83,3207,0
2023-12-06,UT Arlington,UNT Dallas,3959402,74,37,1696,0
2023-12-06,Wake Forest,Rutgers,3728726,76,57,7692,0
2023-12-06,Penn,FDU-Florham,3959303,111,57,628,0
2023-12-06,Morgan St.,UMBC,3959308,92,80,973,0
2023-12-06,La Salle,Loyola Maryland,3959270,62,61,1269,0
2023-12-06,Stony Brook,Stonehill,3959276,81,63,1592,0
2023-12-06,Maryland,Penn St.,3954208,81,75,15290,0
2023-12-06,VCU,Memphis,3959262,80,85,7637,0
2023-12-06,Central Mich.,Valparaiso,3959263,71,67,1193,0
2023-12-06,St. John's (NY),Sacred Heart,3959265,85,50,5602,0
2023-12-06,UCF,Jacksonville,3959267,94,52,5278,0
2023-12-06,Saint Joseph's,American,3959281,69,53,1517,0
2023-12-06,Boston U.,Maine,3959282,65,74,653,0
2023-12-06,Marshall,Duquesne,3959284,72,85,3947,0
2023-12-06,Coppin St.,Wagner,3959311,59,62,532,0
2023-12-06,NC State,UMES,3959312,93,61,5500,0
2023-12-06,Canisius,Robert Morris,3959319,87,80,562,0
2023-12-06,Fordham,NJIT,3959325,77,80,1503,0
2023-12-06,Siena,Bryant,3959326,51,67,4233,0
2023-12-06,Northeastern,Vermont,3959331,71,73,987,0
2023-12-06,Iona,Hofstra,3959337,57,62,1744,0
2023-12-06,Temple,Bloomsburg,3959341,85,55,2463,0
2023-12-06,Ohio,Youngstown St.,3959342,72,78,3799,0
2023-12-06,Davidson,Campbell,3959343,62,50,2223,0
2023-12-06,Colgate,VTSU Lyndon,3959356,115,37,578,0
2023-12-06,Towson,Massachusetts,3959358,81,71,1802,0
2023-12-06,Miami (FL),LIU,3959360,97,49,5818,0
2023-12-06,Presbyterian,Florida A&M,3959371,60,65,308,0
2023-12-06,Gardner-Webb,Wofford,3959376,66,81,250,0
2023-12-06,Detroit Mercy,Ball St.,3959382,65,68,733,0
2023-12-06,Yale,Fairfield,3959383,71,75,747,0
2023-12-06,Niagara,St. Bonaventure,3959393,60,94,1494,0
2023-12-06,Rhode Island,Brown,3959395,64,67,4475,0
2023-12-06,William & Mary,Old Dominion,3959396,84,79,3204,0
2023-12-06,Oakland,Toledo,3959397,68,69,2893,0
2023-12-06,Dartmouth,New Hampshire,3959399,76,64,519,0
2023-12-06,Ohio St.,Miami (OH),3984734,84,64,9098,0
2023-12-06,Southeast Mo. St.,Harris-Stowe,3959309,95,45,1563,0
2023-12-06,SIUE,Green Bay,3959363,78,69,1053,0
2023-12-06,Clemson,South Carolina,3959451,72,67,9000,0
2023-12-06,Houston,Rice,3959264,75,39,7159,0
2023-12-06,Belmont,Lipscomb,3959266,72,71,4301,0
2023-12-06,Vanderbilt,San Francisco,3959269,60,73,5210,0
2023-12-06,Illinois St.,Northern Ky.,3959274,62,59,3215,0
2023-12-06,UNI,Richmond,3959275,78,73,3153,0
2023-12-06,Drake,Saint Louis,3959278,75,69,3124,0
2023-12-06,Texas Tech,Omaha,3959280,87,58,10640,0
2023-12-06,Abilene Christian,Northern Ariz.,3959390,76,78,1153,0
2023-12-06,Houston Christian,S'western Adventist,3959387,95,58,414,0
2023-12-06,Western Ill.,Coe,3959318,80,58,680,0
2023-12-06,St. Thomas (MN),Milwaukee,3959322,75,71,1316,0
2023-12-06,Marquette,Texas,3959380,86,65,16733,0
2023-12-06,A&M-Corpus Christi,UTRGV,3959344,74,76,2296,0
2023-12-06,Southern Ind.,Purdue Fort Wayne,3959336,57,70,1455,0
2023-12-06,Utah St.,San Diego,3959277,108,81,7078,0
2023-12-06,Nevada,UC Davis,3959273,80,68,7312,0
2023-12-06,West Virginia,Pittsburgh,3959459,63,80,12301,0
2023-12-06,Texas A&M,DePaul,3959456,89,64,8310,0
2023-12-06,Minnesota,Nebraska,3954496,76,65,6899,0
2023-12-06,New Mexico,UC Santa Barbara,3959407,84,61,10311,0
2023-12-06,Colorado St.,Denver,3959381,90,80,7135,0
2023-12-06,Arizona St.,SMU,3959279,76,74,6812,0
2023-12-06,California Baptist,Utah Tech,3959310,69,72,2854,0
2023-12-06,Pepperdine,Cal St. Fullerton,3959317,55,60,0,0
2023-12-06,Washington St.,UC Riverside,3959261,86,49,2057,0
2023-12-06,Long Beach St.,LIFE Pacific,3959329,88,66,1373,0
2023-12-06,Portland St.,Lewis & Clark,3959335,104,60,573,0
2023-12-07,Bellarmine,Berea,3959463,98,59,1032,0
2023-12-07,North Ala.,Rust,3959462,109,65,2895,0
2023-12-07,UNC Greensboro,Eastern Ky.,3959486,87,85,697,0
2023-12-07,Delaware St.,Virginia-Lynchburg,3959474,106,73,550,0
2023-12-07,Wright St.,Bethel (IN),3959483,81,62,3247,0
2023-12-07,Iowa St.,Iowa,3953968,90,65,14267,0
2023-12-07,Central Ark.,Little Rock,3959468,75,71,2730,0
2023-12-07,North Dakota St.,Portland,3959478,78,67,1234,0
2023-12-07,Eastern Ill.,IU Indy,3959472,75,58,1338,0
2023-12-07,CSUN,Bethesda (CA),3959475,92,54,288,0
2023-12-08,Jacksonville St.,UIC,3959522,49,55,1657,0
2023-12-08,Duquesne,Saint Peter's,3959521,68,59,2088,0
2023-12-08,Eastern Mich.,Oakland,3959541,63,77,1796,0
2023-12-08,High Point,N.C. A&T,3959542,75,62,3512,0
2023-12-08,Manhattan,FDU,3959560,71,76,1293,0
2023-12-08,Rider,Stonehill,3959549,73,56,1650,0
2023-12-08,Boston College,Holy Cross,3959551,95,64,4866,0
2023-12-08,Yale,Colby-Sawyer,3959554,95,36,612,0
2023-12-08,Quinnipiac,Navy,3959559,71,68,1221,0
2023-12-08,Harvard,Army West Point,3959545,70,64,1450,0
2023-12-09,Georgetown,Syracuse,3959622,68,80,14193,0
2023-12-09,Mississippi St.,Tulane,3959623,106,76,8623,1
2023-12-09,Tennessee,Illinois,3954357,86,79,21678,0
2023-12-09,Minnesota,FGCU,3954497,77,57,7317,0
2023-12-09,Morgan St.,Virginia-Lynchburg,3959632,120,50,345,0
2023-12-09,Butler,California,3959629,97,90,8034,0
2023-12-09,Virginia Tech,Valparaiso,3959628,71,50,6107,0
2023-12-09,UConn,Ark.-Pine Bluff,3959624,101,63,10299,0
2023-12-09,Massachusetts,UMass Lowell,3959613,91,77,3028,0
2023-12-09,East Carolina,South Carolina,3959825,62,68,5568,0
2023-12-09,Kentucky,Penn,3959634,81,66,9007,1
2023-12-09,Dayton,Troy,3959586,82,70,13407,0
2023-12-09,Queens (NC),CarolinaU,3959641,112,64,300,0
2023-12-09,Western Mich.,Youngstown St.,3959638,68,72,1598,0
2023-12-09,UMBC,Towson,3959643,73,89,2513,0
2023-12-09,VMI,American,3959585,69,77,3317,0
2023-12-09,Florida St.,South Fla.,3959619,72,88,8162,1
2023-12-09,LSU,Kansas St.,3959635,60,75,7413,0
2023-12-09,Purdue,Alabama,3953867,92,86,3828,1
2023-12-09,DePaul,Louisville,3959588,75,68,4255,0
2023-12-09,Creighton,Central Mich.,3959655,109,64,16412,0
2023-12-09,North Dakota,Portland,3959640,72,83,1501,0
2023-12-09,Indiana,Auburn,3727927,76,104,8623,1
2023-12-09,Mercer,Georgia St.,3959614,64,60,1527,0
2023-12-09,Lehigh,Cairn,3959605,88,33,528,0
2023-12-09,Toledo,UNI,3959601,84,80,4041,0
2023-12-09,Monmouth,NIU,3959594,74,71,1722,0
2023-12-09,Florida A&M,LeMoyne-Owen,3959593,108,78,157,0
2023-12-09,Davidson,Miami (OH),3959589,79,61,2838,0
2023-12-09,Maine,Central Conn. St.,3959583,69,56,732,0
2023-12-09,Liberty,Grand Canyon,3959639,64,69,4052,0
2023-12-09,North Florida,Ga. Southern,3959678,64,56,1138,0
2023-12-09,Binghamton,Le Moyne,3959685,91,79,3583,0
2023-12-09,Delaware St.,Longwood,3959688,61,62,1100,0
2023-12-09,Indiana St.,Southern Ind.,3959693,98,54,4369,0
2023-12-09,Buffalo,Western Ky.,3959695,65,82,2186,0
2023-12-09,Lafayette,La Salle,3959697,51,67,1009,0
2023-12-09,Coastal Carolina,Wofford,3959699,80,88,1239,0
2023-12-09,Kent St.,Cleveland St.,3959702,83,77,3124,0
2023-12-09,Vermont,Colgate,3959712,71,77,2641,0
2023-12-09,South Carolina St.,Bethune-Cookman,3959717,71,80,515,0
2023-12-09,Furman,Bob Jones,3959582,100,58,1887,0
2023-12-09,Duke,Charlotte,3959721,80,56,9314,0
2023-12-09,Louisiana Tech,Louisiana,3959679,72,67,2474,0
2023-12-09,Saint Louis,Hofstra,3959603,71,68,5127,0
2023-12-09,Texas,Houston Christian,3959674,77,50,10418,0
2023-12-09,Southern Miss.,Northwestern St.,3959661,83,74,3699,0
2023-12-09,Montana,Montana Tech,3959558,88,67,3044,0
2023-12-09,Arizona,Wisconsin,3953739,98,73,14688,0
2023-12-09,Arkansas St.,UAB,3959580,87,68,2699,0
2023-12-09,UC Santa Barbara,Bethesda (CA),3959925,126,76,798,0
2023-12-09,Boise St.,Western Ore.,3959591,109,70,8960,0
2023-12-09,Wyoming,SFA,3959592,78,70,3584,0
2023-12-09,South Alabama,Spring Hill,3959880,91,74,1931,0
2023-12-09,Nicholls,Elizabeth City St.,3959761,84,70,544,0
2023-12-09,Houston,Jackson St.,3959584,89,55,7122,0
2023-12-09,UIW,Northern Ariz.,3959607,75,76,58,0
2023-12-09,Oklahoma,Arkansas,3959620,79,70,17485,1
2023-12-09,Clemson,TCU,3959882,74,66,5281,1
2023-12-09,Florida,Richmond,3959618,87,76,8162,1
2023-12-09,Dartmouth,Marist,3959872,53,63,619,0
2023-12-09,West Virginia,Drexel,3959831,66,60,9414,0
2023-12-09,Ohio,Marshall,3959838,69,74,4623,0
2023-12-09,Western Caro.,UNC Asheville,3959850,78,63,2904,0
2023-12-09,Georgia Tech,Alabama A&M,3959851,70,49,3919,0
2023-12-09,St. Bonaventure,Siena,3959856,89,56,4022,0
2023-12-09,Lindenwood,Kansas City,3959816,67,72,678,0
2023-12-09,A&M-Corpus Christi,Omaha,3959590,62,58,1161,0
2023-12-09,Radford,N.C. Central,3959888,82,74,839,0
2023-12-09,San Jose St.,New Orleans,3959600,87,82,1747,0
2023-12-09,UC Davis,Milwaukee,3959715,79,81,1143,0
2023-12-09,Portland St.,George Fox,3959916,83,77,541,0
2023-12-09,Sacramento St.,Cal St. Fullerton,3959694,60,62,765,0
2023-12-09,Oregon St.,Utah Valley,3959611,74,71,2867,0
2023-12-09,New Mexico,Santa Clara,3959719,93,76,2500,1
2023-12-09,Loyola Maryland,Mount St. Mary's,3959898,64,77,821,0
2023-12-09,Kansas,Missouri,3959886,73,64,16300,0
2023-12-09,Air Force,Eastern Wash.,3959830,68,73,2377,0
2023-12-09,Sacred Heart,Fairfield,3959910,57,67,1387,0
2023-12-09,Pittsburgh,Canisius,3959904,82,71,7808,0
2023-12-09,George Washington,Coppin St.,3959902,76,45,1363,0
2023-12-09,Penn St.,Ohio St.,3954209,83,80,9732,0
2023-12-09,Loyola Chicago,Goshen,3959894,115,64,2286,0
2023-12-09,Southern U.,Southeastern La.,3959602,69,44,2190,0
2023-12-09,Colorado St.,Saint Mary's (CA),3959859,61,64,8083,0
2023-12-09,Xavier,Cincinnati,3959913,84,79,10724,0
2023-12-09,Stony Brook,Bryant,3959599,86,75,2225,0
2023-12-09,Green Bay,Western Ill.,3959901,59,68,1732,0
2023-12-09,Utah,BYU,3959581,73,69,15648,0
2023-12-09,Fresno St.,Pacific,3959616,89,56,3473,0
2023-12-09,Illinois St.,Norfolk St.,3959905,58,64,3788,0
2023-12-09,Northern Ky.,Akron,3959615,76,77,4163,0
2023-12-09,Missouri St.,Sam Houston,3959595,69,60,3821,0
2023-12-09,Villanova,UCLA,3959926,65,56,16823,0
2023-12-09,Wichita St.,South Dakota St.,3959621,69,79,4076,1
2023-12-09,South Dakota,CSU Bakersfield,3959664,78,73,1652,0
2023-12-09,USC Upstate,Kennesaw St.,3959609,77,84,472,0
2023-12-09,Purdue Fort Wayne,Southeast Mo. St.,3959924,89,80,1838,0
2023-12-09,Old Dominion,James Madison,3959920,69,84,8504,0
2023-12-09,Austin Peay,Murray St.,3959604,53,49,5808,0
2023-12-09,Nevada,Drake,3959889,53,72,2500,1
2023-12-09,Merrimack,Felician,3956726,89,85,769,0
2023-12-09,Wake Forest,NJIT,3959608,83,59,7224,0
2023-12-09,Oral Roberts,Ozark Christian,3959921,110,51,3392,0
2023-12-09,Seattle U,Northwest (WA),3959895,101,46,705,0
2023-12-09,Middle Tenn.,Belmont,3959587,65,75,2605,0
2023-12-09,Seton Hall,Rutgers,3728727,63,70,10481,0
2023-12-09,Southern Utah,Idaho St.,3959666,82,74,1326,0
2023-12-09,Pepperdine,UC San Diego,3959914,68,62,407,0
2023-12-09,Oregon,UTEP,3959597,71,49,5084,0
2023-12-09,Utah Tech,Idaho,3959918,62,63,1501,0
2023-12-09,Weber St.,Cal Poly,3959919,78,50,3636,0
2023-12-09,Utah St.,Northwest Nazarene,4470384,84,53,7022,0
2023-12-09,Marquette,Notre Dame,3959935,78,59,17519,0
2023-12-09,UNLV,LMU (CA),3959922,75,78,2500,1
2023-12-09,San Diego,Arizona St.,3959612,89,84,1102,0
2023-12-09,San Diego St.,UC Irvine,3959598,63,62,12414,0
2023-12-09,Washington,Gonzaga,3959606,78,73,9294,0
2023-12-10,Fordham,North Texas,3959948,60,59,6072,1
2023-12-10,Providence,Brown,3959949,74,54,8655,0
2023-12-10,Wagner,Boston U.,3959953,59,73,905,0
2023-12-10,Iowa St.,Prairie View,3959942,107,56,13570,0
2023-12-10,UTSA,Ark.-Fort Smith,3959951,93,60,927,0
2023-12-10,Little Rock,Winthrop,3959952,68,85,1378,0
2023-12-10,Saint Joseph's,Princeton,3959944,74,70,3004,0
2023-12-10,Northwestern,Detroit Mercy,3954556,91,59,4550,0
2023-12-10,UNCW,Montreat,3959972,119,50,5029,0
2023-12-10,William & Mary,Virginia-Lynchburg,3959977,99,50,2551,0
2023-12-10,Niagara,Buffalo St.,3959975,113,64,587,0
2023-12-10,Ball St.,SIUE,3959974,83,71,3254,0
2023-12-10,Chattanooga,Tenn. Wesleyan,3959967,112,51,2901,0
2023-12-10,VCU,Alcorn,3959962,86,58,6389,0
2023-12-10,Bowling Green,Ohio Dominican,3959941,97,49,1338,0
2023-12-10,Stetson,Johnson (FL),3959940,123,43,417,0
2023-12-10,Col. of Charleston,Rhode Island,3959938,85,70,4974,0
2023-12-10,Miami (FL),Colorado,3959979,63,90,6072,1
2023-12-10,North Dakota St.,Oak Hills Christian,3959957,108,14,1016,0
2023-12-10,North Ala.,Morehead St.,3959973,77,86,1269,0
2023-12-10,Chicago St.,St. Thomas (MN),3959964,50,66,127,0
2023-12-10,UT Martin,Ecclesia,3959966,110,52,731,0
2023-12-10,Eastern Ill.,Central Ark.,3959970,70,73,1060,0
2023-12-10,Texas A&M,Memphis,3959982,75,81,9565,0
2023-12-10,Southern California,Long Beach St.,3959946,79,84,9806,0
2023-12-10,Eastern Ky.,Bethany (WV),3959943,121,56,1347,0
2023-12-10,ETSU,Tennessee Tech,3959945,73,72,4121,0
2023-12-10,UCF,Ole Miss,3959939,68,70,6067,0
2023-12-10,Abilene Christian,Howard Payne,3959984,120,69,1251,0
2023-12-10,St. John's (NY),Boston College,3959999,80,86,6072,1
2023-12-10,UNC Greensboro,Elon,3959997,82,73,1484,0
2023-12-10,Iowa,Michigan,3953969,80,90,10000,0
2023-12-10,Iona,Saint Francis,3960000,61,54,1288,0
2023-12-10,Lipscomb,Tennessee St.,3959992,78,71,1961,0
2023-12-10,Nebraska,Michigan St.,3953975,77,70,14585,0
2023-12-10,Oklahoma St.,Tulsa,3960001,72,57,2200,1
2023-12-10,UAlbany,Temple,3959947,73,78,6072,1
2023-12-10,Washington St.,Grambling,3959937,83,65,2158,0
2023-12-10,Hawaii,Hawaii Pacific,3996491,78,53,4102,0
2023-12-11,Longwood,Gallaudet,3960038,92,61,1537,0
2023-12-11,Tex. A&M-Commerce,Northern Colo.,3960008,101,99,1873,0
2023-12-11,Quinnipiac,Yale,3960035,66,73,1156,0
2023-12-11,South Carolina St.,Jacksonville,3960036,86,85,369,0
2023-12-11,FDU,Columbia,3960030,83,87,582,0
2023-12-11,Robert Morris,Delaware,3960029,69,73,953,0
2023-12-11,Gardner-Webb,North Greenville,3960028,79,60,265,0
2023-12-11,Penn,Howard,3960021,78,68,1062,0
2023-12-11,New Hampshire,Stonehill,3960022,75,62,410,0
2023-12-11,Hampton,Mary Baldwin,3960027,100,53,460,0
2023-12-11,Samford,Alabama A&M,3960006,118,91,1763,0
2023-12-11,Texas St.,Jarvis Christian,3960005,107,58,1008,0
2023-12-11,Gonzaga,Mississippi Val.,3960004,78,40,6000,0
2023-12-11,San Francisco,New Orleans,3960031,85,72,1798,0
2023-12-11,CSUN,Utah Tech,3960026,80,75,438,0
2023-12-12,Southern U.,Champion Chris.,3960055,109,61,1679,0
2023-12-12,UMass Lowell,LIU,3960076,78,65,475,0
2023-12-12,Seton Hall,Monmouth,3960077,70,61,8053,0
2023-12-12,Troy,Southern-N.O.,3960052,110,63,1958,0
2023-12-12,Maryland,Alcorn,3954324,105,65,10008,0
2023-12-12,Louisiana Tech,Southeastern La.,3960068,89,60,2031,0
2023-12-12,Tennessee Tech,Bethel (TN),3960073,81,74,465,0
2023-12-12,Radford,VMI,3960083,73,56,1413,0
2023-12-12,Tennessee,Ga. Southern,3960043,74,56,16013,0
2023-12-12,NC State,UT Martin,3960078,81,67,11326,0
2023-12-12,George Washington,Bowie St.,3960044,88,73,1204,0
2023-12-12,South Fla.,Ark.-Pine Bluff,3960099,104,86,2643,0
2023-12-12,Cincinnati,Bryant,3960047,85,53,9303,0
2023-12-12,N.C. A&T,N.C. Central,3960094,62,67,4033,0
2023-12-12,Saint Peter's,UMBC,3960049,66,60,560,0
2023-12-12,Wright St.,Western Ky.,3960093,84,91,3138,0
2023-12-12,Duke,Hofstra,3960090,89,68,9314,0
2023-12-12,Campbell,Pfeiffer,3960053,88,59,787,0
2023-12-12,Sam Houston,ULM,3960054,63,62,599,0
2023-12-12,UIC,Green Bay,3960082,68,70,1265,0
2023-12-12,Southern Ill.,Austin Peay,3960081,68,70,4463,0
2023-12-12,Lindenwood,Avila,3960080,81,64,328,0
2023-12-12,North Dakota,Waldorf,3960079,87,36,1273,0
2023-12-12,Minnesota,IU Indy,3954498,101,65,6581,0
2023-12-12,UNI,Prairie View,3960050,74,55,3117,0
2023-12-12,Tarleton St.,Sterling (KS),3996212,85,47,605,0
2023-12-12,Kansas City,Tabor,3960091,80,57,703,0
2023-12-12,Georgetown,Coppin St.,3960110,71,54,2924,0
2023-12-12,New Mexico St.,Northern N.M.,3960048,76,71,3961,0
2023-12-12,Boise St.,Northwestern St.,3960046,95,54,8471,0
2023-12-12,Texas Tech,Oral Roberts,3960109,82,76,10280,0
2023-12-12,Oregon,California Baptist,3960051,76,55,4582,0
2023-12-13,Presbyterian,Mid-Atlantic Christ.,3960121,118,51,1007,0
2023-12-13,Rice,UIW,3960117,80,57,3466,0
2023-12-13,Howard,Regent,3960119,88,49,298,0
2023-12-13,Princeton,Bryn Athyn,3960125,92,40,995,0
2023-12-13,Stony Brook,Norfolk St.,3960115,84,78,1812,0
2023-12-13,Toledo,Marshall,3960116,88,87,3878,0
2023-12-13,Charleston So.,North Ala.,3960193,64,76,562,0
2023-12-13,Dartmouth,Boston U.,3960164,63,54,449,0
2023-12-13,Queens (NC),App State,3960141,81,93,1534,0
2023-12-13,Fla. Atlantic,FIU,3960114,94,60,3161,0
2023-12-13,Little Rock,UTSA,3960136,93,84,1224,0
2023-12-13,Mississippi St.,Murray St.,3960135,85,81,6804,0
2023-12-13,Louisville,Arkansas St.,3960192,63,75,10401,0
2023-12-13,Auburn,UNC Asheville,3960120,87,62,6556,1
2023-12-13,McNeese,Southern Miss.,3960166,67,48,3494,0
2023-12-13,Alabama A&M,UAB,3960165,82,93,2893,0
2023-12-13,Liberty,Tennessee St.,3960189,74,52,2311,0
2023-12-13,Northwestern,Chicago St.,3954557,73,75,4153,0
2023-12-13,Milwaukee,Longwood,3960159,67,80,1551,0
2023-12-13,LSU,Alabama St.,3960162,74,56,7104,0
2023-12-13,Louisiana,Eastern Ky.,3960118,73,62,1417,0
2023-12-13,BYU,Denver,3960111,90,74,13349,0
2023-12-13,UNLV,Creighton,3960132,79,64,2725,1
2023-12-13,Eastern Wash.,Portland Bible,3960113,103,34,589,0
2023-12-13,Santa Clara,Utah St.,3960112,82,84,1107,0
2023-12-13,Nevada,Weber St.,3960151,72,55,7062,0
2023-12-13,San Francisco,Seattle U,3960156,62,59,2112,0
2023-12-14,Jacksonville,Trinity Baptist,3960203,91,54,412,0
2023-12-14,Youngstown St.,Bethany (WV),3960218,107,70,1788,0
2023-12-14,Wisconsin,Jacksonville St.,3953740,75,60,12816,0
2023-12-14,Morehead St.,St. Mary-Woods,3960197,102,33,1175,0
2023-12-14,Col. of Charleston,The Citadel,3960194,86,71,4911,0
2023-12-14,Northern Ky.,Cumberlands (KY),3960231,94,59,2475,0
2023-12-14,Tulane,Furman,3960212,117,110,1236,0
2023-12-14,Campbell,Saint Augustine's,3960229,97,48,801,0
2023-12-14,Florida,East Carolina,3960199,70,65,3073,1
2023-12-14,New Orleans,Birmingham-So.,3960227,91,51,711,0
2023-12-14,Marquette,St. Thomas (MN),3960226,84,79,14950,0
2023-12-14,South Dakota St.,Mayville St.,3960219,94,62,1279,0
2023-12-14,Lamar University,ULM,3960196,97,73,1014,0
2023-12-14,Drake,Grambling,3960195,68,56,2864,0
2023-12-15,Elon,Bridgewater (VA),3960251,104,70,1319,0
2023-12-15,ETSU,Tusculum,3960284,105,43,2379,0
2023-12-15,N.C. Central,St. Andrews,3960282,102,50,1263,0
2023-12-15,Butler,Saginaw Valley,3960275,96,70,6431,0
2023-12-15,Saint Francis,Mount St. Mary's,3960243,65,72,502,0
2023-12-15,UTRGV,A&M-Corpus Christi,3960270,76,86,1012,0
2023-12-15,Sam Houston,Texas St.,3960245,60,73,714,0
2023-12-15,Bradley,Cleveland St.,3960271,69,76,4842,0
2023-12-15,Colorado,Northern Colo.,3960244,90,68,7177,0
2023-12-15,New Mexico St.,New Mexico,3960277,72,73,5182,0
2023-12-15,Fresno St.,CSU Bakersfield,3960249,61,58,3166,0
2023-12-15,Gonzaga,UConn,3960295,63,76,16405,1
2023-12-15,San Diego,Portland St.,3960248,69,65,857,0
2023-12-16,Miami (FL),La Salle,3960331,84,77,6407,0
2023-12-16,Texas,LSU,3960328,96,85,12152,1
2023-12-16,IU Indy,Lindenwood,3960329,67,73,619,0
2023-12-16,Penn St.,Georgia Tech,3996118,81,82,12720,1
2023-12-16,Indiana,Kansas,3727928,71,75,17222,0
2023-12-16,Liberty,St. Andrews,3960338,99,26,2230,0
2023-12-16,Rutgers,LIU,3728728,83,61,8000,0
2023-12-16,Niagara,NJIT,3960353,89,81,362,0
2023-12-16,Providence,Sacred Heart,3960361,78,64,8813,0
2023-12-16,Ball St.,Indiana St.,3960323,72,83,17315,1
2023-12-16,UIC,Western Mich.,3960341,89,68,1329,0
2023-12-16,Tulane,Southern U.,3960337,105,81,1407,0
2023-12-16,Santa Clara,Washington St.,3960325,69,61,4509,1
2023-12-16,Hampton,James Madison,3960387,71,88,2068,0
2023-12-16,Presbyterian,Kennesaw St.,3960383,84,94,514,0
2023-12-16,Drexel,UAlbany,3960380,71,52,991,0
2023-12-16,Pittsburgh,South Carolina St.,3960378,86,50,8370,0
2023-12-16,North Florida,Trinity Baptist,3960366,113,72,1009,0
2023-12-16,Mercer,FGCU,3960315,70,65,1009,0
2023-12-16,Hofstra,Norfolk St.,3960309,74,58,1969,0
2023-12-16,Monmouth,Rider,3960307,77,71,1776,0
2023-12-16,Le Moyne,Dartmouth,3960305,80,54,480,0
2023-12-16,Bowling Green,Kansas City,3960301,79,69,1561,0
2023-12-16,VCU,Temple,3960298,87,78,7189,0
2023-12-16,Michigan St.,Baylor,3953977,88,64,13277,1
2023-12-16,Bryant,Towson,3960398,101,93,3877,1
2023-12-16,Notre Dame,Georgetown,3960400,68,72,7140,0
2023-12-16,Houston,Texas A&M,3960363,70,66,12152,1
2023-12-16,Michigan,Eastern Mich.,3954103,83,66,11761,0
2023-12-16,Western Ky.,Austin Peay,3960316,65,64,3109,0
2023-12-16,Northwestern St.,Rice,3960354,51,76,333,0
2023-12-16,Ohio St.,UCLA,3984736,67,60,17058,1
2023-12-16,Memphis,Clemson,3960296,79,77,15052,0
2023-12-16,Ga. Southern,UNCW,3960411,77,82,1127,0
2023-12-16,Davidson,Lynchburg,4472990,98,63,2148,0
2023-12-16,Samford,Belmont,3960311,99,93,2196,0
2023-12-16,Tennessee St.,Boyce,3960397,117,59,239,0
2023-12-16,Tulsa,Missouri St.,3960396,73,72,3558,0
2023-12-16,St. John's (NY),Fordham,3960300,77,55,12720,1
2023-12-16,Bucknell,Radford,3960442,63,70,892,0
2023-12-16,Murray St.,Southeastern La.,3960308,55,61,4818,0
2023-12-16,Valparaiso,Chicago St.,3960303,62,63,1222,0
2023-12-16,Virginia Tech,Vermont,3960462,73,51,4918,0
2023-12-16,Utah,Utah Valley,3960297,76,62,8349,0
2023-12-16,Tennessee Tech,North Ala.,3960420,70,67,701,0
2023-12-16,Northern Ariz.,Southern Utah,3960393,76,74,501,0
2023-12-16,South Fla.,Loyola Chicago,3960586,77,64,4959,0
2023-12-16,Bellarmine,Evansville,3960467,61,70,2438,0
2023-12-16,Utah St.,San Francisco,3960327,54,53,4352,1
2023-12-16,App State,Gardner-Webb,3960320,80,59,423,1
2023-12-16,St. Bonaventure,Fla. Atlantic,3960479,54,64,2745,1
2023-12-16,LMU (CA),UC Santa Barbara,3960326,59,68,4509,1
2023-12-16,Iowa,Florida A&M,3953973,88,52,14786,1
2023-12-16,Delaware,Rhode Island,3960318,67,56,3877,1
2023-12-16,Purdue,Arizona,3953868,92,84,17315,1
2023-12-16,USC Upstate,Western Caro.,3960313,53,70,414,0
2023-12-16,UMass Lowell,Central Conn. St.,3960312,54,57,1379,0
2023-12-16,UT Arlington,Air Force,3960491,76,73,3752,1
2023-12-16,Pacific,UC Davis,3960370,61,82,932,0
2023-12-16,DePaul,Northwestern,3954558,46,56,4957,0
2023-12-16,Georgia,High Point,3960492,66,58,6523,0
2023-12-16,Kentucky,North Carolina,3960493,87,83,17058,1
2023-12-16,Arkansas,Lipscomb,3960299,69,66,16361,0
2023-12-16,George Mason,Loyola Maryland,3960507,62,54,2780,0
2023-12-16,FIU,Trinity (FL),3996539,146,55,586,0
2023-12-16,South Carolina,Charleston So.,3960302,73,69,10006,0
2023-12-16,Virginia,Northeastern,3960496,56,54,13676,0
2023-12-16,Massachusetts,West Virginia,3960501,87,79,4264,1
2023-12-16,Wichita St.,Southern Ill.,3960371,69,68,7187,0
2023-12-16,Marshall,UNC Greensboro,3960317,72,65,3933,0
2023-12-16,Richmond,Charlotte,3960508,64,56,5222,0
2023-12-16,Purdue Fort Wayne,Bethune-Cookman,3960510,86,63,1089,0
2023-12-16,Iona,Saint Joseph's,3960513,58,83,3877,1
2023-12-16,Cincinnati,Dayton,3960304,68,82,12547,1
2023-12-16,UNLV,Saint Mary's (CA),3960478,67,69,4509,1
2023-12-16,Xavier,Winthrop,3960517,75,59,10224,0
2023-12-16,Texas Tech,Vanderbilt,3960500,76,54,7219,1
2023-12-16,Ole Miss,California,3960485,88,78,2279,1
2023-12-16,Alabama A&M,Chattanooga,3960512,72,88,1227,0
2023-12-16,Houston Christian,Champion Chris.,3960511,107,72,391,0
2023-12-16,Creighton,Alabama,3960347,85,82,17401,0
2023-12-16,Florida St.,SMU,3960520,57,68,4301,0
2023-12-16,UC Riverside,California Baptist,3960489,69,70,669,0
2023-12-16,Saint Louis,Louisiana Tech,3960310,75,74,4789,0
2023-12-16,Wyoming,Weber St.,3960306,71,84,3447,0
2023-12-16,Utah Tech,North Dakota,3960506,62,79,1176,0
2023-12-16,BYU,Georgia St.,3960502,86,54,13819,0
2023-12-16,Montana St.,SAGU American Indian,3960497,106,81,1586,0
2023-12-16,Oklahoma,Green Bay,3960314,81,47,7012,0
2023-12-16,N.C. A&T,Texas Southern,3960522,85,79,1306,1
2023-12-16,Grand Canyon,Portland,3960519,91,63,4509,1
2023-12-16,TCU,Arizona St.,3960319,79,59,4890,1
2023-12-16,Tennessee,NC State,3960523,79,70,2481,1
2023-12-16,UC Irvine,South Dakota,3960505,121,78,1923,0
2023-12-16,Howard,Jackson St.,3960618,74,81,1306,1
2023-12-17,Navy,Washington Col.,3960543,91,33,1115,0
2023-12-17,Auburn,Southern California,3960525,91,75,9121,0
2023-12-17,Army West Point,Stony Brook,3960548,74,78,854,0
2023-12-17,Oregon,Syracuse,3960540,63,83,3138,1
2023-12-17,Illinois,Colgate,3954358,74,57,14026,0
2023-12-17,Omaha,Stetson,3960542,88,80,1839,0
2023-12-17,Longwood,VMI,3960537,68,49,2337,0
2023-12-17,Robert Morris,Saint Vincent,3960564,95,46,729,0
2023-12-17,Stonehill,Hartford,3960526,71,44,344,0
2023-12-17,Wofford,Ky. Christian,3960557,105,54,871,0
2023-12-17,Louisville,Pepperdine,3960565,85,63,10475,0
2023-12-17,Fairfield,Wagner,3960562,63,51,1615,0
2023-12-17,Akron,Miami-Hamilton,3960527,88,45,2605,0
2023-12-17,UNI,Alcorn,3960531,100,82,3201,0
2023-12-17,St. Thomas (MN),Crown (MN),3960556,85,66,744,0
2023-12-17,UAB,Montevallo,3960534,92,56,3576,0
2023-12-17,Oregon St.,UTSA,3960536,66,65,2440,0
2023-12-17,Eastern Ill.,Blackburn,3960559,87,66,960,0
2023-12-17,Kansas St.,Nebraska,3995907,46,62,10206,0
2023-12-17,Boise St.,Cal St. Fullerton,3960528,88,65,9178,0
2023-12-17,Eastern Ky.,Northern Ky.,3960601,75,85,3046,0
2023-12-17,Mississippi St.,North Texas,3960587,72,54,2662,1
2023-12-17,McNeese,Louisiana,3960582,74,72,4300,0
2023-12-17,Southeast Mo. St.,Lindsey Wilson,3960581,87,59,1869,0
2023-12-17,Abilene Christian,UTEP,3960580,88,82,1469,0
2023-12-17,Illinois St.,North Dakota St.,3960529,75,65,2953,0
2023-12-17,Stanford,Idaho,3960538,82,64,4345,0
2023-12-17,San Jose St.,Montana,3960533,75,86,1701,0
2023-12-17,Missouri,Seton Hall,3960606,87,93,7062,1
2023-12-17,Oklahoma St.,Oral Roberts,3960598,81,60,6170,0
2023-12-17,Colorado St.,CSU Pueblo,3960600,86,54,5739,0
2023-12-17,Texas Southern,Howard,3960615,79,78,1306,1
2023-12-17,Iowa St.,Florida A&M,3960530,96,58,13081,0
2023-12-17,Seattle U,Washington,3960607,99,100,5702,0
2023-12-17,Jackson St.,N.C. A&T,3960324,68,60,1306,1
2023-12-17,Hawaii,Nevada,3960532,66,72,4794,0
2023-12-18,Drexel,Penn St.-Gr Allegheny,3960635,117,49,1367,0
2023-12-18,Jacksonville,ULM,3960638,75,65,400,0
2023-12-18,A&M-Corpus Christi,Texas Lutheran,3960634,102,50,1400,0
2023-12-18,Tex. A&M-Commerce,Arlington Baptist,3960636,130,53,191,0
2023-12-18,Prairie View,North American,3960647,92,61,375,0
2023-12-18,Col. of Charleston,Coastal Carolina,3960619,84,81,4993,0
2023-12-18,UNC Asheville,South Carolina St.,3960677,79,75,1028,0
2023-12-18,Youngstown St.,Westminster (PA),3960681,117,45,2078,0
2023-12-18,Campbell,Morgan St.,3960627,83,76,871,0
2023-12-18,Marshall,Bluefield Univ.,4489319,103,70,3653,0
2023-12-18,Dartmouth,Thomas (ME),3960706,77,48,385,0
2023-12-18,Norfolk St.,Southern Va.,3960704,108,52,1003,0
2023-12-18,Marist,UMES,3960700,76,52,697,0
2023-12-18,Le Moyne,Houghton,3960695,92,72,292,0
2023-12-18,Ohio,Defiance,3960692,108,28,3108,0
2023-12-18,Duquesne,Bradley,3960629,69,67,1375,1
2023-12-18,Wake Forest,Delaware St.,3960626,88,59,6423,0
2023-12-18,Holy Cross,Quinnipiac,3960625,57,77,654,0
2023-12-18,UCF,Maine,3960621,74,51,5014,0
2023-12-18,Michigan St.,Oakland,3953978,79,62,14797,0
2023-12-18,Little Rock,Murray St.,3960683,80,66,832,0
2023-12-18,Tarleton St.,Jacksonville St.,3960688,62,65,1754,0
2023-12-18,Chicago St.,UTRGV,3960690,78,68,72,0
2023-12-18,Lamar University,Southern Miss.,3960708,79,82,1122,0
2023-12-18,Western Ill.,Eureka,3960686,92,56,567,0
2023-12-18,SIUE,Cent. Christian Bib.,3960696,99,56,673,0
2023-12-18,Ark.-Pine Bluff,Ecclesia,4470478,125,75,526,0
2023-12-18,Texas St.,LeTourneau,3960620,110,68,1114,0
2023-12-18,Evansville,UT Martin,3960623,98,91,4112,0
2023-12-18,NIU,Calumet Col.,3960622,92,48,747,0
2023-12-18,Denver,Adams St.,3960702,89,83,1089,0
2023-12-18,Sacramento St.,UC San Diego,3960675,52,83,574,0
2023-12-18,Pacific,Stanislaus St.,3960691,68,46,736,0
2023-12-18,LMU (CA),Detroit Mercy,3960687,76,56,926,0
2023-12-18,Cal Poly,Eastern Wash.,3960703,53,62,1387,0
2023-12-18,Fresno St.,Portland St.,3960628,72,75,3003,0
2023-12-19,Bowling Green,Hampton,3960740,75,65,2995,0
2023-12-19,Georgia St.,Toccoa Falls,3960754,122,45,2034,0
2023-12-19,Valparaiso,Samford,3960767,61,79,1100,0
2023-12-19,Southern U.,Wiley,3960746,82,49,1589,0
2023-12-19,Ga. Southern,FGCU,3960752,42,53,706,1
2023-12-19,Notre Dame,The Citadel,3960832,45,65,4377,0
2023-12-19,Binghamton,Niagara,3960838,74,69,1533,0
2023-12-19,Butler,Georgetown,3960839,74,64,6915,0
2023-12-19,Indiana,Morehead St.,3727929,69,68,15852,0
2023-12-19,Alabama St.,Southern California,3960739,59,79,7500,0
2023-12-19,Vanderbilt,Western Caro.,3960738,62,63,5146,0
2023-12-19,Memphis,Virginia,3960732,77,54,13554,0
2023-12-19,Ole Miss,Troy,3960833,74,53,7981,0
2023-12-19,Chattanooga,Gardner-Webb,3960852,69,66,3026,0
2023-12-19,Mercer,Queens (NC),3960748,84,65,839,0
2023-12-19,UAlbany,Sacred Heart,3960743,93,79,1415,0
2023-12-19,South Carolina,Winthrop,3960741,72,62,9455,0
2023-12-19,Central Conn. St.,Northeastern,3960736,74,79,1015,0
2023-12-19,Central Mich.,Davenport,3960734,90,66,1011,0
2023-12-19,Furman,Presbyterian,3960733,76,61,1817,0
2023-12-19,FIU,Stetson,3960866,68,80,709,0
2023-12-19,Wright St.,Miami (OH),3960863,92,82,3814,0
2023-12-19,Indiana St.,Tennessee St.,3960861,90,69,4291,0
2023-12-19,Kennesaw St.,Brescia,3960860,91,59,1327,0
2023-12-19,George Mason,Bridgewater (VA),3960857,84,60,2427,0
2023-12-19,Cincinnati,Merrimack,3960856,65,49,9477,0
2023-12-19,James Madison,Coppin St.,3960854,87,48,3214,0
2023-12-19,High Point,UNC Greensboro,3960846,74,63,3617,0
2023-12-19,Siena,Cornell,3960845,74,95,4902,0
2023-12-19,Michigan,Florida,3954104,101,106,7027,1
2023-12-19,SFA,New Mexico St.,3960745,75,72,1710,0
2023-12-19,Northwestern St.,Southern-N.O.,3960840,99,75,510,0
2023-12-19,Oral Roberts,John Brown,3960862,71,59,5417,0
2023-12-19,Drake,Alcorn,3960747,92,55,2715,0
2023-12-19,SMU,Houston Christian,3960737,89,53,4330,0
2023-12-19,Loyola Chicago,Charleston So.,3960843,72,59,2004,0
2023-12-19,Missouri St.,Lindenwood,3960742,79,57,2031,0
2023-12-19,Tulsa,Mississippi Val.,3960872,79,50,2773,0
2023-12-19,Southern Ind.,St. Francis (IL),3960851,79,47,1469,0
2023-12-19,Southern Ill.,North Dakota St.,3960853,76,63,3932,0
2023-12-19,Florida St.,North Florida,3960883,91,75,4056,0
2023-12-19,Maryland,Nicholls,3954325,73,67,11004,0
2023-12-19,Providence,Marquette,3960885,72,57,12108,0
2023-12-19,UC Davis,Montana,3960835,61,73,941,0
2023-12-19,Montana St.,Southern Utah,3960865,89,88,2229,0
2023-12-19,San Diego St.,St. Katherine,3960744,91,57,11932,0
2023-12-19,Saint Mary's (CA),Middle Tenn.,3960842,71,34,2931,0
2023-12-19,UCLA,CSUN,3960735,72,76,7274,0
2023-12-19,Long Beach St.,Cal St. Dom. Hills,3960848,107,78,1602,0
2023-12-19,CSU Bakersfield,South Dakota,3960847,96,76,876,0
2023-12-19,California Baptist,Western Ky.,3960841,70,73,2522,0
2023-12-20,Central Ark.,Western Ill.,3960910,54,65,745,0
2023-12-20,Oklahoma St.,Wofford,3960954,76,70,5637,0
2023-12-20,N.C. Central,Longwood,3960924,79,70,782,0
2023-12-20,UT Martin,William Woods,3960918,78,75,675,0
2023-12-20,Lipscomb,Bryan,3960961,101,55,435,0
2023-12-20,California,UC San Diego,3960887,71,67,2516,0
2023-12-20,Duke,Baylor,3960943,78,70,18512,1
2023-12-20,Seton Hall,UConn,3960951,75,60,9441,0
2023-12-20,Delaware,Rider,3960963,85,88,1582,0
2023-12-20,St. John's (NY),Xavier,3960948,81,66,5602,0
2023-12-20,West Virginia,Radford,3960947,65,66,9019,0
2023-12-20,Georgia,Mount St. Mary's,3960888,94,82,6045,0
2023-12-20,East Carolina,Delaware St.,3960945,79,50,3878,0
2023-12-20,Pittsburgh,Purdue Fort Wayne,3960953,62,48,7641,0
2023-12-20,Southeastern La.,Grambling,3960939,48,47,443,0
2023-12-20,Saint Francis,Robert Morris,3960957,73,75,336,0
2023-12-20,South Dakota St.,Wyoming,3960942,65,78,4193,1
2023-12-20,Toledo,Vermont,3960960,60,86,4031,0
2023-12-20,Dayton,Oakland,3960893,91,67,13407,0
2023-12-20,NC State,Saint Louis,3960944,82,70,12555,0
2023-12-20,Nebraska,North Dakota,3995908,83,75,13387,0
2023-12-20,Belmont,Arkansas St.,3960892,74,70,2052,0
2023-12-20,ETSU,Kansas City,3960899,70,57,3281,0
2023-12-20,Grand Canyon,Sam Houston,3960946,76,64,7186,0
2023-12-20,Rice,Prairie View,3960962,82,56,1717,0
2023-12-20,Utah Valley,Liberty,3960940,63,79,1407,0
2023-12-20,Iowa,UMBC,3953976,103,81,8357,0
2023-12-20,Chicago St.,Bethune-Cookman,3960890,55,54,693,0
2023-12-20,Evansville,Tennessee Tech,3960894,82,51,4715,0
2023-12-20,Arizona St.,Northwestern,3954559,46,65,11812,1
2023-12-20,Oklahoma,North Carolina,3960969,69,81,16344,1
2023-12-20,Creighton,Villanova,3960968,66,68,17333,0
2023-12-20,UTEP,Norfolk St.,3960898,67,65,4193,1
2023-12-20,New Mexico,UC Irvine,3960966,78,65,11536,0
2023-12-20,Denver,Northern N.M.,3960959,90,57,479,0
2023-12-20,Gonzaga,Jackson St.,3960886,100,76,6000,0
2023-12-20,Utah,Bellarmine,3960938,85,43,7310,0
2023-12-20,UC Santa Barbara,Howard,3960965,94,81,1073,0
2023-12-20,San Francisco,Northern Ariz.,3960964,91,51,1582,0
2023-12-20,Seattle U,Louisiana Tech,3960949,79,73,702,0
2023-12-20,San Jose St.,Santa Clara,3960896,81,78,2135,0
2023-12-20,Cal St. Fullerton,Pacific,3960895,67,56,518,0
2023-12-20,Arizona,Alabama,3960970,87,74,11812,1
2023-12-21,Western Caro.,Brescia,3961005,85,47,3365,0
2023-12-21,Sacred Heart,Dartmouth,3961006,67,57,2400,0
2023-12-21,Morehead St.,Alice Lloyd,3960998,101,39,1077,0
2023-12-21,Fordham,Central Conn. St.,3961007,80,82,2800,0
2023-12-21,Charleston So.,Ky. Christian,4489375,103,79,156,0
2023-12-21,Mercer,Thomas (GA),3960997,98,75,437,0
2023-12-21,Eastern Mich.,Hampton,3960972,72,69,1870,0
2023-12-21,George Washington,Alcorn,3961013,79,75,1149,0
2023-12-21,Lafayette,Quinnipiac,3961019,60,78,864,0
2023-12-21,Youngstown St.,Navy,3961016,75,65,2463,0
2023-12-21,Harvard,Holy Cross,3961015,74,72,1124,0
2023-12-21,Monmouth,Manhattan,3960981,77,71,1407,0
2023-12-21,Texas Tech,UT Arlington,3961008,77,66,8940,0
2023-12-21,UIC,UIW,3960978,66,67,1154,0
2023-12-21,La Salle,Rosemont,3960980,107,41,1045,0
2023-12-21,UNC Greensboro,Virginia-Lynchburg,3960993,135,57,352,0
2023-12-21,Temple,Nevada,3961004,56,80,4927,1
2023-12-21,Wake Forest,Presbyterian,3960991,91,68,6775,0
2023-12-21,Little Rock,Jacksonville St.,3961021,60,90,1256,0
2023-12-21,Air Force,Northern Colo.,3961014,79,83,1827,0
2023-12-21,Weber St.,Park (AZ),3961053,90,39,2046,0
2023-12-21,Coastal Carolina,N.C. A&T,3961055,82,85,1033,0
2023-12-21,Sacramento St.,Bethesda (CA),3961018,100,45,351,0
2023-12-21,Virginia Tech,American,3961017,77,55,4886,0
2023-12-21,Syracuse,Niagara,3961058,83,71,18239,0
2023-12-21,Old Dominion,TCU,3961044,87,111,4927,1
2023-12-21,Cleveland St.,Western Mich.,3961037,90,77,1473,0
2023-12-21,Boston College,Lehigh,3961038,85,69,5042,0
2023-12-21,Louisville,Kentucky,3961040,76,95,17293,0
2023-12-21,Rhode Island,New Hampshire,3961041,71,81,3300,0
2023-12-21,Ohio St.,New Orleans,3984739,78,36,11749,0
2023-12-21,Purdue,Jacksonville,3953869,100,57,14877,0
2023-12-21,Tennessee,Tarleton St.,3960971,65,46,17609,0
2023-12-21,Michigan St.,Stony Brook,3953980,99,55,14797,0
2023-12-21,Akron,Gardner-Webb,3960976,94,90,2756,0
2023-12-21,Colorado,Utah Tech,3960990,98,71,6426,0
2023-12-21,Norfolk St.,South Dakota St.,4472983,84,65,4310,1
2023-12-21,Pepperdine,William & Mary,3961025,71,59,206,0
2023-12-21,Oregon St.,Idaho St.,3960994,76,57,2576,0
2023-12-21,FDU,Fairfield,3961059,69,92,703,0
2023-12-21,Richmond,Buffalo,3961056,72,66,4897,0
2023-12-21,Davidson,USC Upstate,3961052,62,59,2839,0
2023-12-21,Iona,Colgate,3961051,85,65,1818,0
2023-12-21,Central Mich.,Detroit Mercy,3961049,75,63,1178,0
2023-12-21,IU Indy,Defiance,3961046,90,67,602,0
2023-12-21,App State,UNC Asheville,3961002,63,76,1825,1
2023-12-21,FIU,Maine,3960992,82,74,602,0
2023-12-21,UCF,Florida A&M,3960977,69,56,5066,0
2023-12-21,Marshall,UNCW,3960975,69,78,4034,0
2023-12-21,Col. of Charleston,Saint Joseph's,3960973,89,82,4854,0
2023-12-21,Penn St.,Le Moyne,3954210,72,55,5023,0
2023-12-21,Texas Southern,Samford,3961043,65,87,754,0
2023-12-21,Arkansas,Abilene Christian,3961036,83,73,19200,0
2023-12-21,Green Bay,MSOE,3961035,79,46,1557,0
2023-12-21,Troy,Eastern Ky.,3960986,88,81,1962,0
2023-12-21,UC Riverside,Idaho,3961031,82,67,347,0
2023-12-21,NIU,UNI,3960979,63,76,803,0
2023-12-21,Miami (FL),Stonehill,3961064,97,59,5616,0
2023-12-21,Illinois St.,Southeast Mo. St.,3960982,85,64,3361,0
2023-12-21,Iowa St.,Eastern Ill.,3960983,80,48,12841,0
2023-12-21,Bradley,SIUE,3961045,75,64,4875,0
2023-12-21,St. Thomas (MN),UW-River Falls,3961048,104,51,937,0
2023-12-21,UTSA,Army West Point,3961060,53,63,1193,0
2023-12-21,South Alabama,Alabama A&M,3960995,83,67,1069,0
2023-12-21,Minnesota,Ball St.,3954499,80,63,7261,0
2023-12-21,Houston,Texas St.,3960974,72,37,7231,0
2023-12-21,Kansas St.,Wichita St.,3961063,69,60,18660,0
2023-12-21,Indiana,North Ala.,3727930,83,66,15865,0
2023-12-21,Massachusetts,Georgia Tech,3961066,70,73,5290,1
2023-12-21,UTEP,Wyoming,4472984,78,67,4310,1
2023-12-21,Oregon,Kent St.,3960984,84,70,5056,0
2023-12-21,LSU,Lamar University,3961065,87,66,7388,0
2023-12-21,San Diego St.,Stanford,3960985,74,60,12414,0
2023-12-21,Washington,Eastern Wash.,3960988,73,66,7453,0
2023-12-21,UC Davis,UC Merced,3961042,80,57,1219,0
2023-12-21,Saint Mary's (CA),Northern Ky.,3961047,92,56,2877,0
2023-12-21,San Diego,South Dakota,3960996,69,66,525,0
2023-12-21,Cal Poly,Omaha,3961057,66,53,1381,0
2023-12-21,UNLV,Hofstra,3961061,74,56,5065,0
2023-12-21,Hawaii,Portland,3961039,69,56,5290,1
2023-12-21,Washington St.,Boise St.,3961132,66,61,5146,1
2023-12-22,Bryant,Drexel,3961092,104,86,1201,0
2023-12-22,VMI,Penn St.-New Kens.,3961070,82,65,374,0
2023-12-22,Loyola Maryland,St. Mary's (MD),3961093,91,57,312,0
2023-12-22,Boston U.,UMass Lowell,3961085,63,71,450,0
2023-12-22,Morgan St.,James Madison,3961099,75,89,878,0
2023-12-22,Saint Peter's,Kean,3961096,73,70,463,0
2023-12-22,Charlotte,Greensboro,3961074,91,44,2186,0
2023-12-22,Wright St.,Muskingum,3961097,101,54,3184,0
2023-12-22,NJIT,Medgar Evers,3961133,127,51,313,0
2023-12-22,Miami (OH),Vermont,3961082,70,69,1186,0
2023-12-22,Princeton,Delaware Valley,3961115,84,53,1331,0
2023-12-22,Wagner,Gwynedd Mercy,3961101,98,49,312,0
2023-12-22,South Fla.,UAlbany,3961106,89,73,2759,0
2023-12-22,Merrimack,Bucknell,3961083,68,52,587,0
2023-12-22,Tulane,George Mason,3961110,66,69,1645,0
2023-12-22,Milwaukee,Chattanooga,3961098,85,83,1501,0
2023-12-22,South Carolina St.,Brewton-Parker,3961105,101,84,210,0
2023-12-22,SFA,Paul Quinn,3961076,115,58,1422,0
2023-12-22,Bowling Green,Siena Heights,3961102,79,58,1117,0
2023-12-22,Brown,Siena,3961104,71,67,611,0
2023-12-22,Robert Morris,Cornell,3961103,85,90,625,0
2023-12-22,Texas,A&M-Corpus Christi,3961100,71,55,10704,0
2023-12-22,UAB,Drake,3961079,79,78,3496,0
2023-12-22,Georgia,North Florida,3961069,78,60,6603,0
2023-12-22,Towson,Nicholls,3961073,65,55,2011,0
2023-12-22,Florida,Grambling,3961068,96,57,8023,0
2023-12-22,CSUN,Montana St.,3961095,82,70,418,0
2023-12-22,TCU,Nevada,4303087,75,88,5077,1
2023-12-22,Murray St.,SMU,3961075,65,92,5102,0
2023-12-22,Clemson,Queens (NC),3961112,109,79,6871,0
2023-12-22,South Carolina,Elon,3961071,70,43,10203,0
2023-12-22,High Point,Canisius,3961118,78,70,2855,0
2023-12-22,Cincinnati,Stetson,3961072,83,75,9762,0
2023-12-22,St. Bonaventure,Binghamton,3961121,90,64,3965,0
2023-12-22,Lindenwood,Rockford,3961107,81,54,524,0
2023-12-22,Baylor,Mississippi Val.,3961111,107,48,8794,0
2023-12-22,Florida St.,Winthrop,3961123,67,61,4499,0
2023-12-22,Marquette,Georgetown,3961114,81,51,16930,0
2023-12-22,Southern Ill.,Southern Ind.,3961120,81,50,6024,0
2023-12-22,VCU,UMES,3961117,75,51,7098,0
2023-12-22,FGCU,Fla. Memorial,3961124,78,75,1424,0
2023-12-22,Old Dominion,Temple,4295290,78,63,5077,1
2023-12-22,Auburn,Alabama St.,3961067,82,62,9121,0
2023-12-22,Wisconsin,Chicago St.,3953741,80,53,14104,0
2023-12-22,Rice,Louisiana,3961080,67,84,2232,0
2023-12-22,Notre Dame,Marist,3961127,60,56,5440,0
2023-12-22,San Francisco,Fresno St.,3961109,77,57,1488,0
2023-12-22,Tulsa,New Mexico St.,3961125,65,59,2871,0
2023-12-22,Kansas,Yale,3961122,75,60,16300,0
2023-12-22,Texas A&M,Houston Christian,3961113,79,52,5475,0
2023-12-22,Austin Peay,Ohio,3961081,71,67,3031,0
2023-12-22,Southern Utah,Middle Tenn.,3961084,69,63,1335,0
2023-12-22,Illinois,Missouri,3954359,97,73,18485,1
2023-12-22,BYU,Bellarmine,3961116,101,59,14429,0
2023-12-22,UCLA,Maryland,3954326,60,69,7065,0
2023-12-22,Utah St.,ETSU,3961077,80,65,6804,0
2023-12-22,LMU (CA),Colorado St.,3961119,67,76,1365,0
2023-12-22,Hawaii,Georgia Tech,4308322,68,73,4919,1
2023-12-22,Portland,Massachusetts,4308323,78,100,4919,1
2023-12-23,Mississippi St.,Rutgers,3728729,70,60,5169,1
2023-12-23,Providence,Butler,3961134,85,75,11602,0
2023-12-23,NC State,Detroit Mercy,3961136,83,66,12594,0
2023-12-23,Rider,Penn,3961139,73,77,1650,0
2023-12-23,Mount St. Mary's,LIU,3961138,87,59,1782,0
2023-12-23,West Virginia,Toledo,3961137,91,81,10693,0
2023-12-23,North Texas,UT Arlington,3961140,78,52,3357,0
2023-12-23,Xavier,Seton Hall,3961141,74,54,10224,0
2023-12-23,Ole Miss,Southern Miss.,3961135,89,72,3563,1
2023-12-23,UNC Asheville,Kennesaw St.,3961142,79,70,1579,0
2023-12-23,Arizona,Fla. Atlantic,3961130,95,96,7207,1
2023-12-23,Memphis,Vanderbilt,3961128,77,75,13260,0
2023-12-23,Alabama,Eastern Ky.,3961129,111,67,9950,0
2023-12-23,DePaul,Villanova,3961143,48,84,4523,0
2023-12-23,Santa Clara,Duquesne,3961131,81,73,1034,1
2023-12-23,UConn,St. John's (NY),3961145,69,65,15684,0
2023-12-23,Saint Mary's (CA),Missouri St.,3961144,64,69,3412,0
2023-12-24,Portland,Temple,4213747,54,55,4342,1
2023-12-24,Massachusetts,Old Dominion,4211684,87,65,4342,1
2023-12-24,Hawaii,TCU,4209832,51,65,5005,1
2023-12-24,Georgia Tech,Nevada,4208470,64,72,5005,1
2023-12-27,Bethesda (CA),Grand Canyon,4489436,74,124,483,1
2023-12-27,Virginia,Morgan St.,3961153,79,44,14637,0
2023-12-27,California Baptist,Chicago St.,3961152,74,62,2518,0
2023-12-28,Cleveland St.,Oakland,3961178,75,67,1397,0
2023-12-28,Oklahoma,Central Ark.,3961155,88,72,5692,0
2023-12-28,LIU,UAlbany,3961630,69,86,1704,0
2023-12-28,Jacksonville St.,Fort Valley St.,3961171,93,57,1432,0
2023-12-28,Maryland,Coppin St.,3954327,75,53,10891,0
2023-12-28,Texas Southern,Biblical Stud. (TX),3961173,108,72,770,0
2023-12-28,Bradley,Truman St.,3961175,69,47,4866,0
2023-12-28,UTSA,Prairie View,3961185,103,89,1082,0
2023-12-28,Texas Tech,Sam Houston,3961184,96,60,12271,0
2023-12-28,Tennessee Tech,Little Rock,3961188,75,81,1111,0
2023-12-28,Tennessee St.,UT Martin,3961190,75,91,564,0
2023-12-28,UC Davis,UC Santa Barbara,3961172,76,62,1771,0
2023-12-28,Idaho,Sacramento St.,3961170,61,58,1385,0
2023-12-28,Eastern Wash.,Portland St.,3961154,91,57,1306,0
2023-12-28,Weber St.,Montana,3961180,93,63,5095,0
2023-12-28,Oregon,Southern California,3984856,82,74,8934,0
2023-12-28,Idaho St.,Montana St.,3961174,66,74,1211,0
2023-12-28,Oregon St.,UCLA,3984735,62,69,3087,0
2023-12-28,Cal Poly,CSUN,3961183,73,83,1428,0
2023-12-28,UC San Diego,CSU Bakersfield,3961177,76,64,1019,0
2023-12-28,UC Irvine,UC Riverside,3961176,73,66,2345,0
2023-12-28,Cal St. Fullerton,Long Beach St.,3961182,71,81,1436,0
2023-12-29,IU Indy,Detroit Mercy,3961219,67,55,709,0
2023-12-29,Green Bay,Wright St.,3961218,88,77,1917,0
2023-12-29,Elon,Valparaiso,3961197,82,78,1620,0
2023-12-29,Mercer,Talladega,3961209,74,50,1257,0
2023-12-29,Holy Cross,Elms,3961201,88,60,993,0
2023-12-29,Penn St.,Rider,3954211,90,63,6807,0
2023-12-29,Wofford,Southern Wesleyan,3961228,75,55,843,0
2023-12-29,Tulane,Dillard,3961279,94,64,1103,0
2023-12-29,Winthrop,Toccoa Falls,3961210,113,62,1362,0
2023-12-29,Western Mich.,Aquinas,3961246,127,71,1581,0
2023-12-29,Indiana,Kennesaw St.,3727931,100,87,16689,0
2023-12-29,Miami (FL),North Florida,3961281,95,55,6504,0
2023-12-29,Stony Brook,Brown,3961202,69,65,2429,0
2023-12-29,Purdue Fort Wayne,Northern Ky.,3961304,73,60,1107,0
2023-12-29,South Fla.,Alabama St.,3961314,73,70,3284,0
2023-12-29,Minnesota,Maine,3954500,80,62,8658,0
2023-12-29,Iowa,NIU,3953979,103,74,11846,0
2023-12-29,Stetson,Charlotte,3961294,79,75,458,0
2023-12-29,East Carolina,ETSU,3961287,70,86,4259,0
2023-12-29,Saint Joseph's,Loyola Maryland,3961207,97,56,2872,0
2023-12-29,UCF,Bethune-Cookman,3961293,98,54,5188,0
2023-12-29,Miami (OH),Wilberforce,3961206,119,69,1160,0
2023-12-29,Clemson,Radford,3961299,93,58,7276,0
2023-12-29,Michigan,McNeese,3954105,76,87,12588,0
2023-12-29,Purdue,Eastern Ky.,3953870,80,53,14876,0
2023-12-29,Kentucky,Illinois St.,3961195,96,70,20659,0
2023-12-29,Col. of Charleston,Montreat,3961196,96,59,5027,0
2023-12-29,Buffalo,Niagara,3961302,63,69,4663,0
2023-12-29,Cincinnati,Evansville,3961199,76,58,10977,0
2023-12-29,UMBC,American,3961322,85,87,1087,0
2023-12-29,SFA,New Orleans,3961203,80,51,2120,0
2023-12-29,Nebraska,South Carolina St.,3995909,91,62,14987,0
2023-12-29,Omaha,Denver,3961292,80,95,3707,0
2023-12-29,North Dakota,St. Thomas (MN),3961290,45,70,1637,0
2023-12-29,Texas,UNC Greensboro,3961288,72,37,10616,0
2023-12-29,North Carolina,Charleston So.,3961327,105,60,21750,0
2023-12-29,Northwestern,Jackson St.,3954560,74,63,4938,0
2023-12-29,Saint Mary's (CA),Kent St.,3961256,66,46,3380,0
2023-12-29,UAB,UNC Asheville,3961204,90,85,3392,0
2023-12-29,LSU,Northwestern St.,3961310,96,55,8256,0
2023-12-29,Tulsa,Southwestern Okla.,3961308,95,54,2958,0
2023-12-29,Milwaukee,Robert Morris,3961306,78,75,1722,0
2023-12-29,Kansas City,Oral Roberts,3961303,77,60,1337,0
2023-12-29,North Dakota St.,South Dakota,3961301,66,75,2674,0
2023-12-29,Utah,Washington St.,3961643,80,58,8235,0
2023-12-29,SIUE,Eastern Ill.,3961323,67,58,1627,0
2023-12-29,Southeast Mo. St.,Southern Ind.,3961325,93,91,1470,0
2023-12-29,Pepperdine,Westcliff,4489354,83,47,312,0
2023-12-29,New Mexico,Eastern N.M.,3961312,87,54,11962,0
2023-12-29,Illinois,FDU,3954362,104,71,15544,0
2023-12-29,Colorado,Washington,3996494,73,69,7799,0
2023-12-29,Colorado St.,Adams St.,3961205,106,61,6852,0
2023-12-29,Boise St.,Utah Valley,3961198,85,63,10764,0
2023-12-29,Gonzaga,San Diego St.,3961278,74,84,6000,0
2023-12-29,San Diego,Fresno St.,3961208,67,71,1197,0
2023-12-29,LMU (CA),Tarleton St.,3961291,66,79,818,0
2023-12-29,California,Arizona,3984741,81,100,5947,0
2023-12-29,Stanford,Arizona St.,3961313,73,76,2801,0
2023-12-30,Delaware St.,Mount St. Mary's,3961420,77,73,550,0
2023-12-30,Notre Dame,Virginia,3961419,76,54,7784,0
2023-12-30,St. John's (NY),Hofstra,3961338,84,79,7486,0
2023-12-30,Florida St.,Lipscomb,3961595,75,78,4051,0
2023-12-30,Rutgers,Stonehill,3728730,59,58,8000,0
2023-12-30,Syracuse,Pittsburgh,3961421,81,73,20642,0
2023-12-30,Navy,William & Mary,3961418,77,65,1597,0
2023-12-30,Fordham,Columbia,3961424,87,78,1969,0
2023-12-30,Florida,Quinnipiac,3961333,97,72,9869,0
2023-12-30,Eastern Mich.,Northwood,3961423,67,64,1517,0
2023-12-30,App State,ULM,3961373,67,55,2065,0
2023-12-30,Central Conn. St.,Saint Elizabeth,3961426,99,38,923,0
2023-12-30,Massachusetts,Siena,3961372,79,66,4036,0
2023-12-30,Rhode Island,Northeastern,3961441,82,71,4311,0
2023-12-30,The Citadel,Toccoa Falls,3961428,106,76,1207,0
2023-12-30,Ohio,Davidson,3961388,69,72,12211,1
2023-12-30,Furman,Anderson (SC),3961334,74,79,2107,0
2023-12-30,Michigan St.,Indiana St.,3953982,87,75,14797,0
2023-12-30,Marquette,Creighton,3961436,72,67,18086,0
2023-12-30,Loyola Chicago,Central Mich.,3961422,73,35,2377,0
2023-12-30,Nicholls,Mobile,3961349,74,65,450,0
2023-12-30,North Texas,LSU-Shreveport,3996660,80,57,3091,0
2023-12-30,Dayton,Longwood,3961341,78,69,13407,0
2023-12-30,Duquesne,Cleary,3961342,95,47,2188,0
2023-12-30,South Carolina,Florida A&M,3961348,94,62,11070,0
2023-12-30,Towson,Arcadia,3961351,97,46,2624,0
2023-12-30,Georgia St.,Arkansas St.,3961353,91,90,1644,0
2023-12-30,Boston U.,Merrimack,3961371,74,63,860,0
2023-12-30,Alabama,Liberty,3961382,101,56,6912,1
2023-12-30,VCU,Gardner-Webb,3961452,87,73,7188,0
2023-12-30,Harvard,Iona,3961456,60,69,1636,0
2023-12-30,Bucknell,Saint Peter's,3961459,58,67,814,0
2023-12-30,James Madison,Texas St.,3961460,82,65,4617,0
2023-12-30,La Salle,Howard,3961463,66,71,1732,0
2023-12-30,George Mason,N.C. A&T,3961464,94,69,4554,0
2023-12-30,Presbyterian,JWU (Charlotte),3961466,91,67,271,0
2023-12-30,Marist,Lehigh,3961468,58,65,1872,0
2023-12-30,Duke,Queens (NC),3961470,106,69,9314,0
2023-12-30,Coastal Carolina,Troy,3961471,65,72,1424,0
2023-12-30,Fairfield,Le Moyne,3961473,78,72,2211,0
2023-12-30,Delaware,Princeton,3961475,82,84,3340,0
2023-12-30,Wake Forest,Virginia Tech,3961485,86,63,10055,0
2023-12-30,Sacred Heart,Mercy,3961486,92,63,312,0
2023-12-30,Army West Point,Merchant Marine,3961487,58,50,1113,0
2023-12-30,Georgia,Alabama A&M,3961336,93,73,7793,0
2023-12-30,Southeastern La.,Loyola (LA),3961457,87,64,530,0
2023-12-30,Missouri,Central Ark.,3961472,92,59,10623,0
2023-12-30,Western Ky.,Abilene Christian,3961484,86,84,4011,0
2023-12-30,Jacksonville,Erskine,3961514,79,52,904,0
2023-12-30,Ga. Southern,Southern Miss.,3961518,88,67,1208,0
2023-12-30,Binghamton,Marywood,3961565,108,52,1947,0
2023-12-30,Oregon,UCLA,3995939,64,59,7268,0
2023-12-30,Long Beach St.,CSUN,3961578,68,84,2003,0
2023-12-30,USC Upstate,Coker,3961367,96,76,359,0
2023-12-30,Saint Francis,Campbell,3961358,78,76,603,0
2023-12-30,Marshall,Louisiana,3961339,75,61,4248,0
2023-12-30,George Washington,UMES,3961615,69,63,1020,0
2023-12-30,Cornell,Colgate,3961599,77,64,964,0
2023-12-30,Richmond,Lafayette,3961594,59,38,5484,0
2023-12-30,Western Caro.,King (TN),3961589,90,62,1792,0
2023-12-30,Akron,St. Bonaventure,3961389,61,62,12211,1
2023-12-30,Murray St.,Middle Tenn.,3961359,75,54,5303,0
2023-12-30,DePaul,Chicago St.,3961344,70,58,3806,0
2023-12-30,Kansas,Wichita St.,3961554,86,67,18702,1
2023-12-30,Tennessee Tech,UT Martin,3961531,73,81,1227,0
2023-12-30,Northern Colo.,Northern Ariz.,3961465,92,77,1090,0
2023-12-30,Weber St.,Montana St.,3961352,86,64,4886,0
2023-12-30,Tennessee St.,Little Rock,3961571,90,82,493,0
2023-12-30,A&M-Corpus Christi,Schreiner,3961564,84,61,1055,0
2023-12-30,Pacific,Cal Maritime,3961458,80,66,819,0
2023-12-30,Vanderbilt,Dartmouth,3961343,69,53,5773,0
2023-12-30,Utah Tech,FIU,3961523,96,92,1213,0
2023-12-30,UC Davis,Cal Poly,3961491,71,46,1186,0
2023-12-30,Idaho,Portland St.,3961462,72,77,1616,0
2023-12-30,Eastern Wash.,Sacramento St.,3961345,87,61,1431,0
2023-12-30,BYU,Wyoming,3961330,94,68,17978,0
2023-12-30,San Francisco,Mississippi Val.,3961533,92,42,1773,0
2023-12-30,Idaho St.,Montana,3961572,68,76,1122,0
2023-12-30,Arkansas,UNCW,3961614,106,90,19200,0
2023-12-30,Houston,Penn,3961337,81,42,7216,0
2023-12-30,Memphis,Austin Peay,3961329,81,70,12018,0
2023-12-30,Lamar University,Paul Quinn,3961619,91,64,1233,0
2023-12-30,Manhattan,Wagner,3961370,56,68,909,0
2023-12-30,FGCU,Fla. Atlantic,3961629,72,68,4633,0
2023-12-30,Santa Clara,Yale,3961575,58,66,1751,0
2023-12-30,Old Dominion,South Alabama,3961627,59,61,5479,0
2023-12-30,Texas A&M,Prairie View,3961636,79,54,8610,0
2023-12-30,Southern Ill.,UIC,3961340,62,50,7004,0
2023-12-30,Ohio St.,West Virginia,3984743,78,75,12211,1
2023-12-30,High Point,Bellarmine,3961621,90,85,2742,0
2023-12-30,UTRGV,UIW,3961620,77,74,718,0
2023-12-30,Grand Canyon,Louisiana Tech,3961613,73,70,7436,0
2023-12-30,UC Riverside,UC Santa Barbara,3961609,79,77,375,0
2023-12-30,Southern Utah,Antelope Valley,3961368,95,78,886,0
2023-12-30,UTEP,Seattle U,3961628,61,73,4391,0
2023-12-30,New Mexico St.,California Baptist,3961357,66,61,4226,0
2023-12-30,Auburn,Chattanooga,3961331,101,66,9121,0
2023-12-30,CSU Bakersfield,UC Irvine,3961622,56,75,1081,0
2023-12-30,Nevada,Fresno Pacific,3961355,92,59,8913,0
2023-12-30,Oregon St.,Southern California,3984738,86,70,4318,0
2023-12-30,Hawaii,Cal St. Fullerton,3961360,61,63,5171,0
2023-12-31,UMass Lowell,Emerson,4469260,116,48,455,0
2023-12-31,Iowa St.,New Hampshire,3961639,85,70,14267,0
2023-12-31,Green Bay,Robert Morris,3961649,78,61,1650,0
2023-12-31,IU Indy,Cleveland St.,3961660,77,86,816,0
2023-12-31,Colorado,Washington St.,3961211,74,67,6952,0
2023-12-31,Purdue Fort Wayne,Detroit Mercy,3961665,91,56,1067,0
2023-12-31,Youngstown St.,Oakland,3961669,81,88,2456,0
2023-12-31,Oklahoma St.,South Carolina St.,3961663,86,70,7210,0
2023-12-31,St. Thomas (MN),Kansas City,3961661,77,56,1165,0
2023-12-31,South Dakota St.,North Dakota,3961659,80,61,3029,0
2023-12-31,South Dakota,Omaha,3961658,51,67,1710,0
2023-12-31,Oklahoma,Monmouth,3961640,72,56,6683,0
2023-12-31,UNLV,Carroll (MT),3961651,87,51,4374,0
2023-12-31,Southern U.,Ecclesia,3961664,115,42,1759,0
2023-12-31,Milwaukee,Wright St.,3961667,91,83,1794,0
2023-12-31,Mississippi St.,Bethune-Cookman,3961666,85,62,7035,0
2023-12-31,Lindenwood,Southern Ind.,3961668,62,73,2158,0
2023-12-31,Stanford,Arizona,3984755,100,82,4155,0
2023-12-31,San Diego,Westcliff,3984815,78,65,453,0
2023-12-31,Ole Miss,Bryant,3961676,95,78,7934,0
2023-12-31,Southeast Mo. St.,Morehead St.,3961679,64,83,1849,0
2023-12-31,SIUE,Western Ill.,3961680,70,78,1409,0
2023-12-31,NJIT,Morgan St.,3961688,69,53,363,0
2023-12-31,Jacksonville St.,Trevecca Nazarene,3961682,107,67,1024,0
2023-12-31,Denver,Oral Roberts,3961675,86,89,752,0
2023-12-31,Utah,Washington,3996031,95,90,7468,0
2023-12-31,California,Arizona St.,3961687,69,71,2429,0
2024-01-01,Liberty,Boyce,3961691,88,46,2655,0
2024-01-01,Drexel,Hampton,3961690,99,65,1123,0
2024-01-01,Texas,UT Arlington,3961689,79,62,10713,0
2024-01-01,Texas Tech,North Ala.,3961692,85,57,10048,0
2024-01-01,TCU,Tex. A&M-Commerce,3961694,77,42,6194,0
2024-01-02,Air Force,Utah St.,3961702,60,88,945,0
2024-01-02,UNLV,Bethesda (CA),4489459,112,56,1005,0
2024-01-02,Grambling,Biblical Stud. (TX),3961732,84,72,178,0
2024-01-02,Sam Houston,Dallas,3961729,93,53,616,0
2024-01-02,UMES,Clarks Summit,3961770,95,37,183,0
2024-01-02,UConn,DePaul,3961739,85,56,10299,0
2024-01-02,Pittsburgh,North Carolina,3961746,57,70,9770,0
2024-01-02,Alabama St.,Johnson (FL),3961705,84,53,455,0
2024-01-02,Wisconsin,Iowa,3953742,83,72,15725,0
2024-01-02,Kent St.,Ball St.,3961750,82,69,1796,0
2024-01-02,Maryland,Purdue,3953849,53,67,14314,0
2024-01-02,Boston College,Wake Forest,3961748,78,84,4265,0
2024-01-02,Harvard,UAlbany,3961740,76,71,837,0
2024-01-02,Brown,Vermont,3961754,70,71,623,0
2024-01-02,Georgetown,Creighton,3961757,60,77,4980,0
2024-01-02,Tennessee,Norfolk St.,3961698,87,50,16858,0
2024-01-02,Central Mich.,Buffalo,3961700,64,76,1088,0
2024-01-02,Bowling Green,Eastern Mich.,3961743,92,90,2439,0
2024-01-02,Miami (OH),Western Mich.,3961713,74,83,1005,0
2024-01-02,Fla. Atlantic,East Carolina,3961707,79,64,3161,0
2024-01-02,Ohio,Toledo,3961742,77,86,4016,0
2024-01-02,UIW,Our Lady of the Lake,3961712,83,74,0,0
2024-01-02,Kansas St.,Chicago St.,3961741,62,55,9123,0
2024-01-02,Baylor,Cornell,3961735,98,79,7500,0
2024-01-02,Murray St.,UIC,3961709,85,73,4616,0
2024-01-02,NIU,Akron,3961706,51,73,917,0
2024-01-02,Southern Ill.,Belmont,3961703,73,63,4324,0
2024-01-02,St. John's (NY),Butler,3961773,86,70,5602,0
2024-01-02,Wyoming,San Jose St.,3961708,75,73,3368,0
2024-01-02,Auburn,Penn,3961699,88,68,9121,0
2024-01-02,Duke,Syracuse,3961775,86,66,9314,0
2024-01-02,Drake,Illinois St.,3961711,88,71,2931,0
2024-01-02,UTSA,UAB,3961753,76,78,744,0
2024-01-02,Illinois,Northwestern,3954363,96,66,15119,0
2024-01-02,SMU,Charlotte,3961704,66,54,4513,0
2024-01-02,Colorado St.,New Mexico,3961774,76,68,5165,0
2024-01-03,Central Ark.,Champion Chris.,3961834,120,54,408,0
2024-01-03,Howard,Yale,3961818,78,86,557,0
2024-01-03,UNC Asheville,USC Upstate,3961792,95,67,970,0
2024-01-03,La Salle,George Mason,3961781,62,77,1243,0
2024-01-03,Winthrop,Longwood,3961793,68,60,1426,0
2024-01-03,Providence,Seton Hall,3961835,57,61,11458,0
2024-01-03,Oklahoma St.,Chicago St.,3961830,72,53,5142,0
2024-01-03,Louisiana Tech,Dallas Christian,3961826,96,55,2013,0
2024-01-03,Saint Louis,Loyola Chicago,3961788,73,80,7068,0
2024-01-03,American,Lehigh,3961851,75,66,412,0
2024-01-03,ETSU,Mercer,3961917,80,69,3529,0
2024-01-03,UNC Greensboro,Furman,3961914,79,68,1412,0
2024-01-03,N.C. Central,Truett-McConnell,3961912,112,70,616,0
2024-01-03,The Citadel,Western Caro.,3961909,71,80,1233,0
2024-01-03,Rhode Island,Saint Joseph's,3961906,78,74,3252,0
2024-01-03,Florida St.,Georgia Tech,3961890,82,71,4248,0
2024-01-03,Lafayette,Army West Point,3961889,52,47,1149,0
2024-01-03,Virginia,Louisville,3961883,77,53,13703,0
2024-01-03,Colgate,Loyola Maryland,3961872,78,55,520,0
2024-01-03,Davidson,Dayton,3961856,59,72,3244,0
2024-01-03,Bucknell,Holy Cross,3961855,70,58,824,0
2024-01-03,Navy,Boston U.,3961854,62,60,1007,0
2024-01-03,Wofford,VMI,3961850,87,85,1016,0
2024-01-03,Radford,High Point,3961795,71,85,1142,0
2024-01-03,Massachusetts,Duquesne,3961794,80,61,2561,0
2024-01-03,Charleston So.,Presbyterian,3961791,61,68,587,0
2024-01-03,Indiana St.,Evansville,3961785,87,73,4457,0
2024-01-03,George Washington,Fordham,3961778,113,119,1258,0
2024-01-03,Ohio St.,Rutgers,3728731,76,72,10614,0
2024-01-03,Samford,Chattanooga,3961789,89,74,1083,0
2024-01-03,ULM,Marshall,3961787,57,68,919,0
2024-01-03,Middle Tenn.,Reinhardt,3961786,84,47,2501,0
2024-01-03,Omaha,Northern Ariz.,3961848,81,55,1240,0
2024-01-03,North Dakota,Northern Colo.,3961845,87,97,1365,0
2024-01-03,Miami (FL),Clemson,3961978,95,82,6800,0
2024-01-03,North Dakota St.,Montana,3961882,86,96,1592,0
2024-01-03,South Dakota,Eastern Wash.,3961915,79,93,1424,0
2024-01-03,Valparaiso,Bradley,3961782,61,86,1328,0
2024-01-03,Villanova,Xavier,3961988,66,65,6501,0
2024-01-03,Nebraska,Indiana,3953788,86,70,13446,0
2024-01-03,Tulane,Rice,3961779,84,59,1232,0
2024-01-03,Missouri St.,UNI,3961784,62,64,3276,0
2024-01-03,Notre Dame,NC State,3961989,52,54,4727,0
2024-01-03,VCU,St. Bonaventure,3961776,78,89,6348,0
2024-01-03,UCLA,Stanford,3984758,53,59,6224,0
2024-01-03,Weber St.,South Dakota St.,3961875,75,73,5107,0
2024-01-03,Sacramento St.,Kansas City,3961832,67,64,438,0
2024-01-03,Idaho,St. Thomas (MN),3961828,67,75,1286,0
2024-01-03,Denver,Idaho St.,3961948,95,82,634,0
2024-01-03,Montana St.,Oral Roberts,3961905,76,82,2316,0
2024-01-03,Southern California,California,3984746,82,74,4603,0
2024-01-03,San Diego St.,Fresno St.,3961710,74,47,12414,0
2024-01-04,Sacred Heart,Saint Francis,3962015,79,67,2000,0
2024-01-04,UTRGV,SFA,3962017,78,85,1031,0
2024-01-04,Bellarmine,Austin Peay,3962026,68,84,2749,0
2024-01-04,Northeastern,Stony Brook,3962031,53,62,632,0
2024-01-04,South Fla.,Temple,3962054,76,68,3388,0
2024-01-04,Northern Ky.,Youngstown St.,3962052,79,76,3105,0
2024-01-04,Morehead St.,Tennessee Tech,3962051,82,57,1655,0
2024-01-04,LIU,Wagner,3962048,69,67,489,0
2024-01-04,FGCU,Jacksonville,3962047,80,70,2036,0
2024-01-04,William & Mary,Elon,3962045,77,70,2733,0
2024-01-04,N.C. A&T,Campbell,3962044,76,62,1089,0
2024-01-04,Wright St.,Cleveland St.,3962042,82,70,3572,0
2024-01-04,Eastern Ky.,Lipscomb,3962041,80,72,2476,0
2024-01-04,Delaware,Hampton,3962039,80,53,1824,0
2024-01-04,Detroit Mercy,Green Bay,3962037,51,69,1003,0
2024-01-04,Robert Morris,IU Indy,3962036,92,48,641,0
2024-01-04,Drexel,UNCW,3962034,78,63,1006,0
2024-01-04,Columbia,UMSV,3962014,120,52,673,0
2024-01-04,Merrimack,FDU,3962007,60,56,693,0
2024-01-04,Oakland,Milwaukee,3962006,100,95,2248,0
2024-01-04,Hofstra,Col. of Charleston,3962001,61,73,1412,0
2024-01-04,Monmouth,Towson,3961999,51,43,1484,0
2024-01-04,Stetson,North Florida,3961997,75,74,534,0
2024-01-04,Stonehill,Central Conn. St.,3961992,59,74,230,0
2024-01-04,Michigan St.,Penn St.,3953984,92,61,14797,0
2024-01-04,Troy,Old Dominion,3962002,86,73,2889,0
2024-01-04,South Alabama,App State,3962012,84,91,1646,0
2024-01-04,Tulsa,Memphis,3962011,75,78,4226,0
2024-01-04,Louisiana,James Madison,3962003,61,68,2349,0
2024-01-04,Southern Miss.,Georgia St.,3962005,79,73,3733,0
2024-01-04,Utah Valley,California Baptist,3962023,65,58,1553,0
2024-01-04,Arkansas St.,Ga. Southern,3961990,109,83,1652,0
2024-01-04,Little Rock,SIUE,3962053,88,80,1011,0
2024-01-04,Tarleton St.,UT Arlington,3962029,78,76,1078,0
2024-01-04,Texas St.,Coastal Carolina,3961995,63,71,1086,0
2024-01-04,Southern Ind.,Tennessee St.,3962073,69,67,1258,0
2024-01-04,Western Ill.,Southeast Mo. St.,3962060,68,61,629,0
2024-01-04,Southern Utah,Grand Canyon,3962009,75,96,1007,0
2024-01-04,Wichita St.,North Texas,3961996,62,74,5531,0
2024-01-04,Washington,Oregon,3996495,74,76,8522,0
2024-01-04,UT Martin,Eastern Ill.,3962071,72,79,1368,0
2024-01-04,Michigan,Minnesota,3954106,71,73,10493,0
2024-01-04,New Mexico St.,UTEP,3962000,63,53,5216,0
2024-01-04,Gonzaga,Pepperdine,3961991,86,60,12015,0
2024-01-04,Arizona,Colorado,3984753,97,50,14286,0
2024-01-04,Pacific,San Francisco,3961994,88,92,1429,0
2024-01-04,UC Santa Barbara,UC San Diego,3962043,72,79,1914,0
2024-01-04,CSU Bakersfield,Hawaii,3962028,67,78,1129,0
2024-01-04,Cal Poly,Long Beach St.,3962035,82,89,1482,0
2024-01-04,Seattle U,Utah Tech,3962032,70,53,944,0
2024-01-04,UC Irvine,Cal St. Fullerton,3962030,75,67,1934,0
2024-01-04,UC Riverside,UC Davis,3962038,63,83,257,0
2024-01-04,Washington St.,Oregon St.,3962010,65,58,2524,0
2024-01-04,San Diego,Saint Mary's (CA),3962013,70,81,1159,0
2024-01-04,Arizona St.,Utah,3984797,82,70,6260,0
2024-01-04,LMU (CA),Santa Clara,3961993,57,68,958,0
2024-01-05,Butler,UConn,3962136,81,88,9162,0
2024-01-05,Manhattan,Niagara,3962120,67,81,487,0
2024-01-05,Siena,Fairfield,3962138,69,93,4931,0
2024-01-05,Toledo,Miami (OH),3962319,68,64,4428,0
2024-01-05,Mount St. Mary's,Canisius,3962143,74,69,1307,0
2024-01-05,Saint Peter's,Iona,3962149,69,57,602,0
2024-01-05,Quinnipiac,Rider,3962170,88,84,887,0
2024-01-05,Purdue,Illinois,3953850,83,78,14876,0
2024-01-05,Akron,Bowling Green,3962194,83,67,2394,0
2024-01-05,San Jose St.,Boise St.,3962167,69,78,2287,0
2024-01-06,Fordham,La Salle,3962240,76,81,1687,0
2024-01-06,Seton Hall,Marquette,3962245,78,75,10481,0
2024-01-06,Clemson,North Carolina,3962202,55,65,9000,0
2024-01-06,Iowa,Rutgers,3728732,86,77,9273,0
2024-01-06,South Carolina,Mississippi St.,3962262,68,62,11382,0
2024-01-06,New Hampshire,UMass Lowell,3962244,75,82,823,0
2024-01-06,Louisville,Pittsburgh,3962247,70,83,10883,0
2024-01-06,Georgetown,DePaul,3962249,68,65,5577,0
2024-01-06,N.C. Central,Howard,3962559,73,54,1852,0
2024-01-06,Florida,Kentucky,3962186,85,87,10106,0
2024-01-06,UMBC,Bryant,3962253,67,81,715,0
2024-01-06,Purdue Fort Wayne,Wright St.,3962282,98,106,1237,0
2024-01-06,Villanova,St. John's (NY),3962285,71,81,6501,0
2024-01-06,The Citadel,Samford,3962261,64,80,1648,0
2024-01-06,VMI,Mercer,3962192,64,86,322,0
2024-01-06,Navy,Colgate,3962257,72,80,1457,0
2024-01-06,Army West Point,Holy Cross,3962220,70,57,500,0
2024-01-06,Missouri,Georgia,3962246,68,75,12407,0
2024-01-06,Boston U.,Lafayette,3962234,51,59,553,0
2024-01-06,Wagner,Saint Francis,3962252,71,56,989,0
2024-01-06,Detroit Mercy,Milwaukee,3962277,61,84,889,0
2024-01-06,Kansas,TCU,3962274,83,81,16300,0
2024-01-06,Tex. A&M-Commerce,McNeese,3962272,67,73,446,0
2024-01-06,Houston,West Virginia,3962255,89,55,7387,0
2024-01-06,North Texas,Tulane,3962224,70,56,3374,0
2024-01-06,Evansville,Murray St.,3962200,59,81,7928,0
2024-01-06,Arkansas,Auburn,3962185,51,83,19200,0
2024-01-06,Creighton,Providence,3962271,69,60,17253,0
2024-01-06,Hofstra,Delaware,3962213,76,71,2027,0
2024-01-06,Bucknell,American,3962298,63,71,634,0
2024-01-06,Penn,Dartmouth,3962301,80,51,1949,0
2024-01-06,Ohio,NIU,3962303,78,66,3802,0
2024-01-06,George Mason,Saint Louis,3962309,79,67,3456,0
2024-01-06,NC State,Virginia,3962312,76,60,14821,0
2024-01-06,Presbyterian,UNC Asheville,3962313,80,84,295,0
2024-01-06,Buffalo,Western Mich.,3962316,77,82,2260,0
2024-01-06,Hampton,Campbell,3962317,69,80,537,0
2024-01-06,FDU,Le Moyne,3962320,63,74,273,0
2024-01-06,Ball St.,Central Mich.,3962328,65,71,3612,0
2024-01-06,William & Mary,Drexel,3962333,55,77,3286,0
2024-01-06,Vermont,Maine,3962334,65,58,2704,0
2024-01-06,Princeton,Harvard,3962184,89,58,4831,0
2024-01-06,Stonehill,LIU,3962188,68,73,340,0
2024-01-06,High Point,Gardner-Webb,3962189,85,76,3192,0
2024-01-06,Stetson,Jacksonville,3962198,71,55,515,0
2024-01-06,NJIT,UAlbany,3962201,73,79,323,0
2024-01-06,Towson,UNCW,3962203,67,64,1832,0
2024-01-06,Wisconsin,Nebraska,3953743,88,72,15055,0
2024-01-06,Wake Forest,Miami (FL),3962341,86,82,8706,0
2024-01-06,Northern Ariz.,North Dakota,3962283,74,73,654,0
2024-01-06,Oklahoma St.,Baylor,3962311,70,75,6513,0
2024-01-06,Arkansas St.,Old Dominion,3962182,90,75,2193,0
2024-01-06,ULM,Ga. Southern,3962208,68,76,1007,0
2024-01-06,SFA,UT Arlington,3962211,92,73,2049,0
2024-01-06,Rice,UTSA,3962216,82,89,1424,0
2024-01-06,Southern Miss.,James Madison,3962221,81,71,4107,0
2024-01-06,Oakland,Green Bay,3962222,79,73,3143,0
2024-01-06,Merrimack,Sacred Heart,3962226,82,58,547,0
2024-01-06,Longwood,Charleston So.,3962232,77,56,1423,0
2024-01-06,Morehead St.,Tennessee St.,3962235,78,68,1581,0
2024-01-06,Jackson St.,Alcorn,3962181,88,80,4794,0
2024-01-06,Vanderbilt,Alabama,3962197,75,78,8703,0
2024-01-06,Eastern Mich.,Kent St.,3962467,71,69,3058,0
2024-01-06,Utah Valley,Southern Utah,3962299,80,62,2163,0
2024-01-06,Southern California,Stanford,3984762,93,79,6481,0
2024-01-06,UC Irvine,UC Davis,3962609,74,71,2232,0
2024-01-06,San Diego St.,UNLV,3962273,72,61,12414,0
2024-01-06,South Carolina St.,Norfolk St.,3962564,72,79,135,0
2024-01-06,UNC Greensboro,ETSU,3962561,70,54,1182,0
2024-01-06,Bellarmine,Lipscomb,3962542,70,81,1742,0
2024-01-06,Florida St.,Virginia Tech,3962538,77,74,5025,0
2024-01-06,UMES,Morgan St.,3962534,75,74,183,0
2024-01-06,Western Caro.,Wofford,3962527,70,66,2008,0
2024-01-06,Delaware St.,Coppin St.,3962524,55,53,850,0
2024-01-06,USC Upstate,Winthrop,3962225,80,82,508,0
2024-01-06,Bethune-Cookman,Florida A&M,3962503,98,86,992,0
2024-01-06,VCU,George Washington,3962494,82,84,7207,0
2024-01-06,Charlotte,Fla. Atlantic,3962206,70,68,3785,0
2024-01-06,Georgia Tech,Boston College,3962204,87,95,5052,0
2024-01-06,Richmond,St. Bonaventure,3962599,65,54,6619,0
2024-01-06,South Alabama,Georgia St.,3962231,76,90,2141,0
2024-01-06,Bradley,Missouri St.,3962210,86,60,5174,0
2024-01-06,Loyola Chicago,Duquesne,3962187,72,67,2671,0
2024-01-06,Little Rock,Eastern Ill.,3962463,88,90,987,0
2024-01-06,Southeast Mo. St.,Bethel (TN),3962434,71,61,1423,0
2024-01-06,Houston Christian,Nicholls,3962483,94,98,509,0
2024-01-06,Western Ill.,Lindenwood,3962465,68,57,601,0
2024-01-06,Troy,App State,3962214,66,62,2673,0
2024-01-06,Loyola Maryland,Lehigh,3962585,76,88,307,0
2024-01-06,Kennesaw St.,Queens (NC),3962583,80,77,1921,0
2024-01-06,Eastern Wash.,North Dakota St.,3962199,91,83,1192,0
2024-01-06,New Orleans,Southeastern La.,3962237,68,73,1139,0
2024-01-06,Jacksonville St.,FIU,3962537,70,63,2188,0
2024-01-06,Grambling,Prairie View,3962629,69,63,1273,0
2024-01-06,Texas St.,Marshall,3962195,75,79,1342,0
2024-01-06,South Dakota St.,Montana St.,3962566,89,61,2167,0
2024-01-06,Sam Houston,Louisiana Tech,3962228,81,77,1403,0
2024-01-06,Western Ky.,Liberty,3962238,70,68,5057,0
2024-01-06,Kansas St.,UCF,3962579,77,52,9698,0
2024-01-06,Washington,Oregon St.,3984742,79,72,7376,0
2024-01-06,UIW,A&M-Corpus Christi,3962219,65,75,218,0
2024-01-06,Notre Dame,Duke,3962596,59,67,8066,0
2024-01-06,Tennessee,Ole Miss,3962593,90,64,21932,0
2024-01-06,Seattle U,California Baptist,3962300,48,46,795,0
2024-01-06,Oklahoma,Iowa St.,3962588,71,63,11333,0
2024-01-06,Abilene Christian,UTRGV,3962586,91,89,1521,0
2024-01-06,Stony Brook,Col. of Charleston,3962209,87,93,2416,0
2024-01-06,Southern U.,Texas Southern,3962590,58,51,3259,0
2024-01-06,Mississippi Val.,Alabama St.,3962217,51,54,2315,0
2024-01-06,Illinois St.,Southern Ill.,3962205,64,71,4852,0
2024-01-06,Fresno St.,Nevada,3962236,57,72,5083,0
2024-01-06,Chattanooga,Furman,3962610,73,58,3901,0
2024-01-06,Lamar University,Northwestern St.,3962233,90,70,2768,0
2024-01-06,FGCU,North Florida,3962621,58,78,2272,0
2024-01-06,Elon,N.C. A&T,3962193,77,59,2281,0
2024-01-06,Eastern Ky.,Austin Peay,3962618,69,59,3153,0
2024-01-06,Ark.-Pine Bluff,Alabama A&M,3962239,62,63,1302,0
2024-01-06,Long Beach St.,UC Riverside,3962502,83,75,2546,0
2024-01-06,Oral Roberts,Weber St.,3962615,78,83,5557,0
2024-01-06,Indiana,Ohio St.,3953789,71,65,16584,0
2024-01-06,Texas,Texas Tech,3962612,67,78,10641,0
2024-01-06,St. Thomas (MN),Sacramento St.,3962607,63,50,1306,0
2024-01-06,Arizona St.,Colorado,3984798,76,73,8128,0
2024-01-06,Arizona,Utah,3984757,92,73,14688,0
2024-01-06,Portland,Pacific,3962191,78,64,1237,0
2024-01-06,Northern Colo.,Denver,3962597,86,82,1403,0
2024-01-06,UIC,Valparaiso,3962196,70,64,1689,0
2024-01-06,Idaho St.,Omaha,3962591,63,62,2103,0
2024-01-06,Louisiana,Coastal Carolina,3962218,85,77,2383,0
2024-01-06,CSUN,Hawaii,3962582,76,66,657,0
2024-01-06,Kansas City,Portland St.,3962617,83,67,1030,0
2024-01-06,North Ala.,Central Ark.,3962215,81,84,1756,0
2024-01-06,Southern Ind.,Tennessee Tech,3962623,59,73,2460,0
2024-01-06,Texas A&M,LSU,3962627,53,68,10525,0
2024-01-06,Utah St.,Colorado St.,3962212,77,72,10270,0
2024-01-06,Montana,South Dakota,3962619,82,63,2864,0
2024-01-06,Cal St. Fullerton,UC San Diego,3962526,58,76,642,0
2024-01-06,LMU (CA),Saint Mary's (CA),3962190,64,68,1566,0
2024-01-06,Gonzaga,San Diego,3962183,101,74,6000,0
2024-01-06,Utah Tech,Grand Canyon,3962613,65,75,1492,0
2024-01-06,Washington St.,Oregon,3962230,84,89,2892,0
2024-01-06,Pepperdine,Santa Clara,3962207,72,78,1653,0
2024-01-06,Cal Poly,UC Santa Barbara,3962616,52,61,2687,0
2024-01-06,New Mexico,Wyoming,3962229,77,60,12611,0
2024-01-06,BYU,Cincinnati,3962630,60,71,16879,0
2024-01-06,UCLA,California,3984749,57,66,7342,0
2024-01-07,Penn St.,Michigan,3954107,79,73,6200,0
2024-01-07,Dayton,Massachusetts,3962633,64,60,13407,0
2024-01-07,Temple,Wichita St.,3962635,68,61,3247,0
2024-01-07,Iona,Niagara,3962641,73,75,2001,0
2024-01-07,Youngstown St.,IU Indy,3962636,75,65,1649,0
2024-01-07,Rider,Canisius,3962645,79,76,1565,0
2024-01-07,Quinnipiac,Manhattan,3962651,76,59,738,0
2024-01-07,Fairfield,Marist,3962649,82,61,1947,0
2024-01-07,Saint Peter's,Mount St. Mary's,3962646,70,64,426,0
2024-01-07,East Carolina,Tulsa,3962634,62,57,4454,0
2024-01-07,Belmont,Drake,3962631,87,65,2186,0
2024-01-07,UNI,Indiana St.,3962632,66,77,3891,0
2024-01-07,UTEP,Chicago St.,3962650,74,69,3632,0
2024-01-07,UAB,South Fla.,3962648,75,71,3677,0
2024-01-07,Cleveland St.,Northern Ky.,3962656,88,85,1548,0
2024-01-07,Memphis,SMU,3962637,62,59,12132,0
2024-01-07,Minnesota,Maryland,3954328,65,62,8583,0
2024-01-07,Northwestern,Michigan St.,3953986,88,74,7039,0
2024-01-08,New Orleans,Tex. A&M-Commerce,3962662,88,85,404,0
2024-01-08,Monmouth,Northeastern,3962659,81,62,1190,0
2024-01-08,Northwestern St.,McNeese,3962667,59,68,1035,0
2024-01-08,Coppin St.,UMES,3962675,58,55,403,0
2024-01-08,South Carolina St.,Howard,3962684,78,82,225,0
2024-01-08,N.C. Central,Norfolk St.,3962683,60,58,2162,0
2024-01-08,Morgan St.,Delaware St.,3962682,66,78,548,0
2024-01-08,A&M-Corpus Christi,Houston Christian,3962670,81,59,795,0
2024-01-08,Lamar University,UIW,3962661,75,59,781,0
2024-01-08,Grambling,Texas Southern,3962679,52,54,1318,0
2024-01-08,Ark.-Pine Bluff,Alabama St.,3962227,72,83,1385,0
2024-01-08,Mississippi Val.,Alabama A&M,3962660,70,78,1992,0
2024-01-08,Southern U.,Prairie View,3962676,79,58,2689,0
2024-01-09,Cornell,Columbia,3962711,91,79,1009,0
2024-01-09,Georgetown,Seton Hall,3962712,70,74,4764,0
2024-01-09,Alabama,South Carolina,3962694,74,47,10208,0
2024-01-09,Iowa St.,Houston,3962707,57,53,14267,0
2024-01-09,Cincinnati,Texas,3962769,73,74,11014,0
2024-01-09,Ball St.,Akron,3962736,76,80,3715,0
2024-01-09,Kent St.,Toledo,3962735,75,89,1786,0
2024-01-09,Florida St.,Wake Forest,3962730,87,82,5368,0
2024-01-09,Buffalo,Miami (OH),3962729,65,86,1361,0
2024-01-09,West Virginia,Kansas St.,3962726,67,81,10063,0
2024-01-09,Davidson,Rhode Island,3962722,74,79,2511,0
2024-01-09,Kentucky,Missouri,3962717,90,77,20086,0
2024-01-09,Eastern Mich.,Central Mich.,3962715,64,80,1639,0
2024-01-09,Western Mich.,NIU,3962713,95,90,1339,0
2024-01-09,Brown,Yale,3962692,70,80,777,0
2024-01-09,George Mason,VCU,3962687,50,54,4000,0
2024-01-09,Bowling Green,Ohio,3962686,83,78,1982,0
2024-01-09,Rutgers,Indiana,3728733,66,57,8000,0
2024-01-09,Nicholls,Southeastern La.,3962658,66,61,500,0
2024-01-09,Texas Tech,Oklahoma St.,3962733,90,73,14362,0
2024-01-09,Loyola Chicago,Richmond,3962714,56,58,1834,0
2024-01-09,Pittsburgh,Duke,3962777,53,75,11476,0
2024-01-09,Nebraska,Purdue,3953851,88,72,14106,0
2024-01-09,Georgia Tech,Notre Dame,3962778,68,75,3729,0
2024-01-09,Auburn,Texas A&M,3962763,66,55,9121,0
2024-01-09,LSU,Vanderbilt,3962776,77,69,7218,0
2024-01-09,DePaul,Creighton,3962773,58,84,3061,0
2024-01-09,Utah St.,Wyoming,3962689,83,59,8214,0
2024-01-09,Baylor,BYU,3962768,81,72,7500,0
2024-01-09,Boise St.,Colorado St.,3962685,65,58,12058,0
2024-01-09,Nevada,Air Force,3962688,67,54,7645,0
2024-01-09,UNLV,New Mexico,3962762,83,73,5760,0
2024-01-09,San Jose St.,San Diego St.,3962690,78,81,4299,0
2024-01-10,IU Indy,Green Bay,3962805,58,68,548,0
2024-01-10,Army West Point,Loyola Maryland,3962798,65,71,604,0
2024-01-10,St. John's (NY),Providence,3962784,75,73,11832,0
2024-01-10,Youngstown St.,Purdue Fort Wayne,3962825,93,85,2294,0
2024-01-10,Penn St.,Northwestern,3954212,72,76,7822,0
2024-01-10,Mississippi St.,Tennessee,3962822,77,72,8160,0
2024-01-10,Saint Louis,Saint Joseph's,3962796,88,85,6245,0
2024-01-10,Massachusetts,La Salle,3962903,81,65,2227,0
2024-01-10,ETSU,Western Caro.,3962900,66,80,3423,0
2024-01-10,Oakland,Northern Ky.,3962898,70,65,2683,0
2024-01-10,FDU,Chicago St.,3962890,74,75,153,0
2024-01-10,Robert Morris,Wright St.,3962889,76,101,741,0
2024-01-10,Gardner-Webb,Charleston So.,3962886,74,86,604,0
2024-01-10,UCF,Kansas,3962881,65,60,9469,0
2024-01-10,Kennesaw St.,Stetson,3962880,88,70,1729,0
2024-01-10,Presbyterian,Winthrop,3962876,71,81,644,0
2024-01-10,Virginia Tech,Clemson,3962875,87,72,8925,0
2024-01-10,Miami (FL),Louisville,3962868,71,80,6929,0
2024-01-10,Colgate,Lafayette,3962865,64,69,657,0
2024-01-10,Queens (NC),FGCU,3962839,78,75,395,0
2024-01-10,Liberty,Jacksonville St.,3962833,51,61,2384,0
2024-01-10,Wofford,Mercer,3962804,74,73,1150,0
2024-01-10,Boston U.,American,3962803,72,68,455,0
2024-01-10,Lehigh,Bucknell,3962797,80,86,751,0
2024-01-10,Holy Cross,Navy,3962792,70,80,646,0
2024-01-10,Furman,The Citadel,3962781,82,68,2037,0
2024-01-10,High Point,UNC Asheville,3962783,84,79,4069,0
2024-01-10,Marshall,Ga. Southern,3962785,79,74,4262,0
2024-01-10,Temple,East Carolina,3962788,62,73,2003,0
2024-01-10,Charlotte,Tulsa,3962791,84,76,3066,0
2024-01-10,Sam Houston,Western Ky.,3962799,78,74,714,0
2024-01-10,Belmont,Illinois St.,3962786,67,60,1660,0
2024-01-10,Missouri St.,Murray St.,3962790,53,77,2109,0
2024-01-10,UNI,UIC,3962787,67,59,2922,0
2024-01-10,Valparaiso,Southern Ill.,3962789,68,77,1294,0
2024-01-10,Bradley,Evansville,3962793,86,50,4093,0
2024-01-10,Drake,Indiana St.,3962795,89,78,4069,0
2024-01-10,NC State,North Carolina,3962975,54,67,19500,0
2024-01-10,Memphis,UTSA,3962800,107,101,11390,0
2024-01-10,Ohio St.,Wisconsin,3953744,60,71,11276,0
2024-01-10,Troy,Louisiana,3962794,79,73,2798,0
2024-01-10,Xavier,UConn,3962982,75,80,10335,0
2024-01-10,Marquette,Butler,3962976,62,69,14858,0
2024-01-10,Syracuse,Boston College,3962983,69,59,17311,0
2024-01-10,Ole Miss,Florida,3962977,103,85,7570,0
2024-01-10,TCU,Oklahoma,3962770,80,71,6864,0
2024-01-10,Georgia,Arkansas,3962782,76,66,7820,0
2024-01-10,Southern California,Washington St.,3962801,64,72,6218,0
2024-01-10,California,Colorado,3984760,82,78,2258,0
2024-01-11,Maine,New Hampshire,3963009,74,79,612,0
2024-01-11,UMass Lowell,NJIT,3963016,70,62,373,0
2024-01-11,Vermont,UMBC,3963047,77,72,2052,0
2024-01-11,N.C. A&T,Drexel,3963046,63,67,758,0
2024-01-11,Maryland,Michigan,3954108,64,57,12007,0
2024-01-11,Chattanooga,VMI,3963026,109,61,3241,0
2024-01-11,Georgia St.,Old Dominion,3962991,77,70,1642,0
2024-01-11,Col. of Charleston,Elon,3962987,80,62,4679,0
2024-01-11,Towson,Stony Brook,3962990,73,64,1025,0
2024-01-11,Northeastern,Hofstra,3963014,71,68,972,0
2024-01-11,Bryant,Binghamton,3963042,77,69,874,0
2024-01-11,UNCW,Monmouth,3963037,69,56,5100,0
2024-01-11,Tulane,Fla. Atlantic,3962989,84,85,2048,0
2024-01-11,Coastal Carolina,App State,3963036,45,70,1838,0
2024-01-11,Campbell,Delaware,3962997,62,68,1843,0
2024-01-11,FIU,New Mexico St.,3962998,77,67,1294,0
2024-01-11,Hampton,William & Mary,3963035,61,73,1372,0
2024-01-11,James Madison,South Alabama,3963027,89,55,3148,0
2024-01-11,UTRGV,Seattle U,3963017,81,80,591,0
2024-01-11,Samford,UNC Greensboro,3962995,79,70,2317,0
2024-01-11,Oral Roberts,South Dakota,3963033,84,66,3517,0
2024-01-11,UT Arlington,Utah Valley,3963049,83,69,1112,0
2024-01-11,Kansas City,North Dakota St.,3963039,91,92,819,0
2024-01-11,SIUE,Southern Ind.,3963032,67,64,1642,0
2024-01-11,Omaha,North Dakota,3963024,79,61,870,0
2024-01-11,St. Thomas (MN),South Dakota St.,3963023,80,81,1515,0
2024-01-11,Alabama St.,Jackson St.,3963217,63,73,3100,0
2024-01-11,UT Martin,Western Ill.,3963060,64,73,1598,0
2024-01-11,Eastern Ill.,Morehead St.,3963073,52,78,1108,0
2024-01-11,Alabama A&M,Alcorn,3963244,71,74,3239,0
2024-01-11,ULM,Southern Miss.,3962993,58,71,1249,0
2024-01-11,Arkansas St.,Texas St.,3962984,85,82,3023,0
2024-01-11,Southeast Mo. St.,Lindenwood,3963089,68,74,1175,0
2024-01-11,Central Ark.,Eastern Ky.,3963078,63,86,1245,0
2024-01-11,North Ala.,Bellarmine,3963106,69,53,1273,0
2024-01-11,Utah,UCLA,3995940,90,44,8934,0
2024-01-11,Sacramento St.,Weber St.,3963012,71,69,531,0
2024-01-11,UC Davis,CSUN,3963013,95,75,1262,0
2024-01-11,Montana St.,Northern Ariz.,3963045,79,50,1608,0
2024-01-11,Montana,Northern Colo.,3963044,92,98,2362,0
2024-01-11,Longwood,Radford,3962802,58,69,2823,0
2024-01-11,Grand Canyon,Abilene Christian,3963021,74,64,7105,0
2024-01-11,Utah Tech,SFA,3963030,75,70,1658,0
2024-01-11,Middle Tenn.,Louisiana Tech,3962988,52,60,2505,0
2024-01-11,Illinois,Michigan St.,3953988,71,68,14727,0
2024-01-11,Santa Clara,Gonzaga,3962986,77,76,4200,0
2024-01-11,UC Riverside,Cal Poly,3963040,71,56,512,0
2024-01-11,Pepperdine,Pacific,3962992,93,78,602,0
2024-01-11,San Diego,San Francisco,3963000,63,83,753,0
2024-01-11,UC San Diego,Long Beach St.,3963025,88,74,2083,0
2024-01-11,California Baptist,Tarleton St.,3963018,77,63,3676,0
2024-01-11,Portland St.,Idaho St.,3963010,63,69,749,0
2024-01-11,UC Santa Barbara,CSU Bakersfield,3962996,66,64,1602,0
2024-01-11,Washington,Arizona St.,3984799,82,67,5641,0
2024-01-11,Oregon St.,Stanford,3984744,84,88,3423,0
2024-01-11,Saint Mary's (CA),Portland,3962985,95,52,3373,0
2024-01-11,Hawaii,UC Irvine,3962994,50,60,4453,0
2024-01-12,Milwaukee,Cleveland St.,3963153,88,80,1431,0
2024-01-12,Indiana,Minnesota,3953790,74,62,17222,0
2024-01-12,Rider,Manhattan,3963144,71,58,1115,0
2024-01-12,Marist,Quinnipiac,3963145,55,66,1595,0
2024-01-12,Kennesaw St.,FGCU,3963146,78,75,1769,0
2024-01-12,Robert Morris,Purdue Fort Wayne,3963149,91,88,972,0
2024-01-12,North Florida,Jacksonville,3963138,82,74,4559,0
2024-01-12,Canisius,Siena,3963136,67,63,574,0
2024-01-12,Niagara,Fairfield,3963154,96,72,995,0
2024-01-12,Duquesne,Dayton,3963112,62,72,3724,0
2024-01-12,Queens (NC),Stetson,3963111,66,84,455,0
2024-01-12,Akron,Buffalo,3963213,76,59,2535,0
2024-01-12,South Fla.,Rice,3963160,81,73,4107,0
2024-01-12,Villanova,DePaul,3963199,94,69,6501,0
2024-01-12,Youngstown St.,Wright St.,3963135,81,71,2672,0
2024-01-12,Iowa,Nebraska,3953981,94,76,9670,0
2024-01-12,Nevada,Boise St.,3963198,56,64,10191,0
2024-01-13,Butler,Seton Hall,3963260,72,78,7777,0
2024-01-13,Northeastern,Towson,3963258,67,59,1015,0
2024-01-13,Western Mich.,Ohio,3963257,81,79,1650,0
2024-01-13,SIUE,Morehead St.,3963479,61,48,1629,0
2024-01-13,Wisconsin,Northwestern,3953745,71,63,17287,0
2024-01-13,North Carolina,Syracuse,3963280,103,67,21750,0
2024-01-13,Georgia,Tennessee,3963206,79,85,10523,0
2024-01-13,Louisville,NC State,3963263,83,89,12114,0
2024-01-13,La Salle,VCU,3963265,65,71,1647,0
2024-01-13,William & Mary,Stony Brook,3963300,59,63,2886,0
2024-01-13,The Citadel,Wofford,3963273,71,72,2267,0
2024-01-13,Miami (OH),Eastern Mich.,3963237,71,54,929,0
2024-01-13,Ole Miss,Vanderbilt,3963264,69,56,8404,0
2024-01-13,Creighton,St. John's (NY),3963261,66,65,17164,0
2024-01-13,FDU,Stonehill,3963329,81,74,223,0
2024-01-13,Gardner-Webb,Presbyterian,3963292,76,60,406,0
2024-01-13,UMass Lowell,UMBC,3963297,86,82,626,0
2024-01-13,Detroit Mercy,Northern Ky.,3963293,76,81,627,0
2024-01-13,Kansas,Oklahoma,3963291,78,66,16300,0
2024-01-13,Tex. A&M-Commerce,Houston Christian,3963290,65,69,244,0
2024-01-13,UIC,Bradley,3963215,59,77,2277,0
2024-01-13,New Mexico,San Diego St.,3963247,88,70,15437,0
2024-01-13,George Washington,Davidson,3963204,83,79,1863,0
2024-01-13,UNC Asheville,Longwood,3963350,65,61,1577,0
2024-01-13,Vermont,NJIT,3963344,76,55,2434,0
2024-01-13,Rhode Island,Massachusetts,3963343,89,77,5496,0
2024-01-13,Sacred Heart,LIU,3963340,89,55,485,0
2024-01-13,Wake Forest,Virginia,3963339,66,47,9855,0
2024-01-13,Lafayette,Navy,3963324,78,62,1379,0
2024-01-13,Providence,Xavier,3963323,65,85,12348,0
2024-01-13,Le Moyne,Merrimack,3963318,62,66,466,0
2024-01-13,IU Indy,Oakland,3963307,66,88,809,0
2024-01-13,Charleston So.,USC Upstate,3963255,77,70,498,0
2024-01-13,Winthrop,Radford,3963252,92,88,2092,0
2024-01-13,Mercer,Western Caro.,3963243,52,64,3227,0
2024-01-13,Texas A&M,Kentucky,3963327,97,92,9540,0
2024-01-13,Furman,ETSU,3963203,82,73,2279,0
2024-01-13,Central Mich.,Kent St.,3963205,77,62,1667,0
2024-01-13,Indiana St.,Belmont,3963226,94,64,5963,0
2024-01-13,Campbell,Hofstra,3963239,69,68,1122,0
2024-01-13,Purdue,Penn St.,3953852,95,78,14876,0
2024-01-13,Notre Dame,Florida St.,3963351,58,67,6427,0
2024-01-13,St. Bonaventure,Fordham,3963352,74,80,3819,0
2024-01-13,UNLV,Utah St.,3963249,86,87,5992,0
2024-01-13,Clemson,Boston College,3963396,89,78,8708,0
2024-01-13,Kansas City,North Dakota,3963626,69,82,575,0
2024-01-13,Denver,South Dakota St.,3963289,99,80,891,0
2024-01-13,UT Arlington,Seattle U,3963347,80,75,1009,0
2024-01-13,Coastal Carolina,Old Dominion,3963482,79,75,1478,0
2024-01-13,Arkansas St.,Louisiana,3963200,77,84,2681,0
2024-01-13,Missouri,South Carolina,3963353,69,71,11135,0
2024-01-13,Bucknell,Colgate,3963475,73,84,1347,0
2024-01-13,ULM,Texas St.,3963229,54,67,1305,0
2024-01-13,CSUN,Cal St. Fullerton,3963590,76,71,384,0
2024-01-13,Wyoming,Fresno St.,3963223,68,67,3763,0
2024-01-13,Tennessee Tech,Southeast Mo. St.,3963418,70,59,1210,0
2024-01-13,Texas Tech,Kansas St.,3963424,60,59,14856,0
2024-01-13,Northwestern St.,UIW,3963434,97,71,1063,0
2024-01-13,NIU,Bowling Green,3963219,72,83,1041,0
2024-01-13,Nicholls,Lamar University,3963222,76,78,800,0
2024-01-13,Florida,Arkansas,3963201,90,68,10445,0
2024-01-13,Marshall,South Alabama,3963212,85,91,5711,0
2024-01-13,East Carolina,SMU,3963216,64,75,5213,0
2024-01-13,American,Army West Point,3963510,79,60,2426,0
2024-01-13,Bethune-Cookman,Grambling,3963517,69,79,882,0
2024-01-13,James Madison,App State,3963519,55,59,7761,0
2024-01-13,Saint Francis,Central Conn. St.,3963225,61,75,510,0
2024-01-13,UAlbany,Binghamton,3963228,95,75,2164,0
2024-01-13,Saint Joseph's,Loyola Chicago,3963240,75,78,2142,0
2024-01-13,Florida A&M,Southern U.,3963529,65,74,1289,0
2024-01-13,UCF,BYU,3963542,58,63,9137,0
2024-01-13,Howard,UMES,4489415,72,61,1200,0
2024-01-13,Central Ark.,Bellarmine,3963481,59,57,1043,0
2024-01-13,Eastern Ill.,Western Ill.,3963476,60,63,1338,0
2024-01-13,UT Martin,Little Rock,3963474,77,72,1543,0
2024-01-13,Col. of Charleston,Monmouth,3963210,94,83,4790,0
2024-01-13,Tennessee St.,Lindenwood,3963493,75,60,379,0
2024-01-13,Lipscomb,Austin Peay,3963233,91,77,2082,0
2024-01-13,McNeese,Southeastern La.,3963565,74,65,4200,0
2024-01-13,New Orleans,A&M-Corpus Christi,3963253,83,80,792,0
2024-01-13,Western Ky.,Jacksonville St.,3963254,80,69,4580,0
2024-01-13,Alabama St.,Alcorn,3963674,55,53,2524,0
2024-01-13,Troy,Southern Miss.,3963232,82,56,4121,0
2024-01-13,Georgia St.,Ga. Southern,3963224,90,62,3152,0
2024-01-13,Lehigh,Holy Cross,3963236,66,69,728,0
2024-01-13,Duke,Georgia Tech,3963592,84,79,9314,0
2024-01-13,UC Davis,CSU Bakersfield,3963348,78,71,1317,0
2024-01-13,Loyola Maryland,Boston U.,3963593,58,60,492,0
2024-01-13,Washington St.,Arizona,3963248,73,70,3564,0
2024-01-13,West Virginia,Texas,3963620,76,73,11565,0
2024-01-13,Richmond,George Mason,3963607,77,70,6275,0
2024-01-13,FIU,UTEP,3963242,72,68,1021,0
2024-01-13,Alabama A&M,Jackson St.,3963680,67,75,2507,0
2024-01-13,TCU,Houston,3963604,68,67,6151,0
2024-01-13,Prairie View,Mississippi Val.,3963599,71,60,360,0
2024-01-13,Texas Southern,Ark.-Pine Bluff,3963595,67,70,1208,0
2024-01-13,Auburn,LSU,3963586,93,78,9121,0
2024-01-13,North Texas,Temple,3963241,69,51,3310,0
2024-01-13,Samford,VMI,3963235,134,96,3714,0
2024-01-13,Middle Tenn.,Sam Houston,3963227,51,60,3227,0
2024-01-13,Idaho,Eastern Wash.,3963218,58,79,2256,0
2024-01-13,Santa Clara,Saint Mary's (CA),3963208,49,73,4200,0
2024-01-13,Chattanooga,UNC Greensboro,3963578,54,70,3438,0
2024-01-13,Elon,Drexel,3963211,69,89,1770,0
2024-01-13,Toledo,Ball St.,3963625,77,72,4413,0
2024-01-13,New Hampshire,Bryant,3963618,74,89,652,0
2024-01-13,Portland St.,Weber St.,3963516,69,66,161,0
2024-01-13,Virginia Tech,Miami (FL),3963621,71,75,8925,0
2024-01-13,Evansville,Missouri St.,3963220,64,74,3978,0
2024-01-13,UTRGV,Utah Valley,3963614,76,68,1015,0
2024-01-13,California Baptist,Abilene Christian,3963584,68,53,3166,0
2024-01-13,Omaha,North Dakota St.,3963616,96,92,1047,0
2024-01-13,Southern Ill.,Drake,3963214,58,76,6013,0
2024-01-13,UTSA,Charlotte,3963346,58,66,1202,0
2024-01-13,Montana St.,Northern Colo.,3963611,90,81,2093,0
2024-01-13,Baylor,Cincinnati,3963619,62,59,7500,0
2024-01-13,Grand Canyon,Tarleton St.,3963598,74,48,7233,0
2024-01-13,Oral Roberts,St. Thomas (MN),3963622,76,87,4652,0
2024-01-13,Oregon,California,3984765,80,73,6748,0
2024-01-13,North Ala.,Eastern Ky.,3963632,72,81,1738,0
2024-01-13,Iowa St.,Oklahoma St.,3963591,66,42,14267,0
2024-01-13,Southern Utah,SFA,3963246,82,84,1809,0
2024-01-13,Mississippi St.,Alabama,3963636,74,82,9142,0
2024-01-13,LMU (CA),Pacific,3963207,81,64,1122,0
2024-01-13,Sacramento St.,Idaho St.,3963606,66,64,739,0
2024-01-13,Montana,Northern Ariz.,3963628,90,47,2968,0
2024-01-13,Air Force,San Jose St.,3963209,67,70,1804,0
2024-01-13,Colorado,Southern California,3984857,68,58,10005,0
2024-01-13,San Francisco,Portland,3963234,96,69,2013,0
2024-01-13,UC Santa Barbara,Long Beach St.,3963238,85,76,2892,0
2024-01-13,San Diego,Pepperdine,3963251,77,83,631,0
2024-01-13,Cal Poly,UC San Diego,3963545,61,86,2757,0
2024-01-13,Hawaii,UC Riverside,3963231,63,56,4886,0
2024-01-14,Fla. Atlantic,UAB,3963641,86,73,3161,0
2024-01-14,Michigan St.,Rutgers,3728734,73,55,14797,0
2024-01-14,UConn,Georgetown,3963639,80,67,15684,0
2024-01-14,Wichita St.,Memphis,3963640,86,112,5538,0
2024-01-14,Green Bay,Cleveland St.,3963654,79,71,1463,0
2024-01-14,Iona,Mount St. Mary's,3963652,87,70,1434,0
2024-01-14,Marist,Rider,3963658,83,60,1012,0
2024-01-14,Illinois,Maryland,3954330,67,76,15544,0
2024-01-14,Manhattan,Saint Peter's,3963645,68,81,880,0
2024-01-14,Louisiana Tech,Liberty,3963656,80,76,2348,0
2024-01-14,Tulsa,Tulane,3963644,87,94,2904,0
2024-01-14,Illinois St.,Valparaiso,3963642,50,59,3062,0
2024-01-14,Murray St.,UNI,3963643,60,70,5507,0
2024-01-14,UNCW,Delaware,3963624,79,74,5100,0
2024-01-14,Stanford,Utah,3984767,79,73,3037,0
2024-01-14,UCLA,Washington,3995941,73,61,6532,0
2024-01-15,Canisius,Fairfield,3963650,63,88,528,0
2024-01-15,Niagara,Siena,3963659,88,93,724,0
2024-01-15,Michigan,Ohio St.,3954109,73,65,12202,0
2024-01-15,Wagner,Stonehill,3963684,64,54,972,0
2024-01-15,Cornell,Penn,3963689,77,60,1462,0
2024-01-15,Princeton,Dartmouth,3963671,76,58,3872,0
2024-01-15,George Washington,George Mason,3963672,75,62,2585,0
2024-01-15,Harvard,Brown,3963686,72,74,1124,0
2024-01-15,Marquette,Villanova,3963685,87,74,17018,0
2024-01-15,Northwestern St.,Houston Christian,3963698,69,64,498,0
2024-01-15,Central Conn. St.,Merrimack,3963673,75,70,1022,0
2024-01-15,Saint Joseph's,La Salle,3963679,82,62,2796,0
2024-01-15,Minnesota,Iowa,3953983,77,86,8379,0
2024-01-15,Norfolk St.,Virginia-Lynchburg,3963710,118,73,1263,0
2024-01-15,Yale,Columbia,3963709,89,70,1845,0
2024-01-15,Loyola Maryland,American,3963708,52,66,1243,0
2024-01-15,Howard,Morehouse,3963678,78,72,1256,0
2024-01-15,Le Moyne,Sacred Heart,3963701,73,80,483,0
2024-01-15,Saint Francis,FDU,3963704,71,81,590,0
2024-01-15,Boston College,Notre Dame,3963705,63,59,6348,0
2024-01-15,Southeastern La.,A&M-Corpus Christi,3963696,68,73,407,0
2024-01-15,Stetson,Chicago St.,3963675,70,77,723,0
2024-01-15,Nicholls,New Orleans,3963676,78,75,950,0
2024-01-15,Alabama St.,Alabama A&M,3964697,72,55,2900,1
2024-01-15,Bethune-Cookman,Southern U.,3963719,83,81,812,0
2024-01-15,Florida A&M,Grambling,3963721,52,65,897,0
2024-01-15,McNeese,Lamar University,3963712,88,69,3487,0
2024-01-15,Texas Southern,Mississippi Val.,3963681,93,61,790,0
2024-01-15,Hampton,N.C. A&T,3963706,80,81,3020,0
2024-01-16,Tennessee,Florida,3963724,85,66,17332,0
2024-01-16,Western Caro.,Samford,3963879,71,75,5018,0
2024-01-16,Xavier,Butler,3963749,85,71,10224,0
2024-01-16,Alabama,Missouri,3963748,93,75,11569,0
2024-01-16,NC State,Wake Forest,3963769,83,76,13836,0
2024-01-16,Pittsburgh,Syracuse,3963765,58,69,7708,0
2024-01-16,Cincinnati,TCU,3963763,81,77,10314,0
2024-01-16,Ohio,Central Mich.,3963756,73,61,4608,0
2024-01-16,Eastern Mich.,Ball St.,3963752,62,76,1546,0
2024-01-16,Miami (OH),Bowling Green,3963735,73,78,813,0
2024-01-16,Toledo,Buffalo,3963732,77,66,3689,0
2024-01-16,Indiana St.,Missouri St.,3963731,88,66,4803,0
2024-01-16,Duquesne,Richmond,3963726,61,63,2463,0
2024-01-16,Akron,Western Mich.,3963723,77,66,2061,0
2024-01-16,Indiana,Purdue,3953791,66,87,17222,0
2024-01-16,Dayton,Saint Louis,3963725,70,65,13407,0
2024-01-16,NIU,Kent St.,3963728,76,83,809,0
2024-01-16,Rice,Charlotte,3963734,79,81,1699,0
2024-01-16,SMU,Temple,3963727,77,64,5018,0
2024-01-16,Kansas St.,Baylor,3963755,68,64,10055,0
2024-01-16,Seton Hall,St. John's (NY),3963795,80,65,9204,0
2024-01-16,Colorado St.,Air Force,3963733,78,69,6345,0
2024-01-16,Arkansas,Texas A&M,3963791,78,77,19200,0
2024-01-16,Clemson,Georgia Tech,3963797,90,93,7217,0
2024-01-16,Oklahoma St.,Kansas,3963793,66,90,8570,0
2024-01-16,BYU,Iowa St.,3963753,87,72,15491,0
2024-01-16,Penn St.,Wisconsin,3953746,87,83,8462,0
2024-01-16,South Carolina,Georgia,3963730,69,74,12404,0
2024-01-16,Fresno St.,San Jose St.,3963737,85,82,3146,0
2024-01-16,Boise St.,UNLV,3963729,64,68,9863,0
2024-01-16,New Mexico,Utah St.,3963796,99,86,13106,0
2024-01-17,Army West Point,Colgate,3963829,56,64,532,0
2024-01-17,VMI,Furman,3963799,60,100,329,0
2024-01-17,App State,Georgia St.,3963817,76,68,2534,0
2024-01-17,Rutgers,Nebraska,3728735,87,82,8000,0
2024-01-17,LSU,Ole Miss,3963830,89,80,8777,0
2024-01-17,Loyola Chicago,Massachusetts,3963798,79,78,2748,0
2024-01-17,Navy,Lehigh,3963854,71,69,943,0
2024-01-17,Kentucky,Mississippi St.,3963993,90,77,20016,0
2024-01-17,UNC Greensboro,The Citadel,3963909,73,67,1102,0
2024-01-17,Oakland,Youngstown St.,3963904,70,67,2471,0
2024-01-17,Purdue Fort Wayne,IU Indy,3963898,79,85,1164,0
2024-01-17,Robert Morris,Detroit Mercy,3963893,102,99,884,0
2024-01-17,St. Bonaventure,Rhode Island,3963887,99,64,3881,0
2024-01-17,UConn,Creighton,3963885,62,48,10299,0
2024-01-17,Virginia,Virginia Tech,3963883,65,57,14547,0
2024-01-17,Presbyterian,High Point,3963880,83,86,316,0
2024-01-17,Miami (FL),Florida St.,3963873,75,84,7972,0
2024-01-17,Radford,Gardner-Webb,3963857,68,74,1615,0
2024-01-17,Wofford,ETSU,3963851,75,73,1182,0
2024-01-17,Fordham,Davidson,3963847,69,79,2131,0
2024-01-17,Mercer,Chattanooga,3963818,60,74,1872,0
2024-01-17,Boston U.,Bucknell,3963816,57,73,1101,0
2024-01-17,USC Upstate,Longwood,3963814,73,71,596,0
2024-01-17,Holy Cross,Lafayette,3963810,68,72,692,0
2024-01-17,East Carolina,North Texas,3963805,59,60,4287,0
2024-01-17,Oklahoma,West Virginia,3963912,77,63,6835,0
2024-01-17,Texas St.,Louisiana,3963801,68,86,2858,0
2024-01-17,Texas,UCF,3963862,71,77,11235,0
2024-01-17,Southern Ill.,Bradley,3963802,69,70,4614,0
2024-01-17,UIC,Murray St.,3963803,58,73,1874,0
2024-01-17,Evansville,Valparaiso,3963806,78,75,4080,0
2024-01-17,Illinois St.,Drake,3963807,56,77,3681,0
2024-01-17,UAB,Tulane,3963811,83,69,3472,0
2024-01-17,Southern Miss.,Arkansas St.,3963813,69,66,4583,0
2024-01-17,Tulsa,UTSA,3963815,107,78,3518,0
2024-01-17,Arizona St.,UCLA,3984800,66,68,10096,0
2024-01-17,Northwestern,Maryland,3954331,72,69,5642,0
2024-01-17,Vanderbilt,Auburn,3963804,65,80,7099,0
2024-01-17,North Carolina,Louisville,3964007,86,70,20298,0
2024-01-17,Belmont,UNI,3963800,72,83,1141,0
2024-01-17,DePaul,Providence,3963996,62,100,2889,0
2024-01-17,Houston,Texas Tech,3963995,77,54,7586,0
2024-01-17,Arizona,Southern California,3984761,82,67,14688,0
2024-01-17,San Diego St.,Nevada,3963808,71,59,12414,0
2024-01-18,Binghamton,Vermont,3964030,62,82,3345,0
2024-01-18,Michigan St.,Minnesota,3953990,76,66,14797,0
2024-01-18,Memphis,South Fla.,3964029,73,74,10531,0
2024-01-18,Old Dominion,Marshall,3964056,91,66,6158,0
2024-01-18,UAlbany,UMass Lowell,3964017,76,97,2004,0
2024-01-18,Ga. Southern,Coastal Carolina,3964048,73,70,1821,0
2024-01-18,Jacksonville,Queens (NC),3964046,79,77,873,0
2024-01-18,Delaware,Stony Brook,3964061,71,68,1747,0
2024-01-18,UMBC,Maine,3964043,70,65,365,0
2024-01-18,Wright St.,Green Bay,3964062,81,88,3590,0
2024-01-18,North Florida,Kennesaw St.,3964039,84,75,1377,0
2024-01-18,Liberty,FIU,3964037,78,69,3247,0
2024-01-18,N.C. A&T,Northeastern,3964064,72,65,1539,0
2024-01-18,William & Mary,Campbell,3964065,64,77,2748,0
2024-01-18,Hofstra,Hampton,3964019,86,77,1244,0
2024-01-18,Drexel,Monmouth,3964053,78,74,1348,0
2024-01-18,Fla. Atlantic,Wichita St.,3964014,86,77,3161,0
2024-01-18,NJIT,New Hampshire,3964013,62,70,646,0
2024-01-18,Winthrop,UNC Asheville,3963831,77,82,2831,0
2024-01-18,Col. of Charleston,Towson,3964009,78,82,4858,0
2024-01-18,Northern Ky.,Milwaukee,3964072,90,72,3405,0
2024-01-18,Elon,UNCW,3964012,70,82,2078,0
2024-01-18,Morehead St.,UT Martin,3964025,84,66,1552,0
2024-01-18,SFA,Seattle U,3964018,89,84,2361,0
2024-01-18,South Dakota,St. Thomas (MN),3964069,74,73,1737,0
2024-01-18,North Dakota,Oral Roberts,3964040,87,77,1659,0
2024-01-18,Tarleton St.,Abilene Christian,3964042,79,71,2104,0
2024-01-18,South Alabama,Troy,3964023,74,71,3169,0
2024-01-18,James Madison,ULM,3964124,89,70,4033,0
2024-01-18,Lipscomb,Central Ark.,3964020,86,96,1446,0
2024-01-18,North Dakota St.,Denver,3964057,70,78,1527,0
2024-01-18,Northern Colo.,Sacramento St.,3964026,77,75,1004,0
2024-01-18,Northern Ariz.,Portland St.,3964028,84,65,825,0
2024-01-18,UT Arlington,UTRGV,3964068,91,73,1824,0
2024-01-18,South Dakota St.,Omaha,3964036,90,87,2831,0
2024-01-18,Austin Peay,North Ala.,3964021,83,80,2914,0
2024-01-18,Southern Utah,Utah Tech,3964031,75,65,3563,0
2024-01-18,Michigan,Illinois,3954110,73,88,10919,0
2024-01-18,Tennessee St.,Tennessee Tech,3964123,85,53,2571,0
2024-01-18,Southern Ind.,Little Rock,3964089,75,77,1247,0
2024-01-18,Lindenwood,SIUE,3964087,59,78,1856,0
2024-01-18,California,Washington,3984769,75,77,2913,0
2024-01-18,Utah,Oregon St.,3984745,74,47,8063,0
2024-01-18,Grand Canyon,Utah Valley,3964035,78,65,7239,0
2024-01-18,Idaho St.,Idaho,3964034,64,59,1503,0
2024-01-18,New Mexico St.,Western Ky.,3964016,72,70,5243,0
2024-01-18,Weber St.,Eastern Wash.,3964015,78,80,4742,0
2024-01-18,UTEP,Middle Tenn.,3964063,73,59,3833,0
2024-01-18,Pacific,Santa Clara,3964011,69,88,1881,0
2024-01-18,CSU Bakersfield,UC Riverside,3964041,80,56,896,0
2024-01-18,Cal St. Fullerton,UC Davis,3964054,65,67,583,0
2024-01-18,CSUN,UC Santa Barbara,3964055,69,97,583,0
2024-01-18,UC Irvine,UC San Diego,3964045,76,65,3108,0
2024-01-18,Pepperdine,Gonzaga,3964008,61,86,3128,0
2024-01-18,Long Beach St.,Hawaii,3964044,79,71,1835,0
2024-01-18,Colorado,Oregon,3996498,86,70,8177,0
2024-01-18,San Francisco,LMU (CA),3964022,90,74,1849,0
2024-01-18,Stanford,Washington St.,3964024,75,89,2855,0
2024-01-19,Stonehill,FDU,3964130,69,76,1493,0
2024-01-19,Xavier,Georgetown,3964147,92,91,10432,0
2024-01-19,Central Conn. St.,Le Moyne,3964131,73,75,1182,0
2024-01-19,VCU,Saint Louis,3964129,85,61,7637,0
2024-01-19,Kent St.,Akron,3964649,71,77,6330,0
2024-01-19,Merrimack,Wagner,3964134,65,71,812,0
2024-01-19,Central Mich.,Toledo,3964204,65,62,2254,0
2024-01-19,Fairfield,Saint Peter's,3964156,76,67,3382,0
2024-01-19,Saint Francis,LIU,3964133,72,66,640,0
2024-01-19,Siena,Quinnipiac,3964148,70,82,4845,0
2024-01-19,Mount St. Mary's,Marist,3964152,65,48,1808,0
2024-01-19,Iona,Canisius,3964153,70,58,1482,0
2024-01-19,Rider,Niagara,3964155,74,78,1014,0
2024-01-19,Chicago St.,East-West U.,3964132,131,55,94,0
2024-01-19,Wisconsin,Indiana,3953747,91,79,15271,0
2024-01-19,Colorado St.,UNLV,3964201,78,75,8083,0
2024-01-20,Texas,Baylor,3964221,75,73,11163,0
2024-01-20,Ohio St.,Penn St.,3954213,79,67,15267,0
2024-01-20,St. John's (NY),Marquette,3964208,72,73,12214,0
2024-01-20,Syracuse,Miami (FL),3964244,72,69,20960,0
2024-01-20,Wake Forest,Louisville,3964255,90,65,9261,0
2024-01-20,Massachusetts,George Washington,3964266,81,67,3586,0
2024-01-20,IU Indy,Robert Morris,3964272,63,80,768,0
2024-01-20,NC State,Virginia Tech,3964275,78,84,15850,0
2024-01-20,Seton Hall,Creighton,3964276,94,97,10481,0
2024-01-20,Dayton,Rhode Island,3964215,96,62,13407,0
2024-01-20,Boise St.,San Diego St.,3964220,67,66,11705,0
2024-01-20,Arkansas,South Carolina,3964202,64,77,19200,0
2024-01-20,North Dakota,Denver,3964273,92,78,1908,0
2024-01-20,UMBC,New Hampshire,3964284,58,64,468,0
2024-01-20,Fordham,Loyola Chicago,3964282,61,65,1756,0
2024-01-20,Cincinnati,Oklahoma,3964297,65,69,12406,0
2024-01-20,Gardner-Webb,Winthrop,3964307,79,74,702,0
2024-01-20,VMI,The Citadel,3964209,70,63,4417,0
2024-01-20,Omaha,Kansas City,3964279,72,74,1517,0
2024-01-20,Navy,Army West Point,3964210,57,53,5255,0
2024-01-20,Arizona St.,Southern California,3984801,82,67,13743,0
2024-01-20,Iowa,Purdue,3953853,70,84,14232,0
2024-01-20,Dartmouth,Yale,3964259,51,76,773,0
2024-01-20,Ball St.,Miami (OH),3964252,80,87,4408,0
2024-01-20,Houston,UCF,3964286,57,42,7184,0
2024-01-20,North Dakota St.,Oral Roberts,3964304,72,67,2017,0
2024-01-20,South Dakota,South Dakota St.,3964315,55,73,3892,0
2024-01-20,TCU,Iowa St.,3964228,72,73,7739,0
2024-01-20,Missouri St.,Illinois St.,3964234,60,69,2103,0
2024-01-20,Bradley,Belmont,3964240,95,72,6521,0
2024-01-20,Columbia,Princeton,3964323,62,70,2307,0
2024-01-20,Radford,USC Upstate,3964328,64,61,1331,0
2024-01-20,Cleveland St.,Purdue Fort Wayne,3964329,75,68,1738,0
2024-01-20,Binghamton,UMass Lowell,3964334,60,80,2028,0
2024-01-20,Colgate,Boston U.,3964339,75,59,1002,0
2024-01-20,Drexel,Delaware,3964341,86,67,2461,0
2024-01-20,Lafayette,Bucknell,3964344,75,72,1293,0
2024-01-20,N.C. A&T,William & Mary,3964356,76,69,2418,0
2024-01-20,Brown,Cornell,3964358,83,84,1012,0
2024-01-20,Furman,Western Caro.,3964203,65,62,2517,0
2024-01-20,Tennessee,Alabama,3964212,91,71,21678,0
2024-01-20,Temple,Rice,3964217,66,69,4007,0
2024-01-20,Bowling Green,Western Mich.,3964222,84,79,2232,0
2024-01-20,NJIT,Maine,3964224,64,70,655,0
2024-01-20,George Mason,St. Bonaventure,3964230,69,60,4614,0
2024-01-20,Monmouth,Hampton,3964232,85,77,2440,0
2024-01-20,Holy Cross,Loyola Maryland,3964239,86,78,936,0
2024-01-20,Boston College,North Carolina,3964364,66,76,8606,0
2024-01-20,Nebraska,Northwestern,3954561,75,69,14977,0
2024-01-20,Saint Joseph's,Duquesne,3964368,71,69,2507,0
2024-01-20,Ga. Southern,Georgia St.,3964411,86,70,2831,0
2024-01-20,Jacksonville,Kennesaw St.,3964405,79,83,1081,0
2024-01-20,SMU,Tulsa,3964216,103,70,5772,0
2024-01-20,Longwood,Presbyterian,3964260,80,70,2657,0
2024-01-20,UAB,East Carolina,3964243,69,61,3872,0
2024-01-20,Southern Miss.,Troy,3964258,64,63,5587,0
2024-01-20,Grambling,Southern U.,3964616,79,62,2807,0
2024-01-20,Mississippi St.,Vanderbilt,3964367,68,55,9172,0
2024-01-20,UC Santa Barbara,Cal St. Fullerton,3964256,69,73,1414,0
2024-01-20,Charlotte,North Texas,3964235,56,44,4514,0
2024-01-20,Northern Ariz.,Sacramento St.,3964355,70,61,967,0
2024-01-20,Air Force,New Mexico,3964226,66,85,2785,0
2024-01-20,Utah St.,Fresno St.,3964241,83,62,8851,0
2024-01-20,Arizona,UCLA,3984764,77,71,14688,0
2024-01-20,Abilene Christian,UT Arlington,3964450,78,67,1541,0
2024-01-20,Valparaiso,UIC,3964225,84,77,1407,0
2024-01-20,LSU,Texas A&M,3964254,69,73,9085,0
2024-01-20,Alcorn,Texas Southern,3964257,61,72,0,0
2024-01-20,South Alabama,Louisiana,3964263,79,88,2991,0
2024-01-20,Coppin St.,Morgan St.,3964506,86,89,736,0
2024-01-20,Ohio,Eastern Mich.,3964529,85,67,5547,0
2024-01-20,West Virginia,Kansas,3964538,91,85,12208,0
2024-01-20,Delaware St.,UMES,3964540,67,63,1500,0
2024-01-20,Butler,DePaul,3964544,74,60,8553,0
2024-01-20,Florida St.,Clemson,3964554,67,78,10033,0
2024-01-20,Detroit Mercy,Youngstown St.,3964557,64,105,881,0
2024-01-20,Howard,Norfolk St.,3964568,61,65,1943,0
2024-01-20,UNC Greensboro,Wofford,3964582,82,59,1906,0
2024-01-20,South Carolina St.,N.C. Central,3964585,71,68,875,0
2024-01-20,Davidson,Richmond,3964218,64,69,4235,0
2024-01-20,Towson,Campbell,3964229,77,43,2108,0
2024-01-20,Utah Valley,Utah Tech,3964327,84,71,2801,0
2024-01-20,Western Ill.,Tennessee St.,3964483,57,58,1046,0
2024-01-20,Lindenwood,Eastern Ill.,3964490,68,78,1261,0
2024-01-20,Southeastern La.,Tex. A&M-Commerce,3964491,52,68,673,0
2024-01-20,Southern Ind.,Morehead St.,3964492,70,81,2512,0
2024-01-20,Houston Christian,Lamar University,3964501,78,77,500,0
2024-01-20,A&M-Corpus Christi,Nicholls,3964219,69,59,1532,0
2024-01-20,App State,Coastal Carolina,3964267,88,59,3174,0
2024-01-20,Southeast Mo. St.,SIUE,3964505,52,47,2142,0
2024-01-20,Lehigh,American,3964251,70,68,688,0
2024-01-20,California,Washington St.,3964269,81,75,3201,0
2024-01-20,North Florida,Queens (NC),3964603,91,75,1559,0
2024-01-20,Jacksonville St.,Louisiana Tech,3964552,57,74,2120,0
2024-01-20,UC Davis,UC Irvine,3964359,54,52,2153,0
2024-01-20,New Orleans,Northwestern St.,3964591,67,92,1030,0
2024-01-20,Lipscomb,North Ala.,3964555,88,79,1667,0
2024-01-20,Austin Peay,Central Ark.,3964246,94,71,4313,0
2024-01-20,Texas St.,Arkansas St.,3964213,72,79,2042,0
2024-01-20,Penn,Harvard,3964623,61,70,4960,0
2024-01-20,Georgia Tech,Virginia,3964626,66,75,6380,0
2024-01-20,UNCW,Col. of Charleston,3964648,78,69,5100,0
2024-01-20,Kentucky,Georgia,3964207,105,96,20283,0
2024-01-20,Drake,Evansville,3964245,97,48,3717,0
2024-01-20,James Madison,Marshall,3964622,67,52,6061,0
2024-01-20,Samford,Mercer,3964250,87,80,2516,0
2024-01-20,Texas Tech,BYU,3964249,85,78,15098,0
2024-01-20,Ark.-Pine Bluff,Florida A&M,3964261,99,97,2944,0
2024-01-20,UIW,McNeese,3964253,66,80,376,0
2024-01-20,Jackson St.,Prairie View,3964611,62,71,3015,0
2024-01-20,Northern Ky.,Green Bay,3964268,74,52,4935,0
2024-01-20,UAlbany,Bryant,3964237,89,98,2501,0
2024-01-20,Mississippi Val.,Bethune-Cookman,3964247,64,80,2203,0
2024-01-20,UC San Diego,Hawaii,3964522,67,61,1558,0
2024-01-20,Kansas St.,Oklahoma St.,3964624,70,66,10247,0
2024-01-20,Colorado,Oregon St.,3996499,90,57,7944,0
2024-01-20,Santa Clara,Portland,3964206,101,86,2036,0
2024-01-20,FGCU,Stetson,3964653,80,56,2634,0
2024-01-20,Old Dominion,ULM,3964647,73,80,6088,0
2024-01-20,High Point,Charleston So.,3964205,86,79,4768,0
2024-01-20,Wright St.,Milwaukee,3964651,95,81,5398,0
2024-01-20,Eastern Ky.,Bellarmine,3964650,82,70,3672,0
2024-01-20,Liberty,Sam Houston,3964638,82,66,4005,0
2024-01-20,Elon,Northeastern,3964211,72,84,2068,0
2024-01-20,Wyoming,Nevada,3964227,98,93,4136,0
2024-01-20,UTRGV,Tarleton St.,3964636,73,77,1514,0
2024-01-20,Villanova,UConn,3964662,65,66,18966,0
2024-01-20,Idaho St.,Eastern Wash.,3964620,67,79,1547,0
2024-01-20,UC Riverside,CSUN,3964607,82,63,469,0
2024-01-20,California Baptist,Southern Utah,3964602,83,76,3197,0
2024-01-20,Northern Colo.,Portland St.,3964627,90,61,1254,0
2024-01-20,Duke,Pittsburgh,3964661,76,80,9314,0
2024-01-20,Missouri,Florida,3964242,67,79,11489,0
2024-01-20,UNI,Southern Ill.,3964214,61,57,3926,0
2024-01-20,Auburn,Ole Miss,3964655,82,59,9121,0
2024-01-20,Weber St.,Idaho,3964231,88,65,6519,0
2024-01-20,New Mexico St.,Middle Tenn.,3964233,73,62,4634,0
2024-01-20,UTEP,Western Ky.,3964652,93,87,4151,0
2024-01-20,Montana St.,Montana,3964632,77,87,6648,0
2024-01-20,Stanford,Washington,3984771,90,80,4174,0
2024-01-20,San Francisco,Saint Mary's (CA),3964248,60,77,3432,0
2024-01-20,Seattle U,Grand Canyon,3964643,86,79,1000,0
2024-01-20,San Diego,Gonzaga,3964265,63,105,3007,0
2024-01-20,CSU Bakersfield,Cal Poly,3964640,65,53,1974,0
2024-01-20,Pepperdine,LMU (CA),3964236,61,68,927,0
2024-01-21,Maryland,Michigan St.,3953992,59,61,15103,0
2024-01-21,Illinois,Rutgers,3728737,86,63,15544,0
2024-01-21,Tulane,Memphis,3964664,81,79,3621,0
2024-01-21,Marist,Siena,3964676,50,48,1886,0
2024-01-21,South Fla.,Wichita St.,3964682,72,68,4414,0
2024-01-21,Quinnipiac,Iona,3964681,91,87,1631,0
2024-01-21,Sacred Heart,Wagner,3964679,66,61,641,0
2024-01-21,Saint Peter's,Canisius,3964677,70,59,0,0
2024-01-21,Le Moyne,Saint Francis,3964674,94,57,794,0
2024-01-21,Merrimack,Stonehill,3964666,63,47,861,0
2024-01-21,Manhattan,Fairfield,3964667,75,82,717,0
2024-01-21,Mount St. Mary's,Niagara,3964673,71,82,2412,0
2024-01-21,UTSA,Fla. Atlantic,3964680,103,112,1929,0
2024-01-21,ETSU,Chattanooga,3964584,74,81,4869,0
2024-01-21,Utah,Oregon,3996032,80,77,7919,0
2024-01-21,Chicago St.,St. Xavier,3964663,108,58,250,0
2024-01-21,Murray St.,Indiana St.,3964665,63,72,6017,0
2024-01-21,LIU,Central Conn. St.,3964690,63,72,458,0
2024-01-22,North Carolina,Wake Forest,3964703,85,64,21175,0
2024-01-22,UMES,Queens (NY),3964717,71,61,183,0
2024-01-22,A&M-Corpus Christi,McNeese,3964700,61,62,2416,0
2024-01-22,Southeastern La.,Northwestern St.,3964699,71,62,658,0
2024-01-22,Colgate,Lehigh,3964702,60,57,957,0
2024-01-22,UIW,Nicholls,3964694,74,78,135,0
2024-01-22,Houston Christian,New Orleans,3964705,88,80,709,0
2024-01-22,Lamar University,Tex. A&M-Commerce,3964696,76,65,1454,0
2024-01-22,Mississippi Val.,Florida A&M,3964693,70,81,1305,0
2024-01-22,Ark.-Pine Bluff,Bethune-Cookman,3964695,76,72,2143,0
2024-01-22,Alcorn,Prairie View,3964718,90,78,1808,0
2024-01-22,Kansas,Cincinnati,3964716,74,69,16300,0
2024-01-22,Jackson St.,Texas Southern,3964691,73,64,1652,0
2024-01-22,Montana St.,Idaho St.,3964707,77,70,2449,0
2024-01-22,Stony Brook,Hofstra,3964692,74,80,3027,0
2024-01-22,Montana,Weber St.,3964706,77,62,3163,0
2024-01-23,La Salle,Dayton,3964725,54,66,1571,0
2024-01-23,Georgetown,Butler,3964748,66,90,4625,0
2024-01-23,Minnesota,Wisconsin,3953749,59,61,10013,0
2024-01-23,Nebraska,Ohio St.,3995910,83,69,14408,0
2024-01-23,Louisville,Duke,3964765,69,83,12620,0
2024-01-23,Syracuse,Florida St.,3964764,69,85,19859,0
2024-01-23,Cornell,Wells,3964768,105,49,466,0
2024-01-23,Buffalo,Ball St.,3964763,59,87,2007,0
2024-01-23,UCF,West Virginia,3964762,72,59,8882,0
2024-01-23,Georgia Tech,Pittsburgh,3964761,64,72,3612,0
2024-01-23,VCU,Loyola Chicago,3964719,74,67,7204,0
2024-01-23,Central Mich.,Miami (OH),3964720,71,55,1466,0
2024-01-23,Akron,Ohio,3964721,67,58,2604,0
2024-01-23,Duquesne,St. Bonaventure,3964723,54,50,2489,0
2024-01-23,Bowling Green,Kent St.,3964726,84,90,2099,0
2024-01-23,South Carolina,Kentucky,3964727,79,62,18000,0
2024-01-23,Charlotte,UAB,3964730,76,70,4155,0
2024-01-23,Massachusetts,Saint Joseph's,3964734,77,78,3210,0
2024-01-23,Western Mich.,Eastern Mich.,3964751,73,56,2208,0
2024-01-23,Oklahoma,Texas,3964747,60,75,11092,0
2024-01-23,NIU,Toledo,3964724,73,89,1534,0
2024-01-23,Illinois St.,Belmont,3964729,77,67,2860,0
2024-01-23,UNI,Evansville,3964722,70,63,3257,0
2024-01-23,Creighton,Xavier,3964783,85,78,17195,0
2024-01-23,BYU,Houston,3964754,68,75,16553,0
2024-01-23,Portland,San Diego,3964010,81,85,1009,0
2024-01-23,Virginia Tech,Boston College,3964797,76,71,8925,0
2024-01-23,San Diego St.,Wyoming,3964731,81,65,12414,0
2024-01-23,Purdue,Michigan,3953854,99,67,14876,0
2024-01-23,Oklahoma St.,TCU,3964791,69,74,6017,0
2024-01-23,Texas A&M,Missouri,3964792,63,57,9623,0
2024-01-23,Fresno St.,Boise St.,3964789,68,72,3872,0
2024-01-23,UNLV,Air Force,3964795,58,90,6392,0
2024-01-24,VMI,ETSU,3964801,73,74,822,0
2024-01-24,Seton Hall,Providence,3964837,63,67,8895,0
2024-01-24,UNC Asheville,Radford,3964838,81,69,1768,0
2024-01-24,Georgia,LSU,3964799,68,66,9243,0
2024-01-24,Saint Louis,Davidson,3964811,61,84,5647,0
2024-01-24,American,Holy Cross,3964854,84,65,876,0
2024-01-24,Bucknell,Navy,3964860,71,63,984,0
2024-01-24,Wofford,Chattanooga,3964853,65,79,1146,0
2024-01-24,The Citadel,Mercer,3964869,68,66,1283,0
2024-01-24,Temple,South Fla.,3964863,69,75,3505,0
2024-01-24,Charleston So.,Winthrop,3964816,59,78,812,0
2024-01-24,Boston U.,Army West Point,3964815,59,69,668,0
2024-01-24,Old Dominion,James Madison,3964886,62,78,6701,0
2024-01-24,Kennesaw St.,North Ala.,3964887,84,90,1422,0
2024-01-24,Virginia,NC State,3964888,59,53,13947,0
2024-01-24,Coastal Carolina,Southern Miss.,3964890,63,79,1489,0
2024-01-24,Richmond,George Washington,3964891,82,74,5082,0
2024-01-24,Loyola Maryland,Lafayette,3964898,44,70,472,0
2024-01-24,Rhode Island,Fordham,3964908,68,71,4703,0
2024-01-24,Iowa,Maryland,3953985,67,69,8532,0
2024-01-24,Furman,Samford,3964798,78,68,2207,0
2024-01-24,Queens (NC),Central Ark.,3964800,96,79,226,0
2024-01-24,Marshall,Georgia St.,3964802,77,68,4045,0
2024-01-24,Western Caro.,UNC Greensboro,3964881,82,85,2945,0
2024-01-24,Bradley,Murray St.,3964808,71,63,4581,0
2024-01-24,Troy,Texas St.,3964809,78,65,2248,0
2024-01-24,USC Upstate,High Point,3964812,67,78,674,0
2024-01-24,Notre Dame,Miami (FL),3964875,61,73,5948,0
2024-01-24,Longwood,Gardner-Webb,3964814,64,76,1345,0
2024-01-24,Wichita St.,East Carolina,3964804,52,54,5252,0
2024-01-24,Middle Tenn.,Jacksonville St.,3964807,75,67,2605,0
2024-01-24,Alabama,Auburn,3964817,79,75,13474,0
2024-01-24,Rice,Fla. Atlantic,3964810,56,69,1896,0
2024-01-24,Missouri St.,Drake,3964806,83,80,2461,0
2024-01-24,Southern Ill.,Valparaiso,3964803,75,69,3923,0
2024-01-24,UTSA,Tulane,3964909,89,88,1281,0
2024-01-24,UIC,Indiana St.,3964805,83,89,2174,0
2024-01-24,St. John's (NY),Villanova,3965009,70,50,12859,0
2024-01-24,Florida,Mississippi St.,3965011,79,70,8484,0
2024-01-24,Northwestern,Illinois,3954364,96,91,7039,0
2024-01-24,DePaul,Marquette,3964993,73,86,6050,0
2024-01-24,Iowa St.,Kansas St.,3965002,78,67,14267,0
2024-01-24,Ole Miss,Arkansas,3965003,77,51,8207,0
2024-01-24,Washington St.,Utah,3964813,79,57,2605,0
2024-01-24,Nevada,Colorado St.,3964958,77,64,9029,0
2024-01-24,Washington,Colorado,3996496,81,98,5210,0
2024-01-24,San Jose St.,New Mexico,3964892,75,95,3118,0
2024-01-25,Campbell,Elon,3965027,78,68,1813,0
2024-01-25,FDU,Central Conn. St.,3965111,60,76,371,0
2024-01-25,Maine,UAlbany,3965015,81,73,724,0
2024-01-25,App State,Ga. Southern,3965044,84,74,3136,0
2024-01-25,Bellarmine,North Florida,3965041,63,71,1484,0
2024-01-25,UMass Lowell,Vermont,3965026,65,72,957,0
2024-01-25,Stony Brook,Monmouth,3965022,72,65,1905,0
2024-01-25,FGCU,Lipscomb,3965072,72,98,1805,0
2024-01-25,South Dakota St.,Kansas City,3965045,75,66,2012,0
2024-01-25,Eastern Ky.,Jacksonville,3965068,75,59,3196,0
2024-01-25,LIU,Stonehill,3965074,63,60,534,0
2024-01-25,Louisiana Tech,UTEP,3965036,68,54,2290,0
2024-01-25,Northern Ky.,Purdue Fort Wayne,3965075,58,63,3079,0
2024-01-25,Green Bay,Oakland,3965033,69,59,3513,0
2024-01-25,North Texas,SMU,3965028,68,66,7239,0
2024-01-25,Cleveland St.,Wright St.,3965056,99,107,1864,0
2024-01-25,New Hampshire,Binghamton,3965055,79,73,526,0
2024-01-25,Northeastern,UNCW,3965052,54,77,802,0
2024-01-25,Stetson,Austin Peay,3965057,83,82,939,0
2024-01-25,Saint Peter's,Rider,3965060,57,62,713,0
2024-01-25,Wagner,Merrimack,3965048,44,60,889,0
2024-01-25,Delaware,N.C. A&T,3965067,90,71,1661,0
2024-01-25,Hofstra,William & Mary,3965064,64,55,1376,0
2024-01-25,NJIT,Bryant,3965017,55,70,444,0
2024-01-25,Towson,Drexel,3965019,70,67,2804,0
2024-01-25,Saint Francis,Sacred Heart,3965020,75,71,725,0
2024-01-25,Hampton,Col. of Charleston,3965063,86,107,897,0
2024-01-25,IU Indy,Youngstown St.,3965046,50,78,708,0
2024-01-25,Quinnipiac,Mount St. Mary's,3965124,79,65,929,0
2024-01-25,SFA,Grand Canyon,3965023,51,53,3649,0
2024-01-25,Little Rock,Lindenwood,3965076,80,66,1189,0
2024-01-25,UTRGV,California Baptist,3965042,54,63,1932,0
2024-01-25,St. Thomas (MN),North Dakota St.,3965047,79,66,1614,0
2024-01-25,Western Ky.,FIU,3965030,105,91,4144,0
2024-01-25,Tarleton St.,Southern Utah,3965049,70,73,1677,0
2024-01-25,Abilene Christian,Utah Tech,3965070,82,60,1401,0
2024-01-25,Milwaukee,Detroit Mercy,3965069,87,71,2341,0
2024-01-25,Oral Roberts,Omaha,3965061,74,67,4963,0
2024-01-25,ULM,South Alabama,3965021,80,66,1600,0
2024-01-25,Eastern Ill.,Tennessee Tech,3965101,68,59,1439,0
2024-01-25,UT Martin,Southeast Mo. St.,3965089,84,58,1521,0
2024-01-25,Southern Ind.,Western Ill.,3965090,68,73,2726,0
2024-01-25,Eastern Wash.,Northern Colo.,3965016,77,74,1519,0
2024-01-25,Sacramento St.,Montana St.,3965039,62,70,1253,0
2024-01-25,Denver,South Dakota,3965062,111,110,1278,0
2024-01-25,Oregon,Arizona St.,3984802,80,61,6170,0
2024-01-25,Sam Houston,New Mexico St.,3965029,79,67,2546,0
2024-01-25,Idaho,Northern Ariz.,3965037,60,75,1647,0
2024-01-25,Gonzaga,San Francisco,3965034,77,72,6000,0
2024-01-25,LMU (CA),Portland,3965013,92,65,991,0
2024-01-25,Cal Poly,Cal St. Fullerton,3965065,51,54,1228,0
2024-01-25,Santa Clara,Pepperdine,3965014,94,71,1686,0
2024-01-25,UC San Diego,UC Riverside,3965051,66,65,3083,0
2024-01-25,Portland St.,Montana,3965053,72,46,1083,0
2024-01-25,Long Beach St.,UC Irvine,3965050,61,72,3024,0
2024-01-25,CSUN,CSU Bakersfield,3965059,56,64,1110,0
2024-01-25,Oregon St.,Arizona,3984750,83,80,4239,0
2024-01-25,Saint Mary's (CA),Pacific,3965012,76,28,3286,0
2024-01-25,Hawaii,UC Santa Barbara,3965024,61,78,4279,0
2024-01-26,Louisiana,Arkansas St.,3965025,81,75,1874,0
2024-01-26,Kent St.,Ohio,3965651,64,71,3557,0
2024-01-26,Canisius,Manhattan,3965154,82,70,899,0
2024-01-26,Niagara,Marist,3965163,67,62,1687,0
2024-01-26,Siena,Iona,3965157,51,70,5100,0
2024-01-26,Wisconsin,Michigan St.,3953750,81,66,17287,0
2024-01-26,St. Bonaventure,Saint Joseph's,3965143,91,72,4396,0
2024-01-26,Seattle U,Utah Valley,3965639,62,61,999,0
2024-01-26,California,Stanford,3984774,73,71,8710,0
2024-01-27,Northeastern,William & Mary,3965266,68,72,1101,0
2024-01-27,Holy Cross,Lehigh,3965236,72,78,1063,0
2024-01-27,New Hampshire,UAlbany,3965640,79,86,561,0
2024-01-27,Notre Dame,Boston College,3965268,58,61,6593,0
2024-01-27,Florida,Georgia,3965208,102,98,10045,0
2024-01-27,Maryland,Nebraska,3954332,73,51,15481,0
2024-01-27,Louisville,Virginia,3965248,52,69,11381,0
2024-01-27,Houston,Kansas St.,3965264,74,52,7260,0
2024-01-27,Duquesne,Fordham,3965270,68,59,3027,0
2024-01-27,Providence,Georgetown,3965272,84,76,12580,0
2024-01-27,Central Conn. St.,Wagner,3965210,69,68,1121,0
2024-01-27,Army West Point,Bucknell,3965255,56,66,1200,0
2024-01-27,Western Mich.,Central Mich.,3965275,55,62,3110,0
2024-01-27,Navy,Loyola Maryland,3965280,70,74,2024,0
2024-01-27,South Carolina,Missouri,3965282,72,64,13553,0
2024-01-27,Miami (OH),Akron,3965253,70,68,1408,0
2024-01-27,Marquette,Seton Hall,3965269,75,57,17751,0
2024-01-27,Green Bay,Detroit Mercy,3965265,78,64,2625,0
2024-01-27,Iowa St.,Kansas,3965271,79,75,14267,0
2024-01-27,Dartmouth,Brown,3965258,75,71,868,0
2024-01-27,Campbell,Col. of Charleston,3965254,67,90,1617,0
2024-01-27,Toledo,Bowling Green,3965243,88,72,7318,0
2024-01-27,Monmouth,Hofstra,3965228,81,78,2276,0
2024-01-27,Maine,Binghamton,3965211,50,51,1287,0
2024-01-27,Oklahoma,Texas Tech,3965295,84,85,10890,0
2024-01-27,Oklahoma St.,West Virginia,3965286,70,66,6889,0
2024-01-27,Tex. A&M-Commerce,Nicholls,3965235,84,87,351,0
2024-01-27,Murray St.,Southern Ill.,3965234,58,60,6757,0
2024-01-27,Evansville,Illinois St.,3965221,58,54,4010,0
2024-01-27,BYU,Texas,3965263,84,72,17978,0
2024-01-27,Delaware,Towson,3965332,56,67,2792,0
2024-01-27,Ball St.,NIU,3965339,81,71,4010,0
2024-01-27,FDU,Sacred Heart,3965330,93,91,673,0
2024-01-27,Cornell,Princeton,3965343,83,68,3625,0
2024-01-27,Columbia,Penn,3965301,84,81,2076,0
2024-01-27,Harvard,Yale,3965303,65,78,1636,0
2024-01-27,Chattanooga,The Citadel,3965305,90,62,3503,0
2024-01-27,Stetson,Lipscomb,3965308,80,59,596,0
2024-01-27,Le Moyne,LIU,3965315,87,74,943,0
2024-01-27,Drexel,N.C. A&T,3965318,62,47,1739,0
2024-01-27,Hampton,Elon,3965323,74,80,1122,0
2024-01-27,Lafayette,Boston U.,3965325,48,62,1462,0
2024-01-27,Coastal Carolina,Georgia St.,3965326,85,83,1389,0
2024-01-27,Florida St.,North Carolina,3965327,68,75,10092,0
2024-01-27,Miami (FL),Pittsburgh,3965225,72,68,7779,0
2024-01-27,UT Arlington,Grand Canyon,3965344,61,67,2871,0
2024-01-27,Louisiana Tech,New Mexico St.,3965300,73,53,2464,0
2024-01-27,SFA,California Baptist,3965238,79,81,2909,0
2024-01-27,Illinois,Indiana,3953792,70,62,15544,0
2024-01-27,Texas Southern,Alabama A&M,3965613,85,69,3109,0
2024-01-27,Butler,Villanova,3965412,88,81,9237,0
2024-01-27,Morehead St.,Western Ill.,3965470,64,50,2988,0
2024-01-27,Mississippi St.,Auburn,3965350,64,58,9175,0
2024-01-27,Eastern Mich.,Buffalo,3965480,75,65,2095,0
2024-01-27,UC Riverside,Long Beach St.,3965607,53,65,573,0
2024-01-27,Eastern Wash.,Northern Ariz.,3965281,85,70,1675,0
2024-01-27,Boise St.,Utah St.,3965220,84,90,12058,0
2024-01-27,Wyoming,Colorado St.,3965223,79,76,7133,0
2024-01-27,Denver,Omaha,3965322,72,91,1183,0
2024-01-27,Tulane,Charlotte,3965217,71,75,2074,0
2024-01-27,Valparaiso,Missouri St.,3965222,70,81,1591,0
2024-01-27,Baylor,TCU,3965392,102,105,7500,0
2024-01-27,Central Ark.,Kennesaw St.,3965418,92,87,989,0
2024-01-27,Milwaukee,Oakland,3965440,87,91,2729,0
2024-01-27,Abilene Christian,Southern Utah,3965441,67,82,1712,0
2024-01-27,Northwestern St.,A&M-Corpus Christi,3965445,68,79,1133,0
2024-01-27,Little Rock,Southeast Mo. St.,3965473,66,61,1356,0
2024-01-27,ETSU,Samford,3965577,72,75,4043,0
2024-01-27,American,Colgate,3965586,54,73,1644,0
2024-01-27,South Fla.,UTSA,3965587,89,72,5271,0
2024-01-27,Eastern Ky.,North Florida,3965652,89,76,4278,0
2024-01-27,Marshall,Southern Miss.,3965215,83,67,4697,0
2024-01-27,George Mason,Rhode Island,3965224,92,84,6756,0
2024-01-27,Saint Francis,Merrimack,3965229,55,74,882,0
2024-01-27,Stony Brook,UNCW,3965237,86,78,2871,0
2024-01-27,Bryant,Vermont,3965249,57,67,1144,0
2024-01-27,Winthrop,High Point,3965257,81,83,2440,0
2024-01-27,Bethune-Cookman,Jackson St.,3965517,82,71,915,0
2024-01-27,Florida A&M,Alcorn,3965529,67,76,921,0
2024-01-27,Delaware St.,South Carolina St.,3965532,64,66,1500,0
2024-01-27,Duke,Clemson,3965540,72,71,9314,0
2024-01-27,UMES,N.C. Central,3965543,57,65,183,0
2024-01-27,Gardner-Webb,USC Upstate,3965546,75,70,904,0
2024-01-27,Bellarmine,Jacksonville,3965550,69,63,3584,0
2024-01-27,Norfolk St.,Coppin St.,3965555,68,58,2567,0
2024-01-27,Morgan St.,Howard,3965597,85,79,3571,0
2024-01-27,SIUE,Tennessee Tech,3965490,74,57,2157,0
2024-01-27,Eastern Ill.,Tennessee St.,3965487,60,64,1533,0
2024-01-27,UT Martin,Lindenwood,3965484,76,67,1087,0
2024-01-27,Radford,Presbyterian,3965596,73,58,1609,0
2024-01-27,Jacksonville St.,Liberty,3965240,73,62,2835,0
2024-01-27,Troy,South Alabama,3965242,83,79,5110,0
2024-01-27,Tarleton St.,Utah Tech,3965509,86,68,2110,0
2024-01-27,Belmont,UIC,3965216,74,65,2429,0
2024-01-27,Grambling,Mississippi Val.,3965664,54,46,1296,0
2024-01-27,McNeese,New Orleans,3965574,102,65,4200,0
2024-01-27,UC Davis,UC San Diego,3965346,59,92,2537,0
2024-01-27,Washington St.,Colorado,3965259,78,69,3273,0
2024-01-27,Idaho,Northern Colo.,3965307,68,89,1754,0
2024-01-27,Western Caro.,VMI,3965227,102,77,3860,0
2024-01-27,Virginia Tech,Georgia Tech,3965606,91,67,8925,0
2024-01-27,Mount St. Mary's,Rider,3965602,62,66,2965,0
2024-01-27,Michigan,Iowa,3953987,78,88,11752,0
2024-01-27,Sam Houston,UTEP,3965256,60,56,1993,0
2024-01-27,Charleston So.,UNC Asheville,3965598,65,71,798,0
2024-01-27,Oregon,Arizona,4470524,78,87,12364,0
2024-01-27,Middle Tenn.,FIU,3965232,79,61,4122,0
2024-01-27,Drake,UNI,3965245,77,63,6424,0
2024-01-27,UIW,Houston Christian,3965252,79,75,199,0
2024-01-27,Richmond,Dayton,3965241,69,64,7201,0
2024-01-27,Vanderbilt,Tennessee,3965218,62,75,13852,0
2024-01-27,Indiana St.,Bradley,3965230,95,86,8223,0
2024-01-27,Arkansas,Kentucky,3965207,57,63,19200,0
2024-01-27,George Washington,La Salle,3965209,70,80,2054,0
2024-01-27,Wofford,Furman,3965212,77,67,3500,0
2024-01-27,App State,James Madison,3965585,82,76,8052,0
2024-01-27,Prairie View,Alabama St.,3965616,67,74,1175,0
2024-01-27,Penn St.,Minnesota,3954214,74,83,12336,0
2024-01-27,Southern U.,Ark.-Pine Bluff,3965621,80,66,6017,0
2024-01-27,Fresno St.,Air Force,3965261,84,70,4433,0
2024-01-27,Syracuse,NC State,3965648,77,65,21814,0
2024-01-27,Oregon St.,Arizona St.,3984751,84,71,3842,0
2024-01-27,Portland St.,Montana St.,3965516,94,91,1197,0
2024-01-27,Old Dominion,Ga. Southern,3965644,70,76,5519,0
2024-01-27,Cincinnati,UCF,3965641,68,57,12112,0
2024-01-27,FGCU,Austin Peay,3965656,73,67,2034,0
2024-01-27,UMBC,NJIT,3965637,74,75,1685,0
2024-01-27,UNC Greensboro,Mercer,3965576,64,70,1686,0
2024-01-27,Lamar University,Southeastern La.,3965260,74,64,2433,0
2024-01-27,North Ala.,Queens (NC),3965244,90,84,1473,0
2024-01-27,Creighton,DePaul,3965627,85,62,18571,0
2024-01-27,Kansas City,South Dakota,3965649,81,57,1291,0
2024-01-27,Oral Roberts,South Dakota St.,3965645,87,82,6914,0
2024-01-27,St. Thomas (MN),North Dakota,3965636,64,74,1540,0
2024-01-27,Rice,Tulsa,3965246,83,85,2385,0
2024-01-27,Portland,San Francisco,3965213,64,76,1394,0
2024-01-27,Davidson,VCU,3965219,58,63,3861,0
2024-01-27,Alabama,LSU,3965635,109,88,13474,0
2024-01-27,Southern California,UCLA,3984858,50,65,10300,0
2024-01-27,Pepperdine,San Diego,3965231,67,69,821,0
2024-01-27,Saint Louis,Massachusetts,3965247,73,84,7423,0
2024-01-27,Northwestern,Ohio St.,3954563,83,58,6218,0
2024-01-27,Texas A&M,Ole Miss,3965663,68,71,12610,0
2024-01-27,San Jose St.,UNLV,3965647,65,77,2982,0
2024-01-27,Sacramento St.,Montana,3965628,67,70,815,0
2024-01-27,Weber St.,Idaho St.,3965642,64,74,5445,0
2024-01-27,Cal St. Fullerton,CSU Bakersfield,3965226,68,50,784,0
2024-01-27,UC Irvine,CSUN,3965638,77,72,3441,0
2024-01-27,Washington,Utah,3996033,98,73,7419,0
2024-01-27,Pacific,Gonzaga,3965214,73,82,3164,0
2024-01-27,Saint Mary's (CA),LMU (CA),3965206,70,65,3500,0
2024-01-27,Hawaii,Cal Poly,3965239,83,73,4921,0
2024-01-28,IU Indy,Wright St.,3965673,76,83,720,0
2024-01-28,UConn,Xavier,3965675,99,56,15684,0
2024-01-28,Louisiana,Texas St.,3965250,66,46,1392,0
2024-01-28,Rutgers,Purdue,3728740,60,68,8000,0
2024-01-28,Fla. Atlantic,North Texas,3965670,66,63,3161,0
2024-01-28,Canisius,Marist,3965682,71,80,620,0
2024-01-28,Cleveland St.,Robert Morris,3965684,66,64,1476,0
2024-01-28,Youngstown St.,Northern Ky.,3965685,82,52,6001,0
2024-01-28,ULM,Arkansas St.,3965233,85,82,1376,0
2024-01-28,Niagara,Manhattan,3965689,78,84,905,0
2024-01-28,Fairfield,Quinnipiac,3965688,64,66,3137,0
2024-01-28,Siena,Saint Peter's,3965686,52,63,5806,0
2024-01-28,Wichita St.,SMU,3965668,77,72,4373,0
2024-01-28,UAB,Memphis,3965671,97,88,8127,0
2024-01-28,East Carolina,Temple,3965669,70,64,4132,0
2024-01-28,New Mexico,Nevada,3965695,89,55,15021,0
2024-01-29,Virginia Tech,Duke,3965703,67,77,8925,0
2024-01-29,Holy Cross,Boston U.,3965698,65,63,2364,0
2024-01-29,Delaware St.,N.C. Central,3965720,66,69,1350,0
2024-01-29,Norfolk St.,Morgan St.,3965724,83,73,3013,0
2024-01-29,Coppin St.,Howard,3965712,66,81,612,0
2024-01-29,UMES,South Carolina St.,3965722,53,63,1883,0
2024-01-29,Lamar University,New Orleans,3965710,98,73,1243,0
2024-01-29,Houston Christian,Southeastern La.,3965706,58,80,389,0
2024-01-29,McNeese,Northwestern St.,3965709,89,65,4058,0
2024-01-29,Florida A&M,Jackson St.,3965729,88,86,1021,0
2024-01-29,Tex. A&M-Commerce,A&M-Corpus Christi,3965697,54,69,506,0
2024-01-29,Texas Southern,Alabama St.,3965805,56,55,4087,0
2024-01-29,Grambling,Ark.-Pine Bluff,3965699,70,86,1482,0
2024-01-29,Southern U.,Mississippi Val.,3965730,78,54,3729,0
2024-01-29,Bethune-Cookman,Alcorn,3965718,67,70,998,0
2024-01-29,Texas,Houston,3965728,72,76,11313,0
2024-01-29,Prairie View,Alabama A&M,3965727,87,76,1926,0
2024-01-30,Tennessee,South Carolina,3965734,59,63,20667,0
2024-01-30,Boston College,Syracuse,3965772,80,75,6611,0
2024-01-30,Ohio St.,Illinois,3954365,75,87,10285,0
2024-01-30,Indiana,Iowa,3953793,74,68,17222,0
2024-01-30,Central Mich.,NIU,3965732,84,77,1520,0
2024-01-30,Dayton,George Washington,3965733,83,61,13407,0
2024-01-30,Ball St.,Bowling Green,3965777,72,81,3488,0
2024-01-30,TCU,Texas Tech,3965755,85,78,6903,0
2024-01-30,St. Bonaventure,VCU,3965737,67,62,3901,0
2024-01-30,Villanova,Marquette,3965776,80,85,6501,0
2024-01-30,Toledo,Western Mich.,3965739,88,63,3915,0
2024-01-30,Kent St.,Miami (OH),3965774,67,71,2114,0
2024-01-30,Eastern Mich.,Akron,3965760,46,77,1733,0
2024-01-30,Georgia Tech,North Carolina,3965771,74,73,8600,0
2024-01-30,Ohio,Buffalo,3965764,91,70,3652,0
2024-01-30,Loyola Chicago,Saint Louis,3965759,77,62,3488,0
2024-01-30,Murray St.,Illinois St.,3965736,59,61,5817,0
2024-01-30,Kansas St.,Oklahoma,3965763,53,73,9955,0
2024-01-30,Ole Miss,Mississippi St.,3965801,86,82,10630,0
2024-01-30,Lindenwood,Southeast Mo. St.,3965786,58,54,1986,0
2024-01-30,Air Force,Wyoming,3965735,72,83,1888,0
2024-01-30,DePaul,Seton Hall,3965813,39,72,2990,0
2024-01-30,Michigan St.,Michigan,3953995,81,62,14797,0
2024-01-30,NC State,Miami (FL),3965815,74,68,12194,0
2024-01-30,Kansas,Oklahoma St.,3965810,83,54,16300,0
2024-01-30,Colorado St.,San Diego St.,3965740,79,71,8093,0
2024-01-30,Utah St.,San Jose St.,3965738,82,61,8599,0
2024-01-30,Clemson,Louisville,3965814,70,64,6760,0
2024-01-30,UNLV,Fresno St.,3965812,78,69,5980,0
2024-01-30,Gonzaga,LMU (CA),3965806,92,58,6000,0
2024-01-31,VMI,UNC Greensboro,3965822,79,85,1126,0
2024-01-31,Xavier,St. John's (NY),3965851,88,77,10360,0
2024-01-31,Purdue,Northwestern,3953855,105,96,14876,0
2024-01-31,Georgia,Alabama,3965819,76,85,10523,0
2024-01-31,Tulsa,Wichita St.,3965834,79,68,5028,0
2024-01-31,Rhode Island,La Salle,3965932,71,69,4033,0
2024-01-31,Lehigh,Navy,3965924,77,65,1153,0
2024-01-31,Gardner-Webb,UNC Asheville,3965916,80,73,719,0
2024-01-31,Lafayette,American,3965911,66,69,1289,0
2024-01-31,UCF,Baylor,3965908,69,77,8683,0
2024-01-31,Virginia,Notre Dame,3965905,65,53,13947,0
2024-01-31,Presbyterian,USC Upstate,3965901,80,73,298,0
2024-01-31,Western Caro.,Chattanooga,3965899,85,91,1895,0
2024-01-31,Colgate,Army West Point,3965893,74,55,747,0
2024-01-31,Pittsburgh,Wake Forest,3965891,77,72,7769,0
2024-01-31,West Virginia,Cincinnati,3965890,69,65,10349,0
2024-01-31,The Citadel,Furman,3965882,79,82,4117,0
2024-01-31,Radford,Charleston So.,3965872,60,63,1332,0
2024-01-31,East Carolina,South Fla.,3965870,60,71,4053,0
2024-01-31,Jacksonville,Austin Peay,3965867,63,43,791,0
2024-01-31,Bucknell,Loyola Maryland,3965865,67,52,865,0
2024-01-31,Fordham,Richmond,3965861,69,83,1860,0
2024-01-31,Duquesne,Chicago St.,3965823,65,60,2366,0
2024-01-31,Saint Joseph's,George Mason,3965832,75,73,1844,0
2024-01-31,Mercer,ETSU,3965836,49,54,2163,0
2024-01-31,North Florida,Lipscomb,3965859,85,76,1409,0
2024-01-31,Samford,Wofford,3965830,81,79,2431,0
2024-01-31,Belmont,Indiana St.,3965824,72,78,2263,0
2024-01-31,Drake,Valparaiso,3965829,81,70,3323,0
2024-01-31,Kentucky,Florida,3965821,91,94,20068,0
2024-01-31,Louisiana,ULM,3965831,80,72,1668,0
2024-01-31,Tex. A&M-Commerce,UIW,3963677,71,66,203,0
2024-01-31,Southern Ill.,Missouri St.,3965825,75,76,5002,0
2024-01-31,Memphis,Rice,3965835,71,74,11594,0
2024-01-31,Bradley,UNI,3965828,85,69,4861,0
2024-01-31,Evansville,UIC,3965826,77,60,3679,0
2024-01-31,UConn,Providence,3966030,74,65,10299,0
2024-01-31,Arkansas St.,Southern Miss.,3965816,78,71,2032,0
2024-01-31,Missouri,Arkansas,3965979,84,91,11020,0
2024-01-31,Rutgers,Penn St.,3728742,46,61,8000,0
2024-01-31,North Texas,UAB,3965833,79,82,3689,0
2024-01-31,Auburn,Vanderbilt,3965818,81,54,9121,0
2024-01-31,New Mexico,Boise St.,3966031,78,86,13239,0
2024-01-31,Saint Mary's (CA),Santa Clara,3965817,82,77,3411,0
2024-02-01,Green Bay,IU Indy,3966052,79,56,5490,0
2024-02-01,Binghamton,NJIT,3966061,75,66,2366,0
2024-02-01,UMass Lowell,Maine,3966047,76,62,768,0
2024-02-01,SMU,Tulane,3966039,80,76,5284,0
2024-02-01,Vermont,UAlbany,3966091,81,59,2338,0
2024-02-01,Oakland,Robert Morris,3966090,87,72,2752,0
2024-02-01,William & Mary,Delaware,3966089,53,81,3057,0
2024-02-01,N.C. A&T,Hampton,3966088,59,58,5700,0
2024-02-01,Sacred Heart,Stonehill,3966087,77,72,480,0
2024-02-01,Purdue Fort Wayne,Milwaukee,3966080,65,68,903,0
2024-02-01,Bryant,UMBC,3966079,99,95,975,0
2024-02-01,Detroit Mercy,Cleveland St.,3966078,65,77,420,0
2024-02-01,FDU,LIU,3966077,82,75,557,0
2024-02-01,Ga. Southern,Troy,3966070,63,84,1627,0
2024-02-01,James Madison,Coastal Carolina,3966069,105,67,4490,0
2024-02-01,Wagner,Le Moyne,3966065,80,57,1093,0
2024-02-01,FIU,Louisiana Tech,3966049,53,93,1115,0
2024-02-01,Hofstra,Stony Brook,3966045,72,71,2062,0
2024-02-01,Monmouth,Drexel,3966042,67,62,1672,0
2024-02-01,Georgia St.,App State,3966041,71,81,3127,0
2024-02-01,Towson,Northeastern,3966040,83,76,1950,0
2024-02-01,Marshall,Old Dominion,3966037,76,83,4309,0
2024-02-01,Elon,Campbell,3966036,67,69,2160,0
2024-02-01,Col. of Charleston,UNCW,3966034,74,80,5021,0
2024-02-01,High Point,Longwood,3965820,93,76,5349,0
2024-02-01,Central Conn. St.,Saint Francis,3966033,63,62,1301,0
2024-02-01,SFA,Utah Valley,3966044,77,72,2208,0
2024-02-01,Kennesaw St.,Bellarmine,3966130,95,96,1630,0
2024-02-01,South Dakota St.,North Dakota St.,3966064,73,74,3418,0
2024-02-01,Northern Ariz.,Weber St.,3966057,70,72,803,0
2024-02-01,Omaha,St. Thomas (MN),3966066,69,65,1747,0
2024-02-01,Northern Colo.,Idaho St.,3966056,91,86,1209,0
2024-02-01,Queens (NC),Eastern Ky.,3966032,94,76,317,0
2024-02-01,South Dakota,North Dakota,3966093,81,95,1775,0
2024-02-01,Kansas City,Denver,3966076,85,71,1042,0
2024-02-01,Tennessee St.,Morehead St.,3966160,49,68,1178,0
2024-02-01,Texas St.,South Alabama,3966038,74,66,1699,0
2024-02-01,Abilene Christian,Tarleton St.,3966083,73,76,1652,0
2024-02-01,Arizona,California,3984770,91,65,14688,0
2024-02-01,Nebraska,Wisconsin,3953751,80,72,15318,0
2024-02-01,Lindenwood,Western Ill.,3966109,71,79,1069,0
2024-02-01,Eastern Ill.,UT Martin,3966120,59,76,1217,0
2024-02-01,Central Ark.,FGCU,3966131,59,82,895,0
2024-02-01,Southern Utah,UT Arlington,3966050,68,76,1422,0
2024-02-01,SIUE,Little Rock,3966125,68,66,1254,0
2024-02-01,Tennessee Tech,Southern Ind.,3966136,71,74,1712,0
2024-02-01,North Ala.,Stetson,3966162,79,72,1267,0
2024-02-01,New Mexico St.,Liberty,3966043,79,73,4650,0
2024-02-01,Arizona St.,Stanford,3966060,62,71,7234,0
2024-02-01,Grand Canyon,Seattle U,3966063,95,88,7276,0
2024-02-01,Utah Tech,UTRGV,3966072,81,64,1455,0
2024-02-01,Montana,Idaho,3966084,73,70,2963,0
2024-02-01,Montana St.,Eastern Wash.,3966085,70,60,3012,0
2024-02-01,UTEP,Jacksonville St.,3966086,79,71,3845,0
2024-02-01,Western Ky.,Sam Houston,3966051,77,79,3757,0
2024-02-01,Wright St.,Youngstown St.,3966082,77,88,3588,0
2024-02-01,Pacific,Portland,3966035,60,65,1178,0
2024-02-01,CSU Bakersfield,Long Beach St.,3966067,82,76,1656,0
2024-02-01,UC San Diego,CSUN,3966068,83,62,1277,0
2024-02-01,Cal St. Fullerton,Hawaii,3966073,68,76,1339,0
2024-02-01,Cal Poly,UC Irvine,3966074,59,73,1097,0
2024-02-01,UCLA,Oregon St.,3984752,71,63,6095,0
2024-02-01,Southern California,Oregon,3984859,69,78,4862,0
2024-02-01,San Francisco,San Diego,3966046,95,79,2248,0
2024-02-01,UC Santa Barbara,UC Davis,3966048,69,79,2204,0
2024-02-02,Buffalo,Kent St.,3966693,52,83,2042,0
2024-02-02,Dayton,St. Bonaventure,3966163,76,71,13407,0
2024-02-02,Dartmouth,Cornell,3966164,53,56,770,0
2024-02-02,Manhattan,Quinnipiac,3966165,71,77,787,0
2024-02-02,Harvard,Columbia,3966178,62,59,1536,0
2024-02-02,Iona,Fairfield,3966180,91,82,1888,0
2024-02-02,Iowa,Ohio St.,3953989,79,77,9986,0
2024-02-02,Rider,Siena,3966182,91,50,1650,0
2024-02-02,Brown,Penn,3966190,70,61,1284,0
2024-02-02,Yale,Princeton,3966187,70,64,2532,0
2024-02-02,Marist,Mount St. Mary's,3966183,58,76,1360,0
2024-02-02,Saint Peter's,Niagara,3966186,59,68,645,0
2024-02-02,Creighton,Butler,3966223,98,99,17874,0
2024-02-02,Akron,Toledo,3966238,77,70,3151,0
2024-02-02,Nevada,San Jose St.,3966222,90,60,8512,0
2024-02-03,LSU,Arkansas,3966289,95,74,7880,0
2024-02-03,Indiana,Penn St.,3953794,71,85,17222,0
2024-02-03,Colgate,Navy,3966346,88,64,974,0
2024-02-03,La Salle,Saint Joseph's,3966246,82,88,3174,0
2024-02-03,Massachusetts,George Mason,3966282,66,65,4418,0
2024-02-03,St. John's (NY),UConn,3966290,64,77,19812,0
2024-02-03,Miami (FL),Virginia Tech,3966291,82,74,7234,0
2024-02-03,Rhode Island,Duquesne,3966293,71,85,5822,0
2024-02-03,Memphis,Wichita St.,3966277,65,63,12582,0
2024-02-03,Jackson St.,Grambling,3966642,62,70,13834,1
2024-02-03,Detroit Mercy,Robert Morris,3966313,67,75,812,0
2024-02-03,Western Mich.,Ball St.,3966296,67,77,1729,0
2024-02-03,Oakland,Cleveland St.,3966272,83,71,2931,0
2024-02-03,Boston U.,Lehigh,3966281,72,71,1002,0
2024-02-03,Georgia,South Carolina,3966233,62,72,10523,0
2024-02-03,UIC,Southern Ill.,3966241,71,74,4056,0
2024-02-03,Mercer,VMI,3966283,90,69,2438,0
2024-02-03,Missouri St.,Belmont,3966254,87,80,3412,0
2024-02-03,Illinois St.,Bradley,3966255,60,73,6871,0
2024-02-03,TCU,Texas,3966304,66,77,7894,0
2024-02-03,Oklahoma St.,Kansas St.,3966309,75,72,7623,0
2024-02-03,Minnesota,Northwestern,3954504,75,66,9492,0
2024-02-03,UNI,Murray St.,3966242,43,71,3991,0
2024-02-03,Ohio,Miami (OH),3966337,78,69,9018,0
2024-02-03,Clemson,Virginia,3966345,65,66,9000,0
2024-02-03,Delaware,Monmouth,3966353,84,80,3037,0
2024-02-03,Sacred Heart,Le Moyne,3966367,87,81,597,0
2024-02-03,William & Mary,Col. of Charleston,3966369,83,84,5062,0
2024-02-03,Vermont,Binghamton,3966370,62,49,3000,0
2024-02-03,UNC Asheville,Winthrop,3966373,82,78,2206,0
2024-02-03,Georgetown,Marquette,3966374,57,91,10563,0
2024-02-03,Stonehill,Wagner,3966231,71,61,1025,0
2024-02-03,Charlotte,East Carolina,3966256,67,52,8201,0
2024-02-03,FIU,Sam Houston,3966273,68,61,1179,0
2024-02-03,Charleston So.,Longwood,3966280,83,77,612,0
2024-02-03,Saint Louis,Fordham,3966325,65,67,6947,0
2024-02-03,Ga. Southern,App State,3966419,84,85,2412,0
2024-02-03,Maine,Bryant,3966400,79,72,855,0
2024-02-03,UTSA,Rice,3966371,76,80,1387,0
2024-02-03,Arizona St.,California,3984778,66,81,7901,0
2024-02-03,Merrimack,Central Conn. St.,3966274,71,68,1936,0
2024-02-03,Alabama St.,Bethune-Cookman,3966243,68,79,3200,0
2024-02-03,Vanderbilt,Missouri,3966378,68,61,6905,0
2024-02-03,San Diego St.,Utah St.,3966261,81,67,12414,0
2024-02-03,Arkansas St.,ULM,3966228,95,80,2743,0
2024-02-03,Howard,Hampton,3966619,61,63,13834,1
2024-02-03,Nicholls,Houston Christian,3966250,83,73,555,0
2024-02-03,N.C. A&T,Elon,3966368,65,69,2006,0
2024-02-03,Queens (NC),Bellarmine,3966545,85,75,773,0
2024-02-03,American,Bucknell,3966563,75,66,1257,0
2024-02-03,James Madison,Old Dominion,3966565,78,63,7633,0
2024-02-03,UCF,Oklahoma,3966587,74,63,9387,0
2024-02-03,Norfolk St.,Delaware St.,3966602,65,64,3421,0
2024-02-03,N.C. Central,Coppin St.,3966612,77,46,2875,0
2024-02-03,ETSU,The Citadel,3966614,62,60,3615,0
2024-02-03,South Carolina St.,Morgan St.,3966615,70,72,721,0
2024-02-03,VCU,Richmond,3966230,63,52,7637,0
2024-02-03,Wofford,Western Caro.,3966237,88,86,2051,0
2024-02-03,Marshall,Coastal Carolina,3966239,91,74,5711,0
2024-02-03,Georgia St.,Troy,3966251,74,78,2624,0
2024-02-03,USC Upstate,Radford,3966275,78,69,495,0
2024-02-03,Utah Valley,Grand Canyon,3966335,67,86,2381,0
2024-02-03,Northern Ariz.,Idaho St.,3966364,79,81,773,0
2024-02-03,Boise St.,Air Force,3966245,94,56,12004,0
2024-02-03,Kansas,Houston,3966448,78,65,16300,0
2024-02-03,Texas A&M,Florida,3966452,67,66,11793,0
2024-02-03,Tennessee Tech,Morehead St.,3966463,60,67,1099,0
2024-02-03,Northwestern St.,Tex. A&M-Commerce,3966475,70,57,937,0
2024-02-03,Alcorn,Southern U.,3966647,70,71,1702,0
2024-02-03,NIU,Eastern Mich.,3966244,76,66,1537,0
2024-02-03,Valparaiso,Evansville,3966249,62,63,1807,0
2024-02-03,Michigan,Rutgers,3728744,59,69,11683,0
2024-02-03,Central Ark.,Stetson,3966527,62,73,1245,0
2024-02-03,Tennessee St.,Southern Ind.,3966533,79,74,784,0
2024-02-03,Chattanooga,Samford,3966624,56,78,4000,0
2024-02-03,North Dakota,North Dakota St.,3966513,60,58,3065,0
2024-02-03,Southeastern La.,McNeese,3966519,77,74,1043,0
2024-02-03,A&M-Corpus Christi,Lamar University,3966520,79,71,2465,0
2024-02-03,Eastern Ill.,Little Rock,3966522,47,71,1192,0
2024-02-03,SIUE,UT Martin,3966526,79,90,1639,0
2024-02-03,Southeast Mo. St.,Western Ill.,3966537,55,76,1060,0
2024-02-03,Tarleton St.,SFA,3966552,75,64,2140,0
2024-02-03,Lipscomb,Jacksonville,3966263,84,82,1777,0
2024-02-03,Alabama A&M,Florida A&M,3966278,73,61,3913,0
2024-02-03,New Orleans,UIW,3966285,80,82,748,0
2024-02-03,Bowling Green,Central Mich.,3966247,76,77,2230,0
2024-02-03,UMass Lowell,New Hampshire,3966269,73,89,3583,0
2024-02-03,Kennesaw St.,Eastern Ky.,3966633,76,86,2357,0
2024-02-03,Utah Tech,UT Arlington,3966432,66,87,1904,0
2024-02-03,Loyola Maryland,Holy Cross,3966638,67,70,480,0
2024-02-03,Utah,Colorado,3996034,73,68,9294,0
2024-02-03,Texas St.,Southern Miss.,3966240,60,55,1907,0
2024-02-03,Austin Peay,North Florida,3966264,95,91,3312,0
2024-02-03,Michigan St.,Maryland,3953997,63,54,14797,0
2024-02-03,NC State,Georgia Tech,3966646,82,76,15523,0
2024-02-03,Cal Poly,UC Davis,3966453,52,59,2087,0
2024-02-03,North Texas,South Fla.,3966639,55,60,4316,0
2024-02-03,Ole Miss,Auburn,3966637,77,91,9631,0
2024-02-03,Texas Tech,Cincinnati,3966267,72,75,15098,0
2024-02-03,West Virginia,BYU,3966655,73,86,11753,0
2024-02-03,Pittsburgh,Notre Dame,3966656,70,60,10864,0
2024-02-03,Brown,Princeton,3966663,60,70,1350,0
2024-02-03,Fla. Atlantic,Tulsa,3966252,102,70,3161,0
2024-02-03,Indiana St.,Drake,3966257,75,67,8332,0
2024-02-03,Hofstra,Towson,3966262,59,56,3743,0
2024-02-03,Army West Point,Lafayette,3966271,56,64,913,0
2024-02-03,Dartmouth,Columbia,3966276,56,72,992,0
2024-02-03,North Carolina,Duke,3966664,93,84,21750,0
2024-02-03,Stony Brook,Northeastern,3966260,59,55,3610,0
2024-02-03,Prairie View,Texas Southern,3966643,69,80,3514,0
2024-02-03,Long Beach St.,UC San Diego,3966555,85,76,2308,0
2024-02-03,Portland St.,Sacramento St.,3966564,58,51,827,0
2024-02-03,Santa Clara,San Diego,3966235,59,70,2351,0
2024-02-03,Southern California,Oregon St.,3984754,82,54,6541,0
2024-02-03,Mississippi Val.,Ark.-Pine Bluff,3966265,77,83,1913,0
2024-02-03,Harvard,Cornell,3966669,76,89,1636,0
2024-02-03,UNCW,Campbell,3966672,77,74,5100,0
2024-02-03,Yale,Penn,3966675,74,58,1784,0
2024-02-03,LIU,Saint Francis,3966679,70,67,792,0
2024-02-03,High Point,Presbyterian,3966234,78,68,5678,0
2024-02-03,UAlbany,UMBC,3966259,102,114,3709,0
2024-02-03,Wake Forest,Syracuse,3966689,99,70,11412,0
2024-02-03,CSUN,UC Riverside,3966632,76,70,915,0
2024-02-03,UNLV,Wyoming,3966279,62,48,5963,0
2024-02-03,Northern Colo.,Weber St.,3966657,63,82,1507,0
2024-02-03,Montana St.,Idaho,3966662,75,81,3761,0
2024-02-03,Portland,Pepperdine,3996530,93,89,1516,0
2024-02-03,California Baptist,Seattle U,3966627,60,61,4822,0
2024-02-03,Louisville,Florida St.,3966690,101,92,11287,0
2024-02-03,Western Ky.,Middle Tenn.,3966286,88,65,5527,0
2024-02-03,Louisiana,South Alabama,3966268,80,60,1873,0
2024-02-03,Kansas City,St. Thomas (MN),3966673,56,71,1226,0
2024-02-03,Oral Roberts,Denver,3966671,82,76,6528,0
2024-02-03,Baylor,Iowa St.,3966670,70,68,7500,0
2024-02-03,North Ala.,FGCU,3966684,70,69,1484,0
2024-02-03,Alabama,Mississippi St.,3966685,99,67,13474,0
2024-02-03,Kentucky,Tennessee,3966236,92,103,20265,0
2024-02-03,Southern Utah,UTRGV,3966678,79,59,1352,0
2024-02-03,New Mexico St.,Jacksonville St.,3966253,67,65,11278,0
2024-02-03,UTEP,Liberty,3966677,65,67,5028,0
2024-02-03,Washington,Washington St.,3966287,87,90,9294,0
2024-02-03,Montana,Eastern Wash.,3966676,65,78,3842,0
2024-02-03,DePaul,Xavier,3966691,68,93,3649,0
2024-02-03,Fresno St.,Colorado St.,3966284,61,73,4331,0
2024-02-03,San Francisco,Pacific,3966266,79,73,3011,0
2024-02-03,UC Irvine,Hawaii,3966668,93,68,3042,0
2024-02-03,CSU Bakersfield,UC Santa Barbara,3966667,59,70,1554,0
2024-02-03,UCLA,Oregon,3995942,71,63,8723,0
2024-02-03,Gonzaga,Saint Mary's (CA),3966229,62,64,6000,0
2024-02-04,Iona,Rider,3966703,94,93,1669,0
2024-02-04,Loyola Chicago,Davidson,3966694,76,63,4253,0
2024-02-04,Wisconsin,Purdue,3953752,69,75,17287,0
2024-02-04,Fairfield,Manhattan,3966709,77,68,3226,0
2024-02-04,Purdue Fort Wayne,Youngstown St.,3966710,82,78,1103,0
2024-02-04,Furman,UNC Greensboro,3966232,87,89,2438,0
2024-02-04,Marist,Saint Peter's,3966708,63,52,1490,0
2024-02-04,Quinnipiac,Canisius,3966712,88,63,1747,0
2024-02-04,Northern Ky.,Wright St.,3966697,78,85,4760,0
2024-02-04,Siena,Mount St. Mary's,3966705,61,68,5730,0
2024-02-04,Milwaukee,IU Indy,3966711,87,67,1616,0
2024-02-04,Tulane,Temple,3966695,92,80,1950,0
2024-02-04,South Dakota St.,South Dakota,3966653,70,67,3781,0
2024-02-04,SMU,UAB,3966696,72,69,5656,0
2024-02-04,Villanova,Providence,3966717,68,50,13168,0
2024-02-04,Illinois,Nebraska,3954366,87,84,15544,0
2024-02-04,Arizona,Stanford,3984773,82,71,14688,0
2024-02-05,Southeastern La.,UIW,3966723,76,64,756,0
2024-02-05,Virginia,Miami (FL),3966732,60,38,14165,0
2024-02-05,Delaware St.,Howard,3966740,71,75,1100,0
2024-02-05,New Orleans,Houston Christian,3966738,84,58,782,0
2024-02-05,Nicholls,Northwestern St.,3966719,73,66,625,0
2024-02-05,N.C. Central,Morgan St.,3966744,72,79,2057,0
2024-02-05,South Carolina St.,Coppin St.,3966746,77,65,580,0
2024-02-05,UMES,Norfolk St.,3966749,69,60,183,0
2024-02-05,McNeese,Tex. A&M-Commerce,3966736,77,51,3703,0
2024-02-05,Alabama St.,Florida A&M,3966718,62,53,2727,0
2024-02-05,Alcorn,Grambling,3966741,67,78,1252,0
2024-02-05,Prairie View,Ark.-Pine Bluff,3963716,75,74,654,0
2024-02-05,Alabama A&M,Bethune-Cookman,3966720,72,68,2019,0
2024-02-05,Sacramento St.,Idaho,3966724,45,61,707,0
2024-02-05,Jackson St.,Southern U.,3966747,63,72,2789,0
2024-02-05,Kansas St.,Kansas,3966748,75,70,11010,0
2024-02-05,Portland St.,Eastern Wash.,3966727,77,90,977,0
2024-02-06,South Carolina,Ole Miss,3966776,68,65,18000,0
2024-02-06,Maryland,Rutgers,3728746,53,56,12866,0
2024-02-06,St. John's (NY),DePaul,3966752,85,57,6035,0
2024-02-06,Houston,Oklahoma St.,3966774,79,63,7205,0
2024-02-06,Eastern Mich.,Toledo,3966781,87,91,1542,0
2024-02-06,Niagara,Canisius,3966795,69,64,1295,0
2024-02-06,Ball St.,Ohio,3966794,79,84,3218,0
2024-02-06,Kent St.,Western Mich.,3966792,63,61,2564,0
2024-02-06,Boston College,Florida St.,3966790,62,63,4390,0
2024-02-06,Georgia Tech,Wake Forest,3966788,51,80,4239,0
2024-02-06,North Carolina,Clemson,3966786,76,80,20689,0
2024-02-06,Fordham,VCU,3966780,60,75,1627,0
2024-02-06,Miami (OH),NIU,3966762,59,62,2242,0
2024-02-06,Bowling Green,Buffalo,3966757,87,73,1704,0
2024-02-06,Akron,Central Mich.,3966754,68,47,2268,0
2024-02-06,George Washington,Rhode Island,3966751,65,88,1272,0
2024-02-06,Ohio St.,Indiana,3953795,73,76,11157,0
2024-02-06,Texas,Iowa St.,3966783,65,70,10663,0
2024-02-06,Saint Joseph's,Dayton,3966764,79,94,2923,0
2024-02-06,Little Rock,UT Martin,3966778,77,57,1236,0
2024-02-06,Oklahoma,BYU,3966796,82,66,6834,0
2024-02-06,UConn,Butler,3966824,71,62,15684,0
2024-02-06,Wyoming,New Mexico,3966777,73,91,3685,0
2024-02-06,Vanderbilt,Kentucky,3966756,77,109,11678,0
2024-02-06,Utah St.,Nevada,3966759,63,77,8860,0
2024-02-06,South Fla.,Charlotte,3966825,72,69,6156,0
2024-02-06,Minnesota,Michigan St.,3953999,59,56,8239,0
2024-02-06,Colorado St.,Boise St.,3966761,75,62,7221,0
2024-02-06,Baylor,Texas Tech,3966817,79,73,7500,0
2024-02-06,San Jose St.,Fresno St.,3966760,57,69,3284,0
2024-02-06,Air Force,San Diego St.,3966758,64,77,1556,0
2024-02-06,Pacific,Saint Mary's (CA),3966753,43,84,1911,0
2024-02-07,La Salle,Saint Louis,3966835,84,102,1202,0
2024-02-07,Winthrop,Charleston So.,3966856,67,46,1894,0
2024-02-07,UNC Asheville,High Point,3966873,86,81,2529,0
2024-02-07,Bellarmine,Stetson,3966872,77,84,1523,0
2024-02-07,Seton Hall,Georgetown,3966871,76,70,9422,0
2024-02-07,Louisiana Tech,Western Ky.,3966866,76,81,2221,0
2024-02-07,Troy,Marshall,3966842,82,66,3212,0
2024-02-07,Auburn,Alabama,3966828,99,81,9121,0
2024-02-07,ETSU,Wofford,3966949,57,50,3421,0
2024-02-07,Xavier,Villanova,3966934,56,53,10285,0
2024-02-07,Purdue Fort Wayne,Cleveland St.,3966933,72,75,898,0
2024-02-07,Syracuse,Louisville,3966929,94,92,19426,0
2024-02-07,Lafayette,Holy Cross,3966927,75,59,1241,0
2024-02-07,St. Bonaventure,Massachusetts,3966926,79,73,3748,0
2024-02-07,Presbyterian,Gardner-Webb,3966923,77,75,262,0
2024-02-07,Western Caro.,The Citadel,3966919,71,64,1849,0
2024-02-07,NC State,Pittsburgh,3966918,64,67,11366,0
2024-02-07,Navy,Bucknell,3966897,67,80,1404,0
2024-02-07,American,Loyola Maryland,3966896,43,44,841,0
2024-02-07,Mercer,Furman,3966855,78,69,1989,0
2024-02-07,Boston U.,Colgate,3966854,64,74,1019,0
2024-02-07,Longwood,USC Upstate,3966852,64,69,1326,0
2024-02-07,Lehigh,Army West Point,3966845,57,68,915,0
2024-02-07,Indiana St.,Valparaiso,3966840,101,61,5716,0
2024-02-07,George Mason,Loyola Chicago,3966837,79,85,2645,0
2024-02-07,Tennessee,LSU,3966834,88,68,21678,0
2024-02-07,Duquesne,Davidson,3966833,59,72,2535,0
2024-02-07,Michigan,Wisconsin,3953753,72,68,10698,0
2024-02-07,Wichita St.,UTSA,3966831,84,64,6133,0
2024-02-07,ULM,Coastal Carolina,3966841,79,75,1392,0
2024-02-07,Louisiana,Georgia St.,3966846,69,78,1613,0
2024-02-07,Southern Miss.,Old Dominion,3966849,78,73,3927,0
2024-02-07,Tulsa,North Texas,3966850,55,68,4054,0
2024-02-07,South Alabama,Ga. Southern,3966851,78,65,1712,0
2024-02-07,Gonzaga,Portland,3966827,96,64,6000,0
2024-02-07,Arkansas St.,James Madison,3966826,73,77,3824,0
2024-02-07,Belmont,Murray St.,3966829,69,64,1652,0
2024-02-07,Texas St.,App State,3966830,63,56,1498,0
2024-02-07,UNI,Missouri St.,3966832,72,65,3833,0
2024-02-07,Evansville,Bradley,3966836,73,70,3542,0
2024-02-07,Illinois St.,UIC,3966839,56,61,4394,0
2024-02-07,Drake,Southern Ill.,3966843,92,88,3611,0
2024-02-07,Rice,SMU,3966844,69,95,1934,0
2024-02-07,Providence,Creighton,3967041,91,87,12078,0
2024-02-07,Missouri,Texas A&M,3967033,60,79,9814,0
2024-02-07,Stanford,UCLA,3984779,74,82,3844,0
2024-02-07,Mississippi St.,Georgia,3967035,75,62,8755,0
2024-02-07,Northwestern,Nebraska,3954564,80,68,5681,0
2024-02-07,Duke,Notre Dame,3967042,71,53,9314,0
2024-02-07,Eastern Ky.,FGCU,3967043,90,82,4066,0
2024-02-07,San Diego,LMU (CA),3966853,79,77,1003,0
2024-02-07,California,Southern California,3984780,83,77,11801,0
2024-02-08,VMI,Chattanooga,3967046,84,88,2365,0
2024-02-08,Binghamton,UAlbany,3967071,69,57,2543,0
2024-02-08,Youngstown St.,Milwaukee,3967072,97,85,3046,0
2024-02-08,Fairfield,Rider,3967094,84,67,1692,0
2024-02-08,Mount St. Mary's,Manhattan,3967083,82,78,2270,0
2024-02-08,UMBC,UMass Lowell,3967082,80,93,1163,0
2024-02-08,Siena,Marist,3967081,51,67,5218,0
2024-02-08,Stonehill,Le Moyne,3967080,57,88,571,0
2024-02-08,Quinnipiac,Saint Peter's,3967104,84,73,1587,0
2024-02-08,Central Conn. St.,Sacred Heart,3967044,77,70,2023,0
2024-02-08,Elon,Stony Brook,3967047,64,79,2045,0
2024-02-08,Temple,Memphis,3967048,77,84,4888,0
2024-02-08,NJIT,Vermont,3967049,63,61,474,0
2024-02-08,Towson,Delaware,3967050,62,74,3505,0
2024-02-08,UNC Greensboro,Samford,3967102,69,78,2023,0
2024-02-08,Monmouth,William & Mary,3967052,68,64,1586,0
2024-02-08,Penn St.,Iowa,3953991,89,79,8140,0
2024-02-08,LIU,Merrimack,3967105,79,82,521,0
2024-02-08,Niagara,Iona,3967099,71,74,1041,0
2024-02-08,Campbell,Northeastern,3967058,76,86,1024,0
2024-02-08,Northern Ky.,Oakland,3967060,99,89,2702,0
2024-02-08,Wright St.,Detroit Mercy,3967098,92,85,3363,0
2024-02-08,Robert Morris,Green Bay,3967062,76,81,826,0
2024-02-08,Bryant,New Hampshire,3967097,85,66,924,0
2024-02-08,FDU,Wagner,3967095,62,66,347,0
2024-02-08,Liberty,Middle Tenn.,3967076,88,53,3241,0
2024-02-08,Jacksonville,Central Ark.,3967085,59,55,885,0
2024-02-08,UNCW,Drexel,3967093,75,56,5100,0
2024-02-08,Jacksonville St.,Sam Houston,3967066,79,68,2121,0
2024-02-08,Hampton,Hofstra,3967090,59,63,1004,0
2024-02-08,North Florida,North Ala.,3967078,74,79,1119,0
2024-02-08,SFA,UTRGV,3967091,92,84,2120,0
2024-02-08,North Dakota St.,Kansas City,3967089,82,78,1289,0
2024-02-08,North Dakota,Omaha,3967079,99,78,1678,0
2024-02-08,St. Thomas (MN),Oral Roberts,3967077,85,63,1148,0
2024-02-08,Austin Peay,Kennesaw St.,3967056,85,69,2032,0
2024-02-08,Lipscomb,Queens (NC),3967055,90,88,1582,0
2024-02-08,Utah,Arizona,3996035,99,105,10944,0
2024-02-08,Colorado,Arizona St.,3984803,82,70,7109,0
2024-02-08,Northern Ariz.,Montana,3967067,66,94,308,0
2024-02-08,Northern Colo.,Montana St.,3967065,73,70,1055,0
2024-02-08,Utah Valley,Tarleton St.,3967064,61,72,1985,0
2024-02-08,Col. of Charleston,N.C. A&T,3967045,80,58,4624,0
2024-02-08,South Dakota,Denver,3967103,92,86,1640,0
2024-02-08,Southeast Mo. St.,Tennessee Tech,3967142,88,69,1056,0
2024-02-08,Southern Ind.,Eastern Ill.,3967123,71,81,1877,0
2024-02-08,Lindenwood,Tennessee St.,3967120,55,65,2002,0
2024-02-08,Western Ill.,Little Rock,3967110,60,63,1076,0
2024-02-08,Idaho St.,Sacramento St.,3967075,68,40,1225,0
2024-02-08,Utah Tech,Southern Utah,3967086,70,68,2648,0
2024-02-08,UAB,Fla. Atlantic,3967054,76,73,5309,0
2024-02-08,Morehead St.,SIUE,3967059,79,68,3245,0
2024-02-08,UC Davis,Cal St. Fullerton,3967069,71,58,1379,0
2024-02-08,Weber St.,Portland St.,3967051,84,72,5875,0
2024-02-08,Oregon,Washington,3996493,85,80,7584,0
2024-02-08,UC Santa Barbara,UC Irvine,3967057,61,76,1992,0
2024-02-08,California Baptist,UT Arlington,3967074,64,63,2550,0
2024-02-08,UC Riverside,CSU Bakersfield,3967096,65,63,565,0
2024-02-08,Seattle U,Abilene Christian,3967084,75,52,2354,0
2024-02-08,Oregon St.,Washington St.,3967061,58,64,3562,0
2024-02-08,CSUN,Cal Poly,3967088,78,65,390,0
2024-02-08,Pepperdine,San Francisco,3967053,74,80,913,0
2024-02-08,Hawaii,UC San Diego,3967092,94,86,4249,0
2024-02-09,VCU,Dayton,3967167,49,47,7637,0
2024-02-09,Nevada,San Diego St.,3967168,70,66,11394,0
2024-02-09,Colorado St.,San Jose St.,3967216,66,47,7783,0
2024-02-10,LSU,Alabama,3967291,92,109,7755,0
2024-02-10,Western Ill.,UT Martin,3967509,59,62,1448,0
2024-02-10,Rutgers,Wisconsin,3728749,78,56,8000,0
2024-02-10,George Washington,Loyola Chicago,3967235,73,81,2520,0
2024-02-10,IU Indy,Purdue Fort Wayne,3967292,65,92,1017,0
2024-02-10,Brown,Columbia,3967387,69,83,897,0
2024-02-10,Syracuse,Clemson,3967295,68,77,23050,0
2024-02-10,Georgetown,UConn,3967296,64,89,13040,0
2024-02-10,Xavier,Creighton,3967297,71,78,10555,0
2024-02-10,Saint Joseph's,Saint Louis,3967298,87,86,2407,0
2024-02-10,Central Conn. St.,FDU,3967239,71,62,1090,0
2024-02-10,VMI,Samford,3967244,63,102,3267,0
2024-02-10,South Carolina,Vanderbilt,3967251,75,60,14310,0
2024-02-10,Canisius,Iona,3967302,73,69,621,0
2024-02-10,UMBC,Vermont,3967306,70,72,1710,0
2024-02-10,App State,Toledo,3967620,109,104,5437,0
2024-02-10,Northeastern,Monmouth,3967309,77,65,801,0
2024-02-10,Gardner-Webb,High Point,3967325,62,78,1002,0
2024-02-10,Army West Point,Navy,3967279,69,67,4922,0
2024-02-10,Youngstown St.,Green Bay,3967333,83,84,3229,0
2024-02-10,Missouri St.,Indiana St.,3967256,71,73,3517,0
2024-02-10,Tex. A&M-Commerce,New Orleans,3967260,89,83,556,0
2024-02-10,Southern Miss.,Western Mich.,3967280,86,54,3842,0
2024-02-10,North Dakota,Kansas City,3967304,47,65,1968,0
2024-02-10,North Dakota St.,Omaha,3967321,81,79,2204,0
2024-02-10,Iowa St.,TCU,3967322,71,59,14267,0
2024-02-10,Michigan St.,Illinois,3954001,88,80,14797,0
2024-02-10,St. Bonaventure,Duquesne,3967262,69,75,4750,0
2024-02-10,Holy Cross,American,3967263,58,56,1791,0
2024-02-10,Georgia St.,Miami (OH),3967276,73,53,1643,0
2024-02-10,Campbell,Stony Brook,3967278,95,77,1742,0
2024-02-10,FIU,Middle Tenn.,3967281,66,68,638,0
2024-02-10,North Florida,Central Ark.,3967338,77,79,2629,0
2024-02-10,Harvard,Dartmouth,3967342,77,59,1636,0
2024-02-10,Bucknell,Boston U.,3967343,62,77,1493,0
2024-02-10,Binghamton,Bryant,3967352,69,70,2831,0
2024-02-10,Butler,Providence,3967357,75,72,8934,0
2024-02-10,Duke,Boston College,3967360,80,65,9314,0
2024-02-10,Hampton,UNCW,3967364,65,95,1949,0
2024-02-10,Richmond,La Salle,3967365,82,65,7201,0
2024-02-10,Robert Morris,Milwaukee,3967366,71,60,1084,0
2024-02-10,Saint Peter's,Fairfield,3967371,62,64,644,0
2024-02-10,Yale,Cornell,3967372,80,78,2532,0
2024-02-10,N.C. A&T,Hofstra,3967382,49,81,1054,0
2024-02-10,Old Dominion,Central Mich.,3967676,57,58,4569,0
2024-02-10,Davidson,George Mason,3967393,55,57,3609,0
2024-02-10,Air Force,Fresno St.,3967254,66,68,2287,0
2024-02-10,Arkansas St.,Ohio,3967231,100,87,2267,0
2024-02-10,South Carolina St.,Chicago St.,3967614,78,55,576,0
2024-02-10,Western Caro.,Mercer,3967571,79,46,2588,0
2024-02-10,ULM,Eastern Mich.,3967261,82,76,1102,0
2024-02-10,Texas,West Virginia,3967348,94,58,10073,0
2024-02-10,Rice,South Fla.,3967367,65,69,1982,0
2024-02-10,UT Arlington,SFA,3967388,71,63,2393,0
2024-02-10,South Alabama,NIU,4546530,75,66,1539,0
2024-02-10,Merrimack,Le Moyne,3967282,66,50,782,0
2024-02-10,Longwood,Winthrop,3967288,84,74,2873,0
2024-02-10,Jacksonville,North Ala.,3967422,67,63,772,0
2024-02-10,Ga. Southern,Buffalo,3967429,81,82,1524,0
2024-02-10,Florida,Auburn,3967234,81,65,10808,0
2024-02-10,Col. of Charleston,Drexel,3967241,80,70,4750,0
2024-02-10,Morehead St.,Eastern Ill.,3967506,69,57,2578,0
2024-02-10,CSU Bakersfield,Cal St. Fullerton,3967672,73,71,874,0
2024-02-10,Northern Ky.,Detroit Mercy,3967621,79,67,3119,0
2024-02-10,Northern Colo.,Montana,3967356,87,71,1119,0
2024-02-10,Northern Ariz.,Montana St.,3967379,76,71,709,0
2024-02-10,Valparaiso,Belmont,3967253,78,96,1499,0
2024-02-10,Murray St.,Evansville,3967259,73,70,5517,0
2024-02-10,South Dakota St.,Oral Roberts,3967335,83,72,3422,0
2024-02-10,UTSA,East Carolina,3967385,73,84,1535,0
2024-02-10,Texas Tech,UCF,3967471,66,59,13715,0
2024-02-10,Northwestern St.,Southeastern La.,3967480,59,69,1000,0
2024-02-10,Ohio St.,Maryland,3954333,79,75,13471,0
2024-02-10,NJIT,UMass Lowell,3967252,71,64,471,0
2024-02-10,Saint Francis,Stonehill,3967257,72,63,809,0
2024-02-10,USC Upstate,UNC Asheville,3967386,64,77,488,0
2024-02-10,Kentucky,Gonzaga,3967537,85,89,20186,0
2024-02-10,Mount St. Mary's,Quinnipiac,3967546,96,79,2166,0
2024-02-10,Bethune-Cookman,Prairie View,3967547,84,78,710,0
2024-02-10,Cincinnati,Houston,3967558,62,67,12715,0
2024-02-10,Florida A&M,Texas Southern,3967561,75,78,574,0
2024-02-10,Miami (FL),North Carolina,3967567,72,75,7972,0
2024-02-10,UMES,Bryn Athyn,3967575,88,55,183,0
2024-02-10,Delaware,William & Mary,3967582,69,58,2651,0
2024-02-10,Wake Forest,NC State,3967588,83,79,12571,0
2024-02-10,UNC Greensboro,Chattanooga,3967610,61,89,2329,0
2024-02-10,Utah Valley,Abilene Christian,3967344,74,45,2474,0
2024-02-10,Troy,Kent St.,3967266,78,68,3912,0
2024-02-10,Lindenwood,Tennessee Tech,3967515,53,62,1165,0
2024-02-10,Houston Christian,UIW,3967525,86,83,707,0
2024-02-10,Presbyterian,Radford,3967625,76,73,405,0
2024-02-10,Stetson,Eastern Ky.,3967628,87,79,882,0
2024-02-10,Southeast Mo. St.,Tennessee St.,3967530,74,77,1134,0
2024-02-10,Utah Tech,California Baptist,3967438,85,78,1682,0
2024-02-10,Oregon,Washington St.,3967289,56,62,7617,0
2024-02-10,Denver,St. Thomas (MN),3967361,94,77,1028,0
2024-02-10,Texas St.,Ball St.,3967247,68,60,1407,0
2024-02-10,Grambling,Alabama St.,3967650,74,68,781,0
2024-02-10,Lipscomb,Kennesaw St.,3967268,101,95,2134,0
2024-02-10,Loyola Maryland,Colgate,3967641,62,76,687,0
2024-02-10,Jacksonville St.,Western Ky.,3967578,59,70,2433,0
2024-02-10,McNeese,A&M-Corpus Christi,3967607,74,67,4324,0
2024-02-10,Austin Peay,Queens (NC),3967270,79,76,3333,0
2024-02-10,California,UCLA,3984783,60,61,9280,0
2024-02-10,Seattle U,Tarleton St.,3967421,77,82,966,0
2024-02-10,James Madison,Akron,3967549,73,59,6454,0
2024-02-10,Notre Dame,Virginia Tech,3967646,74,66,7394,0
2024-02-10,Princeton,Penn,3967632,77,70,5515,0
2024-02-10,ETSU,Furman,3967611,63,65,4566,0
2024-02-10,Marquette,St. John's (NY),3967639,86,75,18095,0
2024-02-10,Kansas,Baylor,3967636,64,61,16300,0
2024-02-10,Bradley,Drake,3967265,67,74,8023,0
2024-02-10,Arkansas,Georgia,3967233,78,75,19200,0
2024-02-10,Southern U.,Alabama A&M,3967648,69,62,3983,0
2024-02-10,Ark.-Pine Bluff,Alcorn,3967284,56,68,1738,0
2024-02-10,Louisville,Georgia Tech,3967668,79,67,11891,0
2024-02-10,Nebraska,Michigan,3954111,79,59,15828,0
2024-02-10,New Hampshire,Maine,3967673,60,57,1017,0
2024-02-10,Manhattan,Siena,3967287,63,68,707,0
2024-02-10,Wright St.,Oakland,3967679,60,74,5860,0
2024-02-10,Lehigh,Lafayette,3967275,94,90,1962,0
2024-02-10,FGCU,Bellarmine,3967681,63,52,2612,0
2024-02-10,Long Beach St.,Cal Poly,3967542,77,68,2082,0
2024-02-10,Wofford,The Citadel,3967242,77,64,2236,0
2024-02-10,Oklahoma,Oklahoma St.,3967665,66,62,11456,0
2024-02-10,Lamar University,Nicholls,3967283,75,56,2353,0
2024-02-10,Mississippi Val.,Jackson St.,3967271,69,77,2412,0
2024-02-10,Southern Ill.,Illinois St.,3967248,69,66,5212,0
2024-02-10,Oregon St.,Washington,3984756,55,67,3675,0
2024-02-10,Rider,Marist,3967675,62,77,1578,0
2024-02-10,Eastern Wash.,Idaho,3967250,87,79,2174,0
2024-02-10,Grand Canyon,Southern Utah,3967655,94,65,7124,0
2024-02-10,UC Riverside,UC Irvine,3967640,88,78,607,0
2024-02-10,Idaho St.,Portland St.,3967654,68,65,1435,0
2024-02-10,Liberty,Louisiana Tech,3967669,65,62,3696,0
2024-02-10,Utah,Arizona St.,3984804,77,85,8235,0
2024-02-10,LIU,Sacred Heart,3967682,75,58,366,0
2024-02-10,Purdue,Indiana,3953796,79,59,14876,0
2024-02-10,Texas A&M,Tennessee,3967678,85,69,12995,0
2024-02-10,New Mexico,UNLV,3967286,77,80,15435,0
2024-02-10,Florida St.,Virginia,3967696,76,80,8525,0
2024-02-10,Portland,Saint Mary's (CA),3967243,51,76,2158,0
2024-02-10,Missouri,Mississippi St.,3967693,51,75,10620,0
2024-02-10,Southern Ind.,SIUE,3967689,84,67,3276,0
2024-02-10,LMU (CA),Pepperdine,3967238,63,72,1607,0
2024-02-10,Weber St.,Sacramento St.,3967255,58,53,7460,0
2024-02-10,UTEP,New Mexico St.,3967680,74,49,10511,0
2024-02-10,Utah St.,Boise St.,3967264,80,61,10270,0
2024-02-10,Colorado,Arizona,3996500,79,99,10548,0
2024-02-10,Pacific,San Diego,3967245,84,89,1015,0
2024-02-10,Stanford,Southern California,3984782,99,68,7563,0
2024-02-10,San Francisco,Santa Clara,3967272,71,70,3208,0
2024-02-10,BYU,Kansas St.,3967697,72,66,17446,0
2024-02-10,UC Santa Barbara,CSUN,3967277,74,82,1619,0
2024-02-10,Hawaii,UC Davis,3967637,87,70,5576,0
2024-02-11,Wichita St.,Fla. Atlantic,3967699,82,95,6513,0
2024-02-11,Villanova,Seton Hall,3967713,80,54,13754,0
2024-02-11,Northwestern,Penn St.,3954215,68,63,5541,0
2024-02-11,Tulsa,UAB,3967706,63,70,3124,0
2024-02-11,SMU,North Texas,3967701,71,68,5742,0
2024-02-11,Memphis,Tulane,3967707,90,78,12111,0
2024-02-11,Massachusetts,Rhode Island,3967705,81,79,3553,0
2024-02-11,Temple,Charlotte,3967702,70,73,2602,0
2024-02-11,Louisiana,Bowling Green,3967704,86,60,914,0
2024-02-11,Iowa,Minnesota,3953993,90,85,9768,0
2024-02-11,UIC,UNI,3967700,71,65,1426,0
2024-02-12,Southern U.,Alabama St.,3967748,73,62,3967,0
2024-02-12,Bucknell,Lehigh,3967733,63,71,1398,0
2024-02-12,Duke,Wake Forest,3967735,77,69,9314,0
2024-02-12,Northwestern St.,New Orleans,3967731,70,59,621,0
2024-02-12,UIW,Lamar University,3967728,76,67,204,0
2024-02-12,Nicholls,A&M-Corpus Christi,3967724,67,63,560,0
2024-02-12,Bethune-Cookman,Texas Southern,3967743,83,79,889,0
2024-02-12,Tex. A&M-Commerce,Southeastern La.,3967726,77,79,309,0
2024-02-12,Houston Christian,McNeese,3967739,54,105,924,0
2024-02-12,TCU,West Virginia,3967734,81,65,5694,0
2024-02-12,Mississippi Val.,Alcorn,3967727,55,72,2300,0
2024-02-12,Grambling,Alabama A&M,3967745,50,60,723,0
2024-02-12,Ark.-Pine Bluff,Jackson St.,3967729,63,76,2638,0
2024-02-12,Texas Tech,Kansas,3967749,79,50,15098,0
2024-02-12,Towson,Elon,3967725,80,55,2112,0
2024-02-12,Florida A&M,Prairie View,3967747,58,61,402,0
2024-02-13,Butler,Marquette,3967770,72,78,8344,0
2024-02-13,Vanderbilt,Texas A&M,3967769,74,73,6564,0
2024-02-13,Indiana St.,Illinois St.,3967756,67,80,5988,0
2024-02-13,Providence,St. John's (NY),3967787,75,72,10258,0
2024-02-13,Virginia,Pittsburgh,3967785,63,74,13858,0
2024-02-13,Cincinnati,Iowa St.,3967779,59,68,11819,0
2024-02-13,Davidson,La Salle,3967775,71,56,2268,0
2024-02-13,George Mason,George Washington,3967755,90,67,3390,0
2024-02-13,Syracuse,North Carolina,3967791,86,79,21275,0
2024-02-13,Dayton,Duquesne,3967762,75,59,13407,0
2024-02-13,Illinois,Michigan,3954112,97,68,15544,0
2024-02-13,Florida,LSU,3967752,82,80,9007,0
2024-02-13,Evansville,Drake,3967754,75,78,3568,0
2024-02-13,NIU,Buffalo,3967753,72,68,1425,0
2024-02-13,Tennessee Tech,Tennessee St.,3967813,70,50,1141,0
2024-02-13,Creighton,Georgetown,3967810,94,72,16768,0
2024-02-13,Wisconsin,Ohio St.,3953754,62,54,14931,0
2024-02-13,BYU,UCF,3967773,90,88,15590,0
2024-02-13,Boston College,Louisville,3967832,89,77,3459,0
2024-02-13,San Diego St.,Colorado St.,3967757,71,55,12414,0
2024-02-13,Virginia Tech,Florida St.,3967831,83,75,8925,0
2024-02-13,Baylor,Oklahoma,3967825,79,62,7500,0
2024-02-13,Kentucky,Ole Miss,3967830,75,63,20064,0
2024-02-13,San Jose St.,Air Force,3967758,73,66,1722,0
2024-02-13,Nevada,New Mexico,3967783,82,83,8293,0
2024-02-14,Army West Point,Boston U.,3967855,65,50,549,0
2024-02-14,Youngstown St.,Robert Morris,3967856,87,77,2261,0
2024-02-14,Penn St.,Michigan St.,3954003,72,80,8813,0
2024-02-14,UNC Asheville,Presbyterian,3967857,71,69,1051,0
2024-02-14,Green Bay,Northern Ky.,3967851,57,58,2425,0
2024-02-14,The Citadel,UNC Greensboro,3967889,61,76,1745,0
2024-02-14,South Fla.,Tulsa,3967929,69,50,4559,0
2024-02-14,Eastern Ky.,Chicago St.,3967920,86,73,2391,0
2024-02-14,Purdue Fort Wayne,Oakland,3967917,63,71,1604,0
2024-02-14,Detroit Mercy,IU Indy,3967914,81,66,611,0
2024-02-14,Richmond,Massachusetts,3967911,59,69,4797,0
2024-02-14,Lafayette,Loyola Maryland,3967910,64,79,1183,0
2024-02-14,Kennesaw St.,Jacksonville,3967908,66,61,1158,0
2024-02-14,Seton Hall,Xavier,3967898,88,70,8361,0
2024-02-14,Colgate,Holy Cross,3967895,85,55,546,0
2024-02-14,Notre Dame,Georgia Tech,3967894,58,55,4589,0
2024-02-14,Clemson,Miami (FL),3967893,77,60,7211,0
2024-02-14,Cleveland St.,Milwaukee,3967880,68,71,1281,0
2024-02-14,Furman,VMI,3967835,75,62,1947,0
2024-02-14,Queens (NC),North Florida,3967836,79,93,101,0
2024-02-14,High Point,USC Upstate,3967843,81,86,2895,0
2024-02-14,Charleston So.,Gardner-Webb,3967844,77,85,401,0
2024-02-14,Fordham,St. Bonaventure,3967868,67,85,1520,0
2024-02-14,Mercer,Wofford,3967872,60,73,1762,0
2024-02-14,Navy,American,3967875,42,59,703,0
2024-02-14,Chattanooga,ETSU,3967876,84,71,3025,0
2024-02-14,Belmont,Southern Ill.,3967837,82,68,1231,0
2024-02-14,Murray St.,Missouri St.,3967839,82,72,5021,0
2024-02-14,Bradley,UIC,3967840,85,73,4403,0
2024-02-14,Valparaiso,UNI,3967838,67,86,1031,0
2024-02-14,Loyola Chicago,Saint Joseph's,3967867,64,59,2794,0
2024-02-14,Maryland,Iowa,3953994,78,66,12031,0
2024-02-14,Auburn,South Carolina,3967834,101,61,9121,0
2024-02-14,DePaul,UConn,3968002,65,101,3465,0
2024-02-14,Arizona St.,Oregon St.,3984759,79,61,6689,0
2024-02-14,Samford,Western Caro.,3967841,88,62,1321,0
2024-02-14,Arkansas,Tennessee,3967833,63,92,19200,0
2024-02-14,Wyoming,Utah St.,3968014,76,84,3401,0
2024-02-14,Fresno St.,UNLV,3968013,65,67,2915,0
2024-02-15,Binghamton,UMBC,3968048,78,89,2102,0
2024-02-15,Stony Brook,Hampton,3968028,93,73,2031,0
2024-02-15,Rutgers,Northwestern,3728750,63,60,8000,0
2024-02-15,App State,Marshall,3968038,73,58,3804,0
2024-02-15,Louisiana Tech,Jacksonville St.,3968043,63,58,2071,0
2024-02-15,Tulane,SMU,3968020,79,87,1231,0
2024-02-15,Western Ky.,UTEP,3968032,90,80,3305,0
2024-02-15,LIU,FDU,3968076,82,84,251,0
2024-02-15,Vermont,New Hampshire,3968073,70,54,2375,0
2024-02-15,William & Mary,Towson,3968072,52,61,2352,0
2024-02-15,Bryant,Maine,3968071,77,72,1001,0
2024-02-15,UNCW,N.C. A&T,3968068,73,54,4851,0
2024-02-15,Coastal Carolina,Ga. Southern,3968066,82,75,1428,0
2024-02-15,Old Dominion,Louisiana,3968063,60,68,5265,0
2024-02-15,Drexel,Hofstra,3968060,79,77,1678,0
2024-02-15,Le Moyne,Central Conn. St.,3968058,69,64,569,0
2024-02-15,Northeastern,Col. of Charleston,3968056,73,77,1127,0
2024-02-15,UAlbany,NJIT,3968027,83,58,1453,0
2024-02-15,Charlotte,UTSA,3968026,79,70,3706,0
2024-02-15,Saint Francis,Wagner,3968024,63,65,703,0
2024-02-15,Monmouth,Campbell,3968023,88,87,1582,0
2024-02-15,Fla. Atlantic,Temple,3968022,80,68,3161,0
2024-02-15,East Carolina,Wichita St.,3968021,68,55,3940,0
2024-02-15,Elon,Delaware,3968019,73,67,1670,0
2024-02-15,Stonehill,Merrimack,3968016,63,66,820,0
2024-02-15,Sam Houston,FIU,3968035,70,56,1395,0
2024-02-15,Middle Tenn.,New Mexico St.,3968025,76,69,2890,0
2024-02-15,UTRGV,Abilene Christian,3968049,79,87,2041,0
2024-02-15,Oral Roberts,North Dakota St.,3968064,60,73,3975,0
2024-02-15,Kansas City,South Dakota St.,3968070,72,67,1507,0
2024-02-15,Radford,Winthrop,3967879,69,85,1404,0
2024-02-15,UT Arlington,Tarleton St.,3968075,78,80,2110,0
2024-02-15,James Madison,Georgia St.,3968132,83,63,4162,0
2024-02-15,Little Rock,Morehead St.,3968078,69,68,2102,0
2024-02-15,North Texas,Memphis,3968031,76,66,5689,0
2024-02-15,South Alabama,Texas St.,3968033,72,55,2151,0
2024-02-15,Omaha,South Dakota,3968054,91,84,2472,0
2024-02-15,Eastern Ill.,Southeast Mo. St.,3968102,75,57,1369,0
2024-02-15,Purdue,Minnesota,3953856,84,76,14876,0
2024-02-15,SIUE,Lindenwood,3968104,91,63,2036,0
2024-02-15,Central Ark.,Austin Peay,3968105,67,77,1025,0
2024-02-15,UT Martin,Southern Ind.,3968093,77,68,911,0
2024-02-15,Tennessee Tech,Western Ill.,3968110,55,62,998,0
2024-02-15,Southern Utah,Seattle U,3968034,68,78,1175,0
2024-02-15,Troy,Arkansas St.,3968029,71,82,4434,0
2024-02-15,Southern Miss.,ULM,3968030,59,68,4247,0
2024-02-15,North Ala.,Lipscomb,3968131,75,70,1474,0
2024-02-15,LMU (CA),Gonzaga,3968017,74,91,2827,0
2024-02-15,Eastern Wash.,Idaho St.,3968039,88,82,1307,0
2024-02-15,Idaho,Weber St.,3968044,69,70,1340,0
2024-02-15,Sacramento St.,Northern Ariz.,3968046,58,73,692,0
2024-02-15,UC Davis,Long Beach St.,3968047,74,78,1810,0
2024-02-15,Washington,Stanford,3984787,85,65,6927,0
2024-02-15,UCLA,Colorado,3995943,64,60,7183,0
2024-02-15,Grand Canyon,Utah Tech,3968051,73,61,7117,0
2024-02-15,Denver,North Dakota,3968065,78,92,852,0
2024-02-15,Santa Clara,Pacific,3968018,79,53,1330,0
2024-02-15,Washington St.,California,3968036,84,65,2744,0
2024-02-15,San Diego,Portland,3968037,71,66,976,0
2024-02-15,California Baptist,Utah Valley,3968050,46,69,2230,0
2024-02-15,CSU Bakersfield,CSUN,3968053,71,76,984,0
2024-02-15,UC San Diego,UC Santa Barbara,3968055,61,46,1892,0
2024-02-15,Cal Poly,Hawaii,3968067,51,80,1122,0
2024-02-15,Portland St.,Northern Colo.,3968057,82,72,643,0
2024-02-15,Cal St. Fullerton,UC Riverside,3968061,73,81,633,0
2024-02-15,Saint Mary's (CA),Pepperdine,3968015,103,59,3500,0
2024-02-15,Southern California,Utah,3984860,68,64,5122,0
2024-02-16,Cornell,Harvard,3968155,75,62,2644,0
2024-02-16,Saint Louis,VCU,3968136,85,95,5382,0
2024-02-16,Iona,Manhattan,3968148,73,63,1862,0
2024-02-16,Georgetown,Villanova,3968156,54,70,9406,0
2024-02-16,Queens (NC),Jacksonville,3968135,74,65,326,0
2024-02-16,Princeton,Brown,3968143,72,63,2533,0
2024-02-16,Columbia,Dartmouth,3968145,73,63,1152,0
2024-02-16,Penn,Yale,3968147,62,76,2203,0
2024-02-16,Rider,Mount St. Mary's,3968149,61,57,1587,0
2024-02-16,Marist,Canisius,3968150,78,55,1667,0
2024-02-16,Kennesaw St.,North Florida,3968151,81,82,1841,0
2024-02-16,Saint Peter's,Siena,3968152,75,53,563,0
2024-02-16,Fairfield,Niagara,3968153,63,65,1952,0
2024-02-16,Toledo,Ohio,3968232,85,83,5079,0
2024-02-16,San Diego St.,New Mexico,3968576,81,70,12414,0
2024-02-17,Nebraska,Penn St.,3954216,68,49,15751,0
2024-02-17,Alabama,Texas A&M,3968261,100,75,13474,0
2024-02-17,Kansas St.,TCU,3968262,72,75,9609,0
2024-02-17,Iowa St.,Texas Tech,3968263,82,74,14267,0
2024-02-17,Virginia,Wake Forest,3968266,49,47,14637,0
2024-02-17,George Washington,Richmond,3968267,74,90,2233,0
2024-02-17,Butler,Creighton,3968268,57,79,9176,0
2024-02-17,Houston,Texas,3968264,82,61,7904,0
2024-02-17,Wright St.,Robert Morris,3968600,101,71,5057,0
2024-02-17,Georgia,Florida,3968206,82,88,10523,0
2024-02-17,Boston U.,Navy,3968257,74,65,1175,0
2024-02-17,UMBC,UAlbany,3968273,80,75,1565,0
2024-02-17,The Citadel,VMI,3968275,76,51,2337,0
2024-02-17,FDU,Saint Francis,3968281,93,74,473,0
2024-02-17,Detroit Mercy,Purdue Fort Wayne,3968282,69,83,1213,0
2024-02-17,Dayton,Fordham,3968211,78,70,13407,0
2024-02-17,Missouri St.,Valparaiso,3968223,82,74,2852,0
2024-02-17,Oklahoma St.,BYU,3968279,93,83,7360,0
2024-02-17,N.C. A&T,Delaware,3968335,54,62,1293,0
2024-02-17,Mississippi St.,Arkansas,3968285,71,67,9219,0
2024-02-17,La Salle,Massachusetts,3968216,82,81,1636,0
2024-02-17,Holy Cross,Army West Point,3968227,53,59,1717,0
2024-02-17,Hofstra,Northeastern,3968229,82,62,2122,0
2024-02-17,Lehigh,Loyola Maryland,3968235,75,70,1024,0
2024-02-17,Mercer,Samford,3968259,88,84,2901,0
2024-02-17,Stetson,FGCU,3968300,61,60,892,0
2024-02-17,Le Moyne,Stonehill,3968307,75,67,957,0
2024-02-17,Colgate,Bucknell,3968309,62,50,1023,0
2024-02-17,North Carolina,Virginia Tech,3968310,96,81,21750,0
2024-02-17,Drexel,Campbell,3968311,81,66,1502,0
2024-02-17,Presbyterian,Longwood,3968313,73,81,371,0
2024-02-17,Buffalo,Akron,3968316,62,73,2721,0
2024-02-17,Hampton,Towson,3968318,67,61,2421,0
2024-02-17,Coastal Carolina,Marshall,3968320,74,67,1982,0
2024-02-17,Florida St.,Duke,3968321,67,76,11500,0
2024-02-17,Kent St.,NIU,3968326,85,47,2894,0
2024-02-17,Iowa,Wisconsin,3953756,88,86,14998,0
2024-02-17,Duquesne,Saint Joseph's,3968339,66,56,3017,0
2024-02-17,SFA,Abilene Christian,3968228,62,63,2887,0
2024-02-17,Alabama A&M,Mississippi Val.,3968247,80,57,1817,0
2024-02-17,Cleveland St.,Youngstown St.,3968366,81,73,2397,0
2024-02-17,UConn,Marquette,3968364,81,53,15684,0
2024-02-17,Maine,Vermont,3968358,57,68,940,0
2024-02-17,Merrimack,LIU,3968245,83,68,1347,0
2024-02-17,Oakland,IU Indy,3968244,107,59,2941,0
2024-02-17,Tulsa,Rice,3968251,93,82,3665,0
2024-02-17,Western Ky.,New Mexico St.,3968260,72,58,5102,0
2024-02-17,Louisiana Tech,FIU,3968294,75,68,2273,0
2024-02-17,St. Bonaventure,Davidson,3968226,81,80,4750,0
2024-02-17,Southern Miss.,Texas St.,3968243,78,74,4425,0
2024-02-17,NJIT,Binghamton,3968218,55,69,472,0
2024-02-17,South Carolina,LSU,3968217,63,64,16570,0
2024-02-17,Eastern Mich.,Bowling Green,3968447,69,60,3304,0
2024-02-17,Miami (OH),Ball St.,3968239,80,59,7736,0
2024-02-17,Oklahoma,Kansas,3968430,57,67,11308,0
2024-02-17,Boston College,Miami (FL),3968514,85,77,8606,0
2024-02-17,UC Santa Barbara,Hawaii,3968240,77,71,1427,0
2024-02-17,American,Lafayette,3968296,62,68,1087,0
2024-02-17,Bryant,UMass Lowell,3968234,77,86,1022,0
2024-02-17,Monmouth,Stony Brook,3968222,84,61,2511,0
2024-02-17,Western Caro.,ETSU,3968221,70,65,3231,0
2024-02-17,Norfolk St.,South Carolina St.,3968530,71,67,3367,0
2024-02-17,Howard,N.C. Central,3968528,90,82,1245,0
2024-02-17,UCF,Cincinnati,3968515,74,76,8624,0
2024-02-17,Little Rock,Southern Ind.,3968440,80,62,1875,0
2024-02-17,Nicholls,McNeese,3968219,47,74,1100,0
2024-02-17,Alcorn,Bethune-Cookman,3968241,69,54,1030,0
2024-02-17,South Alabama,Arkansas St.,3968252,73,76,1723,0
2024-02-17,Coppin St.,Delaware St.,3968470,56,66,512,0
2024-02-17,Wagner,Sacred Heart,3968480,53,63,1173,0
2024-02-17,Denver,North Dakota St.,3968317,77,71,1038,0
2024-02-17,USC Upstate,Gardner-Webb,3968246,65,73,580,0
2024-02-17,UNC Asheville,Charleston So.,3968549,86,55,2769,0
2024-02-17,Morgan St.,UMES,3968548,70,65,2467,0
2024-02-17,App State,Louisiana,3968258,85,73,6587,0
2024-02-17,Central Ark.,Lipscomb,3968460,68,85,945,0
2024-02-17,SIUE,Southeast Mo. St.,3968457,80,76,2233,0
2024-02-17,Eastern Ill.,Lindenwood,3968456,72,57,1611,0
2024-02-17,A&M-Corpus Christi,Tex. A&M-Commerce,3968454,86,63,1591,0
2024-02-17,UT Martin,Morehead St.,3968453,88,82,1485,0
2024-02-17,Southeastern La.,Houston Christian,3968452,81,78,579,0
2024-02-17,Tennessee St.,Western Ill.,3968468,61,68,1479,0
2024-02-17,Eastern Wash.,Weber St.,3968214,84,90,1786,0
2024-02-17,Idaho,Idaho St.,3968299,55,53,1793,0
2024-02-17,Sacramento St.,Northern Colo.,3968315,75,80,651,0
2024-02-17,New Orleans,Lamar University,3968255,72,94,792,0
2024-02-17,Alabama St.,Ark.-Pine Bluff,3968213,74,80,3512,0
2024-02-17,Troy,ULM,3968230,85,57,4321,0
2024-02-17,UC Davis,UC Riverside,3968336,61,67,2031,0
2024-02-17,Colorado St.,Utah St.,3968233,75,55,8083,0
2024-02-17,Maryland,Illinois,3954335,80,85,17950,0
2024-02-17,Georgia Tech,Syracuse,3968564,65,60,6241,0
2024-02-17,Washington St.,Stanford,3968250,72,59,5671,0
2024-02-17,Tennessee,Vanderbilt,3968212,88,53,21678,0
2024-02-17,Cornell,Dartmouth,3968582,89,80,1703,0
2024-02-17,West Virginia,Baylor,3968574,81,94,12558,0
2024-02-17,Penn,Brown,3968572,64,71,1966,0
2024-02-17,James Madison,Ga. Southern,3968571,87,80,6796,0
2024-02-17,Columbia,Harvard,3968570,75,80,2257,0
2024-02-17,UIW,Northwestern St.,3968238,61,81,150,0
2024-02-17,Middle Tenn.,UTEP,3968225,96,90,2952,0
2024-02-17,Auburn,Kentucky,3968202,59,70,9121,0
2024-02-17,Texas Southern,Grambling,3968568,63,66,5116,0
2024-02-17,Jackson St.,Florida A&M,3968200,77,55,3244,0
2024-02-17,Pittsburgh,Louisville,3968585,86,59,11419,0
2024-02-17,Prairie View,Southern U.,3968560,71,77,1266,0
2024-02-17,UNCW,Elon,3968598,72,73,5100,0
2024-02-17,Central Mich.,Western Mich.,3968205,69,42,5032,0
2024-02-17,Wofford,UNC Greensboro,3968209,47,58,2074,0
2024-02-17,Portland St.,Northern Ariz.,3968486,83,68,1025,0
2024-02-17,UC San Diego,Cal St. Fullerton,3968485,76,69,1134,0
2024-02-17,Old Dominion,Georgia St.,3968596,65,68,5996,0
2024-02-17,Bellarmine,Eastern Ky.,3968599,65,75,2196,0
2024-02-17,High Point,Radford,3968207,99,74,4935,0
2024-02-17,Southern Ill.,Indiana St.,3968210,74,69,6019,0
2024-02-17,UTRGV,UT Arlington,3968586,70,89,2766,0
2024-02-17,Boise St.,Fresno St.,3968215,90,66,11595,0
2024-02-17,Sam Houston,Liberty,3968249,83,73,1547,0
2024-02-17,Providence,DePaul,3968610,81,70,12400,0
2024-02-17,Clemson,NC State,3968615,77,78,9000,0
2024-02-17,Michigan,Michigan St.,3954005,63,73,12707,0
2024-02-17,Oral Roberts,North Dakota,3968597,65,78,6074,0
2024-02-17,St. Thomas (MN),South Dakota,3968589,83,80,1509,0
2024-02-17,Omaha,South Dakota St.,3968590,77,85,3778,0
2024-02-17,CSUN,Long Beach St.,3968557,73,87,411,0
2024-02-17,Washington,California,3984788,80,82,8916,0
2024-02-17,Grand Canyon,California Baptist,3968569,79,76,7268,0
2024-02-17,Milwaukee,Northern Ky.,3968601,73,72,2509,0
2024-02-17,Princeton,Yale,3968587,73,62,4358,0
2024-02-17,North Ala.,Austin Peay,3968604,79,87,1990,0
2024-02-17,Southern Utah,Utah Valley,3968248,75,78,1613,0
2024-02-17,Ole Miss,Missouri,3968612,79,76,8598,0
2024-02-17,Montana,Montana St.,3968602,88,69,5704,0
2024-02-17,Utah Tech,Seattle U,3968594,65,66,1739,0
2024-02-17,Gonzaga,Pacific,3968201,102,76,6000,0
2024-02-17,LMU (CA),San Francisco,3968208,59,82,2057,0
2024-02-17,Arizona,Arizona St.,3984777,105,60,14688,0
2024-02-17,Oregon St.,Oregon,3984763,58,60,7865,0
2024-02-17,Southern California,Colorado,3984861,89,92,6142,0
2024-02-17,San Diego,Santa Clara,3968256,69,82,2371,0
2024-02-17,San Jose St.,Wyoming,3968231,75,80,1891,0
2024-02-17,Pepperdine,Portland,3968224,91,70,823,0
2024-02-17,UC Irvine,CSU Bakersfield,3968591,77,71,2129,0
2024-02-17,UNLV,Nevada,3968619,66,69,9517,0
2024-02-18,Charlotte,Wichita St.,3968627,72,61,4215,0
2024-02-18,Rhode Island,Loyola Chicago,3968630,67,77,5407,0
2024-02-18,South Fla.,Fla. Atlantic,3968638,90,86,10659,0
2024-02-18,Ohio St.,Purdue,3953857,73,69,18353,0
2024-02-18,Iona,Saint Peter's,3968639,53,59,1808,0
2024-02-18,UNI,Bradley,3968622,74,63,3780,0
2024-02-18,Drake,Murray St.,3968629,95,72,4329,0
2024-02-18,Fairfield,Mount St. Mary's,3968642,94,80,2327,0
2024-02-18,East Carolina,Tulane,3968624,81,67,4725,0
2024-02-18,UIC,Belmont,3968621,60,75,1815,0
2024-02-18,Furman,Chattanooga,3968204,82,65,2377,0
2024-02-18,Quinnipiac,Niagara,3968643,66,80,1987,0
2024-02-18,Manhattan,Rider,3968631,62,104,627,0
2024-02-18,Siena,Canisius,3968640,64,73,4931,0
2024-02-18,Temple,UTSA,3968625,83,77,4482,0
2024-02-18,UAB,North Texas,3968628,71,62,4785,0
2024-02-18,Illinois St.,Evansville,3968626,86,79,6072,0
2024-02-18,Indiana,Northwestern,3953797,72,76,17222,0
2024-02-18,SMU,Memphis,3968623,106,79,6781,0
2024-02-18,St. John's (NY),Seton Hall,3968647,62,68,9584,0
2024-02-18,Minnesota,Rutgers,3728751,81,70,9680,0
2024-02-18,UCLA,Utah,3995944,69,70,9537,0
2024-02-19,Chicago St.,Ind.-Northwest,3968650,93,70,458,0
2024-02-19,Lafayette,Colgate,3968652,62,67,1547,0
2024-02-19,Southeastern La.,Lamar University,3968659,72,77,528,0
2024-02-19,Virginia Tech,Virginia,3968661,75,41,8925,0
2024-02-19,Delaware St.,Morgan St.,3968666,80,58,2500,0
2024-02-19,Howard,South Carolina St.,3968667,68,75,1452,0
2024-02-19,UIW,Tex. A&M-Commerce,3968653,72,76,0,0
2024-02-19,New Orleans,Nicholls,3968662,77,89,708,0
2024-02-19,Alabama A&M,Ark.-Pine Bluff,3968663,75,67,1733,0
2024-02-19,A&M-Corpus Christi,Northwestern St.,3968660,72,61,1149,0
2024-02-19,UMES,Coppin St.,3968670,75,67,183,0
2024-02-19,Col. of Charleston,William & Mary,3968649,65,57,4517,0
2024-02-19,Alabama St.,Mississippi Val.,3968651,61,46,2178,0
2024-02-19,Jackson St.,Bethune-Cookman,3968648,61,60,967,0
2024-02-19,Texas Southern,Southern U.,3968671,68,56,3009,0
2024-02-19,Prairie View,Grambling,3968664,74,83,0,0
2024-02-19,Alcorn,Florida A&M,3968654,79,68,1054,0
2024-02-19,Norfolk St.,N.C. Central,3968668,80,74,3525,0
2024-02-19,Houston,Iowa St.,3968658,73,65,7895,0
2024-02-19,Texas,Kansas St.,3968669,62,56,10905,0
2024-02-20,Villanova,Butler,3968685,72,62,6501,0
2024-02-20,Missouri,Tennessee,3968681,67,72,10089,0
2024-02-20,Texas A&M,Arkansas,3968682,71,78,8789,0
2024-02-20,Michigan St.,Iowa,3953996,71,78,14797,0
2024-02-20,Florida St.,Boston College,3968698,84,76,6009,0
2024-02-20,Buffalo,Eastern Mich.,3968696,78,69,2946,0
2024-02-20,NC State,Syracuse,3968695,83,87,12766,0
2024-02-20,West Virginia,UCF,3968694,77,67,9569,0
2024-02-20,Davidson,Fordham,3968692,68,53,3009,0
2024-02-20,Ohio,Kent St.,3968691,63,57,4132,0
2024-02-20,Western Mich.,Miami (OH),3968688,77,58,1436,0
2024-02-20,Massachusetts,VCU,3968679,74,52,4313,0
2024-02-20,Toledo,Akron,3968678,72,64,5547,0
2024-02-20,Central Mich.,Bowling Green,3968673,62,60,1525,0
2024-02-20,Duquesne,Saint Louis,3968674,81,66,2178,0
2024-02-20,Morehead St.,Southern Ind.,3968706,73,80,1455,0
2024-02-20,NIU,Ball St.,3968675,63,70,1317,0
2024-02-20,Creighton,UConn,3968702,85,66,18071,0
2024-02-20,Utah St.,San Diego St.,3968677,68,63,9233,0
2024-02-20,Wake Forest,Pittsburgh,3968709,91,58,7448,0
2024-02-20,BYU,Baylor,3968689,78,71,17978,0
2024-02-20,Wisconsin,Maryland,3953757,74,70,15147,0
2024-02-20,Texas Tech,TCU,3968705,82,81,15098,0
2024-02-20,Boise St.,San Jose St.,3968708,82,50,9049,0
2024-02-20,Saint Mary's (CA),San Francisco,3968672,70,66,3500,0
2024-02-20,Nevada,Wyoming,3968676,76,58,8604,0
2024-02-21,Army West Point,Lehigh,3968727,54,85,731,0
2024-02-21,UNC Greensboro,Western Caro.,3968756,71,65,1730,0
2024-02-21,Winthrop,Presbyterian,3968730,55,78,2272,0
2024-02-21,Penn St.,Illinois,3954217,90,89,6150,0
2024-02-21,La Salle,St. Bonaventure,3968736,72,59,1439,0
2024-02-21,Cincinnati,Oklahoma St.,3968746,76,80,11029,0
2024-02-21,Chattanooga,Wofford,3968743,81,65,3019,0
2024-02-21,Georgetown,St. John's (NY),3968758,85,90,4839,0
2024-02-21,Marshall,James Madison,3968711,58,84,4595,0
2024-02-21,Jacksonville St.,Middle Tenn.,3968722,76,68,2167,0
2024-02-21,Alabama,Florida,3968734,98,93,11077,0
2024-02-21,George Mason,Dayton,3968717,71,67,5286,0
2024-02-21,Georgia St.,Coastal Carolina,3968718,72,71,1697,0
2024-02-21,Holy Cross,Bucknell,3968721,73,59,1469,0
2024-02-21,Miami (FL),Duke,3968747,55,84,7972,0
2024-02-21,Georgia Tech,Clemson,3968748,57,81,4567,0
2024-02-21,Louisville,Notre Dame,3968750,50,72,11342,0
2024-02-21,Loyola Maryland,Navy,3968752,62,69,423,0
2024-02-21,American,Boston U.,3968742,52,67,691,0
2024-02-21,Rhode Island,Richmond,3968753,77,85,4252,0
2024-02-21,Saint Joseph's,George Washington,3968728,79,75,1707,0
2024-02-21,USC Upstate,Charleston So.,3968729,60,63,395,0
2024-02-21,ETSU,VMI,3968757,82,69,3325,0
2024-02-21,Mercer,The Citadel,3968733,87,78,1514,0
2024-02-21,Longwood,UNC Asheville,3968738,80,75,2547,0
2024-02-21,Samford,Furman,3968725,74,72,2531,0
2024-02-21,UTSA,South Fla.,3968754,61,66,1580,0
2024-02-21,Drake,Belmont,3968724,84,69,3612,0
2024-02-21,UAB,Rice,3968723,71,94,3751,0
2024-02-21,Illinois St.,UNI,3968720,81,73,3922,0
2024-02-21,Missouri St.,Bradley,3968719,62,86,2671,0
2024-02-21,Valparaiso,Indiana St.,3968716,64,83,2428,0
2024-02-21,UIC,Evansville,3968714,88,79,1918,0
2024-02-21,Southern Ill.,Murray St.,3968712,72,68,5885,0
2024-02-21,Memphis,Charlotte,3968732,76,52,10709,0
2024-02-21,Xavier,Providence,3968726,75,79,10224,0
2024-02-21,Indiana,Nebraska,3953798,70,85,17222,0
2024-02-21,Vanderbilt,Georgia,3968715,64,76,5821,0
2024-02-21,Wichita St.,Tulsa,3968713,79,63,5245,0
2024-02-21,Marquette,DePaul,3968805,105,71,14100,0
2024-02-21,LSU,Kentucky,3968807,75,74,9493,0
2024-02-21,Mississippi St.,Ole Miss,3968806,83,71,9381,0
2024-02-21,Pacific,Pepperdine,3968710,70,89,1076,0
2024-02-21,New Mexico,Colorado St.,3968731,68,66,14618,0
2024-02-21,Air Force,UNLV,3968808,43,72,1089,0
2024-02-22,Maine,UMBC,3968811,62,56,647,0
2024-02-22,Stony Brook,N.C. A&T,3968819,80,64,2246,0
2024-02-22,Bellarmine,Central Ark.,3968833,68,65,1483,0
2024-02-22,UMass Lowell,Binghamton,3968821,87,80,625,0
2024-02-22,Sacred Heart,FDU,3968857,99,91,722,0
2024-02-22,William & Mary,UNCW,3968858,65,81,2179,0
2024-02-22,Eastern Ky.,North Ala.,3968852,75,72,2755,0
2024-02-22,Delaware,Col. of Charleston,3968851,71,90,2191,0
2024-02-22,Detroit Mercy,Wright St.,3968849,78,93,871,0
2024-02-22,Robert Morris,Oakland,3968848,43,63,922,0
2024-02-22,Old Dominion,App State,3968846,67,82,6157,0
2024-02-22,New Hampshire,NJIT,3968842,83,78,462,0
2024-02-22,FGCU,Kennesaw St.,3968861,67,74,2123,0
2024-02-22,Northeastern,Elon,3968840,61,58,1147,0
2024-02-22,Wagner,Central Conn. St.,3968835,72,73,1051,0
2024-02-22,Northern Ky.,Cleveland St.,3968826,75,73,2856,0
2024-02-22,Merrimack,Saint Francis,3968825,71,60,1346,0
2024-02-22,FIU,Liberty,3968824,76,71,1008,0
2024-02-22,Campbell,Hampton,3968822,68,72,1109,0
2024-02-22,Purdue,Rutgers,3728752,96,68,14876,0
2024-02-22,Gardner-Webb,Radford,3968749,74,90,1298,0
2024-02-22,Stetson,Queens (NC),3968813,75,83,641,0
2024-02-22,Fla. Atlantic,SMU,3968814,80,70,3161,0
2024-02-22,Towson,Monmouth,3968815,80,61,1910,0
2024-02-22,LIU,Le Moyne,3968862,76,64,347,0
2024-02-22,UAlbany,Vermont,3968817,80,94,2541,0
2024-02-22,Hofstra,Drexel,3968820,69,57,2674,0
2024-02-22,Southern Miss.,South Alabama,3968823,64,83,4202,0
2024-02-22,Abilene Christian,California Baptist,3968853,71,65,1323,0
2024-02-22,South Dakota,Kansas City,3968860,78,82,1560,0
2024-02-22,Tarleton St.,Grand Canyon,3968837,77,74,3000,0
2024-02-22,Omaha,Oral Roberts,3968836,71,70,2106,0
2024-02-22,Ga. Southern,Texas St.,3968918,84,76,1623,0
2024-02-22,Northern Ariz.,Eastern Wash.,3968831,78,71,1002,0
2024-02-22,Utah Valley,UTRGV,3968829,70,59,2601,0
2024-02-22,Northern Colo.,Idaho,3968830,76,62,1253,0
2024-02-22,Minnesota,Ohio St.,3954501,88,79,8558,0
2024-02-22,North Dakota St.,St. Thomas (MN),3968847,64,50,1579,0
2024-02-22,UT Arlington,Southern Utah,3968859,90,85,1622,0
2024-02-22,Southeast Mo. St.,Little Rock,3968900,61,83,1013,0
2024-02-22,South Dakota St.,Denver,3968834,97,70,2653,0
2024-02-22,Lindenwood,UT Martin,3968875,82,106,1019,0
2024-02-22,Tennessee Tech,SIUE,3968892,77,78,1011,0
2024-02-22,Tennessee St.,Eastern Ill.,3968913,78,73,1072,0
2024-02-22,ULM,Louisiana,3968818,66,59,1467,0
2024-02-22,Western Ill.,Morehead St.,3968865,57,78,1006,0
2024-02-22,Montana,Sacramento St.,3968854,68,61,2695,0
2024-02-22,Portland,Gonzaga,3968812,65,86,3803,0
2024-02-22,New Mexico St.,Sam Houston,3968816,58,79,10392,0
2024-02-22,Northwestern,Michigan,3954113,76,62,6400,0
2024-02-22,Arizona St.,Washington,3984806,82,84,7401,0
2024-02-22,Arkansas St.,Troy,3968809,79,71,5107,0
2024-02-22,Montana St.,Portland St.,3968855,72,67,3571,0
2024-02-22,UTEP,Louisiana Tech,3968856,59,65,3896,0
2024-02-22,California,Oregon St.,3984766,81,73,3012,0
2024-02-22,UC Riverside,UC San Diego,3968850,65,77,703,0
2024-02-22,Cal St. Fullerton,Cal Poly,3968844,68,50,525,0
2024-02-22,Seattle U,SFA,3968841,69,49,932,0
2024-02-22,Long Beach St.,CSU Bakersfield,3968838,79,66,1732,0
2024-02-22,CSUN,UC Davis,3968845,65,66,542,0
2024-02-22,UC Irvine,UC Santa Barbara,3968839,81,69,3272,0
2024-02-22,Arizona,Washington St.,3968827,74,77,14688,0
2024-02-22,Stanford,Oregon,3984789,65,78,3284,0
2024-02-22,Santa Clara,LMU (CA),3968810,65,55,2385,0
2024-02-23,Akron,Kent St.,3968957,83,70,5160,0
2024-02-23,Manhattan,Marist,3968920,50,57,989,0
2024-02-23,Canisius,Niagara,3968922,69,59,1501,0
2024-02-23,Columbia,Brown,3968924,64,66,1203,0
2024-02-23,Harvard,Princeton,3968925,53,66,1636,0
2024-02-23,Mount St. Mary's,Saint Peter's,3968926,65,70,2061,0
2024-02-23,Green Bay,Purdue Fort Wayne,3968921,59,85,3301,0
2024-02-23,Jacksonville,North Florida,3968927,62,50,2500,0
2024-02-23,Bowling Green,Toledo,3968963,76,68,4032,0
2024-02-23,Dartmouth,Penn,3968934,69,82,733,0
2024-02-23,Cornell,Yale,3968933,65,62,3644,0
2024-02-23,Rider,Iona,3968928,78,75,1650,0
2024-02-23,Milwaukee,Youngstown St.,3968932,80,84,2296,0
2024-02-23,Fordham,Duquesne,3968919,79,67,2850,0
2024-02-23,Quinnipiac,Fairfield,3968936,81,85,3570,0
2024-02-23,San Jose St.,Nevada,3968929,63,84,2177,0
2024-02-24,Syracuse,Notre Dame,3969009,88,85,25194,0
2024-02-24,Arkansas,Missouri,3969006,88,73,19200,0
2024-02-24,Penn St.,Indiana,3953799,83,74,11578,0
2024-02-24,Baylor,Houston,3969007,76,82,7500,0
2024-02-24,Towson,Col. of Charleston,3968966,56,72,4322,0
2024-02-24,Northeastern,Hampton,3969008,70,62,1128,0
2024-02-24,UMass Lowell,UAlbany,3968986,104,95,702,0
2024-02-24,Florida,Vanderbilt,3968950,77,64,10358,0
2024-02-24,New Hampshire,UMBC,3969012,68,86,760,0
2024-02-24,Stony Brook,William & Mary,3968976,75,62,2340,0
2024-02-24,The Citadel,Chattanooga,3969014,71,62,1553,0
2024-02-24,VMI,Western Caro.,3968955,51,84,3287,0
2024-02-24,Eastern Ky.,Central Ark.,3969016,95,82,3698,0
2024-02-24,South Dakota,Oral Roberts,3969017,77,76,1887,0
2024-02-24,Iowa St.,West Virginia,3969015,71,64,14267,0
2024-02-24,Kansas St.,BYU,3969013,84,74,9117,0
2024-02-24,Rice,East Carolina,3968980,70,52,3808,0
2024-02-24,North Dakota St.,North Dakota,3968970,73,68,5058,0
2024-02-24,Arizona,Washington,3984784,91,75,14688,0
2024-02-24,Monmouth,N.C. A&T,3968968,83,67,2353,0
2024-02-24,UNC Asheville,Gardner-Webb,3969037,77,78,3129,0
2024-02-24,Sacred Heart,Central Conn. St.,3969034,67,68,1046,0
2024-02-24,Ball St.,Eastern Mich.,3969032,56,58,4708,0
2024-02-24,Lafayette,Lehigh,3969029,63,71,2231,0
2024-02-24,NC State,Boston College,3969028,81,70,14642,0
2024-02-24,Le Moyne,FDU,3969023,58,68,558,0
2024-02-24,Stetson,Kennesaw St.,3969022,84,72,580,0
2024-02-24,Radford,Longwood,3969021,88,82,1521,0
2024-02-24,Maine,NJIT,3969019,68,58,689,0
2024-02-24,Winthrop,USC Upstate,3969004,83,74,2225,0
2024-02-24,Charleston So.,High Point,3968994,59,74,658,0
2024-02-24,Stonehill,Saint Francis,3968951,72,63,1022,0
2024-02-24,Furman,Wofford,3968952,82,67,2547,0
2024-02-24,Georgia St.,Texas St.,3968967,59,68,1992,0
2024-02-24,Wake Forest,Duke,3968988,83,79,14744,0
2024-02-24,Illinois,Iowa,3953998,95,85,15544,0
2024-02-24,Western Mich.,Buffalo,3969038,91,72,1928,0
2024-02-24,Massachusetts,St. Bonaventure,3969040,67,75,7016,0
2024-02-24,TCU,Cincinnati,3969025,75,57,6090,0
2024-02-24,South Dakota St.,St. Thomas (MN),3969018,77,72,3136,0
2024-02-24,Samford,ETSU,3968985,87,71,4523,0
2024-02-24,UT Arlington,Utah Tech,3969036,89,78,1781,0
2024-02-24,Saint Louis,George Washington,3968981,96,91,7239,0
2024-02-24,ULM,Troy,3968974,78,84,1529,0
2024-02-24,Miami (OH),Central Mich.,3968987,88,60,6732,0
2024-02-24,Ole Miss,South Carolina,3969039,59,72,8486,0
2024-02-24,Arkansas St.,South Alabama,3968947,95,78,4178,0
2024-02-24,UC San Diego,UC Irvine,3969128,92,88,1864,0
2024-02-24,New Mexico,Air Force,3968996,77,78,15011,0
2024-02-24,Utah Valley,SFA,3969020,71,62,2357,0
2024-02-24,Northern Ariz.,Idaho,3969031,76,86,934,0
2024-02-24,Nicholls,Tex. A&M-Commerce,3968964,85,70,650,0
2024-02-24,Murray St.,Valparaiso,3968975,80,68,5807,0
2024-02-24,Alcorn,Jackson St.,3968989,87,73,1759,0
2024-02-24,North Texas,UTSA,3968992,62,64,5247,0
2024-02-24,Oklahoma St.,Oklahoma,3969064,82,84,11370,0
2024-02-24,Tennessee Tech,Eastern Ill.,3969071,75,67,1544,0
2024-02-24,Abilene Christian,Grand Canyon,3969074,79,73,1669,0
2024-02-24,Howard,Morgan St.,3969149,78,72,2064,0
2024-02-24,N.C. Central,UMES,3969158,88,55,2762,0
2024-02-24,South Carolina St.,Delaware St.,3969160,69,62,1950,0
2024-02-24,Kentucky,Alabama,3968954,117,95,20342,0
2024-02-24,Virginia,North Carolina,3968972,44,54,14637,0
2024-02-24,Coppin St.,Norfolk St.,3969114,66,68,2100,0
2024-02-24,Bethune-Cookman,Alabama A&M,3969130,63,61,771,0
2024-02-24,Florida A&M,Alabama St.,3969137,73,65,724,0
2024-02-24,Miami (FL),Georgia Tech,3969139,76,80,7906,0
2024-02-24,UCF,Texas Tech,3969144,75,61,8711,0
2024-02-24,Bellarmine,North Ala.,3969147,82,70,2749,0
2024-02-24,Western Ill.,Southern Ind.,3969095,82,76,1173,0
2024-02-24,Mercer,UNC Greensboro,3969002,86,72,2772,0
2024-02-24,Houston Christian,Northwestern St.,3969109,73,86,431,0
2024-02-24,Southeastern La.,New Orleans,3969104,77,67,929,0
2024-02-24,Lindenwood,Little Rock,3969103,73,82,1113,0
2024-02-24,Loyola Chicago,George Mason,3969096,80,59,4557,0
2024-02-24,NIU,Ohio,3968962,59,80,2886,0
2024-02-24,Tennessee St.,SIUE,3969001,76,71,1037,0
2024-02-24,Southeast Mo. St.,UT Martin,3969113,72,82,1367,0
2024-02-24,Tarleton St.,California Baptist,3969123,82,65,2276,0
2024-02-24,McNeese,UIW,3969159,87,71,4213,0
2024-02-24,Stanford,Oregon St.,3984768,73,85,3755,0
2024-02-24,Ga. Southern,James Madison,3969167,74,80,2342,0
2024-02-24,Austin Peay,Lipscomb,3968982,85,90,5681,0
2024-02-24,Southern U.,Grambling,3969179,57,63,7198,0
2024-02-24,Pittsburgh,Virginia Tech,3969177,79,64,12094,0
2024-02-24,DePaul,Georgetown,3968961,76,77,4279,0
2024-02-24,UNI,Drake,3968960,91,77,4674,0
2024-02-24,Belmont,Missouri St.,3968959,93,78,3261,0
2024-02-24,Kansas,Texas,3969168,86,67,16300,0
2024-02-24,Dartmouth,Princeton,3968995,56,68,937,0
2024-02-24,Seattle U,UTRGV,3969048,84,56,926,0
2024-02-24,Columbia,Yale,3969185,76,84,1397,0
2024-02-24,Richmond,Davidson,3969190,66,63,7201,0
2024-02-24,Cornell,Brown,3969193,74,78,1864,0
2024-02-24,Georgia,Auburn,3968953,76,97,10523,0
2024-02-24,Marshall,App State,3968958,58,65,5711,0
2024-02-24,FIU,Jacksonville St.,3968993,75,77,828,0
2024-02-24,Ark.-Pine Bluff,Prairie View,3969181,72,59,1125,0
2024-02-24,Lamar University,A&M-Corpus Christi,3968999,61,75,3176,0
2024-02-24,Vermont,Bryant,3969206,65,48,3000,0
2024-02-24,Old Dominion,Coastal Carolina,3969200,75,59,6420,0
2024-02-24,Harvard,Penn,3969197,74,70,1636,0
2024-02-24,Southern Miss.,Louisiana,3968991,82,71,4845,0
2024-02-24,California,Oregon,3984790,69,64,6105,0
2024-02-24,Hofstra,Elon,3968979,87,64,2613,0
2024-02-24,Mississippi Val.,Texas Southern,3968983,52,73,1587,0
2024-02-24,FGCU,Queens (NC),3969207,90,81,2354,0
2024-02-24,Wyoming,Boise St.,3968965,72,92,5180,0
2024-02-24,Middle Tenn.,Western Ky.,3968973,74,72,5038,0
2024-02-24,Clemson,Florida St.,3969218,74,63,9000,0
2024-02-24,Kansas City,Omaha,3969202,63,58,1436,0
2024-02-24,Arizona St.,Washington St.,3969005,73,61,9586,0
2024-02-24,Montana St.,Sacramento St.,3969192,63,66,4002,0
2024-02-24,Northern Colo.,Eastern Wash.,3969189,76,85,1893,0
2024-02-24,Idaho St.,Weber St.,3969184,80,62,2100,0
2024-02-24,UNLV,Colorado St.,3968998,66,60,8591,0
2024-02-24,Indiana St.,UIC,3968971,88,73,8061,0
2024-02-24,Tennessee,Texas A&M,3969220,86,51,22322,0
2024-02-24,UConn,Villanova,3969219,78,54,10299,0
2024-02-24,Tulsa,Charlotte,3968997,69,67,3341,0
2024-02-24,Bradley,Illinois St.,3968977,48,45,9201,0
2024-02-24,LSU,Mississippi St.,3969211,67,87,9463,0
2024-02-24,Seton Hall,Butler,3969221,76,64,10481,0
2024-02-24,UTEP,Sam Houston,3969204,54,65,5010,0
2024-02-24,New Mexico St.,Louisiana Tech,3968969,58,67,4724,0
2024-02-24,Montana,Portland St.,3969205,82,73,3899,0
2024-02-24,Colorado,Utah,3996036,89,65,9075,0
2024-02-24,Cal St. Fullerton,CSUN,3969188,60,65,680,0
2024-02-24,Fresno St.,San Diego St.,3969003,41,73,6452,0
2024-02-24,UCLA,Southern California,3984862,56,62,13659,0
2024-02-24,Cal Poly,UC Riverside,3969201,78,84,1428,0
2024-02-24,Saint Mary's (CA),San Diego,3968949,88,62,3500,0
2024-02-24,Gonzaga,Santa Clara,3968948,94,81,6000,0
2024-02-24,Pacific,LMU (CA),3968956,63,86,1959,0
2024-02-24,San Francisco,Pepperdine,3968984,92,68,3284,0
2024-02-24,CSU Bakersfield,UC Davis,3969196,75,56,1793,0
2024-02-24,Hawaii,Long Beach St.,3968978,73,65,5822,0
2024-02-25,Wagner,LIU,3969011,72,57,1276,0
2024-02-25,South Fla.,SMU,3969230,79,68,10251,0
2024-02-25,St. John's (NY),Creighton,3969229,80,66,12061,0
2024-02-25,La Salle,Rhode Island,3969228,84,61,1642,0
2024-02-25,Rutgers,Maryland,3728753,46,63,8000,0
2024-02-25,Northern Ky.,IU Indy,3969227,80,64,3824,0
2024-02-25,Bucknell,Army West Point,3969198,54,41,1207,0
2024-02-25,Michigan,Purdue,3953858,76,84,12707,0
2024-02-25,Memphis,Fla. Atlantic,3969226,78,74,13510,0
2024-02-25,Evansville,Southern Ill.,3969225,53,65,5669,0
2024-02-25,Fairfield,Siena,3969235,88,64,3561,0
2024-02-25,Navy,Holy Cross,3969129,76,66,2537,0
2024-02-25,Colgate,American,3969026,64,66,1158,0
2024-02-25,Boston U.,Loyola Maryland,3969000,82,79,1034,0
2024-02-25,Robert Morris,Cleveland St.,3969236,71,73,1555,0
2024-02-25,Rider,Quinnipiac,3969234,88,78,1614,0
2024-02-25,Mount St. Mary's,Iona,3969233,72,65,1387,0
2024-02-25,Milwaukee,Purdue Fort Wayne,3969237,96,88,2194,0
2024-02-25,Saint Peter's,Marist,3969240,69,60,572,0
2024-02-25,Oakland,Wright St.,3969241,75,96,3007,0
2024-02-25,Green Bay,Youngstown St.,3969231,59,71,3202,0
2024-02-25,Tulane,UAB,3969224,67,78,1605,0
2024-02-25,Michigan St.,Ohio St.,3954006,57,60,14797,0
2024-02-25,Wichita St.,Temple,3969223,66,72,7019,0
2024-02-25,VCU,Saint Joseph's,3969222,73,69,7637,0
2024-02-25,Marquette,Xavier,3969242,88,64,17540,0
2024-02-25,Nebraska,Minnesota,3954502,73,55,15920,0
2024-02-26,Delaware,Drexel,3969248,60,70,3390,0
2024-02-26,Kansas St.,West Virginia,3969246,94,90,8813,0
2024-02-26,North Carolina,Miami (FL),3969247,75,71,21027,0
2024-02-26,Nicholls,UIW,3969243,92,82,850,0
2024-02-26,Morgan St.,Norfolk St.,3954708,82,85,3238,0
2024-02-26,South Carolina St.,UMES,3969260,64,56,1856,0
2024-02-26,N.C. Central,Delaware St.,3969258,93,81,2342,0
2024-02-26,Howard,Coppin St.,3969256,78,69,1200,0
2024-02-26,Bethune-Cookman,Alabama St.,3969253,90,84,917,0
2024-02-26,Florida A&M,Alabama A&M,3969262,76,58,2287,0
2024-02-26,Lamar University,McNeese,3969251,56,58,3844,0
2024-02-26,Houston Christian,A&M-Corpus Christi,3969249,79,91,491,0
2024-02-26,Mississippi Val.,Prairie View,3969264,57,51,1301,0
2024-02-26,Ark.-Pine Bluff,Texas Southern,3969245,70,77,2182,0
2024-02-26,Campbell,UNCW,3969244,105,100,1794,0
2024-02-26,TCU,Baylor,3969263,54,62,6810,0
2024-02-27,Villanova,Georgetown,3969279,75,47,6501,0
2024-02-27,LSU,Georgia,3969278,67,66,7621,0
2024-02-27,Houston,Cincinnati,3969276,67,59,7352,0
2024-02-27,Mississippi St.,Kentucky,3969277,89,91,9266,0
2024-02-27,Kent St.,Buffalo,3969288,76,64,2928,0
2024-02-27,Syracuse,Virginia Tech,3969287,84,71,20244,0
2024-02-27,St. Bonaventure,Loyola Chicago,3969285,79,64,3855,0
2024-02-27,Clemson,Pittsburgh,3969284,69,62,7346,0
2024-02-27,Ohio,Akron,3969282,74,67,5753,0
2024-02-27,Fordham,George Mason,3969281,61,60,1246,0
2024-02-27,Eastern Mich.,Western Mich.,3969280,70,67,1612,0
2024-02-27,Toledo,NIU,3969274,72,75,4692,0
2024-02-27,Bowling Green,Miami (OH),3969271,58,66,1825,0
2024-02-27,Dayton,Davidson,3969270,80,66,13407,0
2024-02-27,Central Mich.,Ball St.,3969267,71,79,1472,0
2024-02-27,George Washington,Massachusetts,3969266,57,69,1259,0
2024-02-27,Indiana,Wisconsin,3953758,74,70,17222,0
2024-02-27,UNI,Valparaiso,3969269,68,54,3580,0
2024-02-27,Kansas,BYU,3969286,68,76,16300,0
2024-02-27,Texas St.,ULM,3969268,73,55,1219,0
2024-02-27,Eastern Ill.,SIUE,3969292,84,79,1628,0
2024-02-27,Florida St.,NC State,3969300,90,83,4727,0
2024-02-27,Texas Tech,Texas,3969297,69,81,15098,0
2024-02-27,Notre Dame,Wake Forest,3969299,70,65,4698,0
2024-02-27,Arkansas,Vanderbilt,3969265,82,85,19200,0
2024-02-27,Wyoming,UNLV,3969283,69,75,3283,0
2024-02-27,Air Force,Boise St.,3969272,48,79,1066,0
2024-02-27,Iowa,Penn St.,3954000,90,81,8502,0
2024-02-27,Fresno St.,Utah St.,3969275,73,77,3785,0
2024-02-27,Colorado St.,Nevada,3969298,74,77,7070,0
2024-02-27,San Diego St.,San Jose St.,3969273,72,64,12414,0
2024-02-28,Army West Point,American,3969320,51,73,277,0
2024-02-28,Lehigh,Boston U.,3969318,62,64,983,0
2024-02-28,Florida,Missouri,3969327,83,74,9072,0
2024-02-28,App State,Old Dominion,3969329,89,64,4785,0
2024-02-28,Youngstown St.,Detroit Mercy,3969328,69,55,3413,0
2024-02-28,VCU,Rhode Island,3969301,88,67,7107,0
2024-02-28,Marquette,Providence,3969326,91,69,15341,0
2024-02-28,Tulane,North Texas,3969306,76,80,1409,0
2024-02-28,UNC Greensboro,VMI,3969356,100,58,1210,0
2024-02-28,Wright St.,Purdue Fort Wayne,3969353,77,79,3531,0
2024-02-28,Xavier,DePaul,3969352,91,58,10136,0
2024-02-28,Loyola Maryland,Bucknell,3969351,46,68,508,0
2024-02-28,Robert Morris,Northern Ky.,3969350,60,70,954,0
2024-02-28,Duke,Louisville,3969347,84,59,9314,0
2024-02-28,Western Caro.,Furman,3969345,85,77,3159,0
2024-02-28,Ga. Southern,Marshall,3969342,87,73,1384,0
2024-02-28,The Citadel,ETSU,3969341,63,81,1973,0
2024-02-28,Cleveland St.,Green Bay,3969339,61,69,1752,0
2024-02-28,Jacksonville,Stetson,3969337,73,86,711,0
2024-02-28,Chattanooga,Mercer,3969336,84,75,3054,0
2024-02-28,Navy,Lafayette,3969335,62,58,730,0
2024-02-28,Wofford,Samford,3969334,91,69,1674,0
2024-02-28,North Florida,FGCU,3969333,60,79,1755,0
2024-02-28,IU Indy,Milwaukee,3969332,70,75,1180,0
2024-02-28,Charleston So.,Radford,3969324,58,57,567,0
2024-02-28,USC Upstate,Presbyterian,3969321,74,72,576,0
2024-02-28,Holy Cross,Colgate,3969312,58,77,1077,0
2024-02-28,Georgia St.,James Madison,3969308,78,84,1988,0
2024-02-28,Duquesne,La Salle,3969305,75,63,2233,0
2024-02-28,Tennessee,Auburn,3969303,92,84,22547,0
2024-02-28,High Point,Winthrop,3969302,100,96,3584,0
2024-02-28,Maryland,Northwestern,3954336,61,68,12340,0
2024-02-28,Coastal Carolina,Arkansas St.,3969373,60,71,1144,0
2024-02-28,Lipscomb,Bellarmine,3969349,90,74,1588,0
2024-02-28,Colorado,California,3984792,88,78,6926,0
2024-02-28,Iowa St.,Oklahoma,3969346,58,45,14267,0
2024-02-28,Western Ky.,Louisiana Tech,3969323,84,90,5658,0
2024-02-28,South Alabama,Southern Miss.,3969322,73,70,2253,0
2024-02-28,UTSA,Tulsa,3969354,89,73,1238,0
2024-02-28,UIC,Drake,3969304,105,107,2126,0
2024-02-28,Evansville,Indiana St.,3969307,67,85,6419,0
2024-02-28,Louisiana,Troy,3969319,73,87,1418,0
2024-02-28,Austin Peay,Eastern Ky.,3969317,83,79,2297,0
2024-02-28,Saint Louis,Richmond,3969316,64,80,5359,0
2024-02-28,Rice,Temple,3969315,43,65,2456,0
2024-02-28,UAB,Wichita St.,3969314,66,74,4487,0
2024-02-28,Bradley,Southern Ill.,3969313,86,67,6168,0
2024-02-28,Oklahoma St.,UCF,3969344,71,77,5044,0
2024-02-28,Murray St.,Belmont,3969311,61,83,5039,0
2024-02-28,Illinois St.,Missouri St.,3969310,75,74,4287,0
2024-02-28,Butler,St. John's (NY),3969309,59,82,7279,0
2024-02-28,Texas A&M,South Carolina,3969375,68,70,9255,0
2024-02-28,Illinois,Minnesota,3954367,105,97,15544,0
2024-02-28,Ole Miss,Alabama,3969400,88,103,7722,0
2024-02-28,Creighton,Seton Hall,3969399,85,64,17022,0
2024-02-28,Boston College,Virginia,3969403,68,72,4851,0
2024-02-28,Arizona St.,Arizona,3984807,67,85,14129,0
2024-02-28,Oregon,Oregon St.,3984772,78,71,8365,0
2024-02-29,Binghamton,Maine,3969423,76,74,2539,0
2024-02-29,Ohio St.,Nebraska,3995911,78,69,13090,0
2024-02-29,UMass Lowell,Bryant,3969444,89,67,703,0
2024-02-29,Delaware,Northeastern,3969442,73,67,1798,0
2024-02-29,Jacksonville St.,UTEP,3969421,65,72,2025,0
2024-02-29,N.C. A&T,Towson,3969445,58,84,2953,0
2024-02-29,Stonehill,Sacred Heart,3969404,51,79,807,0
2024-02-29,Drexel,Stony Brook,3969436,90,86,1467,0
2024-02-29,Hampton,Monmouth,3969439,64,56,1008,0
2024-02-29,UAlbany,New Hampshire,3969415,91,67,1505,0
2024-02-29,Gardner-Webb,Longwood,3969348,72,69,2848,0
2024-02-29,Le Moyne,Wagner,3969434,70,56,570,0
2024-02-29,FDU,Merrimack,3969441,55,74,563,0
2024-02-29,Central Conn. St.,LIU,3969406,78,64,1429,0
2024-02-29,Col. of Charleston,Campbell,3969407,96,73,4905,0
2024-02-29,Elon,William & Mary,3969409,76,71,1836,0
2024-02-29,East Carolina,Memphis,3969410,58,82,4934,0
2024-02-29,NJIT,UMBC,3969412,60,79,515,0
2024-02-29,UNCW,Hofstra,3969440,58,69,4937,0
2024-02-29,Morehead St.,Southeast Mo. St.,3969448,72,50,3105,0
2024-02-29,St. Thomas (MN),Omaha,3969429,88,61,1526,0
2024-02-29,South Dakota,North Dakota St.,3969446,88,68,1717,0
2024-02-29,North Dakota,South Dakota St.,3969430,62,72,2075,0
2024-02-29,Utah,Stanford,3984791,90,68,8833,0
2024-02-29,Southern Utah,Abilene Christian,3969417,68,77,828,0
2024-02-29,Rutgers,Michigan,3728754,82,52,8000,0
2024-02-29,Southern Ind.,Lindenwood,3969466,63,67,1418,0
2024-02-29,UT Martin,Tennessee Tech,3969465,80,69,2007,0
2024-02-29,Western Ill.,Eastern Ill.,3969456,70,66,1047,0
2024-02-29,Idaho St.,Northern Ariz.,3969426,88,92,1546,0
2024-02-29,Grand Canyon,UTRGV,3969427,72,43,7192,0
2024-02-29,Utah Tech,Tarleton St.,3969435,74,85,1440,0
2024-02-29,Liberty,New Mexico St.,3969428,83,58,3262,0
2024-02-29,Little Rock,Tennessee St.,3969449,85,60,3367,0
2024-02-29,Portland,Santa Clara,3969408,80,75,1089,0
2024-02-29,Eastern Wash.,Montana,3969411,89,79,2179,0
2024-02-29,Idaho,Montana St.,3969420,48,62,1537,0
2024-02-29,UC Davis,Hawaii,3969422,75,63,2398,0
2024-02-29,Weber St.,Northern Colo.,3969413,85,81,6018,0
2024-02-29,Denver,Kansas City,3969438,69,84,1060,0
2024-02-29,LMU (CA),San Diego,3969405,96,62,1113,0
2024-02-29,CSUN,UC Irvine,3969437,64,89,542,0
2024-02-29,Long Beach St.,Cal St. Fullerton,3969432,71,76,2326,0
2024-02-29,UC Santa Barbara,Cal Poly,3969416,83,75,4000,0
2024-02-29,Seattle U,UT Arlington,3969433,62,82,999,0
2024-02-29,CSU Bakersfield,UC San Diego,3969431,70,57,1349,0
2024-02-29,California Baptist,SFA,3969425,60,62,2111,0
2024-02-29,Washington,UCLA,3995945,94,77,7893,0
2024-02-29,Washington St.,Southern California,3969418,75,72,8288,0
2024-02-29,Pepperdine,Saint Mary's (CA),3969414,57,83,1057,0
2024-02-29,San Francisco,Gonzaga,3969499,68,86,6480,0
2024-03-01,Ohio,Bowling Green,3969595,66,59,6134,0
2024-03-01,App State,Arkansas St.,3969508,80,57,7074,0
2024-03-01,Marist,Fairfield,3969517,58,55,2301,0
2024-03-01,Brown,Harvard,3969525,71,68,1788,0
2024-03-01,Niagara,Rider,3969524,61,71,1353,0
2024-03-01,Yale,Dartmouth,3969521,80,56,1380,0
2024-03-01,Ga. Southern,Old Dominion,3969516,92,75,1721,0
2024-03-01,Jacksonville,FGCU,3969515,57,59,902,0
2024-03-01,Iona,Quinnipiac,3969514,64,82,1846,0
2024-03-01,Siena,Manhattan,3969512,68,70,4832,0
2024-03-01,North Florida,Stetson,3969511,78,59,1789,0
2024-03-01,Canisius,Mount St. Mary's,3969510,61,56,914,0
2024-03-01,Georgia St.,Marshall,3969504,82,79,2122,0
2024-03-01,Queens (NC),Kennesaw St.,3969502,91,82,344,0
2024-03-01,Coastal Carolina,James Madison,3969529,76,86,1513,0
2024-03-01,Central Ark.,North Ala.,3969509,78,82,1445,0
2024-03-01,Lipscomb,Eastern Ky.,3969519,81,67,2026,0
2024-03-01,Austin Peay,Bellarmine,3969520,90,87,2681,0
2024-03-01,Princeton,Columbia,3969500,84,70,2712,0
2024-03-01,South Alabama,ULM,3969507,80,69,1969,0
2024-03-01,Penn,Cornell,3969531,81,87,1995,0
2024-03-01,Texas St.,Troy,3969503,82,79,2658,0
2024-03-01,Louisiana,Southern Miss.,3969506,77,61,5011,0
2024-03-01,Loyola Chicago,Dayton,3969501,77,72,4557,0
2024-03-01,Nevada,Fresno St.,3969505,74,66,9753,0
2024-03-01,Utah St.,Air Force,3969532,72,60,9194,0
2024-03-02,Fla. Atlantic,Tulane,3969552,79,73,3161,0
2024-03-02,DePaul,Butler,3969580,63,82,4286,0
2024-03-02,Providence,Villanova,3969584,60,71,12525,0
2024-03-02,Georgia Tech,Florida St.,3969583,85,76,5908,0
2024-03-02,Boston U.,Holy Cross,3969578,94,84,1390,0
2024-03-02,Lehigh,Colgate,3969563,60,63,1339,0
2024-03-02,South Carolina,Florida,3969551,82,76,16978,0
2024-03-02,Saint Joseph's,Fordham,3969568,82,69,2676,0
2024-03-02,Elon,Monmouth,3969542,70,85,1735,0
2024-03-02,Baylor,Kansas,3969581,82,74,7500,0
2024-03-02,Central Conn. St.,Stonehill,3969537,79,67,1631,0
2024-03-02,Eastern Mich.,Miami (OH),3969586,37,52,1588,0
2024-03-02,Temple,Tulsa,3969546,67,72,3213,0
2024-03-02,Wisconsin,Illinois,3953760,83,91,17287,0
2024-03-02,VMI,Wofford,3969541,62,74,3167,0
2024-03-02,Kentucky,Arkansas,3969538,111,102,20322,0
2024-03-02,North Dakota St.,South Dakota St.,3969589,61,78,2917,0
2024-03-02,Texas,Oklahoma St.,3969587,81,65,10485,0
2024-03-02,North Dakota,South Dakota,3969585,95,66,1759,0
2024-03-02,Arizona,Oregon,3984786,103,83,14688,0
2024-03-02,UNCW,Towson,3969738,75,64,5100,0
2024-03-02,William & Mary,Hampton,3969607,85,73,3916,0
2024-03-02,Sacred Heart,Merrimack,3969605,89,85,458,0
2024-03-02,Buffalo,Toledo,3969601,79,85,2476,0
2024-03-02,Presbyterian,Charleston So.,3969599,72,65,444,0
2024-03-02,Binghamton,New Hampshire,3969597,87,74,2071,0
2024-03-02,Radford,UNC Asheville,3969594,62,71,1103,0
2024-03-02,Chattanooga,Western Caro.,3969592,63,82,3874,0
2024-03-02,Winthrop,Gardner-Webb,3969579,64,65,2443,0
2024-03-02,Ball St.,Western Mich.,3969564,76,78,5223,0
2024-03-02,American,Navy,3969672,65,71,1648,0
2024-03-02,Furman,Mercer,3969535,75,82,2457,0
2024-03-02,Col. of Charleston,Hofstra,3969539,87,76,5127,0
2024-03-02,La Salle,George Washington,3969550,72,66,2278,0
2024-03-02,George Mason,Duquesne,3969553,51,59,5058,0
2024-03-02,Creighton,Marquette,3969591,89,75,18011,0
2024-03-02,Davidson,Massachusetts,3969609,67,69,3771,0
2024-03-02,Samford,The Citadel,3969562,92,80,1946,0
2024-03-02,SMU,UTSA,3969545,73,77,5507,0
2024-03-02,Vermont,UMass Lowell,3969701,74,62,3015,0
2024-03-02,Minnesota,Penn St.,3954218,75,70,11318,0
2024-03-02,Morehead St.,Lindenwood,3969650,67,49,2777,0
2024-03-02,Kent St.,Central Mich.,3969660,79,73,5310,0
2024-03-02,Vanderbilt,LSU,3969582,61,75,6696,0
2024-03-02,Southern U.,Bethune-Cookman,3969559,61,67,4289,0
2024-03-02,Washington,Southern California,3984863,75,82,9294,0
2024-03-02,Weber St.,Northern Ariz.,3969554,85,58,5681,0
2024-03-02,Colorado St.,Wyoming,3969560,70,62,8083,0
2024-03-02,Utah Valley,UT Arlington,3969593,65,78,2615,0
2024-03-02,Northwestern St.,Lamar University,3969637,77,82,1127,0
2024-03-02,Little Rock,Tennessee Tech,3969651,81,43,4023,0
2024-03-02,Auburn,Mississippi St.,3969616,78,63,9121,0
2024-03-02,Coppin St.,N.C. Central,3969665,58,83,507,0
2024-03-02,North Carolina,NC State,3969677,79,70,21750,0
2024-03-02,Delaware St.,Norfolk St.,3969678,85,71,1200,0
2024-03-02,Drexel,Northeastern,3969680,73,59,2007,0
2024-03-02,Saint Francis,Le Moyne,3969683,58,74,727,0
2024-03-02,Charlotte,South Fla.,3969684,61,76,7024,0
2024-03-02,UCF,Iowa St.,3969685,52,60,9392,0
2024-03-02,UMES,Howard,3969686,66,70,911,0
2024-03-02,ETSU,UNC Greensboro,3969697,66,65,4451,0
2024-03-02,UAlbany,Maine,3969555,71,74,2268,0
2024-03-02,Stony Brook,Delaware,3969556,79,56,2961,0
2024-03-02,Bryant,NJIT,3969561,101,82,777,0
2024-03-02,Campbell,N.C. A&T,3969566,64,62,1547,0
2024-03-02,Rhode Island,Saint Louis,3969567,91,94,4671,0
2024-03-02,Wagner,FDU,3969699,54,57,1486,0
2024-03-02,Morgan St.,South Carolina St.,3969702,61,72,2873,0
2024-03-02,Houston Christian,Tex. A&M-Commerce,3969661,85,98,626,0
2024-03-02,UT Martin,Tennessee St.,3969657,96,87,2453,0
2024-03-02,Western Ill.,SIUE,3969652,76,65,1116,0
2024-03-02,Longwood,High Point,3969570,74,72,2753,0
2024-03-02,A&M-Corpus Christi,Southeastern La.,3969547,80,68,2848,0
2024-03-02,Jacksonville St.,New Mexico St.,3969557,64,66,1822,0
2024-03-02,Grambling,Florida A&M,3969711,75,68,1533,0
2024-03-02,Alabama A&M,Alabama St.,3969707,58,53,6389,0
2024-03-02,McNeese,Nicholls,3969693,83,62,4211,0
2024-03-02,Sacramento St.,Portland St.,3969600,73,61,894,0
2024-03-02,Eastern Wash.,Montana St.,3969548,108,104,2451,0
2024-03-02,Idaho,Montana,3969596,57,80,2470,0
2024-03-02,Loyola Maryland,Army West Point,3969706,69,68,943,0
2024-03-02,Virginia Tech,Wake Forest,3969710,87,76,8925,0
2024-03-02,Northwestern,Iowa,3954002,80,87,7039,0
2024-03-02,Texas Southern,Jackson St.,3969576,80,70,4036,0
2024-03-02,UIW,New Orleans,3969565,80,87,151,0
2024-03-02,FIU,Western Ky.,3969569,85,83,990,0
2024-03-02,Milwaukee,Green Bay,3969742,90,69,4037,0
2024-03-02,Brown,Dartmouth,3969571,89,67,1118,0
2024-03-02,Cleveland St.,IU Indy,3969624,75,66,2129,0
2024-03-02,Georgia,Texas A&M,3969714,56,70,8165,0
2024-03-02,West Virginia,Texas Tech,3969715,70,81,11313,0
2024-03-02,Boston College,Pittsburgh,3969717,65,90,7536,0
2024-03-02,Duke,Virginia,3969718,73,48,9314,0
2024-03-02,Oakland,Detroit Mercy,3969720,75,70,3541,0
2024-03-02,Akron,NIU,3969543,80,73,2331,0
2024-03-02,Richmond,VCU,3969558,79,76,7201,0
2024-03-02,Ark.-Pine Bluff,Mississippi Val.,3969572,78,69,2674,0
2024-03-02,Prairie View,Alcorn,3969709,65,73,1032,0
2024-03-02,Santa Clara,San Francisco,3969536,69,62,3000,0
2024-03-02,Washington St.,UCLA,3995946,77,65,8096,0
2024-03-02,Princeton,Cornell,3969533,79,77,5409,0
2024-03-02,Wright St.,Northern Ky.,3969741,94,88,5232,0
2024-03-02,Purdue Fort Wayne,Robert Morris,3969740,83,65,992,0
2024-03-02,Yale,Harvard,3969739,80,60,2532,0
2024-03-02,Cincinnati,Kansas St.,3969733,74,72,11974,0
2024-03-02,Penn,Columbia,3969732,84,72,1488,0
2024-03-02,Bucknell,Lafayette,3969731,60,50,1328,0
2024-03-02,Liberty,UTEP,3969726,51,67,3643,0
2024-03-02,Wichita St.,Rice,3969544,87,66,7034,0
2024-03-02,Georgetown,Xavier,3969754,93,98,7016,0
2024-03-02,Notre Dame,Clemson,3969757,69,62,7313,0
2024-03-02,St. Thomas (MN),Denver,3969727,83,58,1607,0
2024-03-02,Oklahoma,Houston,3969744,85,87,10960,0
2024-03-02,CSUN,UC San Diego,3969681,69,79,1137,0
2024-03-02,California Baptist,UTRGV,3969703,88,52,2550,0
2024-03-02,UC Riverside,Hawaii,3969704,73,76,632,0
2024-03-02,Portland,LMU (CA),3969540,70,60,1165,0
2024-03-02,Idaho St.,Northern Colo.,3969712,79,81,1522,0
2024-03-02,Boise St.,New Mexico,3969549,89,79,12184,0
2024-03-02,Sam Houston,Middle Tenn.,3969573,81,64,2423,0
2024-03-02,Alabama,Tennessee,3969534,74,81,13474,0
2024-03-02,Louisville,Syracuse,3969758,76,82,11011,0
2024-03-02,Purdue,Michigan St.,3953859,80,74,14876,0
2024-03-02,Southern Utah,Tarleton St.,3969724,83,88,1119,0
2024-03-02,Southern Ind.,Southeast Mo. St.,3969749,66,70,1871,0
2024-03-02,Missouri,Ole Miss,3969752,78,84,11021,0
2024-03-02,Utah,California,3984794,88,59,8841,0
2024-03-02,Utah Tech,Abilene Christian,3969734,79,86,2387,0
2024-03-02,Cal St. Fullerton,UC Santa Barbara,3969716,79,70,760,0
2024-03-02,BYU,TCU,3969729,87,75,17978,0
2024-03-02,UC Irvine,Long Beach St.,3969730,82,61,4799,0
2024-03-02,San Diego,Pacific,3969577,81,69,1308,0
2024-03-02,Saint Mary's (CA),Gonzaga,3969725,57,70,3500,0
2024-03-02,UNLV,San Jose St.,3969575,68,50,6404,0
2024-03-02,Grand Canyon,SFA,3969713,80,58,7388,0
2024-03-02,Cal Poly,CSU Bakersfield,3969737,56,68,1428,0
2024-03-03,UConn,Seton Hall,3969767,91,61,10299,0
2024-03-03,Canisius,Rider,3969768,61,65,788,0
2024-03-03,Missouri St.,UIC,3969762,69,59,3611,0
2024-03-03,Valparaiso,Illinois St.,3969761,75,72,1676,0
2024-03-03,Southern Ill.,UNI,3969760,70,82,5612,0
2024-03-03,Quinnipiac,Siena,3969772,71,57,1995,0
2024-03-03,Niagara,Mount St. Mary's,3969771,72,91,1077,0
2024-03-03,Saint Peter's,Manhattan,3969770,89,57,684,0
2024-03-03,Marist,Iona,3969769,64,71,1762,0
2024-03-03,Maryland,Indiana,3953800,78,83,16540,0
2024-03-03,Oral Roberts,Kansas City,3969735,54,71,5971,0
2024-03-03,North Texas,East Carolina,3969765,84,69,4241,0
2024-03-03,Drake,Bradley,3969764,74,66,6051,0
2024-03-03,Ohio St.,Michigan,3954114,84,61,16606,0
2024-03-03,Indiana St.,Murray St.,3969763,89,77,8142,0
2024-03-03,Belmont,Evansville,3969759,83,66,2437,0
2024-03-03,Memphis,UAB,3969766,106,87,13491,0
2024-03-03,Nebraska,Rutgers,3728757,67,56,15854,0
2024-03-03,Colorado,Stanford,3984793,81,71,7518,0
2024-03-04,NC State,Duke,3969783,64,79,19500,0
2024-03-04,Kennesaw St.,Jacksonville,5250629,86,92,150,1
2024-03-04,FGCU,Queens (NC),5250631,63,69,108,1
2024-03-04,Northwestern St.,Nicholls,3969780,62,68,745,0
2024-03-04,Coppin St.,South Carolina St.,3969786,58,61,450,0
2024-03-04,Norfolk St.,UMES,3969788,69,50,1881,0
2024-03-04,Morgan St.,N.C. Central,3969791,88,79,3034,0
2024-03-04,UIW,Southeastern La.,3969775,56,73,146,0
2024-03-04,Howard,Delaware St.,3969789,85,66,1250,0
2024-03-04,A&M-Corpus Christi,New Orleans,3969782,73,60,1358,0
2024-03-04,Tex. A&M-Commerce,Lamar University,3969773,53,70,329,0
2024-03-04,Northern Ariz.,Northern Colo.,3969779,74,82,1066,0
2024-03-04,McNeese,Houston Christian,3969785,87,69,3373,0
2024-03-04,Grambling,Bethune-Cookman,3969790,69,60,1401,0
2024-03-04,Texas Southern,Alcorn,3969777,79,82,2836,0
2024-03-04,Prairie View,Jackson St.,3969787,74,79,929,0
2024-03-04,Montana,Idaho St.,3969784,79,65,3085,0
2024-03-04,Montana St.,Weber St.,3969776,76,64,3137,0
2024-03-04,Baylor,Texas,3969792,93,85,7500,0
2024-03-04,Sacramento St.,Eastern Wash.,3969778,88,91,771,0
2024-03-04,Southern U.,Florida A&M,3969774,58,44,5689,0
2024-03-04,Portland St.,Idaho,3969781,72,57,1007,0
2024-03-05,Army West Point,Holy Cross,5250858,68,84,170,1
2024-03-05,Maine,UMass Lowell,3969795,71,65,647,0
2024-03-05,ULM,Coastal Carolina,5250414,71,75,651,1
2024-03-05,Middle Tenn.,Liberty,3969796,69,61,2806,0
2024-03-05,Illinois,Purdue,3953860,71,77,15544,0
2024-03-05,Akron,Eastern Mich.,3969807,60,61,1923,0
2024-03-05,Dartmouth,Harvard,3969926,76,69,809,0
2024-03-05,South Fla.,Tulane,3969818,85,72,10354,0
2024-03-05,Georgetown,Providence,3969817,58,71,5287,0
2024-03-05,Ball St.,Kent St.,3969815,76,69,3412,0
2024-03-05,Bryant,UAlbany,3969814,83,79,669,0
2024-03-05,Louisville,Virginia Tech,3969813,64,80,10544,0
2024-03-05,Buffalo,Ohio,3969812,66,78,2140,0
2024-03-05,North Carolina,Notre Dame,3969810,84,51,21750,0
2024-03-05,Clemson,Syracuse,3969809,90,75,9000,0
2024-03-05,New Hampshire,Vermont,3969808,64,68,776,0
2024-03-05,UMBC,Binghamton,3969806,71,72,1875,0
2024-03-05,Georgia,Ole Miss,3969805,69,66,6219,0
2024-03-05,Western Mich.,Bowling Green,3969804,65,73,1243,0
2024-03-05,Miami (OH),Toledo,3969802,63,97,1847,0
2024-03-05,Florida,Alabama,3969794,105,87,11009,0
2024-03-05,Stetson,Queens (NC),5250630,83,71,672,1
2024-03-05,Eastern Ky.,Jacksonville,5250627,65,67,4171,1
2024-03-05,Cleveland St.,IU Indy,5250851,85,66,1333,1
2024-03-05,Purdue Fort Wayne,Robert Morris,5250852,78,63,959,1
2024-03-05,Navy,Loyola Maryland,5250859,64,48,583,1
2024-03-05,VCU,Duquesne,3969793,59,69,7044,0
2024-03-05,Oklahoma,Cincinnati,3969816,74,71,6124,0
2024-03-05,Lipscomb,North Ala.,5250632,75,77,1982,1
2024-03-05,Austin Peay,North Florida,5250628,101,98,2211,1
2024-03-05,Milwaukee,Detroit Mercy,5250849,83,79,1558,1
2024-03-05,Oklahoma St.,Texas Tech,3969811,58,75,6023,0
2024-03-05,NIU,Central Mich.,3969798,63,69,1399,0
2024-03-05,Wyoming,Air Force,3969800,74,63,3681,0
2024-03-05,Texas St.,Old Dominion,5250415,92,83,795,1
2024-03-05,Missouri,Auburn,3969820,74,101,10041,0
2024-03-05,Pittsburgh,Florida St.,3969821,88,73,7860,0
2024-03-05,Wake Forest,Georgia Tech,3969822,69,70,7481,0
2024-03-05,DePaul,St. John's (NY),3969797,77,104,2824,0
2024-03-05,Saint Louis,Dayton,3969801,83,100,6358,0
2024-03-05,Kansas,Kansas St.,3969819,90,68,16300,0
2024-03-05,Boise St.,Nevada,3969799,66,76,11242,0
2024-03-05,UNLV,San Diego St.,3969803,62,58,7911,0
2024-03-06,Seton Hall,Villanova,3969835,66,56,10481,0
2024-03-06,Davidson,Loyola Chicago,3969836,59,69,2856,0
2024-03-06,West Virginia,TCU,3969849,81,93,9674,0
2024-03-06,Central Conn. St.,Saint Francis,5250820,71,62,2412,1
2024-03-06,Merrimack,LIU,5250821,72,66,1076,1
2024-03-06,Sacred Heart,Wagner,5250822,57,60,361,1
2024-03-06,Le Moyne,FDU,5250823,82,61,729,1
2024-03-06,George Washington,St. Bonaventure,3969823,86,75,1428,0
2024-03-06,Rhode Island,George Mason,3969842,51,69,3139,0
2024-03-06,South Carolina,Tennessee,3969826,59,66,18000,0
2024-03-06,Charlotte,Rice,3969827,69,64,3027,0
2024-03-06,Richmond,Saint Joseph's,3969841,73,66,5942,0
2024-03-06,UCF,Houston,3969840,59,67,9390,0
2024-03-06,Miami (FL),Boston College,3969837,57,67,7372,0
2024-03-06,Arkansas,LSU,3969834,94,83,19200,0
2024-03-06,Michigan St.,Northwestern,3954007,53,49,14797,0
2024-03-06,Tennessee St.,Southern Ind.,5250526,78,64,1180,1
2024-03-06,Butler,Xavier,3969838,72,66,8976,0
2024-03-06,Massachusetts,Fordham,3969833,66,64,3245,0
2024-03-06,SMU,East Carolina,3969825,80,77,5471,0
2024-03-06,Lamar University,Houston Christian,3969832,78,68,1559,0
2024-03-06,New Orleans,McNeese,3969843,57,81,959,0
2024-03-06,North Texas,Fla. Atlantic,3969831,76,80,4551,0
2024-03-06,USC Upstate,Radford,5250687,60,67,978,1
2024-03-06,Tex. A&M-Commerce,Northwestern St.,3969828,83,80,837,0
2024-03-06,Marquette,UConn,3969846,67,74,17837,0
2024-03-06,A&M-Corpus Christi,UIW,3969845,71,52,2719,0
2024-03-06,Minnesota,Indiana,3953801,58,70,9002,0
2024-03-06,Kentucky,Vanderbilt,3969824,93,77,20332,0
2024-03-06,Texas A&M,Mississippi St.,3969847,75,69,8163,0
2024-03-06,Iowa St.,BYU,3969839,68,63,14267,0
2024-03-06,San Jose St.,Utah St.,3969830,70,90,2851,0
2024-03-06,SIUE,Eastern Ill.,5250525,68,57,1180,1
2024-03-06,New Mexico,Fresno St.,3969848,79,58,13140,0
2024-03-06,Hawaii,CSUN,3969829,72,70,4340,0
2024-03-07,South Alabama,Ga. Southern,5250410,71,76,764,1
2024-03-07,Murray St.,Missouri St.,5250909,35,60,3314,1
2024-03-07,Louisiana,Coastal Carolina,5250411,80,66,882,1
2024-03-07,Belmont,Valparaiso,5250910,86,61,3314,1
2024-03-07,Pepperdine,Pacific,5250901,102,43,647,1
2024-03-07,Southern Miss.,Texas St.,5250412,59,75,987,1
2024-03-07,Wisconsin,Rutgers,3953761,78,66,15431,0
2024-03-07,Quinnipiac,Marist,3969869,73,64,1249,0
2024-03-07,Illinois St.,Evansville,5250911,53,59,4435,1
2024-03-07,Manhattan,Iona,3969855,77,60,812,0
2024-03-07,Siena,Niagara,3969859,59,66,4817,0
2024-03-07,Temple,UAB,3969852,72,100,2515,0
2024-03-07,American,Bucknell,5250863,57,80,1172,1
2024-03-07,Colgate,Holy Cross,5250860,81,64,1405,1
2024-03-07,Fairfield,Canisius,3969864,74,62,1929,0
2024-03-07,Stetson,Jacksonville,5251619,88,87,976,1
2024-03-07,Oakland,Purdue Fort Wayne,5250854,75,65,3721,1
2024-03-07,Youngstown St.,Cleveland St.,5250855,70,82,3102,1
2024-03-07,Lafayette,Lehigh,5250861,61,76,1776,1
2024-03-07,Boston U.,Navy,5250862,70,61,715,1
2024-03-07,Morgan St.,Coppin St.,3969872,78,60,4159,0
2024-03-07,UTRGV,Utah Tech,3969858,74,79,857,0
2024-03-07,SFA,Southern Utah,3969853,87,60,1507,0
2024-03-07,Western Ill.,Tennessee St.,5250523,61,59,1140,1
2024-03-07,N.C. Central,South Carolina St.,3969873,79,68,1362,0
2024-03-07,Tarleton St.,Utah Valley,3969860,60,63,2106,0
2024-03-07,Austin Peay,North Ala.,5251620,77,71,3215,1
2024-03-07,Rider,Saint Peter's,3969874,61,56,1650,0
2024-03-07,UMES,Delaware St.,3969875,67,59,183,0
2024-03-07,Wright St.,Northern Ky.,5250857,97,99,4725,1
2024-03-07,UT Arlington,California Baptist,3969868,71,57,1871,0
2024-03-07,Abilene Christian,Seattle U,3969866,64,59,1437,0
2024-03-07,Alabama A&M,Grambling,3969871,73,74,3213,0
2024-03-07,Alcorn,Mississippi Val.,3969909,74,67,753,0
2024-03-07,Alabama St.,Southern U.,3969891,57,65,2437,0
2024-03-07,Jackson St.,Ark.-Pine Bluff,3969850,89,84,1866,0
2024-03-07,Southeastern La.,Nicholls,3969844,54,80,935,0
2024-03-07,Georgia St.,Marshall,5250413,74,86,1207,1
2024-03-07,Norfolk St.,Howard,3969870,77,58,4176,0
2024-03-07,Louisiana Tech,Sam Houston,3969857,66,72,3092,0
2024-03-07,Washington St.,Washington,3969854,68,74,9311,0
2024-03-07,Oregon,Colorado,4470525,75,79,7794,0
2024-03-07,Green Bay,Milwaukee,5250856,84,95,2394,1
2024-03-07,UTEP,FIU,3969867,83,76,5151,0
2024-03-07,UCLA,Arizona,3995947,65,88,8428,0
2024-03-07,Southern Ill.,UIC,5250912,82,84,4435,1
2024-03-07,UC Riverside,Cal St. Fullerton,3969865,84,74,754,0
2024-03-07,UC San Diego,UC Davis,3969863,63,70,1373,0
2024-03-07,UC Irvine,Cal Poly,3969862,82,68,2785,0
2024-03-07,Long Beach St.,UC Santa Barbara,3969861,74,76,2255,0
2024-03-07,Morehead St.,SIUE,5250524,78,63,1140,1
2024-03-07,Oregon St.,Utah,3984775,92,85,3362,0
2024-03-07,Southern California,Arizona St.,3984808,81,73,6834,0
2024-03-07,Stanford,California,3984795,80,58,4967,0
2024-03-08,High Point,Radford,5250683,77,63,4258,1
2024-03-08,Indiana St.,Missouri St.,5250905,75,59,5403,1
2024-03-08,Winthrop,Longwood,5250684,56,69,4258,1
2024-03-08,N.C. A&T,William & Mary,5250799,62,79,1706,1
2024-03-08,UNI,Belmont,5250906,67,62,5403,1
2024-03-08,Elon,Hampton,5250801,55,56,1706,1
2024-03-08,Mercer,The Citadel,5250815,84,76,2484,1
2024-03-08,UNC Asheville,Charleston So.,5250685,60,55,1524,1
2024-03-08,Western Mich.,Akron,3969881,90,84,1636,0
2024-03-08,Drake,Evansville,5250907,79,58,5813,1
2024-03-08,Bowling Green,Ball St.,3969878,80,70,1926,0
2024-03-08,Central Mich.,Eastern Mich.,3969882,65,62,2005,0
2024-03-08,Buffalo,NIU,3969883,68,78,2416,0
2024-03-08,Dayton,VCU,3969876,91,86,13407,0
2024-03-08,Miami (OH),Ohio,3969879,59,72,3506,0
2024-03-08,ETSU,VMI,5250816,98,66,2484,1
2024-03-08,Little Rock,Western Ill.,5250520,82,57,1277,1
2024-03-08,Oral Roberts,South Dakota,5251191,77,62,7611,1
2024-03-08,Toledo,Kent St.,3969884,86,71,6520,0
2024-03-08,Gardner-Webb,Presbyterian,5250686,61,60,1524,1
2024-03-08,Tulane,Wichita St.,3969877,85,75,1835,0
2024-03-08,San Diego,Pepperdine,5250899,57,52,2181,1
2024-03-08,Bradley,UIC,5250908,74,47,5813,1
2024-03-08,San Diego St.,Boise St.,3969898,77,79,12415,0
2024-03-08,UT Martin,Morehead St.,5250522,78,84,1277,1
2024-03-08,Portland,LMU (CA),5250900,78,70,2181,1
2024-03-09,High Point,Longwood,5250681,79,80,4438,1
2024-03-09,Fla. Atlantic,Memphis,3969894,92,84,3161,0
2024-03-09,Yale,Brown,3969911,81,84,1580,0
2024-03-09,St. John's (NY),Georgetown,3969910,86,78,16127,0
2024-03-09,Merrimack,Le Moyne,5251727,61,51,1565,1
2024-03-09,Samford,Mercer,5250809,70,57,4194,1
2024-03-09,Monmouth,Campbell,5250793,90,67,1883,1
2024-03-09,Alabama,Arkansas,3969885,92,88,11031,0
2024-03-09,St. Bonaventure,Saint Louis,3969912,65,73,4702,0
2024-03-09,App State,Ga. Southern,5250406,85,80,1763,1
2024-03-09,Iona,Siena,3969915,68,54,1884,0
2024-03-09,Saint Joseph's,Davidson,3969905,89,71,2257,0
2024-03-09,Fordham,Rhode Island,3969914,50,58,2850,0
2024-03-09,Liberty,Western Ky.,3969913,82,79,3023,0
2024-03-09,Kansas St.,Iowa St.,3969918,65,58,9311,0
2024-03-09,Ole Miss,Texas A&M,3969917,60,86,7819,0
2024-03-09,Texas,Oklahoma,3969916,94,80,11073,0
2024-03-09,Bryant,Maine,5251616,84,58,1147,1
2024-03-09,Saint Peter's,Quinnipiac,3969925,74,89,755,0
2024-03-09,Marist,Niagara,3969924,63,62,1277,0
2024-03-09,Cincinnati,West Virginia,3969922,92,56,11914,0
2024-03-09,Columbia,Cornell,3969921,76,98,2022,0
2024-03-09,Duquesne,George Washington,3969887,67,65,3134,0
2024-03-09,Central Conn. St.,Wagner,5251728,56,66,2449,1
2024-03-09,UNC Asheville,Gardner-Webb,5250682,83,72,4438,1
2024-03-09,Virginia Tech,Notre Dame,3969923,82,76,8925,0
2024-03-09,Villanova,Creighton,3969896,67,69,13422,0
2024-03-09,UNC Greensboro,ETSU,5250810,62,73,4194,1
2024-03-09,Towson,William & Mary,5250794,67,56,1883,1
2024-03-09,George Mason,Richmond,3969928,64,46,5576,0
2024-03-09,Mississippi St.,South Carolina,3969919,89,93,9289,0
2024-03-09,UMass Lowell,UMBC,5251617,94,89,684,1
2024-03-09,Tulsa,South Fla.,3969927,76,70,5515,0
2024-03-09,Arkansas St.,Louisiana,5250407,89,62,2059,1
2024-03-09,Sam Houston,Jacksonville St.,3969906,81,73,2442,0
2024-03-09,SFA,Utah Tech,3969899,84,71,1565,0
2024-03-09,Louisiana Tech,Middle Tenn.,3969920,84,70,2636,0
2024-03-09,Vermont,UAlbany,5251614,75,72,2692,1
2024-03-09,New Hampshire,Binghamton,5251615,77,64,974,1
2024-03-09,Jackson St.,Mississippi Val.,3969856,68,67,3963,0
2024-03-09,Indiana St.,UNI,5250903,94,72,8745,1
2024-03-09,Air Force,Colorado St.,3969892,73,82,4668,0
2024-03-09,New Mexico St.,FIU,3969895,77,70,4864,0
2024-03-09,Alcorn,Ark.-Pine Bluff,3969904,104,95,635,0
2024-03-09,Loyola Chicago,La Salle,3969929,64,54,4557,0
2024-03-09,Houston,Kansas,3969930,76,46,7933,0
2024-03-09,Abilene Christian,Utah Valley,3969931,67,74,1817,0
2024-03-09,Tennessee,Kentucky,3969888,81,85,22206,0
2024-03-09,East Carolina,Charlotte,3969890,72,82,4548,0
2024-03-09,Manhattan,Canisius,3969907,70,73,950,0
2024-03-09,Mount St. Mary's,Fairfield,3969935,92,96,2790,0
2024-03-09,Florida A&M,Bethune-Cookman,3969936,66,67,1121,0
2024-03-09,Florida St.,Miami (FL),3969938,83,75,6020,0
2024-03-09,Vanderbilt,Florida,3969889,79,78,6442,0
2024-03-09,Oregon St.,Colorado,3984776,57,73,3172,0
2024-03-09,Xavier,Marquette,3969902,80,86,10380,0
2024-03-09,Alabama St.,Grambling,3969942,87,84,2578,0
2024-03-09,TCU,UCF,3969937,77,79,7033,0
2024-03-09,Alabama A&M,Southern U.,3969940,66,56,1855,0
2024-03-09,Louisville,Boston College,3969941,61,67,11615,0
2024-03-09,Long Beach St.,UC Davis,3969933,78,88,1894,0
2024-03-09,Wake Forest,Clemson,3969945,81,76,12288,0
2024-03-09,Penn,Princeton,3969944,83,105,4488,0
2024-03-09,Chattanooga,Wofford,5250813,75,57,5020,1
2024-03-09,Stony Brook,Northeastern,5250795,75,65,1752,1
2024-03-09,Texas Southern,Prairie View,3969943,93,78,6927,0
2024-03-09,Texas Tech,Baylor,3969939,78,68,14432,0
2024-03-09,Tarleton St.,Seattle U,3969932,69,66,2024,0
2024-03-09,Drake,Bradley,5250904,72,67,8745,1
2024-03-09,Troy,Texas St.,5250408,68,74,2075,1
2024-03-09,Auburn,Georgia,3969886,92,78,9121,0
2024-03-09,Duke,North Carolina,3969946,79,84,9314,0
2024-03-09,South Dakota St.,Oral Roberts,5251187,79,63,9121,1
2024-03-09,Fresno St.,Wyoming,3969908,47,86,4395,0
2024-03-09,UC San Diego,Cal Poly,3969934,92,87,1454,0
2024-03-09,Oregon,Utah,3996037,66,65,8668,0
2024-03-09,Idaho,Sacramento St.,5251266,64,72,3578,1
2024-03-09,UTRGV,Southern Utah,3969948,59,68,652,0
2024-03-09,Pittsburgh,NC State,3969952,81,73,10700,0
2024-03-09,Virginia,Georgia Tech,3969953,72,57,13877,0
2024-03-09,Little Rock,Morehead St.,5250518,55,69,1421,1
2024-03-09,California Baptist,Grand Canyon,3969880,47,68,5363,0
2024-03-09,Rice,North Texas,3969901,55,71,2937,0
2024-03-09,Providence,UConn,3969897,60,74,12608,0
2024-03-09,Delaware,Hampton,5250797,80,50,1752,1
2024-03-09,James Madison,Marshall,5250409,81,64,2501,1
2024-03-09,Seton Hall,DePaul,3969954,86,62,9419,0
2024-03-09,LSU,Missouri,3969951,84,80,8547,0
2024-03-09,Utah St.,New Mexico,3969947,87,85,10270,0
2024-03-09,Western Caro.,Furman,5250812,76,79,5020,1
2024-03-09,Northwestern,Minnesota,3954503,90,66,7039,0
2024-03-09,BYU,Oklahoma St.,3969949,85,71,17978,0
2024-03-09,Cal St. Fullerton,UC Irvine,3969893,71,81,1202,0
2024-03-09,Kansas City,Denver,5251189,60,61,9121,1
2024-03-09,Southern California,Arizona,3984864,78,65,8976,0
2024-03-09,Santa Clara,San Diego,5250897,104,79,2637,1
2024-03-09,UC Santa Barbara,UC Riverside,3969903,64,81,2702,0
2024-03-09,Northern Ariz.,Idaho St.,5251267,60,68,3578,1
2024-03-09,Nevada,UNLV,3969950,75,65,11877,0
2024-03-09,UCLA,Arizona St.,3984809,59,47,7424,0
2024-03-09,Hawaii,CSU Bakersfield,3969900,74,57,6176,0
2024-03-09,San Francisco,Portland,5250898,72,51,2781,1
2024-03-10,Col. of Charleston,Monmouth,5250789,83,59,2108,1
2024-03-10,UNC Asheville,Longwood,5250680,59,85,1842,1
2024-03-10,Michigan,Nebraska,3954115,70,85,11006,0
2024-03-10,Purdue,Wisconsin,3953762,78,70,14876,0
2024-03-10,Colgate,Bucknell,5251899,68,65,1106,1
2024-03-10,Indiana St.,Drake,5250902,80,84,6837,1
2024-03-10,Stetson,Austin Peay,5251911,94,91,2328,1
2024-03-10,Rutgers,Ohio St.,3954565,51,73,8000,0
2024-03-10,UNCW,Towson,5250790,56,66,2108,1
2024-03-10,UAB,SMU,3969955,74,70,4037,0
2024-03-10,UTSA,Temple,3969956,82,84,1096,0
2024-03-10,Boston U.,Lehigh,5251901,79,84,923,1
2024-03-10,Samford,Furman,5250806,84,77,3992,1
2024-03-10,Indiana,Michigan St.,3953802,65,64,16304,0
2024-03-10,App State,Arkansas St.,5246923,65,67,1621,1
2024-03-10,Southeastern La.,New Orleans,5251300,66,78,687,1
2024-03-10,Drexel,Stony Brook,5250791,88,91,1688,1
2024-03-10,Chattanooga,ETSU,5250808,84,85,3992,1
2024-03-10,Iowa,Illinois,3954004,61,73,14998,0
2024-03-10,St. Thomas (MN),North Dakota St.,5251188,68,58,7491,1
2024-03-10,Eastern Wash.,Sacramento St.,5251264,69,74,2478,1
2024-03-10,Penn St.,Maryland,3954219,85,69,8796,0
2024-03-10,James Madison,Texas St.,5246924,73,68,1829,1
2024-03-10,Northwestern St.,Tex. A&M-Commerce,5251299,64,69,687,1
2024-03-10,Hofstra,Delaware,5250792,73,58,1688,1
2024-03-10,North Dakota,Omaha,5251190,72,73,7491,1
2024-03-10,Northern Colo.,Idaho St.,5251265,76,83,2478,1
2024-03-11,Lamar University,New Orleans,5251295,71,57,270,1
2024-03-11,Col. of Charleston,Towson,5250787,61,56,1785,1
2024-03-11,James Madison,Arkansas St.,5246892,91,71,2548,1
2024-03-11,Oakland,Cleveland St.,5250418,74,71,1885,1
2024-03-11,Samford,ETSU,5250805,76,69,5112,1
2024-03-11,South Dakota St.,St. Thomas (MN),5251183,59,49,8097,1
2024-03-11,Weber St.,Montana St.,5251262,82,91,2900,1
2024-03-11,Nicholls,Tex. A&M-Commerce,5251296,72,51,270,1
2024-03-11,Hofstra,Stony Brook,5250788,59,63,1785,1
2024-03-11,Saint Mary's (CA),Santa Clara,5250895,79,65,4885,1
2024-03-11,Northern Ky.,Milwaukee,5250419,75,82,1885,1
2024-03-11,Omaha,Denver,5251185,63,66,8097,1
2024-03-11,Montana,Portland St.,5251263,87,81,2900,1
2024-03-11,Gonzaga,San Francisco,5250896,89,77,5685,1
2024-03-12,Fordham,Davidson,5252348,71,63,5946,1
2024-03-12,UCF,Oklahoma St.,5251909,77,62,9404,1
2024-03-12,Notre Dame,Georgia Tech,5251837,84,80,7523,1
2024-03-12,La Salle,George Washington,5252349,61,60,5946,1
2024-03-12,Cincinnati,West Virginia,5251910,90,85,9404,1
2024-03-12,NC State,Louisville,5251838,94,85,7523,1
2024-03-12,Rhode Island,Saint Louis,5252350,71,74,5946,1
2024-03-12,Vermont,New Hampshire,5252609,66,59,2487,1
2024-03-12,Mount St. Mary's,Canisius,5252307,61,77,1717,1
2024-03-12,UMass Lowell,Bryant,5252610,77,70,957,1
2024-03-12,McNeese,Lamar University,5251292,76,57,4200,1
2024-03-12,Merrimack,Wagner,5252611,47,54,2847,1
2024-03-12,Boston College,Miami (FL),5251839,81,65,7523,1
2024-03-12,Col. of Charleston,Stony Brook,5250784,82,79,1954,1
2024-03-12,Oakland,Milwaukee,5250417,83,76,2414,1
2024-03-12,Iona,Manhattan,5252308,60,57,1717,1
2024-03-12,Montana St.,Sacramento St.,5251260,74,71,2858,1
2024-03-12,Saint Mary's (CA),Gonzaga,5250893,69,60,5794,1
2024-03-12,A&M-Corpus Christi,Nicholls,5251293,73,81,4200,1
2024-03-12,Jacksonville St.,FIU,5252293,67,76,2545,1
2024-03-12,South Dakota St.,Denver,5251180,76,68,8268,1
2024-03-12,Niagara,Siena,5252309,67,65,1717,1
2024-03-12,Montana,Idaho St.,5251261,72,58,2858,1
2024-03-13,George Mason,Saint Joseph's,5252343,57,64,7725,1
2024-03-13,Virginia Tech,Florida St.,5251833,76,86,9920,1
2024-03-13,BYU,UCF,5251905,87,73,16044,1
2024-03-13,Wichita St.,Rice,5252677,88,81,2682,1
2024-03-13,Wyoming,Fresno St.,5252413,73,77,5858,1
2024-03-13,VCU,Fordham,5252344,69,62,7725,1
2024-03-13,Wake Forest,Notre Dame,5251834,72,59,9920,1
2024-03-13,TCU,Oklahoma,5251906,77,70,16044,1
2024-03-13,Washington,Southern California,5252638,74,80,10050,1
2024-03-13,Temple,UTSA,5252678,64,61,2682,1
2024-03-13,Alcorn,Alabama A&M,5252510,63,75,784,1
2024-03-13,Butler,Xavier,5252385,72,76,19812,1
2024-03-13,Colorado St.,San Jose St.,5252414,72,62,5858,1
2024-03-13,McNeese,Nicholls,5251289,92,76,4200,1
2024-03-13,St. Bonaventure,La Salle,5252346,75,73,6432,1
2024-03-13,UCLA,Oregon St.,5252639,67,57,10050,1
2024-03-13,Norfolk St.,Coppin St.,5251723,75,51,6000,1
2024-03-13,Maryland,Rutgers,5252659,65,51,12379,1
2024-03-13,Sam Houston,FIU,5252291,78,59,2723,1
2024-03-13,Providence,Georgetown,5252387,74,56,19812,1
2024-03-13,Quinnipiac,Canisius,5252301,76,52,1443,1
2024-03-13,Colgate,Lehigh,5252843,74,55,1533,1
2024-03-13,Arkansas,Vanderbilt,5252553,90,85,16539,1
2024-03-13,Syracuse,NC State,5251835,65,83,13445,1
2024-03-13,Texas,Kansas St.,5251907,74,78,18261,1
2024-03-13,New Mexico,Air Force,5252415,82,56,5858,1
2024-03-13,Duquesne,Saint Louis,5252345,83,73,6432,1
2024-03-13,N.C. Central,UMES,5251725,87,81,6000,1
2024-03-13,California,Stanford,5252640,76,87,10133,1
2024-03-13,Utah Valley,California Baptist,5252525,63,74,1064,1
2024-03-13,UC Riverside,CSU Bakersfield,5252396,83,78,717,1
2024-03-13,Villanova,DePaul,5252388,58,57,19812,1
2024-03-13,Fairfield,Iona,5252302,68,63,1443,1
2024-03-13,Penn St.,Michigan,5252660,66,57,12379,1
2024-03-13,Louisiana Tech,Middle Tenn.,5252292,67,70,2723,1
2024-03-13,Grambling,Alabama St.,5252508,56,50,2176,1
2024-03-13,Georgia,Missouri,5252554,64,59,16539,1
2024-03-13,Kansas,Cincinnati,5251908,52,72,18261,1
2024-03-13,Clemson,Boston College,5251836,55,76,13445,1
2024-03-13,SFA,Abilene Christian,5252526,60,57,1064,1
2024-03-13,UC Santa Barbara,CSUN,5252397,84,87,717,1
2024-03-13,Montana,Montana St.,5251257,70,85,2963,1
2024-03-13,Utah,Arizona St.,5252641,90,57,10133,1
2024-03-14,Toledo,Kent St.,5251818,59,67,8254,1
2024-03-14,Richmond,Saint Joseph's,5252335,61,66,6817,1
2024-03-14,North Carolina,Florida St.,5251829,92,67,14920,1
2024-03-14,Michigan St.,Minnesota,5252653,77,67,12498,1
2024-03-14,UConn,Xavier,5252381,87,60,19812,1
2024-03-14,Texas Tech,BYU,5251860,81,67,17186,1
2024-03-14,East Carolina,Tulsa,5252672,84,79,5530,1
2024-03-14,LSU,Mississippi St.,5252549,60,70,11638,1
2024-03-14,Central Mich.,Bowling Green,5251821,56,66,8254,1
2024-03-14,Massachusetts,VCU,5252336,59,73,6817,1
2024-03-14,Wisconsin,Maryland,5252654,87,56,12498,1
2024-03-14,St. John's (NY),Seton Hall,5252382,91,72,19812,1
2024-03-14,Pittsburgh,Wake Forest,5251831,81,69,14920,1
2024-03-14,Memphis,Wichita St.,5252673,65,71,5530,1
2024-03-14,Texas Southern,Jackson St.,5252512,73,62,975,1
2024-03-14,Utah St.,Fresno St.,5252406,87,75,8968,1
2024-03-14,Arizona,Southern California,5252633,70,49,14076,1
2024-03-14,Houston,TCU,5251863,60,45,17186,1
2024-03-14,South Carolina,Arkansas,5252550,80,66,11638,1
2024-03-14,Akron,Miami (OH),5251819,75,63,8254,1
2024-03-14,Loyola Chicago,St. Bonaventure,5252338,74,75,6327,1
2024-03-14,Oregon,UCLA,5252635,68,66,14076,1
2024-03-14,UNLV,San Diego St.,5252407,71,74,8968,1
2024-03-14,Howard,Morgan St.,5251724,78,65,7304,1
2024-03-14,Liberty,UTEP,5252289,57,66,2265,1
2024-03-14,Marist,Niagara,5252304,65,59,1544,1
2024-03-14,Ohio,Western Mich.,5251822,82,55,8254,1
2024-03-14,Iowa,Ohio St.,5252656,78,90,12338,1
2024-03-14,North Texas,Tulane,5252674,81,71,5516,1
2024-03-14,Iowa St.,Kansas St.,5251902,76,57,19135,1
2024-03-14,Texas A&M,Ole Miss,5252551,80,71,13771,1
2024-03-14,Creighton,Providence,5252383,73,78,19812,1
2024-03-14,Duke,NC State,5251830,69,74,17627,1
2024-03-14,Dayton,Duquesne,5252339,57,65,6327,1
2024-03-14,South Carolina St.,Delaware St.,5251726,58,71,7304,1
2024-03-14,Western Ky.,New Mexico St.,5252290,89,69,2333,1
2024-03-14,Hawaii,CSUN,5252394,75,68,831,1
2024-03-14,SMU,Temple,5252675,60,75,5516,1
2024-03-14,Indiana,Penn St.,5252655,61,59,12338,1
2024-03-14,Washington St.,Stanford,5252636,79,62,11428,1
2024-03-14,Rider,Saint Peter's,5252306,48,50,1544,1
2024-03-14,Nevada,Colorado St.,5252409,78,85,8561,1
2024-03-14,Seattle U,California Baptist,5252523,81,57,1106,1
2024-03-14,Baylor,Cincinnati,5251903,68,56,19135,1
2024-03-14,Marquette,Villanova,5252384,71,65,19812,1
2024-03-14,Virginia,Boston College,5251832,66,60,17627,1
2024-03-14,Florida,Georgia,5252552,85,80,13771,1
2024-03-14,Southern U.,Bethune-Cookman,5252509,58,73,624,1
2024-03-14,Long Beach St.,UC Riverside,5252395,86,67,1227,1
2024-03-14,UT Arlington,SFA,5252524,109,78,1021,1
2024-03-14,Colorado,Utah,5252637,72,58,11428,1
2024-03-14,Boise St.,New Mexico,5252410,66,76,8561,1
2024-03-15,Purdue,Michigan St.,5252649,67,62,12498,1
2024-03-15,Sam Houston,UTEP,5252287,63,65,3272,1
2024-03-15,Tennessee,Mississippi St.,5252543,56,73,17137,1
2024-03-15,South Fla.,East Carolina,5252667,81,59,5454,1
2024-03-15,Northwestern,Wisconsin,5252650,61,70,12609,1
2024-03-15,Western Ky.,Middle Tenn.,5252288,85,54,3272,1
2024-03-15,Grambling,Bethune-Cookman,5252506,65,53,528,1
2024-03-15,UAB,Wichita St.,5252668,72,60,5454,1
2024-03-15,Auburn,South Carolina,5252545,86,55,17137,1
2024-03-15,Bowling Green,Kent St.,5251814,60,73,7802,1
2024-03-15,St. John's (NY),UConn,5252379,90,95,19812,1
2024-03-15,Norfolk St.,Howard,5251720,74,80,13368,1
2024-03-15,Quinnipiac,Saint Peter's,5252299,60,62,1783,1
2024-03-15,Illinois,Ohio St.,5252651,77,74,12625,1
2024-03-15,Houston,Texas Tech,5251858,82,59,19135,1
2024-03-15,Kentucky,Texas A&M,5252546,87,97,18244,1
2024-03-15,North Carolina,Pittsburgh,5251827,72,65,18722,1
2024-03-15,Fla. Atlantic,North Texas,5252669,77,71,5471,1
2024-03-15,Akron,Ohio,5251815,65,62,7802,1
2024-03-15,Arizona,Oregon,5252632,59,67,17502,1
2024-03-15,Marquette,Providence,5252380,79,68,19812,1
2024-03-15,N.C. Central,Delaware St.,5251722,58,71,13368,1
2024-03-15,Fairfield,Marist,5252300,65,61,1783,1
2024-03-15,Nebraska,Indiana,5252652,93,66,12625,1
2024-03-15,Grand Canyon,Seattle U,5252520,80,72,2250,1
2024-03-15,Charlotte,Temple,5252671,54,58,5471,1
2024-03-15,UC Irvine,Long Beach St.,5252391,79,83,1919,1
2024-03-15,Utah St.,San Diego St.,5252403,70,86,13213,1
2024-03-15,Iowa St.,Baylor,5251859,76,62,19135,1
2024-03-15,Virginia,NC State,5251828,65,73,18722,1
2024-03-15,Texas Southern,Alabama A&M,5252507,72,65,2045,1
2024-03-15,Alabama,Florida,5252548,88,102,18244,1
2024-03-15,Washington St.,Colorado,5252631,52,58,17502,1
2024-03-15,UC Davis,Hawaii,5252392,68,65,1919,1
2024-03-15,Tarleton St.,UT Arlington,5252521,84,87,4057,1
2024-03-15,New Mexico,Colorado St.,5252404,74,61,13213,1
2024-03-16,Vermont,UMass Lowell,5253400,66,61,3000,1
2024-03-16,Princeton,Brown,5252504,81,90,2612,1
2024-03-16,Auburn,Mississippi St.,5252538,73,66,16499,1
2024-03-16,Purdue,Wisconsin,5252647,75,76,14138,1
2024-03-16,Howard,Delaware St.,5251719,70,67,6854,1
2024-03-16,VCU,Saint Joseph's,5252327,66,60,8037,1
2024-03-16,Yale,Cornell,5252503,69,57,2605,1
2024-03-16,South Fla.,UAB,5252664,83,93,5545,1
2024-03-16,Illinois,Nebraska,5252648,98,87,14138,1
2024-03-16,Florida,Texas A&M,5252540,95,90,16499,1
2024-03-16,Duquesne,St. Bonaventure,5252328,70,60,8037,1
2024-03-16,Fla. Atlantic,Temple,5252666,73,74,5545,1
2024-03-16,San Diego St.,New Mexico,5252402,61,68,11112,1
2024-03-16,Houston,Iowa St.,5251857,41,69,19135,1
2024-03-16,UConn,Marquette,5252377,73,57,19812,1
2024-03-16,Fairfield,Saint Peter's,5252297,63,68,2477,1
2024-03-16,Akron,Kent St.,5251813,62,61,7955,1
2024-03-16,North Carolina,NC State,5251826,76,84,19218,1
2024-03-16,Western Ky.,UTEP,5252286,78,71,4541,1
2024-03-16,Colorado,Oregon,5252630,68,75,12912,1
2024-03-16,UC Davis,Long Beach St.,5252390,70,74,1623,1
2024-03-16,Grambling,Texas Southern,5252505,75,66,2108,1
2024-03-16,Grand Canyon,UT Arlington,5252518,89,74,4019,1
2024-03-17,Yale,Brown,5252502,62,61,2278,1
2024-03-17,Auburn,Florida,5252537,86,67,18532,1
2024-03-17,VCU,Duquesne,5252318,51,57,7805,1
2024-03-17,UAB,Temple,5252663,85,69,5695,1
2024-03-17,Illinois,Wisconsin,5252646,93,87,13991,1
2024-03-19,Howard,Wagner,5254070,68,71,12247,1
2024-03-19,LSU,North Texas,5254274,77,84,2210,1
2024-03-19,Tarleton St.,Texas Southern,5254296,82,71,1426,1
2024-03-19,Ohio St.,Cornell,5254281,88,83,4517,1
2024-03-19,Providence,Boston College,5254275,57,62,6507,1
2024-03-19,Georgia,Xavier,5254279,78,76,2756,1
2024-03-19,Iowa,Kansas St.,5254288,91,82,4532,1
2024-03-19,UCF,South Fla.,5254287,77,83,4164,1
2024-03-19,A&M-Corpus Christi,Abilene Christian,5254298,63,73,615,1
2024-03-19,Butler,Minnesota,5254283,72,73,3478,1
2024-03-19,Virginia Tech,Richmond,5254280,74,58,3183,1
2024-03-19,Virginia,Colorado St.,5254071,42,67,12247,1
2024-03-19,Utah,UC Irvine,5254289,84,75,3137,1
2024-03-20,Montana St.,Grambling,5254072,81,88,12039,1
2024-03-20,Tarleton St.,Abilene Christian,5254385,86,59,1576,1
2024-03-20,Seton Hall,Saint Joseph's,5254272,75,72,1233,1
2024-03-20,Indiana St.,SMU,5254282,101,92,6421,1
2024-03-20,Bradley,Loyola Chicago,5254284,74,62,4691,1
2024-03-20,Bowling Green,Purdue Fort Wayne,5254299,75,77,1219,1
2024-03-20,Austin Peay,Alabama A&M,5254300,71,81,1386,1
2024-03-20,Princeton,UNLV,5254276,77,84,1708,1
2024-03-20,Wake Forest,App State,5254278,87,76,6733,1
2024-03-20,Cincinnati,San Francisco,5254285,73,72,3899,1
2024-03-20,Villanova,VCU,5254286,61,70,1763,1
2024-03-20,Boise St.,Colorado,5254073,53,60,12039,1
2024-03-21,Mississippi St.,Michigan St.,5254079,51,69,18223,1
2024-03-21,BYU,Duquesne,5254074,67,71,17239,1
2024-03-21,Creighton,Akron,5254089,77,60,17698,1
2024-03-21,Arizona,Long Beach St.,5254083,85,65,17102,1
2024-03-21,North Carolina,Wagner,5254078,90,62,18223,1
2024-03-21,Illinois,Morehead St.,5254075,85,69,17239,1
2024-03-21,South Carolina,Oregon,5254088,73,87,17698,1
2024-03-21,Dayton,Nevada,5254082,63,60,17102,1
2024-03-21,Texas,Colorado St.,5254080,56,44,18037,1
2024-03-21,Kentucky,Oakland,5254087,76,80,18586,1
2024-03-21,Gonzaga,McNeese,5254084,86,65,17404,1
2024-03-21,Iowa St.,South Dakota St.,5254077,82,65,17391,1
2024-03-21,Tennessee,Saint Peter's,5254081,83,49,18037,1
2024-03-21,Texas Tech,NC State,5254086,67,80,18586,1
2024-03-21,Kansas,Samford,5254085,93,89,17404,1
2024-03-21,Washington St.,Drake,5254076,66,61,17391,1
2024-03-22,Fla. Atlantic,Northwestern,5254095,65,77,17183,1
2024-03-22,Baylor,Colgate,5254099,92,67,12754,1
2024-03-22,San Diego St.,UAB,5254102,69,65,11051,1
2024-03-22,Marquette,Western Ky.,5254091,87,69,16702,1
2024-03-22,UConn,Stetson,5254094,91,52,17183,1
2024-03-22,Clemson,New Mexico,5254098,77,56,12754,1
2024-03-22,Auburn,Yale,5254103,76,78,11051,1
2024-03-22,Florida,Colorado,5254090,100,102,16702,1
2024-03-22,Nebraska,Texas A&M,5254101,83,98,13797,1
2024-03-22,Duke,Vermont,5254097,64,47,17487,1
2024-03-22,Purdue,Grambling,5254092,78,50,16668,1
2024-03-22,Alabama,Col. of Charleston,5254105,109,96,11616,1
2024-03-22,Houston,Longwood,5254100,86,46,13797,1
2024-03-22,Wisconsin,James Madison,5254096,61,72,17487,1
2024-03-22,Utah St.,TCU,5254093,88,72,16668,1
2024-03-22,Saint Mary's (CA),Grand Canyon,5254104,66,75,11616,1
2024-03-23,Seton Hall,North Texas,5254639,72,58,1204,1
2024-03-23,Arizona,Dayton,5254112,78,68,17414,1
2024-03-23,Bethune-Cookman,Arkansas St.,5253543,85,86,795,1
2024-03-23,Cincinnati,Bradley,5254649,74,57,4732,1
2024-03-23,Kansas,Gonzaga,5254113,68,89,17414,1
2024-03-23,Chicago St.,UC San Diego,5253546,77,75,795,1
2024-03-23,Norfolk St.,Alabama A&M,5254390,81,66,1522,1
2024-03-23,Delaware St.,Seattle U,5253548,66,79,795,1
2024-03-23,North Carolina,Michigan St.,5254108,85,69,18382,1
2024-03-23,Iowa St.,Washington St.,5254107,67,56,17387,1
2024-03-23,Ohio St.,Virginia Tech,5254580,81,73,7541,1
2024-03-23,NC State,Oakland,5254110,79,73,18595,1
2024-03-23,Tennessee,Texas,5254109,62,58,18382,1
2024-03-23,Illinois,Duquesne,5254106,89,63,17387,1
2024-03-23,Creighton,Oregon,5254111,86,73,18595,1
2024-03-24,Cleveland St.,Northern Colo.,5253542,51,49,829,1
2024-03-24,Marquette,Colorado,5254114,81,77,16770,1
2024-03-24,Presbyterian,Montana,5253544,79,82,829,1
2024-03-24,Indiana St.,Minnesota,5254646,76,64,8239,1
2024-03-24,Purdue,Utah St.,5254115,106,67,16770,1
2024-03-24,Little Rock,Fairfield,5253547,75,82,829,1
2024-03-24,Wake Forest,Georgia,5254645,66,72,4772,1
2024-03-24,Duke,James Madison,5254117,93,55,17505,1
2024-03-24,Evansville,Quinnipiac,5253549,64,63,829,1
2024-03-24,Baylor,Clemson,5254120,64,72,13506,1
2024-03-24,Alabama,Grand Canyon,5254119,72,61,11514,1
2024-03-24,South Fla.,VCU,5254647,65,70,6398,1
2024-03-24,UConn,Northwestern,5254116,75,58,17505,1
2024-03-24,Houston,Texas A&M,5254121,100,95,13506,1
2024-03-24,Utah,Iowa,5254648,91,82,3804,1
2024-03-24,UNLV,Boston College,5254644,79,70,5543,1
2024-03-24,San Diego St.,Yale,5254118,85,57,11514,1
2024-03-25,Cleveland St.,High Point,5253536,74,93,724,1
2024-03-25,Montana,Arkansas St.,5253539,61,74,724,1
2024-03-25,Chicago St.,Fairfield,5253537,74,77,724,1
2024-03-25,Evansville,Seattle U,5253540,57,71,724,1
2024-03-25,Tarleton St.,Purdue Fort Wayne,5254695,72,73,1686,1
2024-03-26,Arkansas St.,High Point,5253533,80,81,601,1
2024-03-26,Ohio St.,Georgia,5255443,77,79,7641,1
2024-03-26,Fairfield,Seattle U,5253534,58,75,601,1
2024-03-26,Indiana St.,Cincinnati,5255444,85,81,8057,1
2024-03-27,Seattle U,High Point,5253529,77,67,671,1
2024-03-27,Norfolk St.,Purdue Fort Wayne,5255587,75,67,1576,1
2024-03-27,Seton Hall,UNLV,5255441,91,68,1316,1
2024-03-27,Utah,VCU,5255448,74,54,6008,1
2024-03-28,Arizona,Clemson,5254123,72,77,19625,1
2024-03-28,UConn,San Diego St.,5254124,82,52,19144,1
2024-03-28,North Carolina,Alabama,5254122,87,89,19625,1
2024-03-28,Iowa St.,Illinois,5254125,69,72,19144,1
2024-03-29,Marquette,NC State,5254127,58,67,18751,1
2024-03-29,Purdue,Gonzaga,5254128,80,68,18574,1
2024-03-29,Houston,Duke,5254126,51,54,18751,1
2024-03-29,Tennessee,Creighton,5254129,82,75,18574,1
2024-03-30,UConn,Illinois,5254131,77,52,19181,1
2024-03-30,Alabama,Clemson,5254130,89,82,19227,1
2024-03-31,Purdue,Tennessee,5254132,72,66,18577,1
2024-03-31,Duke,NC State,5254133,64,76,16969,1
2024-04-02,Indiana St.,Utah,5254271,100,90,9100,1
2024-04-02,Seton Hall,Georgia,5254270,84,67,9100,1
2024-04-04,Seton Hall,Indiana St.,5254269,79,77,9100,1
2024-04-06,Purdue,NC State,5254135,63,50,74720,1
2024-04-06,UConn,Alabama,5254134,86,72,74720,1
2024-04-08,UConn,Purdue,5254137,75,60,74423,1
2024-11-04,IU Indy,IU Columbus,5723596,100,44,3716,0
2024-11-04,Southern Ill.,Col. of Charleston,5731627,80,90,2100,1
2024-11-04,UT Arlington,UNT Dallas,5736787,90,55,1001,0
2024-11-04,Middle Tenn.,Oglethorpe,5734927,97,51,7501,0
2024-11-04,Jacksonville St.,LaGrange,5725865,112,48,2055,0
2024-11-04,Santa Clara,Saint Louis,5729874,85,78,2300,1
2024-11-04,Stanford,Denver,5723413,85,62,2286,0
2024-11-04,UMBC,Penn St.-York,5810587,95,66,1023,0
2024-11-04,Wofford,Erskine,5730457,112,58,1048,0
2024-11-04,Stonehill,Framingham St.,5730092,81,62,750,0
2024-11-04,Harvard,Marist,5725910,79,66,919,0
2024-11-04,Hofstra,Old Westbury,5722898,89,62,1543,0
2024-11-04,Liberty,Valparaiso,5728515,83,63,1200,1
2024-11-04,Temple,Sacred Heart,5729914,81,70,3485,0
2024-11-04,UMass Lowell,Rivier,5740730,115,59,564,0
2024-11-04,South Dakota St.,McNeese,5730885,80,73,2878,1
2024-11-04,VMI,Washington Col.,5735701,103,54,825,0
2024-11-04,Drexel,Georgian Court,5733118,95,43,1022,0
2024-11-04,Purdue,A&M-Corpus Christi,5735649,90,73,14876,0
2024-11-04,App State,Miami (OH),5723831,63,77,3193,0
2024-11-04,Delaware,Bucknell,5732712,73,85,1775,0
2024-11-04,St. John's (NY),Fordham,5732758,92,60,5602,0
2024-11-04,Niagara,Houghton,5737728,100,65,1157,0
2024-11-04,Winthrop,Piedmont,5738140,125,65,1246,0
2024-11-04,Butler,Missouri St.,5732970,72,65,7887,0
2024-11-04,Kansas City,Hannibal-La Grange,5723528,91,68,650,0
2024-11-04,Cincinnati,Ark.-Pine Bluff,5737993,109,54,10290,0
2024-11-04,Troy,Toledo,5736140,84,74,3369,0
2024-11-04,Prairie View,Biblical Stud. (TX),5740663,111,90,832,0
2024-11-04,ETSU,Newberry,5809645,72,51,2109,0
2024-11-04,Morgan St.,Frostburg St.,5810581,89,76,2648,0
2024-11-04,Stetson,New College (FL),5810321,94,75,474,0
2024-11-04,Louisville,Morehead St.,5722140,93,45,12490,0
2024-11-04,East Carolina,N.C. Wesleyan,5722009,97,70,4294,0
2024-11-04,Georgia St.,Ball St.,5723620,71,66,532,0
2024-11-04,Providence,Central Conn. St.,5728495,59,55,9806,0
2024-11-04,St. Bonaventure,CSUN,5730021,70,56,3859,0
2024-11-04,Tennessee,Gardner-Webb,5723144,80,64,17813,0
2024-11-04,Saint Joseph's,Navy,5728274,70,63,2305,0
2024-11-04,Dayton,Saint Francis,5729896,87,57,13407,0
2024-11-04,West Virginia,Robert Morris,5730270,87,59,9229,0
2024-11-04,South Carolina,North Florida,5722529,71,74,12388,0
2024-11-04,Siena,Brown,5722289,72,71,4483,0
2024-11-04,Ga. Southern,NIU,5728493,80,65,2520,0
2024-11-04,Princeton,Iona,5728233,81,80,1690,0
2024-11-04,Purdue Fort Wayne,Bluffton,5723808,99,47,887,0
2024-11-04,Coastal Carolina,Western Mich.,5729207,60,56,2192,0
2024-11-04,Furman,Columbia Int'l,5731013,104,46,1517,0
2024-11-04,Duke,Maine,5728322,96,62,9314,0
2024-11-04,UNC Greensboro,FGCU,5729567,73,64,2252,0
2024-11-04,Florida St.,Northern Ky.,5731063,74,62,4872,0
2024-11-04,Hampton,Mid-Atlantic Christ.,5729925,110,53,917,0
2024-11-04,Clemson,Charleston So.,5729597,91,64,7463,0
2024-11-04,Loyola Maryland,Columbia,5722757,78,81,1104,0
2024-11-04,Mount St. Mary's,Notre Dame (MD),5730571,98,62,1711,0
2024-11-04,Eastern Ky.,Alice Lloyd,5723331,98,69,702,0
2024-11-04,UCF,Texas A&M,5722729,64,61,8808,0
2024-11-04,Old Dominion,Buffalo,5733924,82,83,5455,0
2024-11-04,James Madison,Ohio,5733964,88,78,5973,0
2024-11-04,Oakland,Defiance,5737804,75,52,1306,0
2024-11-04,Jacksonville,Trinity Baptist,5735735,78,65,718,0
2024-11-04,Detroit Mercy,Cleary,5736704,91,52,977,0
2024-11-04,Maryland,Manhattan,5732438,79,49,13152,0
2024-11-04,Kentucky,Wright St.,5733165,103,62,19635,0
2024-11-04,Davidson,William Peace,5735469,88,47,2222,0
2024-11-04,La Salle,American,5735194,65,52,2385,0
2024-11-04,Syracuse,Le Moyne,5735811,86,82,19619,0
2024-11-04,Michigan St.,Monmouth,5732994,81,57,14797,0
2024-11-04,Dartmouth,VTSU Lyndon,5737276,129,47,741,0
2024-11-04,VCU,Bellarmine,5733401,84,65,7637,0
2024-11-04,NJIT,Penn,5733626,57,58,545,0
2024-11-04,UNCW,Mount Olive,5731581,143,91,4422,0
2024-11-04,Miami (FL),FDU,5735504,113,72,5550,0
2024-11-04,NC State,USC Upstate,5732381,97,66,15295,0
2024-11-04,William & Mary,Dickinson,5734413,84,36,2152,0
2024-11-04,Queens (NC),Lynchburg,5734360,90,39,340,0
2024-11-04,George Mason,N.C. Central,5735064,75,58,3207,0
2024-11-04,N.C. A&T,Cheyney,5733369,107,55,2911,0
2024-11-04,Massachusetts,New Hampshire,5736554,103,74,3147,0
2024-11-04,Pittsburgh,Radford,5732357,96,56,6579,0
2024-11-04,Marshall,Davis & Elkins,5740568,90,57,3993,0
2024-11-04,South Carolina St.,Morris,5740752,137,55,521,0
2024-11-04,Cornell,Marywood,5740718,93,52,555,0
2024-11-04,Milwaukee,Lakeland,5725864,118,62,1448,0
2024-11-04,Drake,York (NE),5810207,93,41,2514,0
2024-11-04,Mississippi St.,West Ga.,5729929,95,60,9125,0
2024-11-04,Louisiana Tech,LSU-Alexandria,5736301,77,50,2050,0
2024-11-04,Belmont,Maryville (TN),5731916,93,70,1716,0
2024-11-04,UAB,Vermont,5734390,62,67,3876,0
2024-11-04,Northwestern St.,Dallas Christian,5732425,96,55,1001,0
2024-11-04,Tulane,La. Christian,5738128,76,42,1175,0
2024-11-04,Samford,Mississippi Col.,5740785,100,58,1871,0
2024-11-04,Fla. Atlantic,Indiana St.,5732836,97,64,1200,1
2024-11-04,Western Caro.,Bob Jones,5729249,100,61,1806,0
2024-11-04,Boston U.,Northeastern,5728328,72,80,1800,0
2024-11-04,Xavier,Texas Southern,5733212,78,69,10212,0
2024-11-04,Seton Hall,Saint Peter's,5733190,57,53,8072,0
2024-11-04,Georgia,Tennessee Tech,5732121,83,78,6193,0
2024-11-04,Longwood,Randolph,5737435,79,68,2358,0
2024-11-04,Campbell,Pfeiffer,5734869,96,49,1637,0
2024-11-04,Penn St.,Binghamton,5731636,108,66,7687,0
2024-11-04,Northern Ariz.,Park (AZ),5737845,100,49,770,0
2024-11-04,Utah Valley,Western Colo.,5734122,92,57,2075,0
2024-11-04,Bryant,Dean,5738104,105,63,1054,0
2024-11-04,Yale,Quinnipiac,5735072,88,62,1104,0
2024-11-04,Charlotte,Presbyterian,5737560,88,79,3343,0
2024-11-04,Army West Point,UAlbany,5736130,67,59,850,0
2024-11-04,Duquesne,Lipscomb,5736263,72,77,2274,0
2024-11-04,George Washington,Mercyhurst,5722402,76,59,1851,0
2024-11-04,Rhode Island,Fairfield,5729920,96,58,4376,0
2024-11-04,Boston College,The Citadel,5725844,69,60,4529,0
2024-11-04,Villanova,Lafayette,5728794,75,63,6501,0
2024-11-04,Michigan,Cleveland St.,5731255,101,53,10334,0
2024-11-04,Virginia Tech,Delaware St.,5729934,83,60,4453,0
2024-11-04,Murray St.,Bethel (TN),5810588,113,37,4568,0
2024-11-04,Bradley,Southeast Mo. St.,5728408,88,60,5014,0
2024-11-04,Iowa St.,Mississippi Val.,5722708,83,44,13616,0
2024-11-04,Western Ky.,Wichita St.,5723189,84,91,4547,0
2024-11-04,Iowa,Tex. A&M-Commerce,5730954,89,67,7879,0
2024-11-04,TCU,Florida A&M,5729646,105,59,5127,0
2024-11-04,Arkansas St.,Akron,5729103,80,75,4610,0
2024-11-04,Illinois St.,UT Martin,5723630,65,67,3854,0
2024-11-04,DePaul,Southern Ind.,5728454,80,78,3051,0
2024-11-04,Wisconsin,Holy Cross,5728886,85,61,13451,0
2024-11-04,Vanderbilt,UMES,5722886,102,63,5011,0
2024-11-04,Southern Miss.,Bowling Green,5730772,77,68,3436,0
2024-11-04,Texas St.,Eastern Mich.,5723011,64,44,1292,0
2024-11-04,South Alabama,Central Mich.,5723963,70,74,1903,0
2024-11-04,UNI,Dubuque,5722612,96,54,3104,0
2024-11-04,Louisiana,Kent St.,5729025,66,70,1412,0
2024-11-04,Northwestern,Lehigh,5733847,90,46,5521,0
2024-11-04,Omaha,Mid-Amer. Christian,5736914,85,69,910,0
2024-11-04,UIC,St. Francis (IL),5737357,91,43,594,0
2024-11-04,Little Rock,Ark. Baptist,5734324,84,64,1179,0
2024-11-04,Houston Christian,Avila,5735410,86,59,809,0
2024-11-04,Illinois,Eastern Ill.,5734261,112,67,15246,0
2024-11-04,Houston,Jackson St.,5732350,97,40,7035,0
2024-11-04,Memphis,Missouri,5732436,83,75,11709,0
2024-11-04,North Dakota St.,Jamestown,5732492,96,59,1219,0
2024-11-04,Nebraska,UTRGV,5734328,87,67,14305,0
2024-11-04,Austin Peay,Union (TN),5738650,95,75,1644,0
2024-11-04,UTSA,Trinity (TX),5738266,103,77,975,0
2024-11-04,Grambling,Southern-N.O.,5740769,92,42,2701,0
2024-11-04,Lamar University,Paul Quinn,5740763,113,42,1436,0
2024-11-04,Tulsa,Northeastern St.,5740724,82,68,2874,0
2024-11-04,Kansas,Howard,5738001,87,57,15300,0
2024-11-04,Norfolk St.,Penn St.-Wilkes Barre,5809648,96,41,2317,0
2024-11-04,Wake Forest,Coppin St.,5722324,64,49,8956,0
2024-11-04,Loyola Chicago,Chicago St.,5732982,79,72,2626,0
2024-11-04,Southeastern La.,William Carey,5732735,91,53,1233,0
2024-11-04,Marquette,Stony Brook,5732368,102,62,14546,0
2024-11-04,SIUE,Westminster (MO),5733283,95,42,1233,0
2024-11-04,Tennessee St.,Fisk,5734835,96,66,0,0
2024-11-04,Florida,South Fla.,5731311,98,83,5764,1
2024-11-04,Ole Miss,LIU,5722778,90,60,7982,0
2024-11-04,ULM,Champion Chris.,5729698,111,61,1028,0
2024-11-04,SMU,Tarleton St.,5732420,96,62,5454,0
2024-11-04,Abilene Christian,Howard Payne,5733859,107,74,1832,0
2024-11-04,Southern Utah,Western N.M.,5732597,96,68,1486,0
2024-11-04,SFA,Dallas,5733987,85,51,1632,0
2024-11-04,Idaho,Northwest (WA),5731118,94,60,1584,0
2024-11-04,North Carolina,Elon,5722933,90,76,17242,0
2024-11-04,Utah,Alcorn,5729676,100,59,6785,0
2024-11-04,Grand Canyon,Cal St. Fullerton,5723459,89,79,7053,0
2024-11-04,New Mexico St.,N.M. Highlands,5737477,93,57,3771,0
2024-11-04,New Mexico,Nicholls,5737408,91,84,10609,0
2024-11-04,Montana,Hawaii Hilo,5736880,92,61,2142,0
2024-11-04,Colorado,Eastern Wash.,5732175,76,56,5679,0
2024-11-04,UTEP,Sul Ross St.,5732908,102,55,4055,0
2024-11-04,Weber St.,Northwest Indian,5740540,118,35,1368,0
2024-11-04,LMU (CA),LIFE Pacific,5731715,99,56,1288,0
2024-11-04,St. Thomas (MN),North Central (MN),5731542,96,71,1353,0
2024-11-04,South Dakota,Southern U.,5735530,93,79,2013,0
2024-11-04,Oklahoma St.,Green Bay,5723412,89,76,7251,0
2024-11-04,Alabama,UNC Asheville,5722381,110,54,13474,0
2024-11-04,Oklahoma,Lindenwood,5730277,93,60,4886,0
2024-11-04,Air Force,North Ala.,5728713,57,73,1212,0
2024-11-04,Colorado St.,North Dakota,5730943,82,56,4060,0
2024-11-04,Wyoming,Concordia-St. Paul,5810007,108,85,4281,0
2024-11-04,Texas,Ohio St.,5733100,72,80,6397,1
2024-11-04,Long Beach St.,La Verne,5725886,93,48,2037,0
2024-11-04,California Baptist,UIW,5730313,83,78,3294,0
2024-11-04,San Jose St.,Western Ill.,5730146,55,59,1876,0
2024-11-04,Saint Mary's (CA),Towson,5731910,76,69,3326,0
2024-11-04,Nevada,Sam Houston,5732795,91,75,8023,0
2024-11-04,Arizona,Canisius,5723199,93,64,13597,0
2024-11-04,Pacific,Jessup,5733159,92,65,3772,0
2024-11-04,Southern California,Chattanooga,5732207,77,51,3294,0
2024-11-04,UC Santa Barbara,San Fran. St.,5738659,96,47,3357,0
2024-11-04,Oregon St.,Utah Tech,5735309,80,57,2501,0
2024-11-04,Northern Colo.,Colorado Col.,5810378,75,55,1120,0
2024-11-04,UCLA,Rider,5722797,85,50,4489,0
2024-11-04,Oregon,UC Riverside,5730599,91,76,5494,0
2024-11-04,Washington St.,Portland St.,5730165,100,92,3120,0
2024-11-04,UC Irvine,Chapman,5729395,82,52,1862,0
2024-11-04,California,CSU Bakersfield,5728620,86,73,3472,0
2024-11-04,UNLV,Alabama St.,5740563,93,79,4608,0
2024-11-04,Gonzaga,Baylor,5729868,101,63,12000,0
2024-11-05,Kennesaw St.,Toccoa Falls,5729675,110,61,2405,0
2024-11-05,Colgate,SUNY Canton,5732531,95,62,673,0
2024-11-05,Rice,FIU,5734597,77,70,1111,0
2024-11-05,Kansas St.,New Orleans,5734124,89,65,9155,0
2024-11-05,Texas Tech,Bethune-Cookman,5729441,94,61,12034,0
2024-11-05,North Texas,Evansville,5740737,80,63,3451,0
2024-11-05,BYU,Central Ark.,5723811,88,50,16941,0
2024-11-05,Arizona St.,Idaho St.,5722701,55,48,6966,0
2024-11-05,San Francisco,Cal Poly,5736105,86,78,2073,0
2024-11-05,Sacramento St.,Cal Maritime,5723971,106,44,529,0
2024-11-05,Washington,UC Davis,5736892,79,73,5355,0
2024-11-06,Rutgers,Wagner,5729357,75,52,8000,0
2024-11-06,Morgan St.,Mercyhurst,5729770,73,78,2345,0
2024-11-06,Maine,Me.-Fort Kent,5730857,98,47,569,0
2024-11-06,New Hampshire,UMass Boston,5736560,99,69,438,0
2024-11-06,Norfolk St.,Virginia-Lynchburg,5809649,104,60,0,0
2024-11-06,Morehead St.,Boyce,5728343,89,48,1115,0
2024-11-06,High Point,Coppin St.,5722325,93,51,3017,0
2024-11-06,UConn,Sacred Heart,5732405,92,56,10299,0
2024-11-06,Virginia,Campbell,5728792,65,56,13414,0
2024-11-06,Notre Dame,Stonehill,5730093,89,60,5121,0
2024-11-06,Richmond,Mount Olive,5736799,101,68,4542,0
2024-11-06,Le Moyne,CSUN,5730020,75,97,497,0
2024-11-06,Villanova,Columbia,5722755,80,90,6501,0
2024-11-06,Cleveland St.,Baldwin Wallace,5732505,91,53,1179,0
2024-11-06,USC Upstate,Piedmont,5737794,103,70,629,0
2024-11-06,Presbyterian,Carolina Christian,5737850,120,45,354,0
2024-11-06,Texas Southern,TAMU-San Antonio,5740689,100,66,884,0
2024-11-06,Wright St.,Ohio Christian,5737609,89,60,2990,0
2024-11-06,Georgetown,Lehigh,5733854,85,77,2008,0
2024-11-06,Georgia Tech,West Ga.,5729282,85,62,3530,0
2024-11-06,App State,St. Andrews,5730580,108,54,1622,0
2024-11-06,South Dakota,East Texas A&M,5734605,91,83,1493,0
2024-11-06,Auburn,Vermont,5734394,94,43,9121,0
2024-11-06,Eastern Ill.,Earlham,5734262,97,61,1350,0
2024-11-06,Arkansas,Lipscomb,5734749,76,60,19200,0
2024-11-06,Minnesota,Oral Roberts,5722700,80,57,6975,0
2024-11-06,LSU,ULM,5729701,95,60,8043,0
2024-11-06,Indiana,SIUE,5728357,80,61,17222,0
2024-11-06,Ark.-Pine Bluff,Champion Chris.,5740648,99,57,642,0
2024-11-06,Creighton,UTRGV,5734333,99,86,15969,0
2024-11-06,Utah St.,Alcorn,5756587,101,46,8131,0
2024-11-06,Eastern Wash.,Seattle U,5732176,93,86,1492,0
2024-11-06,Pepperdine,Western Ill.,5729361,77,64,801,0
2024-11-06,Boise St.,Oakland,5730362,87,43,10626,0
2024-11-06,Portland,Lewis & Clark,5756727,83,70,1006,0
2024-11-06,San Diego St.,UC San Diego,5730911,63,58,12414,0
2024-11-06,San Diego,Rider,5722806,67,68,3,0
2024-11-07,North Ala.,Point U.,5738032,94,58,3000,0
2024-11-07,UT Martin,Ky. Christian,5732246,114,61,2762,0
2024-11-07,CSU Bakersfield,Bethesda (CA),5728624,122,53,3071,0
2024-11-07,Binghamton,SUNY Oneonta,5734377,82,63,1473,0
2024-11-07,Alabama A&M,Oakwood,5734611,121,78,4851,0
2024-11-07,Delaware,Robert Morris,5732687,81,77,1402,0
2024-11-07,NIU,Holy Cross (IN),5738166,105,37,921,0
2024-11-07,North Florida,Charleston So.,5722530,90,66,2019,0
2024-11-07,Central Mich.,Stony Brook,5732372,72,73,2002,0
2024-11-07,Western Mich.,Davenport,5729209,86,46,1370,0
2024-11-07,Indiana St.,Eureka,5732851,93,48,6381,0
2024-11-07,Mississippi Val.,MUW,5737380,66,49,562,0
2024-11-07,Lindenwood,UHSP,5730278,98,30,413,0
2024-11-07,Mercer,Virginia-Lynchburg,5732668,125,54,2053,0
2024-11-07,The Citadel,Erskine,5732978,86,56,1103,0
2024-11-07,FDU,Purchase,5735505,112,72,375,0
2024-11-07,Penn,UMES,5733635,85,84,932,0
2024-11-07,Quinnipiac,WPI,5735075,71,47,992,0
2024-11-07,Wake Forest,N.C. A&T,5733375,80,64,8829,0
2024-11-07,UAB,Southern Miss.,5730773,98,84,3791,0
2024-11-07,Southern Ind.,Bucknell,5728455,69,75,1961,0
2024-11-07,Wisconsin,Montana St.,5728888,79,67,13554,0
2024-11-07,UNI,Milwaukee,5722613,87,68,3247,0
2024-11-07,DePaul,Prairie View,5729946,92,59,2725,0
2024-11-07,Iowa,Southern U.,5730955,89,74,7393,0
2024-11-07,Louisiana,Texas-Dallas,5729026,82,65,1233,0
2024-11-07,Michigan St.,Niagara,5732991,96,60,14797,0
2024-11-07,Stetson,Omaha,5736740,76,79,561,0
2024-11-07,Florida,Jacksonville,5731312,81,60,8381,0
2024-11-07,Tennessee Tech,Bryan,5733840,89,74,639,0
2024-11-07,Loyola Chicago,Detroit Mercy,5732985,87,65,2240,0
2024-11-07,SMU,Florida A&M,5735272,102,73,5014,0
2024-11-07,McNeese,Biblical Stud. (TX),5740589,111,57,3036,0
2024-11-07,North Texas,Wayland Baptist,5834332,80,38,3235,0
2024-11-07,North Dakota St.,Illinois St.,5723641,68,77,1353,0
2024-11-07,Air Force,Jacksonville St.,5725866,73,67,453,0
2024-11-07,Saint Mary's (CA),Chattanooga,5733522,86,74,3188,0
2024-11-07,Portland St.,Evergreen St.,5730185,131,84,429,0
2024-11-07,California,Cal Poly,5729056,91,73,3203,0
2024-11-07,Southern California,Idaho St.,5722703,75,69,3731,0
2024-11-07,Utah,Central Ark.,5729678,98,63,6722,0
2024-11-07,Idaho,UC Davis,5731120,75,79,1736,0
2024-11-08,Eastern Mich.,Siena Heights,5731181,83,58,1450,0
2024-11-08,UIW,Southwestern (TX),5740673,97,53,550,0
2024-11-08,N.C. Central,Gardner-Webb,5729606,82,88,437,0
2024-11-08,Denver,Western Colo.,5730689,97,80,702,0
2024-11-08,Stanford,Cal St. Fullerton,5723414,80,53,1818,0
2024-11-08,Ball St.,Franklin,5723625,87,60,4018,0
2024-11-08,Monmouth,Temple,5810245,74,103,2247,1
2024-11-08,VCU,Boston College,5725848,80,55,3010,1
2024-11-08,Xavier,IU Indy,5723591,94,80,10224,0
2024-11-08,Penn St.,UMBC,5731638,103,54,7353,0
2024-11-08,UMass Lowell,Saint Peter's,5733193,81,74,601,0
2024-11-08,Towson,Penn St.-Wilkes Barre,5732041,89,34,1350,0
2024-11-08,Duke,Army West Point,5732933,100,58,9314,0
2024-11-08,Cornell,Samford,5740719,88,86,964,0
2024-11-08,Butler,Austin Peay,5737547,66,68,7193,0
2024-11-08,Kansas,North Carolina,5810067,92,89,15300,0
2024-11-08,Green Bay,St. Thomas (MN),5723431,76,90,2060,0
2024-11-08,Ole Miss,Grambling,5722783,66,64,7314,0
2024-11-08,Saint Joseph's,Central Conn. St.,5728499,67,73,2124,0
2024-11-08,Clemson,Saint Francis,5729598,88,62,7571,0
2024-11-08,Queens (NC),Western Caro.,5729250,67,54,632,0
2024-11-08,George Washington,Hampton,5722403,82,54,2118,0
2024-11-08,South Carolina,South Carolina St.,5728514,86,64,12205,0
2024-11-08,Cincinnati,Morehead St.,5728313,83,56,10604,0
2024-11-08,Bowling Green,Davidson,5730836,85,91,1960,0
2024-11-08,West Virginia,Massachusetts,5730271,75,69,10017,0
2024-11-08,UNCW,Ga. Southern,5728497,92,84,4949,0
2024-11-08,Hofstra,Iona,5722904,90,76,3347,0
2024-11-08,UCF,Purdue Fort Wayne,5722741,75,68,7768,0
2024-11-08,Kent St.,Miami-Hamilton,5729549,98,53,2056,0
2024-11-08,Virginia Tech,USC Upstate,5729935,93,74,6327,0
2024-11-08,ETSU,Eastern Ky.,5723068,78,82,2435,0
2024-11-08,Rhode Island,Holy Cross,5732362,91,77,3530,0
2024-11-08,Pittsburgh,Murray St.,5735192,83,68,7537,0
2024-11-08,Bryant,Siena,5732038,88,90,703,0
2024-11-08,Radford,William & Mary,5732361,89,77,1211,0
2024-11-08,Purdue,Northern Ky.,5734631,72,50,14876,0
2024-11-08,Akron,Ohio Wesleyan,5735389,88,57,2154,0
2024-11-08,Col. of Charleston,South Fla.,5731628,86,71,4995,0
2024-11-08,NC State,Presbyterian,5732388,81,72,12949,0
2024-11-08,Fla. Atlantic,Coastal Ga.,5738216,99,49,3161,0
2024-11-08,Mississippi St.,Georgia St.,5729930,101,66,8726,0
2024-11-08,Nicholls,South Alabama,5723965,64,70,644,0
2024-11-08,Belmont,Furman,5731014,74,76,2194,0
2024-11-08,Tulane,ULM,5729702,80,64,1447,0
2024-11-08,Northern Ariz.,Nelson,5738238,115,67,504,0
2024-11-08,Arizona St.,Santa Clara,5729876,81,74,0,1
2024-11-08,Buffalo,Fredonia,5733929,87,78,1460,0
2024-11-08,Maryland,Mount St. Mary's,5730572,86,52,11726,0
2024-11-08,Illinois,SIUE,5738196,90,58,15544,0
2024-11-08,Southern Ill.,Missouri S&T,5740772,86,64,4930,0
2024-11-08,Valparaiso,Concordia (MI),5734745,111,46,1549,0
2024-11-08,A&M-Corpus Christi,Dallas Christian,5735651,87,36,1322,0
2024-11-08,Texas,Houston Christian,5733409,90,59,10993,0
2024-11-08,UIC,Yale,5737359,91,79,3102,0
2024-11-08,Missouri,Howard,5734076,77,62,11044,0
2024-11-08,Texas A&M,East Texas A&M,5734606,87,55,8673,0
2024-11-08,Texas St.,McMurry,5723022,102,62,1387,0
2024-11-08,TCU,FGCU,5729568,67,51,5026,0
2024-11-08,Oral Roberts,Ozark Christian,5722705,105,49,5011,0
2024-11-08,Alabama,Arkansas St.,5722382,88,79,13474,0
2024-11-08,Kansas City,Kansas Christian,5723533,124,36,791,0
2024-11-08,Duquesne,Princeton,5730469,68,75,2247,1
2024-11-08,Navy,Harvard,5725912,85,80,3010,1
2024-11-08,Villanova,NJIT,5728795,91,54,6501,0
2024-11-08,Colorado,Northern Colo.,5735758,90,88,6152,0
2024-11-08,BYU,UC Riverside,5723813,86,80,17381,0
2024-11-08,Texas Tech,Northwestern St.,5732451,86,65,13610,0
2024-11-08,Marquette,George Mason,5732784,82,63,3750,0
2024-11-08,South Dakota St.,Long Beach St.,5725889,80,79,3646,0
2024-11-08,Pacific,San Jose St.,5733167,80,67,4222,1
2024-11-08,Colorado St.,Tennessee St.,5737147,87,79,4866,0
2024-11-08,Oregon,Montana,5730604,79,48,6577,0
2024-11-08,San Diego,Boston U.,5729482,74,60,731,0
2024-11-08,Oregon St.,Weber St.,5735311,76,48,3041,0
2024-11-08,Fresno St.,Sacramento St.,5723976,64,57,5657,0
2024-11-08,LMU (CA),UC Irvine,5729396,51,66,1144,0
2024-11-08,Washington St.,Bradley,5728410,91,74,3982,0
2024-11-08,UCLA,New Mexico,5738153,64,72,1497,1
2024-11-08,Hawaii,LIFE Pacific,5730377,96,61,4222,1
2024-11-09,LIU,Pratt,5833814,102,42,242,0
2024-11-09,Louisville,Tennessee,5722430,55,77,16976,0
2024-11-09,Winthrop,Little Rock,5733178,82,67,2078,0
2024-11-09,Seton Hall,Fordham,5732756,56,57,1286,0
2024-11-09,Wagner,Manor,5729614,94,52,529,0
2024-11-09,Miami (OH),Wright St.,5729293,68,81,2078,0
2024-11-09,Dartmouth,Sacred Heart,5736304,81,76,802,0
2024-11-09,Evansville,Brescia,5740776,96,49,4112,0
2024-11-09,Columbia,Delaware St.,5723830,83,62,782,0
2024-11-09,High Point,Jackson St.,5735345,80,71,3006,0
2024-11-09,Coppin St.,Rider,5722327,53,64,492,0
2024-11-09,Drexel,Colgate,5732539,73,56,1507,0
2024-11-09,Marshall,Toledo,5736141,80,90,3759,0
2024-11-09,St. John's (NY),Quinnipiac,5735078,96,73,5602,0
2024-11-09,Bellarmine,VMI,5735127,71,76,1174,0
2024-11-09,Mercyhurst,Houghton,5729773,88,62,702,0
2024-11-09,Longwood,Morgan St.,5732011,84,66,3246,0
2024-11-09,Tulsa,Ark.-Pine Bluff,5740649,103,80,2753,0
2024-11-09,Minnesota,Omaha,5728666,68,64,8019,0
2024-11-09,La Salle,Lafayette,5733665,81,60,3001,0
2024-11-09,Nicholls,MUW,5756616,93,44,234,0
2024-11-09,Kansas St.,Cleveland St.,5732519,77,64,9928,0
2024-11-09,Utah St.,Charlotte,5737562,103,74,7859,0
2024-11-09,Utah Valley,UTEP,5732913,89,60,1653,0
2024-11-09,Arizona,Old Dominion,5729007,102,44,13982,0
2024-11-09,Kentucky,Bucknell,5732801,100,72,20048,0
2024-11-09,UMES,Penn St.-Schuylkill,5740707,96,77,1000,0
2024-11-09,Georgetown,Fairfield,5733239,69,57,5208,0
2024-11-09,Canisius,St. Bonaventure,5723211,78,87,1904,0
2024-11-09,East Carolina,Coastal Carolina,5722010,63,59,4331,0
2024-11-09,Xavier (LA),Alcorn,5833815,62,56,2264,0
2024-11-09,Lipscomb,Wofford,5730483,78,69,2315,0
2024-11-09,New Orleans,Troy,5736149,61,78,1028,0
2024-11-09,Norfolk St.,James Madison,5733961,83,69,3170,0
2024-11-09,Providence,Stonehill,5730103,76,49,11027,0
2024-11-09,UNLV,Memphis,5732443,74,80,6510,0
2024-11-09,Richmond,Marist,5729372,72,79,5038,0
2024-11-09,UT Arlington,Louisiana Tech,5736267,77,92,3195,0
2024-11-09,Portland,UC Santa Barbara,5738660,53,94,1304,0
2024-11-09,Abilene Christian,Middle Tenn.,5733861,56,79,1434,0
2024-11-09,Wichita St.,Montana St.,5723195,89,69,6179,0
2024-11-09,Rice,Florida St.,5731062,65,73,6901,1
2024-11-09,UAlbany,SUNY Oneonta,5729270,89,69,2020,0
2024-11-09,Le Moyne,SUNY Poly,5736994,107,73,507,0
2024-11-09,Ohio,UNC Asheville,5735509,82,76,5438,0
2024-11-09,Merrimack,Vermont,5734405,65,51,1747,0
2024-11-09,Loyola Maryland,Lancaster Bible,5722764,83,42,721,0
2024-11-09,Dayton,Northwestern,5729898,71,66,13407,0
2024-11-09,Baylor,Arkansas,5734627,72,67,10207,1
2024-11-09,Tarleton St.,Sam Houston,5732427,62,91,1487,0
2024-11-09,Chicago St.,Youngstown St.,5731879,60,80,630,0
2024-11-09,Nebraska,Bethune-Cookman,5729442,63,58,15138,0
2024-11-09,Grand Canyon,Western Ky.,5723460,74,72,7332,0
2024-11-09,Seattle U,Liberty,5728519,64,66,999,0
2024-11-09,California Baptist,Kennesaw St.,5729680,88,84,2557,0
2024-11-09,UConn,New Hampshire,5732410,92,53,15684,0
2024-11-09,Elon,Bluefield Univ.,5724034,103,66,1125,0
2024-11-09,Southern Utah,FIU,5732602,80,75,2856,0
2024-11-09,Utah Tech,New Mexico St.,5722727,63,75,1392,0
2024-11-09,Houston,Auburn,5732342,69,74,6901,1
2024-11-09,UC San Diego,Pepperdine,5731367,94,76,3688,0
2024-11-09,Nevada,Washington,5737025,63,53,8806,0
2024-11-09,San Francisco,Boise St.,5730363,84,73,2963,0
2024-11-10,Indiana,Eastern Ill.,5728362,90,55,17222,0
2024-11-10,Wisconsin,App State,5728889,87,56,13913,0
2024-11-10,Vanderbilt,Southeast Mo. St.,5722830,85,76,5700,0
2024-11-10,Detroit Mercy,Niagara,5736698,84,78,807,0
2024-11-10,Wake Forest,Michigan,5731256,72,70,8905,1
2024-11-10,Georgia Tech,North Florida,5722531,93,105,3553,0
2024-11-10,Loyola Chicago,Eureka,5732986,105,53,2279,0
2024-11-10,Drake,SFA,5733993,66,51,2627,0
2024-11-10,UNI,UC Irvine,5722614,60,80,3513,0
2024-11-10,Robert Morris,Chatham,5732698,79,51,806,0
2024-11-10,Miami (FL),Binghamton,5734386,88,64,5701,0
2024-11-10,Campbell,Saint Francis,5734870,64,65,1069,0
2024-11-10,Northeastern,Princeton,5728329,76,79,1732,0
2024-11-10,Brown,Maine,5722290,67,69,751,0
2024-11-10,American,Harvard,5725913,67,55,3319,0
2024-11-10,Oklahoma St.,St. Thomas (MN),5731304,80,71,5447,0
2024-11-10,South Dakota,Mt. Marty,5735566,77,47,1607,0
2024-11-10,UAB,Southeastern La.,5732739,82,72,3291,0
2024-11-10,Georgia,Texas Southern,5732123,92,64,5405,0
2024-11-10,Wyoming,Tennessee St.,5740558,81,66,3399,0
2024-11-10,Saint Louis,Avila,5735990,95,44,4925,0
2024-11-10,Gonzaga,Arizona St.,5729838,88,80,6000,0
2024-11-10,LSU,Alabama St.,5740564,74,61,7247,0
2024-11-10,Creighton,FDU,5735418,96,70,16471,0
2024-11-10,UTRGV,Champion Chris.,5734338,110,60,1033,0
2024-11-10,LIFE Pacific,Pacific,5733171,41,94,4580,1
2024-11-10,Cal Poly,Menlo,5736106,99,66,1179,0
2024-11-10,Montana,Northwest Indian,5736879,94,44,2117,0
2024-11-10,Hawaii,San Jose St.,5730378,80,69,4580,1
2024-11-11,Howard,Dillard,5738005,91,73,1060,0
2024-11-11,Air Force,LIU,5725992,54,63,409,0
2024-11-11,The Citadel,Stetson,5723212,74,52,1051,0
2024-11-11,Ohio St.,Youngstown St.,5731880,81,47,10797,0
2024-11-11,UMBC,Valley Forge,5810589,120,61,1014,0
2024-11-11,North Ala.,UT Martin,5732247,87,69,2212,0
2024-11-11,Alabama,McNeese,5722383,72,64,13474,0
2024-11-11,Furman,Jacksonville,5731015,78,69,2007,0
2024-11-11,South Carolina St.,Voorhees,5740753,94,48,654,0
2024-11-11,Maryland,Florida A&M,5732446,84,53,10057,0
2024-11-11,Notre Dame,Buffalo,5733109,86,77,4132,0
2024-11-11,Charleston So.,Morris,5737719,108,50,754,0
2024-11-11,George Mason,Stony Brook,5732375,94,56,2916,0
2024-11-11,Florida,Grambling,5731313,86,62,7857,0
2024-11-11,Rutgers,Saint Peter's,5731380,75,65,8000,0
2024-11-11,Ga. Southern,Augusta,5728500,79,69,2358,0
2024-11-11,Marshall,Southern Ind.,5728456,77,63,3615,0
2024-11-11,Pittsburgh,Gardner-Webb,5729607,83,64,6229,0
2024-11-11,Bowling Green,Taylor (IN),5730873,107,43,867,0
2024-11-11,Butler,Western Mich.,5729211,85,65,6855,0
2024-11-11,Central Conn. St.,VTSU-Johnson,5728501,117,68,1762,0
2024-11-11,Virginia Tech,Winthrop,5729936,58,52,4157,0
2024-11-11,Virginia,Coppin St.,5722326,62,45,13294,0
2024-11-11,Missouri,Eastern Wash.,5732177,84,77,8912,0
2024-11-11,Tulane,Alcorn,5730554,84,51,1202,0
2024-11-11,Oklahoma,Northwestern St.,5732466,73,57,4742,0
2024-11-11,Missouri St.,Mo. Southern St.,5733059,90,61,2189,0
2024-11-11,Iowa St.,Kansas City,5722710,82,56,13464,0
2024-11-11,Alabama A&M,Ark. Baptist,5833845,103,57,1352,0
2024-11-11,Texas A&M,Lamar University,5737381,97,71,7195,0
2024-11-11,Austin Peay,Chattanooga,5733532,67,61,2655,0
2024-11-11,Purdue,Yale,5734633,92,84,14876,0
2024-11-11,SMU,UNC Greensboro,5735276,81,68,4930,0
2024-11-11,Marquette,Central Mich.,5732791,70,62,14757,0
2024-11-11,DePaul,Mercer,5729948,95,64,2913,0
2024-11-11,Idaho St.,Southern Ore.,5737065,87,63,1179,0
2024-11-11,Montana St.,Northwest Indian,5732700,93,35,2520,0
2024-11-11,Washington St.,Idaho,5731122,90,67,3838,0
2024-11-11,CSU Bakersfield,North Dakota St.,5728628,86,81,720,0
2024-11-11,San Jose St.,LIFE Pacific,5737483,93,56,4313,1
2024-11-11,UCLA,Boston U.,5729483,71,40,5108,0
2024-11-11,Hawaii,Pacific,5730379,76,66,4313,1
2024-11-12,Army West Point,Mt. St. Mary (NY),5736132,101,48,1789,0
2024-11-12,Saint Joseph's,Villanova,5728796,83,76,3326,0
2024-11-12,Morgan St.,Dist. Columbia,5810582,90,64,1278,0
2024-11-12,North Dakota,Dickinson St.,5730952,85,54,1200,1
2024-11-12,Kansas,Michigan St.,5732980,77,69,16107,1
2024-11-12,IU Indy,Goshen,5723599,97,55,765,0
2024-11-12,Providence,Hampton,5724058,60,51,7821,0
2024-11-12,La Salle,Cornell,5833941,93,77,1634,0
2024-11-12,East Carolina,Mount Olive,5722011,110,73,4183,0
2024-11-12,Purdue Fort Wayne,Bethune-Cookman,5723810,91,69,1956,0
2024-11-12,Columbia,Lehigh,5723842,76,75,702,0
2024-11-12,NJIT,Loyola Maryland,5722769,50,68,555,0
2024-11-12,Lafayette,Penn,5733586,65,63,1575,0
2024-11-12,South Carolina,Towson,5728521,80,54,11577,0
2024-11-12,George Washington,N.C. A&T,5722405,85,80,1598,0
2024-11-12,Georgia,North Florida,5722532,90,77,5757,0
2024-11-12,Miami (OH),UMES,5729294,88,70,1611,0
2024-11-12,Radford,Old Dominion,5732373,87,75,1731,0
2024-11-12,Temple,Drexel,5729916,69,61,4547,0
2024-11-12,Liberty,CarolinaU,5728647,81,45,3546,0
2024-11-12,High Point,N.C. Central,5735068,76,60,2896,0
2024-11-12,UCF,Fla. Atlantic,5722746,100,94,8302,0
2024-11-12,Clemson,Eastern Ky.,5723086,75,62,7258,0
2024-11-12,Fordham,Binghamton,5734388,78,63,1349,0
2024-11-12,Navy,Rider,5722817,79,90,475,0
2024-11-12,Florida St.,Tarleton St.,5731064,72,52,3068,0
2024-11-12,Iona,Delaware,5728232,58,64,2028,0
2024-11-12,Indiana St.,SIUE,5732863,72,77,4264,0
2024-11-12,VMI,Christendom,5735703,102,56,575,0
2024-11-12,Siena,American,5732039,74,66,4451,0
2024-11-12,James Madison,Mary Baldwin,5733966,100,52,4516,0
2024-11-12,New Hampshire,Fairfield,5736568,56,62,204,0
2024-11-12,South Fla.,Ark.-Pine Bluff,5735407,85,69,4404,0
2024-11-12,Manhattan,Mercy,5756623,88,71,582,0
2024-11-12,NIU,Monmouth,5733825,79,66,1033,0
2024-11-12,Tennessee Tech,West Ga.,5733845,76,73,716,0
2024-11-12,Northwestern,UIC,5737362,83,74,5492,0
2024-11-12,Rhode Island,Franklin Pierce,5740541,105,73,3334,0
2024-11-12,Delaware St.,Gwynedd Mercy,5735926,70,54,0,0
2024-11-12,Penn St.,Saint Francis,5731642,92,62,6626,0
2024-11-12,William & Mary,Norfolk St.,5734430,84,73,2210,0
2024-11-12,Syracuse,Colgate,5732544,74,72,19267,0
2024-11-12,Samford,Rhodes,5740786,108,52,1209,0
2024-11-12,SFA,LeTourneau,5733997,87,68,1480,0
2024-11-12,Mississippi St.,Southeastern La.,5729931,80,59,8744,0
2024-11-12,Georgia Tech,Texas Southern,5729283,81,62,3384,0
2024-11-12,Baylor,Sam Houston,5732816,104,67,7500,0
2024-11-12,Lipscomb,Belmont,5731917,79,80,4023,0
2024-11-12,Bradley,UTSA,5728412,85,72,4557,0
2024-11-12,Illinois St.,Ohio,5723644,85,75,3923,0
2024-11-12,Ole Miss,South Alabama,5722792,64,54,4033,0
2024-11-12,Arkansas St.,Little Rock,5729104,80,63,5187,0
2024-11-12,Valparaiso,Cleveland St.,5732529,67,75,1354,0
2024-11-12,Southern Miss.,Loyola (LA),5736611,104,65,3187,0
2024-11-12,Rice,ULM,5729705,66,50,1096,0
2024-11-12,TCU,Texas St.,5723028,76,71,4815,0
2024-11-12,Abilene Christian,McMurry,5733863,101,55,1026,0
2024-11-12,Texas,Chicago St.,5733414,105,58,10662,0
2024-11-12,Northern Colo.,Colo. Christian,5810379,113,56,995,0
2024-11-12,UIW,Prairie View,5740664,84,81,236,0
2024-11-12,Western Ky.,Campbellsville,5740741,104,76,2312,0
2024-11-12,Xavier,Jackson St.,5733220,94,57,10107,0
2024-11-12,Southern Utah,Bethesda (CA),5732609,107,54,965,0
2024-11-12,UC Davis,Menlo,5736894,80,70,1027,0
2024-11-12,Colorado St.,Denver,5730690,74,65,4000,0
2024-11-12,Utah,Queens (NC),5729679,96,65,6757,0
2024-11-12,Boise St.,Corban,5730364,100,65,10508,0
2024-11-12,New Mexico,A&M-Corpus Christi,5735652,100,81,11160,0
2024-11-12,UTEP,Tex. Permian Basin,5732997,78,58,3989,0
2024-11-12,Iowa,South Dakota,5730956,96,77,7628,0
2024-11-12,Kentucky,Duke,5732967,77,72,16107,1
2024-11-12,UC San Diego,Sacramento St.,5723977,64,54,1031,0
2024-11-12,San Diego,Portland St.,5730176,76,85,507,0
2024-11-12,San Diego St.,Occidental,5730912,100,49,12366,0
2024-11-12,California Baptist,UC Riverside,5730316,69,70,3607,0
2024-11-12,Saint Mary's (CA),Akron,5735402,87,68,3316,0
2024-11-12,Stanford,Northern Ariz.,5723416,90,64,2055,0
2024-11-12,Oregon,Portland,5730608,80,70,5260,0
2024-11-12,Oregon St.,Western Ore.,5735313,94,58,2610,0
2024-11-13,Dartmouth,UAlbany,5737228,73,87,721,0
2024-11-13,Massachusetts,Louisiana Tech,5736287,66,76,0,1
2024-11-13,Bellarmine,Southern Ind.,5728459,69,71,1527,0
2024-11-13,St. John's (NY),Wagner,5735476,66,45,4751,0
2024-11-13,Campbell,Newberry,5734872,83,40,1107,0
2024-11-13,Wake Forest,USC Upstate,5737796,85,80,8482,0
2024-11-13,VCU,Merrimack,5734051,63,42,7183,0
2024-11-13,UConn,Le Moyne,5732418,90,49,15684,0
2024-11-13,NC State,Coastal Carolina,5731829,82,70,12425,0
2024-11-13,Western Caro.,Truett-McConnell,5737709,99,64,1448,0
2024-11-13,Mercyhurst,Canisius,5723230,62,52,987,0
2024-11-13,Howard,Tennessee St.,5734792,88,84,0,1
2024-11-13,Mercer,Trinity Baptist,5811116,101,43,1219,0
2024-11-13,Yale,Emerson,5756622,100,46,812,0
2024-11-13,ETSU,Tusculum,5809646,82,54,2078,0
2024-11-13,Kennesaw St.,Bryan,5730477,94,59,1505,0
2024-11-13,FGCU,St. Bonaventure,5729563,65,74,3554,0
2024-11-13,Longwood,Milwaukee,5726050,76,62,1326,0
2024-11-13,George Mason,Central Mich.,5732755,69,70,2248,0
2024-11-13,Dayton,Ball St.,5729899,77,69,13407,0
2024-11-13,Toledo,Wright St.,5736142,86,77,4037,0
2024-11-13,Presbyterian,Wofford,5730485,71,68,552,0
2024-11-13,Charlotte,Richmond,5736802,65,48,3097,0
2024-11-13,Northeastern,Harvard,5725914,78,56,1477,0
2024-11-13,Bucknell,Mount St. Mary's,5730573,89,93,1381,0
2024-11-13,Tennessee,Montana,5723153,92,57,16916,0
2024-11-13,Jacksonville St.,Georgia St.,5725869,72,67,2654,0
2024-11-13,Central Ark.,Randall,5810921,108,49,1585,0
2024-11-13,East Texas A&M,Southern U.,5734607,70,68,624,0
2024-11-13,Middle Tenn.,Evansville,5734928,80,63,3509,0
2024-11-13,Southeast Mo. St.,Crowley's Ridge,5733999,93,38,745,0
2024-11-13,Nebraska,FDU,5735506,86,60,14473,0
2024-11-13,Alabama A&M,Fisk,5734876,103,69,1157,0
2024-11-13,Arkansas,Troy,5734788,65,49,19200,0
2024-11-13,Texas Tech,Wyoming,5736404,96,49,11456,0
2024-11-13,Houston,Louisiana,5729027,91,45,7035,0
2024-11-13,Vanderbilt,California,5722911,85,69,5945,0
2024-11-13,Minnesota,North Texas,5728669,51,54,7743,0
2024-11-13,Auburn,Kent St.,5729550,79,56,9121,0
2024-11-13,Tulsa,Oral Roberts,5722706,85,76,3906,0
2024-11-13,Western Ill.,Green Bay,5723436,73,87,835,0
2024-11-13,Hofstra,Seton Hall,5722914,49,48,1400,1
2024-11-13,Illinois,Oakland,5737807,66,54,15299,0
2024-11-13,Utah St.,Westminster (UT),5756588,117,53,8063,0
2024-11-13,Utah Tech,Bethesda (CA),5728850,90,59,1126,0
2024-11-13,Colorado,Cal St. Fullerton,5732141,83,53,5358,0
2024-11-13,Creighton,Houston Christian,5735224,78,43,16348,0
2024-11-13,BYU,Queens (NC),5723815,99,55,16789,0
2024-11-13,UC Santa Barbara,Fresno St.,5738631,91,86,2872,0
2024-11-13,Washington,Seattle Pacific,5811194,77,62,4760,0
2024-11-13,San Francisco,Long Beach St.,5725891,84,54,1928,0
2024-11-13,CSUN,Nobel,5730022,98,50,955,0
2024-11-13,Nevada,Weber St.,5738142,88,58,7312,0
2024-11-13,Santa Clara,North Dakota St.,5729907,80,88,1628,0
2024-11-13,Southern California,UT Arlington,5732209,98,95,2519,0
2024-11-14,North Dakota,Utah Valley,5730945,77,71,2131,0
2024-11-14,New Orleans,Lindenwood,5730279,82,74,1297,1
2024-11-14,IU Indy,Eastern Mich.,5723582,71,74,752,0
2024-11-14,UMBC,Coppin St.,5722328,92,67,1284,0
2024-11-14,Jacksonville,South Carolina St.,5735736,71,62,1500,0
2024-11-14,Buffalo,Bryant,5733931,64,87,1159,0
2024-11-14,Northern Ky.,Nicholls,5737866,59,61,2345,0
2024-11-14,Robert Morris,Stonehill,5730105,63,51,1297,1
2024-11-14,The Citadel,North Greenville,5756628,79,54,1107,0
2024-11-14,FIU,Fla. National,5809863,110,55,947,0
2024-11-14,South Dakota,Dakota Wesleyan,5735543,92,69,1610,0
2024-11-14,ULM,Ecclesia,5729708,110,48,517,0
2024-11-14,Wichita St.,UNI,5722615,79,73,5927,0
2024-11-14,Missouri,Mississippi Val.,5734085,111,39,8889,0
2024-11-14,Oklahoma St.,Southern Ill.,5731305,85,78,5804,0
2024-11-14,Chattanooga,Morehead St.,5728315,76,62,2867,0
2024-11-14,Tarleton St.,Tabor,5732453,88,57,1176,0
2024-11-14,Denver,Colo. Christian,5730691,86,63,542,0
2024-11-14,Kansas St.,LSU,5734125,65,76,9507,0
2024-11-14,Arizona St.,Grand Canyon,5723464,87,76,13705,1
2024-11-14,South Dakota St.,Northern Colo.,5730950,69,78,4887,1
2024-11-14,New Mexico St.,A&M-Corpus Christi,5735653,83,82,4114,0
2024-11-14,Pacific,Northern Ariz.,5733162,57,60,1045,0
2024-11-14,Cal Poly,Seattle U,5735139,75,71,1623,0
2024-11-14,UNLV,Omaha,5732632,80,69,4817,0
2024-11-14,UC Riverside,La Sierra,5738008,79,51,603,0
2024-11-15,Charleston So.,UTRGV,5734353,76,86,275,1
2024-11-15,VMI,Tennessee Tech,5733853,71,72,508,1
2024-11-15,Stonehill,New Orleans,5730108,80,54,1014,1
2024-11-15,Sacred Heart,Holy Cross,5732369,75,82,259,1
2024-11-15,Villanova,Virginia,5728793,60,70,4868,1
2024-11-15,Winthrop,William & Mary,5734443,86,85,1324,1
2024-11-15,Western Mich.,SIUE,5729217,60,79,1258,1
2024-11-15,Florida St.,Florida,5731138,74,87,9797,0
2024-11-15,Michigan,TCU,5731257,76,64,12707,0
2024-11-15,Rutgers,Monmouth,5731381,98,81,8000,0
2024-11-15,Quinnipiac,Maine,5730858,58,55,1912,0
2024-11-15,Gardner-Webb,Elon,5724036,80,79,350,0
2024-11-15,Boston College,Temple,5725849,72,69,4863,0
2024-11-15,Iona,Vermont,5728234,62,59,2200,0
2024-11-15,Purdue,Alabama,5722384,87,78,14876,0
2024-11-15,Marist,Army West Point,5729368,91,88,2249,0
2024-11-15,Princeton,Loyola Chicago,5730470,68,73,2472,0
2024-11-15,Col. of Charleston,Fla. Atlantic,5731629,119,116,4963,1
2024-11-15,Brown,New Hampshire,5722291,76,58,631,1
2024-11-15,Robert Morris,Lindenwood,5730280,67,53,1014,1
2024-11-15,USC Upstate,UNCW,5731582,85,89,596,0
2024-11-15,Air Force,Belmont,5728718,71,79,2001,0
2024-11-15,High Point,UAB,5737900,68,65,5028,0
2024-11-15,Cincinnati,Nicholls,5737994,86,49,10485,0
2024-11-15,Furman,Tulane,5730555,75,67,2867,0
2024-11-15,South Fla.,West Ga.,5735408,74,55,4411,0
2024-11-15,Old Dominion,UMES,5737202,73,71,5300,0
2024-11-15,Fairfield,John Jay,5737539,93,44,2187,0
2024-11-15,Manhattan,Fordham,5732763,78,76,1504,0
2024-11-15,Butler,SMU,5735280,81,70,7798,0
2024-11-15,Penn St.,Virginia Tech,5729939,86,64,4868,1
2024-11-15,Ga. Southern,N.C. Central,5728503,80,75,1324,1
2024-11-15,Northwestern,Eastern Ill.,5734263,67,58,5969,0
2024-11-15,Memphis,Ohio,5732393,94,70,11270,0
2024-11-15,St. Thomas (MN),St. Norbert,5731544,102,54,1004,0
2024-11-15,North Carolina,American,5722945,107,55,19555,0
2024-11-15,UT Arlington,Texas Col.,5736811,95,69,1169,0
2024-11-15,Penn,Saint Joseph's,5733645,69,86,3056,0
2024-11-15,Maryland,Marquette,5732457,74,78,16124,0
2024-11-15,Georgia Tech,Georgia,5729284,69,77,6622,0
2024-11-15,Pittsburgh,West Virginia,5730272,86,62,10882,0
2024-11-15,Iowa,Washington St.,5730957,76,66,8488,1
2024-11-15,North Ala.,Samford,5738034,96,97,2732,0
2024-11-15,Wisconsin,Arizona,5728890,103,88,16838,0
2024-11-15,DePaul,Duquesne,5729949,84,58,3303,0
2024-11-15,Gonzaga,UMass Lowell,5729839,113,54,6000,0
2024-11-15,Texas A&M,Ohio St.,5733102,78,64,11658,0
2024-11-15,UCLA,Lehigh,5733860,85,45,4485,0
2024-11-15,California Baptist,LIU,5725993,90,77,4233,0
2024-11-15,Oregon St.,Cal St. Fullerton,5732143,70,51,2737,0
2024-11-16,Kennesaw St.,Presbyterian,5729688,85,67,1136,0
2024-11-16,Morgan St.,NJIT,5732015,81,69,127,0
2024-11-16,Columbia,Mercyhurst,5729776,77,63,658,0
2024-11-16,Duke,Wofford,5730487,86,35,9314,0
2024-11-16,VMI,Charleston So.,5809603,80,69,474,1
2024-11-16,Cornell,Lafayette,5733667,81,71,0,0
2024-11-16,Bucknell,Richmond,5732808,80,76,1255,0
2024-11-16,Xavier,Wake Forest,5733224,75,60,10455,0
2024-11-16,Seton Hall,Wagner,5735477,54,28,1219,0
2024-11-16,Longwood,UT Martin,5732248,64,62,1473,0
2024-11-16,UIC,Saint Mary's (MN),5737364,117,59,664,0
2024-11-16,Boston U.,Dartmouth,5729484,78,50,877,0
2024-11-16,UNC Greensboro,N.C. Wesleyan,5737830,99,54,692,0
2024-11-16,Georgetown,Notre Dame,5733114,63,84,8819,0
2024-11-16,Syracuse,Youngstown St.,5731881,104,95,19610,0
2024-11-16,Missouri St.,Tulsa,5733061,111,106,2364,0
2024-11-16,Western Ill.,Central Ark.,5730147,63,61,753,0
2024-11-16,Bethune-Cookman,South Carolina St.,5729443,75,62,478,0
2024-11-16,Binghamton,Misericordia,5734393,77,48,1323,0
2024-11-16,UMBC,Saint Peter's,5733198,61,69,1335,0
2024-11-16,Drexel,La Salle,5733123,68,71,1948,0
2024-11-16,Ball St.,Indiana St.,5723631,84,94,4021,0
2024-11-16,Evansville,Radford,5732382,81,92,4308,0
2024-11-16,Oklahoma,Stetson,5733737,85,64,4922,0
2024-11-16,Tennessee Tech,UTRGV,5809604,58,83,218,1
2024-11-16,San Diego,Idaho St.,5722719,66,78,297,0
2024-11-16,Tuskegee,Fayetteville St.,5796208,54,64,632,1
2024-11-16,Vanderbilt,Jackson St.,5722925,94,81,5249,0
2024-11-16,BYU,Idaho,5723817,95,71,16456,0
2024-11-16,Canisius,SIUE,5723249,58,76,186,1
2024-11-16,Arkansas St.,SFA,5729105,59,49,4129,0
2024-11-16,Indiana,South Carolina,5728365,87,71,17222,0
2024-11-16,Rice,Northwestern St.,5732471,77,75,1644,0
2024-11-16,Cleveland St.,Eastern Mich.,5731183,71,63,1386,0
2024-11-16,Abilene Christian,Texas St.,5723036,72,60,1024,0
2024-11-16,Middle Tenn.,Murray St.,5734929,67,88,3812,0
2024-11-16,UTSA,Little Rock,5733181,64,81,858,0
2024-11-16,Detroit Mercy,Toledo,5736143,67,82,1098,0
2024-11-16,Minnesota,Yale,5728672,59,56,8205,0
2024-11-16,South Alabama,Mercer,5723968,75,66,1652,0
2024-11-16,Delaware St.,Cheyney,5735927,93,51,350,0
2024-11-16,St. Bonaventure,Le Moyne,5736996,71,52,4239,0
2024-11-16,East Carolina,George Mason,5722012,78,77,3916,0
2024-11-16,UIW,Ark.-Pine Bluff,5740650,92,64,112,0
2024-11-16,Ole Miss,Colorado St.,5722807,84,69,2008,1
2024-11-16,Houston Christian,Rockford,5735221,84,64,717,0
2024-11-16,Sacred Heart,New Hampshire,5736305,80,63,279,1
2024-11-16,Providence,Green Bay,5723439,79,65,11927,0
2024-11-16,Davidson,ETSU,5735470,76,70,2490,0
2024-11-16,Long Beach St.,Portland,5725892,61,63,1945,0
2024-11-16,Clark Atlanta,Shaw,5796065,78,68,1204,1
2024-11-16,Texas,Mississippi Val.,5733418,89,43,10457,0
2024-11-16,Winthrop,Ga. Southern,5728510,87,89,1597,1
2024-11-16,Kansas,Oakland,5737808,78,57,15300,0
2024-11-16,Michigan St.,Bowling Green,5730838,86,72,14797,0
2024-11-16,Fla. Atlantic,Liberty,5728543,77,74,331,1
2024-11-16,Northeastern,Central Conn. St.,5728331,80,62,2173,1
2024-11-16,Stony Brook,St. Joseph's (L.I.),5732378,93,45,2526,0
2024-11-16,Creighton,Kansas City,5723538,79,56,16951,0
2024-11-16,UAlbany,Siena,5729271,70,60,3899,0
2024-11-16,Wright St.,Central St. (OH),5737610,92,56,3734,0
2024-11-16,Marshall,Bellarmine,5735129,83,62,4153,0
2024-11-16,Massachusetts,Hofstra,5722919,71,75,3155,0
2024-11-16,VCU,Loyola Maryland,5722777,83,57,7637,0
2024-11-16,Mount St. Mary's,Saint Francis,5730574,66,58,2133,0
2024-11-16,Dayton,Capital,5729901,76,55,13407,0
2024-11-16,Purdue Fort Wayne,Southern Ind.,5723812,93,74,1161,0
2024-11-16,Brown,Holy Cross,5722292,65,73,802,1
2024-11-16,William & Mary,N.C. Central,5734449,76,78,1597,1
2024-11-16,Saint Louis,LMU (CA),5731716,77,71,5210,0
2024-11-16,Hampton,Norfolk St.,5724059,58,67,6539,0
2024-11-16,Towson,James Madison,5731911,67,63,3036,0
2024-11-16,Drake,FGCU,5810205,63,61,2862,0
2024-11-16,Oral Roberts,Haskell,5722714,87,52,4811,0
2024-11-16,Bradley,NIU,5728413,76,60,6098,0
2024-11-16,Sacramento St.,CSUN,5723979,69,79,576,0
2024-11-16,Tennessee St.,Alabama A&M,5734616,81,71,995,0
2024-11-16,Southern Utah,Omaha,5732614,79,73,1006,0
2024-11-16,Wyoming,Utah Tech,5736866,86,69,3596,0
2024-11-16,CSU Bakersfield,Fresno St.,5728633,74,56,2057,0
2024-11-16,UC Irvine,Pepperdine,5729397,80,62,2123,0
2024-11-16,San Francisco,Chicago St.,5734199,82,37,1864,0
2024-11-16,Nevada,Santa Clara,5729908,85,59,8772,0
2024-11-16,UC San Diego,Seattle U,5731365,71,84,1206,0
2024-11-17,St. John's (NY),New Mexico,5737426,85,71,12310,0
2024-11-17,William & Mary,Ga. Southern,5728507,102,87,0,1
2024-11-17,Western Mich.,Canisius,5723256,92,69,1406,1
2024-11-17,Lindenwood,Stonehill,5730110,75,74,906,1
2024-11-17,Merrimack,Princeton,5730471,57,68,1824,0
2024-11-17,Navy,Campbell,5728275,66,86,902,0
2024-11-17,Saint Mary's (CA),Nebraska,5738212,77,74,3241,1
2024-11-17,Boise St.,Clemson,5729599,84,71,11275,0
2024-11-17,FDU,Manhattan,5735528,85,82,822,0
2024-11-17,Coastal Carolina,Jacksonville St.,5728682,53,71,1604,0
2024-11-17,The Citadel,N.C. A&T,5733388,73,82,913,0
2024-11-17,Miami (FL),Coppin St.,5722332,93,63,5361,0
2024-11-17,Colorado,Harvard,5725917,88,66,6288,0
2024-11-17,Winthrop,N.C. Central,5735073,77,75,1390,1
2024-11-17,Western Ky.,Lipscomb,5736784,66,61,2712,0
2024-11-17,Southeast Mo. St.,Chattanooga,5733282,82,87,580,0
2024-11-17,Tennessee,Austin Peay,5723157,103,68,17232,0
2024-11-17,Samford,Texas Southern,5740690,97,82,1062,0
2024-11-17,Holy Cross,New Hampshire,5732376,74,72,237,1
2024-11-17,Denver,Montana St.,5730692,79,78,851,0
2024-11-17,Col. of Charleston,Liberty,5728547,47,68,4858,1
2024-11-17,Stanford,UC Davis,5723429,79,65,2791,0
2024-11-17,Mississippi St.,Utah,5729682,78,73,2595,1
2024-11-17,Robert Morris,New Orleans,5732703,73,62,906,1
2024-11-17,Southern U.,Ecclesia,5740618,131,42,2125,0
2024-11-17,San Jose St.,UC Santa Barbara,5737484,59,64,1817,0
2024-11-17,Oregon,Troy,5730611,82,61,5394,0
2024-11-17,Lamar University,Sam Houston,5732822,72,85,1848,0
2024-11-17,Illinois St.,Trinity Christian,5723650,107,52,3974,0
2024-11-17,Brown,Sacred Heart,5722293,89,70,518,1
2024-11-17,Eastern Wash.,Cal Poly,5732178,78,82,1630,0
2024-11-17,Arizona St.,St. Thomas (MN),5731545,81,66,6057,0
2024-11-17,Baylor,Tarleton St.,5732469,104,41,7500,0
2024-11-17,Southern California,California,5729057,66,71,5466,0
2024-11-17,Hawaii,Weber St.,5730380,73,68,4433,0
2024-11-17,Washington,UMass Lowell,5737031,74,69,5378,0
2024-11-18,Michigan,Miami (OH),5729295,94,67,9943,0
2024-11-18,Delaware,Bryant,5732783,84,85,2384,0
2024-11-18,McNeese,North Texas,5740590,68,61,3537,0
2024-11-18,Alabama St.,Virginia-Lynchburg,5740565,115,64,504,0
2024-11-18,FIU,Howard,5738010,70,75,764,0
2024-11-18,UMES,Gallaudet,5740708,113,58,784,0
2024-11-18,NC State,Colgate,5732452,72,49,11692,0
2024-11-18,Radford,Southern Va.,5732514,96,50,1236,0
2024-11-18,High Point,American,5735197,80,73,2889,0
2024-11-18,Pittsburgh,VMI,5735193,93,48,6391,0
2024-11-18,George Washington,NJIT,5722406,84,64,1682,0
2024-11-18,Georgia St.,Toccoa Falls,5730225,106,66,349,0
2024-11-18,North Florida,UNC Asheville,5722534,75,89,1994,0
2024-11-18,UAB,AUM,5737902,109,64,3454,0
2024-11-18,Louisiana Tech,Mississippi Col.,5736269,105,67,1582,0
2024-11-18,Wichita St.,Monmouth,5723205,70,66,5582,0
2024-11-18,ULM,Southeastern La.,5729710,67,70,1190,0
2024-11-18,SMU,Prairie View,5735283,110,69,5056,0
2024-11-18,Arkansas,Pacific,5733173,91,72,19200,0
2024-11-18,Southern Ill.,North Dakota St.,5732503,69,44,4553,0
2024-11-18,South Dakota St.,Mt. Marty,5730921,89,41,1765,0
2024-11-18,Texas Tech,Ark.-Pine Bluff,5736408,98,64,9847,0
2024-11-18,South Alabama,Spring Hill,5723973,95,61,1686,0
2024-11-18,Kansas City,Calvary,5723553,119,19,620,0
2024-11-18,Wisconsin,UTRGV,5728893,87,84,13423,0
2024-11-18,Iowa St.,IU Indy,5722715,87,52,13615,0
2024-11-18,Utah St.,Montana,5736882,95,83,8054,0
2024-11-18,Auburn,North Ala.,5738036,102,69,9121,0
2024-11-18,Washington St.,Northern Colo.,5738078,83,69,3066,0
2024-11-18,Cal St. Fullerton,Idaho St.,5722722,62,61,867,0
2024-11-18,San Diego St.,Gonzaga,5729840,67,80,12414,0
2024-11-19,Northern Ariz.,Embry-Riddle (AZ),5738239,82,47,798,0
2024-11-19,Navy,Quinnipiac,5728276,63,74,642,0
2024-11-19,Boston College,Loyola Maryland,5722782,82,61,3102,0
2024-11-19,Binghamton,Longwood,5734396,60,66,1283,0
2024-11-19,App State,Queens (NC),5730581,65,53,2678,0
2024-11-19,Chicago St.,Eastern Ky.,5734200,66,86,101,0
2024-11-19,Tennessee St.,East-West U.,5734838,110,33,163,0
2024-11-19,Green Bay,SIUE,5723444,82,57,1772,0
2024-11-19,Minnesota,Cleveland St.,5728674,58,47,7051,0
2024-11-19,Louisville,Bellarmine,5728469,100,68,12220,0
2024-11-19,West Ga.,Troy,5736150,65,84,1342,0
2024-11-19,UConn,East Texas A&M,5732429,81,46,10299,0
2024-11-19,Northern Ky.,Cincinnati,5737869,60,76,7485,0
2024-11-19,Fairfield,Drexel,5733130,61,67,1581,0
2024-11-19,Ohio St.,Evansville,5733105,80,30,9824,0
2024-11-19,Kentucky,Lipscomb,5733168,97,68,19314,0
2024-11-19,Georgia,Alabama A&M,5732124,93,45,5775,0
2024-11-19,Fordham,Georgian Court,5732769,101,61,661,0
2024-11-19,Vermont,Buffalo,5733933,78,67,2227,0
2024-11-19,USC Upstate,Southern Wesleyan,5737797,95,63,417,0
2024-11-19,Providence,Delaware St.,5735471,78,48,7489,0
2024-11-19,UCF,Tennessee Tech,5722752,80,69,7522,0
2024-11-19,Marist,Dartmouth,5729373,75,62,1464,0
2024-11-19,Boston U.,Wagner,5729485,58,60,622,0
2024-11-19,Maryland,Canisius,5723264,108,37,9485,0
2024-11-19,Duquesne,Milwaukee,5726051,74,80,2046,0
2024-11-19,Old Dominion,Randolph-Macon,5835036,71,55,4438,0
2024-11-19,Mercyhurst,Mount Aloysius,5723845,98,45,503,0
2024-11-19,Wake Forest,Western Caro.,5729251,82,69,8468,0
2024-11-19,Notre Dame,North Dakota,5730946,75,58,3912,0
2024-11-19,Bowling Green,Niagara,5730839,76,68,1632,0
2024-11-19,Florida,Florida A&M,5731314,84,60,8005,0
2024-11-19,UMBC,Hampton,5724062,68,78,1743,0
2024-11-19,Villanova,Penn,5728797,93,49,6501,0
2024-11-19,Florida St.,Hofstra,5722926,79,61,3253,0
2024-11-19,Charlotte,Gardner-Webb,5729608,60,54,2956,0
2024-11-19,Tulane,Bethune-Cookman,5729444,72,57,1168,0
2024-11-19,Belmont,Oral Roberts,5722707,90,80,1273,0
2024-11-19,Kansas,UNCW,5731584,84,66,15300,0
2024-11-19,TCU,Alcorn,5729649,71,48,4707,0
2024-11-19,LSU,Charleston So.,5737721,77,68,6442,0
2024-11-19,Kansas St.,Mississippi Val.,5734126,74,56,8416,0
2024-11-19,Iowa,Rider,5722826,83,58,7851,0
2024-11-19,UNI,Western Ill.,5722616,82,56,3659,0
2024-11-19,Michigan St.,Samford,5732996,83,75,14797,0
2024-11-19,Missouri St.,UT Arlington,5733062,78,68,2178,0
2024-11-19,Loyola Chicago,Southern Utah,5732990,76,72,2318,0
2024-11-19,Louisiana,Rice,5729028,61,83,1328,0
2024-11-19,Marquette,Purdue,5732798,76,58,16801,0
2024-11-19,DePaul,Eastern Ill.,5729950,78,69,2829,0
2024-11-19,Idaho,Evergreen St.,5731124,101,58,1583,0
2024-11-19,Northwestern,Montana St.,5732705,72,69,5034,0
2024-11-19,Santa Clara,UC Riverside,5729909,96,54,1230,0
2024-11-20,UMass Lowell,Fisher,5740731,121,66,246,0
2024-11-20,The Citadel,Col. of Charleston,5723220,61,76,3231,0
2024-11-20,Holy Cross,Mitchell,5732379,88,49,861,0
2024-11-20,Xavier,Siena,5732040,80,55,10067,0
2024-11-20,Stony Brook,Yale,5732385,64,86,1851,0
2024-11-20,Saint Francis,Penn St.-Schuylkill,5835039,96,57,886,0
2024-11-20,St. Bonaventure,Mansfield,5835038,76,54,3356,0
2024-11-20,Morehead St.,Austin Peay,5728317,63,58,1912,0
2024-11-20,George Mason,Coppin St.,5722333,93,55,2290,0
2024-11-20,Saint Peter's,Saint Elizabeth,5733204,116,51,810,0
2024-11-20,NIU,Elon,5724041,48,75,1081,0
2024-11-20,Virginia Tech,Jacksonville,5729940,64,74,4441,0
2024-11-20,West Virginia,Iona,5728235,86,43,8591,0
2024-11-20,Kennesaw St.,Abilene Christian,5729694,84,78,1381,0
2024-11-20,Penn St.,Purdue Fort Wayne,5723814,102,89,6547,0
2024-11-20,Western Mich.,South Dakota,5729218,76,80,1203,0
2024-11-20,Richmond,Maine,5730859,70,66,4633,0
2024-11-20,Furman,Oglethorpe,5731016,124,48,836,0
2024-11-20,Dayton,New Mexico St.,5729902,74,53,13407,0
2024-11-20,Ball St.,Detroit Mercy,5723637,59,70,2784,0
2024-11-20,LIU,Columbia,5723849,72,80,0,0
2024-11-20,Lehigh,Valley Forge,5733864,100,53,625,0
2024-11-20,N.C. A&T,Morgan St.,5732016,86,83,2459,0
2024-11-20,Central Mich.,Central St. (OH),5734042,86,52,1390,0
2024-11-20,Army West Point,FDU,5735507,84,70,750,0
2024-11-20,New Hampshire,Endicott,5736575,78,64,517,0
2024-11-20,Rhode Island,Lafayette,5733672,86,72,3235,0
2024-11-20,Nicholls,Towson,5731913,64,70,655,0
2024-11-20,Murray St.,UMES,5740710,79,61,4731,0
2024-11-20,Tulsa,Little Rock,5733183,57,71,2841,0
2024-11-20,South Dakota St.,Southern Miss.,5730774,101,76,2429,0
2024-11-20,Rutgers,Merrimack,5731383,74,63,8000,0
2024-11-20,Western Ky.,Jackson St.,5735351,79,62,2347,0
2024-11-20,Texas A&M,Southern U.,5737383,71,54,7061,0
2024-11-20,Georgetown,Mount St. Mary's,5730595,79,51,2756,0
2024-11-20,Arizona St.,Cal Poly,5736107,93,89,6294,0
2024-11-20,Grand Canyon,UC Davis,5723465,68,75,7002,0
2024-11-20,Gonzaga,Long Beach St.,5725894,84,41,6000,0
2024-11-20,Alabama,Illinois,5722385,100,87,11533,1
2024-11-20,UNLV,Pepperdine,5737021,80,59,4544,0
2024-11-20,Saint Mary's (CA),Stanislaus St.,5738214,78,38,3148,0
2024-11-20,Fresno St.,Prairie View,5738632,94,83,4615,0
2024-11-20,Stanford,Norfolk St.,5723430,70,63,1881,0
2024-11-20,UC Santa Barbara,UTEP,5733051,76,79,2573,0
2024-11-20,Southern California,San Jose St.,5732213,82,68,3186,0
2024-11-20,California Baptist,Northern Colo.,5730317,68,79,2737,0
2024-11-20,UCLA,Idaho St.,5722725,84,70,4059,0
2024-11-21,UIC,James Madison,5733969,81,99,752,1
2024-11-21,Middle Tenn.,Ohio,5735511,83,81,704,1
2024-11-21,Drake,Miami (FL),5736596,80,69,0,1
2024-11-21,UC San Diego,La Salle,5731809,72,67,752,1
2024-11-21,Portland,South Fla.,5735409,68,74,1454,1
2024-11-21,Fla. Atlantic,Oklahoma St.,5738193,86,78,1818,1
2024-11-21,Jacksonville St.,East Carolina,5722013,86,78,752,1
2024-11-21,Monmouth,Youngstown St.,5731882,62,72,117,1
2024-11-21,VCU,Seton Hall,5734057,66,69,0,1
2024-11-21,Texas St.,Bradley,5723083,68,82,660,1
2024-11-21,Stetson,Toledo,5736148,78,103,752,1
2024-11-21,Cornell,Robert Morris,5732706,76,86,0,0
2024-11-21,Indiana,UNC Greensboro,5728387,69,58,17222,0
2024-11-21,North Florida,Edward Waters,5722536,108,59,1929,0
2024-11-21,Chattanooga,Johnson (TN),5733545,72,52,2766,0
2024-11-21,Bucknell,NJIT,5732813,81,64,719,0
2024-11-21,Kent St.,Niagara,5729551,76,73,1886,0
2024-11-21,South Carolina,Mercer,5728524,84,72,11054,0
2024-11-21,Oakland,Eastern Mich.,5731185,64,68,1941,0
2024-11-21,Clemson,Radford,5729600,79,51,7166,0
2024-11-21,Stonehill,Bryant,5730111,67,66,1324,0
2024-11-21,St. John's (NY),Baylor,5722994,98,99,2077,1
2024-11-21,Texas,Syracuse,5733439,70,66,6941,1
2024-11-21,Central Ark.,Southeast Mo. St.,5733292,73,77,1311,1
2024-11-21,SFA,Presbyterian,5734001,55,58,1469,1
2024-11-21,Nevada,Vanderbilt,5722988,71,73,2291,1
2024-11-21,Sam Houston,Trinity (TX),5732757,105,78,785,0
2024-11-21,Valparaiso,Lindenwood,5730281,77,64,1249,0
2024-11-21,Sacred Heart,Central Conn. St.,5728502,67,54,1945,0
2024-11-21,North Texas,Texas Wesleyan,5835205,73,66,2690,0
2024-11-21,Wright St.,Princeton,5730472,80,62,1367,1
2024-11-21,North Dakota St.,Minn.-Crookston,5732506,67,60,917,0
2024-11-21,Western Ill.,Monmouth (IL),5730149,73,46,604,0
2024-11-21,Ole Miss,Oral Roberts,5722711,100,68,6873,0
2024-11-21,Oklahoma,East Texas A&M,5734608,84,56,4678,0
2024-11-21,A&M-Corpus Christi,UT Martin,5732249,81,77,1042,1
2024-11-21,Michigan,Tarleton St.,5731258,72,49,9831,0
2024-11-21,New Mexico,Grambling,5737432,80,58,10996,0
2024-11-21,Saint Joseph's,Texas Tech,5737923,78,77,6941,1
2024-11-21,Washington St.,Eastern Wash.,5732179,96,81,3854,1
2024-11-21,Tennessee,Virginia,5723174,64,42,2077,1
2024-11-21,California,Air Force,5728723,78,69,3631,0
2024-11-21,Oregon St.,Oregon,5730614,75,78,6617,0
2024-11-21,San Francisco,Memphis,5732460,64,68,0,1
2024-11-22,FGCU,CSU Bakersfield,5728640,74,54,1388,1
2024-11-22,FDU,VTSU Randolph,5735508,107,58,673,0
2024-11-22,UIC,La Salle,5804678,96,83,920,1
2024-11-22,Portland,Ohio,5785419,73,85,708,1
2024-11-22,Fla. Atlantic,Drake,5785435,63,75,0,1
2024-11-22,UAB,Longwood,5737438,81,89,1525,1
2024-11-22,Stetson,East Carolina,5804679,64,71,920,1
2024-11-22,FIU,Northeastern,5728340,58,60,57,1
2024-11-22,UAlbany,P.R.-Mayaguez,5729320,93,50,20,1
2024-11-22,Oklahoma St.,Miami (FL),5785436,80,74,1936,1
2024-11-22,South Fla.,Middle Tenn.,5785418,88,95,1428,1
2024-11-22,Pittsburgh,LSU,5735199,74,63,1112,1
2024-11-22,McNeese,Illinois St.,5723665,76,68,1525,1
2024-11-22,UC San Diego,James Madison,5804680,73,67,920,1
2024-11-22,Youngstown St.,Presbyterian,5731883,42,67,103,1
2024-11-22,American,Kansas City,5735202,64,60,50,1
2024-11-22,Florida A&M,Trinity Baptist,5740682,110,68,0,0
2024-11-22,Wofford,St. Thomas (MN),5730492,81,73,1342,1
2024-11-22,Coastal Carolina,IU Indy,5723603,71,57,297,1
2024-11-22,Wright St.,Bradley,5785417,74,77,674,1
2024-11-22,Vanderbilt,Seton Hall,5785437,76,60,2823,1
2024-11-22,Wisconsin,UCF,5723291,86,70,1112,1
2024-11-22,Florida St.,Temple,5729917,78,69,2176,1
2024-11-22,Liberty,Louisiana,5728560,89,69,2125,1
2024-11-22,Utah,Utah Tech,5729683,84,53,6969,0
2024-11-22,Jacksonville St.,Toledo,5804681,80,82,920,1
2024-11-22,SFA,Monmouth,5733831,72,67,1438,1
2024-11-22,Akron,Lamar University,5735390,79,72,1775,1
2024-11-22,Ohio St.,Campbell,5733106,104,60,10557,0
2024-11-22,Le Moyne,UT Martin,5732250,65,53,490,1
2024-11-22,Texas Tech,Syracuse,5785442,79,74,6572,1
2024-11-22,St. John's (NY),Virginia,5804667,80,55,0,1
2024-11-22,ETSU,USC Upstate,5737798,87,76,2689,1
2024-11-22,Florida,Southern Ill.,5731315,93,68,9533,0
2024-11-22,Harvard,Colgate,5725919,78,67,1104,0
2024-11-22,Louisville,Winthrop,5728471,76,61,12462,0
2024-11-22,Butler,Merrimack,5737548,78,39,6823,0
2024-11-22,Fordham,Drexel,5732772,71,73,1237,0
2024-11-22,Manhattan,Army West Point,5736133,80,79,1106,0
2024-11-22,Buffalo,Morgan St.,5732017,82,73,1557,0
2024-11-22,Davidson,VMI,5735472,93,66,2153,0
2024-11-22,Georgia St.,N.C. Central,5734590,93,79,540,0
2024-11-22,Indiana St.,Chicago St.,5732867,97,61,4379,0
2024-11-22,Kentucky,Jackson St.,5733172,108,59,19961,0
2024-11-22,NC State,William & Mary,5732458,84,61,13219,0
2024-11-22,Southeast Mo. St.,UNC Asheville,5733293,64,72,125,1
2024-11-22,Nevada,VCU,5785438,64,61,2823,1
2024-11-22,Princeton,Texas St.,5785416,80,83,1352,1
2024-11-22,Notre Dame,Elon,5724043,77,84,4475,0
2024-11-22,Missouri,Pacific,5733175,91,56,9564,0
2024-11-22,Tulane,New Orleans,5730556,87,93,1293,0
2024-11-22,Northwestern St.,ULM,5729713,63,65,388,1
2024-11-22,Northwestern,Pepperdine,5737001,68,50,5853,0
2024-11-22,Iowa,Utah St.,5730958,69,77,4892,1
2024-11-22,Kansas St.,George Washington,5723401,83,71,2125,1
2024-11-22,Northern Ariz.,UIW,5737848,75,74,583,0
2024-11-22,Houston,Hofstra,5722935,80,44,7035,0
2024-11-22,Evansville,Green Bay,5723452,98,81,4418,0
2024-11-22,Milwaukee,Portland St.,5726053,91,74,1638,1
2024-11-22,Southern Ind.,South Dakota,5728461,92,83,1544,0
2024-11-22,Murray St.,Utah Valley,5734130,75,77,5037,0
2024-11-22,Houston Christian,Rice,5734599,58,61,847,0
2024-11-22,Creighton,Nebraska,5735417,63,74,18475,0
2024-11-22,Alabama A&M,South Carolina St.,5734618,70,82,1431,1
2024-11-22,Arkansas St.,Lane,5729106,103,60,4056,0
2024-11-22,Alabama St.,Omaha,5736878,85,67,0,1
2024-11-22,SMU,Mississippi St.,5729933,79,84,5468,0
2024-11-22,Wyoming,Southeastern La.,5732744,64,61,3761,0
2024-11-22,Colorado St.,UC Riverside,5737149,75,77,4713,0
2024-11-22,Weber St.,UC Irvine,5729398,87,93,3559,0
2024-11-22,Grand Canyon,Norfolk St.,5723467,91,73,7022,0
2024-11-22,Saint Joseph's,Texas,5785441,58,67,6572,1
2024-11-22,Arkansas,Little Rock,5733185,79,67,19200,0
2024-11-22,Baylor,Tennessee,5804664,62,77,2119,1
2024-11-22,Washington,Alcorn,5737033,77,60,6299,0
2024-11-22,Seattle U,Northwest (WA),5735141,80,52,966,0
2024-11-22,UCLA,Cal St. Fullerton,5732145,80,47,5078,0
2024-11-22,LMU (CA),North Dakota,5730889,73,77,1121,0
2024-11-22,San Diego,Southern Utah,5732631,67,72,380,1
2024-11-22,Arizona,Duke,5729009,55,69,14634,0
2024-11-22,Saint Louis,Wichita St.,5723221,63,88,4892,1
2024-11-22,Hawaii,North Carolina,5730381,69,87,8948,0
2024-11-23,Marquette,Georgia,5732142,80,69,822,1
2024-11-23,Stetson,La Salle,5804674,77,92,870,1
2024-11-23,CSU Bakersfield,FIU,5728345,73,76,742,1
2024-11-23,Purdue,Marshall,5734641,80,45,14876,0
2024-11-23,Monmouth,Presbyterian,5733830,61,71,103,1
2024-11-23,Georgetown,Saint Francis,5733245,82,65,3192,0
2024-11-23,Ga. Southern,West Ga.,5728513,64,54,1552,0
2024-11-23,UMBC,Boston U.,5729486,71,75,1273,1
2024-11-23,Vermont,Delaware,5732720,75,71,0,1
2024-11-23,Charlotte,LIU,5725994,76,79,2321,0
2024-11-23,Canisius,Brown,5722294,76,83,953,0
2024-11-23,UMass Lowell,Quinnipiac,5735081,80,70,504,0
2024-11-23,FGCU,Northeastern,5728341,55,59,1543,1
2024-11-23,Northern Ky.,Kentucky St.,5737871,85,59,1856,0
2024-11-23,Portland St.,St. Thomas (MN),5730178,65,91,0,1
2024-11-23,UIC,East Carolina,5804675,55,72,870,1
2024-11-23,Kansas City,UAlbany,5729321,65,67,100,1
2024-11-23,IU Indy,South Carolina St.,5723601,62,72,169,1
2024-11-23,George Mason,Ferrum,5738105,100,55,2608,0
2024-11-23,Georgia Tech,Cincinnati,5729285,58,81,4970,0
2024-11-23,Charleston So.,Furman,5731017,46,67,784,0
2024-11-23,Marist,New Hampshire,5729374,54,49,1659,0
2024-11-23,Yale,Fairfield,5737540,91,66,2100,1
2024-11-23,Illinois St.,UAB,5809545,84,83,1886,1
2024-11-23,Bellarmine,Bowling Green,5730840,80,68,1282,0
2024-11-23,Jacksonville St.,James Madison,5804673,65,71,870,1
2024-11-23,Milwaukee,Wofford,5726052,76,74,1756,1
2024-11-23,Illinois,UMES,5738197,87,40,13456,0
2024-11-23,P.R.-Bayamon,American,5735411,56,73,100,1
2024-11-23,Wake Forest,Detroit Mercy,5736711,67,57,8705,0
2024-11-23,Wagner,Springfield,5730064,81,46,105,0
2024-11-23,Mount St. Mary's,Delaware St.,5730605,76,66,1590,0
2024-11-23,Akron,Omaha,5735391,92,84,1723,1
2024-11-23,A&M-Corpus Christi,Le Moyne,5735654,82,61,881,1
2024-11-23,North Ala.,ULM,5729717,74,62,112,1
2024-11-23,Long Beach St.,Fresno St.,5725897,69,72,1805,0
2024-11-23,DePaul,NIU,5729951,98,52,3593,0
2024-11-23,Southern Utah,Idaho,5731126,82,67,148,1
2024-11-23,Alabama A&M,Coastal Carolina,5731830,77,70,1651,1
2024-11-23,Temple,Massachusetts,5729918,87,80,5368,1
2024-11-23,UC San Diego,Toledo,5804672,80,45,870,1
2024-11-23,George Washington,Louisiana,5809547,83,74,1886,1
2024-11-23,Queens (NC),USC Upstate,5734366,98,74,317,1
2024-11-23,Loyola Chicago,Tulsa,5733003,89,53,3055,0
2024-11-23,Alabama St.,Lamar University,5740566,77,75,120,1
2024-11-23,Cleveland St.,Kent St.,5729552,52,68,2019,0
2024-11-23,SFA,Youngstown St.,5731885,64,57,1925,1
2024-11-23,UNLV,New Mexico St.,5737478,72,65,4850,0
2024-11-23,SIUE,St. Ambrose,5733267,83,49,984,0
2024-11-23,Bucknell,Rider,5722832,53,57,1123,0
2024-11-23,Columbia,Stony Brook,5723855,82,63,914,0
2024-11-23,Saint Mary's (CA),Cal Poly,5736108,80,66,3500,0
2024-11-23,Northern Colo.,Prairie View,5740665,114,98,1102,0
2024-11-23,California Baptist,Eastern Wash.,5730318,79,68,2064,0
2024-11-23,BYU,Mississippi Val.,5723821,87,43,16954,0
2024-11-23,Santa Clara,Stanford,5723433,69,71,2100,0
2024-11-24,Princeton,Portland,5785415,94,67,627,1
2024-11-24,Boise St.,Hampton,5724072,83,69,919,1
2024-11-24,Georgia,St. John's (NY),5732144,66,63,419,1
2024-11-24,Howard,Boston U.,5729488,62,69,57,1
2024-11-24,Maine,Holy Cross,5730860,80,55,1268,0
2024-11-24,Rhode Island,Col. of Charleston,5731630,91,53,3778,0
2024-11-24,Lamar University,Omaha,5736876,59,65,46,1
2024-11-24,Portland St.,Wofford,5730180,79,74,1011,1
2024-11-24,UAlbany,American,5729322,77,81,100,1
2024-11-24,Northeastern,CSU Bakersfield,5728652,60,68,123,1
2024-11-24,VCU,Miami (FL),5785434,77,70,0,1
2024-11-24,Maryland,Villanova,5728798,76,75,7117,1
2024-11-24,Wright St.,South Fla.,5785414,72,73,1265,1
2024-11-24,Fairfield,Vermont,5734434,67,66,0,1
2024-11-24,Lafayette,Rosemont,5733591,91,45,1064,0
2024-11-24,App State,William & Mary,5730582,79,76,2852,0
2024-11-24,Central Conn. St.,Binghamton,5728506,64,56,888,0
2024-11-24,Kennesaw St.,Rutgers,5729695,79,77,3805,0
2024-11-24,Duquesne,South Dakota St.,5730925,60,71,919,1
2024-11-24,St. Bonaventure,Bryant,5834720,85,70,3919,0
2024-11-24,Valparaiso,Eastern Ill.,5734264,81,53,1354,0
2024-11-24,Central Ark.,UNC Asheville,5740758,92,83,655,1
2024-11-24,Milwaukee,St. Thomas (MN),5726054,69,65,1669,1
2024-11-24,Northwestern St.,North Ala.,5732498,71,58,228,1
2024-11-24,Akron,Alabama St.,5735392,97,78,1589,1
2024-11-24,UCF,LSU,5809602,102,109,1112,1
2024-11-24,FGCU,FIU,5729569,60,59,1601,1
2024-11-24,Nevada,Oklahoma St.,5785433,90,78,2063,1
2024-11-24,Massachusetts,Florida St.,5731136,59,92,1,1
2024-11-24,P.R.-Rio Piedras,Kansas City,5834325,55,88,100,1
2024-11-24,Evansville,Campbell,5734873,66,53,3823,0
2024-11-24,Utah Tech,CSUN,5730023,79,89,138,1
2024-11-24,California,Sacramento St.,5723981,83,77,3662,0
2024-11-24,Air Force,Mercyhurst,5728726,82,48,1737,0
2024-11-24,Morgan St.,Towson,5732018,60,64,687,0
2024-11-24,High Point,Missouri St.,5733064,61,71,919,1
2024-11-24,Lipscomb,Jackson St.,5735353,77,53,1227,0
2024-11-24,ETSU,Queens (NC),5734376,82,67,2347,1
2024-11-24,Missouri,Ark.-Pine Bluff,5734088,112,63,8496,0
2024-11-24,UC Riverside,Alcorn,5738013,69,52,337,0
2024-11-24,Pittsburgh,Wisconsin,5809601,75,81,1112,1
2024-11-24,McNeese,Longwood,5809546,84,69,2225,1
2024-11-24,Bradley,Middle Tenn.,5785413,80,69,712,1
2024-11-24,Delaware,Yale,5732726,100,94,3124,1
2024-11-24,Seton Hall,Fla. Atlantic,5785432,63,61,0,1
2024-11-24,Montana,Denver,5730693,83,73,2456,1
2024-11-24,Southern California,Grambling,5732214,80,69,3068,0
2024-11-24,Boston College,Old Dominion,5725854,82,52,919,1
2024-11-24,Montana St.,Southern Miss.,5730775,79,59,2450,1
2024-11-24,New Mexico,Texas Southern,5737433,99,68,11286,0
2024-11-24,Kansas St.,Liberty,5809548,65,67,2225,1
2024-11-24,Texas St.,Ohio,5785412,74,65,1431,1
2024-11-24,San Diego,Idaho,5731130,68,61,507,1
2024-11-24,Vanderbilt,Drake,5785431,70,81,2119,1
2024-11-25,Chicago St.,Radford,5732413,48,63,1690,1
2024-11-25,Duquesne,Hampton,5809611,59,64,905,1
2024-11-25,Miami (OH),Siena,5729296,70,58,0,1
2024-11-25,Southern U.,Champion Chris.,5740627,121,58,1897,0
2024-11-25,Ball St.,Eastern Ky.,5811366,63,61,542,1
2024-11-25,UMBC,Howard,5738014,95,77,2739,1
2024-11-25,Louisiana,UAB,5809536,86,98,925,1
2024-11-25,Purdue Fort Wayne,Drexel,5723818,87,81,1690,1
2024-11-25,South Dakota St.,Boise St.,5809612,82,83,910,1
2024-11-25,Jacksonville,Mercer,5732674,89,90,592,1
2024-11-25,UConn,Memphis,5732472,97,99,2400,1
2024-11-25,George Washington,Illinois St.,5809535,72,64,925,1
2024-11-25,Louisiana Tech,Southern Ill.,5736284,85,79,613,1
2024-11-25,Alabama A&M,IU Indy,5723604,83,88,320,1
2024-11-25,Fordham,Penn St.,5731647,66,85,1690,1
2024-11-25,CSUN,Denver,5730024,89,60,109,1
2024-11-25,Michigan St.,Colorado,5732998,72,56,2400,1
2024-11-25,Old Dominion,High Point,5809613,67,73,915,1
2024-11-25,Kansas St.,Longwood,5809534,80,64,1986,1
2024-11-25,Virginia Tech,Michigan,5729942,63,75,3500,1
2024-11-25,UMass Lowell,Merrimack,5740732,81,74,578,0
2024-11-25,Richmond,Florida Tech,5811367,67,57,317,1
2024-11-25,Winthrop,LIU,5725995,87,65,1119,0
2024-11-25,San Francisco,Clemson,5729601,55,70,1690,1
2024-11-25,Buffalo,N.C. A&T,5733440,82,81,1181,0
2024-11-25,N.C. Central,CarolinaU,5735077,91,36,143,0
2024-11-25,Stonehill,East Texas A&M,5730112,67,65,1052,0
2024-11-25,Iona,Cornell,5728236,68,84,2000,0
2024-11-25,Ohio St.,Green Bay,5723453,102,69,10123,0
2024-11-25,Navy,Washington Col.,5728277,94,43,605,0
2024-11-25,Columbia,New Hampshire,5723859,83,57,618,0
2024-11-25,Chattanooga,Tennessee St.,5733562,85,78,3002,1
2024-11-25,Nicholls,Mississippi Col.,5756618,79,35,345,0
2024-11-25,UTRGV,Le Moyne,5734358,97,77,1658,0
2024-11-25,Boston College,Missouri St.,5809614,76,74,915,1
2024-11-25,Montana,Utah Tech,5736884,69,66,2267,1
2024-11-25,Minnesota,Central Mich.,5728677,68,65,7349,0
2024-11-25,Saint Louis,Quinnipiac,5735083,81,67,4225,0
2024-11-25,South Dakota,Randall,5735568,112,50,1290,0
2024-11-25,Troy,UTSA,5736151,86,72,2234,0
2024-11-25,South Alabama,UIW,5723980,84,63,1771,0
2024-11-25,Southern Ind.,Indiana St.,5728462,87,77,2351,0
2024-11-25,Houston Christian,Eastern Mich.,5731187,73,74,654,1
2024-11-25,Arkansas,UMES,5734980,109,35,19200,0
2024-11-25,North Texas,Oregon St.,5735315,58,55,3292,0
2024-11-25,Liberty,McNeese,5809533,62,58,1986,1
2024-11-25,South Carolina,Xavier,5728537,66,75,3500,1
2024-11-25,Oral Roberts,Rogers St.,5732766,68,69,4934,0
2024-11-25,San Jose St.,UTEP,5733055,71,65,104,1
2024-11-25,Idaho St.,Embry-Riddle (AZ),5722732,97,46,976,0
2024-11-25,Weber St.,Justice Col.,5722813,93,45,1589,0
2024-11-25,Southern Miss.,Abilene Christian,5730776,74,82,157,1
2024-11-25,Iowa St.,Auburn,5722730,81,83,2400,1
2024-11-25,UC Davis,Norfolk St.,5736897,55,76,1113,0
2024-11-25,Illinois,Little Rock,5733188,92,34,12131,0
2024-11-25,Long Beach St.,UNC Greensboro,5725900,48,71,0,1
2024-11-25,North Carolina,Dayton,5722959,92,90,2400,1
2024-11-26,Chicago St.,Drexel,5810249,71,83,1548,1
2024-11-26,Siena,Jacksonville,5810316,64,75,350,1
2024-11-26,Old Dominion,Duquesne,5809610,54,67,920,1
2024-11-26,Southern Ill.,Eastern Ky.,5811368,72,77,377,1
2024-11-26,Detroit Mercy,Tulsa,5833970,44,63,123,1
2024-11-26,Gardner-Webb,Southeastern La.,5732754,73,69,103,1
2024-11-26,High Point,Hampton,5809609,76,73,925,1
2024-11-26,Mercer,Miami (OH),5810318,72,75,610,1
2024-11-26,Fordham,San Francisco,5810248,64,85,1548,1
2024-11-26,San Diego St.,Creighton,5730887,71,53,7602,1
2024-11-26,Austin Peay,Georgia St.,5809975,62,50,148,1
2024-11-26,Bethune-Cookman,North Dakota,5729445,79,67,123,1
2024-11-26,Richmond,Louisiana Tech,5811369,62,65,451,1
2024-11-26,Colorado,UConn,5810060,73,72,2400,1
2024-11-26,Utah Tech,Denver,5730694,68,54,102,1
2024-11-26,Tennessee St.,Bryant,5734797,85,97,268,1
2024-11-26,Penn St.,Clemson,5810247,67,75,1548,1
2024-11-26,Utah Valley,West Ga.,5734133,77,74,177,1
2024-11-26,Oregon,Texas A&M,5730619,80,70,7602,1
2024-11-26,Missouri St.,South Dakota St.,5809608,55,75,920,1
2024-11-26,Murray St.,UT Arlington,5736805,79,66,121,1
2024-11-26,Tulane,Wyoming,5810225,63,64,374,1
2024-11-26,Michigan St.,Memphis,5810059,63,71,2400,1
2024-11-26,Cleveland St.,NJIT,5732542,56,53,403,0
2024-11-26,Florida Tech,Ball St.,5811370,57,94,289,1
2024-11-26,Bellarmine,Midway,5735125,101,60,1174,0
2024-11-26,Purdue Fort Wayne,Radford,5810250,56,69,1548,1
2024-11-26,Kentucky,Western Ky.,5733177,87,68,20049,0
2024-11-26,FDU,Saint Peter's,5735510,76,78,486,0
2024-11-26,Army West Point,SUNY Maritime,5736134,91,52,623,0
2024-11-26,Delaware St.,Penn St.-Wilkes Barre,5735928,111,43,109,0
2024-11-26,The Citadel,St. Andrews,5732988,100,85,855,0
2024-11-26,Saint Francis,Lehigh,5733865,88,78,846,0
2024-11-26,Georgetown,Wagner,5734501,66,41,1477,0
2024-11-26,Grand Canyon,Stanford,5723438,78,71,753,1
2024-11-26,Florida St.,Western Caro.,5835646,91,57,2589,0
2024-11-26,Virginia,Manhattan,5728800,74,65,12347,0
2024-11-26,Saint Joseph's,Coppin St.,5722334,83,54,1758,0
2024-11-26,Loyola Maryland,VMI,5722803,70,67,428,0
2024-11-26,Boston College,Boise St.,5809607,63,61,1075,1
2024-11-26,Samford,North Dakota St.,5732511,103,98,1213,0
2024-11-26,Iowa,USC Upstate,5730959,110,77,7732,0
2024-11-26,South Alabama,Western Ill.,5723985,63,64,1669,0
2024-11-26,Houston,Alabama,5722386,80,85,7602,1
2024-11-26,Northern Colo.,Northern N.M.,6058285,92,50,901,0
2024-11-26,A&M-Corpus Christi,Texas Lutheran,5735655,94,45,1224,0
2024-11-26,Belmont,LMU (CA),5731772,63,77,417,1
2024-11-26,Dayton,Iowa St.,5810061,84,89,2400,1
2024-11-26,UTEP,Long Beach St.,5725901,70,44,0,1
2024-11-26,Montana St.,Abilene Christian,5732709,85,59,2393,1
2024-11-26,Utah,Mississippi Val.,5729685,94,48,6604,0
2024-11-26,Pepperdine,Cal St. Fullerton,5729362,63,72,453,0
2024-11-26,Northern Ariz.,Eastern Mich.,5731189,68,72,344,1
2024-11-26,Duke,Kansas,5732973,72,75,14757,1
2024-11-26,SMU,California Baptist,5730319,79,77,536,1
2024-11-26,UCLA,Southern Utah,5732657,88,43,4311,0
2024-11-26,UC Santa Barbara,Eastern Wash.,5732180,67,51,1541,0
2024-11-26,Cal Poly,Grambling,5736109,82,79,1128,0
2024-11-26,Rutgers,Notre Dame,5731384,85,84,7602,1
2024-11-26,North Carolina,Auburn,5810062,72,85,2400,1
2024-11-26,San Jose St.,UNC Greensboro,5737485,69,64,0,1
2024-11-26,Seattle U,Furman,5731018,56,61,14757,1
2024-11-26,Hawaii,Hawaii Pacific,5730382,67,63,4089,0
2024-11-26,Washington St.,Fresno St.,5738083,84,73,550,1
2024-11-27,Louisville,Indiana,5728376,89,61,1594,1
2024-11-27,Louisiana Tech,Eastern Ky.,5811371,78,69,268,1
2024-11-27,Detroit Mercy,Rhode Island,5740542,75,81,161,1
2024-11-27,UMBC,Morgan St.,5732019,92,69,1062,0
2024-11-27,North Dakota,Southeastern La.,5810350,60,76,123,1
2024-11-27,Col. of Charleston,Northern Ky.,5731631,79,64,4718,0
2024-11-27,Merrimack,UTSA,5738254,74,76,121,1
2024-11-27,Youngstown St.,Western Mich.,5729215,62,73,1543,0
2024-11-27,Charlotte,ETSU,5737563,55,75,2117,0
2024-11-27,Brown,Stony Brook,5722295,77,54,394,0
2024-11-27,Chattanooga,Bryant,5733572,84,76,2712,1
2024-11-27,North Ala.,Dalton St.,5738069,100,69,1127,0
2024-11-27,Texas Southern,Tex. A&M-Kingsville,5740691,80,72,787,0
2024-11-27,Baylor,New Orleans,5734634,91,60,7500,0
2024-11-27,Tennessee Tech,Presbyterian,5733862,90,75,642,0
2024-11-27,West Virginia,Gonzaga,5729841,86,78,959,1
2024-11-27,Iowa St.,Colorado,5810058,99,71,2400,1
2024-11-27,Georgia St.,Tulsa,5833971,74,71,203,1
2024-11-27,Florida Tech,Southern Ill.,5811372,54,81,213,1
2024-11-27,Bethune-Cookman,Gardner-Webb,5810349,64,79,200,1
2024-11-27,Tennessee,UT Martin,5723184,78,35,17314,0
2024-11-27,Morehead St.,NJIT,5728318,69,78,107,1
2024-11-27,App State,Sam Houston,5723850,66,63,2519,1
2024-11-27,Valparaiso,NIU,5734436,87,82,1428,0
2024-11-27,Princeton,Nazareth,5730473,99,63,1490,0
2024-11-27,Harvard,Massachusetts,5725921,54,62,1636,0
2024-11-27,North Dakota St.,West Ga.,5732515,73,61,123,1
2024-11-27,Robert Morris,Canisius,5723274,72,64,685,0
2024-11-27,Oregon,San Diego St.,5730623,78,68,6143,1
2024-11-27,Air Force,Sacramento St.,5723982,61,63,1529,0
2024-11-27,Maryland,Bucknell,5732476,91,67,10744,0
2024-11-27,Auburn,Memphis,5810056,90,76,2400,1
2024-11-27,Oklahoma,Providence,5733827,79,77,801,1
2024-11-27,Austin Peay,UT Arlington,5809976,58,68,276,1
2024-11-27,Richmond,Ball St.,5811373,73,60,311,1
2024-11-27,Western Ill.,UIW,5730175,75,86,53,1
2024-11-27,Virginia Tech,South Carolina,5810313,60,70,3500,1
2024-11-27,Belmont,Tulane,5810352,89,66,389,1
2024-11-27,Winthrop,Averett,5738186,99,56,1289,0
2024-11-27,Texas A&M,Creighton,5735419,77,73,6143,1
2024-11-27,Missouri,Lindenwood,5730282,81,61,9298,0
2024-11-27,Nebraska,South Dakota,5735570,96,79,15172,0
2024-11-27,Vermont,Plattsburgh St.,5734440,78,55,1918,0
2024-11-27,Cincinnati,Alabama St.,5737998,77,59,10970,0
2024-11-27,Syracuse,Cornell,5735812,82,72,14318,0
2024-11-27,Villanova,Rider,5722841,72,48,6501,0
2024-11-27,UCF,Milwaukee,5723267,84,76,6027,0
2024-11-27,UNCW,Colgate,5731586,59,72,3354,1
2024-11-27,Marshall,South Carolina St.,5740569,82,53,3766,0
2024-11-27,Davidson,Arizona,5729012,71,104,1737,1
2024-11-27,Georgia Tech,Charleston So.,5729286,91,67,3414,0
2024-11-27,Samford,Utah Valley,5734134,84,76,913,1
2024-11-27,UNC Greensboro,UTEP,5733098,58,64,0,1
2024-11-27,Houston Christian,Northern Ariz.,5735226,71,74,498,1
2024-11-27,Saint Louis,UMass Lowell,5735993,93,90,4925,0
2024-11-27,Little Rock,UMES,5734325,78,59,865,0
2024-11-27,Michigan,Xavier,5810314,78,53,3500,1
2024-11-27,LMU (CA),Wyoming,5810351,73,70,853,1
2024-11-27,Marquette,Stonehill,5730113,94,59,14715,0
2024-11-27,Montana,CSUN,5730025,83,75,2284,1
2024-11-27,Washington St.,SMU,5810720,60,77,0,1
2024-11-27,North Carolina,Michigan St.,5810055,91,94,2400,1
2024-11-27,Pacific,Ark.-Pine Bluff,5733179,83,71,1020,0
2024-11-27,California,Mercyhurst,5729058,81,55,2093,0
2024-11-27,Rutgers,Alabama,5722387,90,95,6143,1
2024-11-27,San Diego,Marian (WI),5738280,69,64,323,0
2024-11-27,Long Beach St.,San Jose St.,5725902,66,82,0,1
2024-11-27,Dayton,UConn,5810057,85,67,2400,1
2024-11-27,Fresno St.,California Baptist,5810718,81,86,200,1
2024-11-27,Notre Dame,Houston,5732353,54,65,6143,1
2024-11-28,Wichita St.,Minnesota,5723231,68,66,3191,1
2024-11-28,Louisville,West Virginia,5810883,79,70,767,1
2024-11-28,Rhode Island,UT Arlington,5740543,83,78,136,1
2024-11-28,Indiana,Gonzaga,5810880,73,89,2885,1
2024-11-28,Wake Forest,Florida,5731316,58,75,3191,1
2024-11-28,Purdue,NC State,5722137,71,61,4000,1
2024-11-28,North Dakota St.,Utah Valley,5732520,83,63,121,1
2024-11-28,TCU,Santa Clara,5729910,52,69,320,1
2024-11-28,Arkansas,Illinois,5734784,77,90,5707,1
2024-11-28,Oklahoma,Arizona,5810882,82,77,456,1
2024-11-28,Ole Miss,BYU,5722838,96,85,4000,1
2024-11-28,St. Bonaventure,Utah St.,5756590,67,72,0,1
2024-11-28,Colorado St.,Washington,5737039,67,73,435,1
2024-11-28,Butler,Northwestern,5737552,71,69,1736,1
2024-11-28,UC Irvine,Kennesaw St.,5729399,76,59,704,1
2024-11-28,Providence,Davidson,5810881,58,69,760,1
2024-11-28,North Texas,UNI,5722617,68,48,1233,1
2024-11-28,Southern California,Saint Mary's (CA),5738215,36,71,1006,1
2024-11-28,Towson,Kent St.,5729553,54,65,1256,1
2024-11-28,UNLV,Mississippi St.,5729968,58,80,1736,1
2024-11-28,New Mexico,Arizona St.,5738160,82,85,732,1
2024-11-29,South Alabama,Alcorn,5723988,74,65,250,0
2024-11-29,Indiana,Providence,5810878,89,73,1117,1
2024-11-29,App State,Colgate,5730586,72,50,2646,1
2024-11-29,Boston College,Dartmouth,5725857,83,88,2499,0
2024-11-29,Weber St.,Bowling Green,5730841,73,70,0,1
2024-11-29,Wake Forest,Minnesota,5810886,57,51,3875,1
2024-11-29,DePaul,Valparaiso,5729952,89,70,3366,0
2024-11-29,Colorado St.,TCU,5810729,76,72,835,1
2024-11-29,Bradley,Judson (IL),5728449,107,41,5064,0
2024-11-29,George Washington,VMI,5722408,77,64,1294,0
2024-11-29,Binghamton,Niagara,5734400,62,65,329,1
2024-11-29,Elon,Maine,5724047,56,69,1649,1
2024-11-29,Iona,Tarleton St.,5728237,62,51,237,1
2024-11-29,Troy,Merrimack,5736152,68,72,2263,1
2024-11-29,Ohio St.,Pittsburgh,5733107,90,91,13064,0
2024-11-29,Eastern Ill.,NIU,5734265,72,59,715,0
2024-11-29,Vanderbilt,Tennessee Tech,5723016,87,56,6068,0
2024-11-29,Cleveland St.,Morehead St.,5728319,69,71,512,1
2024-11-29,West Virginia,Arizona,5810879,83,76,796,1
2024-11-29,Florida,Wichita St.,5810885,88,51,3875,1
2024-11-29,New Mexico St.,Pepperdine,5737011,70,82,814,1
2024-11-29,BYU,NC State,5833959,72,61,4000,1
2024-11-29,Samford,West Ga.,5737597,86,65,887,1
2024-11-29,Virginia,Holy Cross,5728804,67,41,13488,0
2024-11-29,James Madison,George Mason,5733971,61,66,4611,0
2024-11-29,Liberty,Central Penn,5728578,93,36,2713,0
2024-11-29,UNCW,Sam Houston,5731588,69,60,3374,1
2024-11-29,Washington,Santa Clara,5810730,76,69,1532,1
2024-11-29,Lafayette,LIU,5733611,75,56,829,1
2024-11-29,Penn,Navy,5728279,78,86,1649,1
2024-11-29,Arkansas St.,Indiana St.,5729107,86,81,392,1
2024-11-29,Belmont,Gardner-Webb,5729609,83,74,1211,0
2024-11-29,East Carolina,N.C. A&T,5722014,93,69,4260,0
2024-11-29,Louisville,Oklahoma,5810877,64,69,1866,1
2024-11-29,Purdue,Ole Miss,5833960,80,78,4000,1
2024-11-29,North Texas,Utah St.,5810889,57,61,1154,1
2024-11-29,Northwestern,UNLV,5810326,66,61,1978,1
2024-11-29,VCU,Elizabeth City St.,5734064,103,58,7637,0
2024-11-29,Duke,Seattle U,5732974,70,48,9314,0
2024-11-29,Manhattan,Le Moyne,5736997,77,81,450,0
2024-11-29,Clemson,Florida A&M,5729602,86,58,9000,0
2024-11-29,Kentucky,Georgia St.,5730240,105,76,19914,0
2024-11-29,Hofstra,Rice,5722947,68,63,321,1
2024-11-29,SIUE,North Florida,5733272,73,78,1058,0
2024-11-29,ULM,SFA,5729721,60,68,1336,0
2024-11-29,Kennesaw St.,Towson,5729703,67,63,1478,1
2024-11-29,LSU,Northwestern St.,5732555,77,53,8042,0
2024-11-29,Texas Tech,Northern Colo.,5736415,89,64,13274,0
2024-11-29,Gonzaga,Davidson,5810876,90,65,993,1
2024-11-29,Texas,Delaware St.,5733866,90,68,10716,0
2024-11-29,UNI,St. Bonaventure,5810890,56,68,1154,1
2024-11-29,Mississippi St.,Butler,5810327,77,87,1978,1
2024-11-29,Kent St.,UC Irvine,5729400,39,51,1478,1
2024-11-29,Arizona St.,Saint Mary's (CA),5810747,68,64,2310,1
2024-11-29,UC Santa Barbara,Mississippi Val.,5737382,81,48,1616,0
2024-11-29,New Mexico,Southern California,5810748,83,73,310,1
2024-11-30,Louisiana Tech,Southern U.,5736271,70,73,2257,0
2024-11-30,Sam Houston,Colgate,5732577,82,78,2860,1
2024-11-30,Seton Hall,Monmouth,5733833,51,63,8606,0
2024-11-30,Vermont,Northeastern,5728332,68,64,2316,0
2024-11-30,Notre Dame,Creighton,5810329,76,80,5116,1
2024-11-30,Green Bay,Campbell,5723518,66,72,1920,0
2024-11-30,Wisconsin,Chicago St.,5728896,74,53,14711,0
2024-11-30,Georgia Tech,Central Ark.,5729287,87,68,3414,0
2024-11-30,Marquette,Western Caro.,5729254,94,62,15442,0
2024-11-30,Southern Miss.,Milwaukee,5726055,66,65,2867,0
2024-11-30,Bowling Green,New Mexico St.,5810324,61,60,0,1
2024-11-30,East Texas A&M,Purdue Fort Wayne,5723828,57,77,334,0
2024-11-30,High Point,Pfeiffer,5738127,81,50,1846,0
2024-11-30,Miami (FL),Charleston So.,5736607,79,83,3244,0
2024-11-30,Coastal Carolina,USC Upstate,5731831,73,51,1242,0
2024-11-30,Ohio,Robert Morris,5732711,84,68,0,0
2024-11-30,Indiana St.,Iona,5728239,83,80,325,1
2024-11-30,Elon,Navy,5724052,69,63,931,1
2024-11-30,LIU,Binghamton,5725997,70,75,237,1
2024-11-30,IU Indy,Trinity Christian,5723606,106,49,676,0
2024-11-30,Rider,Delaware,5722845,66,72,1328,0
2024-11-30,Howard,Mount St. Mary's,5730610,75,79,655,0
2024-11-30,UNCW,App State,5723843,76,61,3801,1
2024-11-30,Louisiana,Nicholls,5729029,75,76,1296,0
2024-11-30,N.C. Central,Virginia-Lynchburg,5735079,131,51,145,0
2024-11-30,Montana St.,CSUN,5730026,69,72,2467,0
2024-11-30,Rutgers,Texas A&M,5810330,77,81,5116,1
2024-11-30,UTSA,Houston Christian,5735229,78,71,828,0
2024-11-30,La Salle,Temple,5729919,83,75,3001,0
2024-11-30,Georgetown,UAlbany,5733247,100,68,4227,0
2024-11-30,ETSU,Austin Peay,5738651,79,57,3467,0
2024-11-30,Tarleton St.,Hofstra,5722963,61,59,362,1
2024-11-30,Pepperdine,Weber St.,5810325,53,68,924,1
2024-11-30,Lafayette,Niagara,5733682,59,47,907,1
2024-11-30,A&M-Corpus Christi,Prairie View,5735656,109,74,1155,0
2024-11-30,Penn,Maine,5730861,77,64,931,1
2024-11-30,UIC,Aurora,5737378,91,76,560,0
2024-11-30,Utah,Eastern Wash.,5729686,88,80,7064,0
2024-11-30,Idaho,UC Riverside,5731132,80,68,1567,0
2024-11-30,St. John's (NY),Harvard,5725923,77,64,5602,0
2024-11-30,Bucknell,Siena,5732045,58,71,3079,1
2024-11-30,Youngstown St.,Bethany (WV),5731886,128,60,1377,0
2024-11-30,Northern Ky.,Bellarmine,5735130,86,70,3325,0
2024-11-30,Fla. Atlantic,FGCU,5729572,78,80,3161,0
2024-11-30,Kansas,Furman,5731019,86,51,15300,0
2024-11-30,Drake,Ga. Southern,5728516,61,47,3061,0
2024-11-30,UConn,UMES,5732479,99,45,15684,0
2024-11-30,UC San Diego,La Verne,5731363,109,33,792,0
2024-11-30,Houston,San Diego St.,5810331,70,73,5117,1
2024-11-30,Georgia,Jacksonville,5732125,102,56,6285,0
2024-11-30,Rice,Arkansas St.,5729108,75,67,333,1
2024-11-30,Lehigh,Marist,5729375,74,69,648,0
2024-11-30,Lamar University,Our Lady of the Lake,5740764,88,54,1118,0
2024-11-30,Eastern Mich.,Detroit Mercy,5731192,89,98,1509,0
2024-11-30,Wright St.,Air Force,5728731,70,57,9672,0
2024-11-30,Toledo,Oakland,5736144,52,85,4008,0
2024-11-30,Kennesaw St.,Kent St.,5729554,60,67,1603,1
2024-11-30,Pacific,Cal St. Fullerton,5732146,64,55,979,0
2024-11-30,Omaha,Abilene Christian,5732559,55,71,2243,0
2024-11-30,Sacramento St.,Mercyhurst,5723984,60,66,415,0
2024-11-30,Portland St.,Utah Tech,5730182,71,68,570,0
2024-11-30,Western Ky.,Marshall,5740570,90,82,3120,0
2024-11-30,Alabama A&M,Lipscomb,5734620,44,82,1371,0
2024-11-30,Southeast Mo. St.,Kansas City,5723558,80,59,890,0
2024-11-30,Southern Utah,CSU Bakersfield,5728653,74,64,995,0
2024-11-30,Towson,UC Irvine,5729401,60,67,1603,1
2024-11-30,Alabama,Oregon,5810332,81,83,5116,1
2024-11-30,Stanford,Cal Poly,5723441,90,97,2658,0
2024-11-30,Oregon St.,UC Davis,5735317,90,57,2517,0
2024-12-01,Maryland,Alcorn,5732482,96,58,9504,0
2024-12-01,Niagara,LIU,5725998,60,52,209,1
2024-12-01,Navy,Maine,5728288,66,71,597,1
2024-12-01,Massachusetts,NJIT,5734850,80,68,2154,0
2024-12-01,Central Conn. St.,UMass Lowell,5728508,69,67,871,0
2024-12-01,Longwood,Regent,5737440,108,55,1068,0
2024-12-01,Stony Brook,Norfolk St.,5732389,66,77,0,0
2024-12-01,Iona,Rice,5728242,66,70,294,1
2024-12-01,Tennessee St.,UNC Asheville,5734801,74,92,125,0
2024-12-01,Kansas St.,Ark.-Pine Bluff,5734127,120,73,7971,0
2024-12-01,Saint Francis,Radford,5732440,70,79,672,0
2024-12-01,Morgan St.,Central Penn,5732020,123,70,296,0
2024-12-01,Fairfield,FDU,5735512,78,74,1858,0
2024-12-01,Fordham,New Hampshire,5732832,83,61,1069,0
2024-12-01,Penn St.,Buffalo,5731662,87,64,7214,0
2024-12-01,Lafayette,Binghamton,5733616,81,82,873,1
2024-12-01,Penn,Elon,5724055,53,68,597,1
2024-12-01,Troy,Eastern Ky.,5736153,84,74,2346,0
2024-12-01,Minnesota,Bethune-Cookman,5728683,79,62,7314,0
2024-12-01,UCF,California Baptist,5723622,74,59,5817,0
2024-12-01,UAB,Middle Tenn.,5734930,69,76,3257,0
2024-12-01,Stonehill,Quinnipiac,5730114,88,74,722,0
2024-12-01,Nebraska,North Florida,5722538,103,72,15359,0
2024-12-01,American,Notre Dame (MD),5735242,97,52,652,0
2024-12-01,Oral Roberts,Missouri St.,5722717,67,72,3368,0
2024-12-01,Wofford,North Ala.,5730458,74,54,856,0
2024-12-01,Boston U.,Sacred Heart,5729489,65,73,981,0
2024-12-01,Hofstra,Arkansas St.,5722974,68,66,376,1
2024-12-01,Xavier,South Carolina St.,5733240,71,68,9512,0
2024-12-01,Portland,Denver,5730695,101,90,1049,0
2024-12-01,Texas Southern,Texas St.,5723115,59,72,385,0
2024-12-01,Central Mich.,Purdue Northwest,5734066,115,69,1043,0
2024-12-01,Indiana St.,Tarleton St.,5732490,87,71,212,1
2024-12-01,San Francisco,Mercyhurst,5729778,87,59,1234,0
2024-12-02,Georgetown,UMBC,5733249,86,62,2788,0
2024-12-02,Jacksonville St.,Columbia Int'l,5728822,89,59,1433,0
2024-12-02,Mississippi Val.,Oakwood,5737384,91,71,816,0
2024-12-02,Rhode Island,Yale,5740544,84,78,3547,0
2024-12-02,Drexel,Bryant,5733147,73,78,1061,0
2024-12-02,Old Dominion,William & Mary,5734453,88,83,4563,0
2024-12-02,Miami (OH),Air Force,5728733,73,60,1637,0
2024-12-02,Coppin St.,Loyola Maryland,5722329,57,68,374,0
2024-12-02,Tulane,Southeastern La.,5730557,67,71,1269,0
2024-12-02,ULM,UT Arlington,5729724,70,84,947,0
2024-12-02,St. Thomas (MN),Chicago St.,5731547,98,76,879,0
2024-12-02,Southern Ind.,East-West U.,5728488,104,46,969,0
2024-12-02,South Dakota St.,Dakota Wesleyan,5730929,78,62,1849,0
2024-12-02,Saint Louis,Jackson St.,5735355,74,66,3810,0
2024-12-02,Colorado,Pacific,5733182,75,66,5235,0
2024-12-02,Nevada,Washington St.,5738087,57,68,7748,0
2024-12-03,Maine,Me.-Augusta,5737694,103,51,458,0
2024-12-03,VMI,Virginia-Lynchburg,5735714,113,51,643,0
2024-12-03,Butler,Eastern Ill.,5734266,73,58,6886,0
2024-12-03,Villanova,Cincinnati,5728799,68,60,6501,0
2024-12-03,App State,Mid-Atlantic Christ.,5730583,85,43,1396,0
2024-12-03,Delaware,Delaware St.,5732729,93,80,2104,0
2024-12-03,Grambling,Ark. Baptist,5740770,82,56,732,0
2024-12-03,NIU,Benedictine (IL),5738170,89,70,961,0
2024-12-03,Missouri,California,5729059,98,93,9791,0
2024-12-03,Iowa,Northwestern,5730960,80,79,7698,0
2024-12-03,McNeese,Santa Clara,5729911,67,74,3102,0
2024-12-03,George Mason,UNC Asheville,5738106,74,52,2340,0
2024-12-03,Duquesne,Saint Peter's,5733858,59,62,2118,0
2024-12-03,Queens (NC),Winthrop,5734379,78,86,575,0
2024-12-03,Florida A&M,Presbyterian,5737852,66,63,1088,0
2024-12-03,South Fla.,Stetson,5735431,74,72,3408,0
2024-12-03,Le Moyne,Army West Point,5736135,100,103,803,0
2024-12-03,Chattanooga,Lipscomb,5733575,62,80,2761,0
2024-12-03,Col. of Charleston,Tusculum,5731632,94,71,4388,0
2024-12-03,The Citadel,Toccoa Falls,5732992,94,57,909,0
2024-12-03,Akron,Northern Ky.,5735393,86,73,1578,0
2024-12-03,Georgia,Notre Dame,5732126,69,48,8045,0
2024-12-03,Buffalo,Pitt.-Bradford,5733936,100,65,1001,0
2024-12-03,New Hampshire,Dartmouth,5736582,65,69,438,0
2024-12-03,James Madison,ETSU,5733972,71,61,3364,0
2024-12-03,UNC Greensboro,High Point,5737832,72,68,1680,0
2024-12-03,Miami (FL),Arkansas,5734775,73,76,6389,0
2024-12-03,Northeastern,La Salle,5728334,82,68,687,0
2024-12-03,Dayton,Western Mich.,5729219,77,69,13407,0
2024-12-03,Saint Joseph's,Princeton,5730474,69,77,2176,0
2024-12-03,Hampton,N.C. A&T,5725830,82,71,1778,0
2024-12-03,Boston College,South Carolina,5728546,51,73,4607,0
2024-12-03,East Carolina,UNCW,5722015,53,67,4515,0
2024-12-03,Vermont,Brown,5722296,53,60,2111,0
2024-12-03,Charleston So.,UT Martin,5732251,83,68,789,0
2024-12-03,Indiana,Sam Houston,5728389,97,71,17222,0
2024-12-03,Tennessee,Syracuse,5723188,96,70,21678,0
2024-12-03,Tarleton St.,Dallas Christian,5732654,90,50,1379,0
2024-12-03,SMU,Alabama St.,5735288,101,72,5025,0
2024-12-03,Murray St.,Evansville,5731429,63,61,5358,0
2024-12-03,Southern Ill.,Bradley,5735592,60,83,4332,0
2024-12-03,Providence,BYU,5723824,83,64,12005,0
2024-12-03,Loyola Chicago,Eastern Mich.,5731194,76,54,1881,0
2024-12-03,Southern Utah,Park (AZ),5732748,90,55,900,0
2024-12-03,Grand Canyon,Hawaii,5723469,78,72,7004,0
2024-12-03,Texas A&M,Wake Forest,5737386,57,44,8833,0
2024-12-03,Wisconsin,Michigan,5731231,64,67,14582,0
2024-12-03,Boise St.,Utah Tech,5730365,87,64,10282,0
2024-12-03,Arizona St.,San Diego,5738279,90,53,6633,0
2024-12-03,Louisville,Ole Miss,5722823,63,86,12729,0
2024-12-03,Oklahoma,Georgia Tech,5729288,76,61,7725,0
2024-12-03,LSU,Florida St.,5731139,85,75,8323,0
2024-12-03,Clemson,Kentucky,5729603,70,66,9000,0
2024-12-03,Stanford,Utah Valley,5723443,77,63,2033,0
2024-12-03,Saint Mary's (CA),UTSA,5738217,82,74,3015,0
2024-12-03,UCLA,Washington,5737046,69,58,6089,0
2024-12-04,Mercer,West Ga.,5737598,86,72,1309,0
2024-12-04,Holy Cross,Harvard,5725926,68,67,1033,0
2024-12-04,Morgan St.,Cheyney,5810583,124,57,256,0
2024-12-04,Maryland,Ohio St.,5732488,83,59,13793,0
2024-12-04,UConn,Baylor,5723104,76,72,10299,0
2024-12-04,UAlbany,Columbia,5723877,88,73,2027,0
2024-12-04,FIU,Fla. Atlantic,5738199,77,88,1304,0
2024-12-04,IU Indy,Green Bay,5723523,84,75,615,0
2024-12-04,Lindenwood,East-West U.,5730283,102,45,457,0
2024-12-04,North Ala.,Tennessee Tech,5733867,82,59,1537,0
2024-12-04,Belmont,Illinois St.,5731921,99,97,1301,0
2024-12-04,Saint Francis,Penn St.-Shenango,6058225,107,55,759,0
2024-12-04,Marshall,Morehead St.,5728320,80,77,3836,0
2024-12-04,FGCU,Furman,5729573,73,76,1908,0
2024-12-04,Wofford,Gardner-Webb,5729610,88,64,929,0
2024-12-04,VCU,Ga. Southern,5728526,89,54,6624,0
2024-12-04,American,George Washington,5722409,81,71,1624,0
2024-12-04,Western Caro.,Bellarmine,5729256,86,74,1812,0
2024-12-04,Massachusetts,Central Conn. St.,5728512,69,73,2163,0
2024-12-04,Fairfield,Rider,5722854,78,75,1578,0
2024-12-04,Wagner,Coppin St.,5730065,65,52,201,0
2024-12-04,USC Upstate,Brevard,5737800,91,60,580,0
2024-12-04,Charlotte,Livingstone,5737564,83,61,2432,0
2024-12-04,Robert Morris,Youngstown St.,5731887,58,72,1303,0
2024-12-04,Bucknell,St. Bonaventure,5732819,47,64,934,0
2024-12-04,Lehigh,Monmouth,5733834,90,63,473,0
2024-12-04,Campbell,Coastal Carolina,5731832,57,58,1283,0
2024-12-04,Colgate,Cornell,5732584,57,84,907,0
2024-12-04,William & Mary,Virginia-Lynchburg,5734464,109,55,1719,0
2024-12-04,Fordham,FDU,5732835,84,75,1146,0
2024-12-04,LIU,York (NY),6080823,103,53,241,0
2024-12-04,Florida,Virginia,5728801,87,69,9184,0
2024-12-04,North Carolina,Alabama,5722389,79,94,21750,0
2024-12-04,Wichita St.,Alcorn,5723240,78,54,5642,0
2024-12-04,Middle Tenn.,Rhodes,5734931,103,55,2046,0
2024-12-04,Oral Roberts,Northern Ariz.,5722728,83,76,2934,0
2024-12-04,Omaha,Montana St.,5732568,65,76,1424,0
2024-12-04,Memphis,Louisiana Tech,5732423,81,71,10543,0
2024-12-04,Little Rock,Central Ark.,5733194,63,57,1247,0
2024-12-04,Western Ill.,St. Ambrose,5730174,97,64,693,0
2024-12-04,UIC,UNI,5734739,56,83,732,0
2024-12-04,Tulsa,Oklahoma St.,5731306,55,76,4590,0
2024-12-04,Northern Colo.,St. Thomas (MN),5731548,75,87,1020,0
2024-12-04,South Dakota,Idaho St.,5722739,94,80,1589,0
2024-12-04,Kansas City,Idaho,5723565,77,82,792,0
2024-12-04,Texas St.,Arlington Baptist,5723246,97,49,817,0
2024-12-04,Iowa St.,Marquette,5722750,81,70,14267,0
2024-12-04,Creighton,Kansas,5735420,76,63,17908,0
2024-12-04,Minnesota,Michigan St.,5733000,72,90,8424,0
2024-12-04,Seton Hall,NJIT,5734852,67,56,8099,0
2024-12-04,Utah St.,Wyoming,5756594,70,67,8420,0
2024-12-04,New Mexico,San Jose St.,5738241,83,77,10658,0
2024-12-04,Weber St.,North Dakota St.,5732524,73,77,3291,0
2024-12-04,Colorado St.,LMU (CA),5731774,83,54,4247,0
2024-12-04,New Mexico St.,Abilene Christian,5733877,70,78,4296,0
2024-12-04,Denver,Sacramento St.,5723986,80,59,422,0
2024-12-04,Montana,South Dakota St.,5730930,71,67,2534,0
2024-12-04,Pepperdine,LIFE Pacific,5729363,119,57,456,0
2024-12-04,Eastern Wash.,North Dakota,5730897,87,81,1400,0
2024-12-04,Mississippi St.,Pittsburgh,5729932,90,57,9492,0
2024-12-04,Texas Tech,DePaul,5729953,76,62,11465,0
2024-12-04,NC State,Texas,5732467,59,63,13396,0
2024-12-04,Virginia Tech,Vanderbilt,5729944,64,80,4973,0
2024-12-04,Duke,Auburn,5732976,84,78,9314,0
2024-12-04,Seattle U,Portland St.,5730181,91,74,1194,0
2024-12-04,Southern California,Oregon,5730635,60,68,4460,0
2024-12-04,Fresno St.,San Diego St.,5730890,62,84,5610,0
2024-12-05,Lipscomb,Southeast Mo. St.,5733295,78,60,2123,0
2024-12-05,Detroit Mercy,Purdue Fort Wayne,5723833,79,78,977,0
2024-12-05,Southern Miss.,Alabama St.,5730789,81,64,2888,0
2024-12-05,Penn St.,Purdue,5731663,81,70,8802,0
2024-12-05,South Carolina St.,Samford,5740787,81,88,211,0
2024-12-05,N.C. Central,Radford,5732507,67,70,225,0
2024-12-05,Jacksonville,Florida Tech,5735738,88,67,1000,0
2024-12-05,Oakland,Wright St.,5737611,66,64,1542,0
2024-12-05,Longwood,UMES,5737441,80,76,1932,0
2024-12-05,Aquinas,Central Mich.,5734067,69,93,689,0
2024-12-05,North Florida,Warner,5722540,115,83,1189,0
2024-12-05,UTRGV,SFA,5734211,68,65,878,0
2024-12-05,Nicholls,Southeastern La.,5732762,67,64,587,0
2024-12-05,A&M-Corpus Christi,Lamar University,5735657,61,65,1052,0
2024-12-05,UIW,Northwestern St.,5732871,70,72,452,0
2024-12-05,Arkansas St.,Jackson St.,5729109,66,64,3221,0
2024-12-05,Houston Christian,East Texas A&M,5734609,83,79,679,0
2024-12-05,Milwaukee,Cleveland St.,5726056,79,67,1828,0
2024-12-05,TCU,Xavier,5729656,76,72,5156,0
2024-12-05,Valparaiso,Drake,5734441,60,66,1488,0
2024-12-05,UC Davis,Cal Poly,5736110,77,66,1274,0
2024-12-05,UC Santa Barbara,UC San Diego,5738661,76,84,2065,0
2024-12-05,San Francisco,Saint Louis,5735994,78,61,0,0
2024-12-05,Cal St. Fullerton,Long Beach St.,5725903,56,73,2576,0
2024-12-05,CSUN,UC Riverside,5730027,64,68,1050,0
2024-12-05,UC Irvine,CSU Bakersfield,5728655,82,66,2074,0
2024-12-06,Hofstra,St. Joseph's (L.I.),5722984,114,46,4013,0
2024-12-06,Eastern Ill.,Calumet Col.,5736390,87,57,2839,0
2024-12-06,Bryant,Brown,5722297,75,76,1234,0
2024-12-06,Duquesne,Delaware,5732732,80,66,2033,0
2024-12-06,Niagara,Siena,5732047,69,68,1050,0
2024-12-06,Sacred Heart,Iona,5728247,83,59,1126,0
2024-12-06,Florida A&M,Trinity (FL),5740683,130,58,1021,0
2024-12-06,Saint Peter's,Manhattan,5733084,67,70,688,0
2024-12-06,Davidson,Charleston So.,5735473,73,72,2339,0
2024-12-06,FIU,New College (FL),5809865,70,63,567,0
2024-12-06,Kent St.,Portland,5729555,76,57,1374,0
2024-12-06,Eastern Ky.,Camp. Harrodsburg,5723448,98,62,509,0
2024-12-06,Georgia St.,Kennesaw St.,5729707,77,81,1642,0
2024-12-06,Marist,Mount St. Mary's,5729376,53,50,1596,0
2024-12-06,Canisius,Merrimack,5723281,52,60,755,0
2024-12-06,Indiana,Miami (OH),5728390,76,57,17222,0
2024-12-06,West Virginia,Georgetown,5730275,73,60,11522,0
2024-12-06,Rider,Quinnipiac,5722861,67,72,1615,0
2024-12-06,UAB,Prairie View,5737904,95,66,3153,0
2024-12-06,Western Ill.,East-West U.,5730155,96,49,529,0
2024-12-06,High Point,North Texas,5738134,76,71,3978,0
2024-12-06,Northwestern,Illinois,5737554,70,66,7039,0
2024-12-07,St. John's (NY),Kansas St.,5734128,88,71,5602,0
2024-12-07,UIW,East Texas A&M,5734610,65,53,0,0
2024-12-07,Rhode Island,Providence,5735493,69,63,7685,0
2024-12-07,Massachusetts,UMass Lowell,5740733,83,96,2357,0
2024-12-07,Wake Forest,Boston College,5732356,72,66,10254,0
2024-12-07,Michigan St.,Nebraska,5733002,89,52,14797,0
2024-12-07,Notre Dame,Syracuse,5733117,69,64,6280,0
2024-12-07,Miami (FL),Clemson,5732553,55,65,5582,0
2024-12-07,Ohio St.,Rutgers,5731386,80,66,10477,0
2024-12-07,Furman,Princeton,5730475,69,63,3227,0
2024-12-07,Loyola Chicago,South Fla.,5733007,74,72,3124,0
2024-12-07,VMI,Queens (NC),5734382,78,81,2354,0
2024-12-07,FDU,Lehman,5735513,98,54,376,0
2024-12-07,Boston U.,UAlbany,5729490,80,74,721,0
2024-12-07,Towson,UMBC,5731915,71,84,1965,0
2024-12-07,Detroit Mercy,Wright St.,5736719,72,80,1077,0
2024-12-07,Marquette,Wisconsin,5728898,88,74,18107,0
2024-12-07,Arizona,Southern Utah,5729194,102,66,13747,0
2024-12-07,Northern Ariz.,South Dakota,5735572,95,82,444,0
2024-12-07,Arkansas,UTSA,5734774,75,60,19200,0
2024-12-07,Nicholls,New Orleans,5756619,73,70,544,0
2024-12-07,Evansville,Western Ky.,5740742,65,79,5316,0
2024-12-07,Drexel,Penn,6080773,60,47,14108,1
2024-12-07,South Carolina,East Carolina,5722016,75,68,10997,0
2024-12-07,Holy Cross,Central Conn. St.,5728517,56,69,1002,0
2024-12-07,Delaware St.,Loyola Maryland,5722808,80,77,151,0
2024-12-07,Gardner-Webb,N.C. Central,5729612,77,78,375,0
2024-12-07,George Mason,Tulane,5730558,76,64,2725,0
2024-12-07,NJIT,Navy,5728281,69,64,518,0
2024-12-07,Bowling Green,Morgan St.,5730843,102,81,1704,0
2024-12-07,Mercyhurst,Lafayette,5729779,73,77,300,0
2024-12-07,Dayton,Lehigh,5729903,86,62,13407,0
2024-12-07,Ohio,Morehead St.,5728321,88,76,3128,0
2024-12-07,Columbia,Merchant Marine,5723890,98,49,637,0
2024-12-07,Michigan,Iowa,5731260,85,83,12290,0
2024-12-07,IU Indy,Northern Ky.,5723621,64,66,536,0
2024-12-07,Youngstown St.,Oakland,5731888,66,50,1577,0
2024-12-07,West Ga.,Tennessee Tech,5733886,78,73,872,0
2024-12-07,North Carolina,Georgia Tech,5732549,68,65,19020,0
2024-12-07,Yale,Vermont,5734447,65,50,1242,0
2024-12-07,UNCW,Marshall,5731590,78,69,4811,0
2024-12-07,Virginia Tech,Pittsburgh,5732538,59,64,8925,0
2024-12-07,N.C. A&T,UNC Greensboro,5733454,55,67,2365,0
2024-12-07,Toledo,Defiance,5736145,111,49,3845,0
2024-12-07,UNC Asheville,St. Andrews,5740759,120,64,778,0
2024-12-07,SMU,Virginia,5732521,63,51,5189,0
2024-12-07,McNeese,LeTourneau,5740591,103,69,2756,0
2024-12-07,Tulsa,Southern U.,5740629,66,70,2716,0
2024-12-07,Southern Ill.,Southern Ind.,5728463,73,70,4121,0
2024-12-07,St. Thomas (MN),Montana,5731550,88,81,1213,0
2024-12-07,Western Caro.,USC Upstate,5729257,68,74,1409,0
2024-12-07,Bellarmine,Brescia,5735132,94,66,1123,0
2024-12-07,Akron,SUNY Brockport,5735394,101,48,1560,0
2024-12-07,Green Bay,Cleveland St.,5723529,61,83,2021,0
2024-12-07,Belmont,Middle Tenn.,5731923,82,79,2049,0
2024-12-07,Air Force,Stony Brook,5728829,69,61,1142,1
2024-12-07,UTEP,Seattle U,5733121,88,72,4522,0
2024-12-07,Boise St.,Washington St.,5730366,69,74,4570,1
2024-12-07,California,Stanford,5732746,81,89,6089,0
2024-12-07,James Madison,Utah Valley,5733974,78,61,3726,0
2024-12-07,Sacramento St.,Omaha,5723987,60,70,502,0
2024-12-07,Long Beach St.,Hawaii,5725904,76,68,1446,0
2024-12-07,St. Bonaventure,Buffalo,5733938,65,55,3955,0
2024-12-07,NC State,Florida St.,5731089,84,74,12577,0
2024-12-07,Old Dominion,George Washington,5722410,70,78,5109,0
2024-12-07,Creighton,UNLV,5735421,83,65,17080,0
2024-12-07,Houston Christian,Northwestern St.,5732876,57,64,493,0
2024-12-07,A&M-Corpus Christi,SFA,5734212,67,48,1138,0
2024-12-07,Temple,Villanova,5728802,65,94,14108,1
2024-12-07,Pepperdine,Grambling,5729364,85,57,366,0
2024-12-07,Oregon St.,Idaho,5731134,78,62,3042,0
2024-12-07,UT Martin,Montreat,5732252,112,60,1069,0
2024-12-07,Portland St.,Denver,5730183,67,68,652,0
2024-12-07,Houston,Butler,5732358,79,51,7035,0
2024-12-07,UTRGV,Lamar University,5734363,52,84,646,0
2024-12-07,Sam Houston,Texas Southern,5732761,87,71,454,0
2024-12-07,Washington,Southern California,5732215,61,85,7251,0
2024-12-07,UNI,NIU,5722619,101,57,3742,0
2024-12-07,Ga. Southern,North Florida,5722542,93,91,2838,0
2024-12-07,Le Moyne,Binghamton,5734408,62,72,1162,0
2024-12-07,La Salle,Saint Joseph's,6080764,68,82,14108,1
2024-12-07,Utah,Saint Mary's (CA),5729689,63,72,7435,0
2024-12-07,Wichita St.,ETSU,5723245,96,87,5602,0
2024-12-07,Santa Clara,Fresno St.,5729912,81,66,1513,0
2024-12-07,Illinois St.,Pacific,5723675,72,61,3595,0
2024-12-07,South Dakota St.,Eastern Wash.,5730931,74,53,2768,0
2024-12-07,Winthrop,Coastal Carolina,5731833,96,89,1798,0
2024-12-07,Elon,Wofford,5724057,79,56,2167,0
2024-12-07,Liberty,Mississippi Val.,5728580,89,52,3169,0
2024-12-07,Ark.-Pine Bluff,Central Ark.,5740651,84,78,2485,0
2024-12-07,North Dakota,Weber St.,5730899,80,75,1696,0
2024-12-07,Ole Miss,Lindenwood,5722846,86,53,7106,0
2024-12-07,Colorado,Colorado St.,5735759,72,55,9143,0
2024-12-07,Idaho St.,Oral Roberts,5722733,71,55,1072,0
2024-12-07,Grand Canyon,LIFE Pacific,5723585,100,52,7038,0
2024-12-07,Montana St.,Kansas City,5723568,74,62,2599,0
2024-12-07,UC Riverside,Cal St. Fullerton,5732147,75,68,776,0
2024-12-07,UC Davis,UC Santa Barbara,5736900,71,60,2891,0
2024-12-07,Cal Poly,CSUN,5730028,91,102,1638,0
2024-12-07,North Dakota St.,Northern Colo.,5732528,82,70,1242,0
2024-12-07,Missouri St.,Indiana St.,5732870,77,80,2357,0
2024-12-07,Oklahoma,Alcorn,5733771,94,78,1611,0
2024-12-07,Utah St.,Utah Tech,5736875,92,62,8270,0
2024-12-07,New Mexico,New Mexico St.,5737436,83,89,15411,0
2024-12-07,LMU (CA),Nevada,5731775,68,64,1370,0
2024-12-07,UC San Diego,CSU Bakersfield,5728656,81,60,1862,0
2024-12-07,Gonzaga,Kentucky,5729844,89,90,17846,1
2024-12-07,San Diego St.,San Diego,5730913,74,57,12414,0
2024-12-08,Auburn,Richmond,5736809,98,54,9121,0
2024-12-08,Purdue,Maryland,5732491,83,78,14876,0
2024-12-08,Seton Hall,Oklahoma St.,5731307,76,85,8791,0
2024-12-08,Fordham,Maine,5730862,87,72,1679,0
2024-12-08,TCU,Vanderbilt,5740777,74,83,12642,1
2024-12-08,Army West Point,Cornell,5736136,84,103,300,0
2024-12-08,Niagara,Merrimack,5737731,62,80,860,0
2024-12-08,Iona,Saint Peter's,5728249,72,63,1610,0
2024-12-08,New Hampshire,Harvard,5725927,62,72,446,0
2024-12-08,Canisius,Siena,5723287,53,66,816,0
2024-12-08,Missouri,Kansas,5734095,76,67,15061,0
2024-12-08,UMES,Wagner,5735489,61,63,100,0
2024-12-08,UCF,Tarleton St.,5723628,66,51,5859,0
2024-12-08,SIUE,Ball St.,5733301,82,69,1015,0
2024-12-08,Purdue Fort Wayne,Robert Morris,5723834,82,77,1358,0
2024-12-08,Cincinnati,Howard,5738018,84,67,10913,0
2024-12-08,Bryant,VTSU-Johnson,5738110,122,63,750,0
2024-12-08,Quinnipiac,Sacred Heart,5735087,83,73,1167,0
2024-12-08,Radford,Bucknell,5732461,74,70,1118,0
2024-12-08,Northeastern,Colgate,5728335,78,75,1009,0
2024-12-08,Mount St. Mary's,Fairfield,5730613,101,94,1213,0
2024-12-08,Manhattan,Marist,5729377,75,82,156,0
2024-12-08,Texas St.,Rice,5723165,75,66,1597,0
2024-12-08,Texas Tech,Texas A&M,5737390,67,72,12642,1
2024-12-08,Samford,Austin Peay,5738652,72,47,1337,0
2024-12-08,Stetson,Mercer,5736941,83,89,650,0
2024-12-08,LSU,FGCU,5729575,80,71,7156,0
2024-12-08,Saint Louis,Chicago St.,5734201,85,62,4815,0
2024-12-08,Memphis,Arkansas St.,5729110,72,85,10983,0
2024-12-08,South Alabama,Jacksonville St.,5723993,76,74,1754,0
2024-12-08,Mississippi St.,Prairie View,5729938,91,84,7111,0
2024-12-08,Murray St.,Southeast Mo. St.,5733296,73,53,4795,0
2024-12-08,Louisiana,Louisiana Tech,5729031,58,69,1187,0
2024-12-08,Texas,UConn,5733868,65,76,11039,0
2024-12-08,UIC,Dartmouth,5737230,69,68,728,0
2024-12-08,Louisville,Duke,5732977,65,76,15312,0
2024-12-08,Iowa St.,Jackson St.,5722754,100,58,13658,0
2024-12-08,Oregon,UCLA,5730650,71,73,8133,0
2024-12-08,Longwood,Mary Baldwin,5737442,97,40,1941,0
2024-12-09,Boston U.,Thomas (ME),5729492,113,75,546,0
2024-12-09,Indiana,Minnesota,5731356,82,67,17222,0
2024-12-09,Columbia,Sarah Lawrence,5723895,92,46,502,0
2024-12-09,Norfolk St.,Hofstra,5722992,67,80,1562,0
2024-12-09,South Carolina St.,Charleston So.,5737723,82,63,155,0
2024-12-09,VCU,Penn,5733656,66,47,7016,0
2024-12-09,Baylor,Abilene Christian,5733880,88,57,7500,0
2024-12-09,San Jose St.,Lincoln (CA),5738242,117,80,1659,0
2024-12-10,Southern U.,Lindsey Wilson,5740631,94,69,3655,0
2024-12-10,UMBC,Cairn,5810278,103,57,1178,0
2024-12-10,Delaware,Chestnut Hill,5810846,78,51,1609,0
2024-12-10,Butler,North Dakota St.,5732532,68,71,6980,0
2024-12-10,Tennessee,Miami (FL),5723206,75,62,14846,1
2024-12-10,Lindenwood,Harris-Stowe,5730347,99,53,452,0
2024-12-10,West Virginia,N.C. Central,5730276,79,45,8711,0
2024-12-10,Queens (NC),CarolinaU,5734389,91,53,145,0
2024-12-10,NC State,Coppin St.,5732474,66,56,5500,0
2024-12-10,Saint Joseph's,Col. of Charleston,5731633,75,78,2062,0
2024-12-10,Duke,UIW,5733068,72,46,9314,0
2024-12-10,Syracuse,UAlbany,5735810,102,85,19354,0
2024-12-10,Xavier,Morgan St.,5732021,119,58,9840,0
2024-12-10,Davidson,Charlotte,5735474,75,71,3126,0
2024-12-10,Fla. Atlantic,Jacksonville,5735742,85,63,3161,0
2024-12-10,Princeton,Monmouth,5730476,71,67,1523,0
2024-12-10,Rutgers,Penn St.,5731387,80,76,8000,0
2024-12-10,Mercyhurst,Penn St.-Altoona,5729780,77,51,154,0
2024-12-10,Hampton,Apprentice,5729926,86,68,375,0
2024-12-10,Temple,Holy Family,5729921,110,81,2755,0
2024-12-10,Brown,Rhode Island,5722298,84,80,2253,0
2024-12-10,Nicholls,Southern-N.O.,5756620,110,66,302,0
2024-12-10,Houston,Troy,5732360,62,42,7035,0
2024-12-10,Western Ky.,Tennessee St.,5740743,84,60,2312,0
2024-12-10,South Dakota,Wyoming,5735574,82,81,1838,0
2024-12-10,Little Rock,Ouachita Baptist,5733196,80,57,920,0
2024-12-10,Tulane,Southern Miss.,5730559,86,58,1254,0
2024-12-10,DePaul,Providence,5729954,63,70,3548,0
2024-12-10,Cal St. Fullerton,La Sierra,5732148,61,55,458,0
2024-12-10,Arkansas,Michigan,5730961,89,87,14846,1
2024-12-10,Illinois,Wisconsin,5731232,86,80,15544,0
2024-12-10,Montana,Montana Tech,5736948,89,60,2709,0
2024-12-10,Denver,UC-Colo. Springs,5730698,94,87,549,0
2024-12-10,Portland,Kansas City,5723570,64,69,781,0
2024-12-10,San Diego,Long Beach St.,5725905,70,76,531,0
2024-12-10,California,Cornell,5729061,80,88,3035,0
2024-12-10,Washington,Eastern Wash.,5732181,87,69,5655,0
2024-12-11,Presbyterian,Columbia (SC),5737846,97,57,583,0
2024-12-11,Baylor,Norfolk St.,5734639,94,69,7500,0
2024-12-11,UNC Asheville,Bluefield Univ.,5833871,92,46,660,0
2024-12-11,UMass Lowell,LIU,5725999,69,62,427,0
2024-12-11,Green Bay,Milwaukee,5723535,67,88,2135,0
2024-12-11,Howard,Virginia-Lynchburg,5738019,124,50,544,0
2024-12-11,St. John's (NY),Bryant,5737702,99,77,4573,0
2024-12-11,Delaware St.,NJIT,5734855,71,59,102,0
2024-12-11,Notre Dame,Dartmouth,5733119,77,65,3827,0
2024-12-11,Wright St.,Marshall,5737612,88,79,3569,0
2024-12-11,Coastal Carolina,Southern Va.,5731834,82,57,1487,0
2024-12-11,Pittsburgh,Eastern Ky.,5735238,96,56,5948,0
2024-12-11,Northern Ky.,Cumberlands (KY),5737888,98,79,1721,0
2024-12-11,Alabama St.,UT Martin,5732253,103,93,550,0
2024-12-11,East Carolina,North Ala.,5722017,67,74,3177,0
2024-12-11,Villanova,FDU,5728803,86,72,6501,0
2024-12-11,Stonehill,Lesley,5730115,97,53,112,0
2024-12-11,Duquesne,Maine,5730863,56,61,2076,0
2024-12-11,Purdue Fort Wayne,IU Indy,5723636,78,76,1407,0
2024-12-11,Louisville,UTEP,5728472,77,74,11668,0
2024-12-11,ULM,Ark.-Pine Bluff,5729726,89,73,1032,0
2024-12-11,Louisiana,Southeastern La.,5729033,68,61,1165,0
2024-12-11,Kentucky,Colgate,5732611,78,67,19646,0
2024-12-11,Utah Valley,North Dakota,5730947,80,57,2135,0
2024-12-11,BYU,Fresno St.,5723825,95,67,15950,0
2024-12-11,Nevada,South Dakota St.,5730932,77,63,7440,0
2024-12-11,San Francisco,Stanislaus St.,5738026,68,52,1238,0
2024-12-11,San Diego St.,California Baptist,5730320,81,75,12414,0
2024-12-12,VMI,Regent,5735717,100,61,3250,0
2024-12-12,Winthrop,Bob Jones,5738188,103,55,1328,0
2024-12-12,Virginia Tech,N.C. A&T,5729945,95,67,4856,0
2024-12-12,The Citadel,Campbell,5732995,58,86,835,0
2024-12-12,Virginia,Bethune-Cookman,5728807,59,41,12021,0
2024-12-12,Iowa,Iowa St.,5722759,80,89,13033,0
2024-12-12,Arkansas St.,UT Arlington,5729111,83,79,4914,0
2024-12-12,Texas,New Mexico St.,5733869,91,67,10600,0
2024-12-12,Evansville,Chattanooga,5733578,67,75,3862,0
2024-12-12,Drake,St. Ambrose,5810206,90,35,4919,0
2024-12-13,North Dakota St.,Wis.-Stout,5732536,91,62,1234,0
2024-12-13,George Washington,Army West Point,5722411,75,60,2049,0
2024-12-13,Merrimack,Boston U.,5729493,64,61,1327,0
2024-12-13,Louisiana Tech,Ga. Southern,5728528,77,63,1833,0
2024-12-13,St. Thomas (MN),Western Mich.,5729216,77,71,1092,0
2024-12-13,UTSA,North Dakota,6081005,80,76,783,0
2024-12-13,Nebraska,Indiana,5731357,85,68,14635,0
2024-12-13,UNI,Omaha,5722620,78,58,3284,0
2024-12-13,Colorado,South Dakota St.,5730933,81,70,5942,0
2024-12-13,Utah Tech,Weber St.,5722740,71,73,1559,0
2024-12-14,Clemson,Memphis,5729604,82,87,8148,0
2024-12-14,Missouri,LIU,5726000,88,61,8969,0
2024-12-14,Purdue,Texas A&M,5734658,66,70,0,1
2024-12-14,South Dakota,Western Ill.,5730173,89,66,1550,0
2024-12-14,Furman,South Carolina St.,5731020,68,64,2374,0
2024-12-14,Penn St.,Coppin St.,5722337,99,51,6557,0
2024-12-14,Louisiana,Lamar University,5729034,45,74,1113,0
2024-12-14,Rider,Stony Brook,5722868,55,72,1009,0
2024-12-14,Jacksonville,ETSU,5735743,60,52,1000,0
2024-12-14,Auburn,Ohio St.,5733111,91,53,12900,1
2024-12-14,Youngstown St.,Toledo,5731889,93,87,2416,0
2024-12-14,Canisius,Maine,5723295,79,84,830,0
2024-12-14,DePaul,Wichita St.,5723252,91,72,3861,0
2024-12-14,Gardner-Webb,Queens (NC),5729613,83,85,750,0
2024-12-14,UMass Lowell,Dartmouth,5737232,92,83,511,0
2024-12-14,Cincinnati,Xavier,5733243,68,65,12513,0
2024-12-14,Le Moyne,SUNY Delhi,5736998,106,51,306,0
2024-12-14,Longwood,N.C. Central,5735082,70,77,2024,0
2024-12-14,High Point,App State,5730584,65,59,1245,1
2024-12-14,Georgia St.,Charlotte,5730239,63,77,1490,0
2024-12-14,Fla. Atlantic,Texas St.,5723171,89,80,3161,0
2024-12-14,UNC Asheville,Western Caro.,5729259,78,61,923,0
2024-12-14,South Carolina,USC Upstate,5728558,73,53,11092,0
2024-12-14,UCF,Tulsa,5730924,88,75,7866,1
2024-12-14,Western Ky.,Murray St.,5740744,81,76,3707,0
2024-12-14,Syracuse,Georgetown,5733254,71,75,17187,0
2024-12-14,Butler,Wisconsin,5728900,74,83,15045,1
2024-12-14,Bryant,Fordham,5732919,84,86,2145,1
2024-12-14,Rutgers,Seton Hall,5731388,66,63,8000,0
2024-12-14,Howard,UNCW,5731677,88,83,499,0
2024-12-14,Arizona,UCLA,5729195,54,57,8437,1
2024-12-14,Cleveland St.,Brescia,5732710,103,37,868,0
2024-12-14,UT Arlington,ULM,5729728,77,68,1369,0
2024-12-14,Bellarmine,Ball St.,5723649,82,86,1572,0
2024-12-14,Tennessee St.,Johnson (TN),5734846,89,58,247,0
2024-12-14,California,Northwestern St.,5732882,84,66,2916,0
2024-12-14,Kansas,NC State,5732484,75,60,15300,0
2024-12-14,Florida,Arizona St.,5731317,83,66,12900,1
2024-12-14,Ole Miss,Southern Miss.,5722853,77,46,2928,1
2024-12-14,Stetson,FIU,5736972,72,81,508,0
2024-12-14,New Mexico,Western N.M.,5737437,122,70,11419,0
2024-12-14,Pepperdine,Northern Ariz.,5729365,86,76,575,0
2024-12-14,UMES,Bryn Athyn,5740711,91,65,386,0
2024-12-14,Utah St.,South Fla.,5735432,88,67,7644,0
2024-12-14,NJIT,Wagner,5734856,43,50,476,0
2024-12-14,Marshall,Ohio,5735517,79,70,4278,0
2024-12-14,North Carolina,La Salle,5722995,93,67,18420,0
2024-12-14,Arkansas,Central Ark.,5734759,82,57,15535,0
2024-12-14,Valparaiso,Central Mich.,5734069,93,77,1824,0
2024-12-14,SMU,LSU,5735292,74,64,3479,1
2024-12-14,Santa Clara,Bradley,5728418,84,74,0,1
2024-12-14,Lindenwood,IU Indy,5723642,81,63,610,0
2024-12-14,Florida St.,Tulane,5731067,77,64,7866,1
2024-12-14,North Florida,UNC Greensboro,5722543,89,77,1349,0
2024-12-14,Austin Peay,Southern Ill.,5738653,60,65,1727,0
2024-12-14,Jacksonville St.,Utah Valley,5725870,70,66,1033,0
2024-12-14,Washington St.,Missouri St.,5733074,91,78,3304,0
2024-12-14,Portland St.,Northwest Indian,5730186,110,48,363,0
2024-12-14,Oregon St.,UC Irvine,5729402,67,55,2740,0
2024-12-14,Providence,St. Bonaventure,5735494,70,74,6307,1
2024-12-14,West Virginia,Bethune-Cookman,5729447,84,61,9651,0
2024-12-14,Massachusetts,UMass Boston,5740781,86,52,2233,0
2024-12-14,Kentucky,Louisville,5728474,93,85,21093,0
2024-12-14,UTRGV,Northern N.M.,5734371,72,60,807,0
2024-12-14,Illinois,Tennessee,5723208,64,66,15544,0
2024-12-14,Troy,Middle Ga. St.,5736155,87,53,2451,0
2024-12-14,Niagara,Saint Francis,5737734,69,66,738,0
2024-12-14,Georgia,Grand Canyon,5723472,73,68,12900,1
2024-12-14,Richmond,Belmont,5731924,86,93,5041,0
2024-12-14,Mississippi St.,McNeese,5729937,66,63,3846,1
2024-12-14,Duquesne,Towson,5731926,65,47,814,1
2024-12-14,Fresno St.,San Diego,5738281,73,65,4325,0
2024-12-14,UC Santa Barbara,Green Bay,5723540,83,66,1026,0
2024-12-14,Utah,Radford,5729690,81,63,7370,0
2024-12-14,Davidson,Detroit Mercy,5735475,86,51,2203,0
2024-12-14,Dayton,Marquette,5729904,71,63,13407,0
2024-12-14,UAlbany,Drexel,5729272,70,77,1578,0
2024-12-14,Elon,Virginia-Lynchburg,5724060,114,52,1145,0
2024-12-14,Liberty,N.C. A&T,5728587,83,74,2685,0
2024-12-14,Mount St. Mary's,Loyola Maryland,5722815,69,77,1527,0
2024-12-14,Abilene Christian,Hardin-Simmons,5733883,93,62,1065,0
2024-12-14,Colorado St.,VCU,5734068,68,76,0,1
2024-12-14,Seattle U,Pacific (OR),5735143,111,44,688,0
2024-12-14,Kansas City,Bowling Green,5723573,85,77,725,0
2024-12-14,UConn,Gonzaga,5729846,77,71,18933,1
2024-12-14,Eastern Ky.,Eastern Ill.,5723341,81,66,457,0
2024-12-14,Oklahoma,Oklahoma St.,5731308,80,65,10300,1
2024-12-14,Idaho St.,Walla Walla,5810775,97,43,1029,0
2024-12-14,Alabama,Creighton,5722390,83,75,13474,0
2024-12-14,Boise St.,Saint Mary's (CA),5730367,67,65,3443,1
2024-12-14,LMU (CA),Prairie View,5731776,76,75,769,0
2024-12-14,BYU,Wyoming,5723826,68,49,11217,1
2024-12-14,San Jose St.,Cal Poly,5736111,107,100,2134,0
2024-12-14,Nevada,Texas Southern,5738143,105,73,7512,0
2024-12-14,Sacramento St.,UC Davis,5723989,62,69,902,0
2024-12-14,UNLV,Pacific,5733186,72,65,0,1
2024-12-14,Hawaii,A&M-Corpus Christi,5730383,71,62,4614,0
2024-12-15,Virginia Tech,Navy,5728283,80,72,4385,0
2024-12-15,Hofstra,Temple,5723002,42,60,2274,0
2024-12-15,East Texas A&M,South Alabama,5724004,72,81,217,0
2024-12-15,Morehead St.,Ky. Christian,5728326,86,63,1034,0
2024-12-15,Northern Ky.,Norfolk St.,5737881,71,62,3279,0
2024-12-15,Old Dominion,Northeastern,5728337,71,75,4050,0
2024-12-15,Rhode Island,Central Conn. St.,5728531,77,69,3842,0
2024-12-15,Iowa St.,Omaha,5722761,83,51,14267,0
2024-12-15,Miami (OH),Bethany (WV),5729298,112,70,1003,0
2024-12-15,Milwaukee,Akron,5726057,100,81,3278,1
2024-12-15,Binghamton,Lancaster Bible,5734414,85,60,1053,0
2024-12-15,Miami (FL),Presbyterian,5736612,94,75,5214,0
2024-12-15,Chattanooga,Alabama A&M,5733580,85,63,2926,0
2024-12-15,Eastern Mich.,Purdue Fort Wayne,5731196,76,99,1239,0
2024-12-15,Morgan St.,Campbell,5732022,86,76,117,0
2024-12-15,SIUE,Eureka,5733305,100,52,1007,0
2024-12-15,Little Rock,UIC,5733199,69,77,602,0
2024-12-15,Colgate,Vermont,5732615,65,60,653,0
2024-12-15,Southern Ind.,Shawnee St.,5728483,91,56,1182,0
2024-12-15,Iowa,New Orleans,5730962,104,57,9410,0
2024-12-15,Mercer,Chicago St.,5732688,75,63,812,0
2024-12-15,North Dakota St.,Western Mich.,5729220,98,62,1009,0
2024-12-15,Texas,Ark.-Pine Bluff,5733871,121,57,10514,0
2024-12-15,St. Thomas (MN),Crown (MN),5731552,100,61,794,0
2024-12-15,North Dakota,UTSA,5730948,85,95,1613,0
2024-12-15,Southeast Mo. St.,St. Mary-Woods,5734000,93,56,630,0
2024-12-15,Northwestern,Georgia Tech,5729289,71,60,0,1
2024-12-15,Boston College,Stonehill,5725859,73,69,3993,0
2024-12-15,UIW,Our Lady of the Lake,5740674,93,69,169,0
2024-12-15,UT Martin,Champion Chris.,5732290,123,56,821,0
2024-12-15,CSU Bakersfield,La Sierra,5728657,96,47,589,0
2024-12-15,Illinois St.,Saint Louis,5723680,81,77,4188,0
2024-12-15,UC Riverside,St. Francis (IL),5738020,78,55,182,0
2024-12-15,Cal St. Fullerton,Denver,5730700,74,59,405,0
2024-12-15,Kent St.,Mercyhurst,5729556,82,57,1376,0
2024-12-15,Oregon,SFA,5730651,79,61,5792,0
2024-12-15,UAB,Arkansas St.,5729113,89,98,4108,0
2024-12-15,Loyola Chicago,San Francisco,5733012,66,76,3278,1
2024-12-15,Idaho,UC San Diego,5731135,56,80,1410,0
2024-12-15,Southern California,Montana St.,5732216,89,63,4828,0
2024-12-16,UMES,Cairn,5740712,81,64,218,0
2024-12-16,Central Ark.,The Citadel,5756631,73,71,583,0
2024-12-16,Marshall,West Va. Wesleyan,5740571,93,63,3424,0
2024-12-16,Grambling,Southeastern La.,5732780,65,75,400,0
2024-12-16,Col. of Charleston,Wofford,5730500,77,67,4748,0
2024-12-16,Middle Tenn.,California Baptist,5730321,75,64,1724,0
2024-12-16,Louisiana Tech,Grand Canyon,5723474,74,66,2173,0
2024-12-16,Sam Houston,St. Thomas (TX),5732773,80,54,356,0
2024-12-16,Rice,Alcorn,5734601,77,75,1297,0
2024-12-16,Lipscomb,Truett-McConnell,5736877,99,67,348,0
2024-12-16,UNI,Montana,5722621,104,76,3045,0
2024-12-16,Texas Tech,Oral Roberts,5722737,86,50,9967,0
2024-12-16,Northern Colo.,Air Force,5728831,81,76,1183,0
2024-12-16,TCU,South Alabama,5724010,58,49,4781,0
2024-12-16,UTEP,Tarleton St.,5732676,67,62,4442,0
2024-12-16,Utah Tech,Whittier,5722745,100,66,1046,0
2024-12-16,New Mexico St.,Southern Utah,5732681,72,69,3998,0
2024-12-16,Portland,Willamette,5756733,100,69,705,0
2024-12-17,Delaware,Misericordia,5810847,92,75,3202,0
2024-12-17,Ark.-Pine Bluff,Ecclesia,5740653,120,61,3412,0
2024-12-17,Howard,Drexel,5733150,65,68,683,0
2024-12-17,St. John's (NY),DePaul,5729956,89,61,5602,0
2024-12-17,UNC Asheville,North Florida,5722545,95,81,679,0
2024-12-17,Troy,LaGrange,5736156,105,60,2124,0
2024-12-17,Robert Morris,Towson,5731927,68,67,801,0
2024-12-17,Oakland,Michigan St.,5733004,58,77,12011,1
2024-12-17,Duke,George Mason,5732989,68,47,9314,0
2024-12-17,Ole Miss,Southern U.,5722859,74,61,6796,0
2024-12-17,Siena,St. Bonaventure,5732048,48,65,5101,0
2024-12-17,UNC Greensboro,William Peace,5737834,86,37,389,0
2024-12-17,N.C. Central,Mid-Atlantic Christ.,5735084,112,67,137,0
2024-12-17,Quinnipiac,Holy Cross,5732386,69,70,652,0
2024-12-17,North Carolina,Florida,5723013,84,90,16058,1
2024-12-17,East Carolina,FIU,5722018,75,64,3359,0
2024-12-17,South Carolina,Clemson,5728561,91,88,12780,0
2024-12-17,High Point,CarolinaU,5738136,99,31,1778,0
2024-12-17,Tennessee,Western Caro.,5723216,84,36,16866,0
2024-12-17,Stony Brook,Marist,5729378,66,68,1699,0
2024-12-17,Wake Forest,James Madison,5733976,75,58,7463,0
2024-12-17,Ga. Southern,Gardner-Webb,5728533,86,81,1611,0
2024-12-17,Charlotte,West Ga.,5737569,75,70,2058,0
2024-12-17,Dayton,UNLV,5729905,66,65,13407,0
2024-12-17,N.C. A&T,Coastal Carolina,5731835,68,73,923,0
2024-12-17,Liberty,St. Andrews,5728592,124,50,2125,0
2024-12-17,Florida St.,Winthrop,5731084,82,64,4354,0
2024-12-17,Wichita St.,Kansas City,5723258,64,74,5722,0
2024-12-17,Missouri,Jacksonville St.,5728688,83,72,8515,0
2024-12-17,Villanova,Seton Hall,5728805,79,67,6501,0
2024-12-17,Maryland,Saint Francis,5732495,111,57,10555,0
2024-12-17,Mississippi St.,Central Mich.,5729943,83,59,2536,1
2024-12-17,Kansas St.,Drake,5734132,70,73,9210,0
2024-12-17,Western Ky.,Seattle U,5735144,86,73,2702,0
2024-12-17,Ohio St.,Valparaiso,5733115,95,73,8079,0
2024-12-17,Auburn,Georgia St.,5730238,100,59,9121,0
2024-12-17,Southern Miss.,Lamar University,5730777,65,69,2829,0
2024-12-17,ULM,Houston Christian,5729730,68,74,1212,0
2024-12-17,Western Ill.,Tennessee Tech,5730172,71,68,746,0
2024-12-17,LSU,Stetson,5736974,99,53,6599,0
2024-12-17,Utah,Florida A&M,5729691,89,59,6699,0
2024-12-17,Boise St.,Texas Southern,5730368,82,51,9968,0
2024-12-17,Utah St.,UC San Diego,5756596,73,75,7354,0
2024-12-17,Colorado St.,Radford,5732477,78,68,3931,0
2024-12-17,UCLA,Prairie View,5738268,111,75,5017,0
2024-12-17,Oregon St.,Sacramento St.,5724039,82,45,2314,0
2024-12-17,Stanford,Merrimack,5723446,74,68,2121,0
2024-12-17,Cal Poly,Denver,5730702,95,94,1432,0
2024-12-18,Dartmouth,Le Moyne,5737000,76,80,1400,0
2024-12-18,Sacred Heart,UAlbany,5736307,66,74,1800,0
2024-12-18,Green Bay,Michigan Tech,5723543,70,72,5207,0
2024-12-18,East Texas A&M,Abilene Christian,5733889,68,67,1611,0
2024-12-18,A&M-Corpus Christi,S'western Adventist,5735658,117,63,1400,0
2024-12-18,Presbyterian,Virginia-Lynchburg,5737847,116,53,270,0
2024-12-18,Binghamton,Mercyhurst,5729782,62,60,2008,0
2024-12-18,UMass Lowell,Stonehill,5730117,78,67,395,0
2024-12-18,USC Upstate,South Carolina St.,5737801,70,85,495,0
2024-12-18,Georgetown,Creighton,5733252,81,57,4062,0
2024-12-18,La Salle,FDU,5735515,77,72,978,0
2024-12-18,George Washington,Lafayette,5722412,82,62,1196,0
2024-12-18,Ohio,Austin Peay,5735518,78,58,3065,0
2024-12-18,Northern Ky.,Detroit Mercy,5736727,73,60,1936,0
2024-12-18,Campbell,Longwood,5734874,55,77,1077,0
2024-12-18,UConn,Xavier,5732493,94,89,15684,0
2024-12-18,UNCW,FGCU,5729577,79,66,4474,0
2024-12-18,Furman,Montreat,5731043,100,75,897,0
2024-12-18,Vermont,Miami (OH),5729299,75,67,2065,0
2024-12-18,William & Mary,Richmond,5734474,93,87,2393,0
2024-12-18,South Fla.,Bethune-Cookman,5729448,69,77,3748,0
2024-12-18,LIU,Mount St. Mary's,5726001,72,80,343,0
2024-12-18,Massachusetts,Northeastern,5728338,77,72,2033,0
2024-12-18,Wagner,Manhattan,5730066,66,80,407,0
2024-12-18,Saint Joseph's,American,5735214,84,57,1258,0
2024-12-18,Chattanooga,Tenn. Wesleyan,5733583,99,52,2488,0
2024-12-18,Queens (NC),Mercer,5734475,73,66,512,0
2024-12-18,ETSU,Elon,5724063,84,58,3177,0
2024-12-18,Temple,Davidson,5729922,62,61,2472,0
2024-12-18,Virginia,Memphis,5728809,62,64,12108,0
2024-12-18,Hampton,Regent,5729927,108,65,367,0
2024-12-18,Indiana St.,Murray St.,5731430,84,74,4132,0
2024-12-18,Wright St.,Youngstown St.,5731890,70,80,3932,0
2024-12-18,Fairfield,Central Conn. St.,5728522,63,64,2058,0
2024-12-18,Georgia Tech,UMBC,5729290,91,82,3494,0
2024-12-18,UTRGV,Southern Utah,5732685,78,73,1637,0
2024-12-18,UAB,Alabama A&M,5734622,96,67,3661,0
2024-12-18,Vanderbilt,The Citadel,5723050,105,53,6317,0
2024-12-18,Louisiana,App State,5723881,68,62,1391,0
2024-12-18,Saint Louis,Wofford,5730502,71,74,3679,0
2024-12-18,Loyola Chicago,Canisius,5723304,72,60,1965,0
2024-12-18,Bradley,San Francisco,5728420,66,64,4918,0
2024-12-18,Illinois St.,NIU,5723689,81,60,2927,0
2024-12-18,Oklahoma St.,Tarleton St.,5731309,66,61,5188,0
2024-12-18,Houston,Toledo,5732364,78,49,7035,0
2024-12-18,Missouri St.,Lincoln (MO),5733066,61,49,1324,0
2024-12-18,UT Arlington,Evansville,5737030,80,54,1256,0
2024-12-18,North Texas,Mississippi Val.,5737385,83,42,2568,0
2024-12-18,North Dakota,Alabama,5722391,90,97,3085,0
2024-12-18,UC Davis,Idaho,5731137,74,66,875,0
2024-12-18,Gonzaga,Nicholls,5729847,102,72,6000,0
2024-12-18,Oklahoma,Michigan,5731261,87,86,5859,1
2024-12-18,Arizona,Samford,5729196,96,64,12847,0
2024-12-18,Weber St.,Lincoln (CA),5740537,128,58,1422,0
2024-12-18,Idaho St.,Utah Valley,5722775,56,70,1127,0
2024-12-18,New Mexico,VCU,5734071,78,71,11483,0
2024-12-18,Marquette,Butler,5733006,80,70,15770,0
2024-12-18,UC Riverside,Montana St.,5732733,83,80,257,0
2024-12-18,Southern California,CSUN,5730029,90,69,4039,0
2024-12-18,LMU (CA),UC Santa Barbara,5731777,60,58,962,0
2024-12-18,Santa Clara,Kennesaw St.,5729715,94,74,1047,0
2024-12-18,Portland,CSU Bakersfield,5728660,64,81,732,0
2024-12-18,Pacific,Portland St.,5730184,75,81,1074,0
2024-12-18,Washington,Washington St.,5737048,89,73,7880,0
2024-12-19,Western Caro.,Milligan,5737711,78,69,3514,0
2024-12-19,Rice,UNT Dallas,5734602,68,69,1381,0
2024-12-19,UTSA,S'western Adventist,5738256,117,58,751,0
2024-12-19,Norfolk St.,Alabama St.,5740567,71,54,0,1
2024-12-19,UIW,Schreiner,5740675,101,57,118,0
2024-12-19,UNC Asheville,Virginia-Lynchburg,5740760,114,60,562,0
2024-12-19,Cleveland St.,Oakland,5732599,92,75,1205,0
2024-12-19,North Ala.,Charleston So.,5737724,86,69,1287,0
2024-12-19,Georgia,Buffalo,5732127,100,49,6349,0
2024-12-19,Saint Francis,Franciscan,6081548,104,47,333,0
2024-12-19,Morehead St.,UT Martin,5728323,70,69,1081,0
2024-12-19,Middle Tenn.,Lipscomb,5734932,67,65,3432,0
2024-12-19,Delaware St.,Grambling,5809549,73,60,0,1
2024-12-19,Belmont,UC Irvine,5729403,84,92,1732,0
2024-12-19,Little Rock,SIUE,5733202,60,56,820,0
2024-12-19,South Dakota St.,Chadron St.,5730934,87,72,1258,0
2024-12-19,Texas,New Orleans,5733873,98,62,10565,0
2024-12-19,Southeast Mo. St.,Eastern Ill.,5733297,79,72,840,0
2024-12-19,Southern Ind.,Tennessee St.,5728464,77,75,1311,0
2024-12-19,Wyoming,Bellarmine,5735133,92,55,2998,0
2024-12-19,Lindenwood,Tennessee Tech,5730348,73,79,676,0
2024-12-19,New Mexico St.,Northern N.M.,5737479,87,50,3745,0
2024-12-19,Grand Canyon,Chicago St.,5723476,74,51,7024,0
2024-12-19,Pepperdine,Long Beach St.,5725906,76,79,389,0
2024-12-19,Utah Tech,South Dakota,5722758,92,87,1016,0
2024-12-19,Saint Mary's (CA),Merrimack,5738219,73,68,3255,0
2024-12-20,Western Mich.,Valparaiso,5729221,73,76,1234,0
2024-12-20,Radford,Virginia-Lynchburg,5732483,122,63,831,0
2024-12-20,Northwestern St.,Southern-N.O.,5732884,89,79,298,0
2024-12-20,Texas A&M,Houston Christian,5735232,77,45,5023,0
2024-12-20,Grambling,Norfolk St.,5809650,70,76,0,1
2024-12-20,Seattle U,UIC,5735147,68,79,852,0
2024-12-20,Purdue Fort Wayne,Defiance,5723848,103,52,650,0
2024-12-20,Penn,Rider,5722877,79,66,699,0
2024-12-20,Alabama St.,Delaware St.,5740574,80,83,0,1
2024-12-20,N.C. Central,Longwood,5735088,67,82,265,0
2024-12-20,Southeastern La.,Loyola (LA),5732788,96,62,483,0
2024-12-20,Saint Peter's,Delaware,5732737,72,64,495,0
2024-12-20,Siena,Holy Cross,5732049,70,78,4766,0
2024-12-20,Yale,Akron,5735395,74,58,4916,1
2024-12-20,Tulane,Dillard,5738126,99,56,874,0
2024-12-20,SFA,Texas Wesleyan,5734653,82,56,1379,0
2024-12-20,North Texas,App State,5810306,68,64,2666,0
2024-12-20,Providence,St. John's (NY),5735495,70,72,12104,0
2024-12-20,North Dakota,South Dakota Mines,5730949,80,48,1482,0
2024-12-20,Dayton,Cincinnati,5729906,59,66,15107,1
2024-12-20,BYU,Florida A&M,5723827,103,57,15544,0
2024-12-20,UTEP,Jackson St.,5733163,67,61,4916,1
2024-12-20,LMU (CA),Southern U.,5731778,89,73,789,0
2024-12-21,Drexel,Penn St.,5731664,64,75,2312,0
2024-12-21,Northern Ky.,South Carolina St.,5737887,58,47,1937,0
2024-12-21,Indiana,Chattanooga,5728392,74,65,13574,0
2024-12-21,Saint Joseph's,Virginia Tech,5729947,82,62,2346,1
2024-12-21,Rutgers,Princeton,5730478,82,83,10148,1
2024-12-21,Florida,North Florida,5722547,99,45,10109,0
2024-12-21,Butler,UConn,5732496,74,78,9100,0
2024-12-21,Xavier,Marquette,5733011,70,72,10452,0
2024-12-21,Georgia Tech,Duke,5732993,56,82,8005,0
2024-12-21,Maryland,Syracuse,5732501,87,60,8022,1
2024-12-21,Dartmouth,Vermont,5734455,84,54,1127,0
2024-12-21,Boston College,SMU,5732359,77,103,4168,0
2024-12-21,Memphis,Mississippi St.,5729941,66,79,14565,0
2024-12-21,Texas Tech,Lamar University,5736421,101,57,10013,0
2024-12-21,USC Upstate,Youngstown St.,5731891,64,72,165,0
2024-12-21,LIU,Lehigh,5733872,59,60,318,0
2024-12-21,Presbyterian,Manhattan,5737851,81,86,290,0
2024-12-21,Indiana St.,UHSP,5732889,101,53,4109,0
2024-12-21,Robert Morris,Saint Francis,5732715,90,77,922,0
2024-12-21,Pittsburgh,Sam Houston,5732829,110,78,7164,0
2024-12-21,Monmouth,Fairfield,5733836,88,74,1804,0
2024-12-21,St. Bonaventure,Niagara,5737736,71,52,3795,0
2024-12-21,Marist,UMBC,5729379,76,73,867,0
2024-12-21,Coppin St.,Navy,5722330,68,60,347,0
2024-12-21,Central Conn. St.,Quinnipiac,5728536,84,80,1144,0
2024-12-21,Stony Brook,Maine,5730864,74,72,2081,0
2024-12-21,Loyola Maryland,Hampton,5722829,68,76,524,0
2024-12-21,Michigan St.,Fla. Atlantic,5733008,86,69,14797,0
2024-12-21,CSUN,Chicago St.,5730030,81,57,650,0
2024-12-21,Fordham,UAlbany,5732922,87,83,1412,0
2024-12-21,Winthrop,Mercer,5738190,102,97,1587,0
2024-12-21,West Ga.,Brewton-Parker,5737599,107,61,278,0
2024-12-21,Bowling Green,St. Thomas (MN),5730844,68,93,1998,0
2024-12-21,Bradley,Canisius,5723312,92,59,5002,0
2024-12-21,Troy,Georgia St.,5730237,77,57,2672,0
2024-12-21,Houston,A&M-Corpus Christi,5732366,87,51,7035,0
2024-12-21,Southern Ill.,High Point,5738139,81,94,4344,0
2024-12-21,Miami (FL),Mount St. Mary's,5730616,74,78,5539,0
2024-12-21,Eastern Ky.,Jacksonville St.,5723344,80,91,495,0
2024-12-21,UMass Lowell,Boston U.,5729494,83,71,532,0
2024-12-21,Liberty,UT Arlington,5728595,79,56,2649,0
2024-12-21,UNCW,UNC Asheville,5731591,85,74,4402,0
2024-12-21,La Salle,Immaculata,5736290,108,48,682,0
2024-12-21,Eastern Mich.,Wright St.,5723841,86,82,1349,0
2024-12-21,Minnesota,FDU,5728685,74,60,8949,0
2024-12-21,Kansas City,ETSU,5723577,73,66,699,0
2024-12-21,South Alabama,James Madison,5724016,77,49,1574,0
2024-12-21,Florida St.,Louisville,5731081,76,90,4383,0
2024-12-21,Ball St.,Evansville,5723655,80,43,3521,0
2024-12-21,Clemson,Wake Forest,5732545,73,62,6889,0
2024-12-21,Duquesne,UC Irvine,5729404,70,54,2010,0
2024-12-21,Arkansas,N.C. A&T,5733484,95,67,19200,0
2024-12-21,Wagner,Penn St.-Fayette,5730067,83,52,232,0
2024-12-21,Pepperdine,UC Davis,5729366,85,46,503,0
2024-12-21,UNLV,UC Riverside,5738024,66,53,4105,0
2024-12-21,Colorado,Bellarmine,5735136,79,55,7684,0
2024-12-21,Southern Miss.,Marshall,5730778,68,66,3204,0
2024-12-21,Arkansas St.,Coastal Carolina,5729114,97,67,5035,0
2024-12-21,Vanderbilt,Austin Peay,5723067,85,55,7230,0
2024-12-21,ULM,Old Dominion,5729733,75,80,1058,0
2024-12-21,Tulsa,Mississippi Val.,5737387,93,48,2777,0
2024-12-21,UTRGV,Biblical Stud. (TX),5734448,106,56,314,0
2024-12-21,Western Ky.,Ky. Wesleyan,5740745,91,71,2712,0
2024-12-21,UCLA,North Carolina,5723033,74,76,19812,1
2024-12-21,East Carolina,Gardner-Webb,5722019,79,84,3672,0
2024-12-21,Harvard,Furman,5725932,63,77,1187,0
2024-12-21,South Fla.,East Texas A&M,5734612,88,62,5735,0
2024-12-21,Morehead St.,Tennessee St.,5728324,74,68,1076,0
2024-12-21,Boise St.,Air Force,5728832,77,59,10471,0
2024-12-21,Texas St.,Ga. Southern,5723179,83,61,1522,0
2024-12-21,Massachusetts,Arizona St.,5740698,62,78,3252,1
2024-12-21,Arizona,Central Mich.,5729197,94,41,13093,0
2024-12-21,Southern Utah,Northern Ariz.,5732689,75,83,741,0
2024-12-21,Portland,Lafayette,5733686,74,64,883,0
2024-12-21,Abilene Christian,Texas Southern,5733891,69,65,1191,0
2024-12-21,Pacific,Idaho,5731140,72,95,1222,0
2024-12-21,UNI,Washington St.,5722622,68,76,0,1
2024-12-21,Alabama A&M,Samford,5734624,90,97,1003,0
2024-12-21,Louisiana Tech,Rust,5736302,108,60,1648,0
2024-12-21,Creighton,Villanova,5728806,86,79,17125,0
2024-12-21,Northwestern,DePaul,5729984,84,64,5752,0
2024-12-21,Lindenwood,Western Ill.,5730171,71,65,1001,0
2024-12-21,Auburn,Purdue,5734666,87,69,15355,1
2024-12-21,Southern Ind.,UT Martin,5728486,46,77,1652,0
2024-12-21,Southeast Mo. St.,SIUE,5733298,80,64,1123,0
2024-12-21,Denver,Northern Colo.,5730703,75,82,1148,0
2024-12-21,Nevada,Colorado St.,5738144,64,66,0,0
2024-12-21,Eastern Wash.,Lincoln (CA),5732182,107,63,1277,0
2024-12-21,Fresno St.,California Baptist,5730323,69,86,5263,0
2024-12-21,Davidson,Bethune-Cookman,5729449,76,63,2192,0
2024-12-21,Santa Clara,South Dakota,5729913,98,81,1120,0
2024-12-21,Ole Miss,Queens (NC),5722865,80,62,7841,0
2024-12-21,Tarleton St.,Howard Payne,5732678,100,83,856,0
2024-12-21,Ohio St.,Kentucky,5733116,85,65,19812,1
2024-12-21,Drake,Green Bay,5723546,72,62,3418,0
2024-12-21,Richmond,VMI,5735720,78,71,5498,0
2024-12-21,UCF,Jacksonville,5723634,86,66,6155,0
2024-12-21,FIU,IU Indy,5723647,75,69,595,0
2024-12-21,San Francisco,Montana,5736888,71,67,2238,0
2024-12-21,Iowa,Utah,5729692,95,88,3367,1
2024-12-21,Rhode Island,Temple,5729923,85,79,3252,1
2024-12-21,Elon,UNC Greensboro,5724066,73,69,1828,0
2024-12-21,Wichita St.,Kansas St.,5723262,84,65,8253,0
2024-12-21,Jackson St.,Akron,6081224,50,68,0,1
2024-12-21,Stanford,Oregon,5723450,61,76,4051,1
2024-12-21,Omaha,Cal Poly,5732573,86,82,2348,0
2024-12-21,Gonzaga,Bucknell,5729848,86,65,6000,0
2024-12-21,UTEP,Yale,6081225,75,74,5316,1
2024-12-21,Weber St.,Utah Valley,5734137,62,64,3609,0
2024-12-21,San Diego,UC San Diego,5738282,71,77,1350,0
2024-12-21,CSU Bakersfield,Portland St.,5728664,58,59,732,0
2024-12-21,California,San Diego St.,5729060,50,71,4051,1
2024-12-21,San Jose St.,Kennesaw St.,5729719,89,65,1767,0
2024-12-22,George Washington,UVA Wise,5722413,102,62,1011,0
2024-12-22,Cleveland St.,Midway,5732981,116,60,1089,0
2024-12-22,Cornell,Illinois St.,5723702,77,80,568,0
2024-12-22,Iowa St.,Morgan St.,5722763,99,72,14267,0
2024-12-22,Towson,Bryant,5731922,70,65,1500,0
2024-12-22,Miami (OH),Sacred Heart,5729300,94,76,896,0
2024-12-22,Michigan,Purdue Fort Wayne,5723853,89,58,12707,0
2024-12-22,FGCU,Florida Tech,5811421,79,62,1454,0
2024-12-22,Alabama,Kent St.,5722392,81,54,12198,0
2024-12-22,Stonehill,New Hampshire,5730118,90,83,390,0
2024-12-22,Missouri,Illinois,5734109,77,80,18497,1
2024-12-22,Army West Point,Binghamton,5734420,68,78,455,0
2024-12-22,Oklahoma,Central Ark.,5733777,89,66,6244,0
2024-12-22,Colgate,Iona,5728245,73,79,787,0
2024-12-22,VCU,William & Mary,5734075,90,70,7637,0
2024-12-22,Missouri St.,UC Santa Barbara,5733069,68,56,1762,0
2024-12-22,Valparaiso,Calumet Col.,5734778,107,57,1050,0
2024-12-22,West Virginia,Mercyhurst,5729783,67,46,10777,0
2024-12-22,Wisconsin,Detroit Mercy,5728902,76,53,14098,0
2024-12-22,Stetson,Fort Lauderdale,5736982,103,77,349,0
2024-12-22,TCU,Montana St.,5729663,82,48,5135,0
2024-12-22,South Carolina,Radford,5728564,74,48,10831,0
2024-12-22,Virginia,American,5728812,63,58,12384,0
2024-12-22,George Mason,Penn,5733660,85,53,2955,0
2024-12-22,LSU,New Orleans,5809842,86,70,8278,0
2024-12-22,UAB,Alcorn,5737906,91,74,3110,0
2024-12-22,Rice,Prairie View,5734603,64,46,1735,0
2024-12-22,North Texas,Houston Christian,5735234,62,46,2727,0
2024-12-22,Kansas,Brown,5722299,87,53,15300,0
2024-12-22,Col. of Charleston,Oregon St.,5731634,65,74,4451,1
2024-12-22,Milwaukee,North Central (IL),5726058,92,57,1534,0
2024-12-22,Louisiana,McNeese,5729035,56,64,2407,0
2024-12-22,Oklahoma St.,Oral Roberts,5722749,86,74,6349,0
2024-12-22,Georgia,Charleston So.,5732128,81,65,8368,0
2024-12-22,Southern California,Southern U.,5732217,82,51,4127,0
2024-12-22,Sacramento St.,Stanislaus St.,5723992,98,47,510,0
2024-12-22,Cincinnati,Grambling,5738000,84,49,11175,0
2024-12-22,NC State,Rider,5722902,89,63,14289,0
2024-12-22,Grand Canyon,Saint Louis,5723479,73,72,7112,0
2024-12-22,Cal St. Fullerton,Wyoming,5732149,69,73,468,0
2024-12-22,Long Beach St.,La Sierra,5726049,83,57,1074,0
2024-12-22,Oakland,Loyola Chicago,5733017,72,71,4451,1
2024-12-22,Notre Dame,Le Moyne,5733120,91,62,5396,0
2024-12-22,LMU (CA),North Ala.,5731779,85,69,818,0
2024-12-22,Seton Hall,Georgetown,5733257,60,61,8879,0
2024-12-22,Saint Mary's (CA),Utah St.,5738220,68,75,3500,0
2024-12-22,Murray St.,Nebraska,5731428,49,66,5049,1
2024-12-22,Hawaii,Charlotte,5730384,78,61,5049,1
2024-12-23,Wagner,Penn St.-Scranton,5730068,120,30,147,0
2024-12-23,Bowling Green,Aquinas,5730883,87,62,2098,0
2024-12-23,Loyola Chicago,Col. of Charleston,5833994,68,77,4319,1
2024-12-23,Tennessee,Middle Tenn.,5723223,82,64,20706,0
2024-12-23,Oakland,Oregon St.,5833995,74,80,4319,1
2024-12-23,North Dakota St.,CSU Bakersfield,5728668,94,60,1378,0
2024-12-23,Washington,Seattle U,5735149,70,79,7228,0
2024-12-23,Hawaii,Nebraska,5833997,55,69,4611,1
2024-12-23,Charlotte,Murray St.,5833996,94,90,4611,1
2024-12-25,Murray St.,Loyola Chicago,5833993,71,68,4163,1
2024-12-25,Charlotte,Col. of Charleston,5833992,81,84,4163,1
2024-12-25,Hawaii,Oakland,5833991,73,70,5088,1
2024-12-25,Nebraska,Oregon St.,5833990,78,66,5086,1
2024-12-27,Duquesne,Cleary,5736265,93,45,2020,0
2024-12-27,Baylor,Arlington Baptist,5734650,107,53,7500,0
2024-12-28,Maryland,UMES,5732504,81,66,11058,0
2024-12-28,Georgetown,Coppin St.,5722338,83,53,5298,0
2024-12-28,Louisville,Eastern Ky.,5728475,78,76,13150,0
2024-12-28,Morehead St.,Alice Lloyd,5728325,94,63,1033,0
2024-12-28,Charleston So.,Columbia Int'l,5737725,95,89,856,0
2024-12-28,Saint Joseph's,Delaware St.,5735932,76,58,3179,0
2024-12-28,Georgia Tech,Alabama A&M,5729291,92,49,4430,0
2024-12-28,Wofford,Ky. Christian,5730722,100,55,874,0
2024-12-28,Davidson,Eastern Mich.,5731180,86,64,3066,0
2024-12-28,George Mason,Mount St. Mary's,5730618,64,56,3295,0
2024-12-28,Georgia St.,Mercer,5730236,68,71,1710,0
2024-12-28,Syracuse,Bucknell,5732824,75,63,15987,0
2024-12-28,DePaul,Loyola Maryland,5722836,84,65,4386,0
2024-12-28,UNCW,Spartanburg Meth.,5731626,99,47,4536,0
2024-12-28,N.C. A&T,N.C. Central,5733493,85,72,4011,0
2024-12-28,Memphis,Ole Miss,5722871,87,70,15643,0
2024-12-28,Colorado St.,New Mexico,5810021,68,76,4772,0
2024-12-28,South Fla.,Webber Int'l,5735529,106,49,3309,0
2024-12-28,Eastern Ill.,Blackburn,5734268,99,55,757,0
2024-12-28,Sam Houston,Dallas,5732777,111,65,836,0
2024-12-28,Utah Valley,Bethesda (CA),5734140,119,59,1463,0
2024-12-28,Wyoming,Nevada,5738146,66,63,4352,0
2024-12-28,UNC Greensboro,Virginia-Lynchburg,5737836,105,50,462,0
2024-12-28,Texas A&M,Abilene Christian,5733893,92,54,11086,0
2024-12-28,Hampton,Howard,5725833,83,67,4213,0
2024-12-28,Boston College,FDU,5725861,78,70,4663,0
2024-12-28,Columbia,Fairfield,5723900,85,72,1185,0
2024-12-28,UCLA,Gonzaga,5729849,65,62,12272,1
2024-12-28,Old Dominion,Va. Wesleyan,6081175,82,44,4851,0
2024-12-28,McNeese,New Orleans,5740592,86,61,3130,0
2024-12-28,Cal St. Fullerton,Nobel,5732150,93,60,427,0
2024-12-28,Tulsa,Southwestern Christ.,5740725,96,63,2705,0
2024-12-28,San Jose St.,Boise St.,5738175,71,73,1767,0
2024-12-28,San Diego St.,Utah St.,5730891,66,67,12414,0
2024-12-28,New Mexico St.,Southwest (NM),5737486,85,52,3896,0
2024-12-28,St. John's (NY),Delaware,5732741,97,76,5602,0
2024-12-28,Richmond,FGCU,5729579,57,75,5457,0
2024-12-28,San Diego,Grand Canyon,5723484,55,68,12272,1
2024-12-28,UC San Diego,Occidental,5731368,109,51,1172,0
2024-12-28,Santa Clara,Pepperdine,5729975,91,80,1133,0
2024-12-28,UC Davis,Cal Maritime,5736901,109,46,907,0
2024-12-28,UC Santa Barbara,Westcliff,5738662,89,72,1491,0
2024-12-28,Elon,Marshall,5724068,73,59,1956,0
2024-12-28,Texas Southern,Biblical Stud. (TX),5740692,103,68,447,0
2024-12-28,California Baptist,Jackson St.,5730324,79,73,2603,0
2024-12-28,Omaha,Mt. Marty,5736885,81,51,1804,0
2024-12-28,Saint Louis,William Woods,5736455,78,57,5139,0
2024-12-28,Portland,Washington St.,5738091,73,89,2228,0
2024-12-28,Saint Mary's (CA),Pacific,5733192,70,60,3500,0
2024-12-28,UTEP,Northern N.M.,5733266,79,60,4573,0
2024-12-28,CSUN,La Sierra,5730031,87,52,515,0
2024-12-28,UNLV,Fresno St.,5738633,87,77,5590,0
2024-12-28,San Francisco,LMU (CA),5731780,70,55,2438,0
2024-12-29,Ohio St.,Indiana St.,5732892,103,83,14388,0
2024-12-29,Texas,Northwestern St.,5729062,77,53,10565,0
2024-12-29,Lafayette,Stonehill,5730120,65,70,1064,0
2024-12-29,Central Conn. St.,JWU (Providence),5728540,100,51,739,0
2024-12-29,Quinnipiac,Hofstra,5723008,75,69,1504,0
2024-12-29,Florida,Stetson,5731318,85,45,10676,0
2024-12-29,William & Mary,Navy,5728284,82,76,3077,0
2024-12-29,Iona,Harvard,5725933,61,67,1610,0
2024-12-29,Penn St.,Penn,5731665,86,66,7862,0
2024-12-29,Northwestern,Northeastern,5728347,85,60,5944,0
2024-12-29,High Point,Norfolk St.,5738141,74,77,2743,0
2024-12-29,Maine,Boston U.,5729495,56,59,1221,0
2024-12-29,Sacred Heart,Manhattanville,5736309,100,60,831,0
2024-12-29,UAlbany,Stony Brook,5729273,77,70,1667,0
2024-12-29,Kennesaw St.,Brewton-Parker,5730480,112,77,1358,0
2024-12-29,Marist,Binghamton,5729380,69,51,2059,0
2024-12-29,Youngstown St.,Detroit Mercy,5731892,73,64,1857,0
2024-12-29,Georgia,South Carolina St.,5732129,79,72,10140,0
2024-12-29,Illinois,Chicago St.,5734202,117,64,15544,0
2024-12-29,SMU,Longwood,5735294,98,82,5220,0
2024-12-29,Oklahoma,Prairie View,5733785,89,67,6876,0
2024-12-29,Tennessee Tech,Milligan,5734012,95,75,702,0
2024-12-29,UNI,Southern Ill.,5734743,78,67,3804,0
2024-12-29,Minnesota,Morgan St.,5728687,90,68,8107,0
2024-12-29,Milwaukee,IU Indy,5723652,88,81,1335,0
2024-12-29,Green Bay,Purdue Fort Wayne,5723548,67,83,1885,0
2024-12-29,Robert Morris,Northern Ky.,5732731,97,93,908,0
2024-12-29,Holy Cross,Regis (MA),5732392,82,46,1046,0
2024-12-29,Niagara,Le Moyne,5737003,88,69,476,0
2024-12-29,North Dakota,Waldorf,5730953,97,57,1570,0
2024-12-29,Alabama,South Dakota St.,5722393,105,82,13474,0
2024-12-29,Washington,NJIT,5734858,90,53,6779,0
2024-12-29,Army West Point,UTSA,5736137,78,75,1102,0
2024-12-29,Cleveland St.,Wright St.,5732610,78,64,1692,0
2024-12-29,Temple,Buffalo,5729924,91,71,3198,0
2024-12-29,Drake,Belmont,5731925,65,46,5231,0
2024-12-29,Southeast Mo. St.,Westminster (MO),5733300,88,39,682,0
2024-12-29,Kent St.,Heidelberg,5729557,84,80,2960,0
2024-12-29,Lehigh,Neumann,5733875,87,67,764,0
2024-12-29,Coastal Carolina,Warner,5731836,75,53,1200,0
2024-12-29,Evansville,Missouri St.,5733071,57,40,5128,0
2024-12-29,Bradley,Valparaiso,5734472,81,75,6201,0
2024-12-29,American,UMBC,5735243,93,96,783,0
2024-12-29,Indiana,Winthrop,5728394,77,68,14499,0
2024-12-29,A&M-Corpus Christi,Schreiner,5735659,103,44,1015,0
2024-12-29,Central Ark.,Southwestern Christ.,5810924,87,69,495,0
2024-12-29,UC Riverside,St. Thomas (MN),5731554,81,79,563,0
2024-12-29,Austin Peay,Brescia,5738654,93,46,1326,0
2024-12-29,Tarleton St.,Florida A&M,5732680,70,60,715,0
2024-12-29,Illinois St.,UIC,5734073,67,73,3841,0
2024-12-29,Lipscomb,Asbury,5736790,112,54,1337,0
2024-12-29,James Madison,Midway,5733977,96,64,3396,0
2024-12-29,Texas St.,UT Arlington,5723185,72,80,1023,0
2024-12-29,Oregon,Weber St.,5730655,89,49,7320,0
2024-12-29,Wichita St.,Friends,5723380,87,72,5981,0
2024-12-29,Purdue,Toledo,5734669,83,64,14876,0
2024-12-29,UIW,Texas Lutheran,5740676,99,48,237,0
2024-12-29,LSU,Mississippi Val.,5737388,110,45,8257,0
2024-12-29,Michigan,Western Ky.,5731262,112,64,12707,0
2024-12-29,North Carolina,Campbell,5723044,97,81,19959,0
2024-12-30,FIU,Utah Tech,5736867,80,66,613,0
2024-12-30,Grambling,Biblical Stud. (TX),6086144,100,55,176,0
2024-12-30,Princeton,Akron,5730479,76,75,2677,0
2024-12-30,Central Mich.,Cleary,5734072,85,39,1174,0
2024-12-30,UMass Lowell,Emerson,5740734,101,39,441,0
2024-12-30,Michigan St.,Western Mich.,5729222,80,62,14797,0
2024-12-30,Cornell,Siena,5732050,77,83,1292,0
2024-12-30,Sacramento St.,Bethesda (CA),5723994,78,38,416,0
2024-12-30,Rutgers,Columbia,5723908,91,64,8000,0
2024-12-30,UNC Asheville,Columbia Int'l,5833872,95,53,685,0
2024-12-30,Auburn,Monmouth,5733838,87,58,9121,0
2024-12-30,Vermont,Elms,5731563,121,37,2136,0
2024-12-30,Ohio,Muskingum,5735519,103,52,3615,0
2024-12-30,Miami (OH),Defiance,5729301,141,58,1170,0
2024-12-30,Kansas St.,Cincinnati,5734135,70,67,9970,0
2024-12-30,Iowa,New Hampshire,5730963,112,70,10289,0
2024-12-30,Lamar University,TAMU-San Antonio,5740765,82,65,2130,0
2024-12-30,South Carolina,Presbyterian,5728565,69,59,10525,0
2024-12-30,NIU,East-West U.,5738173,117,50,1532,0
2024-12-30,McNeese,Southeastern La.,5732794,79,51,3106,0
2024-12-30,Missouri,Alabama St.,5734113,82,65,9981,0
2024-12-30,UTRGV,Dallas Christian,5734451,88,44,842,0
2024-12-30,Southern Miss.,William Carey,5736617,80,70,3197,0
2024-12-30,Vanderbilt,New Orleans,5723078,100,56,7302,0
2024-12-30,Arizona,TCU,5736909,90,81,13560,0
2024-12-30,Jacksonville St.,Fort Valley St.,5725871,111,70,1332,0
2024-12-30,Oral Roberts,Tex. A&M-Texarkana,5722768,92,54,4011,0
2024-12-30,Oklahoma St.,Houston,5735304,47,60,7365,0
2024-12-30,Grand Canyon,Bryant,5723486,112,66,7214,0
2024-12-30,South Alabama,Mobile,5725862,106,41,2090,0
2024-12-30,Arkansas,Oakland,5734772,92,62,19200,0
2024-12-30,Northern Ariz.,Benedictine Mesa,5738240,110,74,867,0
2024-12-30,Eastern Wash.,Eastern Ore.,5735135,89,63,1405,0
2024-12-30,Mississippi St.,Bethune-Cookman,5729450,87,73,6567,0
2024-12-30,Nebraska,Southern U.,5740633,77,43,14855,0
2024-12-30,Colorado,Iowa St.,5735760,69,79,9157,0
2024-12-30,Oregon St.,Portland,5735325,89,79,2981,0
2024-12-30,Washington St.,LMU (CA),5731781,73,59,3449,0
2024-12-30,San Diego,Pacific,5733195,75,65,627,0
2024-12-30,Pepperdine,Gonzaga,5729850,82,89,1506,0
2024-12-30,California Baptist,UC Irvine,5729405,63,71,2720,0
2024-12-30,Seattle U,Nicholls,5735151,69,71,840,0
2024-12-30,San Francisco,Santa Clara,5729977,97,94,2958,0
2024-12-31,Virginia,NC State,5732494,70,67,13875,0
2024-12-31,Baylor,Utah,5734656,81,56,7500,0
2024-12-31,Texas Tech,UCF,5736425,83,87,12767,0
2024-12-31,Ball St.,Anderson (IN),5723673,89,76,3421,0
2024-12-31,Saint Joseph's,Massachusetts,5740782,81,72,2227,0
2024-12-31,Kansas,West Virginia,5734793,61,62,15300,0
2024-12-31,Dayton,La Salle,5736291,84,70,13407,0
2024-12-31,Charlotte,Tulane,5737571,68,83,2607,0
2024-12-31,St. Bonaventure,VCU,5734078,77,75,4190,0
2024-12-31,Kentucky,Brown,5722300,88,54,20042,0
2024-12-31,George Mason,Davidson,5735540,69,57,3105,0
2024-12-31,Fordham,Saint Louis,5732924,63,88,1685,0
2024-12-31,Syracuse,Wake Forest,5735813,71,81,14437,0
2024-12-31,Duquesne,Rhode Island,5736266,67,55,2435,0
2024-12-31,Xavier,Seton Hall,5733246,94,72,10212,0
2024-12-31,Georgia Tech,Notre Dame,5733122,86,75,4914,0
2024-12-31,N.C. Central,St. Andrews,5735089,121,61,278,0
2024-12-31,Tennessee,Norfolk St.,5723226,67,52,19616,0
2024-12-31,South Fla.,East Carolina,5735433,75,69,3265,0
2024-12-31,Air Force,UNLV,5728833,58,77,2092,0
2024-12-31,BYU,Arizona St.,5734983,76,56,16926,0
2024-12-31,Richmond,George Washington,5732380,66,61,4984,0
2024-12-31,North Texas,UAB,5737908,78,75,2979,0
2024-12-31,Abilene Christian,SFA,5733894,57,62,1064,0
2024-12-31,Creighton,St. John's (NY),5735422,57,56,17466,0
2024-12-31,Duke,Virginia Tech,5732541,88,65,9314,0
2024-12-31,Portland St.,Walla Walla,5730187,96,39,452,0
2024-12-31,San Jose St.,Colorado St.,5738243,50,72,1425,0
2024-12-31,Providence,Marquette,5733013,50,78,11604,0
2024-12-31,Fresno St.,New Mexico,5738634,89,103,5583,0
2024-12-31,Southern Ind.,Morehead St.,5728333,68,70,2091,0
2024-12-31,Wyoming,Boise St.,5738176,58,67,3823,0
2024-12-31,Nevada,Utah St.,5738145,64,69,7528,0
2025-01-01,Wofford,UNC Greensboro,5730505,66,68,918,0
2025-01-01,IU Indy,Youngstown St.,5723659,61,77,562,0
2025-01-01,ETSU,VMI,5735724,84,69,3311,0
2025-01-01,Boston College,Miami (FL),5732363,78,68,5035,0
2025-01-01,Northern Ky.,Purdue Fort Wayne,5723858,69,68,1987,0
2025-01-01,Yale,Howard,5738021,93,65,1479,0
2025-01-01,Western Caro.,Furman,5731021,61,90,1276,0
2025-01-01,Southern Ill.,Evansville,5740773,53,68,6030,0
2025-01-01,DePaul,UConn,5729986,68,81,6496,0
2025-01-01,Pittsburgh,California,5732750,86,74,7177,0
2025-01-01,UIC,Drake,5737367,74,70,1200,0
2025-01-01,Tulsa,Rice,5737943,64,70,2970,0
2025-01-01,Mercer,Chattanooga,5732781,99,94,1544,0
2025-01-01,Clemson,Stanford,5732556,85,71,8337,0
2025-01-01,Dartmouth,Colby-Sawyer,5737235,108,55,1088,0
2025-01-01,Louisville,North Carolina,5732557,83,70,14248,0
2025-01-01,Butler,Villanova,5728808,65,73,8284,0
2025-01-01,Indiana St.,Bradley,5732896,89,90,5083,0
2025-01-01,Samford,The Citadel,5756632,86,56,1048,0
2025-01-01,Missouri St.,Valparaiso,5733076,72,73,2013,0
2025-01-01,UNI,Belmont,5731928,76,70,3049,0
2025-01-02,Charleston So.,Gardner-Webb,5735909,72,63,235,0
2025-01-02,North Florida,Austin Peay,5722548,89,97,1084,0
2025-01-02,Presbyterian,Longwood,5737443,68,60,343,0
2025-01-02,Winthrop,USC Upstate,5737803,95,76,1448,0
2025-01-02,Holy Cross,Loyola Maryland,5722950,74,72,899,0
2025-01-02,App State,Troy,5723885,61,69,2408,0
2025-01-02,North Ala.,Bellarmine,5735137,82,66,1563,0
2025-01-02,Hofstra,William & Mary,5723018,56,74,1992,0
2025-01-02,Wright St.,Green Bay,5723551,74,51,3297,0
2025-01-02,Georgia St.,South Alabama,5724035,51,77,1472,0
2025-01-02,Old Dominion,Arkansas St.,5729116,59,78,3918,0
2025-01-02,Ga. Southern,ULM,5728534,90,82,1357,0
2025-01-02,Northeastern,Delaware,5728350,80,77,602,0
2025-01-02,West Ga.,FGCU,5729580,68,79,307,0
2025-01-02,James Madison,Southern Miss.,5730779,83,72,4460,0
2025-01-02,N.C. A&T,Elon,5724071,67,75,1092,0
2025-01-02,Oakland,Milwaukee,5726059,65,49,1860,0
2025-01-02,Navy,American,5728290,81,58,825,0
2025-01-02,Marshall,Texas St.,5723191,77,71,3694,0
2025-01-02,Liberty,Western Ky.,5728598,70,71,3115,0
2025-01-02,Col. of Charleston,Hampton,5725837,94,67,5070,0
2025-01-02,Campbell,Drexel,5733152,57,54,1051,0
2025-01-02,Lafayette,Boston U.,5733627,60,46,1289,0
2025-01-02,Jacksonville,Lipscomb,5735744,65,70,1000,0
2025-01-02,Detroit Mercy,Robert Morris,5736733,78,76,1024,0
2025-01-02,Colgate,Army West Point,5732626,71,59,702,0
2025-01-02,Lehigh,Bucknell,5732828,66,64,732,0
2025-01-02,High Point,Radford,5736756,76,58,4647,0
2025-01-02,UNCW,Towson,5731594,61,65,4719,0
2025-01-02,Queens (NC),Stetson,5734404,96,87,574,0
2025-01-02,Coastal Carolina,Louisiana,5731837,68,71,1402,0
2025-01-02,Monmouth,Stony Brook,5732407,78,56,1310,0
2025-01-02,Penn St.,Northwestern,5731666,84,80,5579,0
2025-01-02,FIU,Middle Tenn.,5734933,69,73,560,0
2025-01-02,Fla. Atlantic,Memphis,5738200,62,90,3161,0
2025-01-02,Cal Poly,UC Irvine,5729407,89,98,1834,0
2025-01-02,Murray St.,Illinois St.,5731431,68,74,4585,0
2025-01-02,Minnesota,Purdue,5733016,61,81,9754,0
2025-01-02,North Dakota,Omaha,5730902,85,95,1592,0
2025-01-02,Kansas City,South Dakota,5723579,68,54,872,0
2025-01-02,Northern Colo.,Weber St.,5740539,89,72,1006,0
2025-01-02,Northern Ariz.,Idaho St.,5722744,67,72,685,0
2025-01-02,North Dakota St.,St. Thomas (MN),5731556,85,89,1492,0
2025-01-02,Eastern Ill.,Lindenwood,5730349,78,74,735,0
2025-01-02,UT Martin,Little Rock,5732254,56,57,1131,0
2025-01-02,Tennessee St.,Southeast Mo. St.,5733303,65,67,352,0
2025-01-02,Tennessee Tech,Southern Ind.,5728466,68,64,1296,0
2025-01-02,Central Ark.,Eastern Ky.,5810925,83,89,793,0
2025-01-02,Indiana,Rutgers,5731339,84,74,13843,0
2025-01-02,UTEP,Louisiana Tech,5733271,70,60,4692,0
2025-01-02,Eastern Wash.,Montana,5732183,81,92,1630,0
2025-01-02,Idaho,Montana St.,5731141,69,64,1666,0
2025-01-02,Gonzaga,Portland,5729851,81,50,9022,0
2025-01-02,SIUE,Western Ill.,5730170,77,66,1989,0
2025-01-02,South Dakota St.,Denver,5730704,91,70,1925,0
2025-01-02,New Mexico St.,Sam Houston,5732846,75,71,3913,0
2025-01-02,CSU Bakersfield,UC Davis,5728670,75,64,705,0
2025-01-02,Washington,Maryland,5732509,75,69,7922,0
2025-01-02,Cal St. Fullerton,CSUN,5730032,65,95,412,0
2025-01-02,Oregon,Illinois,5730657,77,109,7010,0
2025-01-02,San Diego,Santa Clara,5729979,80,81,782,0
2025-01-02,Long Beach St.,UC Riverside,5725907,60,76,2135,0
2025-01-02,LMU (CA),Oregon St.,5731782,82,61,1019,0
2025-01-02,Pacific,San Francisco,5733200,81,89,1227,0
2025-01-02,Saint Mary's (CA),Pepperdine,5737026,71,41,3391,0
2025-01-02,Hawaii,UC Santa Barbara,5730385,61,64,4753,0
2025-01-03,Merrimack,Fairfield,5737541,67,54,943,0
2025-01-03,Bowling Green,Akron,5730845,68,71,2892,0
2025-01-03,Wisconsin,Iowa,5730964,116,85,16838,0
2025-01-03,Temple,Wichita St.,5735531,91,85,3622,0
2025-01-03,Saint Peter's,Quinnipiac,5733088,46,59,530,0
2025-01-03,Siena,Manhattan,5732051,103,95,4927,0
2025-01-03,Wagner,Chicago St.,5730069,52,64,191,0
2025-01-03,Iona,Marist,5728251,65,70,1702,0
2025-01-03,Saint Francis,Central Conn. St.,5728552,59,74,385,0
2025-01-03,Mercyhurst,Stonehill,5729788,76,69,187,0
2025-01-03,LIU,Le Moyne,5726002,78,62,350,0
2025-01-03,Ohio St.,Michigan St.,5733014,62,69,13604,0
2025-01-03,Georgetown,Xavier,5733250,69,63,6640,0
2025-01-03,Saint Louis,Saint Joseph's,5735995,73,57,6552,0
2025-01-03,Marquette,Creighton,5733018,79,71,17756,0
2025-01-03,New Mexico,Nevada,5738147,82,81,14622,0
2025-01-04,Kentucky,Florida,5731319,106,100,21093,0
2025-01-04,Princeton,Kean,5730481,92,71,1896,0
2025-01-04,Northeastern,Hofstra,5723026,37,55,872,0
2025-01-04,Villanova,DePaul,5728810,100,56,6501,0
2025-01-04,Wake Forest,NC State,5732497,77,59,9633,0
2025-01-04,Western Mich.,Toledo,5729223,70,76,1819,0
2025-01-04,Georgia Tech,Boston College,5732365,85,64,3949,0
2025-01-04,Stony Brook,William & Mary,5732412,76,83,2031,0
2025-01-04,Massachusetts,Richmond,5736814,64,72,3046,0
2025-01-04,George Washington,Dayton,5732384,82,62,3035,0
2025-01-04,West Virginia,Oklahoma St.,5734796,69,50,11753,0
2025-01-04,Notre Dame,North Carolina,5732566,73,74,9149,0
2025-01-04,Ole Miss,Georgia,5722879,63,51,8746,0
2025-01-04,Tennessee,Arkansas,5723239,76,52,21678,0
2025-01-04,The Citadel,Chattanooga,5723079,68,81,1029,0
2025-01-04,Queens (NC),FGCU,5729582,92,83,472,0
2025-01-04,Kent St.,Ball St.,5723681,67,75,1608,0
2025-01-04,Northern Ky.,Green Bay,5723557,78,60,2119,0
2025-01-04,Miami (OH),Buffalo,5729302,93,79,1047,0
2025-01-04,App State,Texas St.,5723198,72,61,2512,0
2025-01-04,Detroit Mercy,Milwaukee,5726060,56,64,1103,0
2025-01-04,New Hampshire,Vermont,5734467,40,60,840,0
2025-01-04,Central Ark.,Bellarmine,5735146,71,65,975,0
2025-01-04,Rice,Charlotte,5737575,68,55,1316,0
2025-01-04,Houston,BYU,5734984,86,55,7035,0
2025-01-04,Mississippi St.,South Carolina,5728571,85,50,8075,0
2025-01-04,North Dakota,St. Thomas (MN),5730915,80,88,1648,0
2025-01-04,Iowa St.,Baylor,5734659,74,55,14267,0
2025-01-04,UNC Asheville,High Point,5738151,103,99,1739,0
2025-01-04,Evansville,Indiana St.,5732900,62,66,5287,0
2025-01-04,Loyola Chicago,VCU,5733020,65,84,4129,0
2025-01-04,UAB,Tulsa,5737911,83,51,3451,0
2025-01-04,North Dakota St.,Omaha,5732547,80,85,1629,0
2025-01-04,Nebraska,UCLA,5738269,66,58,15167,0
2025-01-04,North Florida,Lipscomb,5722551,64,96,1439,0
2025-01-04,Eastern Mich.,NIU,5731213,75,71,1535,0
2025-01-04,Coastal Carolina,ULM,5729735,70,51,1457,0
2025-01-04,Bryant,Maine,5730865,81,55,795,0
2025-01-04,West Ga.,Stetson,5736983,62,78,362,0
2025-01-04,St. John's (NY),Butler,5737550,70,62,5602,0
2025-01-04,N.C. A&T,Drexel,5733155,59,68,714,0
2025-01-04,NJIT,Medgar Evers,5734859,107,51,452,0
2025-01-04,Davidson,Duquesne,5735541,77,71,2378,0
2025-01-04,Gardner-Webb,Presbyterian,5735910,63,61,570,0
2025-01-04,Col. of Charleston,Towson,5731637,77,69,5116,0
2025-01-04,Fordham,St. Bonaventure,5732927,66,86,2850,0
2025-01-04,Binghamton,UMBC,5734423,87,82,1812,0
2025-01-04,Virginia Tech,Miami (FL),5732550,86,85,8925,0
2025-01-04,FIU,Western Ky.,5740746,85,66,580,0
2025-01-04,Rhode Island,George Mason,5738107,62,59,5803,0
2025-01-04,SMU,Duke,5733001,62,89,7105,0
2025-01-04,Cincinnati,Arizona,5736910,67,72,11212,0
2025-01-04,Alcorn,Jackson St.,5735359,69,72,1244,0
2025-01-04,Ga. Southern,South Alabama,5724037,47,76,1582,0
2025-01-04,Cleveland St.,IU Indy,5723669,67,61,1126,0
2025-01-04,Oakland,Robert Morris,5737710,71,79,3029,0
2025-01-04,Jacksonville,Austin Peay,5735746,68,44,1000,0
2025-01-04,Western Caro.,Samford,5737392,69,88,2798,0
2025-01-04,East Texas A&M,McNeese,5734613,56,75,812,0
2025-01-04,Sacramento St.,Portland St.,5723997,56,53,397,0
2025-01-04,Boise St.,San Diego St.,5730892,68,76,12058,0
2025-01-04,Norfolk St.,UMES,5740713,81,59,2436,0
2025-01-04,Virginia,Louisville,5732546,50,70,13316,0
2025-01-04,Morgan St.,South Carolina St.,5732023,72,86,112,0
2025-01-04,Delaware,Monmouth,5732742,84,64,1981,0
2025-01-04,Marshall,Troy,5736154,57,58,4014,0
2025-01-04,ETSU,Wofford,5730517,78,81,4107,0
2025-01-04,UNC Greensboro,Furman,5731022,84,67,1006,0
2025-01-04,Old Dominion,Southern Miss.,5730780,74,71,5069,0
2025-01-04,UAlbany,UMass Lowell,5729274,69,73,2025,0
2025-01-04,James Madison,Arkansas St.,5729117,67,62,5079,0
2025-01-04,Valparaiso,UNI,5734476,80,73,1917,0
2025-01-04,TCU,Kansas St.,5734136,63,62,6108,0
2025-01-04,Auburn,Missouri,5734117,84,68,9121,0
2025-01-04,Alabama St.,Mississippi Val.,5737389,84,55,2152,0
2025-01-04,Tennessee Tech,Morehead St.,5728336,74,55,1263,0
2025-01-04,Northern Ariz.,Weber St.,5738227,80,77,561,0
2025-01-04,New Mexico St.,Louisiana Tech,5736274,78,48,4004,0
2025-01-04,Utah Valley,Abilene Christian,5733904,64,53,1601,0
2025-01-04,Northern Colo.,Idaho St.,5722780,93,92,1055,0
2025-01-04,Northwestern St.,Nicholls,5732898,68,66,245,0
2025-01-04,Tennessee St.,Little Rock,5733207,95,86,376,0
2025-01-04,Radford,Winthrop,5736753,87,67,916,0
2025-01-04,VMI,Mercer,5732786,67,70,536,0
2025-01-04,Coppin St.,N.C. Central,5733463,63,61,411,0
2025-01-04,SIUE,Lindenwood,5730350,58,47,1347,0
2025-01-04,LSU,Vanderbilt,5723116,72,80,8479,0
2025-01-04,Eastern Ill.,Western Ill.,5730169,67,75,1025,0
2025-01-04,Southeastern La.,A&M-Corpus Christi,5732799,71,80,538,0
2025-01-04,UT Martin,Southeast Mo. St.,5732255,66,63,1340,0
2025-01-04,Alabama A&M,Ark.-Pine Bluff,5734638,89,79,1871,0
2025-01-04,Kennesaw St.,Jacksonville St.,5728691,83,71,2007,0
2025-01-04,Eastern Wash.,Montana St.,5732184,68,63,1624,0
2025-01-04,Belmont,UIC,5731929,92,87,1649,0
2025-01-04,Idaho,Montana,5731142,71,73,1816,0
2025-01-04,Prairie View,Grambling,5740666,73,55,426,0
2025-01-04,North Ala.,Eastern Ky.,5738044,88,67,2025,0
2025-01-04,UNLV,San Jose St.,5738244,79,73,5182,0
2025-01-04,Air Force,Wyoming,5728834,65,70,2482,0
2025-01-04,Oregon St.,San Diego,5735329,81,54,3120,0
2025-01-04,Florida St.,Syracuse,5731072,90,74,4941,0
2025-01-04,Tulane,UTSA,5738120,92,63,1281,0
2025-01-04,Texas Southern,Southern U.,5740635,58,67,2079,0
2025-01-04,New Orleans,UTRGV,5734461,64,76,644,0
2025-01-04,SFA,UIW,5734213,49,55,1803,0
2025-01-04,Liberty,Middle Tenn.,5728599,73,63,2690,0
2025-01-04,Florida A&M,Bethune-Cookman,5729451,55,62,2709,0
2025-01-04,Arizona St.,Colorado,5735761,81,61,7998,0
2025-01-04,CSUN,UC Davis,5730033,73,61,411,0
2025-01-04,Alabama,Oklahoma,5722394,107,79,13474,0
2025-01-04,Kansas City,Oral Roberts,5722773,90,67,614,0
2025-01-04,Pittsburgh,Stanford,5733951,83,68,8087,0
2025-01-04,Pacific,Pepperdine,5733205,70,87,1158,0
2025-01-04,Washington St.,San Francisco,5738038,91,82,3823,0
2025-01-04,Central Mich.,Ohio,5732764,55,57,1268,0
2025-01-04,UNCW,Campbell,5731595,77,69,5200,0
2025-01-04,Longwood,Charleston So.,5737445,83,78,1738,0
2025-01-04,Elon,Hampton,5725815,70,62,2465,0
2025-01-04,Georgia St.,Louisiana,5730226,94,70,1508,0
2025-01-04,Purdue Fort Wayne,Youngstown St.,5723861,90,81,1375,0
2025-01-04,Lamar University,Houston Christian,5735236,63,61,1533,0
2025-01-04,Utah,Texas Tech,5736427,65,93,7798,0
2025-01-04,Tarleton St.,UT Arlington,5732692,77,74,898,0
2025-01-04,Southern California,Michigan,5731264,74,85,7075,0
2025-01-04,California Baptist,Seattle U,5730326,61,59,2611,0
2025-01-04,Grand Canyon,Southern Utah,5723488,82,71,7398,0
2025-01-04,Bradley,Missouri St.,5733077,69,60,5816,0
2025-01-04,South Dakota,Denver,5730705,91,84,1508,0
2025-01-04,Texas A&M,Texas,5733879,80,60,12236,0
2025-01-04,Howard,Delaware St.,5735933,100,94,874,0
2025-01-04,Clemson,California,5732563,80,68,7660,0
2025-01-04,UTEP,Sam Houston,5732854,81,72,5774,0
2025-01-04,Utah St.,Fresno St.,5738635,89,83,9356,0
2025-01-04,Cal St. Fullerton,UC San Diego,5732151,51,90,521,0
2025-01-04,LMU (CA),Gonzaga,5729852,68,96,2369,0
2025-01-04,CSU Bakersfield,Long Beach St.,5725908,80,65,797,0
2025-01-04,Portland,Saint Mary's (CA),5738221,58,81,1678,0
2025-01-04,UC Irvine,UC Riverside,5729408,81,57,3316,0
2025-01-04,Hawaii,Cal Poly,5730386,68,55,4763,0
2025-01-05,Penn St.,Indiana,5731340,71,77,6126,0
2025-01-05,Mercyhurst,Central Conn. St.,5728554,50,62,246,0
2025-01-05,East Carolina,Fla. Atlantic,5738201,76,78,3858,0
2025-01-05,Wagner,FDU,5730070,59,71,704,0
2025-01-05,Loyola Maryland,Lehigh,5722960,80,74,467,0
2025-01-05,Boston U.,Army West Point,5736138,71,63,1073,0
2025-01-05,LIU,Chicago St.,5726003,53,39,129,0
2025-01-05,Cornell,Penn St.-Schuylkill,5740720,123,71,726,0
2025-01-05,UConn,Providence,5732512,87,84,10299,0
2025-01-05,Bucknell,Colgate,5732636,66,60,2572,0
2025-01-05,Purdue,Northwestern,5734673,79,61,14876,0
2025-01-05,American,Holy Cross,5732397,75,64,820,0
2025-01-05,Brown,JWU (Providence),5722301,98,57,552,0
2025-01-05,Mount St. Mary's,Niagara,5730620,68,62,1581,0
2025-01-05,Sacred Heart,Canisius,5723321,99,82,682,0
2025-01-05,Marist,Quinnipiac,5729381,69,62,1816,0
2025-01-05,Navy,Lafayette,5728291,71,70,1564,0
2025-01-05,Harvard,Bowdoin,5725935,71,65,924,0
2025-01-05,Saint Francis,Stonehill,5730122,60,64,407,0
2025-01-05,Siena,Iona,5728252,73,74,5225,0
2025-01-05,Rider,Manhattan,5722909,79,80,1604,0
2025-01-05,Drake,Murray St.,5731432,59,66,3807,0
2025-01-05,UCF,Kansas,5737717,48,99,9669,0
2025-01-05,Illinois St.,Southern Ill.,5734079,85,54,3427,0
2025-01-05,Oregon,Maryland,5730658,83,79,7427,0
2025-01-05,Washington,Illinois,5737051,77,81,8156,0
2025-01-05,Memphis,North Texas,5740738,68,64,10903,0
2025-01-06,Delaware St.,Norfolk St.,5735929,64,73,1000,0
2025-01-06,Rutgers,Wisconsin,5731233,63,75,8000,0
2025-01-06,Wichita St.,South Fla.,5735435,72,91,5469,0
2025-01-06,Southeastern La.,UTRGV,5732804,79,75,461,0
2025-01-06,Alabama St.,Ark.-Pine Bluff,5740576,93,91,475,0
2025-01-06,East Texas A&M,Nicholls,5734614,61,83,271,0
2025-01-06,SFA,Houston Christian,5734214,73,83,1270,0
2025-01-06,Northwestern St.,McNeese,5732901,69,92,816,0
2025-01-06,New Orleans,A&M-Corpus Christi,5735660,83,97,501,0
2025-01-06,Alabama A&M,Mississippi Val.,5734643,79,67,1502,0
2025-01-06,Lamar University,UIW,5740677,72,58,1333,0
2025-01-06,Coppin St.,South Carolina St.,5736441,77,85,210,0
2025-01-06,Prairie View,Southern U.,5740637,80,84,253,0
2025-01-06,Minnesota,Ohio St.,5733021,88,89,7611,0
2025-01-06,Texas Southern,Grambling,5740693,71,66,1893,0
2025-01-06,Houston,TCU,5737974,65,46,7035,0
2025-01-07,Morgan St.,N.C. Central,5732024,102,98,78,0
2025-01-07,Xavier,St. John's (NY),5733253,72,82,9328,0
2025-01-07,Ball St.,Miami (OH),5723685,72,80,3512,0
2025-01-07,Florida,Tennessee,5730661,73,43,11011,0
2025-01-07,Georgia,Kentucky,5732130,82,69,10523,0
2025-01-07,Duke,Pittsburgh,5733005,76,47,9314,0
2025-01-07,Louisville,Clemson,5732567,74,64,14991,0
2025-01-07,Toledo,Eastern Mich.,5731214,90,87,4246,0
2025-01-07,Western Mich.,Bowling Green,5729224,79,83,1383,0
2025-01-07,Akron,Central Mich.,5732767,87,71,1597,0
2025-01-07,West Virginia,Arizona,5734802,56,75,10566,0
2025-01-07,Buffalo,Ohio,5733940,79,88,968,0
2025-01-07,Syracuse,Georgia Tech,5733610,62,55,13935,0
2025-01-07,NIU,Kent St.,5729559,50,68,1004,0
2025-01-07,UAB,Tulane,5737912,81,69,3142,0
2025-01-07,Missouri St.,UIC,5733078,63,80,1406,0
2025-01-07,Marquette,Georgetown,5733022,74,66,15756,0
2025-01-07,Iowa,Nebraska,5730965,97,87,7812,0
2025-01-07,Baylor,Cincinnati,5734661,68,48,7500,0
2025-01-07,UTSA,Tulsa,5738257,77,82,1047,0
2025-01-07,Iowa St.,Utah,5738230,82,59,13496,0
2025-01-07,Oklahoma St.,Kansas St.,5734138,79,66,5540,0
2025-01-07,Eastern Ill.,SIUE,5733317,57,60,635,0
2025-01-07,Missouri,LSU,5734118,83,67,10367,0
2025-01-07,Texas,Auburn,5733884,82,87,10516,0
2025-01-07,BYU,Texas Tech,5734985,67,72,17307,0
2025-01-07,Colorado St.,Fresno St.,5738636,91,64,3095,0
2025-01-07,North Carolina,SMU,5732572,82,67,19594,0
2025-01-07,Vanderbilt,Mississippi St.,5731045,64,76,8688,0
2025-01-07,San Jose St.,Utah St.,5738245,78,85,1668,0
2025-01-07,Wyoming,New Mexico,5810009,53,61,2938,0
2025-01-07,UCLA,Michigan,5731265,75,94,11121,0
2025-01-07,Boise St.,UNLV,5738177,81,59,10117,0
2025-01-07,Saint Mary's (CA),LMU (CA),5731783,81,56,3344,0
2025-01-08,Holy Cross,Navy,5728293,70,59,874,0
2025-01-08,Army West Point,Loyola Maryland,5722973,74,72,570,0
2025-01-08,La Salle,Loyola Chicago,5733024,68,79,1082,0
2025-01-08,Seton Hall,DePaul,5729991,85,80,8257,0
2025-01-08,App State,Coastal Carolina,5723889,74,51,1703,0
2025-01-08,Villanova,UConn,5732525,68,66,6501,0
2025-01-08,Youngstown St.,Northern Ky.,5731893,72,61,1639,0
2025-01-08,Bradley,Drake,5735581,57,64,6188,0
2025-01-08,Arkansas,Ole Miss,5732370,66,73,19200,0
2025-01-08,UNI,Murray St.,5731433,68,71,3249,0
2025-01-08,Boston U.,American,5735250,60,54,357,0
2025-01-08,Duquesne,Saint Joseph's,5736268,85,81,2524,0
2025-01-08,George Mason,Richmond,5736822,64,58,2389,0
2025-01-08,UCF,Colorado,5735762,75,74,8204,0
2025-01-08,Rhode Island,George Washington,5732391,67,75,4261,0
2025-01-08,VCU,Fordham,5732930,73,61,0,0
2025-01-08,Longwood,UNC Asheville,5737446,85,76,1487,0
2025-01-08,Gardner-Webb,Winthrop,5735911,89,83,625,0
2025-01-08,Bucknell,Lafayette,5732834,65,62,1074,0
2025-01-08,Robert Morris,Cleveland St.,5732618,69,80,646,0
2025-01-08,Charleston So.,High Point,5737727,79,93,456,0
2025-01-08,Colgate,Lehigh,5732643,67,62,536,0
2025-01-08,Mercer,ETSU,5732787,68,70,2217,0
2025-01-08,USC Upstate,Presbyterian,5737806,77,67,270,0
2025-01-08,Massachusetts,Dayton,5737086,76,72,2373,0
2025-01-08,East Carolina,Temple,5737451,80,79,3274,0
2025-01-08,South Carolina,Alabama,5730508,68,88,11115,0
2025-01-08,The Citadel,Furman,5723098,63,67,1833,0
2025-01-08,Purdue Fort Wayne,Milwaukee,5723867,78,73,1788,0
2025-01-08,Miami (FL),Florida St.,5731092,65,80,6597,0
2025-01-08,Wofford,Western Caro.,5730522,77,69,1036,0
2025-01-08,Indiana,Southern California,5731341,82,69,13022,0
2025-01-08,Charlotte,Fla. Atlantic,5737576,64,75,2164,0
2025-01-08,NC State,Notre Dame,5732508,66,65,13515,0
2025-01-08,Belmont,Southern Ill.,5731930,90,86,1504,0
2025-01-08,Saint Louis,St. Bonaventure,5735996,73,68,5277,0
2025-01-08,Evansville,Illinois St.,5734080,69,51,4036,0
2025-01-08,Valparaiso,Indiana St.,5732904,98,95,1471,0
2025-01-08,Georgia St.,Ga. Southern,5728544,82,78,1875,0
2025-01-08,Providence,Butler,5735496,84,65,8111,0
2025-01-08,Omaha,Kansas City,5723581,77,58,2437,0
2025-01-08,St. Thomas (MN),South Dakota St.,5730935,73,72,1852,0
2025-01-08,Illinois,Penn St.,5731667,91,52,13883,0
2025-01-08,Kansas,Arizona St.,5740700,74,55,15300,0
2025-01-08,Oklahoma,Texas A&M,5733808,78,80,7604,0
2025-01-08,Stanford,Virginia Tech,5732560,70,59,3262,0
2025-01-08,North Texas,Rice,5737947,81,59,2836,0
2025-01-08,Gonzaga,San Diego,5729853,93,80,6000,0
2025-01-08,San Diego St.,Air Force,5728835,67,38,12414,0
2025-01-08,California,Virginia,5732562,75,61,3696,0
2025-01-09,Little Rock,Morehead St.,5728339,53,59,493,0
2025-01-09,Chattanooga,UNC Greensboro,5733585,75,78,2867,0
2025-01-09,UMass Lowell,Vermont,5734469,63,67,957,0
2025-01-09,Maine,Binghamton,5730866,82,71,508,0
2025-01-09,Ohio St.,Oregon,5730659,71,73,10631,0
2025-01-09,Rutgers,Purdue,5731389,50,68,8000,0
2025-01-09,Bellarmine,Jacksonville,5735148,59,74,1491,0
2025-01-09,IU Indy,Detroit Mercy,5723686,95,61,667,0
2025-01-09,Troy,Texas St.,5723210,73,74,2123,0
2025-01-09,Stetson,Central Ark.,5736984,75,65,515,0
2025-01-09,Wright St.,Oakland,5737613,66,62,3230,0
2025-01-09,N.C. A&T,Delaware,5732747,88,98,708,0
2025-01-09,Hofstra,Col. of Charleston,5723034,61,67,1504,0
2025-01-09,Stony Brook,Drexel,5732416,51,67,1636,0
2025-01-09,Monmouth,UNCW,5731597,55,64,1238,0
2025-01-09,Marshall,James Madison,5733979,80,78,4009,0
2025-01-09,NJIT,UMBC,5734860,64,87,376,0
2025-01-09,Towson,Northeastern,5728352,80,73,1020,0
2025-01-09,William & Mary,Elon,5725817,78,65,2018,0
2025-01-09,Hampton,Campbell,5725839,55,66,1257,0
2025-01-09,FGCU,North Ala.,5729584,75,70,2009,0
2025-01-09,New Hampshire,UAlbany,5736586,57,61,172,0
2025-01-09,Eastern Ky.,North Florida,5722552,79,74,1706,0
2025-01-09,Middle Tenn.,Kennesaw St.,5729732,84,79,2051,0
2025-01-09,Louisiana Tech,FIU,5736275,81,64,1635,0
2025-01-09,Lipscomb,Queens (NC),5734419,73,75,1563,0
2025-01-09,Utah Valley,Grand Canyon,5723492,72,64,2351,0
2025-01-09,Oral Roberts,North Dakota St.,5722781,96,110,2197,0
2025-01-09,Samford,VMI,5735727,81,68,733,0
2025-01-09,Western Ky.,Jacksonville St.,5728693,67,73,2823,0
2025-01-09,Southern Miss.,ULM,5729737,84,67,2805,0
2025-01-09,Michigan St.,Washington,5733019,88,54,14797,0
2025-01-09,South Alabama,Arkansas St.,5724040,76,62,2208,0
2025-01-09,Austin Peay,West Ga.,5737600,68,72,2216,0
2025-01-09,Louisiana,Old Dominion,5733065,60,71,1235,0
2025-01-09,Eastern Ill.,Tennessee Tech,5733906,64,69,911,0
2025-01-09,Southeast Mo. St.,Southern Ind.,5728465,77,66,805,0
2025-01-09,Western Ill.,UT Martin,5730168,83,85,628,0
2025-01-09,Southern Utah,Tarleton St.,5732694,66,74,1453,0
2025-01-09,Lindenwood,Tennessee St.,5730351,72,62,574,0
2025-01-09,Montana St.,Northern Colo.,5732745,82,83,2367,0
2025-01-09,Montana,Northern Ariz.,5736889,81,76,2572,0
2025-01-09,Utah Tech,UT Arlington,5722699,74,62,1652,0
2025-01-09,Denver,North Dakota,5730706,70,95,698,0
2025-01-09,UC Davis,Cal St. Fullerton,5732152,63,53,1372,0
2025-01-09,Sam Houston,Liberty,5728601,68,76,924,0
2025-01-09,Washington St.,Pacific,5733209,94,95,3715,0
2025-01-09,Sacramento St.,Idaho,5724000,67,80,587,0
2025-01-09,San Francisco,Portland,5738042,81,72,1824,0
2025-01-09,UC Santa Barbara,CSU Bakersfield,5728673,78,66,2757,0
2025-01-09,Santa Clara,Oregon St.,5729981,82,81,1675,0
2025-01-09,CSUN,UC Irvine,5729409,67,77,453,0
2025-01-09,UC San Diego,Cal Poly,5731373,95,68,1522,0
2025-01-09,UC Riverside,Hawaii,5735412,76,83,1235,0
2025-01-09,Portland St.,Eastern Wash.,5730188,64,59,970,0
2025-01-10,Sacred Heart,Merrimack,5736310,65,66,1200,0
2025-01-10,Buffalo,Kent St.,5729560,49,68,1448,0
2025-01-10,Niagara,Saint Peter's,5733096,70,60,708,0
2025-01-10,Saint Francis,Mercyhurst,5729790,73,59,665,0
2025-01-10,Canisius,Rider,5722916,85,67,711,0
2025-01-10,Wisconsin,Minnesota,5731234,80,59,14239,0
2025-01-10,Central Conn. St.,Wagner,5728604,57,62,1303,0
2025-01-10,Quinnipiac,Siena,5732052,72,53,1187,0
2025-01-10,Manhattan,Mount St. Mary's,5730622,66,75,350,0
2025-01-10,Stonehill,LIU,5726004,60,70,625,0
2025-01-10,Fairfield,Iona,5728253,68,64,2162,0
2025-01-10,Le Moyne,FDU,5735523,86,91,491,0
2025-01-10,Toledo,Central Mich.,5732776,69,67,3974,0
2025-01-10,Maryland,UCLA,5732513,79,61,15172,0
2025-01-11,St. Bonaventure,La Salle,5736292,82,83,3988,0
2025-01-11,Illinois,Southern California,5732218,72,82,15544,0
2025-01-11,Yale,Brown,5722302,79,58,1402,0
2025-01-11,Duke,Notre Dame,5733010,86,78,9314,0
2025-01-11,Pittsburgh,Louisville,5735216,78,82,9065,0
2025-01-11,Butler,Creighton,5735423,76,80,8134,0
2025-01-11,South Carolina,Auburn,5728575,63,66,13390,0
2025-01-11,Hofstra,UNCW,5723040,66,63,1738,0
2025-01-11,Monmouth,Col. of Charleston,5731639,84,73,1904,0
2025-01-11,New Mexico,San Diego St.,5730893,62,48,15428,0
2025-01-11,Indiana St.,Belmont,5731931,79,84,4623,0
2025-01-11,UMass Lowell,NJIT,5734861,70,62,535,0
2025-01-11,Ohio,NIU,5735520,108,70,4011,0
2025-01-11,New Hampshire,Binghamton,5734428,79,72,417,0
2025-01-11,Lafayette,Holy Cross,5732401,82,65,1276,0
2025-01-11,App State,James Madison,5723893,86,66,2405,0
2025-01-11,Northwestern St.,East Texas A&M,5732903,75,67,289,0
2025-01-11,Texas Tech,Iowa St.,5736430,84,85,14263,0
2025-01-11,TCU,BYU,5734986,71,67,4752,0
2025-01-11,Rice,Temple,5737452,70,73,1300,0
2025-01-11,Tulane,South Fla.,5735436,73,70,1281,0
2025-01-11,Omaha,South Dakota St.,5730936,87,80,2849,0
2025-01-11,Columbia,Cornell,5723911,83,94,1786,0
2025-01-11,George Mason,Massachusetts,5738109,77,70,3214,0
2025-01-11,Cincinnati,Kansas,5738040,40,54,12012,0
2025-01-11,Georgetown,UConn,5732534,60,68,17168,0
2025-01-11,Lehigh,Army West Point,5733888,69,74,891,0
2025-01-11,William & Mary,N.C. A&T,5733510,81,78,2641,0
2025-01-11,Davidson,Fordham,5732934,74,64,3053,0
2025-01-11,Drexel,Towson,5731957,82,93,1436,0
2025-01-11,Memphis,East Carolina,5740779,74,70,10862,0
2025-01-11,FGCU,Central Ark.,5729585,77,71,1990,0
2025-01-11,Maine,UAlbany,5730867,87,66,1064,0
2025-01-11,Clemson,Florida St.,5731094,77,57,9341,0
2025-01-11,Ball St.,Bowling Green,5723693,91,69,4256,0
2025-01-11,Harvard,Princeton,5725937,64,68,1636,0
2025-01-11,Hampton,Delaware,5729882,83,77,527,0
2025-01-11,USC Upstate,Radford,5736758,67,80,372,0
2025-01-11,Presbyterian,UNC Asheville,5737849,87,96,451,0
2025-01-11,Youngstown St.,Cleveland St.,5731894,72,80,1905,0
2025-01-11,Dartmouth,Penn,5733663,73,70,0,0
2025-01-11,Colgate,Boston U.,5732650,87,50,757,0
2025-01-11,Winthrop,Longwood,5737447,95,76,2004,0
2025-01-11,UIC,Bradley,5735582,60,61,1896,0
2025-01-11,South Alabama,Old Dominion,5724048,63,71,2089,0
2025-01-11,Western Ky.,Kennesaw St.,5729736,85,69,3047,0
2025-01-11,Southern Miss.,Texas St.,5723218,92,88,3130,0
2025-01-11,Boston College,Syracuse,5732367,71,79,6287,0
2025-01-11,Saint Joseph's,Loyola Chicago,5733027,93,57,3013,0
2025-01-11,Air Force,San Jose St.,5728836,62,69,1545,0
2025-01-11,Denver,North Dakota St.,5730708,50,69,954,0
2025-01-11,Missouri,Vanderbilt,5723121,75,66,15061,0
2025-01-11,Sam Houston,FIU,5732866,81,74,976,0
2025-01-11,Eastern Mich.,Akron,5731216,81,105,2540,0
2025-01-11,Miami (OH),Western Mich.,5729225,91,71,1002,0
2025-01-11,Arkansas,Florida,5731320,63,71,19200,0
2025-01-11,N.C. Central,UMES,5735093,88,69,1328,0
2025-01-11,Utah Valley,California Baptist,5730327,75,69,1863,0
2025-01-11,Bryant,Vermont,5734473,73,53,827,0
2025-01-11,NC State,North Carolina,5732517,61,63,19500,0
2025-01-11,American,Bucknell,5732840,68,58,2528,0
2025-01-11,Colorado St.,UNLV,5810365,84,62,3912,0
2025-01-11,Norfolk St.,Coppin St.,5736442,92,69,1978,0
2025-01-11,Stanford,Virginia,5732570,88,65,4504,0
2025-01-11,Milwaukee,Green Bay,5723559,70,59,3507,0
2025-01-11,Murray St.,Valparaiso,5731434,58,47,5418,0
2025-01-11,Sacramento St.,Eastern Wash.,5724001,54,65,478,0
2025-01-11,UTSA,Wichita St.,5735532,88,75,1549,0
2025-01-11,Alcorn,Alabama A&M,5734646,62,52,115,0
2025-01-11,SMU,Georgia Tech,5733614,93,71,5526,0
2025-01-11,DePaul,Xavier,5729994,63,77,5711,0
2025-01-11,South Carolina St.,Delaware St.,5735930,75,76,585,0
2025-01-11,Howard,Morgan St.,5732025,100,95,1023,0
2025-01-11,Eastern Ky.,Jacksonville,5723238,75,82,1872,0
2025-01-11,Georgia St.,Coastal Carolina,5730235,79,74,1303,0
2025-01-11,Cal St. Fullerton,Hawaii,5732153,86,95,513,0
2025-01-11,Stetson,North Ala.,5736986,64,92,498,0
2025-01-11,ETSU,The Citadel,5809647,70,52,2476,0
2025-01-11,Marshall,Ga. Southern,5728550,81,69,3866,0
2025-01-11,A&M-Corpus Christi,UTRGV,5734488,79,74,2526,0
2025-01-11,Jackson St.,Alabama St.,5735360,77,70,1008,0
2025-01-11,Houston Christian,UIW,5735239,81,76,445,0
2025-01-11,Western Ill.,Tennessee St.,5730167,52,72,589,0
2025-01-11,Lindenwood,UT Martin,5730352,82,81,1028,0
2025-01-11,Troy,Arkansas St.,5729119,78,84,3456,0
2025-01-11,Southeast Mo. St.,Morehead St.,5728346,56,67,1216,0
2025-01-11,SIUE,Tennessee Tech,5733320,67,59,1505,0
2025-01-11,Portland St.,Idaho,5730190,75,63,835,0
2025-01-11,McNeese,Nicholls,5740593,80,71,4032,0
2025-01-11,Loyola Maryland,Navy,5722983,75,74,842,0
2025-01-11,UC Davis,Long Beach St.,5725909,73,84,2263,0
2025-01-11,Lipscomb,West Ga.,5736793,86,67,1864,0
2025-01-11,Austin Peay,Queens (NC),5734422,60,67,1137,0
2025-01-11,Providence,Seton Hall,5735497,91,85,12193,0
2025-01-11,Miami (FL),Wake Forest,5737827,78,88,6420,0
2025-01-11,Grambling,Bethune-Cookman,5729452,59,65,1200,0
2025-01-11,Drake,Evansville,5740699,63,40,3930,0
2025-01-11,Southern U.,Florida A&M,5740638,91,57,3745,0
2025-01-11,Texas,Tennessee,5733890,70,74,10195,0
2025-01-11,New Orleans,Southeastern La.,5732812,71,91,729,0
2025-01-11,Samford,UNC Greensboro,5737838,76,69,1789,0
2025-01-11,Kansas St.,Houston,5734156,57,87,8332,0
2025-01-11,Middle Tenn.,Jacksonville St.,5728695,81,64,2237,0
2025-01-11,Ole Miss,LSU,5722885,77,65,9406,0
2025-01-11,California,Virginia Tech,5732569,68,71,4003,0
2025-01-11,Montana,Northern Colo.,5736891,57,81,3184,0
2025-01-11,Richmond,Rhode Island,5736825,64,67,5465,0
2025-01-11,Northern Ky.,Oakland,5737816,53,68,3512,0
2025-01-11,Georgia,Oklahoma,5732131,72,62,10523,0
2025-01-11,Bellarmine,North Florida,5735150,83,98,1372,0
2025-01-11,Santa Clara,San Francisco,5729983,77,54,2500,0
2025-01-11,Fresno St.,Nevada,5738148,66,77,5231,0
2025-01-11,High Point,Gardner-Webb,5735912,96,55,3490,0
2025-01-11,Stony Brook,Northeastern,5728353,66,70,2367,0
2025-01-11,St. John's (NY),Villanova,5728813,80,68,18178,0
2025-01-11,Purdue Fort Wayne,Detroit Mercy,5723869,90,67,1582,0
2025-01-11,Lamar University,SFA,5734215,63,72,0,0
2025-01-11,Southern Ill.,Missouri St.,5733082,88,78,4312,0
2025-01-11,Illinois St.,UNI,5734082,84,85,4712,0
2025-01-11,Mississippi Val.,Prairie View,5737391,65,74,1178,0
2025-01-11,Utah,Oklahoma St.,5735305,83,62,7922,0
2025-01-11,Iowa,Indiana,5730966,85,60,10948,0
2025-01-11,Cal Poly,UC Santa Barbara,5736112,72,75,3032,0
2025-01-11,Idaho St.,Weber St.,5722786,69,77,2323,0
2025-01-11,St. Thomas (MN),South Dakota,5731558,119,104,1583,0
2025-01-11,Montana St.,Northern Ariz.,5732778,58,53,2772,0
2025-01-11,Texas A&M,Alabama,5722395,88,94,12997,0
2025-01-11,Oral Roberts,North Dakota,5722787,83,79,3423,0
2025-01-11,Louisiana,ULM,5729739,71,68,2005,0
2025-01-11,Louisiana Tech,Liberty,5728605,79,74,2373,0
2025-01-11,Southern Utah,UT Arlington,5732696,73,68,1061,0
2025-01-11,Mississippi St.,Kentucky,5729957,90,95,9551,0
2025-01-11,Utah Tech,Tarleton St.,5722702,58,54,1736,0
2025-01-11,Gonzaga,Washington St.,5729854,88,75,6000,0
2025-01-11,UTEP,New Mexico St.,5733277,57,85,12000,0
2025-01-11,Utah St.,Boise St.,5738178,81,79,10270,0
2025-01-11,CSU Bakersfield,CSUN,5728676,94,90,850,0
2025-01-11,Arizona St.,Baylor,5734662,66,72,9449,0
2025-01-11,San Diego,Saint Mary's (CA),5738222,56,103,1349,0
2025-01-11,Seattle U,Abilene Christian,5733905,66,64,1461,0
2025-01-11,UC San Diego,UC Irvine,5729410,52,60,4000,0
2025-01-11,Pacific,Oregon St.,5733210,55,91,1188,0
2025-01-11,Arizona,UCF,5736920,88,80,13039,0
2025-01-12,Niagara,Rider,5722923,65,68,509,0
2025-01-12,Chattanooga,VMI,5733589,91,66,2915,0
2025-01-12,Purdue,Nebraska,5737934,104,68,14876,0
2025-01-12,Northwestern,Michigan St.,5733023,68,78,7039,0
2025-01-12,FDU,Saint Francis,5735525,71,75,753,0
2025-01-12,Iona,Quinnipiac,5728254,62,63,1824,0
2025-01-12,Canisius,Saint Peter's,5723327,49,62,457,0
2025-01-12,Central Conn. St.,LIU,5726005,52,54,816,0
2025-01-12,Chicago St.,Stonehill,5730123,52,68,145,0
2025-01-12,Mount St. Mary's,Sacred Heart,5730624,73,71,1980,0
2025-01-12,Merrimack,Manhattan,5756624,69,62,717,0
2025-01-12,Robert Morris,Wright St.,5737614,75,72,824,0
2025-01-12,Le Moyne,Mercyhurst,5729792,79,63,479,0
2025-01-12,Michigan,Washington,5731266,91,75,12707,0
2025-01-12,Marist,Fairfield,5729382,61,51,1669,0
2025-01-12,Tulsa,Charlotte,5737578,69,63,3046,0
2025-01-12,Colorado,West Virginia,5734806,70,78,6975,0
2025-01-12,Western Caro.,Mercer,5732774,85,82,1420,0
2025-01-12,Little Rock,Southern Ind.,5728468,78,58,771,0
2025-01-12,Penn St.,Oregon,5730660,81,82,8972,0
2025-01-12,Fla. Atlantic,UAB,5737914,76,81,3161,0
2025-01-13,Ark.-Pine Bluff,Prairie View,5740656,64,75,2175,0
2025-01-13,Rutgers,UCLA,5731390,75,68,8000,0
2025-01-13,Maryland,Minnesota,5732516,77,71,10271,0
2025-01-13,Alcorn,Alabama St.,5740577,67,65,305,0
2025-01-13,Mississippi Val.,Texas Southern,5737393,53,82,1574,0
2025-01-13,Notre Dame,Boston College,5732371,78,60,4693,0
2025-01-13,Furman,Wofford,5730523,62,81,4367,0
2025-01-13,Loyola Maryland,American,5722998,54,73,1312,0
2025-01-13,SFA,Southeastern La.,5732818,59,66,1609,0
2025-01-13,UTRGV,East Texas A&M,5734503,57,55,1286,0
2025-01-13,N.C. Central,Delaware St.,5735096,75,72,2578,0
2025-01-13,Howard,Coppin St.,5736445,90,75,1179,0
2025-01-13,Morgan St.,Norfolk St.,5732026,78,74,323,0
2025-01-13,UIW,Nicholls,5740678,82,88,266,0
2025-01-13,Southern U.,Bethune-Cookman,5729453,69,53,3962,0
2025-01-13,South Carolina St.,UMES,5740714,78,64,486,0
2025-01-13,Grambling,Florida A&M,5740684,79,72,1352,0
2025-01-13,Lamar University,New Orleans,5740766,62,68,1019,0
2025-01-13,Houston Christian,McNeese,5735247,59,75,857,0
2025-01-13,Jackson St.,Alabama A&M,5734647,103,93,943,0
2025-01-13,A&M-Corpus Christi,Northwestern St.,5732906,73,64,1366,0
2025-01-13,Elon,Campbell,5725819,81,68,2061,0
2025-01-14,Xavier,Villanova,5728814,69,63,10077,0
2025-01-14,DePaul,Marquette,5729996,83,85,6416,0
2025-01-14,Auburn,Mississippi St.,5731047,88,66,9121,0
2025-01-14,Alabama,Ole Miss,5730510,64,74,13474,0
2025-01-14,NIU,Miami (OH),5729303,69,84,1244,0
2025-01-14,East Carolina,North Texas,5740739,60,69,4033,0
2025-01-14,VCU,Saint Louis,5734081,78,62,7637,0
2025-01-14,Syracuse,Louisville,5735806,61,85,19750,0
2025-01-14,Kentucky,Texas A&M,5733189,81,69,20039,0
2025-01-14,Akron,Toledo,5735396,85,78,2011,0
2025-01-14,Central Mich.,Eastern Mich.,5731217,82,63,2000,0
2025-01-14,Ohio,Ball St.,5723701,86,71,4624,0
2025-01-14,Bowling Green,Buffalo,5730847,79,61,1639,0
2025-01-14,Kent St.,Western Mich.,5729226,83,94,2072,0
2025-01-14,Indiana,Illinois,5731343,69,94,17222,0
2025-01-14,Belmont,Valparaiso,5731932,71,64,1336,0
2025-01-14,Wichita St.,Charlotte,5735533,68,59,5359,0
2025-01-14,St. John's (NY),Georgetown,5733261,63,58,12757,0
2025-01-14,UNI,Evansville,5734753,73,56,3431,0
2025-01-14,Rice,UTSA,5737950,84,90,2424,0
2025-01-14,Creighton,Providence,5735424,84,64,17063,0
2025-01-14,Southeast Mo. St.,Little Rock,5733211,71,73,2585,0
2025-01-14,Boise St.,Wyoming,5738179,96,55,10474,0
2025-01-14,LSU,Arkansas,5809846,78,74,8675,0
2025-01-14,Florida,Missouri,5731321,82,83,10491,0
2025-01-14,Kansas St.,Texas Tech,5734139,57,61,8019,0
2025-01-14,Wisconsin,Ohio St.,5731235,70,68,14527,0
2025-01-14,Duke,Miami (FL),5733015,89,54,9314,0
2025-01-14,BYU,Oklahoma St.,5734988,85,69,16457,0
2025-01-14,Georgia Tech,Clemson,5732575,59,70,4047,0
2025-01-14,Nevada,Air Force,5728837,68,62,7430,0
2025-01-14,San Jose St.,New Mexico,5738246,71,70,1853,0
2025-01-14,Southern California,Iowa,5732219,99,89,5246,0
2025-01-14,Arizona St.,UCF,5737718,89,95,8337,0
2025-01-14,Arizona,Baylor,5734663,81,70,14034,0
2025-01-14,San Diego St.,Colorado St.,5730894,75,60,12414,0
2025-01-15,Army West Point,Lafayette,5733690,70,68,543,0
2025-01-15,VMI,Western Caro.,5735728,66,50,1257,0
2025-01-15,Vanderbilt,South Carolina,5740778,66,63,6443,0
2025-01-15,Boston U.,Lehigh,5733892,63,58,670,0
2025-01-15,UNC Asheville,USC Upstate,5737809,93,92,1481,0
2025-01-15,Winthrop,Charleston So.,5737744,102,97,1667,0
2025-01-15,Wake Forest,Stanford,5733955,80,67,9685,0
2025-01-15,La Salle,Davidson,5735545,79,76,1305,0
2025-01-15,Iowa St.,Kansas,5738231,74,57,14267,0
2025-01-15,Missouri St.,Southern Ill.,5733079,51,73,3026,0
2025-01-15,North Carolina,California,5732590,79,53,20031,0
2025-01-15,Howard,Bowie St.,6300373,73,76,2100,0
2025-01-15,George Washington,Duquesne,5732394,65,73,1662,0
2025-01-15,St. Bonaventure,Richmond,5736826,63,49,3596,0
2025-01-15,Virginia Tech,NC State,5732522,79,76,5634,0
2025-01-15,Butler,Seton Hall,5735590,82,77,6607,0
2025-01-15,Dayton,George Mason,5737089,59,67,13407,0
2025-01-15,South Fla.,UAB,5735437,83,92,4572,0
2025-01-15,Bucknell,Holy Cross,5732403,86,82,1024,0
2025-01-15,Cleveland St.,Northern Ky.,5732628,76,58,1275,0
2025-01-15,Mercer,Samford,5732708,74,75,2219,0
2025-01-15,UNC Greensboro,The Citadel,5737839,70,57,952,0
2025-01-15,Radford,Gardner-Webb,5735913,79,75,1324,0
2025-01-15,Fordham,Massachusetts,5732938,118,120,1781,0
2025-01-15,Wright St.,Purdue Fort Wayne,5723872,113,120,3298,0
2025-01-15,Chattanooga,Wofford,5730524,83,81,3131,0
2025-01-15,Furman,ETSU,5731023,73,70,2347,0
2025-01-15,Navy,Colgate,5728295,66,73,837,0
2025-01-15,Oakland,IU Indy,5723695,72,59,2037,0
2025-01-15,Michigan St.,Penn St.,5731668,90,85,14797,0
2025-01-15,ULM,Troy,5729741,58,77,1154,0
2025-01-15,Tulane,Fla. Atlantic,5738121,80,65,1679,0
2025-01-15,Houston,West Virginia,5734810,70,54,7035,0
2025-01-15,UIC,Murray St.,5731435,97,93,1391,0
2025-01-15,TCU,Utah,5809641,65,73,5459,0
2025-01-15,Texas St.,Georgia St.,5723225,94,80,2292,0
2025-01-15,Bradley,Indiana St.,5732929,118,65,5330,0
2025-01-15,South Alabama,Southern Miss.,5724050,75,62,2568,0
2025-01-15,Tennessee,Georgia,5730663,74,56,19239,0
2025-01-15,Florida St.,Pittsburgh,5731097,82,70,5784,0
2025-01-15,Drake,Illinois St.,5734084,66,62,3117,0
2025-01-15,Virginia,SMU,5732585,52,54,13554,0
2025-01-15,Denver,Omaha,5730709,62,80,527,0
2025-01-15,Colorado,Cincinnati,5735763,62,68,6576,0
2025-01-15,Loyola Chicago,Rhode Island,5733030,81,77,2523,0
2025-01-15,Washington,Purdue,5737054,58,69,7789,0
2025-01-15,Oklahoma,Texas,5733812,73,77,10436,0
2025-01-15,UNLV,Utah St.,5756598,65,62,4659,0
2025-01-16,Coppin St.,Cheyney,5722331,88,62,928,0
2025-01-16,NJIT,Maine,5730868,44,57,1672,0
2025-01-16,UMBC,New Hampshire,5736591,76,79,1085,0
2025-01-16,FGCU,West Ga.,5729586,82,60,1954,0
2025-01-16,UAlbany,Bryant,5729275,79,89,1382,0
2025-01-16,Bellarmine,Lipscomb,5735157,53,87,1272,0
2025-01-16,Delaware,Stony Brook,5732419,84,74,1443,0
2025-01-16,Minnesota,Michigan,5731267,84,81,8877,0
2025-01-16,Jacksonville St.,Louisiana Tech,5728698,63,61,2317,0
2025-01-16,Coastal Carolina,Ga. Southern,5728555,87,88,2492,0
2025-01-16,Quinnipiac,Merrimack,5735090,81,76,932,0
2025-01-16,N.C. A&T,Monmouth,5733519,63,72,2858,0
2025-01-16,James Madison,Marshall,5733982,67,64,3335,0
2025-01-16,Stetson,Queens (NC),5734427,60,95,476,0
2025-01-16,Vermont,Binghamton,5734431,72,64,2310,0
2025-01-16,Temple,Memphis,5737455,88,81,5719,0
2025-01-16,Campbell,Col. of Charleston,5731644,61,67,1359,0
2025-01-16,Longwood,High Point,5737448,82,80,3128,0
2025-01-16,Jacksonville,North Ala.,5735749,64,60,1000,0
2025-01-16,Towson,Hofstra,5731958,65,60,2016,0
2025-01-16,Fairfield,Niagara,5737542,70,66,1127,0
2025-01-16,Siena,Sacred Heart,5732053,93,75,4362,0
2025-01-16,North Florida,Central Ark.,5722555,92,80,1768,0
2025-01-16,Old Dominion,App State,5723896,43,62,4529,0
2025-01-16,Drexel,Elon,5725821,54,65,959,0
2025-01-16,Kennesaw St.,Sam Houston,5729740,75,69,1788,0
2025-01-16,UNCW,Northeastern,5728356,80,72,5200,0
2025-01-16,Iona,Canisius,5723328,82,61,1369,0
2025-01-16,Saint Peter's,Marist,5729383,51,56,300,0
2025-01-16,Rider,Mount St. Mary's,5722931,66,60,1624,0
2025-01-16,Hampton,William & Mary,5729884,64,67,1654,0
2025-01-16,FIU,New Mexico St.,5809866,52,59,1535,0
2025-01-16,Morehead St.,Western Ill.,5728348,51,47,2107,0
2025-01-16,Tarleton St.,California Baptist,5730329,67,57,1376,0
2025-01-16,Northern Colo.,Portland St.,5730191,72,69,1208,0
2025-01-16,North Dakota St.,Kansas City,5723583,71,64,1544,0
2025-01-16,South Dakota St.,North Dakota,5730926,109,73,3261,0
2025-01-16,UT Arlington,Utah Valley,5734141,83,85,1824,0
2025-01-16,Northern Ariz.,Sacramento St.,5724003,77,53,889,0
2025-01-16,South Dakota,Oral Roberts,5722798,92,82,2119,0
2025-01-16,Arkansas St.,Louisiana,5729120,83,63,5248,0
2025-01-16,Austin Peay,Eastern Ky.,5738655,97,90,1326,0
2025-01-16,Tennessee Tech,Southeast Mo. St.,5733576,70,77,1445,0
2025-01-16,UT Martin,Eastern Ill.,5732256,68,63,1579,0
2025-01-16,Tennessee St.,SIUE,5733330,80,87,1204,0
2025-01-16,Southern Ind.,Lindenwood,5728470,80,73,1669,0
2025-01-16,Weber St.,Montana,5736898,59,63,3336,0
2025-01-16,Grand Canyon,Abilene Christian,5723494,88,58,7129,0
2025-01-16,Northwestern,Maryland,5732518,76,74,5871,0
2025-01-16,Idaho St.,Montana St.,5722799,70,67,1321,0
2025-01-16,Liberty,UTEP,5728607,70,72,3598,0
2025-01-16,Nebraska,Rutgers,5731391,82,85,13999,0
2025-01-16,Long Beach St.,UC San Diego,5725911,54,80,1478,0
2025-01-16,Cal Poly,UC Davis,5736113,54,65,1439,0
2025-01-16,UC Irvine,Cal St. Fullerton,5729411,82,62,3106,0
2025-01-16,LMU (CA),Santa Clara,5729989,57,54,1499,0
2025-01-16,Portland,Pacific,5733215,84,81,1132,0
2025-01-16,UC Santa Barbara,UC Riverside,5738028,66,63,1713,0
2025-01-16,Seattle U,Utah Tech,5735153,82,62,949,0
2025-01-16,San Diego,Washington St.,5738098,61,65,1337,0
2025-01-16,Pepperdine,San Francisco,5737029,63,80,248,0
2025-01-16,Oregon St.,Gonzaga,5729855,97,89,9301,0
2025-01-16,Hawaii,CSUN,5730387,60,83,4237,0
2025-01-17,Akron,Ohio,5735397,92,80,2830,0
2025-01-17,Green Bay,Robert Morris,5723560,67,89,2007,0
2025-01-17,Villanova,Providence,5728815,75,73,10253,0
2025-01-17,Saint Joseph's,VCU,5734086,69,78,3069,0
2025-01-17,Milwaukee,Youngstown St.,5726061,79,64,1957,0
2025-01-17,Georgetown,DePaul,5729999,68,73,5311,0
2025-01-17,Ohio St.,Indiana,5731346,76,77,13124,0
2025-01-17,UCLA,Iowa,5730968,94,70,5298,0
2025-01-17,Fresno St.,Air Force,5728838,74,65,4797,0
2025-01-17,New Mexico,Boise St.,5738180,84,65,14519,0
2025-01-18,Kentucky,Alabama,5722396,97,102,21108,0
2025-01-18,Florida St.,Georgia Tech,5731100,91,78,6751,0
2025-01-18,UConn,Creighton,5732540,63,68,10299,0
2025-01-18,Army West Point,Boston U.,5736139,68,62,1168,0
2025-01-18,Louisville,Virginia,5732594,81,67,18233,0
2025-01-18,UCF,Houston,5737720,68,69,9014,0
2025-01-18,Pittsburgh,Clemson,5732580,75,78,10584,0
2025-01-18,George Mason,George Washington,5732396,80,77,4397,0
2025-01-18,Kansas,Kansas St.,5734159,84,74,15300,0
2025-01-18,UMBC,Maine,5730869,62,87,1425,0
2025-01-18,Wagner,Mercyhurst,5729794,65,69,217,0
2025-01-18,Western Mich.,Buffalo,5729227,76,85,1672,0
2025-01-18,Detroit Mercy,Oakland,5736736,59,65,2047,0
2025-01-18,Lafayette,Colgate,5732661,67,90,1188,0
2025-01-18,Holy Cross,American,5732408,65,74,1221,0
2025-01-18,Georgia,Auburn,5732132,68,70,10523,0
2025-01-18,The Citadel,VMI,5723106,70,75,1441,0
2025-01-18,North Dakota,Kansas City,5723587,76,72,1994,0
2025-01-18,Chicago St.,Le Moyne,5737006,88,72,216,0
2025-01-18,Cincinnati,Arizona St.,5738004,67,60,11090,0
2025-01-18,Evansville,Belmont,5731934,82,85,4986,0
2025-01-18,Texas Tech,Arizona,5736431,70,54,15098,0
2025-01-18,NIU,Central Mich.,5732843,66,71,1320,0
2025-01-18,Marquette,Xavier,5733063,57,59,17881,0
2025-01-18,Columbia,Yale,5723915,88,92,1370,0
2025-01-18,North Florida,North Ala.,5722557,84,90,1318,0
2025-01-18,FGCU,Queens (NC),5729587,60,47,2154,0
2025-01-18,Towson,Stony Brook,5723049,53,49,2611,0
2025-01-18,Delaware,Elon,5725822,79,77,2262,0
2025-01-18,Bowling Green,Eastern Mich.,5730848,62,68,1981,0
2025-01-18,Fairfield,Canisius,5723332,67,78,2020,0
2025-01-18,LIU,Saint Francis,5726006,64,51,304,0
2025-01-18,Ball St.,Toledo,5723707,75,93,4412,0
2025-01-18,Lehigh,Loyola Maryland,5723007,60,76,918,0
2025-01-18,Brown,Harvard,5722303,67,80,1228,0
2025-01-18,Dartmouth,Princeton,5730482,80,81,1337,0
2025-01-18,Virginia Tech,Wake Forest,5732574,63,72,8925,0
2025-01-18,FIU,UTEP,5733289,73,81,649,0
2025-01-18,Manhattan,Niagara,5737737,72,65,654,0
2025-01-18,Delaware St.,Virginia-Lynchburg,5735934,126,38,128,0
2025-01-18,Charleston So.,Radford,5736761,58,54,785,0
2025-01-18,Binghamton,UAlbany,5734438,65,70,2162,0
2025-01-18,Penn,Cornell,5733676,76,86,2339,0
2025-01-18,Rhode Island,Davidson,5735547,92,90,5513,0
2025-01-18,Northern Ky.,Wright St.,5737615,70,78,2743,0
2025-01-18,Miami (FL),SMU,5735300,74,117,3922,0
2025-01-18,Campbell,Monmouth,5733841,81,58,1615,0
2025-01-18,Duquesne,St. Bonaventure,5736270,75,57,3104,0
2025-01-18,Sacred Heart,Saint Peter's,5733099,61,66,698,0
2025-01-18,UNC Asheville,Winthrop,5738192,93,84,1812,0
2025-01-18,North Carolina,Stanford,5732592,71,72,21750,0
2025-01-18,Richmond,Saint Louis,5735998,59,63,5937,0
2025-01-18,Southern California,Wisconsin,5731236,69,84,6938,0
2025-01-18,Oregon,Purdue,5730662,58,65,12364,0
2025-01-18,Jacksonville,Central Ark.,5735750,72,62,1012,0
2025-01-18,Western Caro.,UNC Greensboro,5737395,55,83,2868,0
2025-01-18,South Fla.,Tulsa,5735438,63,56,8636,0
2025-01-18,NJIT,New Hampshire,5734862,64,59,333,0
2025-01-18,Merrimack,Siena,5732054,64,58,1533,0
2025-01-18,ULM,Louisiana,5729743,60,65,1514,0
2025-01-18,South Dakota,North Dakota St.,5732561,77,103,2001,0
2025-01-18,Oklahoma St.,Colorado,5735306,83,73,7247,0
2025-01-18,Kent St.,Miami (OH),5729304,61,70,3054,0
2025-01-18,East Texas A&M,New Orleans,5734619,73,82,489,0
2025-01-18,Vanderbilt,Tennessee,5723132,76,75,14316,0
2025-01-18,Old Dominion,Ga. Southern,5728563,63,67,5739,0
2025-01-18,Morehead St.,Lindenwood,5728349,82,65,1554,0
2025-01-18,Arkansas St.,Georgia St.,5729122,85,59,5617,0
2025-01-18,Coastal Carolina,Marshall,5731838,64,77,1873,0
2025-01-18,UC Santa Barbara,UC Davis,5736903,60,64,1801,0
2025-01-18,Wyoming,Colorado St.,5810011,63,79,4941,0
2025-01-18,Utah Valley,Utah Tech,5734143,96,80,2334,0
2025-01-18,South Alabama,Troy,5724053,64,63,5148,0
2025-01-18,Oklahoma,South Carolina,5728576,82,62,7264,0
2025-01-18,Murray St.,Bradley,5731436,61,74,5594,0
2025-01-18,Valparaiso,UIC,5734482,74,81,1456,0
2025-01-18,Tennessee Tech,Little Rock,5733214,71,77,1151,0
2025-01-18,Nicholls,SFA,5734216,73,61,566,0
2025-01-18,UTSA,North Texas,5738259,57,72,1399,0
2025-01-18,Florida,Texas,5731322,84,60,11107,0
2025-01-18,James Madison,App State,5723899,50,58,4685,0
2025-01-18,FDU,Central Conn. St.,5728557,60,71,176,0
2025-01-18,Bucknell,Navy,5728297,73,69,1464,0
2025-01-18,Mount St. Mary's,Quinnipiac,5730626,57,91,2140,0
2025-01-18,Stetson,West Ga.,5736989,82,78,452,0
2025-01-18,Syracuse,Notre Dame,5733125,77,69,20842,0
2025-01-18,Dayton,Loyola Chicago,5733033,83,81,13407,0
2025-01-18,Gardner-Webb,USC Upstate,5735914,97,68,389,0
2025-01-18,Bryant,UMass Lowell,5738112,85,62,734,0
2025-01-18,Houston Christian,UTRGV,5734516,66,57,601,0
2025-01-18,Northwestern St.,Southeastern La.,5732825,64,65,418,0
2025-01-18,Southern Ind.,Western Ill.,5728473,78,66,2369,0
2025-01-18,UT Martin,SIUE,5732257,85,82,1664,0
2025-01-18,Tennessee St.,Eastern Ill.,5734269,84,65,1,0
2025-01-18,Kennesaw St.,Louisiana Tech,5729744,78,76,1707,0
2025-01-18,Col. of Charleston,Northeastern,5728359,87,85,5132,0
2025-01-18,Texas St.,Southern Miss.,5723253,85,82,1349,0
2025-01-18,West Virginia,Iowa St.,5734813,64,57,14444,0
2025-01-18,Furman,Chattanooga,5731024,71,75,4327,0
2025-01-18,Jacksonville St.,Sam Houston,5728699,70,62,3185,0
2025-01-18,Alabama A&M,Alabama St.,5734649,65,69,6569,0
2025-01-18,Illinois St.,Missouri St.,5733085,74,68,4588,0
2025-01-18,Southern U.,Grambling,5740639,67,60,6489,0
2025-01-18,McNeese,Lamar University,5740594,75,64,4081,0
2025-01-18,South Dakota St.,Oral Roberts,5722804,84,70,3681,0
2025-01-18,Prairie View,Jackson St.,5735362,70,79,455,0
2025-01-18,Bethune-Cookman,Mississippi Val.,5729454,83,58,779,0
2025-01-18,Nevada,San Jose St.,5738154,75,64,7798,0
2025-01-18,Washington St.,Portland,5738099,92,70,3594,0
2025-01-18,Florida A&M,Ark.-Pine Bluff,5740657,86,76,910,0
2025-01-18,NC State,California,5732526,62,65,12881,0
2025-01-18,Indiana St.,Drake,5732936,53,71,6013,0
2025-01-18,Wofford,Mercer,5730525,69,49,1925,0
2025-01-18,Samford,ETSU,5740788,60,65,4723,0
2025-01-18,Texas Southern,Alcorn,5740694,66,57,1489,0
2025-01-18,Missouri,Arkansas,5734119,83,65,15061,0
2025-01-18,UIW,A&M-Corpus Christi,5735661,63,69,305,0
2025-01-18,Mississippi St.,Ole Miss,5722888,84,81,9448,0
2025-01-18,Middle Tenn.,Western Ky.,5734935,71,57,6512,0
2025-01-18,Long Beach St.,Cal St. Fullerton,5725916,67,83,2111,0
2025-01-18,Liberty,New Mexico St.,5728608,68,60,3776,0
2025-01-18,Idaho,Eastern Wash.,5731143,83,76,2485,0
2025-01-18,Eastern Ky.,Bellarmine,5723248,72,69,2004,0
2025-01-18,Marist,Rider,5722939,57,64,1747,0
2025-01-18,Wichita St.,East Carolina,5735534,72,75,5826,0
2025-01-18,High Point,Presbyterian,5738168,77,66,4188,0
2025-01-18,Southern Ill.,UNI,5734755,73,49,4230,0
2025-01-18,Lipscomb,Austin Peay,5736795,88,60,2375,0
2025-01-18,Abilene Christian,California Baptist,5730330,54,60,1123,0
2025-01-18,Seton Hall,St. John's (NY),5735607,51,79,9652,0
2025-01-18,Seattle U,Southern Utah,5732704,75,52,772,0
2025-01-18,Grand Canyon,Tarleton St.,5723497,88,64,7105,0
2025-01-18,San Diego St.,UNLV,5730895,68,76,12414,0
2025-01-18,Boston College,Duke,5732374,63,88,8606,0
2025-01-18,Northern Colo.,Sacramento St.,5724006,68,64,1521,0
2025-01-18,Northern Ariz.,Portland St.,5730192,69,80,1172,0
2025-01-18,St. Thomas (MN),Denver,5730721,74,62,1694,0
2025-01-18,UC Riverside,UC San Diego,5738029,85,81,1537,0
2025-01-18,Idaho St.,Montana,5722793,86,61,1530,0
2025-01-18,Texas A&M,LSU,5737394,68,57,12812,0
2025-01-18,Weber St.,Montana St.,5732797,71,80,3895,0
2025-01-18,Utah,BYU,5734989,73,72,15558,0
2025-01-18,LMU (CA),San Diego,5731785,77,70,1152,0
2025-01-18,Gonzaga,Santa Clara,5729856,99,103,6000,0
2025-01-18,UC Irvine,Cal Poly,5729412,101,71,2678,0
2025-01-18,Pepperdine,Saint Mary's (CA),5737032,50,74,632,0
2025-01-18,San Francisco,Oregon St.,5735332,81,70,2754,0
2025-01-18,Hawaii,CSU Bakersfield,5730388,81,70,5803,0
2025-01-19,Michigan St.,Illinois,5733031,80,78,14797,0
2025-01-19,Maryland,Nebraska,5732523,69,66,11069,0
2025-01-19,Green Bay,Youngstown St.,5723561,69,73,1651,0
2025-01-19,Temple,Tulane,5737457,80,77,2910,0
2025-01-19,Fla. Atlantic,Rice,5737955,75,73,3161,0
2025-01-19,IU Indy,Cleveland St.,5723706,62,73,868,0
2025-01-19,Massachusetts,La Salle,5736293,82,60,3515,0
2025-01-19,Michigan,Northwestern,5731268,80,76,12707,0
2025-01-19,Charlotte,Memphis,5737580,68,77,3855,0
2025-01-19,Milwaukee,Robert Morris,5726062,79,81,1893,0
2025-01-19,Baylor,TCU,5734664,71,74,7500,0
2025-01-20,Wagner,Saint Francis,5730071,70,68,250,0
2025-01-20,UNCW,William & Mary,5731604,85,74,5200,0
2025-01-20,East Texas A&M,Southeastern La.,5732831,68,76,412,0
2025-01-20,Yale,Dartmouth,5737238,83,67,1597,0
2025-01-20,Harvard,Penn,5725939,67,82,1074,0
2025-01-20,LIU,Mercyhurst,5726007,72,63,250,0
2025-01-20,Princeton,Columbia,5723919,71,67,3811,0
2025-01-20,Northwestern St.,New Orleans,5732910,73,61,389,0
2025-01-20,Prairie View,Alcorn,5740667,70,78,411,0
2025-01-20,Nicholls,Lamar University,5740767,74,78,301,0
2025-01-20,Cornell,Brown,5722304,82,83,0,0
2025-01-20,Drexel,Hofstra,5723056,60,55,1136,0
2025-01-20,Howard,Morehouse,5738025,76,79,2695,0
2025-01-20,McNeese,SFA,5734217,79,59,2929,0
2025-01-20,Texas Southern,Jackson St.,5735363,81,73,1058,0
2025-01-20,UIW,UTRGV,5734522,78,85,164,0
2025-01-20,New Mexico,Fresno St.,5738637,95,67,13111,0
2025-01-20,Norfolk St.,Washington Adventist,6314547,105,42,1647,0
2025-01-20,Villanova,Georgetown,5728816,63,64,6501,0
2025-01-20,Penn St.,Rutgers,5731392,80,72,7351,0
2025-01-20,Houston Christian,A&M-Corpus Christi,5735248,76,72,432,0
2025-01-20,Chicago St.,FDU,5734204,48,58,200,0
2025-01-20,Bethune-Cookman,Ark.-Pine Bluff,5729455,73,64,799,0
2025-01-20,Florida A&M,Mississippi Val.,5737405,83,53,808,0
2025-01-20,Colgate,Bucknell,5732666,87,80,814,0
2025-01-20,Le Moyne,Stonehill,5730126,73,72,573,0
2025-01-20,Montana St.,Eastern Wash.,5732185,74,64,3111,0
2025-01-20,N.C. A&T,Hampton,5729885,73,74,4218,0
2025-01-20,Montana,Idaho,5731144,72,67,2438,0
2025-01-21,Eastern Mich.,Ohio,5731220,94,87,1439,0
2025-01-21,Alabama,Vanderbilt,5730511,103,87,13474,0
2025-01-21,Rhode Island,VCU,5734091,57,81,4517,0
2025-01-21,St. Bonaventure,George Mason,5738111,62,75,3729,0
2025-01-21,Virginia,Boston College,5732377,74,56,13481,0
2025-01-21,Davidson,Saint Joseph's,5735550,61,78,2344,0
2025-01-21,Duquesne,Dayton,5736272,62,82,3218,0
2025-01-21,Buffalo,Akron,5733942,58,90,1021,0
2025-01-21,Cincinnati,Texas Tech,5736432,71,81,10790,0
2025-01-21,UConn,Butler,5732548,80,78,15684,0
2025-01-21,Toledo,Kent St.,5729562,64,83,3983,0
2025-01-21,Western Mich.,NIU,5729228,72,70,1232,0
2025-01-21,Central Mich.,Ball St.,5723714,80,82,2423,0
2025-01-21,Miami (OH),Bowling Green,5729305,84,76,1175,0
2025-01-21,Tennessee,Mississippi St.,5723259,68,56,21678,0
2025-01-21,Belmont,Bradley,5731936,77,89,1788,0
2025-01-21,Purdue,Ohio St.,5733128,70,73,14876,0
2025-01-21,UAB,UTSA,5737917,81,78,3592,0
2025-01-21,Iowa St.,UCF,5737722,108,83,14267,0
2025-01-21,UNI,Missouri St.,5733086,79,68,3491,0
2025-01-21,Tulsa,East Carolina,5740726,76,85,2770,0
2025-01-21,Seton Hall,Marquette,5733072,59,76,8152,0
2025-01-21,Illinois St.,Indiana St.,5732940,85,81,3617,0
2025-01-21,Tennessee St.,UT Martin,5732258,81,80,2296,0
2025-01-21,Iowa,Minnesota,5730969,67,72,8004,0
2025-01-21,DePaul,Creighton,5730001,49,73,3729,0
2025-01-21,SMU,Louisville,5735301,73,98,6135,0
2025-01-21,Oklahoma St.,Arizona,5735307,78,92,6355,0
2025-01-21,Wake Forest,North Carolina,5732601,67,66,12799,0
2025-01-21,West Virginia,Arizona St.,5734816,57,65,10528,0
2025-01-21,Texas,Missouri,5733895,61,53,11267,0
2025-01-21,UCLA,Wisconsin,5731237,85,83,6695,0
2025-01-21,Oregon,Washington,5730666,82,71,7083,0
2025-01-21,Colorado,BYU,5734991,67,83,6166,0
2025-01-21,UNLV,Wyoming,5810975,61,63,4685,0
2025-01-22,Houston,Utah,5737976,70,36,7035,0
2025-01-22,VMI,Furman,5731025,91,82,1522,0
2025-01-22,Holy Cross,Army West Point,5732415,71,76,1104,0
2025-01-22,Youngstown St.,Robert Morris,5731895,70,72,1773,0
2025-01-22,Southern Ill.,Murray St.,5731437,64,74,5506,0
2025-01-22,Northwestern,Indiana,5731347,79,70,7039,0
2025-01-22,Green Bay,IU Indy,5723563,77,86,1958,0
2025-01-22,TCU,Kansas,5809642,61,74,6055,0
2025-01-22,St. John's (NY),Xavier,5733256,79,71,14545,0
2025-01-22,Gardner-Webb,UNC Asheville,5735915,53,61,1725,0
2025-01-22,Radford,Longwood,5736773,74,77,1411,0
2025-01-22,Massachusetts,George Washington,5732400,74,61,2772,0
2025-01-22,Cleveland St.,Detroit Mercy,5732638,65,50,1623,0
2025-01-22,ETSU,Western Caro.,5737398,85,58,3490,0
2025-01-22,Charlotte,South Fla.,5735439,69,61,2707,0
2025-01-22,UNC Greensboro,Mercer,5732790,78,79,807,0
2025-01-22,Clemson,Syracuse,5732586,86,72,9000,0
2025-01-22,USC Upstate,High Point,5737811,77,86,651,0
2025-01-22,American,Lehigh,5733896,68,67,966,0
2025-01-22,Old Dominion,James Madison,5733985,60,74,6008,0
2025-01-22,Georgia Tech,Virginia Tech,5732582,71,64,3668,0
2025-01-22,Wright St.,Milwaukee,5726063,79,95,3963,0
2025-01-22,Wofford,The Citadel,5730527,79,68,1180,0
2025-01-22,Oakland,Purdue Fort Wayne,5723874,76,72,2281,0
2025-01-22,South Carolina,Florida,5731323,69,70,14930,0
2025-01-22,Loyola Maryland,Lafayette,5723020,59,80,572,0
2025-01-22,Navy,Boston U.,5728298,62,47,904,0
2025-01-22,Drake,Valparaiso,5734487,81,71,3367,0
2025-01-22,Presbyterian,Charleston So.,5737746,71,61,421,0
2025-01-22,Evansville,UIC,5737368,67,78,3987,0
2025-01-22,Loyola Chicago,Fordham,5732939,70,66,2780,0
2025-01-22,Saint Louis,La Salle,5736000,64,52,5547,0
2025-01-22,Colorado St.,Boise St.,5738181,75,72,5244,0
2025-01-22,North Texas,Temple,5737458,76,67,4029,0
2025-01-22,Arkansas,Georgia,5732133,68,65,19200,0
2025-01-22,Utah St.,Nevada,5738156,90,69,9797,0
2025-01-22,California,Florida St.,5731115,77,68,3082,0
2025-01-22,Baylor,Kansas St.,5734160,70,62,7500,0
2025-01-22,Nebraska,Southern California,5732242,73,78,14492,0
2025-01-22,Ole Miss,Texas A&M,5733235,62,63,10008,0
2025-01-22,Air Force,San Diego St.,5728839,76,77,1434,0
2025-01-22,Stanford,Miami (FL),5733957,88,51,2950,0
2025-01-23,Ga. Southern,Coastal Carolina,5728568,85,58,1335,0
2025-01-23,Louisiana,Texas St.,5723257,74,89,867,0
2025-01-23,William & Mary,Hampton,5729886,94,83,3019,0
2025-01-23,UMass Lowell,Maine,5730870,85,86,532,0
2025-01-23,UAlbany,UMBC,5729276,87,92,2017,0
2025-01-23,Bellarmine,FGCU,5729588,61,77,1383,0
2025-01-23,Niagara,Marist,5729384,65,67,917,0
2025-01-23,Memphis,Wichita St.,5735535,61,53,10725,0
2025-01-23,Louisiana Tech,Western Ky.,5736278,77,67,1894,0
2025-01-23,North Ala.,Lipscomb,5736798,74,64,2657,0
2025-01-23,Canisius,Sacred Heart,5723335,84,93,533,0
2025-01-23,West Ga.,Jacksonville,5735751,62,79,947,0
2025-01-23,Stony Brook,Campbell,5732424,54,79,1702,0
2025-01-23,Col. of Charleston,UNCW,5731606,83,85,5090,0
2025-01-23,Vermont,NJIT,5734480,68,64,2041,0
2025-01-23,Saint Peter's,Merrimack,5733101,37,48,621,0
2025-01-23,Manhattan,Fairfield,5737543,84,87,410,0
2025-01-23,Towson,N.C. A&T,5731959,83,67,1857,0
2025-01-23,New Hampshire,Bryant,5736595,76,95,331,0
2025-01-23,Chattanooga,Samford,5733595,69,73,3679,0
2025-01-23,Eastern Ky.,Stetson,5723255,66,67,1883,0
2025-01-23,Georgia St.,Marshall,5730234,79,92,1557,0
2025-01-23,Northeastern,Drexel,5728361,70,61,1237,0
2025-01-23,Hofstra,Delaware,5723065,93,68,1502,0
2025-01-23,Rider,Iona,5722944,67,73,1118,0
2025-01-23,Elon,Monmouth,5725824,83,71,2078,0
2025-01-23,Queens (NC),North Florida,5722559,81,90,796,0
2025-01-23,Siena,Mount St. Mary's,5730629,82,68,4444,0
2025-01-23,Central Ark.,Austin Peay,5738656,71,73,1625,0
2025-01-23,Sam Houston,Middle Tenn.,5732911,75,77,987,0
2025-01-23,Oral Roberts,Denver,5722814,68,70,2264,0
2025-01-23,Abilene Christian,Tarleton St.,5732702,67,56,1854,0
2025-01-23,Kansas City,South Dakota St.,5723589,64,65,1116,0
2025-01-23,UT Arlington,Seattle U,5735155,65,56,1529,0
2025-01-23,North Dakota,South Dakota,5730916,93,102,1907,0
2025-01-23,Omaha,St. Thomas (MN),5731559,89,78,3234,0
2025-01-23,Southern Utah,Grand Canyon,5723499,59,74,0,0
2025-01-23,Western Ill.,Little Rock,5730166,51,62,743,0
2025-01-23,Tennessee St.,Tennessee Tech,5733911,89,77,1522,0
2025-01-23,SIUE,Southern Ind.,5728476,82,76,1423,0
2025-01-23,Lindenwood,Southeast Mo. St.,5730353,72,68,1989,0
2025-01-23,Eastern Ill.,Morehead St.,5728351,66,73,1626,0
2025-01-23,UTEP,Jacksonville St.,5728702,66,73,4372,0
2025-01-23,Arkansas St.,App State,5723902,65,55,6212,0
2025-01-23,Illinois,Maryland,5732527,70,91,15544,0
2025-01-23,UC Davis,Hawaii,5735415,68,66,1478,0
2025-01-23,Saint Mary's (CA),San Francisco,5738045,71,51,3500,0
2025-01-23,Eastern Wash.,Northern Ariz.,5732186,61,70,1249,0
2025-01-23,Idaho,Northern Colo.,5731145,77,76,1716,0
2025-01-23,New Mexico St.,Kennesaw St.,5729746,56,69,4599,0
2025-01-23,Oregon St.,Pepperdine,5735334,83,63,3530,0
2025-01-23,Sacramento St.,Idaho St.,5724009,75,71,1007,0
2025-01-23,CSUN,Long Beach St.,5725918,86,76,969,0
2025-01-23,California Baptist,Utah Valley,5730332,69,74,3867,0
2025-01-23,Pacific,LMU (CA),5731786,68,73,1064,0
2025-01-23,Portland St.,Weber St.,5730193,74,56,1025,0
2025-01-23,UC Riverside,UC Irvine,5729413,84,80,1479,0
2025-01-23,Portland,San Diego,5738283,92,82,1014,0
2025-01-23,Cal St. Fullerton,CSU Bakersfield,5728680,68,71,0,0
2025-01-23,UC San Diego,UC Santa Barbara,5731369,77,63,3442,0
2025-01-23,Santa Clara,Washington St.,5729990,93,65,1875,0
2025-01-24,Youngstown St.,Penn St.-Shenango,6354503,112,63,1314,0
2025-01-24,Bowling Green,Toledo,5730849,71,84,4072,0
2025-01-24,Le Moyne,Central Conn. St.,5728617,70,93,370,0
2025-01-24,Northern Ky.,Milwaukee,5726064,59,79,2712,0
2025-01-24,Ohio,Kent St.,5729564,61,59,5134,0
2025-01-24,Marquette,Villanova,5728817,87,74,17542,0
2025-01-24,Stonehill,Chicago St.,5730130,75,73,1265,0
2025-01-24,Mercyhurst,Wagner,5729796,71,66,412,0
2025-01-24,Saint Francis,LIU,5726008,74,64,969,0
2025-01-24,Dayton,Saint Joseph's,5737090,77,72,13407,0
2025-01-24,Purdue,Michigan,5731269,91,64,14876,0
2025-01-24,Iowa,Penn St.,5730970,76,75,8619,0
2025-01-24,VCU,St. Bonaventure,5734096,75,61,7637,0
2025-01-24,Washington,UCLA,5737056,60,65,7709,0
2025-01-25,Hofstra,Campbell,5723074,67,69,1565,0
2025-01-25,Stony Brook,N.C. A&T,5732430,89,74,2804,0
2025-01-25,NC State,SMU,5732530,57,63,12728,0
2025-01-25,Syracuse,Pittsburgh,5735220,73,77,20585,0
2025-01-25,Providence,Georgetown,5733263,78,68,12400,0
2025-01-25,Norfolk St.,Howard,5738027,92,75,3715,0
2025-01-25,East Carolina,South Fla.,5735440,64,55,4701,0
2025-01-25,Queens (NC),Jacksonville,5734433,77,87,864,0
2025-01-25,Iona,Siena,5728255,72,68,1643,0
2025-01-25,South Carolina,Mississippi St.,5728579,60,65,13203,0
2025-01-25,The Citadel,Western Caro.,5723117,78,80,1315,0
2025-01-25,Canisius,Marist,5723340,47,70,837,0
2025-01-25,Boston U.,Bucknell,5732844,85,82,905,0
2025-01-25,Vermont,UMBC,5734484,63,80,2537,0
2025-01-25,Indiana St.,UNI,5732947,56,74,5104,0
2025-01-25,Wright St.,Detroit Mercy,5736745,67,50,5509,0
2025-01-25,VMI,UNC Greensboro,5735733,57,60,4123,0
2025-01-25,Rutgers,Michigan St.,5731393,74,81,17480,0
2025-01-25,Creighton,Seton Hall,5735425,79,54,18430,0
2025-01-25,Arizona St.,Iowa St.,5738232,61,76,12762,0
2025-01-25,Bradley,Illinois St.,5734090,61,57,9646,0
2025-01-25,High Point,Winthrop,5738155,84,62,4623,0
2025-01-25,George Washington,Saint Louis,5732402,67,61,2557,0
2025-01-25,Drexel,Delaware,5732749,67,54,2446,0
2025-01-25,Central Ark.,Lipscomb,5736801,55,68,1148,0
2025-01-25,Princeton,Cornell,5730484,76,85,4094,0
2025-01-25,Brown,Dartmouth,5722306,83,84,1114,0
2025-01-25,Akron,Miami (OH),5729306,102,75,2834,0
2025-01-25,West Ga.,North Florida,5722561,92,72,868,0
2025-01-25,IU Indy,Purdue Fort Wayne,5723715,80,91,1102,0
2025-01-25,Penn,Columbia,5723925,93,78,2038,0
2025-01-25,Eastern Mich.,Buffalo,5731221,90,77,1513,0
2025-01-25,Yale,Harvard,5725942,84,55,2532,0
2025-01-25,Quinnipiac,Rider,5722952,75,64,1855,0
2025-01-25,Loyola Maryland,Holy Cross,5723031,65,70,824,0
2025-01-25,Bryant,Binghamton,5734442,83,69,973,0
2025-01-25,Niagara,Sacred Heart,5736311,77,86,813,0
2025-01-25,William & Mary,Monmouth,5733842,78,73,4688,0
2025-01-25,UMass Lowell,New Hampshire,5736597,97,80,845,0
2025-01-25,La Salle,Rhode Island,5736294,70,64,1780,0
2025-01-25,Robert Morris,Oakland,5732736,73,71,1268,0
2025-01-25,North Carolina,Boston College,5732390,102,96,21750,0
2025-01-25,Texas,Texas A&M,5733897,70,69,11313,0
2025-01-25,Vanderbilt,Kentucky,5723147,74,69,14316,0
2025-01-25,Rice,Tulane,5737958,71,82,1517,0
2025-01-25,Idaho,Northern Ariz.,5731146,72,80,1979,0
2025-01-25,Longwood,USC Upstate,5737449,80,54,2637,0
2025-01-25,Arizona,Colorado,5735764,78,63,14688,0
2025-01-25,ULM,App State,5723903,58,66,1505,0
2025-01-25,Bellarmine,Stetson,5735161,76,81,1472,0
2025-01-25,UIC,Southern Ill.,5737370,85,89,2326,0
2025-01-25,UNLV,New Mexico,5810022,73,75,6158,0
2025-01-25,Cleveland St.,Green Bay,5723564,81,66,1830,0
2025-01-25,Ga. Southern,Marshall,5728573,67,71,3135,0
2025-01-25,Arkansas St.,Texas St.,5723273,80,65,5791,0
2025-01-25,Florida,Georgia,5731324,89,59,11187,0
2025-01-25,Charleston So.,UNC Asheville,5737747,61,69,875,0
2025-01-25,Sam Houston,Western Ky.,5732932,66,75,847,0
2025-01-25,Sacramento St.,Weber St.,5724012,81,87,752,0
2025-01-25,UMES,Delaware St.,5735935,66,73,401,0
2025-01-25,Jackson St.,Bethune-Cookman,5729456,86,81,1317,0
2025-01-25,Minnesota,Oregon,5730669,77,69,11062,0
2025-01-25,Murray St.,Belmont,5731438,77,95,5706,0
2025-01-25,UTSA,Temple,5737461,88,79,1263,0
2025-01-25,Missouri St.,Drake,5732999,62,69,3210,0
2025-01-25,Valparaiso,Evansville,5734490,68,78,1361,0
2025-01-25,Abilene Christian,UT Arlington,5733914,76,79,1232,0
2025-01-25,Alcorn,Florida A&M,5740685,64,65,250,0
2025-01-25,Alabama St.,Prairie View,5740580,66,63,1125,0
2025-01-25,Mount St. Mary's,Manhattan,5730631,64,74,2812,0
2025-01-25,Eastern Ky.,FGCU,5723270,81,77,2761,0
2025-01-25,Georgia St.,James Madison,5730233,79,86,1792,0
2025-01-25,Butler,DePaul,5737551,86,69,8704,0
2025-01-25,UAlbany,NJIT,5734863,68,62,2038,0
2025-01-25,N.C. Central,South Carolina St.,5735098,82,77,2519,0
2025-01-25,Morgan St.,Coppin St.,5732027,80,64,3768,0
2025-01-25,American,Colgate,5732671,81,77,2230,0
2025-01-25,UCF,TCU,5737726,85,58,8003,0
2025-01-25,ETSU,Chattanooga,5733596,63,71,5015,0
2025-01-25,Air Force,Utah St.,5728840,58,87,1735,0
2025-01-25,Utah,Baylor,5734681,61,76,8311,0
2025-01-25,SIUE,Morehead St.,5728354,65,54,1818,0
2025-01-25,Lindenwood,Little Rock,5730354,46,78,701,0
2025-01-25,NIU,Ball St.,5723721,76,66,2565,0
2025-01-25,Western Ill.,Southeast Mo. St.,5730164,51,72,696,0
2025-01-25,Eastern Ill.,Southern Ind.,5728478,60,64,1710,0
2025-01-25,UT Martin,Tennessee Tech,5732260,85,89,1703,0
2025-01-25,A&M-Corpus Christi,Nicholls,5735662,61,57,2157,0
2025-01-25,Southeastern La.,UIW,5732838,86,63,589,0
2025-01-25,Mercer,Furman,5731026,74,79,3272,0
2025-01-25,Wake Forest,Duke,5733025,56,63,13169,0
2025-01-25,Presbyterian,Radford,5736776,69,82,429,0
2025-01-25,Cal Poly,Long Beach St.,5725920,78,69,1726,0
2025-01-25,Eastern Wash.,Northern Colo.,5732187,62,67,1600,0
2025-01-25,Portland St.,Idaho St.,5722820,76,59,696,0
2025-01-25,North Dakota St.,North Dakota,5730923,87,82,5198,0
2025-01-25,Virginia Tech,Clemson,5732587,57,72,8925,0
2025-01-25,Alabama A&M,Texas Southern,5734652,78,82,1311,0
2025-01-25,UTRGV,McNeese,5734527,63,93,1473,0
2025-01-25,Oregon St.,Santa Clara,5729993,83,69,4725,0
2025-01-25,Richmond,Davidson,5735552,66,72,6791,0
2025-01-25,FIU,Liberty,5728611,59,82,1176,0
2025-01-25,Kansas St.,West Virginia,5734163,73,60,9018,0
2025-01-25,New Orleans,Houston Christian,5735244,76,86,964,0
2025-01-25,SFA,Northwestern St.,5732914,54,57,1999,0
2025-01-25,Missouri,Ole Miss,5722895,83,75,15061,0
2025-01-25,Troy,South Alabama,5724067,65,55,5041,0
2025-01-25,South Dakota St.,South Dakota,5730937,90,71,4764,0
2025-01-25,Samford,Wofford,5730529,77,61,3317,0
2025-01-25,Louisiana Tech,Middle Tenn.,5734936,75,69,2414,0
2025-01-25,Virginia,Notre Dame,5732630,59,74,14637,0
2025-01-25,Kansas,Houston,5737979,86,92,15300,0
2025-01-25,Ark.-Pine Bluff,Southern U.,5740640,67,83,2674,0
2025-01-25,Lamar University,East Texas A&M,5734621,61,58,1912,0
2025-01-25,Elon,Col. of Charleston,5725826,62,76,2657,0
2025-01-25,Mississippi Val.,Grambling,5737406,54,65,2750,0
2025-01-25,Central Mich.,Western Mich.,5729229,73,52,5361,0
2025-01-25,North Ala.,Austin Peay,5738047,88,84,3000,0
2025-01-25,UNCW,Hampton,5729887,83,62,5200,0
2025-01-25,Fairfield,Merrimack,5737544,54,75,2278,0
2025-01-25,Lehigh,Lafayette,5733699,86,47,2218,0
2025-01-25,Old Dominion,Coastal Carolina,5731839,74,52,6684,0
2025-01-25,Fresno St.,Colorado St.,5738638,64,69,5223,0
2025-01-25,Stanford,Florida St.,5731116,78,71,3837,0
2025-01-25,San Jose St.,Wyoming,5738247,67,58,2585,0
2025-01-25,Oral Roberts,Omaha,5722819,76,84,4008,0
2025-01-25,Washington St.,Saint Mary's (CA),5738101,75,80,4240,0
2025-01-25,Louisiana,Southern Miss.,5730782,59,67,1996,0
2025-01-25,Xavier,UConn,5732565,76,72,10613,0
2025-01-25,Portland,Gonzaga,5729857,62,105,4117,0
2025-01-25,Kansas City,St. Thomas (MN),5723590,65,68,1534,0
2025-01-25,Alabama,LSU,5722397,80,73,13474,0
2025-01-25,Southern Utah,California Baptist,5730333,60,76,1253,0
2025-01-25,Auburn,Tennessee,5723263,53,51,9121,0
2025-01-25,California,Miami (FL),5732771,98,94,5169,0
2025-01-25,Arkansas,Oklahoma,5733816,62,65,19200,0
2025-01-25,UTEP,Kennesaw St.,5729751,73,71,5351,0
2025-01-25,Cal St. Fullerton,UC Santa Barbara,5732154,75,83,373,0
2025-01-25,Montana,Montana St.,5732806,77,70,5766,0
2025-01-25,Utah Tech,Grand Canyon,5722704,66,79,2993,0
2025-01-25,New Mexico St.,Jacksonville St.,5728706,59,65,4919,0
2025-01-25,CSU Bakersfield,UC Riverside,5728681,79,83,1088,0
2025-01-25,Seattle U,Utah Valley,5734145,66,70,999,0
2025-01-25,San Francisco,San Diego,5738046,81,69,2985,0
2025-01-25,Pepperdine,Pacific,5733217,60,44,430,0
2025-01-25,UC San Diego,CSUN,5730036,79,54,1584,0
2025-01-25,Nevada,San Diego St.,5730896,50,69,9058,0
2025-01-25,UC Irvine,Hawaii,5729414,71,55,3148,0
2025-01-25,BYU,Cincinnati,5734993,80,52,17483,0
2025-01-26,Indiana,Maryland,5731348,78,79,17222,0
2025-01-26,Fordham,Duquesne,5732943,65,63,1651,0
2025-01-26,Wisconsin,Nebraska,5731238,83,55,16838,0
2025-01-26,Memphis,UAB,5737918,100,77,12051,0
2025-01-26,Central Conn. St.,Chicago St.,5728610,81,64,1126,0
2025-01-26,Mercyhurst,LIU,5726009,85,80,310,0
2025-01-26,North Texas,Fla. Atlantic,5738204,77,64,3715,0
2025-01-26,Saint Francis,Wagner,5735490,66,68,1017,0
2025-01-26,Stonehill,FDU,5730132,54,65,974,0
2025-01-26,Illinois,Northwestern,5737555,83,74,15544,0
2025-01-26,Tulsa,Wichita St.,5735536,84,77,3427,0
2025-01-26,Texas Tech,Oklahoma St.,5735310,64,54,13794,0
2025-01-26,Army West Point,Navy,5728299,53,66,4607,0
2025-01-27,Little Rock,Eastern Ill.,5733206,54,56,52,1
2025-01-27,Troy,Southern Miss.,5730781,70,61,2432,0
2025-01-27,Alcorn,Bethune-Cookman,5729457,70,61,135,0
2025-01-27,Michigan,Penn St.,5731270,76,72,12707,0
2025-01-27,Boston U.,Holy Cross,5732421,69,59,1632,0
2025-01-27,Ark.-Pine Bluff,Grambling,5740658,77,81,1428,0
2025-01-27,ULM,South Alabama,5724064,77,66,1027,0
2025-01-27,UTRGV,Nicholls,5734532,75,82,1311,0
2025-01-27,A&M-Corpus Christi,McNeese,5735663,73,74,2032,0
2025-01-27,New Orleans,UIW,5740679,58,74,604,0
2025-01-27,Ohio St.,Iowa,5730971,82,65,11261,0
2025-01-27,Jackson St.,Florida A&M,5735364,62,72,1285,0
2025-01-27,Lamar University,Northwestern St.,5732915,69,59,1706,0
2025-01-27,Alabama St.,Texas Southern,5740581,69,80,1129,0
2025-01-27,Southeastern La.,Houston Christian,5732841,62,70,507,0
2025-01-27,Mississippi Val.,Southern U.,5737407,42,63,2248,0
2025-01-27,Alabama A&M,Prairie View,5734654,98,82,1239,0
2025-01-27,SFA,East Texas A&M,5734218,79,72,1225,0
2025-01-27,Duke,NC State,5732535,74,64,9314,0
2025-01-27,Northeastern,Towson,5728364,65,75,645,0
2025-01-27,Southern California,UCLA,5732243,76,82,7532,0
2025-01-27,Arizona,Iowa St.,5736911,86,75,14688,0
2025-01-28,Georgetown,St. John's (NY),5733269,41,66,4386,0
2025-01-28,NIU,Akron,5735398,70,80,1059,0
2025-01-28,South Fla.,Rice,5735441,69,64,4238,0
2025-01-28,Louisville,Wake Forest,5735807,72,59,14533,0
2025-01-28,Ohio,Toledo,5735521,83,86,4442,0
2025-01-28,Georgia,South Carolina,5732134,71,60,7062,0
2025-01-28,Seton Hall,Providence,5735498,67,69,8422,0
2025-01-28,Buffalo,Central Mich.,5732848,75,69,1211,0
2025-01-28,Kent St.,Bowling Green,5729565,75,57,1988,0
2025-01-28,Miami (OH),Eastern Mich.,5729307,89,80,2080,0
2025-01-28,Tennessee,Kentucky,5723269,73,78,22272,0
2025-01-28,Ball St.,Western Mich.,5723725,71,74,3026,0
2025-01-28,Morehead St.,Southern Ind.,5728358,66,65,1236,0
2025-01-28,Kansas,UCF,5737729,91,87,15300,0
2025-01-28,Valparaiso,Southern Ill.,5734492,75,79,1113,0
2025-01-28,St. Bonaventure,Dayton,5737094,75,53,3929,0
2025-01-28,Saint Louis,VCU,5734100,78,69,6763,0
2025-01-28,Michigan St.,Minnesota,5733028,73,51,14797,0
2025-01-28,Wyoming,Fresno St.,5738639,83,72,3955,0
2025-01-28,Butler,Marquette,5733075,69,78,7423,0
2025-01-28,Texas A&M,Oklahoma,5733819,75,68,9379,0
2025-01-28,Colorado,Arizona St.,5735765,68,70,6189,0
2025-01-28,Pittsburgh,North Carolina,5732607,73,65,11277,0
2025-01-28,BYU,Baylor,5734687,93,89,17297,0
2025-01-28,Notre Dame,Georgia Tech,5733126,71,68,4262,0
2025-01-28,Colorado St.,Air Force,5728841,79,58,4367,0
2025-01-28,Utah,Cincinnati,5738007,69,66,7570,0
2025-01-28,Gonzaga,Oregon St.,5729858,98,60,6000,0
2025-01-28,San Diego St.,San Jose St.,5730898,71,68,12414,0
2025-01-29,USC Upstate,Charleston So.,5737748,75,82,818,0
2025-01-29,Army West Point,Colgate,5732683,84,72,645,0
2025-01-29,Furman,Samford,5731028,72,70,2737,0
2025-01-29,UNC Asheville,Radford,5736779,72,65,973,0
2025-01-29,App State,Old Dominion,5723905,77,78,3249,0
2025-01-29,Winthrop,Presbyterian,5738194,76,67,1884,0
2025-01-29,Lehigh,Navy,5728301,54,79,796,0
2025-01-29,North Florida,Stetson,5722562,101,100,1389,0
2025-01-29,Wofford,VMI,5730530,67,74,1167,0
2025-01-29,Florida St.,Virginia Tech,5731117,66,76,6448,0
2025-01-29,George Mason,Loyola Chicago,5733035,58,53,3423,0
2025-01-29,Lafayette,American,5733650,68,75,1188,0
2025-01-29,LSU,Auburn,5738211,74,87,10098,0
2025-01-29,Gardner-Webb,Longwood,5735916,92,87,378,0
2025-01-29,Temple,Charlotte,5737462,90,89,3007,0
2025-01-29,Rhode Island,Massachusetts,5740545,88,82,4664,0
2025-01-29,West Virginia,Houston,5734819,49,63,12083,0
2025-01-29,Texas Tech,TCU,5736434,71,57,14114,0
2025-01-29,Fla. Atlantic,UTSA,5738205,94,74,3161,0
2025-01-29,Bucknell,Loyola Maryland,5723042,79,67,1007,0
2025-01-29,Maryland,Wisconsin,5731240,76,68,17950,0
2025-01-29,Jacksonville,FGCU,5729589,79,83,1000,0
2025-01-29,Drake,UNI,5734757,66,52,5464,0
2025-01-29,Western Caro.,Chattanooga,5733597,60,84,1888,0
2025-01-29,Queens (NC),North Ala.,5734435,75,67,596,0
2025-01-29,UNC Greensboro,ETSU,5737840,70,65,1588,0
2025-01-29,La Salle,Fordham,5732945,72,88,1435,0
2025-01-29,Miami (FL),Virginia,5732656,71,82,5509,0
2025-01-29,Mercer,The Citadel,5732792,80,46,2752,0
2025-01-29,Saint Joseph's,Duquesne,5736273,76,72,2284,0
2025-01-29,Indiana St.,Missouri St.,5732949,72,67,4332,0
2025-01-29,George Washington,Richmond,5732406,75,66,1848,0
2025-01-29,Central Ark.,West Ga.,5737602,75,70,1048,0
2025-01-29,Wichita St.,North Texas,5735537,54,58,5845,0
2025-01-29,Creighton,Xavier,5733259,86,77,17056,0
2025-01-29,Bradley,UIC,5735583,70,93,5785,0
2025-01-29,Kansas St.,Oklahoma St.,5734165,85,57,8542,0
2025-01-29,South Dakota,Omaha,5732589,91,87,1676,0
2025-01-29,Tulsa,UAB,5737920,68,78,2687,0
2025-01-29,St. Thomas (MN),Oral Roberts,5722825,86,71,1042,0
2025-01-29,Southern Miss.,Arkansas St.,5729123,68,81,3089,0
2025-01-29,Evansville,Murray St.,5731439,78,74,5318,0
2025-01-29,UConn,DePaul,5730011,72,61,15684,0
2025-01-29,Northwestern,Rutgers,5731394,72,79,5884,0
2025-01-29,Santa Clara,Saint Mary's (CA),5729997,54,67,3208,0
2025-01-29,Ole Miss,Texas,5733237,72,69,8480,0
2025-01-29,SMU,California,5732775,76,65,5602,0
2025-01-29,Mississippi St.,Alabama,5730513,84,88,9283,0
2025-01-29,Illinois St.,Belmont,5731937,81,78,3477,0
2025-01-29,Utah St.,UNLV,5756599,76,71,9740,0
2025-01-29,Boise St.,Nevada,5738158,66,56,9788,0
2025-01-29,Stanford,Syracuse,5733958,70,61,3220,0
2025-01-30,Col. of Charleston,Stony Brook,5731646,81,74,4727,0
2025-01-30,Maine,New Hampshire,5730871,71,46,1076,0
2025-01-30,Binghamton,Vermont,5734445,75,72,2429,0
2025-01-30,Youngstown St.,Wright St.,5731896,88,86,1570,0
2025-01-30,Delaware,Towson,5731960,66,76,2193,0
2025-01-30,Penn St.,Ohio St.,5731690,64,83,6198,0
2025-01-30,Jacksonville St.,FIU,5728708,71,67,2877,0
2025-01-30,Robert Morris,IU Indy,5723720,106,53,1078,0
2025-01-30,LIU,Central Conn. St.,5726010,50,63,276,0
2025-01-30,Elon,Hofstra,5723080,63,74,0,0
2025-01-30,Campbell,William & Mary,5734573,96,55,1459,0
2025-01-30,Oakland,Green Bay,5723567,68,54,2071,0
2025-01-30,UMBC,Bryant,5738114,86,92,3089,0
2025-01-30,Monmouth,Drexel,5733157,104,97,1724,0
2025-01-30,NJIT,UMass Lowell,5729277,83,62,576,0
2025-01-30,N.C. A&T,UNCW,5731608,59,83,1658,0
2025-01-30,Marshall,Georgia St.,5730232,81,85,4402,0
2025-01-30,Hampton,Northeastern,5728367,69,78,757,0
2025-01-30,James Madison,Coastal Carolina,5731840,73,64,4387,0
2025-01-30,Mercyhurst,Saint Francis,5729798,62,58,755,0
2025-01-30,Troy,Ga. Southern,5728577,81,74,2781,0
2025-01-30,Stonehill,Wagner,5730134,73,61,872,0
2025-01-30,FDU,Le Moyne,5735526,78,74,508,0
2025-01-30,Detroit Mercy,Northern Ky.,5736748,68,57,931,0
2025-01-30,Morehead St.,Tennessee Tech,5728360,64,72,1457,0
2025-01-30,Middle Tenn.,New Mexico St.,5734937,57,61,3307,0
2025-01-30,Texas St.,Louisiana,5723279,61,70,1709,0
2025-01-30,North Dakota St.,South Dakota St.,5730938,62,72,2791,0
2025-01-30,South Alabama,ULM,5724070,58,62,2085,0
2025-01-30,Kennesaw St.,Liberty,5728614,68,76,3151,0
2025-01-30,UT Arlington,Southern Utah,5732713,70,68,1450,0
2025-01-30,Little Rock,Tennessee St.,5733216,70,72,1530,0
2025-01-30,Austin Peay,Bellarmine,5735163,86,77,1257,0
2025-01-30,Western Ky.,UTEP,5733291,78,74,2947,0
2025-01-30,Tarleton St.,Utah Tech,5732716,61,54,1801,0
2025-01-30,Lipscomb,Eastern Ky.,5736804,71,80,1011,0
2025-01-30,Southeast Mo. St.,UT Martin,5732261,90,79,1849,0
2025-01-30,Nebraska,Illinois,5738203,80,74,14893,0
2025-01-30,Lindenwood,SIUE,5730355,65,63,1489,0
2025-01-30,Western Ill.,Eastern Ill.,5730163,59,71,579,0
2025-01-30,Montana St.,Sacramento St.,5724015,70,58,3209,0
2025-01-30,Montana,Portland St.,5730194,92,78,2754,0
2025-01-30,Purdue Fort Wayne,Cleveland St.,5723880,58,68,2603,0
2025-01-30,Idaho St.,Eastern Wash.,5722827,78,70,1242,0
2025-01-30,Weber St.,Idaho,5731147,74,82,3449,0
2025-01-30,Tulane,Memphis,5738122,56,68,3445,0
2025-01-30,Denver,Kansas City,5723592,69,68,1014,0
2025-01-30,CSU Bakersfield,Cal Poly,5728684,81,90,1905,0
2025-01-30,LMU (CA),Portland,5731787,88,63,1049,0
2025-01-30,UC Riverside,UC Davis,5736905,60,58,1754,0
2025-01-30,Pacific,Washington St.,5733221,70,68,1437,0
2025-01-30,San Diego,Pepperdine,5737036,90,98,821,0
2025-01-30,California Baptist,Abilene Christian,5730334,83,60,2567,0
2025-01-30,Long Beach St.,UC Irvine,5725922,75,80,2012,0
2025-01-30,UC Santa Barbara,CSUN,5730038,71,78,1889,0
2025-01-30,UCLA,Oregon,5730671,78,52,9288,0
2025-01-30,Grand Canyon,Seattle U,5723504,83,74,7191,0
2025-01-30,Hawaii,UC San Diego,5730389,63,74,4218,0
2025-01-31,Princeton,Yale,5730486,70,77,3212,0
2025-01-31,Georgetown,Butler,5733274,73,70,6729,0
2025-01-31,Kent St.,Akron,5729566,71,85,6327,0
2025-01-31,Canisius,Niagara,5723343,63,64,1456,0
2025-01-31,Merrimack,Mount St. Mary's,5730632,58,66,1712,0
2025-01-31,Saint Louis,Dayton,5736001,63,71,9819,0
2025-01-31,Columbia,Harvard,5723929,82,90,2417,0
2025-01-31,Cornell,Dartmouth,5737240,76,64,0,0
2025-01-31,Penn,Brown,5722308,79,88,1750,0
2025-01-31,Manhattan,Iona,5728256,76,55,1982,0
2025-01-31,Rider,Saint Peter's,5722957,67,64,1650,0
2025-01-31,Quinnipiac,Fairfield,5735091,81,69,2812,0
2025-01-31,Purdue,Indiana,5731349,81,76,14876,0
2025-01-31,Marist,Siena,5729385,72,67,3200,0
2025-02-01,Minnesota,Washington,5733032,68,71,9202,0
2025-02-01,Tennessee,Florida,5723275,64,44,21678,0
2025-02-01,Wake Forest,Pittsburgh,5735222,76,74,10787,0
2025-02-01,St. John's (NY),Providence,5735499,68,66,19196,0
2025-02-01,St. Bonaventure,Fordham,5732948,74,72,4850,0
2025-02-01,Arizona St.,Arizona,5736912,72,81,13544,0
2025-02-01,Chicago St.,LIU,5726011,73,67,185,0
2025-02-01,Mississippi St.,Missouri,5729965,61,88,9584,0
2025-02-01,App State,Georgia St.,5723907,80,76,3498,0
2025-02-01,FGCU,Stetson,5729590,82,56,3570,0
2025-02-01,Detroit Mercy,Green Bay,5723569,67,57,1501,0
2025-02-01,Campbell,Hofstra,5723087,75,52,1223,0
2025-02-01,The Citadel,Samford,5723146,58,83,957,0
2025-02-01,Villanova,Creighton,5728818,60,62,13124,0
2025-02-01,Western Mich.,Eastern Mich.,5729231,61,54,1577,0
2025-02-01,Wagner,Le Moyne,5730072,73,61,807,0
2025-02-01,Queens (NC),West Ga.,5734439,87,68,415,0
2025-02-01,UMBC,UMass Lowell,5740735,67,83,1856,0
2025-02-01,NC State,Clemson,5732552,58,68,15299,0
2025-02-01,North Dakota,South Dakota St.,5730917,80,75,2025,0
2025-02-01,Northwestern,Wisconsin,5731241,69,75,7039,0
2025-02-01,Ole Miss,Auburn,5722900,82,92,9974,0
2025-02-01,Iowa St.,Kansas St.,5734168,61,80,14267,0
2025-02-01,Loyola Chicago,Saint Joseph's,5733037,58,55,4427,0
2025-02-01,UAB,Charlotte,5737582,96,78,4284,0
2025-02-01,Southern Ill.,Drake,5740701,65,75,4306,0
2025-02-01,Youngstown St.,IU Indy,5723724,79,84,2843,0
2025-02-01,Navy,Bucknell,5728303,75,85,2007,0
2025-02-01,Vermont,Maine,5730872,55,49,2760,0
2025-02-01,Loyola Maryland,Boston U.,5723070,69,67,816,0
2025-02-01,Boston College,Florida St.,5731121,77,76,6083,0
2025-02-01,Stonehill,Central Conn. St.,5728625,63,71,411,0
2025-02-01,Radford,USC Upstate,5736780,79,69,0,0
2025-02-01,Monmouth,Delaware,5732753,92,83,2586,0
2025-02-01,Colgate,Lafayette,5732686,61,76,707,0
2025-02-01,Chattanooga,Mercer,5732796,93,84,3551,0
2025-02-01,Charleston So.,Longwood,5737450,89,85,500,0
2025-02-01,Temple,East Carolina,5737463,98,94,4017,0
2025-02-01,Winthrop,Gardner-Webb,5735917,96,93,2217,0
2025-02-01,NJIT,Bryant,5734864,70,92,452,0
2025-02-01,American,Army West Point,5735251,71,68,1707,0
2025-02-01,Toledo,NIU,5736147,89,85,5057,0
2025-02-01,Duquesne,Massachusetts,5736277,53,62,2535,0
2025-02-01,Presbyterian,High Point,5738157,72,84,735,0
2025-02-01,La Salle,George Washington,5732414,73,67,2005,0
2025-02-01,Weber St.,Eastern Wash.,5732188,49,72,2428,0
2025-02-01,Missouri St.,Murray St.,5731440,77,56,2468,0
2025-02-01,Oklahoma St.,Utah,5735312,81,72,7040,0
2025-02-01,UT Arlington,Utah Tech,5737042,73,71,1430,0
2025-02-01,Hampton,Howard,6313181,80,79,2100,1
2025-02-01,SFA,Lamar University,5734219,62,67,1674,0
2025-02-01,Middle Tenn.,UTEP,5733400,71,68,4012,0
2025-02-01,Western Ky.,New Mexico St.,5740747,101,69,3745,0
2025-02-01,UIC,Indiana St.,5732952,83,88,1352,0
2025-02-01,East Texas A&M,Northwestern St.,5732917,72,50,504,0
2025-02-01,Texas Southern,Prairie View,5740668,79,63,7528,0
2025-02-01,Miami (OH),Ohio,5729308,73,69,7889,0
2025-02-01,Rutgers,Michigan,5731272,63,66,8000,0
2025-02-01,FDU,Mercyhurst,5729800,60,67,346,0
2025-02-01,Western Caro.,VMI,5735737,76,80,2684,0
2025-02-01,Oklahoma,Vanderbilt,5723169,97,67,8336,0
2025-02-01,Georgia Tech,Louisville,5733620,77,70,6147,0
2025-02-01,UC Irvine,UC Davis,5729415,73,66,2325,0
2025-02-01,UCF,BYU,5734994,75,81,9152,0
2025-02-01,Northern Colo.,Northern Ariz.,5738228,87,69,1653,0
2025-02-01,Boise St.,Fresno St.,5738182,82,60,10853,0
2025-02-01,Alabama,Georgia,5722398,90,69,13474,0
2025-02-01,Louisiana Tech,Sam Houston,5732942,66,61,3141,0
2025-02-01,Baylor,Kansas,5734689,81,70,7500,0
2025-02-01,Nicholls,McNeese,5740595,71,63,877,0
2025-02-01,Eastern Ky.,Austin Peay,5723282,88,82,2267,0
2025-02-01,James Madison,Old Dominion,5733988,68,54,6921,0
2025-02-01,Oakland,Northern Ky.,5737820,75,84,2993,0
2025-02-01,VCU,Richmond,5734103,90,49,7637,0
2025-02-01,Morgan St.,UMES,5732028,76,63,1657,0
2025-02-01,Marshall,Coastal Carolina,5731841,67,62,5105,0
2025-02-01,Davidson,George Mason,5735553,60,64,2965,0
2025-02-01,Virginia,Virginia Tech,5732596,74,75,14637,0
2025-02-01,Idaho St.,Idaho,5722833,87,71,1729,0
2025-02-01,Southern California,Michigan St.,5732244,70,64,8251,0
2025-02-01,Southern Miss.,Ga. Southern,5728581,72,68,3616,0
2025-02-01,Western Ill.,SIUE,5730162,65,69,1083,0
2025-02-01,Lindenwood,Eastern Ill.,5730356,70,76,1194,0
2025-02-01,Southern Ind.,Tennessee Tech,5728479,65,78,1676,0
2025-02-01,Southeastern La.,New Orleans,5732845,76,68,633,0
2025-02-01,Holy Cross,Lehigh,5732426,67,69,1832,0
2025-02-01,Coppin St.,Delaware St.,5735945,61,84,778,0
2025-02-01,Norfolk St.,South Carolina St.,5740754,67,65,3704,0
2025-02-01,Troy,ULM,5729747,87,50,3672,0
2025-02-01,Southeast Mo. St.,Tennessee St.,5733590,89,87,2379,0
2025-02-01,Buffalo,Ball St.,5723729,76,89,2101,0
2025-02-01,San Jose St.,Air Force,5728842,75,64,2037,0
2025-02-01,Illinois St.,Valparaiso,5734092,86,78,5706,0
2025-02-01,Lipscomb,Bellarmine,5735165,87,80,1227,0
2025-02-01,Princeton,Brown,5722311,69,49,4506,0
2025-02-01,Jacksonville St.,Liberty,5728618,72,61,2967,0
2025-02-01,Texas St.,Arkansas St.,5723285,74,85,1441,0
2025-02-01,Kennesaw St.,FIU,5729755,73,67,2155,0
2025-02-01,Southern U.,Alcorn,5740641,74,69,5673,0
2025-02-01,UTRGV,A&M-Corpus Christi,5734541,83,73,2734,0
2025-02-01,Grambling,Jackson St.,5735365,50,65,2800,0
2025-02-01,Bethune-Cookman,Alabama St.,5729458,67,64,990,0
2025-02-01,Montana,Sacramento St.,5724017,87,59,3344,0
2025-02-01,San Diego,LMU (CA),5731788,62,78,987,0
2025-02-01,Penn,Yale,5733685,61,90,2614,0
2025-02-01,Florida A&M,Alabama A&M,5734657,95,79,1000,0
2025-02-01,Towson,Drexel,5731961,55,54,3204,0
2025-02-01,Cornell,Harvard,5725943,75,60,1249,0
2025-02-01,Columbia,Dartmouth,5723932,89,95,1242,0
2025-02-01,Jacksonville,North Florida,5722565,78,81,1000,0
2025-02-01,UNC Greensboro,Wofford,5730532,62,74,1202,0
2025-02-01,North Texas,UTSA,5738260,50,54,5032,0
2025-02-01,SMU,Stanford,5733959,85,61,6176,0
2025-02-01,UIW,Houston Christian,5735240,74,64,194,0
2025-02-01,Little Rock,UT Martin,5732263,75,57,1561,0
2025-02-01,Houston,Texas Tech,5736436,81,82,7324,0
2025-02-01,LSU,Texas,5733899,58,89,8395,0
2025-02-01,Duke,North Carolina,5732612,87,70,9314,0
2025-02-01,Ark.-Pine Bluff,Mississippi Val.,5737410,76,79,2147,0
2025-02-01,Central Mich.,Bowling Green,5730850,90,71,2057,0
2025-02-01,UNCW,Stony Brook,5731610,80,70,5200,0
2025-02-01,UAlbany,Binghamton,5729278,61,65,2625,0
2025-02-01,Santa Clara,Pacific,5729998,83,49,1889,0
2025-02-01,Elon,Northeastern,5725828,71,60,2621,0
2025-02-01,Oral Roberts,Kansas City,5722835,73,67,4035,0
2025-02-01,Miami (FL),Notre Dame,5733127,63,57,3649,0
2025-02-01,Montana St.,Portland St.,5730195,74,73,3846,0
2025-02-01,San Diego St.,Wyoming,5730900,63,61,12414,0
2025-02-01,Grand Canyon,Utah Valley,5723508,75,57,7219,0
2025-02-01,CSUN,CSU Bakersfield,5728686,88,62,907,0
2025-02-01,Omaha,Denver,5730725,78,69,3356,0
2025-02-01,Marquette,UConn,5732591,69,77,18129,0
2025-02-01,UC Riverside,Cal Poly,5736114,80,62,673,0
2025-02-01,Tarleton St.,Southern Utah,5732719,75,58,1312,0
2025-02-01,Louisiana,South Alabama,5725816,58,62,2112,0
2025-02-01,South Carolina,Texas A&M,5728582,72,76,12856,0
2025-02-01,North Ala.,Central Ark.,5738050,94,65,2392,0
2025-02-01,Kentucky,Arkansas,5733197,79,89,21266,0
2025-02-01,Utah St.,New Mexico,5756601,63,82,10270,0
2025-02-01,Pepperdine,Portland,5737038,64,84,385,0
2025-02-01,Nevada,UNLV,5738161,71,65,11008,0
2025-02-01,UC Santa Barbara,Long Beach St.,5725925,85,54,2212,0
2025-02-01,San Francisco,Washington St.,5738049,75,51,3200,0
2025-02-01,California,Syracuse,5732779,66,75,5203,0
2025-02-01,Saint Mary's (CA),Gonzaga,5729859,62,58,3500,0
2025-02-01,Hawaii,Cal St. Fullerton,5730390,82,57,5518,0
2025-02-02,Iona,Fairfield,5728257,87,64,2082,0
2025-02-02,Illinois,Ohio St.,5733129,87,79,15544,0
2025-02-02,Cincinnati,West Virginia,5734823,50,63,11085,0
2025-02-02,ETSU,Furman,5731030,72,69,5211,0
2025-02-02,Sacred Heart,Manhattan,5736313,74,72,1079,0
2025-02-02,Wright St.,Robert Morris,5737616,66,64,3579,0
2025-02-02,Siena,Quinnipiac,5732055,84,75,6469,0
2025-02-02,Tulane,Tulsa,5738123,59,56,1232,0
2025-02-02,Fla. Atlantic,South Fla.,5735442,94,72,3161,0
2025-02-02,Saint Peter's,Mount St. Mary's,5730636,64,79,679,0
2025-02-02,Milwaukee,Purdue Fort Wayne,5723884,79,81,2939,0
2025-02-02,Belmont,Evansville,5731938,75,80,1631,0
2025-02-02,Rice,Memphis,5737961,83,86,2278,0
2025-02-02,UNI,Bradley,5734760,83,69,4121,0
2025-02-02,TCU,Colorado,5735766,68,57,5029,0
2025-02-02,St. Thomas (MN),North Dakota St.,5731560,79,62,2068,0
2025-02-02,Rider,Merrimack,5722969,64,66,1650,0
2025-02-02,DePaul,Seton Hall,5730012,74,57,5003,0
2025-02-02,Oregon,Nebraska,5730672,71,77,7848,0
