loc_y,loc_x,shot_team_id,shot_outcome,play_id,description,game_id,home_id,away_id,game_date,full_name,team_id,team_name
6.44840057373051,1.9450000524520874,349,FALSE,111913357,'2nd 01:59 : 3pt jump shot (blocked) (outside right wing) missed by Sierra Linnin(LEM),5254448,560952,561728,2024-03-23,Le Moyne Dolphins,561728,Le Moyne
5.4237999820709195,46.9300000667572,482,FALSE,111913432,'2nd 01:49 : 3pt jump shot (outside left wing) missed by Aaliyah Parker(NIA),5254448,560952,561728,2024-03-23,Niagara Purple Eagles,560952,Niagara
30.653400573730508,25.4650001525879,349,FALSE,111913445,'2nd 01:36 : 3pt jump shot (outside center) missed by Haedyn Roberts(LEM),5254448,560952,561728,2024-03-23,Le Moyne Dolphins,561728,Le Moyne
22.28739913940434,26.5049991607666,482,TRUE,111913546,'2nd 01:07 : 2pt jump shot (off turnover) (inside center) made by Angel Parker(NIA) 32-33',5254448,560952,561728,2024-03-23,Niagara Purple Eagles,560952,Niagara
10.55620315551758,24.89999961853025,349,FALSE,111913790,'2nd 00:39.20 : 2pt layup (in the paint) missed by Sierra Linnin(LEM),5254448,560952,561728,2024-03-23,Le Moyne Dolphins,561728,Le Moyne
16.42180114746091,28.8449993133545,349,FALSE,111913830,'2nd 00:36.50 : 2pt jump shot (2nd chance) (in the paint) missed by Kaia Goode(LEM),5254448,560952,561728,2024-03-23,Le Moyne Dolphins,561728,Le Moyne
30.061199569702122,31.86000061035155,482,FALSE,111913909,'2nd 00:06.10 : 3pt jump shot (outside center) missed by Angel Parker(NIA),5254448,560952,561728,2024-03-23,Niagara Purple Eagles,560952,Niagara
6.307399139404339,22.64999961853025,482,TRUE,111918051,'3rd 09:45 : 2pt layup (under the basket) made by Amelia Strong(NIA),5254448,560952,561728,2024-03-23,Niagara Purple Eagles,560952,Niagara
13.047200107574447,24.5349998474121,349,FALSE,111918059,'3rd 09:26 : 2pt floating jump shot (in the paint) missed by Sydney Lusher(LEM),5254448,560952,561728,2024-03-23,Le Moyne Dolphins,561728,Le Moyne
5.86559978485107,22.8449993133545,349,TRUE,111918310,'3rd 09:17 : 2pt layup (2nd chance) (under the basket) made by Lytoya Baker(LEM) 34-36',5254448,560952,561728,2024-03-23,Le Moyne Dolphins,561728,Le Moyne
5.282802581787095,48.42499923706055,482,TRUE,111918317,'3rd 09:05 : 3pt jump shot (outside left wing) made by Destiny Strother(NIA),5254448,560952,561728,2024-03-23,Niagara Purple Eagles,560952,Niagara
6.0160000896453845,28.89999961853025,349,TRUE,111918401,'3rd 08:51 : 2pt driving layup (in the paint) made by Sydney Lusher(LEM) 36-39',5254448,560952,561728,2024-03-23,Le Moyne Dolphins,561728,Le Moyne
20.087802581787088,18.13999938964845,482,FALSE,111918446,'3rd 08:30 : 2pt jump shot (inside right) missed by Aaliyah Parker(NIA),5254448,560952,561728,2024-03-23,Niagara Purple Eagles,560952,Niagara
6.598799982070919,23.54999923706055,349,FALSE,111918506,'3rd 08:18 : 2pt layup (under the basket) missed by Brianna Williams(LEM),5254448,560952,561728,2024-03-23,Le Moyne Dolphins,561728,Le Moyne
22.72920028686525,40.67499923706055,482,FALSE,111918519,'3rd 08:13 : 3pt jump shot (blocked) (outside left) missed by Destiny Strother(NIA),5254448,560952,561728,2024-03-23,Niagara Purple Eagles,560952,Niagara
6.598796844482422,20.95999908447265,482,FALSE,111918618,'3rd 07:55 : 2pt layup (2nd chance) (in the paint) missed by Amelia Strong(NIA),5254448,560952,561728,2024-03-23,Niagara Purple Eagles,560952,Niagara
22.146399497985858,42.42500019073485,349,FALSE,111918716,'3rd 07:39 : 3pt jump shot (outside left) missed by Sierra Linnin(LEM),5254448,560952,561728,2024-03-23,Le Moyne Dolphins,561728,Le Moyne
9.381199569702149,33.54999923706055,349,TRUE,111918758,'3rd 07:33 : 2pt jump shot (2nd chance) (inside left) made by Sydney Lusher(LEM) 38-39',5254448,560952,561728,2024-03-23,Le Moyne Dolphins,561728,Le Moyne
6.44840057373051,21.6599998474121,482,TRUE,111918826,'3rd 07:20 : 2pt layup (under the basket) made by Aaliyah Parker(NIA),5254448,560952,561728,2024-03-23,Niagara Purple Eagles,560952,Niagara
8.507000179290769,18.3400001525879,349,FALSE,111919015,'3rd 07:09 : 2pt jump shot (inside right) missed by Brianna Williams(LEM),5254448,560952,561728,2024-03-23,Le Moyne Dolphins,561728,Le Moyne
5.4237999820709195,30.5900001525879,482,TRUE,111900928,'1st 09:52 : 2pt driving layup (fast break) (in the paint) made by Angel Parker(NIA) 0-2',5254448,560952,561728,2024-03-23,Niagara Purple Eagles,560952,Niagara
6.0160000896453845,3.27000045776365,482,TRUE,111901108,'1st 09:19 : 3pt jump shot (off turnover) (outside right wing) made by Destiny Strother(NIA),5254448,560952,561728,2024-03-23,Niagara Purple Eagles,560952,Niagara
4.841001434326174,32.6500015258789,349,FALSE,111901360,'1st 08:51 : 2pt jump shot (inside left) missed by Kaia Goode(LEM),5254448,560952,561728,2024-03-23,Le Moyne Dolphins,561728,Le Moyne
4.690597991943335,22.64999961853025,349,TRUE,111901363,'1st 08:47 : 2pt (2nd chance) (under the basket) made by LEM 2-5',5254448,560952,561728,2024-03-23,Le Moyne Dolphins,561728,Le Moyne
4.690597991943335,22.64999961853025,349,FALSE,111901364,'1st 08:47 : 2pt layup (2nd chance) (under the basket) missed by Lytoya Baker(LEM),5254448,560952,561728,2024-03-23,Le Moyne Dolphins,561728,Le Moyne
20.68,43.2699999809265,482,TRUE,111901397,'1st 08:36 : 3pt jump shot (off turnover;fast break) (outside left) made by Angel Parker(NIA) 0-8',5254448,560952,561728,2024-03-23,Niagara Purple Eagles,560952,Niagara
16.572199211120605,34.67500019073485,482,TRUE,111902719,'1st 08:22 : 2pt jump shot (off turnover) (inside left) made by Angel Parker(NIA) 0-10',5254448,560952,561728,2024-03-23,Niagara Purple Eagles,560952,Niagara
26.98739913940433,15.1850004196167,482,FALSE,111919362,'3rd 06:38 : 3pt jump shot (off turnover) (outside right) missed by Angel Parker(NIA),5254448,560952,561728,2024-03-23,Niagara Purple Eagles,560952,Niagara
6.307399139404339,21.8050003051758,482,FALSE,111919369,'3rd 06:35 : 2pt layup (2nd chance;off turnover) (under the basket) missed by Amelia Strong(NIA),5254448,560952,561728,2024-03-23,Niagara Purple Eagles,560952,Niagara
5.865597991943346,22.9300003051758,482,TRUE,111919663,'3rd 06:21 : 2pt layup (fast break) (under the basket) made by Amelia Strong(NIA),5254448,560952,561728,2024-03-23,Niagara Purple Eagles,560952,Niagara
5.574200286865249,24.89999961853025,482,TRUE,111919713,'3rd 06:07 : 2pt layup (off turnover;fast break) (under the basket) made by Aaliyah Parker(NIA) 40-46',5254448,560952,561728,2024-03-23,Niagara Purple Eagles,560952,Niagara
7.332000179290768,22.8449993133545,482,TRUE,111902979,'1st 07:42 : 2pt layup (off turnover) (under the basket) made by Amelia Strong(NIA),5254448,560952,561728,2024-03-23,Niagara Purple Eagles,560952,Niagara
5.132400035858152,22.8449993133545,482,FALSE,111903113,'1st 07:34 : 2pt layup (off turnover) (under the basket) missed by Amelia Strong(NIA),5254448,560952,561728,2024-03-23,Niagara Purple Eagles,560952,Niagara
5.132399139404328,22.64999961853025,349,TRUE,111903227,'1st 07:27 : 2pt layup (under the basket) made by Sydney Lusher(LEM) 2-12',5254448,560952,561728,2024-03-23,Le Moyne Dolphins,561728,Le Moyne
6.157000179290768,24.2549991607666,482,TRUE,111903235,'1st 07:21 : 2pt driving layup (under the basket) made by Amelia Strong(NIA) 2-14',5254448,560952,561728,2024-03-23,Niagara Purple Eagles,560952,Niagara
20.971397705078076,5.184999942779548,349,TRUE,111903360,'1st 07:02 : 3pt jump shot (outside right) made by Sierra Linnin(LEM),5254448,560952,561728,2024-03-23,Le Moyne Dolphins,561728,Le Moyne
3.5155979919433378,27.1550006866455,349,FALSE,111903492,'1st 06:38 : 2pt layup (off turnover) (in the paint) missed by Kaia Goode(LEM),5254448,560952,561728,2024-03-23,Le Moyne Dolphins,561728,Le Moyne
8.507002868652322,24.1949996948242,349,FALSE,111903638,'1st 06:23 : 2pt layup (2nd chance;off turnover) (under the basket) missed by Kaia Goode(LEM),5254448,560952,561728,2024-03-23,Le Moyne Dolphins,561728,Le Moyne
6.44840057373051,25.4650001525879,349,FALSE,111903643,'1st 06:19 : 2pt layup (2nd chance;off turnover) (under the basket) missed by Lytoya Baker(LEM),5254448,560952,561728,2024-03-23,Le Moyne Dolphins,561728,Le Moyne
7.181599874496465,24.5349998474121,349,TRUE,111919875,'3rd 05:46 : 2pt layup (under the basket) made by Lytoya Baker(LEM),5254448,560952,561728,2024-03-23,Le Moyne Dolphins,561728,Le Moyne
21.704596557617165,43.20999908447265,482,TRUE,111919980,'3rd 05:25 : 3pt jump shot (outside left) made by Destiny Strother(NIA),5254448,560952,561728,2024-03-23,Niagara Purple Eagles,560952,Niagara
5.574199838638304,23.82999992370605,349,TRUE,111920019,'3rd 05:09 : 2pt layup (under the basket) made by Haedyn Roberts(LEM),5254448,560952,561728,2024-03-23,Le Moyne Dolphins,561728,Le Moyne
8.798400573730504,22.22500038146975,482,FALSE,111920303,'3rd 04:55 : 2pt layup (in the paint) missed by Amelia Strong(NIA),5254448,560952,561728,2024-03-23,Niagara Purple Eagles,560952,Niagara
6.598799982070919,28.47999954223635,482,FALSE,111903646,'1st 06:13 : 2pt layup (under the basket) missed by Marlie Dickerson(NIA),5254448,560952,561728,2024-03-23,Niagara Purple Eagles,560952,Niagara
6.44840057373051,20.8150005340576,349,FALSE,111903936,'1st 06:00 : 2pt layup (in the paint) missed by Sydney Lusher(LEM),5254448,560952,561728,2024-03-23,Le Moyne Dolphins,561728,Le Moyne
5.282802581787095,23.35000038146975,349,TRUE,111903942,'1st 05:52 : 2pt layup (off turnover) (under the basket) made by Sydney Lusher(LEM) 7-14',5254448,560952,561728,2024-03-23,Le Moyne Dolphins,561728,Le Moyne
3.083198852539084,46.875,349,FALSE,111904427,'1st 05:30 : 3pt jump shot (off turnover) (outside left wing) missed by Leah Middleton(LEM),5254448,560952,561728,2024-03-23,Le Moyne Dolphins,561728,Le Moyne
14.513602294921824,29.9699993133545,349,FALSE,111904563,'1st 05:24 : 2pt jump shot (2nd chance;off turnover) (in the paint) missed by Leah Middleton(LEM),5254448,560952,561728,2024-03-23,Le Moyne Dolphins,561728,Le Moyne
3.5155979919433378,26.5900001525879,482,FALSE,111921078,'3rd 04:43 : 2pt layup (off turnover) (in the paint) missed by Destiny Strother(NIA),5254448,560952,561728,2024-03-23,Niagara Purple Eagles,560952,Niagara
25.220199928283737,41.1549997329712,349,TRUE,111921174,'3rd 04:21 : 3pt jump shot (outside left) made by Sierra Linnin(LEM),5254448,560952,561728,2024-03-23,Le Moyne Dolphins,561728,Le Moyne
11.148400573730498,48.2799987792969,482,FALSE,111921221,'3rd 04:00 : 3pt jump shot (outside left) missed by Destiny Strother(NIA),5254448,560952,561728,2024-03-23,Niagara Purple Eagles,560952,Niagara
4.841000089645384,48.05499994754791,349,TRUE,111921295,'3rd 03:50 : 3pt jump shot (outside left wing) made by Sierra Linnin(LEM),5254448,560952,561728,2024-03-23,Le Moyne Dolphins,561728,Le Moyne
10.415201721191423,31.6599998474121,482,FALSE,111921345,'3rd 03:27 : 2pt jump shot (inside left) missed by Saige Glover(NIA),5254448,560952,561728,2024-03-23,Niagara Purple Eagles,560952,Niagara
7.623399677276614,1.01499938964845,482,TRUE,111904571,'1st 05:16 : 3pt jump shot (fast break) (outside right) made by Destiny Strother(NIA),5254448,560952,561728,2024-03-23,Niagara Purple Eagles,560952,Niagara
21.262800788879396,32,482,FALSE,111904875,'1st 04:38 : 2pt jump shot (off turnover) (inside left) missed by Ary Hicks(NIA),5254448,560952,561728,2024-03-23,Niagara Purple Eagles,560952,Niagara
6.749200286865246,21.3799991607666,349,FALSE,111904969,'1st 04:34 : 2pt layup (under the basket) missed by Lytoya Baker(LEM),5254448,560952,561728,2024-03-23,Le Moyne Dolphins,561728,Le Moyne
5.71520172119142,23.63500022888185,349,FALSE,111905138,'1st 04:26 : 2pt layup (off turnover;blocked) (under the basket) missed by Emily Florvil(LEM),5254448,560952,561728,2024-03-23,Le Moyne Dolphins,561728,Le Moyne
6.514200286865247,5.1050000190735005,482,TRUE,111922279,'3rd 02:44 : 2pt jump shot (inside right) made by Angel Parker(NIA) 52-53',5254448,560952,561728,2024-03-23,Niagara Purple Eagles,560952,Niagara
20.087802581787088,31.8050003051758,482,FALSE,111922425,'3rd 02:08 : 2pt jump shot (off turnover) (inside left) missed by Angel Parker(NIA),5254448,560952,561728,2024-03-23,Niagara Purple Eagles,560952,Niagara
5.132399139404328,22.64999961853025,482,TRUE,111922480,'3rd 02:04 : 2pt layup (2nd chance;off turnover) (under the basket) made by Aaliyah Parker(NIA),5254448,560952,561728,2024-03-23,Niagara Purple Eagles,560952,Niagara
21.704600143432625,4.814998626709,482,FALSE,111905207,'1st 04:20 : 3pt jump shot (outside right) missed by Shelby Fiddler(NIA),5254448,560952,561728,2024-03-23,Niagara Purple Eagles,560952,Niagara
4.690597991943335,47.72000122070315,349,FALSE,111905281,'1st 04:11 : 3pt jump shot (outside left wing) missed by Leah Middleton(LEM),5254448,560952,561728,2024-03-23,Le Moyne Dolphins,561728,Le Moyne
31.527600860595662,21.7199993133545,482,FALSE,111905627,'1st 03:30 : 3pt jump shot (off turnover) (outside center) missed by Angel Parker(NIA),5254448,560952,561728,2024-03-23,Niagara Purple Eagles,560952,Niagara
5.574199838638304,24.8150005340576,482,FALSE,111905650,'1st 03:27 : 2pt layup (2nd chance;off turnover) (under the basket) missed by Saige Glover(NIA),5254448,560952,561728,2024-03-23,Niagara Purple Eagles,560952,Niagara
5.574200286865249,22.64999961853025,349,TRUE,111905703,'1st 03:22 : 2pt driving layup (fast break) (under the basket) made by Michelina Lombardi(LEM) 11-18',5254448,560952,561728,2024-03-23,Le Moyne Dolphins,561728,Le Moyne
7.914800071716313,2.42499923706055,349,TRUE,111922689,'3rd 01:46 : 3pt jump shot (off turnover) (outside right) made by Sierra Linnin(LEM),5254448,560952,561728,2024-03-23,Le Moyne Dolphins,561728,Le Moyne
12.313998565673828,28.8449993133545,482,FALSE,111922735,'3rd 01:34 : 2pt layup (in the paint) missed by Amelia Strong(NIA),5254448,560952,561728,2024-03-23,Niagara Purple Eagles,560952,Niagara
19.354596557617157,29.54999923706055,482,FALSE,111923037,'3rd 01:09 : 2pt jump shot (in the paint) missed by Aaliyah Parker(NIA),5254448,560952,561728,2024-03-23,Niagara Purple Eagles,560952,Niagara
13.488998565673825,29.125,482,FALSE,111923134,'3rd 00:42.70 : 2pt jump shot (off turnover) (in the paint) missed by Angel Parker(NIA),5254448,560952,561728,2024-03-23,Niagara Purple Eagles,560952,Niagara
26.98739913940434,38.47999954223635,349,FALSE,111923219,'3rd 00:29.20 : 3pt jump shot (outside left) missed by Sierra Linnin(LEM),5254448,560952,561728,2024-03-23,Le Moyne Dolphins,561728,Le Moyne
22.28739913940434,0.1699981689453,482,FALSE,111905732,'1st 03:02 : 3pt jump shot (outside right) missed by Aaliyah Parker(NIA),5254448,560952,561728,2024-03-23,Niagara Purple Eagles,560952,Niagara
7.181599874496465,1.86000061035155,482,FALSE,111905881,'1st 02:54 : 3pt jump shot (2nd chance) (outside right) missed by Shelby Fiddler(NIA),5254448,560952,561728,2024-03-23,Niagara Purple Eagles,560952,Niagara
5.4237999820709195,23.9699993133545,482,TRUE,111905948,'1st 02:51 : 2pt layup (2nd chance) (under the basket) made by Amelia Strong(NIA) 11-20',5254448,560952,561728,2024-03-23,Niagara Purple Eagles,560952,Niagara
6.016001434326171,20.39500045776365,349,TRUE,111906086,'1st 02:22 : 2pt driving layup (off turnover;fast break) (in the paint) made by Kaia Goode(LEM) 13-20',5254448,560952,561728,2024-03-23,Le Moyne Dolphins,561728,Le Moyne
8.065199928283686,22.8449993133545,482,FALSE,111906134,'1st 02:01 : 2pt layup (under the basket) missed by Amelia Strong(NIA),5254448,560952,561728,2024-03-23,Niagara Purple Eagles,560952,Niagara
4.841000089645384,28.6200008392334,482,FALSE,111906193,'1st 01:58 : 2pt layup (2nd chance;blocked) (under the basket) missed by Amelia Strong(NIA),5254448,560952,561728,2024-03-23,Niagara Purple Eagles,560952,Niagara
28.15299713134766,38.42499923706055,349,FALSE,111906243,'1st 01:46 : 3pt jump shot (outside left) missed by Sierra Linnin(LEM),5254448,560952,561728,2024-03-23,Le Moyne Dolphins,561728,Le Moyne
6.890199928283687,23.82999992370605,349,TRUE,111923542,'3rd 00:19.70 : 2pt driving layup (under the basket) made by Lytoya Baker(LEM) 59-56',5254448,560952,561728,2024-03-23,Le Moyne Dolphins,561728,Le Moyne
3.9573991394043304,26.3099994659424,349,TRUE,111906246,'1st 01:42 : 2pt layup (2nd chance) (in the paint) made by Sydney Lusher(LEM) 15-20',5254448,560952,561728,2024-03-23,Le Moyne Dolphins,561728,Le Moyne
7.77380043029785,21.7199993133545,482,FALSE,111906311,'1st 01:27 : 2pt layup (blocked) (under the basket) missed by Amelia Strong(NIA),5254448,560952,561728,2024-03-23,Niagara Purple Eagles,560952,Niagara
17.01399856567383,19.54999923706055,349,TRUE,111906354,'1st 01:09 : 2pt jump shot (in the paint) made by Sydney Lusher(LEM),5254448,560952,561728,2024-03-23,Le Moyne Dolphins,561728,Le Moyne
5.423796844482425,21.3799991607666,482,TRUE,111924363,'4th 09:35 : 2pt layup (off turnover) (under the basket) made by Amelia Strong(NIA),5254448,560952,561728,2024-03-23,Niagara Purple Eagles,560952,Niagara
8.356599426269497,27.1550006866455,482,TRUE,111924587,'4th 08:56 : 2pt jump shot (under the basket) made by Amelia Strong(NIA),5254448,560952,561728,2024-03-23,Niagara Purple Eagles,560952,Niagara
5.4237999820709195,23.4099998474121,349,TRUE,111924615,'4th 08:46 : 2pt driving layup (under the basket) made by Sydney Lusher(LEM) 61-62',5254448,560952,561728,2024-03-23,Le Moyne Dolphins,561728,Le Moyne
30.794402008056664,22.64999961853025,482,FALSE,111924633,'4th 08:32 : 3pt jump shot (outside center) missed by Angel Parker(NIA),5254448,560952,561728,2024-03-23,Niagara Purple Eagles,560952,Niagara
6.157002868652327,25.88500022888185,349,FALSE,111906499,'1st 00:44.00 : 2pt layup (off turnover) (under the basket) missed by Emily Florvil(LEM),5254448,560952,561728,2024-03-23,Le Moyne Dolphins,561728,Le Moyne
7.482400035858152,22.5650005340576,482,TRUE,111907516,'1st 00:26.70 : 2pt driving layup (fast break) (under the basket) made by Angel Parker(NIA) 19-22',5254448,560952,561728,2024-03-23,Niagara Purple Eagles,560952,Niagara
26.395201721191413,8.5649995803833,349,FALSE,111907518,'1st 00:12.50 : 3pt jump shot (outside right) missed by Sierra Linnin(LEM),5254448,560952,561728,2024-03-23,Le Moyne Dolphins,561728,Le Moyne
5.865597991943346,24.3400001525879,349,TRUE,111907559,'1st 00:07.60 : 2pt layup (2nd chance) (under the basket) made by Leah Middleton(LEM) 21-22',5254448,560952,561728,2024-03-23,Le Moyne Dolphins,561728,Le Moyne
18.912800788879395,38.47999954223635,482,FALSE,111908565,'2nd 09:47 : 2pt jump shot (inside left) missed by Angel Parker(NIA),5254448,560952,561728,2024-03-23,Niagara Purple Eagles,560952,Niagara
8.356600322723386,30.45000076293945,349,FALSE,111924695,'4th 08:16 : 2pt layup (off turnover) (in the paint) missed by Sydney Lusher(LEM),5254448,560952,561728,2024-03-23,Le Moyne Dolphins,561728,Le Moyne
26.98739913940433,36.72999954223635,482,TRUE,111924872,'4th 07:41 : 3pt jump shot (outside left) made by Aaliyah Parker(NIA),5254448,560952,561728,2024-03-23,Niagara Purple Eagles,560952,Niagara
6.307400035858152,22.42499923706055,349,TRUE,111924922,'4th 07:27 : 2pt layup (under the basket) made by Haedyn Roberts(LEM),5254448,560952,561728,2024-03-23,Le Moyne Dolphins,561728,Le Moyne
8.507002868652322,47.01499938964845,482,FALSE,111924968,'4th 07:13 : 3pt jump shot (outside left) missed by Destiny Strother(NIA),5254448,560952,561728,2024-03-23,Niagara Purple Eagles,560952,Niagara
16.130399856567372,33.54999923706055,349,FALSE,111925075,'4th 07:02 : 2pt jump shot (blocked) (inside left) missed by Kaia Goode(LEM),5254448,560952,561728,2024-03-23,Le Moyne Dolphins,561728,Le Moyne
6.749200286865246,24.3400001525879,482,TRUE,111925107,'4th 06:51 : 2pt layup (under the basket) made by Destiny Strother(NIA) 65-67',5254448,560952,561728,2024-03-23,Niagara Purple Eagles,560952,Niagara
6.890201721191431,39.8300018310547,349,FALSE,111908573,'2nd 09:34 : 2pt jump shot (inside left) missed by Sydney Lusher(LEM),5254448,560952,561728,2024-03-23,Le Moyne Dolphins,561728,Le Moyne
6.016001434326171,26.5900001525879,349,FALSE,111908577,'2nd 09:31 : 2pt layup (2nd chance) (under the basket) missed by Sydney Lusher(LEM),5254448,560952,561728,2024-03-23,Le Moyne Dolphins,561728,Le Moyne
10.847600860595662,23.77499961853025,349,TRUE,111908798,'2nd 09:08 : 2pt layup (off turnover) (in the paint) made by Sierra Linnin(LEM),5254448,560952,561728,2024-03-23,Le Moyne Dolphins,561728,Le Moyne
8.065199928283686,22.42499923706055,482,FALSE,111908949,'2nd 08:39 : 2pt layup (blocked) (under the basket) missed by Saige Glover(NIA),5254448,560952,561728,2024-03-23,Niagara Purple Eagles,560952,Niagara
4.841000089645384,27.77499961853025,349,TRUE,111925397,'4th 05:58 : 2pt layup (off turnover) (under the basket) made by Sydney Lusher(LEM) 69-67',5254448,560952,561728,2024-03-23,Le Moyne Dolphins,561728,Le Moyne
7.77380043029785,24.8150005340576,349,TRUE,111925558,'4th 05:27 : 2pt layup (under the basket) made by Lytoya Baker(LEM) 71-69',5254448,560952,561728,2024-03-23,Le Moyne Dolphins,561728,Le Moyne
5.282802581787095,2.930000066757202,349,FALSE,111909341,'2nd 08:01 : 3pt jump shot (outside right wing) missed by Sierra Linnin(LEM),5254448,560952,561728,2024-03-23,Le Moyne Dolphins,561728,Le Moyne
18.621399497985855,4.1150016784668,482,FALSE,111909425,'2nd 07:41 : 3pt jump shot (outside right) missed by Angel Parker(NIA),5254448,560952,561728,2024-03-23,Niagara Purple Eagles,560952,Niagara
15.547600860595661,48.05499994754791,482,FALSE,111909427,'2nd 07:36 : 3pt jump shot (2nd chance) (outside left) missed by Destiny Strother(NIA),5254448,560952,561728,2024-03-23,Niagara Purple Eagles,560952,Niagara
6.016001434326171,22.08499908447265,349,TRUE,111909567,'2nd 07:27 : 2pt layup (under the basket) made by Lytoya Baker(LEM) 25-22',5254448,560952,561728,2024-03-23,Le Moyne Dolphins,561728,Le Moyne
26.395201721191413,9.6899995803833,349,TRUE,111910621,'2nd 06:41 : 3pt jump shot (off turnover) (outside right) made by Sierra Linnin(LEM),5254448,560952,561728,2024-03-23,Le Moyne Dolphins,561728,Le Moyne
31.818998565673834,24.8150005340576,482,FALSE,111910846,'2nd 06:12 : 3pt jump shot (outside center) missed by Chardonnay Hartley(NIA),5254448,560952,561728,2024-03-23,Niagara Purple Eagles,560952,Niagara
8.798400573730504,26.0300006866455,349,FALSE,111911046,'2nd 05:54 : 2pt layup (blocked) (under the basket) missed by Lytoya Baker(LEM),5254448,560952,561728,2024-03-23,Le Moyne Dolphins,561728,Le Moyne
7.77380043029785,22,349,FALSE,111925765,'4th 05:05 : 2pt layup (blocked) (under the basket) missed by Lytoya Baker(LEM),5254448,560952,561728,2024-03-23,Le Moyne Dolphins,561728,Le Moyne
4.982000179290768,47.0699999332428,482,FALSE,111911056,'2nd 05:45 : 3pt jump shot (outside left wing) missed by Destiny Strother(NIA),5254448,560952,561728,2024-03-23,Niagara Purple Eagles,560952,Niagara
7.914800071716313,25.9449996948242,482,FALSE,111911280,'2nd 05:40 : 2pt layup (off turnover) (under the basket) missed by Kylie Buckley(NIA),5254448,560952,561728,2024-03-23,Niagara Purple Eagles,560952,Niagara
6.307400035858152,23.4099998474121,482,TRUE,111911348,'2nd 05:23 : 2pt layup (off turnover) (under the basket) made by Kylie Buckley(NIA),5254448,560952,561728,2024-03-23,Niagara Purple Eagles,560952,Niagara
22.437800788879393,8.7599983215332,482,FALSE,111911501,'2nd 04:59 : 3pt jump shot (off turnover) (outside right) missed by Destiny Strother(NIA),5254448,560952,561728,2024-03-23,Niagara Purple Eagles,560952,Niagara
20.087800788879395,27.35000038146975,482,TRUE,111911999,'2nd 04:16 : 2pt jump shot (off turnover) (inside center) made by Chardonnay Hartley(NIA) 29-26',5254448,560952,561728,2024-03-23,Niagara Purple Eagles,560952,Niagara
8.21559799194334,22.64999961853025,349,FALSE,111912174,'2nd 03:57 : 2pt layup (under the basket) missed by Michelina Lombardi(LEM),5254448,560952,561728,2024-03-23,Le Moyne Dolphins,561728,Le Moyne
8.798399677276615,23.54999923706055,482,FALSE,111912224,'2nd 03:50 : 2pt layup (under the basket) missed by Saige Glover(NIA),5254448,560952,561728,2024-03-23,Niagara Purple Eagles,560952,Niagara
15.246801147460914,25.60499954223635,349,TRUE,111912227,'2nd 03:41 : 2pt jump shot (in the paint) made by Emily Florvil(LEM) 31-26',5254448,560952,561728,2024-03-23,Le Moyne Dolphins,561728,Le Moyne
5.282799892425536,47.0699999332428,482,FALSE,111912341,'2nd 03:25 : 3pt jump shot (outside left wing) missed by Chardonnay Hartley(NIA),5254448,560952,561728,2024-03-23,Niagara Purple Eagles,560952,Niagara
33.586199569702124,22.8449993133545,482,FALSE,111912749,'2nd 02:34 : 3pt jump shot (off turnover) (outside center) missed by Angel Parker(NIA),5254448,560952,561728,2024-03-23,Niagara Purple Eagles,560952,Niagara
6.307400035858152,28.6200008392334,482,TRUE,111912823,'2nd 02:31 : 2pt layup (2nd chance;off turnover) (under the basket) made by Saige Glover(NIA) 31-28',5254448,560952,561728,2024-03-23,Niagara Purple Eagles,560952,Niagara
8.356600322723386,27.77499961853025,482,FALSE,111913191,'2nd 02:08 : 2pt layup (under the basket) missed by Aaliyah Parker(NIA),5254448,560952,561728,2024-03-23,Niagara Purple Eagles,560952,Niagara
7.04059978485107,24.8150005340576,482,TRUE,111913211,'2nd 02:07 : 2pt layup (2nd chance) (under the basket) made by Aaliyah Parker(NIA) 32-30',5254448,560952,561728,2024-03-23,Niagara Purple Eagles,560952,Niagara
4.399199838638303,23.9699993133545,459,FALSE,111903232,'1st 05:59 : 2pt layup (2nd chance;blocked) (under the basket) missed by Khalis Cain(UNCG),5254444,560959,560930,2024-03-23,UNC Greensboro Spartans,560930,UNC Greensboro
7.482399139404336,24.3400001525879,488,FALSE,111903280,'1st 05:41 : 2pt layup (under the basket) missed by Chaniya Clark(Aggies),5254444,560959,560930,2024-03-23,N.C. A&T Aggies,560959,N.C. A&T
10.114400215148892,27.35000038146975,459,TRUE,111904572,'1st 04:34 : 2pt jump shot (off turnover) (in the paint) made by Jayde Gamble(UNCG) 6-2',5254444,560959,560930,2024-03-23,UNC Greensboro Spartans,560930,UNC Greensboro
2.491000089645384,23.4099998474121,459,TRUE,111904843,'1st 03:44 : 2pt layup (off turnover) (in the paint) made by Antoniette Emma-Nnopu(UNCG),5254444,560959,560930,2024-03-23,UNC Greensboro Spartans,560930,UNC Greensboro
23.61280258178708,42.3650016784668,459,FALSE,111918191,'3rd 05:37 : 3pt jump shot (outside left) missed by Isys Grady(UNCG),5254444,560959,560930,2024-03-23,UNC Greensboro Spartans,560930,UNC Greensboro
28.3034005737305,36.0299987792969,488,TRUE,111904970,'1st 03:26 : 3pt jump shot (outside left) made by Jordyn Dorsey(Aggies),5254444,560959,560930,2024-03-23,N.C. A&T Aggies,560959,N.C. A&T
6.448400125503536,23.9699993133545,459,TRUE,111904972,'1st 03:18 : 2pt driving layup (fast break) (under the basket) made by Jayde Gamble(UNCG) 10-5',5254444,560959,560930,2024-03-23,UNC Greensboro Spartans,560930,UNC Greensboro
17.74719741821292,45.185001373291,488,FALSE,111905029,'1st 03:04 : 3pt jump shot (outside left) missed by D’Mya Tucker(Aggies),5254444,560959,560930,2024-03-23,N.C. A&T Aggies,560959,N.C. A&T
6.448400125503536,25.9449996948242,459,TRUE,111905126,'1st 02:54 : 2pt turnaround jump shot (under the basket) made by Isys Grady(UNCG) 12-5',5254444,560959,560930,2024-03-23,UNC Greensboro Spartans,560930,UNC Greensboro
24.195599784851105,8.47999954223635,459,FALSE,111905422,'1st 02:13 : 3pt jump shot (outside right) missed by Jayde Gamble(UNCG),5254444,560959,560930,2024-03-23,UNC Greensboro Spartans,560930,UNC Greensboro
4.690597991943335,26.72999954223635,488,TRUE,111905519,'1st 01:51 : 2pt driving layup (under the basket) made by Laila Acox(Aggies) 12-8',5254444,560959,560930,2024-03-23,N.C. A&T Aggies,560959,N.C. A&T
16.572197418212923,28.42499923706055,459,TRUE,111919941,'3rd 04:38 : 2pt jump shot (in the paint) made by Isys Grady(UNCG),5254444,560959,560930,2024-03-23,UNC Greensboro Spartans,560930,UNC Greensboro
10.556199569702121,1.86000061035155,459,FALSE,111905974,'1st 00:55.00 : 3pt jump shot (off turnover) (outside right) missed by Jayde Gamble(UNCG),5254444,560959,560930,2024-03-23,UNC Greensboro Spartans,560930,UNC Greensboro
8.948796844482416,24.89999961853025,488,FALSE,111906036,'1st 00:44.90 : 2pt driving layup (blocked) (under the basket) missed by Paris Locke(Aggies),5254444,560959,560930,2024-03-23,N.C. A&T Aggies,560959,N.C. A&T
24.787802581787076,40.95999908447265,488,FALSE,111906135,'1st 00:20.00 : 3pt jump shot (off turnover) (outside left) missed by Chaniya Clark(Aggies),5254444,560959,560930,2024-03-23,N.C. A&T Aggies,560959,N.C. A&T
21.262800788879396,23.6900005340576,459,FALSE,111906421,'1st 00:00.30 : 2pt jump shot (inside center) missed by Ayanna Khalfani(UNCG),5254444,560959,560930,2024-03-23,UNC Greensboro Spartans,560930,UNC Greensboro
4.841000089645384,24.67499923706055,488,TRUE,111920724,'3rd 03:28 : 2pt driving layup (off turnover;fast break) (under the basket) made by Paris Locke(Aggies) 35-32',5254444,560959,560930,2024-03-23,N.C. A&T Aggies,560959,N.C. A&T
19.646001434326166,15.88500022888185,459,FALSE,111920770,'3rd 03:07 : 2pt jump shot (blocked) (inside right) missed by Jayde Gamble(UNCG),5254444,560959,560930,2024-03-23,UNC Greensboro Spartans,560930,UNC Greensboro
6.598796844482422,16.72999954223635,459,FALSE,111920820,'3rd 02:57 : 2pt jump shot (2nd chance) (inside right) missed by Jayde Gamble(UNCG),5254444,560959,560930,2024-03-23,UNC Greensboro Spartans,560930,UNC Greensboro
5.640000000000001,25,459,TRUE,111920835,'3rd 02:52 : 2pt layup (2nd chance) (under the basket) made by Ayanna Khalfani(UNCG) 37-32',5254444,560959,560930,2024-03-23,UNC Greensboro Spartans,560930,UNC Greensboro
5.86559978485107,2.564998626709,488,FALSE,111920963,'3rd 02:27 : 3pt jump shot (outside right wing) missed by Maleia Bracone(Aggies),5254444,560959,560930,2024-03-23,N.C. A&T Aggies,560959,N.C. A&T
4.549600143432617,23.9699993133545,488,TRUE,111920970,'3rd 02:20 : 2pt layup (2nd chance) (under the basket) made by Paris Locke(Aggies) 37-34',5254444,560959,560930,2024-03-23,N.C. A&T Aggies,560959,N.C. A&T
4.399200286865252,26.0300006866455,488,TRUE,111907003,'2nd 09:57 : 2pt layup (fast break) (under the basket) made by Laila Acox(Aggies),5254444,560959,560930,2024-03-23,N.C. A&T Aggies,560959,N.C. A&T
4.841000089645384,22.8449993133545,459,TRUE,111907006,'2nd 09:42 : 2pt driving layup (under the basket) made by Jayde Gamble(UNCG) 14-11',5254444,560959,560930,2024-03-23,UNC Greensboro Spartans,560930,UNC Greensboro
6.598796844482422,27.29500007629395,488,FALSE,111907104,'2nd 09:10 : 2pt driving layup (under the basket) missed by Jordyn Dorsey(Aggies),5254444,560959,560930,2024-03-23,N.C. A&T Aggies,560959,N.C. A&T
20.68,14.39500045776365,459,FALSE,111907225,'2nd 08:46 : 2pt jump shot (inside right) missed by Jayde Gamble(UNCG),5254444,560959,560930,2024-03-23,UNC Greensboro Spartans,560930,UNC Greensboro
6.157002868652327,25.4650001525879,488,FALSE,111907273,'2nd 08:32 : 2pt driving layup (under the basket) missed by Jordyn Dorsey(Aggies),5254444,560959,560930,2024-03-23,N.C. A&T Aggies,560959,N.C. A&T
17.747199211120606,21.7199993133545,459,FALSE,111907315,'2nd 08:23 : 2pt jump shot (in the paint) missed by Makiah Asidanya(UNCG),5254444,560959,560930,2024-03-23,UNC Greensboro Spartans,560930,UNC Greensboro
6.749199838638304,24.8150005340576,488,TRUE,111921595,'3rd 01:27 : 2pt driving layup (fast break) (under the basket) made by Maleia Bracone(Aggies),5254444,560959,560930,2024-03-23,N.C. A&T Aggies,560959,N.C. A&T
4.841000089645384,25.10000038146975,488,FALSE,111921761,'3rd 00:42.60 : 2pt driving layup (off turnover) (under the basket) missed by Maleia Bracone(Aggies),5254444,560959,560930,2024-03-23,N.C. A&T Aggies,560959,N.C. A&T
9.682002868652319,48.564998626709,459,FALSE,111922028,'3rd 00:16.80 : 3pt jump shot (outside left) missed by Makiah Asidanya(UNCG),5254444,560959,560930,2024-03-23,UNC Greensboro Spartans,560930,UNC Greensboro
17.155,46.22499990463257,459,TRUE,111907725,'2nd 07:34 : 3pt jump shot (outside left) made by Nia Howard(UNCG),5254444,560959,560930,2024-03-23,UNC Greensboro Spartans,560930,UNC Greensboro
3.666000089645384,25.10000038146975,459,TRUE,111907975,'2nd 06:48 : 2pt driving layup (off turnover) (in the paint) made by Jayde Gamble(UNCG) 19-13',5254444,560959,560930,2024-03-23,UNC Greensboro Spartans,560930,UNC Greensboro
4.841000089645384,25.3799991607666,459,TRUE,111908273,'2nd 06:13 : 2pt driving layup (off turnover) (under the basket) made by Makiah Asidanya(UNCG) 21-13',5254444,560959,560930,2024-03-23,UNC Greensboro Spartans,560930,UNC Greensboro
17.88819885253909,36.875,488,FALSE,111908576,'2nd 05:21 : 2pt jump shot (off turnover) (inside left) missed by Paris Locke(Aggies),5254444,560959,560930,2024-03-23,N.C. A&T Aggies,560959,N.C. A&T
2.491000089645384,24.39500045776365,488,FALSE,111922065,'3rd 00:08.80 : 2pt layup (in the paint) missed by D’Mya Tucker(Aggies),5254444,560959,560930,2024-03-23,N.C. A&T Aggies,560959,N.C. A&T
2.932799892425535,24.5349998474121,488,FALSE,111922241,'3rd 00:01.00 : 2pt driving layup (blocked) (in the paint) missed by Jordyn Dorsey(Aggies),5254444,560959,560930,2024-03-23,N.C. A&T Aggies,560959,N.C. A&T
3.957400035858152,22,488,FALSE,111922294,'3rd 00:01.00 : 2pt layup (2nd chance) (in the paint) missed by Paris Locke(Aggies),5254444,560959,560930,2024-03-23,N.C. A&T Aggies,560959,N.C. A&T
7.77380043029785,38.76000022888185,488,FALSE,111922736,'4th 09:40 : 2pt jump shot (blocked) (inside left) missed by D’Mya Tucker(Aggies),5254444,560959,560930,2024-03-23,N.C. A&T Aggies,560959,N.C. A&T
16.572199211120605,15.0999984741211,459,FALSE,111908963,'2nd 04:55 : 2pt jump shot (inside right) missed by Nia Howard(UNCG),5254444,560959,560930,2024-03-23,UNC Greensboro Spartans,560930,UNC Greensboro
31.52760086059567,33.20999908447265,488,FALSE,111909033,'2nd 04:43 : 3pt jump shot (outside center) missed by Chaniya Clark(Aggies),5254444,560959,560930,2024-03-23,N.C. A&T Aggies,560959,N.C. A&T
24.195599784851105,38.6199998855591,459,FALSE,111909090,'2nd 04:24 : 3pt jump shot (outside left) missed by Jayde Gamble(UNCG),5254444,560959,560930,2024-03-23,UNC Greensboro Spartans,560930,UNC Greensboro
30.061203155517575,19.4099998474121,488,FALSE,111909853,'2nd 04:12 : 3pt jump shot (outside center) missed by Jordyn Dorsey(Aggies),5254444,560959,560930,2024-03-23,N.C. A&T Aggies,560959,N.C. A&T
21.11239913940434,4.25500106811525,459,FALSE,111909930,'2nd 03:59 : 3pt jump shot (outside right) missed by Makiah Asidanya(UNCG),5254444,560959,560930,2024-03-23,UNC Greensboro Spartans,560930,UNC Greensboro
22.72920028686525,27.1550006866455,488,FALSE,111910010,'2nd 03:45 : 2pt jump shot (inside center) missed by Nahndi Smith(Aggies),5254444,560959,560930,2024-03-23,N.C. A&T Aggies,560959,N.C. A&T
5.7151999282836865,11.01499938964845,459,TRUE,111910075,'2nd 03:26 : 2pt jump shot (inside right) made by Khalis Cain(UNCG),5254444,560959,560930,2024-03-23,UNC Greensboro Spartans,560930,UNC Greensboro
24.05459655761716,26.17000007629395,488,FALSE,111910243,'2nd 02:51 : 2pt jump shot (inside center) missed by D’Mya Tucker(Aggies),5254444,560959,560930,2024-03-23,N.C. A&T Aggies,560959,N.C. A&T
12.614800071716266,34.8149995803833,488,FALSE,111923048,'4th 08:50 : 2pt jump shot (inside left) missed by Jordyn Dorsey(Aggies),5254444,560959,560930,2024-03-23,N.C. A&T Aggies,560959,N.C. A&T
11.731203155517576,14.194999694824197,459,FALSE,111923558,'4th 07:57 : 2pt jump shot (off turnover) (inside right) missed by Ayanna Khalfani(UNCG),5254444,560959,560930,2024-03-23,UNC Greensboro Spartans,560930,UNC Greensboro
4.399199838638303,1.7200012207031,459,TRUE,111910829,'2nd 02:19 : 3pt jump shot (outside right wing) made by Kelly Boyle(UNCG),5254444,560959,560930,2024-03-23,UNC Greensboro Spartans,560930,UNC Greensboro
4.98200286865233,22.08499908447265,488,TRUE,111911195,'2nd 01:33 : 2pt driving layup (off turnover;fast break) (under the basket) made by D’Mya Tucker(Aggies),5254444,560959,560930,2024-03-23,N.C. A&T Aggies,560959,N.C. A&T
30.502997131347662,29.27000045776365,459,FALSE,111923924,'4th 07:11 : 3pt jump shot (outside center) missed by Jayde Gamble(UNCG),5254444,560959,560930,2024-03-23,UNC Greensboro Spartans,560930,UNC Greensboro
7.332002868652324,27.01499938964845,459,FALSE,111923947,'4th 07:06 : 2pt layup (2nd chance) (under the basket) missed by Khalis Cain(UNCG),5254444,560959,560930,2024-03-23,UNC Greensboro Spartans,560930,UNC Greensboro
19.64599964141848,20.72999954223635,488,TRUE,111924084,'4th 06:52 : 2pt jump shot (in the paint) made by Paris Locke(Aggies),5254444,560959,560930,2024-03-23,N.C. A&T Aggies,560959,N.C. A&T
11.148400573730498,22.79000091552735,459,TRUE,111924172,'4th 06:22 : 2pt hook shot (in the paint) made by Antoniette Emma-Nnopu(UNCG),5254444,560959,560930,2024-03-23,UNC Greensboro Spartans,560930,UNC Greensboro
4.69059978485107,23.9699993133545,459,TRUE,111911519,'2nd 01:10 : 2pt driving layup (under the basket) made by Nia Howard(UNCG),5254444,560959,560930,2024-03-23,UNC Greensboro Spartans,560930,UNC Greensboro
8.356600322723386,13.125,459,FALSE,111911912,'2nd 00:20.70 : 2pt jump shot (inside right) missed by Jay&#39;lin Hastings(UNCG),5254444,560959,560930,2024-03-23,UNC Greensboro Spartans,560930,UNC Greensboro
24.72199928283687,39.7550001144409,459,FALSE,111912650,'2nd 00:00.10 : 3pt jump shot (blocked) (outside left) missed by Nia Howard(UNCG),5254444,560959,560930,2024-03-23,UNC Greensboro Spartans,560930,UNC Greensboro
3.5155979919433378,28,459,FALSE,111924312,'4th 05:47 : 2pt layup (off turnover) (in the paint) missed by Khalis Cain(UNCG),5254444,560959,560930,2024-03-23,UNC Greensboro Spartans,560930,UNC Greensboro
2.641399946212768,22.2800006866455,488,TRUE,111924530,'4th 05:35 : 2pt layup (in the paint) made by Chaniya Clark(Aggies),5254444,560959,560930,2024-03-23,N.C. A&T Aggies,560959,N.C. A&T
8.948800430297851,24.5349998474121,488,TRUE,111925001,'4th 04:41 : 2pt hook shot (off turnover) (under the basket) made by Chaniya Clark(Aggies),5254444,560959,560930,2024-03-23,N.C. A&T Aggies,560959,N.C. A&T
6.0160000896453845,1.86000061035155,488,FALSE,111925145,'4th 03:58 : 3pt jump shot (off turnover) (outside right wing) missed by Paris Locke(Aggies),5254444,560959,560930,2024-03-23,N.C. A&T Aggies,560959,N.C. A&T
4.98200286865233,25.88500022888185,459,TRUE,111925457,'4th 03:46 : 2pt driving layup (under the basket) made by Nia Howard(UNCG) 47-50',5254444,560959,560930,2024-03-23,UNC Greensboro Spartans,560930,UNC Greensboro
4.107799892425535,23.9699993133545,488,FALSE,111925492,'4th 03:32 : 2pt layup (blocked) (under the basket) missed by Chaniya Clark(Aggies),5254444,560959,560930,2024-03-23,N.C. A&T Aggies,560959,N.C. A&T
22.879596557617162,27.1550006866455,459,TRUE,111925576,'4th 03:09 : 2pt jump shot (inside center) made by Isys Grady(UNCG),5254444,560959,560930,2024-03-23,UNC Greensboro Spartans,560930,UNC Greensboro
24.787800788879395,40.17000007629395,488,FALSE,111925829,'4th 02:26 : 3pt jump shot (off turnover) (outside left) missed by D’Mya Tucker(Aggies),5254444,560959,560930,2024-03-23,N.C. A&T Aggies,560959,N.C. A&T
31.085799713134747,29.88500022888185,488,FALSE,111925837,'4th 02:08 : 3pt jump shot (2nd chance;off turnover) (outside center) missed by Chaniya Clark(Aggies),5254444,560959,560930,2024-03-23,N.C. A&T Aggies,560959,N.C. A&T
6.016001434326171,26.17000007629395,459,FALSE,111925873,'4th 02:00 : 2pt driving layup (under the basket) missed by Nia Howard(UNCG),5254444,560959,560930,2024-03-23,UNC Greensboro Spartans,560930,UNC Greensboro
18.17959655761716,36.1699981689453,459,FALSE,111925942,'4th 01:51 : 2pt jump shot (2nd chance) (inside left) missed by Isys Grady(UNCG),5254444,560959,560930,2024-03-23,UNC Greensboro Spartans,560930,UNC Greensboro
4.841000089645384,22.42499923706055,488,FALSE,111925948,'4th 01:42 : 2pt driving layup (under the basket) missed by Paris Locke(Aggies),5254444,560959,560930,2024-03-23,N.C. A&T Aggies,560959,N.C. A&T
16.42180114746091,36.0299987792969,488,TRUE,111901834,'1st 09:17 : 2pt jump shot (off turnover) (inside left) made by Chaniya Clark(Aggies) 0-2',5254444,560959,560930,2024-03-23,N.C. A&T Aggies,560959,N.C. A&T
4.24879998207092,25.52000045776365,459,TRUE,111901964,'1st 08:55 : 2pt layup (under the basket) made by Ayanna Khalfani(UNCG),5254444,560959,560930,2024-03-23,UNC Greensboro Spartans,560930,UNC Greensboro
18.038602294921816,15.1850004196167,488,FALSE,111902022,'1st 08:34 : 2pt jump shot (inside right) missed by Chaniya Clark(Aggies),5254444,560959,560930,2024-03-23,N.C. A&T Aggies,560959,N.C. A&T
26.837002868652334,9.6899995803833,488,FALSE,111902275,'1st 07:50 : 3pt jump shot (off turnover) (outside right) missed by Chaniya Clark(Aggies),5254444,560959,560930,2024-03-23,N.C. A&T Aggies,560959,N.C. A&T
6.890201721191431,34.7599983215332,488,FALSE,111902315,'1st 07:33 : 2pt jump shot (2nd chance;off turnover) (inside left) missed by Jordyn Dorsey(Aggies),5254444,560959,560930,2024-03-23,N.C. A&T Aggies,560959,N.C. A&T
7.623400573730507,39.125,459,FALSE,111915993,'3rd 09:40 : 2pt jump shot (inside left) missed by Isys Grady(UNCG),5254444,560959,560930,2024-03-23,UNC Greensboro Spartans,560930,UNC Greensboro
10.997999820709195,35.10000038146975,488,FALSE,111916606,'3rd 08:41 : 2pt jump shot (off turnover) (inside left) missed by Jordyn Dorsey(Aggies),5254444,560959,560930,2024-03-23,N.C. A&T Aggies,560959,N.C. A&T
3.666000089645384,23.54999923706055,459,FALSE,111902429,'1st 07:27 : 2pt driving layup (in the paint) missed by Isys Grady(UNCG),5254444,560959,560930,2024-03-23,UNC Greensboro Spartans,560930,UNC Greensboro
27.57020172119141,37.72000122070315,488,FALSE,111902569,'1st 07:05 : 3pt jump shot (outside left) missed by Maleia Bracone(Aggies),5254444,560959,560930,2024-03-23,N.C. A&T Aggies,560959,N.C. A&T
5.4237999820709195,22.70499992370605,459,FALSE,111902571,'1st 06:57 : 2pt driving layup (under the basket) missed by Nia Howard(UNCG),5254444,560959,560930,2024-03-23,UNC Greensboro Spartans,560930,UNC Greensboro
19.354596557617157,34.0550003051758,488,FALSE,111903147,'1st 06:11 : 2pt jump shot (inside left) missed by D’Mya Tucker(Aggies),5254444,560959,560930,2024-03-23,N.C. A&T Aggies,560959,N.C. A&T
25.07920028686525,42,459,FALSE,111903230,'1st 06:03 : 3pt jump shot (outside left) missed by Jayde Gamble(UNCG),5254444,560959,560930,2024-03-23,UNC Greensboro Spartans,560930,UNC Greensboro
2.491000089645384,25.6599998474121,488,TRUE,111917091,'3rd 07:50 : 2pt driving layup (off turnover) (in the paint) made by Maleia Bracone(Aggies) 29-21',5254444,560959,560930,2024-03-23,N.C. A&T Aggies,560959,N.C. A&T
9.240201721191426,21.9449996948242,459,TRUE,111917231,'3rd 07:23 : 2pt driving layup (in the paint) made by Nia Howard(UNCG),5254444,560959,560930,2024-03-23,UNC Greensboro Spartans,560930,UNC Greensboro
3.6660014343261764,8.984999656677253,459,TRUE,111917542,'3rd 06:52 : 2pt jump shot (inside right wing) made by Isys Grady(UNCG),5254444,560959,560930,2024-03-23,UNC Greensboro Spartans,560930,UNC Greensboro
6.0160000896453845,22.98500061035155,488,FALSE,111917617,'3rd 06:31 : 2pt driving layup (blocked) (under the basket) missed by D’Mya Tucker(Aggies),5254444,560959,560930,2024-03-23,N.C. A&T Aggies,560959,N.C. A&T
17.155,23.9699993133545,488,TRUE,111917753,'3rd 06:19 : 2pt floating jump shot (2nd chance) (in the paint) made by Jordyn Dorsey(Aggies),5254444,560959,560930,2024-03-23,N.C. A&T Aggies,560959,N.C. A&T
6.44840057373051,25.04000091552735,459,FALSE,111917795,'3rd 06:08 : 2pt driving layup (under the basket) missed by Jayde Gamble(UNCG),5254444,560959,560930,2024-03-23,UNC Greensboro Spartans,560930,UNC Greensboro
5.640000000000001,25,189,TRUE,111906340,'1st 09:03 : 2pt layup (2nd chance;off turnover) (under the basket) made by Courtney Becker(Drake) 5-0',5254178,560690,560720,2024-03-23,Drake Bulldogs,560720,Drake
6.307400035858152,47.77500009536743,157,FALSE,111906348,'1st 08:49 : 3pt jump shot (outside left wing) missed by Maddie Nolan(Colorado),5254178,560690,560720,2024-03-23,Colorado Buffaloes,560690,Colorado
5.865597991943346,23.20999908447265,189,TRUE,111906413,'1st 08:31 : 2pt layup (under the basket) made by Katie Dinnebier(Drake),5254178,560690,560720,2024-03-23,Drake Bulldogs,560720,Drake
5.574199838638304,28.3400001525879,157,FALSE,111906425,'1st 08:23 : 2pt hook shot (blocked) (under the basket) missed by Aaronette Vonleh(Colorado) 7-0',5254178,560690,560720,2024-03-23,Colorado Buffaloes,560690,Colorado
6.157002868652327,21.9449996948242,189,TRUE,111906505,'1st 08:04 : 2pt layup (under the basket) made by Grace Berg(Drake),5254178,560690,560720,2024-03-23,Drake Bulldogs,560720,Drake
26.545599784851106,11.57500076293945,157,TRUE,111906571,'1st 07:44 : 3pt jump shot (outside right) made by Quay Miller(Colorado),5254178,560690,560720,2024-03-23,Colorado Buffaloes,560690,Colorado
7.77380043029785,22,157,TRUE,111911802,'1st 00:19.10 : 2pt layup (under the basket) made by Maddie Nolan(Colorado),5254178,560690,560720,2024-03-23,Colorado Buffaloes,560690,Colorado
6.749199838638304,27.4950008392334,157,TRUE,111911828,'1st 00:01.00 : 2pt driving layup (off turnover;fast break) (under the basket) made by Tameiya Sadler(Colorado) 21-24',5254178,560690,560720,2024-03-23,Colorado Buffaloes,560690,Colorado
12.022600860595674,35.04000091552735,157,FALSE,111924637,'3rd 02:59 : 2pt pull up jump shot (inside left) missed by Tameiya Sadler(Colorado),5254178,560690,560720,2024-03-23,Colorado Buffaloes,560690,Colorado
21.704600143432625,8.1949996948242,189,FALSE,111924656,'3rd 02:52 : 3pt jump shot (outside right) missed by Taylor McAulay(Drake),5254178,560690,560720,2024-03-23,Drake Bulldogs,560720,Drake
6.44840057373051,27.01499938964845,157,FALSE,111924715,'3rd 02:34 : 2pt driving layup (under the basket) missed by Kindyll Wetta(Colorado),5254178,560690,560720,2024-03-23,Colorado Buffaloes,560690,Colorado
5.71520172119142,22.64999961853025,189,TRUE,111906684,'1st 07:27 : 2pt layup (under the basket) made by Shannon Fornshell(Drake),5254178,560690,560720,2024-03-23,Drake Bulldogs,560720,Drake
6.307399139404339,47.435001373291,157,TRUE,111925100,'3rd 02:09 : 3pt jump shot (outside left wing) made by Sara-Rose Smith(Colorado) 49-63',5254178,560690,560720,2024-03-23,Colorado Buffaloes,560690,Colorado
6.44840057373051,28.13999938964845,157,TRUE,111925228,'3rd 01:43 : 2pt layup (off turnover) (under the basket) made by Kindyll Wetta(Colorado),5254178,560690,560720,2024-03-23,Colorado Buffaloes,560690,Colorado
7.77380043029785,22.2800006866455,157,FALSE,111907417,'1st 07:13 : 2pt layup (blocked) (under the basket) missed by Aaronette Vonleh(Colorado),5254178,560690,560720,2024-03-23,Colorado Buffaloes,560690,Colorado
5.64,25,157,TRUE,111907510,'1st 07:13 : 2pt layup (2nd chance) (under the basket) made by Aaronette Vonleh(Colorado) 11-6',5254178,560690,560720,2024-03-23,Colorado Buffaloes,560690,Colorado
7.04059978485107,22.13999938964845,157,FALSE,111912714,'2nd 09:35 : 2pt layup (under the basket) missed by Aaronette Vonleh(Colorado),5254178,560690,560720,2024-03-23,Colorado Buffaloes,560690,Colorado
9.381199569702149,22.13999938964845,157,FALSE,111912717,'2nd 09:30 : 2pt layup (2nd chance;blocked) (in the paint) missed by Aaronette Vonleh(Colorado),5254178,560690,560720,2024-03-23,Colorado Buffaloes,560690,Colorado
5.64,25,157,TRUE,111912835,'2nd 09:23 : 2pt layup (2nd chance) (under the basket) made by Aaronette Vonleh(Colorado) 21-26',5254178,560690,560720,2024-03-23,Colorado Buffaloes,560690,Colorado
4.549600143432617,47.91499996185303,157,TRUE,111912964,'2nd 09:07 : 3pt jump shot (off turnover) (outside left wing) made by Maddie Nolan(Colorado),5254178,560690,560720,2024-03-23,Colorado Buffaloes,560690,Colorado
6.890201721191431,25.7450008392334,189,FALSE,111913145,'2nd 08:45 : 2pt driving layup (under the basket) missed by Anna Miller(Drake),5254178,560690,560720,2024-03-23,Drake Bulldogs,560720,Drake
5.574199838638304,25.8050003051758,189,FALSE,111925266,'3rd 01:31 : 2pt layup (under the basket) missed by Katie Dinnebier(Drake),5254178,560690,560720,2024-03-23,Drake Bulldogs,560720,Drake
5.865597991943346,22.79000091552735,157,TRUE,111925269,'3rd 01:26 : 2pt layup (fast break) (under the basket) made by Maddie Nolan(Colorado),5254178,560690,560720,2024-03-23,Colorado Buffaloes,560690,Colorado
6.0160000896453845,27.91500091552735,189,TRUE,111925448,'3rd 01:03 : 2pt layup (under the basket) made by Taylor McAulay(Drake),5254178,560690,560720,2024-03-23,Drake Bulldogs,560720,Drake
7.0405979919433435,22.22500038146975,157,TRUE,111925481,'3rd 00:42.30 : 2pt driving layup (under the basket) made by Jaylyn Sherrod(Colorado) 51-69',5254178,560690,560720,2024-03-23,Colorado Buffaloes,560690,Colorado
10.26479827880857,47.72000122070315,157,FALSE,111925618,'3rd 00:01.70 : 3pt jump shot (outside left) missed by Maddie Nolan(Colorado),5254178,560690,560720,2024-03-23,Colorado Buffaloes,560690,Colorado
5.640000000000001,25,157,TRUE,111925633,'3rd 00:01.00 : 2pt layup (2nd chance) (under the basket) made by Kindyll Wetta(Colorado) 53-71',5254178,560690,560720,2024-03-23,Colorado Buffaloes,560690,Colorado
8.948800430297851,24.95999908447265,157,TRUE,111907713,'1st 06:49 : 2pt hook shot (off turnover) (under the basket) made by Aaronette Vonleh(Colorado),5254178,560690,560720,2024-03-23,Colorado Buffaloes,560690,Colorado
22.146397705078073,43.49499893188475,189,TRUE,111913281,'2nd 08:30 : 3pt jump shot (off turnover) (outside left) made by Katie Dinnebier(Drake),5254178,560690,560720,2024-03-23,Drake Bulldogs,560720,Drake
8.948800430297851,26.36499977111815,157,FALSE,111913352,'2nd 08:09 : 2pt jump shot (under the basket) missed by Aaronette Vonleh(Colorado),5254178,560690,560720,2024-03-23,Colorado Buffaloes,560690,Colorado
5.64,25,157,TRUE,111913354,'2nd 08:05 : 2pt layup (2nd chance) (under the basket) made by Aaronette Vonleh(Colorado) 24-31',5254178,560690,560720,2024-03-23,Colorado Buffaloes,560690,Colorado
6.448400125503536,2.42499923706055,157,TRUE,111913544,'2nd 07:24 : 3pt jump shot (off turnover) (outside right wing) made by Tameiya Sadler(Colorado),5254178,560690,560720,2024-03-23,Colorado Buffaloes,560690,Colorado
7.04059978485107,22.8449993133545,157,FALSE,111907859,'1st 06:20 : 2pt layup (off turnover) (under the basket) missed by Aaronette Vonleh(Colorado),5254178,560690,560720,2024-03-23,Colorado Buffaloes,560690,Colorado
5.64,25,157,TRUE,111907861,'1st 06:17 : 2pt layup (2nd chance;off turnover) (under the basket) made by Sara-Rose Smith(Colorado) 11-10',5254178,560690,560720,2024-03-23,Colorado Buffaloes,560690,Colorado
30.794402008056664,28.2800006866455,189,FALSE,111907962,'1st 06:04 : 3pt jump shot (outside center) missed by Katie Dinnebier(Drake),5254178,560690,560720,2024-03-23,Drake Bulldogs,560720,Drake
13.489000358581517,24.8150005340576,157,FALSE,111907978,'1st 05:51 : 2pt pull up jump shot (in the paint) missed by Sara-Rose Smith(Colorado),5254178,560690,560720,2024-03-23,Colorado Buffaloes,560690,Colorado
8.356600322723386,23.54999923706055,157,TRUE,111913637,'2nd 07:09 : 2pt driving layup (off turnover;fast break) (under the basket) made by Jaylyn Sherrod(Colorado) 24-36',5254178,560690,560720,2024-03-23,Colorado Buffaloes,560690,Colorado
6.598796844482422,27.57500076293945,189,TRUE,111913657,'2nd 06:55 : 2pt layup (under the basket) made by Courtney Becker(Drake),5254178,560690,560720,2024-03-23,Drake Bulldogs,560720,Drake
7.0405979919433435,22.5049991607666,189,FALSE,111908124,'1st 05:32 : 2pt hook shot (blocked) (under the basket) missed by Anna Miller(Drake),5254178,560690,560720,2024-03-23,Drake Bulldogs,560720,Drake
11.580799713134747,26.79000091552735,157,TRUE,111908247,'1st 05:27 : 2pt pull up jump shot (fast break) (in the paint) made by Jaylyn Sherrod(Colorado),5254178,560690,560720,2024-03-23,Colorado Buffaloes,560690,Colorado
8.065201721191428,26.875,189,TRUE,111914002,'2nd 06:08 : 2pt driving layup (under the basket) made by Katie Dinnebier(Drake) 28-38',5254178,560690,560720,2024-03-23,Drake Bulldogs,560720,Drake
7.332000179290768,2.564998626709,157,FALSE,111914195,'2nd 05:55 : 3pt jump shot (outside right) missed by Quay Miller(Colorado),5254178,560690,560720,2024-03-23,Colorado Buffaloes,560690,Colorado
26.54559799194334,41.0999984741211,189,TRUE,111914313,'2nd 05:27 : 3pt pull up jump shot (outside left) made by Katie Dinnebier(Drake) 32-38',5254178,560690,560720,2024-03-23,Drake Bulldogs,560720,Drake
21.554200286865253,27.63500022888185,157,FALSE,111908572,'1st 05:02 : 2pt jump shot (off turnover) (inside center) missed by Charlotte Whittaker(Colorado),5254178,560690,560720,2024-03-23,Colorado Buffaloes,560690,Colorado
6.890199928283687,23.82999992370605,157,TRUE,111914321,'2nd 05:19 : 2pt driving layup (fast break) (under the basket) made by Jaylyn Sherrod(Colorado) 32-40',5254178,560690,560720,2024-03-23,Colorado Buffaloes,560690,Colorado
6.016001434326171,22.9300003051758,189,TRUE,111914435,'2nd 04:47 : 2pt driving layup (under the basket) made by Katie Dinnebier(Drake) 34-40',5254178,560690,560720,2024-03-23,Drake Bulldogs,560720,Drake
6.307399139404339,27.29500007629395,189,TRUE,111914539,'2nd 04:25 : 2pt driving layup (off turnover) (under the basket) made by Courtney Becker(Drake) 36-40',5254178,560690,560720,2024-03-23,Drake Bulldogs,560720,Drake
28.745199928283736,29.4650001525879,157,FALSE,111914549,'2nd 04:07 : 3pt jump shot (outside center) missed by Kindyll Wetta(Colorado),5254178,560690,560720,2024-03-23,Colorado Buffaloes,560690,Colorado
29.327997131347672,12.36499977111815,189,FALSE,111914657,'2nd 03:58 : 3pt pull up jump shot (outside right) missed by Katie Dinnebier(Drake),5254178,560690,560720,2024-03-23,Drake Bulldogs,560720,Drake
5.865597991943346,27.7199993133545,157,FALSE,111922151,'3rd 09:12 : 2pt driving layup (off turnover) (under the basket) missed by Aaronette Vonleh(Colorado),5254178,560690,560720,2024-03-23,Colorado Buffaloes,560690,Colorado
5.640000000000001,25,157,TRUE,111922153,'3rd 09:08 : 2pt layup (2nd chance;off turnover) (under the basket) made by Aaronette Vonleh(Colorado) 41-48',5254178,560690,560720,2024-03-23,Colorado Buffaloes,560690,Colorado
8.21559978485107,24.8150005340576,189,FALSE,111922174,'3rd 08:51 : 2pt layup (under the basket) missed by Grace Berg(Drake),5254178,560690,560720,2024-03-23,Drake Bulldogs,560720,Drake
12.464402008056666,47.1549987792969,189,TRUE,111909697,'1st 04:38 : 3pt jump shot (off turnover) (outside left) made by Taylor McAulay(Drake),5254178,560690,560720,2024-03-23,Drake Bulldogs,560720,Drake
30.352600860595665,17.575000762939453,189,TRUE,111915703,'2nd 03:11 : 3pt jump shot (off turnover) (outside center) made by Katie Dinnebier(Drake),5254178,560690,560720,2024-03-23,Drake Bulldogs,560720,Drake
6.749200286865246,24.3400001525879,157,TRUE,111922306,'3rd 08:32 : 2pt driving layup (under the basket) made by Jaylyn Sherrod(Colorado) 41-50',5254178,560690,560720,2024-03-23,Colorado Buffaloes,560690,Colorado
9.240199928283687,21.4349994659424,189,FALSE,111922373,'3rd 08:17 : 2pt layup (in the paint) missed by Grace Berg(Drake),5254178,560690,560720,2024-03-23,Drake Bulldogs,560720,Drake
30.6534005737305,27.35000038146975,189,FALSE,111922423,'3rd 08:01 : 3pt jump shot (off turnover) (outside center) missed by Anna Miller(Drake),5254178,560690,560720,2024-03-23,Drake Bulldogs,560720,Drake
7.0405979919433435,27.1550006866455,157,TRUE,111922429,'3rd 07:46 : 2pt layup (under the basket) made by Aaronette Vonleh(Colorado),5254178,560690,560720,2024-03-23,Colorado Buffaloes,560690,Colorado
6.749199838638304,26.22500038146975,157,TRUE,111909804,'1st 04:16 : 2pt layup (under the basket) made by Frida Formann(Colorado),5254178,560690,560720,2024-03-23,Colorado Buffaloes,560690,Colorado
14.513599605560303,3.125,157,FALSE,111910219,'1st 03:42 : 3pt jump shot (outside right) missed by Jaylyn Sherrod(Colorado),5254178,560690,560720,2024-03-23,Colorado Buffaloes,560690,Colorado
7.482400035858152,24.5349998474121,157,TRUE,111916156,'2nd 02:49 : 2pt layup (under the basket) made by Aaronette Vonleh(Colorado),5254178,560690,560720,2024-03-23,Colorado Buffaloes,560690,Colorado
7.332000179290768,22.8449993133545,189,TRUE,111922445,'3rd 07:40 : 2pt layup (fast break) (under the basket) made by Courtney Becker(Drake),5254178,560690,560720,2024-03-23,Drake Bulldogs,560720,Drake
7.623400573730507,27.1550006866455,157,TRUE,111922486,'3rd 07:16 : 2pt layup (under the basket) made by Quay Miller(Colorado),5254178,560690,560720,2024-03-23,Colorado Buffaloes,560690,Colorado
8.21559799194334,25.7450008392334,189,TRUE,111916285,'2nd 02:32 : 2pt layup (under the basket) made by Grace Berg(Drake) 41-42',5254178,560690,560720,2024-03-23,Drake Bulldogs,560720,Drake
25.66199928283687,8.7599983215332,157,FALSE,111916300,'2nd 02:20 : 3pt jump shot (outside right) missed by Maddie Nolan(Colorado),5254178,560690,560720,2024-03-23,Colorado Buffaloes,560690,Colorado
25.370599784851105,27.20999908447265,157,TRUE,111916468,'2nd 02:00 : 2pt jump shot (2nd chance) (inside center) made by Quay Miller(Colorado) 41-44',5254178,560690,560720,2024-03-23,Colorado Buffaloes,560690,Colorado
7.04059978485107,27.35000038146975,189,FALSE,111922560,'3rd 06:58 : 2pt driving layup (blocked) (under the basket) missed by Anna Miller(Drake),5254178,560690,560720,2024-03-23,Drake Bulldogs,560720,Drake
5.71520172119142,23.91500091552735,157,TRUE,111922768,'3rd 06:42 : 2pt layup (fast break) (under the basket) made by Kindyll Wetta(Colorado),5254178,560690,560720,2024-03-23,Colorado Buffaloes,560690,Colorado
7.623399677276614,21.57500076293945,157,TRUE,111910376,'1st 03:20 : 2pt layup (off turnover) (under the basket) made by Aaronette Vonleh(Colorado),5254178,560690,560720,2024-03-23,Colorado Buffaloes,560690,Colorado
26.395201721191413,10.11499977111815,189,FALSE,111916602,'2nd 01:47 : 3pt jump shot (outside right) missed by Katie Dinnebier(Drake),5254178,560690,560720,2024-03-23,Drake Bulldogs,560720,Drake
7.0405979919433435,27.7199993133545,189,FALSE,111910917,'1st 02:39 : 2pt driving layup (off turnover) (under the basket) missed by Grace Berg(Drake),5254178,560690,560720,2024-03-23,Drake Bulldogs,560720,Drake
23.90420028686525,19.88500022888185,157,FALSE,111910935,'1st 02:20 : 2pt pull up jump shot (inside center) missed by Jaylyn Sherrod(Colorado),5254178,560690,560720,2024-03-23,Colorado Buffaloes,560690,Colorado
14.222197418212914,35.32500076293945,157,TRUE,111923061,'3rd 05:59 : 2pt pull up jump shot (off turnover) (inside left) made by Kindyll Wetta(Colorado) 44-58',5254178,560690,560720,2024-03-23,Colorado Buffaloes,560690,Colorado
6.598799982070919,21.86000061035155,189,FALSE,111923124,'3rd 05:35 : 2pt layup (under the basket) missed by Katie Dinnebier(Drake),5254178,560690,560720,2024-03-23,Drake Bulldogs,560720,Drake
30.061203155517575,25.60499954223635,189,TRUE,111906131,'1st 09:53 : 3pt jump shot (outside center) made by Courtney Becker(Drake),5254178,560690,560720,2024-03-23,Drake Bulldogs,560720,Drake
26.837002868652334,13.069999694824197,189,FALSE,111911053,'1st 02:00 : 3pt jump shot (outside right) missed by Shannon Fornshell(Drake),5254178,560690,560720,2024-03-23,Drake Bulldogs,560720,Drake
17.155,46.08500003814697,157,TRUE,111911197,'1st 01:42 : 3pt jump shot (outside left) made by Maddie Nolan(Colorado),5254178,560690,560720,2024-03-23,Colorado Buffaloes,560690,Colorado
26.545599784851106,37.63500022888185,189,FALSE,111923162,'3rd 05:24 : 3pt jump shot (off turnover) (outside left) missed by Taylor McAulay(Drake),5254178,560690,560720,2024-03-23,Drake Bulldogs,560720,Drake
6.749200286865246,27.29500007629395,157,TRUE,111923303,'3rd 05:14 : 2pt driving layup (off turnover) (under the basket) made by Jaylyn Sherrod(Colorado) 44-60',5254178,560690,560720,2024-03-23,Colorado Buffaloes,560690,Colorado
6.448400125503536,2.13999938964845,157,FALSE,111906137,'1st 09:37 : 3pt jump shot (outside right wing) missed by Quay Miller(Colorado),5254178,560690,560720,2024-03-23,Colorado Buffaloes,560690,Colorado
22.879596557617162,8.140000343322747,189,FALSE,111906258,'1st 09:07 : 3pt jump shot (off turnover) (outside right) missed by Taylor McAulay(Drake),5254178,560690,560720,2024-03-23,Drake Bulldogs,560720,Drake
30.502997131347662,22.08499908447265,189,TRUE,111911345,'1st 01:22 : 3pt jump shot (outside center) made by Ava Hawthorne(Drake),5254178,560690,560720,2024-03-23,Drake Bulldogs,560720,Drake
9.240199928283687,47.21000003814697,157,FALSE,111911447,'1st 01:04 : 3pt jump shot (outside left) missed by Maddie Nolan(Colorado),5254178,560690,560720,2024-03-23,Colorado Buffaloes,560690,Colorado
25.812399139404338,28.76000022888185,157,FALSE,111911460,'1st 00:51.50 : 2pt jump shot (2nd chance) (inside center) missed by Aaronette Vonleh(Colorado),5254178,560690,560720,2024-03-23,Colorado Buffaloes,560690,Colorado
28.3034005737305,35.74499893188475,157,FALSE,111924079,'3rd 04:25 : 3pt jump shot (off turnover) (outside left) missed by Jaylyn Sherrod(Colorado),5254178,560690,560720,2024-03-23,Colorado Buffaloes,560690,Colorado
15.246799354553229,46.9300000667572,189,TRUE,111924117,'3rd 04:10 : 3pt jump shot (off turnover;fast break) (outside left) made by Megan Meyer(Drake),5254178,560690,560720,2024-03-23,Drake Bulldogs,560720,Drake
27.57019992828374,12,189,FALSE,111924275,'3rd 03:33 : 3pt jump shot (off turnover) (outside right) missed by Megan Meyer(Drake),5254178,560690,560720,2024-03-23,Drake Bulldogs,560720,Drake
15.547600860595661,24.9300003051758,392,TRUE,111913444,'1st 01:23 : 2pt hook shot (in the paint) made by Faith Masonius(UMD) 32-18',5254172,560816,560876,2024-03-23,"Maryland Terrapins, Terps",560876,Maryland
21.99599964141848,24.64999961853025,392,FALSE,111913664,'1st 00:36.90 : 2pt jump shot (off turnover) (inside center) missed by Faith Masonius(UMD),5254172,560816,560876,2024-03-23,"Maryland Terrapins, Terps",560876,Maryland
10.114400215148892,22.5349998474121,311,TRUE,111924970,'3rd 05:29 : 2pt layup (in the paint) made by Audi Crooks(ISU),5254172,560816,560876,2024-03-23,Iowa St. Cyclones,560816,Iowa St.
22.72920028686525,10.5649995803833,392,FALSE,111925033,'3rd 05:03 : 3pt jump shot (outside right) missed by Faith Masonius(UMD),5254172,560816,560876,2024-03-23,"Maryland Terrapins, Terps",560876,Maryland
10.415201721191423,25.91500091552735,311,TRUE,111914008,'1st 00:06.60 : 2pt driving layup (in the paint) made by Kelsey Joens(ISU) 33-20',5254172,560816,560876,2024-03-23,Iowa St. Cyclones,560816,Iowa St.
8.948796844482416,20,311,FALSE,111919530,'2nd 01:15 : 2pt layup (in the paint) missed by Emily Ryan(ISU),5254172,560816,560876,2024-03-23,Iowa St. Cyclones,560816,Iowa St.
5.640000000000001,25,311,TRUE,111919533,'2nd 01:14 : 2pt layup (2nd chance) (under the basket) made by Audi Crooks(ISU) 50-32',5254172,560816,560876,2024-03-23,Iowa St. Cyclones,560816,Iowa St.
22.729200286865254,22.2549991607666,392,TRUE,111919667,'2nd 00:54.20 : 2pt jump shot (inside center) made by Emily Fisher(UMD),5254172,560816,560876,2024-03-23,"Maryland Terrapins, Terps",560876,Maryland
11.148399677276569,23.8050003051758,392,TRUE,111914843,'2nd 09:55 : 2pt jump shot (in the paint) made by Allie Kubek(UMD),5254172,560816,560876,2024-03-23,"Maryland Terrapins, Terps",560876,Maryland
15.547600860595665,47.32500076293945,311,TRUE,111919746,'2nd 00:43.40 : 3pt jump shot (outside left) made by Hannah Belanger(ISU),5254172,560816,560876,2024-03-23,Iowa St. Cyclones,560816,Iowa St.
17.155,23.9449996948242,392,FALSE,111925541,'3rd 04:27 : 2pt jump shot (in the paint) missed by Jakia Brown-Turner(UMD),5254172,560816,560876,2024-03-23,"Maryland Terrapins, Terps",560876,Maryland
7.914800071716313,26.76000022888185,311,TRUE,111925574,'3rd 04:17 : 2pt layup (under the basket) made by Audi Crooks(ISU),5254172,560816,560876,2024-03-23,Iowa St. Cyclones,560816,Iowa St.
14.513602294921824,46.9000015258789,392,FALSE,111925593,'3rd 03:57 : 3pt jump shot (outside left) missed by Jakia Brown-Turner(UMD),5254172,560816,560876,2024-03-23,"Maryland Terrapins, Terps",560876,Maryland
15.397199211120606,20.8449993133545,392,FALSE,111915174,'2nd 09:01 : 2pt jump shot (off turnover) (in the paint) missed by Shyanne Sellers(UMD),5254172,560816,560876,2024-03-23,"Maryland Terrapins, Terps",560876,Maryland
8.64799713134768,23.3799991607666,311,TRUE,111915293,'2nd 08:53 : 2pt layup (under the basket) made by Audi Crooks(ISU),5254172,560816,560876,2024-03-23,Iowa St. Cyclones,560816,Iowa St.
13.197599964141821,30.8449993133545,392,FALSE,111915318,'2nd 08:44 : 2pt floating jump shot (in the paint) missed by Jakia Brown-Turner(UMD),5254172,560816,560876,2024-03-23,"Maryland Terrapins, Terps",560876,Maryland
16.863600502014144,15.6349983215332,392,FALSE,111915325,'2nd 08:28 : 2pt jump shot (2nd chance) (inside right) missed by Jakia Brown-Turner(UMD),5254172,560816,560876,2024-03-23,"Maryland Terrapins, Terps",560876,Maryland
11.731203155517576,25.35000038146975,392,FALSE,111925760,'3rd 03:29 : 2pt layup (in the paint) missed by Shyanne Sellers(UMD),5254172,560816,560876,2024-03-23,"Maryland Terrapins, Terps",560876,Maryland
24.787800788879395,8.5900001525879,311,TRUE,111925794,'3rd 03:20 : 3pt jump shot (outside right) made by Kelsey Joens(ISU),5254172,560816,560876,2024-03-23,Iowa St. Cyclones,560816,Iowa St.
8.647999820709233,22.67499923706055,311,TRUE,111925985,'3rd 02:50 : 2pt (under the basket) made by ISU 61-61',5254172,560816,560876,2024-03-23,Iowa St. Cyclones,560816,Iowa St.
9.381203155517582,27.04000091552735,311,TRUE,111909436,'1st 09:48 : 2pt layup (in the paint) made by Addy Brown(ISU),5254172,560816,560876,2024-03-23,Iowa St. Cyclones,560816,Iowa St.
23.75380043029788,16.47999954223635,392,TRUE,111909554,'1st 09:36 : 2pt pull up jump shot (inside right) made by Bri McDaniel(UMD) 2-2',5254172,560816,560876,2024-03-23,"Maryland Terrapins, Terps",560876,Maryland
7.914798278808576,1.8300000429153442,311,FALSE,111915431,'2nd 08:17 : 3pt jump shot (outside right) missed by Kelsey Joens(ISU),5254172,560816,560876,2024-03-23,Iowa St. Cyclones,560816,Iowa St.
8.798400573730504,26.76000022888185,311,FALSE,111915450,'2nd 08:11 : 2pt layup (2nd chance) (under the basket) missed by Addy Brown(ISU),5254172,560816,560876,2024-03-23,Iowa St. Cyclones,560816,Iowa St.
22.729200286865254,41.9700002670288,392,TRUE,111915452,'2nd 08:06 : 3pt jump shot (outside left) made by Brinae Alexander(UMD),5254172,560816,560876,2024-03-23,"Maryland Terrapins, Terps",560876,Maryland
19.946801147460917,24.79000091552735,311,FALSE,111909810,'1st 09:02 : 2pt jump shot (in the paint) missed by Emily Ryan(ISU),5254172,560816,560876,2024-03-23,Iowa St. Cyclones,560816,Iowa St.
7.914798278808576,23.9449996948242,311,FALSE,111909818,'1st 08:55 : 2pt layup (2nd chance) (under the basket) missed by Audi Crooks(ISU),5254172,560816,560876,2024-03-23,Iowa St. Cyclones,560816,Iowa St.
24.054600143432626,6.61999893188475,392,TRUE,111909919,'1st 08:43 : 3pt jump shot (outside right) made by Shyanne Sellers(UMD) 5-2',5254172,560816,560876,2024-03-23,"Maryland Terrapins, Terps",560876,Maryland
8.64799713134768,22.11499977111815,311,TRUE,111909942,'1st 08:31 : 2pt layup (in the paint) made by Audi Crooks(ISU),5254172,560816,560876,2024-03-23,Iowa St. Cyclones,560816,Iowa St.
7.77380043029785,28.72999954223635,392,FALSE,111915706,'2nd 07:26 : 2pt layup (off turnover) (in the paint) missed by Faith Masonius(UMD),5254172,560816,560876,2024-03-23,"Maryland Terrapins, Terps",560876,Maryland
25.521001434326166,13.52000045776365,311,FALSE,111915725,'2nd 07:12 : 3pt jump shot (outside right) missed by Addy Brown(ISU),5254172,560816,560876,2024-03-23,Iowa St. Cyclones,560816,Iowa St.
7.914800071716313,2.39500045776365,392,TRUE,111909963,'1st 08:23 : 3pt jump shot (outside right) made by Bri McDaniel(UMD),5254172,560816,560876,2024-03-23,"Maryland Terrapins, Terps",560876,Maryland
22.28739913940433,9.154999732971199,311,FALSE,111910085,'1st 08:07 : 3pt jump shot (outside right) missed by Addy Brown(ISU),5254172,560816,560876,2024-03-23,Iowa St. Cyclones,560816,Iowa St.
18.33,5.6349983215332,392,FALSE,111910096,'1st 07:56 : 3pt jump shot (outside right) missed by Shyanne Sellers(UMD),5254172,560816,560876,2024-03-23,"Maryland Terrapins, Terps",560876,Maryland
10.997997131347674,21.6900005340576,311,TRUE,111910248,'1st 07:34 : 2pt layup (in the paint) made by Addy Brown(ISU),5254172,560816,560876,2024-03-23,Iowa St. Cyclones,560816,Iowa St.
8.948800430297851,22.11499977111815,392,TRUE,111910367,'1st 07:20 : 2pt layup (in the paint) made by Faith Masonius(UMD),5254172,560816,560876,2024-03-23,"Maryland Terrapins, Terps",560876,Maryland
6.44840057373051,22.11499977111815,311,FALSE,111916004,'2nd 06:39 : 2pt layup (off turnover) (under the basket) missed by Audi Crooks(ISU),5254172,560816,560876,2024-03-23,Iowa St. Cyclones,560816,Iowa St.
10.847600860595662,22.8150005340576,311,FALSE,111910478,'1st 06:55 : 2pt layup (in the paint) missed by Isnelle Natabou(ISU),5254172,560816,560876,2024-03-23,Iowa St. Cyclones,560816,Iowa St.
7.482400035858152,21.82999992370605,392,TRUE,111910497,'1st 06:44 : 2pt driving layup (under the basket) made by Faith Masonius(UMD) 12-6',5254172,560816,560876,2024-03-23,"Maryland Terrapins, Terps",560876,Maryland
23.020597991943333,41.125,311,FALSE,111910617,'1st 06:21 : 3pt jump shot (outside left) missed by Hannah Belanger(ISU),5254172,560816,560876,2024-03-23,Iowa St. Cyclones,560816,Iowa St.
20.68,12.67499923706055,392,FALSE,111910634,'1st 06:09 : 2pt jump shot (inside right) missed by Bri McDaniel(UMD),5254172,560816,560876,2024-03-23,"Maryland Terrapins, Terps",560876,Maryland
31.818998565673834,24.36499977111815,392,FALSE,111916316,'2nd 06:22 : 3pt jump shot (outside center) missed by Bri McDaniel(UMD),5254172,560816,560876,2024-03-23,"Maryland Terrapins, Terps",560876,Maryland
30.061203155517575,23.10000038146975,311,FALSE,111916462,'2nd 06:02 : 3pt jump shot (outside center) missed by Nyamer Diew(ISU),5254172,560816,560876,2024-03-23,Iowa St. Cyclones,560816,Iowa St.
5.640000000000001,25,311,TRUE,111916483,'2nd 05:57 : 2pt layup (2nd chance) (under the basket) made by Audi Crooks(ISU) 38-25',5254172,560816,560876,2024-03-23,Iowa St. Cyclones,560816,Iowa St.
9.973400573730501,27.60499954223635,311,TRUE,111916621,'2nd 05:30 : 2pt layup (off turnover;fast break) (in the paint) made by Nyamer Diew(ISU) 38-27',5254172,560816,560876,2024-03-23,Iowa St. Cyclones,560816,Iowa St.
17.446399497985855,47.03999996185303,392,FALSE,111916726,'2nd 05:16 : 3pt jump shot (outside left) missed by Emily Fisher(UMD),5254172,560816,560876,2024-03-23,"Maryland Terrapins, Terps",560876,Maryland
26.836999282836867,38.3100004196167,311,TRUE,111923152,'3rd 09:48 : 3pt jump shot (outside left) made by Hannah Belanger(ISU),5254172,560816,560876,2024-03-23,Iowa St. Cyclones,560816,Iowa St.
27.861599426269496,14.3650016784668,392,TRUE,111910941,'1st 05:51 : 3pt jump shot (off turnover) (outside right) made by Allie Kubek(UMD),5254172,560816,560876,2024-03-23,"Maryland Terrapins, Terps",560876,Maryland
7.914798278808576,27.04000091552735,311,TRUE,111911036,'1st 05:51 : 2pt layup (under the basket) made by Audi Crooks(ISU),5254172,560816,560876,2024-03-23,Iowa St. Cyclones,560816,Iowa St.
33.14439842224121,20.5650005340576,392,TRUE,111911040,'1st 05:51 : 3pt jump shot (outside center) made by Allie Kubek(UMD) 18-8',5254172,560816,560876,2024-03-23,"Maryland Terrapins, Terps",560876,Maryland
8.507002868652322,21.82999992370605,311,TRUE,111911054,'1st 05:51 : 2pt layup (in the paint) made by Audi Crooks(ISU),5254172,560816,560876,2024-03-23,Iowa St. Cyclones,560816,Iowa St.
8.356599426269497,22.2549991607666,311,TRUE,111916889,'2nd 04:49 : 2pt layup (under the basket) made by Audi Crooks(ISU),5254172,560816,560876,2024-03-23,Iowa St. Cyclones,560816,Iowa St.
22.146397705078073,25.20999908447265,392,FALSE,111923229,'3rd 09:27 : 2pt jump shot (inside center) missed by Bri McDaniel(UMD),5254172,560816,560876,2024-03-23,"Maryland Terrapins, Terps",560876,Maryland
7.1815994262695,21.9699993133545,392,TRUE,111923306,'3rd 09:09 : 2pt layup (off turnover) (under the basket) made by Faith Masonius(UMD),5254172,560816,560876,2024-03-23,"Maryland Terrapins, Terps",560876,Maryland
28.15300071716313,36.1949996948242,311,TRUE,111923338,'3rd 08:51 : 3pt jump shot (outside left) made by Emily Ryan(ISU),5254172,560816,560876,2024-03-23,Iowa St. Cyclones,560816,Iowa St.
14.081203155517585,37.74499893188475,311,FALSE,111911462,'1st 04:39 : 2pt jump shot (inside left) missed by Kelsey Joens(ISU),5254172,560816,560876,2024-03-23,Iowa St. Cyclones,560816,Iowa St.
5.640000000000001,25,311,TRUE,111911467,'1st 04:35 : 2pt layup (2nd chance) (under the basket) made by Audi Crooks(ISU) 20-12',5254172,560816,560876,2024-03-23,Iowa St. Cyclones,560816,Iowa St.
28.15300071716313,35.21000003814695,392,TRUE,111917015,'2nd 04:32 : 3pt jump shot (outside left) made by Allie Kubek(UMD),5254172,560816,560876,2024-03-23,"Maryland Terrapins, Terps",560876,Maryland
9.973399677276568,23.52000045776365,311,TRUE,111923591,'3rd 08:22 : 2pt jump shot (in the paint) made by Audi Crooks(ISU),5254172,560816,560876,2024-03-23,Iowa St. Cyclones,560816,Iowa St.
13.347997131347668,21.82999992370605,392,FALSE,111923631,'3rd 08:07 : 2pt floating jump shot (in the paint) missed by Bri McDaniel(UMD),5254172,560816,560876,2024-03-23,"Maryland Terrapins, Terps",560876,Maryland
7.482400035858152,27.7450008392334,311,TRUE,111923878,'3rd 07:52 : 2pt driving layup (under the basket) made by Emily Ryan(ISU) 55-46',5254172,560816,560876,2024-03-23,Iowa St. Cyclones,560816,Iowa St.
8.507002868652322,21.82999992370605,392,FALSE,111923896,'3rd 07:43 : 2pt jump shot (blocked) (in the paint) missed by Jakia Brown-Turner(UMD),5254172,560816,560876,2024-03-23,"Maryland Terrapins, Terps",560876,Maryland
6.598799982070919,19.1550006866455,311,FALSE,111923942,'3rd 07:35 : 2pt layup (blocked) (in the paint) missed by Addy Brown(ISU),5254172,560816,560876,2024-03-23,Iowa St. Cyclones,560816,Iowa St.
20.680000000000007,7.184999942779548,311,TRUE,111912351,'1st 04:30 : 3pt jump shot (off turnover) (outside right) made by Emily Ryan(ISU),5254172,560816,560876,2024-03-23,Iowa St. Cyclones,560816,Iowa St.
8.798400573730504,22.95999908447265,311,FALSE,111917925,'2nd 04:10 : 2pt layup (blocked) (under the basket) missed by Hannah Belanger(ISU),5254172,560816,560876,2024-03-23,Iowa St. Cyclones,560816,Iowa St.
7.914798278808576,22.11499977111815,392,TRUE,111924083,'3rd 07:09 : 2pt layup (under the basket) made by Shyanne Sellers(UMD) 57-46',5254172,560816,560876,2024-03-23,"Maryland Terrapins, Terps",560876,Maryland
24.054600143432626,7.04000091552735,311,FALSE,111924194,'3rd 06:48 : 3pt jump shot (outside right) missed by Addy Brown(ISU),5254172,560816,560876,2024-03-23,Iowa St. Cyclones,560816,Iowa St.
22.729200286865254,42.67500019073485,392,TRUE,111912604,'1st 03:43 : 3pt jump shot (off turnover) (outside left) made by Allie Kubek(UMD),5254172,560816,560876,2024-03-23,"Maryland Terrapins, Terps",560876,Maryland
19.063198852539088,4.929999828338623,311,FALSE,111918412,'2nd 03:18 : 3pt jump shot (outside right) missed by Nyamer Diew(ISU),5254172,560816,560876,2024-03-23,Iowa St. Cyclones,560816,Iowa St.
28.88619956970212,12.67499923706055,392,TRUE,111918524,'2nd 03:06 : 3pt jump shot (outside right) made by Allie Kubek(UMD),5254172,560816,560876,2024-03-23,"Maryland Terrapins, Terps",560876,Maryland
30.2115994262695,31.6900005340576,311,FALSE,111924279,'3rd 06:39 : 3pt jump shot (2nd chance) (outside center) missed by Hannah Belanger(ISU),5254172,560816,560876,2024-03-23,Iowa St. Cyclones,560816,Iowa St.
27.720597991943336,15.069999694824197,392,FALSE,111924344,'3rd 06:27 : 3pt jump shot (outside right) missed by Allie Kubek(UMD),5254172,560816,560876,2024-03-23,"Maryland Terrapins, Terps",560876,Maryland
26.836999282836867,9.57500076293945,311,TRUE,111924360,'3rd 06:17 : 3pt jump shot (outside right) made by Kelsey Joens(ISU),5254172,560816,560876,2024-03-23,Iowa St. Cyclones,560816,Iowa St.
16.28079971313475,31.6900005340576,392,FALSE,111913013,'1st 03:03 : 2pt jump shot (inside left) missed by Faith Masonius(UMD),5254172,560816,560876,2024-03-23,"Maryland Terrapins, Terps",560876,Maryland
20.821001434326178,7.324999809265151,311,FALSE,111918818,'2nd 02:18 : 3pt jump shot (off turnover) (outside right) missed by Jalynn Bristow(ISU),5254172,560816,560876,2024-03-23,Iowa St. Cyclones,560816,Iowa St.
5.64,25,392,TRUE,111913134,'1st 02:59 : 2pt layup (2nd chance) (under the basket) made by Shyanne Sellers(UMD) 25-16',5254172,560816,560876,2024-03-23,"Maryland Terrapins, Terps",560876,Maryland
30.061203155517575,25.0699996948242,311,FALSE,111913147,'1st 02:49 : 3pt jump shot (outside center) missed by Addy Brown(ISU),5254172,560816,560876,2024-03-23,Iowa St. Cyclones,560816,Iowa St.
31.236199569702123,27.88500022888185,392,TRUE,111913265,'1st 02:36 : 3pt jump shot (outside center) made by Brinae Alexander(UMD) 28-16',5254172,560816,560876,2024-03-23,"Maryland Terrapins, Terps",560876,Maryland
9.381203155517582,21.54999923706055,311,FALSE,111913292,'1st 02:08 : 2pt layup (in the paint) missed by Nyamer Diew(ISU),5254172,560816,560876,2024-03-23,Iowa St. Cyclones,560816,Iowa St.
9.531600322723431,23.23999977111815,392,FALSE,111913345,'1st 01:59 : 2pt layup (blocked) (in the paint) missed by Bri McDaniel(UMD),5254172,560816,560876,2024-03-23,"Maryland Terrapins, Terps",560876,Maryland
5.64,25,392,TRUE,111913347,'1st 01:55 : 2pt layup (2nd chance) (under the basket) made by Faith Masonius(UMD) 30-16',5254172,560816,560876,2024-03-23,"Maryland Terrapins, Terps",560876,Maryland
9.240201721191426,28.0300006866455,311,TRUE,111913435,'1st 01:32 : 2pt layup (in the paint) made by Nyamer Diew(ISU),5254172,560816,560876,2024-03-23,Iowa St. Cyclones,560816,Iowa St.
8.798399677276615,1.8300018310547,392,FALSE,111918943,'2nd 02:04 : 3pt jump shot (outside right) missed by Bri McDaniel(UMD),5254172,560816,560876,2024-03-23,"Maryland Terrapins, Terps",560876,Maryland
5.64,25,392,TRUE,111919042,'2nd 01:59 : 2pt layup (2nd chance) (under the basket) made by Jakia Brown-Turner(UMD) 48-29',5254172,560816,560876,2024-03-23,"Maryland Terrapins, Terps",560876,Maryland
23.904200286865247,25.77499961853025,392,TRUE,111924871,'3rd 05:57 : 2pt jump shot (inside center) made by Allie Kubek(UMD),5254172,560816,560876,2024-03-23,"Maryland Terrapins, Terps",560876,Maryland
8.21559978485107,28.3400001525879,111,FALSE,111917666,'1st 06:54 : 2pt layup (blocked) (in the paint) missed by Jordan Webster(UCR),5254415,561093,560663,2024-03-23,UC Riverside Highlanders,560663,UC Riverside
30.944798278808584,29.82999992370605,650,FALSE,111917680,'1st 06:44 : 3pt jump shot (outside center) missed by Natalie Mazurek(USD),5254415,561093,560663,2024-03-23,South Dakota Coyotes,561093,South Dakota
6.0160000896453845,15.52000045776365,111,TRUE,111917783,'1st 06:21 : 2pt hook shot (off turnover) (inside right) made by Esther Matarranz(UCR) 9-7',5254415,561093,560663,2024-03-23,UC Riverside Highlanders,560663,UC Riverside
6.890199928283687,22.13999938964845,111,FALSE,111918293,'1st 05:31 : 2pt driving layup (under the basket) missed by Makayla Jackson(UCR),5254415,561093,560663,2024-03-23,UC Riverside Highlanders,560663,UC Riverside
5.574200286865249,29.82999992370605,650,FALSE,111918312,'1st 05:21 : 2pt driving layup (in the paint) missed by Olivia Kieffer(USD),5254415,561093,560663,2024-03-23,South Dakota Coyotes,561093,South Dakota
6.890199928283687,48.19500005245209,111,FALSE,111918318,'1st 05:14 : 3pt jump shot (outside left) missed by Makayla Jackson(UCR),5254415,561093,560663,2024-03-23,UC Riverside Highlanders,560663,UC Riverside
13.19760086059567,29.9699993133545,650,FALSE,111918385,'1st 05:02 : 2pt step back jump shot (in the paint) missed by Tori DePerry(USD),5254415,561093,560663,2024-03-23,South Dakota Coyotes,561093,South Dakota
8.356600322723386,22.8449993133545,111,TRUE,111918402,'1st 04:43 : 2pt layup (under the basket) made by Jordyn Marshall(UCR),5254415,561093,560663,2024-03-23,UC Riverside Highlanders,560663,UC Riverside
7.1815994262695,28.42499923706055,650,TRUE,111918508,'1st 04:24 : 2pt layup (under the basket) made by Grace Larkins(USD),5254415,561093,560663,2024-03-23,South Dakota Coyotes,561093,South Dakota
8.356599426269497,21.52000045776365,650,FALSE,111919049,'1st 04:01 : 2pt layup (off turnover) (in the paint) missed by Grace Larkins(USD),5254415,561093,560663,2024-03-23,South Dakota Coyotes,561093,South Dakota
6.598799982070919,22.70499992370605,111,TRUE,111919062,'1st 03:52 : 2pt layup (off turnover;fast break) (under the basket) made by Esther Matarranz(UCR),5254415,561093,560663,2024-03-23,UC Riverside Highlanders,560663,UC Riverside
22.28739913940433,44.0550003051758,650,TRUE,111919191,'1st 03:32 : 3pt jump shot (outside left) made by Morgan Hansen(USD),5254415,561093,560663,2024-03-23,South Dakota Coyotes,561093,South Dakota
18.912800788879395,45.38000011444092,111,FALSE,111919198,'1st 03:23 : 3pt pull up jump shot (outside left) missed by Jordan Webster(UCR),5254415,561093,560663,2024-03-23,UC Riverside Highlanders,560663,UC Riverside
8.21559799194334,25.4650001525879,650,TRUE,111919402,'1st 03:03 : 2pt turnaround jump shot (under the basket) made by Nicole Avila-Ambrosi(USD),5254415,561093,560663,2024-03-23,South Dakota Coyotes,561093,South Dakota
13.197599964141821,22,111,FALSE,111919413,'1st 02:47 : 2pt pull up jump shot (in the paint) missed by Matehya Bryant(UCR),5254415,561093,560663,2024-03-23,UC Riverside Highlanders,560663,UC Riverside
16.86360229492182,46.5900001525879,650,FALSE,111919423,'1st 02:36 : 3pt jump shot (outside left) missed by Olivia Kieffer(USD),5254415,561093,560663,2024-03-23,South Dakota Coyotes,561093,South Dakota
13.047200107574447,7.6349983215332,111,TRUE,111919538,'1st 02:13 : 2pt pull up jump shot (inside right) made by Jordyn Marshall(UCR) 15-16',5254415,561093,560663,2024-03-23,UC Riverside Highlanders,560663,UC Riverside
7.77380043029785,27.63500022888185,111,TRUE,111919848,'1st 01:41 : 2pt driving layup (off turnover) (under the basket) made by Jordan Webster(UCR) 17-16',5254415,561093,560663,2024-03-23,UC Riverside Highlanders,560663,UC Riverside
9.381203155517582,21.52000045776365,650,FALSE,111919877,'1st 01:24 : 2pt layup (in the paint) missed by Carley Duffney(USD),5254415,561093,560663,2024-03-23,South Dakota Coyotes,561093,South Dakota
7.482399139404336,27.29500007629395,650,FALSE,111919968,'1st 01:15 : 2pt layup (2nd chance) (under the basket) missed by Natalie Mazurek(USD),5254415,561093,560663,2024-03-23,South Dakota Coyotes,561093,South Dakota
22.437800788879393,20.3099994659424,111,FALSE,111919970,'1st 01:08 : 2pt jump shot (inside center) missed by Matehya Bryant(UCR),5254415,561093,560663,2024-03-23,UC Riverside Highlanders,560663,UC Riverside
6.307400035858152,8.9000015258789,111,TRUE,111919976,'1st 01:00 : 2pt pull up jump shot (2nd chance) (inside right) made by Jordyn Marshall(UCR) 19-16',5254415,561093,560663,2024-03-23,UC Riverside Highlanders,560663,UC Riverside
7.04059978485107,22.70499992370605,111,TRUE,111920296,'1st 00:39.60 : 2pt layup (under the basket) made by Matehya Bryant(UCR),5254415,561093,560663,2024-03-23,UC Riverside Highlanders,560663,UC Riverside
30.944798278808584,24.1949996948242,650,FALSE,111920310,'1st 00:24.30 : 3pt jump shot (outside center) missed by Alexi Hempe(USD),5254415,561093,560663,2024-03-23,South Dakota Coyotes,561093,South Dakota
7.0405979919433435,21.52000045776365,650,TRUE,111920388,'1st 00:12.00 : 2pt layup (2nd chance) (under the basket) made by Natalie Mazurek(USD),5254415,561093,560663,2024-03-23,South Dakota Coyotes,561093,South Dakota
27.57019992828374,42,111,TRUE,111920398,'1st 00:00.40 : 3pt jump shot (outside left) made by Jordan Webster(UCR),5254415,561093,560663,2024-03-23,UC Riverside Highlanders,560663,UC Riverside
11.439800071716265,21.1550006866455,111,TRUE,111920971,'2nd 09:26 : 2pt step back jump shot (off turnover) (in the paint) made by Matehya Bryant(UCR),5254415,561093,560663,2024-03-23,UC Riverside Highlanders,560663,UC Riverside
7.482399139404336,28.13999938964845,650,TRUE,111921080,'2nd 09:09 : 2pt layup (under the basket) made by Carley Duffney(USD),5254415,561093,560663,2024-03-23,South Dakota Coyotes,561093,South Dakota
12.614798278808578,2.2249999046325684,650,TRUE,111921290,'2nd 08:41 : 3pt jump shot (off turnover) (outside right) made by Natalie Mazurek(USD),5254415,561093,560663,2024-03-23,South Dakota Coyotes,561093,South Dakota
22.729200286865254,32.98500061035155,111,FALSE,111921300,'2nd 08:24 : 2pt jump shot (inside left) missed by Matehya Bryant(UCR),5254415,561093,560663,2024-03-23,UC Riverside Highlanders,560663,UC Riverside
6.598796844482422,22.79000091552735,650,FALSE,111921408,'2nd 08:03 : 2pt layup (under the basket) missed by Nicole Avila-Ambrosi(USD),5254415,561093,560663,2024-03-23,South Dakota Coyotes,561093,South Dakota
5.640000000000001,25,650,FALSE,111921473,'2nd 08:01 : 2pt layup (2nd chance) (under the basket) missed by Natalie Mazurek(USD),5254415,561093,560663,2024-03-23,South Dakota Coyotes,561093,South Dakota
12.464400215148892,2.8450012207031,111,FALSE,111921494,'2nd 07:32 : 3pt jump shot (outside right) missed by Maya Chocano(UCR),5254415,561093,560663,2024-03-23,UC Riverside Highlanders,560663,UC Riverside
7.332002868652324,22.64999961853025,650,TRUE,111921596,'2nd 07:21 : 2pt layup (under the basket) made by Carley Duffney(USD),5254415,561093,560663,2024-03-23,South Dakota Coyotes,561093,South Dakota
7.77380043029785,24.8150005340576,111,TRUE,111921659,'2nd 06:49 : 2pt layup (under the basket) made by Makayla Jackson(UCR),5254415,561093,560663,2024-03-23,UC Riverside Highlanders,560663,UC Riverside
6.890201721191431,22.08499908447265,650,TRUE,111921662,'2nd 06:34 : 2pt layup (under the basket) made by Natalie Mazurek(USD),5254415,561093,560663,2024-03-23,South Dakota Coyotes,561093,South Dakota
21.845599784851107,5.9449996948242,111,FALSE,111922163,'2nd 06:12 : 3pt jump shot (outside right) missed by Jordan Webster(UCR),5254415,561093,560663,2024-03-23,UC Riverside Highlanders,560663,UC Riverside
13.488998565673825,28.5650005340576,650,FALSE,111922242,'2nd 05:39 : 2pt step back jump shot (in the paint) missed by Tori DePerry(USD),5254415,561093,560663,2024-03-23,South Dakota Coyotes,561093,South Dakota
6.44840057373051,48,650,TRUE,111922421,'2nd 05:10 : 3pt jump shot (off turnover) (outside left wing) made by Morgan Hansen(USD),5254415,561093,560663,2024-03-23,South Dakota Coyotes,561093,South Dakota
28.594800071716264,14.25500106811525,111,FALSE,111922571,'2nd 04:34 : 3pt jump shot (outside right) missed by Makayla Jackson(UCR),5254415,561093,560663,2024-03-23,UC Riverside Highlanders,560663,UC Riverside
31.3865994262695,34.9000015258789,650,TRUE,111922658,'2nd 04:18 : 3pt jump shot (outside center) made by Morgan Hansen(USD),5254415,561093,560663,2024-03-23,South Dakota Coyotes,561093,South Dakota
8.948800430297851,28.47999954223635,111,FALSE,111922730,'2nd 03:57 : 2pt layup (in the paint) missed by Makayla Jackson(UCR),5254415,561093,560663,2024-03-23,UC Riverside Highlanders,560663,UC Riverside
18.17959655761716,46.45000076293945,650,FALSE,111922866,'2nd 03:31 : 3pt jump shot (outside left) missed by Grace Larkins(USD),5254415,561093,560663,2024-03-23,South Dakota Coyotes,561093,South Dakota
26.98739913940433,10.11499977111815,650,FALSE,111923138,'2nd 03:13 : 3pt jump shot (2nd chance) (outside right) missed by Alexi Hempe(USD),5254415,561093,560663,2024-03-23,South Dakota Coyotes,561093,South Dakota
18.621397705078067,24.89999961853025,650,TRUE,111923213,'2nd 03:00 : 2pt jump shot (2nd chance) (in the paint) made by Alexi Hempe(USD),5254415,561093,560663,2024-03-23,South Dakota Coyotes,561093,South Dakota
6.890199928283687,35.23999977111815,111,FALSE,111923222,'2nd 02:45 : 2pt jump shot (inside left) missed by Matehya Bryant(UCR),5254415,561093,560663,2024-03-23,UC Riverside Highlanders,560663,UC Riverside
9.973399677276568,21.86000061035155,111,TRUE,111923295,'2nd 02:34 : 2pt layup (off turnover;fast break) (in the paint) made by Jordan Webster(UCR),5254415,561093,560663,2024-03-23,UC Riverside Highlanders,560663,UC Riverside
25.079200286865245,40.67499923706055,650,FALSE,111923310,'2nd 02:24 : 3pt jump shot (outside left) missed by Alexi Hempe(USD),5254415,561093,560663,2024-03-23,South Dakota Coyotes,561093,South Dakota
9.531600322723431,30.17000007629395,111,FALSE,111923425,'2nd 02:02 : 2pt hook shot (in the paint) missed by Esther Matarranz(UCR),5254415,561093,560663,2024-03-23,UC Riverside Highlanders,560663,UC Riverside
8.356600322723386,22.42499923706055,111,TRUE,111923491,'2nd 01:55 : 2pt layup (2nd chance) (under the basket) made by Esther Matarranz(UCR) 32-37',5254415,561093,560663,2024-03-23,UC Riverside Highlanders,560663,UC Riverside
25.521001434326166,38.98500061035155,650,FALSE,111923502,'2nd 01:48 : 3pt jump shot (outside left) missed by Grace Larkins(USD),5254415,561093,560663,2024-03-23,South Dakota Coyotes,561093,South Dakota
30.061203155517575,30.95999908447265,650,FALSE,111923611,'2nd 01:23 : 3pt jump shot (off turnover) (outside center) missed by Natalie Mazurek(USD),5254415,561093,560663,2024-03-23,South Dakota Coyotes,561093,South Dakota
23.462399139404337,41.57499980926515,111,FALSE,111923682,'2nd 01:15 : 3pt jump shot (outside left) missed by Jordan Webster(UCR),5254415,561093,560663,2024-03-23,UC Riverside Highlanders,560663,UC Riverside
28.594798278808582,16.170000076293952,650,FALSE,111923772,'2nd 00:45.70 : 3pt jump shot (outside right) missed by Alexi Hempe(USD),5254415,561093,560663,2024-03-23,South Dakota Coyotes,561093,South Dakota
5.640000000000001,25,650,FALSE,111923774,'2nd 00:42.20 : 2pt layup (2nd chance) (under the basket) missed by Natalie Mazurek(USD),5254415,561093,560663,2024-03-23,South Dakota Coyotes,561093,South Dakota
7.0405979919433435,28.2800006866455,650,FALSE,111923872,'2nd 00:39.70 : 2pt layup (2nd chance) (under the basket) missed by Alexi Hempe(USD),5254415,561093,560663,2024-03-23,South Dakota Coyotes,561093,South Dakota
25.220199928283737,24.67499923706055,111,TRUE,111923885,'2nd 00:12.90 : 2pt pull up jump shot (inside center) made by Zoe Tillery(UCR) 34-37',5254415,561093,560663,2024-03-23,UC Riverside Highlanders,560663,UC Riverside
4.690597991943335,1.659999966621399,650,FALSE,111923953,'2nd 00:00.40 : 3pt jump shot (outside right wing) missed by Nicole Avila-Ambrosi(USD) 34-37',5254415,561093,560663,2024-03-23,South Dakota Coyotes,561093,South Dakota
18.33,34.39500045776365,111,TRUE,111916717,'1st 09:29 : 2pt jump shot (inside left) made by Matehya Bryant(UCR),5254415,561093,560663,2024-03-23,UC Riverside Highlanders,560663,UC Riverside
6.016001434326171,28.13999938964845,650,TRUE,111916860,'1st 09:02 : 2pt layup (under the basket) made by Grace Larkins(USD),5254415,561093,560663,2024-03-23,South Dakota Coyotes,561093,South Dakota
7.332000179290768,26.79000091552735,111,FALSE,111916880,'1st 08:45 : 2pt driving layup (under the basket) missed by Makayla Jackson(UCR),5254415,561093,560663,2024-03-23,UC Riverside Highlanders,560663,UC Riverside
19.796399497985856,4.67499923706055,111,TRUE,111917013,'1st 08:40 : 3pt jump shot (2nd chance) (outside right) made by Jordan Webster(UCR),5254415,561093,560663,2024-03-23,UC Riverside Highlanders,560663,UC Riverside
19.946801147460917,5.324999809265151,650,TRUE,111917151,'1st 08:11 : 3pt jump shot (outside right) made by Natalie Mazurek(USD),5254415,561093,560663,2024-03-23,South Dakota Coyotes,561093,South Dakota
15.98,39.7449998855591,111,FALSE,111917260,'1st 07:41 : 2pt jump shot (inside left) missed by Jordan Webster(UCR),5254415,561093,560663,2024-03-23,UC Riverside Highlanders,560663,UC Riverside
9.973399677276568,23.9699993133545,111,FALSE,111917292,'1st 07:28 : 2pt hook shot (off turnover) (in the paint) missed by Esther Matarranz(UCR),5254415,561093,560663,2024-03-23,UC Riverside Highlanders,560663,UC Riverside
8.948800430297851,16.2249984741211,111,TRUE,111917294,'1st 07:22 : 2pt turnaround jump shot (2nd chance;off turnover) (inside right) made by Matehya Bryant(UCR) 7-5',5254415,561093,560663,2024-03-23,UC Riverside Highlanders,560663,UC Riverside
5.687000179290768,23.0349998474121,528,TRUE,111918320,'1st 09:44 : 2pt layup (under the basket) made by Raegan Beers(Oregon St.) 0-2',5254187,561005,560741,2024-03-23,Oregon St. Beavers,561005,Oregon St.
11.148400573730498,29.125,207,TRUE,111918405,'1st 09:18 : 2pt layup (in the paint) made by Aaliyah Alexander(Eastern Wash.) 2-2',5254187,561005,560741,2024-03-23,Eastern Wash. Eagles,560741,Eastern Wash.
7.77380043029785,24.8150005340576,528,TRUE,111918496,'1st 09:07 : 2pt layup (under the basket) made by Raegan Beers(Oregon St.),5254187,561005,560741,2024-03-23,Oregon St. Beavers,561005,Oregon St.
8.065201721191428,29.9699993133545,207,FALSE,111918607,'1st 08:35 : 2pt layup (in the paint) missed by Jamie Loera(Eastern Wash.),5254187,561005,560741,2024-03-23,Eastern Wash. Eagles,560741,Eastern Wash.
28.15299713134766,35.185001373291,207,FALSE,111918705,'1st 08:11 : 3pt jump shot (off turnover) (outside left) missed by Jacinta Buckley(Eastern Wash.),5254187,561005,560741,2024-03-23,Eastern Wash. Eagles,560741,Eastern Wash.
27.720597991943336,38.13999938964845,207,TRUE,111918807,'1st 07:37 : 3pt jump shot (off turnover) (outside left) made by Jamie Loera(Eastern Wash.),5254187,561005,560741,2024-03-23,Eastern Wash. Eagles,560741,Eastern Wash.
19.64599964141848,19.04000091552735,528,FALSE,111918817,'1st 07:23 : 2pt pull up jump shot (inside right) missed by AJ Marotte(Oregon St.),5254187,561005,560741,2024-03-23,Oregon St. Beavers,561005,Oregon St.
30.30559799194333,25.8199996948242,207,TRUE,111925537,'2nd 01:33 : 3pt step back jump shot (off turnover) (outside center) made by Jacinta Buckley(Eastern Wash.) 27-37',5254187,561005,560741,2024-03-23,Eastern Wash. Eagles,560741,Eastern Wash.
29.03659942626949,32.930000305175795,207,FALSE,111925630,'2nd 01:00 : 3pt jump shot (off turnover) (outside center) missed by Jaydia Martin(Eastern Wash.),5254187,561005,560741,2024-03-23,Eastern Wash. Eagles,560741,Eastern Wash.
30.653400573730508,27.4349994659424,207,FALSE,111925673,'2nd 00:53.60 : 3pt jump shot (2nd chance;off turnover) (outside center) missed by Jaydia Martin(Eastern Wash.),5254187,561005,560741,2024-03-23,Eastern Wash. Eagles,560741,Eastern Wash.
19.946801147460917,45.185001373291,207,FALSE,111925678,'2nd 00:46.10 : 3pt jump shot (2nd chance;off turnover) (outside left) missed by Aaliyah Alexander(Eastern Wash.),5254187,561005,560741,2024-03-23,Eastern Wash. Eagles,560741,Eastern Wash.
5.86559978485107,25.23999977111815,528,TRUE,111925700,'2nd 00:26.50 : 2pt layup (under the basket) made by Raegan Beers(Oregon St.),5254187,561005,560741,2024-03-23,Oregon St. Beavers,561005,Oregon St.
19.504999999999995,19.82999992370605,207,TRUE,111918935,'1st 06:58 : 2pt pull up jump shot (in the paint) made by Jamie Loera(Eastern Wash.) 7-4',5254187,561005,560741,2024-03-23,Eastern Wash. Eagles,560741,Eastern Wash.
25.953400573730505,11.57500076293945,528,FALSE,111918940,'1st 06:44 : 3pt jump shot (outside right) missed by Timea Gardiner(Oregon St.),5254187,561005,560741,2024-03-23,Oregon St. Beavers,561005,Oregon St.
21.55420028686524,8.984999656677253,207,FALSE,111919193,'1st 06:22 : 3pt jump shot (off turnover) (outside right) missed by Alexis Pettis(Eastern Wash.),5254187,561005,560741,2024-03-23,Eastern Wash. Eagles,560741,Eastern Wash.
9.381199569702149,35.23999977111815,528,FALSE,111919312,'1st 06:14 : 2pt jump shot (inside left) missed by Talia von Oelhoffen(Oregon St.),5254187,561005,560741,2024-03-23,Oregon St. Beavers,561005,Oregon St.
5.64,25,528,TRUE,111919319,'1st 06:12 : 2pt layup (2nd chance) (under the basket) made by Raegan Beers(Oregon St.) 7-6',5254187,561005,560741,2024-03-23,Oregon St. Beavers,561005,Oregon St.
6.307399139404339,23.0699996948242,207,FALSE,111925832,'2nd 00:01.40 : 2pt layup (under the basket) missed by Jaydia Martin(Eastern Wash.),5254187,561005,560741,2024-03-23,Eastern Wash. Eagles,560741,Eastern Wash.
19.354596557617157,30.39500045776365,207,FALSE,111919414,'1st 05:55 : 2pt step back jump shot (in the paint) missed by Jamie Loera(Eastern Wash.),5254187,561005,560741,2024-03-23,Eastern Wash. Eagles,560741,Eastern Wash.
22.72920028686525,23.91500091552735,207,TRUE,111919643,'1st 05:13 : 2pt pull up jump shot (off turnover;fast break) (inside center) made by Alexis Pettis(Eastern Wash.) 9-6',5254187,561005,560741,2024-03-23,Eastern Wash. Eagles,560741,Eastern Wash.
3.816399946212768,2.13999938964845,528,FALSE,111920511,'1st 04:55 : 3pt jump shot (blocked) (outside right wing) missed by Lily Hansford(Oregon St.),5254187,561005,560741,2024-03-23,Oregon St. Beavers,561005,Oregon St.
17.155,35.32500076293945,207,FALSE,111920676,'1st 04:39 : 2pt pull up jump shot (blocked) (inside left) missed by Jacinta Buckley(Eastern Wash.),5254187,561005,560741,2024-03-23,Eastern Wash. Eagles,560741,Eastern Wash.
15.10579971313475,23.27000045776365,528,TRUE,111920761,'1st 04:14 : 2pt turnaround jump shot (in the paint) made by AJ Marotte(Oregon St.) 9-8',5254187,561005,560741,2024-03-23,Oregon St. Beavers,561005,Oregon St.
6.016001434326171,28.2800006866455,207,FALSE,111921171,'1st 03:07 : 2pt driving layup (off turnover) (under the basket) missed by Jamie Loera(Eastern Wash.),5254187,561005,560741,2024-03-23,Eastern Wash. Eagles,560741,Eastern Wash.
6.890201721191431,28.2800006866455,207,TRUE,111921185,'1st 03:02 : 2pt driving layup (2nd chance;off turnover) (under the basket) made by Jamie Loera(Eastern Wash.) 11-8',5254187,561005,560741,2024-03-23,Eastern Wash. Eagles,560741,Eastern Wash.
5.574199838638304,26.79000091552735,528,TRUE,111921292,'1st 02:49 : 2pt driving layup (under the basket) made by Dominika Paurova(Oregon St.) 11-10',5254187,561005,560741,2024-03-23,Oregon St. Beavers,561005,Oregon St.
22.72920028686525,24.89999961853025,207,TRUE,111921308,'1st 02:31 : 2pt pull up jump shot (inside center) made by Jamie Loera(Eastern Wash.) 13-10',5254187,561005,560741,2024-03-23,Eastern Wash. Eagles,560741,Eastern Wash.
22.437802581787082,8.425000190734849,207,TRUE,111921487,'1st 02:04 : 3pt jump shot (off turnover) (outside right) made by Jaydia Martin(Eastern Wash.),5254187,561005,560741,2024-03-23,Eastern Wash. Eagles,560741,Eastern Wash.
22.57880043029788,22,528,FALSE,111921500,'1st 01:48 : 2pt pull up jump shot (blocked) (inside center) missed by Talia von Oelhoffen(Oregon St.),5254187,561005,560741,2024-03-23,Oregon St. Beavers,561005,Oregon St.
5.71520172119142,14.055000305175803,207,TRUE,111921653,'1st 01:35 : 2pt jump shot (inside right) made by Jamie Loera(Eastern Wash.) 18-10',5254187,561005,560741,2024-03-23,Eastern Wash. Eagles,560741,Eastern Wash.
23.90420028686525,8.7599983215332,528,TRUE,111921661,'1st 01:22 : 3pt jump shot (outside right) made by Dominika Paurova(Oregon St.),5254187,561005,560741,2024-03-23,Oregon St. Beavers,561005,Oregon St.
16.86360229492182,20.5349998474121,207,FALSE,111921860,'1st 00:36.10 : 2pt jump shot (off turnover) (in the paint) missed by Jamie Loera(Eastern Wash.),5254187,561005,560741,2024-03-23,Eastern Wash. Eagles,560741,Eastern Wash.
5.4237999820709195,21.4349994659424,528,FALSE,111921963,'1st 00:18.00 : 2pt layup (blocked) (under the basket) missed by Raegan Beers(Oregon St.),5254187,561005,560741,2024-03-23,Oregon St. Beavers,561005,Oregon St.
6.307400035858152,26.79000091552735,528,TRUE,111922060,'1st 00:10.20 : 2pt layup (2nd chance) (under the basket) made by Raegan Beers(Oregon St.),5254187,561005,560741,2024-03-23,Oregon St. Beavers,561005,Oregon St.
18.17959655761716,25.4650001525879,207,TRUE,111922862,'2nd 09:34 : 2pt pull up jump shot (in the paint) made by Aaliyah Alexander(Eastern Wash.) 20-17',5254187,561005,560741,2024-03-23,Eastern Wash. Eagles,560741,Eastern Wash.
5.7151999282836865,24.39500045776365,528,TRUE,111922874,'2nd 09:18 : 2pt layup (under the basket) made by Raegan Beers(Oregon St.),5254187,561005,560741,2024-03-23,Oregon St. Beavers,561005,Oregon St.
19.946801147460917,18.70499992370605,207,FALSE,111922954,'2nd 09:03 : 2pt pull up jump shot (blocked) (inside right) missed by Aaliyah Alexander(Eastern Wash.),5254187,561005,560741,2024-03-23,Eastern Wash. Eagles,560741,Eastern Wash.
5.574199838638304,23.54999923706055,528,FALSE,111922971,'2nd 08:49 : 2pt layup (under the basket) missed by Raegan Beers(Oregon St.),5254187,561005,560741,2024-03-23,Oregon St. Beavers,561005,Oregon St.
29.18700286865233,18.70499992370605,207,FALSE,111923144,'2nd 08:17 : 3pt step back jump shot (outside center) missed by Jamie Loera(Eastern Wash.),5254187,561005,560741,2024-03-23,Eastern Wash. Eagles,560741,Eastern Wash.
10.556199569702121,2.13999938964845,528,TRUE,111923492,'2nd 07:36 : 3pt jump shot (off turnover) (outside right) made by Dominika Paurova(Oregon St.),5254187,561005,560741,2024-03-23,Oregon St. Beavers,561005,Oregon St.
26.98739913940433,13.914999961853049,207,FALSE,111923586,'2nd 07:14 : 3pt jump shot (outside right) missed by Aaliyah Alexander(Eastern Wash.),5254187,561005,560741,2024-03-23,Eastern Wash. Eagles,560741,Eastern Wash.
4.549600143432617,47.91499996185303,528,FALSE,111923600,'2nd 07:01 : 3pt jump shot (outside left wing) missed by Dominika Paurova(Oregon St.),5254187,561005,560741,2024-03-23,Oregon St. Beavers,561005,Oregon St.
29.920199928283736,25.52000045776365,528,TRUE,111923615,'2nd 06:46 : 3pt jump shot (2nd chance) (outside center) made by Timea Gardiner(Oregon St.),5254187,561005,560741,2024-03-23,Oregon St. Beavers,561005,Oregon St.
6.307400035858152,22.8449993133545,528,TRUE,111923697,'2nd 06:24 : 2pt driving layup (off turnover;fast break) (under the basket) made by Dominika Paurova(Oregon St.) 20-28',5254187,561005,560741,2024-03-23,Oregon St. Beavers,561005,Oregon St.
22.146397705078073,27.1550006866455,207,TRUE,111924339,'2nd 06:15 : 2pt pull up jump shot (inside center) made by Jamie Loera(Eastern Wash.) 22-28',5254187,561005,560741,2024-03-23,Eastern Wash. Eagles,560741,Eastern Wash.
12.022600860595674,25.4650001525879,207,FALSE,111924452,'2nd 05:36 : 2pt hook shot (off turnover) (in the paint) missed by Milly Knowles(Eastern Wash.),5254187,561005,560741,2024-03-23,Eastern Wash. Eagles,560741,Eastern Wash.
6.157000179290768,22.5650005340576,528,TRUE,111924464,'2nd 05:23 : 2pt layup (under the basket) made by Raegan Beers(Oregon St.),5254187,561005,560741,2024-03-23,Oregon St. Beavers,561005,Oregon St.
23.020597991943333,8.425000190734849,207,FALSE,111924584,'2nd 05:07 : 3pt step back jump shot (outside right) missed by Jacinta Buckley(Eastern Wash.),5254187,561005,560741,2024-03-23,Eastern Wash. Eagles,560741,Eastern Wash.
24.195599784851105,39.1850004196167,528,TRUE,111924594,'2nd 04:59 : 3pt jump shot (fast break) (outside left) made by Dominika Paurova(Oregon St.) 22-33',5254187,561005,560741,2024-03-23,Oregon St. Beavers,561005,Oregon St.
23.753796844482423,19.82999992370605,207,TRUE,111924632,'2nd 04:41 : 2pt jump shot (inside center) made by Milly Knowles(Eastern Wash.),5254187,561005,560741,2024-03-23,Eastern Wash. Eagles,560741,Eastern Wash.
6.749199838638304,22.8449993133545,528,TRUE,111924686,'2nd 04:18 : 2pt layup (under the basket) made by Raegan Beers(Oregon St.),5254187,561005,560741,2024-03-23,Oregon St. Beavers,561005,Oregon St.
24.92879684448242,29.6900005340576,207,FALSE,111924692,'2nd 04:08 : 2pt pull up jump shot (inside center) missed by Jamie Loera(Eastern Wash.),5254187,561005,560741,2024-03-23,Eastern Wash. Eagles,560741,Eastern Wash.
5.132400035858152,1.435001373291,528,FALSE,111924709,'2nd 03:57 : 3pt jump shot (outside right wing) missed by AJ Marotte(Oregon St.),5254187,561005,560741,2024-03-23,Oregon St. Beavers,561005,Oregon St.
5.7151999282836865,26.79000091552735,528,TRUE,111924768,'2nd 03:38 : 2pt layup (off turnover;fast break) (under the basket) made by Talia von Oelhoffen(Oregon St.),5254187,561005,560741,2024-03-23,Oregon St. Beavers,561005,Oregon St.
21.845597991943336,30.2549991607666,207,FALSE,111925254,'2nd 03:20 : 2pt pull up jump shot (inside center) missed by Aaliyah Alexander(Eastern Wash.),5254187,561005,560741,2024-03-23,Eastern Wash. Eagles,560741,Eastern Wash.
6.598796844482422,21.52000045776365,207,FALSE,111925304,'2nd 03:14 : 2pt driving layup (2nd chance) (under the basket) missed by Aaliyah Alexander(Eastern Wash.),5254187,561005,560741,2024-03-23,Eastern Wash. Eagles,560741,Eastern Wash.
14.955403442382845,21.9449996948242,207,FALSE,111925312,'2nd 03:02 : 2pt step back jump shot (2nd chance) (in the paint) missed by Jamie Loera(Eastern Wash.),5254187,561005,560741,2024-03-23,Eastern Wash. Eagles,560741,Eastern Wash.
23.31200286865233,22.08499908447265,207,FALSE,111925393,'2nd 02:19 : 2pt step back jump shot (off turnover) (inside center) missed by Aaliyah Alexander(Eastern Wash.),5254187,561005,560741,2024-03-23,Eastern Wash. Eagles,560741,Eastern Wash.
24.637399139404337,40.814998626709,207,FALSE,111925395,'2nd 02:11 : 3pt jump shot (2nd chance;off turnover) (outside left) missed by Jaydia Martin(Eastern Wash.),5254187,561005,560741,2024-03-23,Eastern Wash. Eagles,560741,Eastern Wash.
