loc_y,loc_x,shot_team_id,shot_outcome,play_id,description,game_id,home_id,away_id,game_date,full_name,team_id,team_name
10.55620315551758,23.3799991607666,439,FALSE,111855632,'3rd 06:33 : 2pt layup (in the paint) missed by Jania Hall(MON),5254450,560636,560910,2024-03-21,Monmouth Hawks,560910,Monmouth
9.822997131347677,23.3799991607666,439,FALSE,111855637,'3rd 06:30 : 2pt layup (2nd chance) (in the paint) missed by Ella Farrelly(MON),5254450,560636,560910,2024-03-21,Monmouth Hawks,560910,Monmouth
10.415201721191423,25.0699996948242,439,FALSE,111855639,'3rd 06:27 : 2pt layup (2nd chance) (in the paint) missed by Taisha Exanor(MON),5254450,560636,560910,2024-03-21,Monmouth Hawks,560910,Monmouth
6.448400125503536,24.5049991607666,86,TRUE,111855676,'3rd 06:18 : 2pt layup (under the basket) made by Rana Elhusseini(BUF) 35-27',5254450,560636,560910,2024-03-21,Buffalo Bulls,560636,Buffalo
24.195599784851105,7.32500076293945,86,FALSE,111855787,'3rd 05:45 : 3pt jump shot (off turnover) (outside right) missed by Rana Elhusseini(BUF),5254450,560636,560910,2024-03-21,Buffalo Bulls,560636,Buffalo
8.21559799194334,23.8050003051758,439,TRUE,111855825,'3rd 05:28 : 2pt layup (under the basket) made by Taisha Exanor(MON) 37-27',5254450,560636,560910,2024-03-21,Monmouth Hawks,560910,Monmouth
9.822999820709192,24.5049991607666,86,FALSE,111855934,'3rd 04:57 : 2pt layup (under the basket) missed by Chellia Watson(BUF),5254450,560636,560910,2024-03-21,Buffalo Bulls,560636,Buffalo
8.21559799194334,24.36499977111815,439,TRUE,111856817,'3rd 04:37 : 2pt layup (under the basket) made by Taisha Exanor(MON),5254450,560636,560910,2024-03-21,Monmouth Hawks,560910,Monmouth
15.98,14.50500106811525,86,TRUE,111856908,'3rd 04:16 : 2pt jump shot (inside right) made by Hattie Ogden(BUF),5254450,560636,560910,2024-03-21,Buffalo Bulls,560636,Buffalo
17.74719741821292,47.32500076293945,439,FALSE,111856982,'3rd 03:56 : 3pt jump shot (outside left) missed by Taisha Exanor(MON),5254450,560636,560910,2024-03-21,Monmouth Hawks,560910,Monmouth
6.598799982070919,25.20999908447265,86,TRUE,111857126,'3rd 03:33 : 2pt layup (under the basket) made by Chellia Watson(BUF) 39-31',5254450,560636,560910,2024-03-21,Buffalo Bulls,560636,Buffalo
8.798399677276615,24.9300003051758,86,TRUE,111857215,'3rd 03:05 : 2pt layup (off turnover;fast break) (under the basket) made by Kirsten Lewis-Williams(BUF),5254450,560636,560910,2024-03-21,Buffalo Bulls,560636,Buffalo
8.798400573730504,24.08499908447265,439,FALSE,111858053,'3rd 02:48 : 2pt layup (under the basket) missed by Jania Hall(MON),5254450,560636,560910,2024-03-21,Monmouth Hawks,560910,Monmouth
12.755799713134763,23.8050003051758,439,FALSE,111858244,'3rd 02:26 : 2pt jump shot (2nd chance) (in the paint) missed by Belle Kranbuhl(MON),5254450,560636,560910,2024-03-21,Monmouth Hawks,560910,Monmouth
13.047197418212917,25.0699996948242,439,FALSE,111858563,'3rd 01:50 : 2pt jump shot (off turnover) (in the paint) missed by Ariana Vanderhoop(MON),5254450,560636,560910,2024-03-21,Monmouth Hawks,560910,Monmouth
10.997999820709195,23.3799991607666,86,FALSE,111858583,'3rd 01:42 : 2pt layup (blocked) (in the paint) missed by Paula Lopez(BUF),5254450,560636,560910,2024-03-21,Buffalo Bulls,560636,Buffalo
18.179600143432626,28.45000076293945,86,FALSE,111858716,'3rd 01:32 : 2pt jump shot (2nd chance) (in the paint) missed by Chellia Watson(BUF),5254450,560636,560910,2024-03-21,Buffalo Bulls,560636,Buffalo
23.020597991943333,8.029999732971199,439,FALSE,111858719,'3rd 01:25 : 3pt jump shot (outside right) missed by Sandrine Clesca(MON),5254450,560636,560910,2024-03-21,Monmouth Hawks,560910,Monmouth
17.155,3.6599998474121,86,FALSE,111858772,'3rd 01:15 : 3pt jump shot (outside right) missed by Paula Lopez(BUF),5254450,560636,560910,2024-03-21,Buffalo Bulls,560636,Buffalo
14.955399856567373,25.35000038146975,86,TRUE,111859107,'3rd 00:41.30 : 2pt jump shot (in the paint) made by Chellia Watson(BUF) 43-35',5254450,560636,560910,2024-03-21,Buffalo Bulls,560636,Buffalo
8.647999820709233,25.91500091552735,86,FALSE,111859241,'3rd 00:18.30 : 2pt layup (off turnover) (under the basket) missed by Rana Elhusseini(BUF),5254450,560636,560910,2024-03-21,Buffalo Bulls,560636,Buffalo
24.054600143432626,7.185001373291,86,FALSE,111859312,'3rd 00:02.10 : 3pt jump shot (2nd chance;off turnover;blocked) (outside right) missed by Hattie Ogden(BUF),5254450,560636,560910,2024-03-21,Buffalo Bulls,560636,Buffalo
8.065201721191428,24.9300003051758,86,FALSE,111854296,'2nd 03:09 : 2pt layup (under the basket) missed by Alexis Davis(BUF),5254450,560636,560910,2024-03-21,Buffalo Bulls,560636,Buffalo
20.529600143432628,3.6599998474121,439,FALSE,111854298,'2nd 03:03 : 3pt jump shot (outside right) missed by Rosalie Mercille(MON),5254450,560636,560910,2024-03-21,Monmouth Hawks,560910,Monmouth
21.845597991943336,4.650000095367432,86,FALSE,111854310,'2nd 02:43 : 3pt jump shot (outside right) missed by Chellia Watson(BUF),5254450,560636,560910,2024-03-21,Buffalo Bulls,560636,Buffalo
10.706600322723432,26.0550003051758,439,TRUE,111854326,'2nd 02:33 : 2pt layup (in the paint) made by Jania Hall(MON) 27-19',5254450,560636,560910,2024-03-21,Monmouth Hawks,560910,Monmouth
22.879596557617162,42.814998626709,86,FALSE,111854345,'2nd 02:16 : 3pt jump shot (outside left) missed by Rana Elhusseini(BUF),5254450,560636,560910,2024-03-21,Buffalo Bulls,560636,Buffalo
11.881600322723433,26.6200008392334,439,FALSE,111854365,'2nd 02:03 : 2pt layup (in the paint) missed by Belle Kranbuhl(MON),5254450,560636,560910,2024-03-21,Monmouth Hawks,560910,Monmouth
15.105799713134758,24.64999961853025,86,TRUE,111854367,'2nd 01:53 : 2pt jump shot (in the paint) made by Chellia Watson(BUF) 27-21',5254450,560636,560910,2024-03-21,Buffalo Bulls,560636,Buffalo
8.948800430297851,25.20999908447265,439,TRUE,111854390,'2nd 01:28 : 2pt layup (under the basket) made by Ella Farrelly(MON),5254450,560636,560910,2024-03-21,Monmouth Hawks,560910,Monmouth
10.847600860595662,35.91500091552735,86,FALSE,111854401,'2nd 01:15 : 2pt jump shot (blocked) (inside left) missed by Chellia Watson(BUF),5254450,560636,560910,2024-03-21,Buffalo Bulls,560636,Buffalo
23.17099964141848,43.9450001716614,439,FALSE,111854420,'2nd 01:07 : 3pt jump shot (outside left) missed by Ella Farrelly(MON),5254450,560636,560910,2024-03-21,Monmouth Hawks,560910,Monmouth
25.220201721191415,40.2799987792969,86,FALSE,111854422,'2nd 01:01 : 3pt jump shot (outside left) missed by Chellia Watson(BUF),5254450,560636,560910,2024-03-21,Buffalo Bulls,560636,Buffalo
12.02259996414182,24.79000091552735,439,TRUE,111854454,'2nd 00:36.80 : 2pt layup (in the paint) made by Jania Hall(MON) 31-21',5254450,560636,560910,2024-03-21,Monmouth Hawks,560910,Monmouth
25.662002868652337,9.295000076293952,86,FALSE,111854531,'2nd 00:14.40 : 3pt jump shot (outside right) missed by Hattie Ogden(BUF),5254450,560636,560910,2024-03-21,Buffalo Bulls,560636,Buffalo
30.211599426269494,19.86000061035155,439,FALSE,111855189,'3rd 09:51 : 3pt jump shot (outside center) missed by Kaci Donovan(MON),5254450,560636,560910,2024-03-21,Monmouth Hawks,560910,Monmouth
28.594800071716264,13.9449996948242,86,FALSE,111855203,'3rd 09:41 : 3pt jump shot (outside right) missed by Chellia Watson(BUF),5254450,560636,560910,2024-03-21,Buffalo Bulls,560636,Buffalo
20.238198852539085,30.98500061035155,439,FALSE,111855206,'3rd 09:28 : 2pt jump shot (inside left) missed by Kaci Donovan(MON),5254450,560636,560910,2024-03-21,Monmouth Hawks,560910,Monmouth
7.623399677276614,24.79000091552735,86,FALSE,111855291,'3rd 08:26 : 2pt layup (off turnover) (under the basket) missed by Chellia Watson(BUF),5254450,560636,560910,2024-03-21,Buffalo Bulls,560636,Buffalo
8.948796844482416,25.0699996948242,439,TRUE,111855325,'3rd 08:00 : 2pt jump shot (under the basket) made by Belle Kranbuhl(MON),5254450,560636,560910,2024-03-21,Monmouth Hawks,560910,Monmouth
10.847599964141821,24.5049991607666,86,FALSE,111855334,'3rd 07:47 : 2pt layup (in the paint) missed by Kiara Johnson(BUF),5254450,560636,560910,2024-03-21,Buffalo Bulls,560636,Buffalo
13.047200107574447,25.91500091552735,86,FALSE,111855367,'3rd 07:21 : 2pt jump shot (off turnover) (in the paint) missed by Alexis Davis(BUF),5254450,560636,560910,2024-03-21,Buffalo Bulls,560636,Buffalo
26.25420028686524,13.100000381469748,439,FALSE,111855403,'3rd 07:12 : 3pt jump shot (outside right) missed by Ariana Vanderhoop(MON),5254450,560636,560910,2024-03-21,Monmouth Hawks,560910,Monmouth
8.356600322723386,26.0550003051758,86,FALSE,111855481,'3rd 06:52 : 2pt layup (under the basket) missed by Kirsten Lewis-Williams(BUF),5254450,560636,560910,2024-03-21,Buffalo Bulls,560636,Buffalo
7.332002868652324,25.4950008392334,86,FALSE,111852363,'1st 09:40 : 2pt layup (under the basket) missed by Chellia Watson(BUF),5254450,560636,560910,2024-03-21,Buffalo Bulls,560636,Buffalo
8.21559799194334,23.8050003051758,86,FALSE,111852380,'1st 09:33 : 2pt layup (2nd chance) (under the basket) missed by Kirsten Lewis-Williams(BUF),5254450,560636,560910,2024-03-21,Buffalo Bulls,560636,Buffalo
9.240201721191426,24.5049991607666,86,FALSE,111852390,'1st 09:29 : 2pt layup (2nd chance) (under the basket) missed by Kirsten Lewis-Williams(BUF),5254450,560636,560910,2024-03-21,Buffalo Bulls,560636,Buffalo
26.545599784851106,10,439,TRUE,111852397,'1st 09:11 : 3pt jump shot (outside right) made by Kaci Donovan(MON),5254450,560636,560910,2024-03-21,Monmouth Hawks,560910,Monmouth
19.646001434326166,33.944999694824205,86,TRUE,111852421,'1st 08:44 : 2pt jump shot (inside left) made by Chellia Watson(BUF) 3-2',5254450,560636,560910,2024-03-21,Buffalo Bulls,560636,Buffalo
8.647999820709233,23.3799991607666,439,TRUE,111852456,'1st 08:23 : 2pt layup (under the basket) made by Belle Kranbuhl(MON),5254450,560636,560910,2024-03-21,Monmouth Hawks,560910,Monmouth
10.415201721191423,24.22500038146975,86,TRUE,111852471,'1st 07:58 : 2pt layup (in the paint) made by Kirsten Lewis-Williams(BUF),5254450,560636,560910,2024-03-21,Buffalo Bulls,560636,Buffalo
28.011999282836868,36.47999954223635,439,FALSE,111852506,'1st 07:39 : 3pt jump shot (outside left) missed by Kaci Donovan(MON),5254450,560636,560910,2024-03-21,Monmouth Hawks,560910,Monmouth
8.798400573730504,24.22500038146975,86,FALSE,111852517,'1st 07:28 : 2pt layup (under the basket) missed by Alexis Davis(BUF),5254450,560636,560910,2024-03-21,Buffalo Bulls,560636,Buffalo
30.6534005737305,18.3099994659424,439,FALSE,111852529,'1st 07:16 : 3pt jump shot (outside center) missed by Taisha Exanor(MON),5254450,560636,560910,2024-03-21,Monmouth Hawks,560910,Monmouth
25.662002868652337,38.5900001525879,86,FALSE,111852587,'1st 06:53 : 3pt jump shot (off turnover) (outside left) missed by Chellia Watson(BUF),5254450,560636,560910,2024-03-21,Buffalo Bulls,560636,Buffalo
10.847600860595662,24.22500038146975,86,FALSE,111852617,'1st 06:35 : 2pt layup (2nd chance;off turnover) (in the paint) missed by Rana Elhusseini(BUF),5254450,560636,560910,2024-03-21,Buffalo Bulls,560636,Buffalo
27.57019992828374,33.9449996948242,439,FALSE,111852663,'1st 06:16 : 3pt jump shot (outside left) missed by Kaci Donovan(MON),5254450,560636,560910,2024-03-21,Monmouth Hawks,560910,Monmouth
10.264800071716266,25.4950008392334,439,TRUE,111852686,'1st 06:11 : 2pt layup (2nd chance) (in the paint) made by Belle Kranbuhl(MON) 7-4',5254450,560636,560910,2024-03-21,Monmouth Hawks,560910,Monmouth
7.773796844482419,35.0699996948242,86,TRUE,111852705,'1st 05:48 : 2pt jump shot (inside left) made by Chellia Watson(BUF) 7-6',5254450,560636,560910,2024-03-21,Buffalo Bulls,560636,Buffalo
26.836999282836867,10.98500061035155,439,FALSE,111852733,'1st 05:37 : 3pt jump shot (outside right) missed by Kaci Donovan(MON),5254450,560636,560910,2024-03-21,Monmouth Hawks,560910,Monmouth
10.114402008056658,10.704999923706048,86,TRUE,111852749,'1st 05:17 : 2pt (inside right) made by BUF 7-8',5254450,560636,560910,2024-03-21,Buffalo Bulls,560636,Buffalo
10.114402008056658,10.704999923706048,86,FALSE,111852752,'1st 05:17 : 2pt jump shot (inside right) missed by Chellia Watson(BUF),5254450,560636,560910,2024-03-21,Buffalo Bulls,560636,Buffalo
8.21559799194334,24.36499977111815,86,TRUE,111852774,'1st 05:05 : 2pt layup (2nd chance) (under the basket) made by Kirsten Lewis-Williams(BUF) 7-8',5254450,560636,560910,2024-03-21,Buffalo Bulls,560636,Buffalo
13.780403442382834,35.3499984741211,86,FALSE,111853746,'2nd 08:01 : 2pt jump shot (inside left) missed by Chellia Watson(BUF),5254450,560636,560910,2024-03-21,Buffalo Bulls,560636,Buffalo
8.065199928283686,25.91500091552735,439,TRUE,111853765,'2nd 07:41 : 2pt layup (under the basket) made by Taisha Exanor(MON),5254450,560636,560910,2024-03-21,Monmouth Hawks,560910,Monmouth
9.682002868652319,22.11499977111815,86,TRUE,111853782,'2nd 07:19 : 2pt layup (in the paint) made by Kiara Johnson(BUF),5254450,560636,560910,2024-03-21,Buffalo Bulls,560636,Buffalo
8.647999820709233,25.35000038146975,439,TRUE,111853796,'2nd 06:59 : 2pt layup (under the basket) made by Sandrine Clesca(MON) 15-17',5254450,560636,560910,2024-03-21,Monmouth Hawks,560910,Monmouth
24.34599964141848,43.3800001144409,439,FALSE,111852854,'1st 04:35 : 3pt jump shot (outside left) missed by Jania Hall(MON),5254450,560636,560910,2024-03-21,Monmouth Hawks,560910,Monmouth
15.688602294921822,23.8050003051758,86,TRUE,111853047,'1st 04:20 : 2pt jump shot (off turnover) (in the paint) made by Chellia Watson(BUF),5254450,560636,560910,2024-03-21,Buffalo Bulls,560636,Buffalo
22.437800788879393,31.4099998474121,439,FALSE,111853060,'1st 04:08 : 2pt jump shot (inside center) missed by Kayla Richardson(MON),5254450,560636,560910,2024-03-21,Monmouth Hawks,560910,Monmouth
9.822997131347677,24.9300003051758,86,TRUE,111853062,'1st 03:59 : 2pt layup (under the basket) made by Alexis Davis(BUF),5254450,560636,560910,2024-03-21,Buffalo Bulls,560636,Buffalo
18.912800788879395,21.4099998474121,439,FALSE,111853090,'1st 03:29 : 2pt jump shot (in the paint) missed by Ariana Vanderhoop(MON),5254450,560636,560910,2024-03-21,Monmouth Hawks,560910,Monmouth
8.948796844482416,25.4950008392334,86,FALSE,111853830,'2nd 06:50 : 2pt layup (blocked) (under the basket) missed by Alexis Davis(BUF),5254450,560636,560910,2024-03-21,Buffalo Bulls,560636,Buffalo
21.704600143432625,28.17000007629395,439,FALSE,111853834,'2nd 06:37 : 2pt jump shot (inside center) missed by Taisha Exanor(MON),5254450,560636,560910,2024-03-21,Monmouth Hawks,560910,Monmouth
16.280799713134755,26.0550003051758,86,TRUE,111853845,'2nd 06:25 : 2pt jump shot (in the paint) made by Chellia Watson(BUF) 15-19',5254450,560636,560910,2024-03-21,Buffalo Bulls,560636,Buffalo
16.130399856567372,3.0999984741211,439,FALSE,111853864,'2nd 06:06 : 3pt jump shot (outside right) missed by Kaci Donovan(MON),5254450,560636,560910,2024-03-21,Monmouth Hawks,560910,Monmouth
14.955403442382845,35.91500091552735,86,FALSE,111853945,'2nd 05:40 : 2pt jump shot (inside left) missed by Alexis Davis(BUF),5254450,560636,560910,2024-03-21,Buffalo Bulls,560636,Buffalo
21.11239913940434,4.6500015258789,439,TRUE,111853956,'2nd 05:30 : 3pt jump shot (outside right) made by Rosalie Mercille(MON),5254450,560636,560910,2024-03-21,Monmouth Hawks,560910,Monmouth
9.240201721191426,24.64999961853025,86,FALSE,111853151,'1st 02:47 : 2pt layup (off turnover) (under the basket) missed by Kirsten Lewis-Williams(BUF),5254450,560636,560910,2024-03-21,Buffalo Bulls,560636,Buffalo
28.011999282836868,32.95999908447265,439,FALSE,111853174,'1st 02:39 : 3pt jump shot (outside center) missed by Kayla Richardson(MON),5254450,560636,560910,2024-03-21,Monmouth Hawks,560910,Monmouth
12.172999820709194,25.35000038146975,439,FALSE,111853232,'1st 02:23 : 2pt jump shot (2nd chance) (in the paint) missed by Belle Kranbuhl(MON),5254450,560636,560910,2024-03-21,Monmouth Hawks,560910,Monmouth
8.948796844482416,24.9300003051758,86,TRUE,111853234,'1st 02:16 : 2pt layup (fast break) (under the basket) made by Chellia Watson(BUF) 7-14',5254450,560636,560910,2024-03-21,Buffalo Bulls,560636,Buffalo
9.531600322723431,25.63500022888185,439,FALSE,111853255,'1st 01:59 : 2pt layup (under the basket) missed by Jania Hall(MON),5254450,560636,560910,2024-03-21,Monmouth Hawks,560910,Monmouth
9.682000179290807,25.77499961853025,439,FALSE,111853266,'1st 01:54 : 2pt layup (2nd chance) (under the basket) missed by Jania Hall(MON),5254450,560636,560910,2024-03-21,Monmouth Hawks,560910,Monmouth
22.879596557617162,43.9449996948242,86,FALSE,111853290,'1st 01:25 : 3pt (outside left) missed by BUF 7-14',5254450,560636,560910,2024-03-21,Buffalo Bulls,560636,Buffalo
17.44639770507807,22.8150005340576,86,FALSE,111853964,'2nd 05:11 : 2pt jump shot (in the paint) missed by Chellia Watson(BUF),5254450,560636,560910,2024-03-21,Buffalo Bulls,560636,Buffalo
9.381199569702149,27.04000091552735,439,FALSE,111854138,'2nd 04:57 : 2pt layup (off turnover) (in the paint) missed by Jania Hall(MON),5254450,560636,560910,2024-03-21,Monmouth Hawks,560910,Monmouth
18.771801147460906,3.6600000858306885,86,FALSE,111854212,'2nd 04:42 : 3pt jump shot (outside right) missed by Hattie Ogden(BUF),5254450,560636,560910,2024-03-21,Buffalo Bulls,560636,Buffalo
14.081203155517585,23.3799991607666,86,FALSE,111854233,'2nd 04:09 : 2pt jump shot (off turnover) (in the paint) missed by Rana Elhusseini(BUF),5254450,560636,560910,2024-03-21,Buffalo Bulls,560636,Buffalo
22.28739913940434,22.2549991607666,439,FALSE,111854265,'2nd 03:57 : 2pt jump shot (blocked) (inside center) missed by Ariana Vanderhoop(MON),5254450,560636,560910,2024-03-21,Monmouth Hawks,560910,Monmouth
29.036599426269493,34.5050001144409,439,TRUE,111854281,'2nd 03:34 : 3pt jump shot (off turnover) (outside left) made by Rosalie Mercille(MON),5254450,560636,560910,2024-03-21,Monmouth Hawks,560910,Monmouth
17.155,3.8050003051758,439,FALSE,111853332,'1st 01:11 : 3pt jump shot (off turnover) (outside right) missed by Kaci Donovan(MON),5254450,560636,560910,2024-03-21,Monmouth Hawks,560910,Monmouth
9.240199928283687,25.77499961853025,439,FALSE,111853351,'1st 00:49.80 : 2pt layup (off turnover;blocked) (under the basket) missed by Kaci Donovan(MON),5254450,560636,560910,2024-03-21,Monmouth Hawks,560910,Monmouth
22.146399497985858,17.74499893188475,439,FALSE,111853424,'1st 00:13.90 : 2pt jump shot (off turnover) (inside right) missed by Belle Kranbuhl(MON),5254450,560636,560910,2024-03-21,Monmouth Hawks,560910,Monmouth
28.15299713134766,12.534999847412102,86,FALSE,111853580,'2nd 09:48 : 3pt jump shot (outside right) missed by Hattie Ogden(BUF),5254450,560636,560910,2024-03-21,Buffalo Bulls,560636,Buffalo
12.314000358581518,22.95999908447265,439,FALSE,111853592,'2nd 09:28 : 2pt layup (in the paint) missed by Sandrine Clesca(MON),5254450,560636,560910,2024-03-21,Monmouth Hawks,560910,Monmouth
8.21559799194334,22.39500045776365,86,FALSE,111853609,'2nd 09:07 : 2pt layup (under the basket) missed by Alexis Davis(BUF),5254450,560636,560910,2024-03-21,Buffalo Bulls,560636,Buffalo
8.948800430297851,24.9300003051758,439,TRUE,111853611,'2nd 08:52 : 2pt layup (under the basket) made by Belle Kranbuhl(MON),5254450,560636,560910,2024-03-21,Monmouth Hawks,560910,Monmouth
10.114400215148892,26.08499908447265,539,FALSE,111855587,'3rd 09:41 : 2pt jump shot (off turnover) (in the paint) missed by Ali Brigham(Penn St.) 48-42',5254263,561013,560762,2024-03-21,Penn St. Nittany Lions,561013,Penn St.
6.44840057373051,22.64999961853025,248,FALSE,111855631,'3rd 09:21 : 2pt layup (under the basket) missed by Sonia Smith(George Mason),5254263,561013,560762,2024-03-21,George Mason Patriots,560762,George Mason
29.619402008056667,25.88500022888185,248,FALSE,111855634,'3rd 09:15 : 3pt jump shot (2nd chance) (outside center) missed by Nekhu Mitchell(George Mason),5254263,561013,560762,2024-03-21,George Mason Patriots,560762,George Mason
21.11239913940433,27.1550006866455,248,FALSE,111855698,'3rd 08:58 : 2pt jump shot (off turnover) (inside center) missed by Sonia Smith(George Mason),5254263,561013,560762,2024-03-21,George Mason Patriots,560762,George Mason
5.132399139404328,48,248,FALSE,111855867,'3rd 08:25 : 3pt jump shot (off turnover) (outside left wing) missed by Sonia Smith(George Mason),5254263,561013,560762,2024-03-21,George Mason Patriots,560762,George Mason
13.19760086059567,48,248,FALSE,111856323,'3rd 07:51 : 3pt jump shot (outside left) missed by Sonia Smith(George Mason),5254263,561013,560762,2024-03-21,George Mason Patriots,560762,George Mason
8.798400573730504,27.4349994659424,248,FALSE,111856421,'3rd 07:46 : 2pt layup (2nd chance;blocked) (under the basket) missed by Zahirah Walton(George Mason),5254263,561013,560762,2024-03-21,George Mason Patriots,560762,George Mason
8.507002868652322,19.4099998474121,248,TRUE,111856436,'3rd 07:44 : 2pt jump shot (2nd chance) (in the paint) made by Zahirah Walton(George Mason),5254263,561013,560762,2024-03-21,George Mason Patriots,560762,George Mason
8.507000179290769,21.57500076293945,539,TRUE,111856505,'3rd 07:24 : 2pt layup (in the paint) made by Ashley Owusu(Penn St.),5254263,561013,560762,2024-03-21,Penn St. Nittany Lions,561013,Penn St.
28.01200286865233,15.744999885559103,248,TRUE,111856567,'3rd 07:07 : 3pt jump shot (outside right) made by Zahirah Walton(George Mason),5254263,561013,560762,2024-03-21,George Mason Patriots,560762,George Mason
7.77380043029785,2.564998626709,539,TRUE,111856978,'3rd 06:25 : 3pt jump shot (off turnover) (outside right) made by Ashley Owusu(Penn St.),5254263,561013,560762,2024-03-21,Penn St. Nittany Lions,561013,Penn St.
19.354596557617157,44.61999893188475,248,TRUE,111857062,'3rd 06:08 : 3pt jump shot (outside left) made by Sonia Smith(George Mason) 47-42',5254263,561013,560762,2024-03-21,George Mason Patriots,560762,George Mason
20.37920028686525,21.57500076293945,539,FALSE,111857123,'3rd 06:00 : 2pt jump shot (inside center) missed by Leilani Kapinus(Penn St.),5254263,561013,560762,2024-03-21,Penn St. Nittany Lions,561013,Penn St.
15.688600502014145,36.5050001144409,539,FALSE,111857186,'3rd 05:43 : 2pt jump shot (2nd chance) (inside left) missed by Ashley Owusu(Penn St.),5254263,561013,560762,2024-03-21,Penn St. Nittany Lions,561013,Penn St.
5.574199838638304,21.57500076293945,539,FALSE,111857567,'3rd 05:08 : 2pt layup (under the basket) missed by Makenna Marisa(Penn St.),5254263,561013,560762,2024-03-21,Penn St. Nittany Lions,561013,Penn St.
25.220201721191415,12.505000114440897,248,FALSE,111857687,'3rd 04:53 : 3pt jump shot (outside right) missed by Zahirah Walton(George Mason),5254263,561013,560762,2024-03-21,George Mason Patriots,560762,George Mason
25.662002868652337,37.435001373291,248,TRUE,111858469,'3rd 04:24 : 3pt step back jump shot (off turnover) (outside left) made by Sonia Smith(George Mason) 51-42',5254263,561013,560762,2024-03-21,George Mason Patriots,560762,George Mason
6.890199928283687,26.9300003051758,539,TRUE,111858584,'3rd 04:01 : 2pt layup (under the basket) made by Alli Campbell(Penn St.) 51-44',5254263,561013,560762,2024-03-21,Penn St. Nittany Lions,561013,Penn St.
23.020597991943333,40.67499923706055,248,FALSE,111858691,'3rd 03:43 : 3pt jump shot (outside left) missed by Ta&#39;Viyanna Habib(George Mason),5254263,561013,560762,2024-03-21,George Mason Patriots,560762,George Mason
28.3034005737305,19.27000045776365,539,FALSE,111852462,'1st 09:15 : 3pt jump shot (off turnover) (outside center) missed by Ashley Owusu(Penn St.),5254263,561013,560762,2024-03-21,Penn St. Nittany Lions,561013,Penn St.
10.847599964141821,1.7200012207031,248,TRUE,111852470,'1st 09:08 : 3pt jump shot (outside right) made by Ta&#39;Viyanna Habib(George Mason),5254263,561013,560762,2024-03-21,George Mason Patriots,560762,George Mason
9.822997131347677,27.4349994659424,539,TRUE,111852501,'1st 08:58 : 2pt layup (in the paint) made by Shay Ciezki(Penn St.) 3-2',5254263,561013,560762,2024-03-21,Penn St. Nittany Lions,561013,Penn St.
28.88619956970212,24.11499977111815,248,FALSE,111852504,'1st 08:40 : 3pt jump shot (outside center) missed by Sonia Smith(George Mason),5254263,561013,560762,2024-03-21,George Mason Patriots,560762,George Mason
8.065201721191428,47.72000122070315,539,TRUE,111852521,'1st 08:30 : 3pt jump shot (outside left) made by Shay Ciezki(Penn St.),5254263,561013,560762,2024-03-21,Penn St. Nittany Lions,561013,Penn St.
4.69059978485107,2.27999877929685,248,FALSE,111852531,'1st 08:12 : 3pt jump shot (outside right wing) missed by Ta&#39;Viyanna Habib(George Mason),5254263,561013,560762,2024-03-21,George Mason Patriots,560762,George Mason
5.86559978485107,26.36499977111815,248,FALSE,111852564,'1st 07:59 : 2pt layup (off turnover) (under the basket) missed by Nekhu Mitchell(George Mason),5254263,561013,560762,2024-03-21,George Mason Patriots,560762,George Mason
7.764400215148929,44.8949999809265,248,TRUE,111852580,'1st 07:55 : 2pt jump shot (2nd chance;off turnover) (inside left) made by Paula Suarez(George Mason) 5-5',5254263,561013,560762,2024-03-21,George Mason Patriots,560762,George Mason
7.0405979919433435,22.9300003051758,539,TRUE,111852600,'1st 07:39 : 2pt layup (under the basket) made by Ali Brigham(Penn St.),5254263,561013,560762,2024-03-21,Penn St. Nittany Lions,561013,Penn St.
5.86559978485107,21.01499938964845,248,FALSE,111852647,'1st 07:23 : 2pt layup (in the paint) missed by Ta&#39;Viyanna Habib(George Mason),5254263,561013,560762,2024-03-21,George Mason Patriots,560762,George Mason
5.64,25,248,FALSE,111852649,'1st 07:16 : 2pt layup (2nd chance) (under the basket) missed by Ta&#39;Viyanna Habib(George Mason),5254263,561013,560762,2024-03-21,George Mason Patriots,560762,George Mason
6.44840057373051,23.77499961853025,539,TRUE,111852657,'1st 07:14 : 2pt layup (fast break) (under the basket) made by Leilani Kapinus(Penn St.) 5-9',5254263,561013,560762,2024-03-21,Penn St. Nittany Lions,561013,Penn St.
9.089800071716313,47.0699999332428,248,FALSE,111852681,'1st 07:00 : 3pt jump shot (outside left) missed by Sonia Smith(George Mason),5254263,561013,560762,2024-03-21,George Mason Patriots,560762,George Mason
28.74520172119142,31.10000038146975,539,FALSE,111852745,'1st 06:45 : 3pt jump shot (outside center) missed by Makenna Marisa(Penn St.),5254263,561013,560762,2024-03-21,Penn St. Nittany Lions,561013,Penn St.
21.262800788879396,29.1849994659424,248,FALSE,111852771,'1st 06:36 : 2pt jump shot (inside center) missed by Taylor Jameson(George Mason),5254263,561013,560762,2024-03-21,George Mason Patriots,560762,George Mason
23.61280258178708,8.845000267028801,539,FALSE,111852785,'1st 06:25 : 3pt jump shot (outside right) missed by Shay Ciezki(Penn St.),5254263,561013,560762,2024-03-21,Penn St. Nittany Lions,561013,Penn St.
17.88819885253909,45.185001373291,539,TRUE,111852813,'1st 06:18 : 3pt jump shot (2nd chance) (outside left) made by Makenna Marisa(Penn St.),5254263,561013,560762,2024-03-21,Penn St. Nittany Lions,561013,Penn St.
8.948800430297851,34.67500019073485,248,TRUE,111852833,'1st 05:59 : 2pt jump shot (inside left) made by Paula Suarez(George Mason) 7-12',5254263,561013,560762,2024-03-21,George Mason Patriots,560762,George Mason
5.865597991943346,22.5049991607666,539,TRUE,111852852,'1st 05:41 : 2pt layup (under the basket) made by Leilani Kapinus(Penn St.),5254263,561013,560762,2024-03-21,Penn St. Nittany Lions,561013,Penn St.
27.128400573730506,14.814998626709,248,FALSE,111852860,'1st 05:23 : 3pt jump shot (outside right) missed by Taylor Jameson(George Mason),5254263,561013,560762,2024-03-21,George Mason Patriots,560762,George Mason
8.065201721191428,23.91500091552735,539,FALSE,111852881,'1st 05:15 : 2pt layup (blocked) (under the basket) missed by Kylie Lavelle(Penn St.),5254263,561013,560762,2024-03-21,Penn St. Nittany Lions,561013,Penn St.
29.327997131347672,23.91500091552735,539,FALSE,111852910,'1st 05:13 : 3pt jump shot (2nd chance) (outside center) missed by Shay Ciezki(Penn St.) 7-19',5254263,561013,560762,2024-03-21,Penn St. Nittany Lions,561013,Penn St.
5.640000000000001,25,539,TRUE,111852914,'1st 05:07 : 2pt layup (2nd chance) (under the basket) made by Moriah Murray(Penn St.) 7-16',5254263,561013,560762,2024-03-21,Penn St. Nittany Lions,561013,Penn St.
5.574199838638304,23.4099998474121,248,FALSE,111852922,'1st 05:01 : 2pt layup (blocked) (under the basket) missed by Taylor Jameson(George Mason),5254263,561013,560762,2024-03-21,George Mason Patriots,560762,George Mason
13.347997131347668,3.2100000381469727,539,TRUE,111852935,'1st 04:53 : 3pt jump shot (fast break) (outside right) made by Makenna Marisa(Penn St.),5254263,561013,560762,2024-03-21,Penn St. Nittany Lions,561013,Penn St.
18.33,4.814998626709,248,FALSE,111853106,'1st 04:35 : 3pt jump shot (outside right) missed by Taylor Jameson(George Mason),5254263,561013,560762,2024-03-21,George Mason Patriots,560762,George Mason
4.69059978485107,27.4950008392334,248,TRUE,111853220,'1st 03:58 : 2pt layup (off turnover) (under the basket) made by Ta&#39;Viyanna Habib(George Mason),5254263,561013,560762,2024-03-21,George Mason Patriots,560762,George Mason
27.57020172119141,35.185001373291,539,FALSE,111853230,'1st 03:49 : 3pt jump shot (outside left) missed by Kylie Lavelle(Penn St.),5254263,561013,560762,2024-03-21,Penn St. Nittany Lions,561013,Penn St.
7.181599874496465,27.4950008392334,248,FALSE,111853254,'1st 03:30 : 2pt layup (under the basket) missed by Nekhu Mitchell(George Mason),5254263,561013,560762,2024-03-21,George Mason Patriots,560762,George Mason
4.107799892425535,47.63499999046326,248,TRUE,111853286,'1st 03:17 : 3pt jump shot (2nd chance) (outside left wing) made by Ta&#39;Viyanna Habib(George Mason),5254263,561013,560762,2024-03-21,George Mason Patriots,560762,George Mason
7.0405979919433435,21.8050003051758,539,TRUE,111853293,'1st 03:07 : 2pt layup (under the basket) made by Ali Brigham(Penn St.),5254263,561013,560762,2024-03-21,Penn St. Nittany Lions,561013,Penn St.
28.88619956970212,25.52000045776365,248,FALSE,111853307,'1st 02:49 : 3pt jump shot (outside center) missed by Paula Suarez(George Mason),5254263,561013,560762,2024-03-21,George Mason Patriots,560762,George Mason
24.92880043029788,37.0699996948242,248,TRUE,111853358,'1st 02:08 : 3pt jump shot (off turnover) (outside left) made by Paula Suarez(George Mason),5254263,561013,560762,2024-03-21,George Mason Patriots,560762,George Mason
6.307400035858152,28.47999954223635,248,TRUE,111854764,'2nd 00:27.30 : 2pt layup (fast break) (under the basket) made by Ta&#39;Viyanna Habib(George Mason) 39-34',5254263,561013,560762,2024-03-21,George Mason Patriots,560762,George Mason
22.146399497985858,40.0299997329712,248,TRUE,111853410,'1st 01:36 : 3pt jump shot (off turnover;fast break) (outside left) made by Paula Suarez(George Mason),5254263,561013,560762,2024-03-21,George Mason Patriots,560762,George Mason
7.0405979919433435,31.9449996948242,539,FALSE,111853414,'1st 01:22 : 2pt jump shot (blocked) (inside left) missed by Makenna Marisa(Penn St.),5254263,561013,560762,2024-03-21,Penn St. Nittany Lions,561013,Penn St.
6.598799982070919,22.42499923706055,248,TRUE,111853425,'1st 01:15 : 2pt layup (fast break) (under the basket) made by Sonia Smith(George Mason) 20-21',5254263,561013,560762,2024-03-21,George Mason Patriots,560762,George Mason
8.64799713134768,25.32500076293945,539,FALSE,111853452,'1st 00:50.80 : 2pt layup (blocked) (under the basket) missed by Ali Brigham(Penn St.),5254263,561013,560762,2024-03-21,Penn St. Nittany Lions,561013,Penn St.
11.148400573730498,24.1949996948242,539,FALSE,111853503,'1st 00:17.40 : 2pt jump shot (off turnover) (in the paint) missed by Shay Ciezki(Penn St.),5254263,561013,560762,2024-03-21,Penn St. Nittany Lions,561013,Penn St.
10.114402008056658,22.64999961853025,539,FALSE,111854364,'2nd 03:00 : 2pt jump shot (off turnover) (in the paint) missed by Grace Hall(Penn St.),5254263,561013,560762,2024-03-21,Penn St. Nittany Lions,561013,Penn St.
6.890199928283687,21.1550006866455,248,TRUE,111854374,'2nd 02:51 : 2pt layup (in the paint) made by Zahirah Walton(George Mason),5254263,561013,560762,2024-03-21,George Mason Patriots,560762,George Mason
26.103796844482417,22.79000091552735,539,FALSE,111854435,'2nd 02:29 : 2pt jump shot (inside center) missed by Ashley Owusu(Penn St.),5254263,561013,560762,2024-03-21,Penn St. Nittany Lions,561013,Penn St.
6.448400125503536,27.0699996948242,248,TRUE,111854453,'2nd 02:19 : 2pt layup (under the basket) made by Sonia Smith(George Mason) 37-33',5254263,561013,560762,2024-03-21,George Mason Patriots,560762,George Mason
7.0405979919433435,28.98500061035155,539,FALSE,111853511,'1st 00:01.50 : 2pt layup (2nd chance;off turnover) (in the paint) missed by Ashley Owusu(Penn St.),5254263,561013,560762,2024-03-21,Penn St. Nittany Lions,561013,Penn St.
22.729200286865254,27.0699996948242,248,TRUE,111853646,'2nd 09:49 : 2pt jump shot (inside center) made by Sonia Smith(George Mason) 22-21',5254263,561013,560762,2024-03-21,George Mason Patriots,560762,George Mason
6.44840057373051,29.4099998474121,539,FALSE,111853657,'2nd 09:23 : 2pt layup (in the paint) missed by Grace Hall(Penn St.),5254263,561013,560762,2024-03-21,Penn St. Nittany Lions,561013,Penn St.
24.92880043029788,11.57500076293945,248,FALSE,111853689,'2nd 09:00 : 3pt jump shot (outside right) missed by Sonia Smith(George Mason),5254263,561013,560762,2024-03-21,George Mason Patriots,560762,George Mason
5.64,25,248,FALSE,111853695,'2nd 08:53 : 2pt layup (2nd chance) (under the basket) missed by Nekhu Mitchell(George Mason),5254263,561013,560762,2024-03-21,George Mason Patriots,560762,George Mason
9.381199569702149,20.72999954223635,248,FALSE,111853697,'2nd 08:49 : 2pt layup (2nd chance) (in the paint) missed by Nekhu Mitchell(George Mason),5254263,561013,560762,2024-03-21,George Mason Patriots,560762,George Mason
9.682002868652319,20.5349998474121,539,TRUE,111853736,'2nd 08:21 : 2pt jump shot (in the paint) made by Ashley Owusu(Penn St.) 22-23',5254263,561013,560762,2024-03-21,Penn St. Nittany Lions,561013,Penn St.
8.948800430297851,20.0300006866455,248,FALSE,111853744,'2nd 08:07 : 2pt layup (in the paint) missed by Sonia Smith(George Mason),5254263,561013,560762,2024-03-21,George Mason Patriots,560762,George Mason
15.83900035858152,45.94500017166138,248,FALSE,111854496,'2nd 01:58 : 3pt jump shot (off turnover) (outside left) missed by Jada Brown(George Mason),5254263,561013,560762,2024-03-21,George Mason Patriots,560762,George Mason
6.890201721191431,22.64999961853025,539,FALSE,111854608,'2nd 01:24 : 2pt layup (blocked) (under the basket) missed by Ali Brigham(Penn St.),5254263,561013,560762,2024-03-21,Penn St. Nittany Lions,561013,Penn St.
12.02259996414182,47.0699999332428,248,FALSE,111854647,'2nd 01:06 : 3pt jump shot (off turnover) (outside left) missed by Zahirah Walton(George Mason),5254263,561013,560762,2024-03-21,George Mason Patriots,560762,George Mason
7.773796844482419,26.0300006866455,539,FALSE,111853760,'2nd 08:02 : 2pt layup (under the basket) missed by Alli Campbell(Penn St.),5254263,561013,560762,2024-03-21,Penn St. Nittany Lions,561013,Penn St.
10.001600322723432,44.61499977111815,248,FALSE,111853764,'2nd 07:55 : 2pt jump shot (inside left) missed by Nekhu Mitchell(George Mason) 39-34',5254263,561013,560762,2024-03-21,George Mason Patriots,560762,George Mason
7.04059978485107,42.42500019073485,248,FALSE,111853793,'2nd 07:31 : 2pt jump shot (2nd chance) (inside left) missed by Sonia Smith(George Mason),5254263,561013,560762,2024-03-21,George Mason Patriots,560762,George Mason
6.749200286865246,20.8150005340576,539,TRUE,111853829,'2nd 07:20 : 2pt layup (in the paint) made by Ali Brigham(Penn St.) 22-25',5254263,561013,560762,2024-03-21,Penn St. Nittany Lions,561013,Penn St.
23.462399139404337,10.1699981689453,248,FALSE,111853890,'2nd 07:04 : 3pt (outside right) missed by George Mason 22-26',5254263,561013,560762,2024-03-21,George Mason Patriots,560762,George Mason
23.462399139404337,10.1699981689453,248,TRUE,111853891,'2nd 07:04 : 3pt jump shot (outside right) made by Paula Suarez(George Mason) 25-26',5254263,561013,560762,2024-03-21,George Mason Patriots,560762,George Mason
25.079200286865245,13.350000381469748,539,FALSE,111853899,'2nd 06:44 : 3pt jump shot (outside right) missed by Shay Ciezki(Penn St.),5254263,561013,560762,2024-03-21,Penn St. Nittany Lions,561013,Penn St.
6.0160000896453845,22.5650005340576,248,TRUE,111853921,'2nd 06:32 : 2pt layup (under the basket) made by Zahirah Walton(George Mason),5254263,561013,560762,2024-03-21,George Mason Patriots,560762,George Mason
7.181599874496465,45.65999984741211,248,TRUE,111853954,'2nd 06:04 : 2pt jump shot (off turnover) (inside left) made by Jazmyn Doster(George Mason),5254263,561013,560762,2024-03-21,George Mason Patriots,560762,George Mason
11.580799713134752,48,539,TRUE,111853961,'2nd 05:58 : 3pt jump shot (fast break) (outside left) made by Moriah Murray(Penn St.),5254263,561013,560762,2024-03-21,Penn St. Nittany Lions,561013,Penn St.
16.572199211120605,33.4099998474121,248,FALSE,111853963,'2nd 05:45 : 2pt jump shot (inside left) missed by Ta&#39;Viyanna Habib(George Mason),5254263,561013,560762,2024-03-21,George Mason Patriots,560762,George Mason
25.370599784851105,12.13999938964845,248,FALSE,111853992,'2nd 05:39 : 3pt jump shot (2nd chance) (outside right) missed by Nekhu Mitchell(George Mason),5254263,561013,560762,2024-03-21,George Mason Patriots,560762,George Mason
6.749200286865246,22.08499908447265,539,TRUE,111854019,'2nd 05:22 : 2pt layup (under the basket) made by Ali Brigham(Penn St.),5254263,561013,560762,2024-03-21,Penn St. Nittany Lions,561013,Penn St.
7.77380043029785,2,248,FALSE,111854034,'2nd 05:08 : 3pt jump shot (outside right) missed by Ta&#39;Viyanna Habib(George Mason),5254263,561013,560762,2024-03-21,George Mason Patriots,560762,George Mason
22.437800788879393,24.11499977111815,248,FALSE,111854054,'2nd 04:52 : 2pt jump shot (off turnover) (inside center) missed by Sonia Smith(George Mason),5254263,561013,560762,2024-03-21,George Mason Patriots,560762,George Mason
7.914798278808576,47.57500076293945,539,FALSE,111854061,'2nd 04:30 : 3pt jump shot (outside left) missed by Moriah Murray(Penn St.),5254263,561013,560762,2024-03-21,Penn St. Nittany Lions,561013,Penn St.
6.44840057373051,23.77499961853025,539,TRUE,111854076,'2nd 04:24 : 2pt layup (2nd chance) (under the basket) made by Ali Brigham(Penn St.),5254263,561013,560762,2024-03-21,Penn St. Nittany Lions,561013,Penn St.
24.787800788879395,40.3100004196167,248,FALSE,111854083,'2nd 04:05 : 3pt jump shot (outside left) missed by Taylor Jameson(George Mason),5254263,561013,560762,2024-03-21,George Mason Patriots,560762,George Mason
24.05459655761716,11.52000045776365,539,FALSE,111854104,'2nd 03:57 : 3pt jump shot (outside right) missed by Moriah Murray(Penn St.),5254263,561013,560762,2024-03-21,Penn St. Nittany Lions,561013,Penn St.
26.545599784851106,34.5349998474121,248,TRUE,111854106,'2nd 03:45 : 3pt jump shot (outside left) made by Paula Suarez(George Mason),5254263,561013,560762,2024-03-21,George Mason Patriots,560762,George Mason
6.44840057373051,26.875,248,FALSE,111858787,'3rd 03:14 : 2pt layup (off turnover) (under the basket) missed by Zahirah Walton(George Mason),5254263,561013,560762,2024-03-21,George Mason Patriots,560762,George Mason
10.706600322723432,22.98500061035155,539,FALSE,111858910,'3rd 03:02 : 2pt jump shot (in the paint) missed by Ashley Owusu(Penn St.),5254263,561013,560762,2024-03-21,Penn St. Nittany Lions,561013,Penn St.
7.181599874496465,47.63499999046326,539,FALSE,111859069,'3rd 02:50 : 3pt jump shot (2nd chance) (outside left) missed by Chanaya Pinto(Penn St.),5254263,561013,560762,2024-03-21,Penn St. Nittany Lions,561013,Penn St.
9.089798278808573,22.64999961853025,248,FALSE,111859112,'3rd 02:40 : 2pt layup (in the paint) missed by Sonia Smith(George Mason),5254263,561013,560762,2024-03-21,George Mason Patriots,560762,George Mason
7.332000179290768,28.47999954223635,539,TRUE,111859174,'3rd 02:22 : 2pt layup (under the basket) made by Ashley Owusu(Penn St.) 53-46',5254263,561013,560762,2024-03-21,Penn St. Nittany Lions,561013,Penn St.
6.44840057373051,23.91500091552735,248,TRUE,111858694,'3rd 03:38 : 2pt layup (2nd chance) (under the basket) made by Zahirah Walton(George Mason),5254263,561013,560762,2024-03-21,George Mason Patriots,560762,George Mason
4.982000179290768,24.9300003051758,153,TRUE,111855478,'3rd 09:45 : 2pt driving layup (under the basket) made by Taylor Golembiewski(COL) 25-41',5254447,560686,560586,2024-03-21,Colgate Raiders,560686,Colgate
16.863600502014144,35.4949998855591,153,TRUE,111855578,'3rd 09:45 : 2pt jump shot (2nd chance) (inside left) made by Sophia Diehl(COL),5254447,560686,560586,2024-03-21,Colgate Raiders,560686,Colgate
8.64799713134768,25.63500022888185,14,FALSE,111855627,'3rd 09:04 : 2pt layup (under the basket) missed by Deja Evans(ALB),5254447,560686,560586,2024-03-21,UAlbany Great Danes,560586,UAlbany
28.886203155517578,19.7199993133545,14,FALSE,111855696,'3rd 08:44 : 3pt jump shot (off turnover) (outside center) missed by Meghan Huerter(ALB) 25-46',5254447,560686,560586,2024-03-21,UAlbany Great Danes,560586,UAlbany
8.065201721191428,25.63500022888185,14,FALSE,111855727,'3rd 08:25 : 2pt layup (2nd chance;off turnover;blocked) (under the basket) missed by Helene Haegerstrand(ALB),5254447,560686,560586,2024-03-21,UAlbany Great Danes,560586,UAlbany
18.77179935455323,44.9299998283386,153,TRUE,111855794,'3rd 08:16 : 3pt jump shot (outside left) made by Sophia Diehl(COL),5254447,560686,560586,2024-03-21,Colgate Raiders,560686,Colgate
8.21559799194334,24.9300003051758,14,FALSE,111856689,'3rd 07:55 : 2pt layup (under the basket) missed by Deja Evans(ALB),5254447,560686,560586,2024-03-21,UAlbany Great Danes,560586,UAlbany
8.507002868652322,20.70499992370605,14,FALSE,111856937,'3rd 07:46 : 2pt jump shot (off turnover) (in the paint) missed by Meghan Huerter(ALB),5254447,560686,560586,2024-03-21,UAlbany Great Danes,560586,UAlbany
29.619402008056667,33.659999847412095,14,FALSE,111857248,'3rd 07:11 : 3pt jump shot (off turnover) (outside center) missed by Lilly Phillips(ALB),5254447,560686,560586,2024-03-21,UAlbany Great Danes,560586,UAlbany
5.640000000000001,25,14,TRUE,111857250,'3rd 07:08 : 2pt layup (2nd chance;off turnover) (under the basket) made by Kayla Cooper(ALB) 27-46',5254447,560686,560586,2024-03-21,UAlbany Great Danes,560586,UAlbany
4.248796844482428,48.1699981689453,14,FALSE,111857489,'3rd 06:34 : 3pt jump shot (off turnover) (outside left wing) missed by Meghan Huerter(ALB),5254447,560686,560586,2024-03-21,UAlbany Great Danes,560586,UAlbany
8.798399677276615,23.6599998474121,153,FALSE,111857856,'3rd 05:53 : 2pt layup (off turnover) (under the basket) missed by Tiasia McMillan(COL),5254447,560686,560586,2024-03-21,Colgate Raiders,560686,Colgate
5.64,25,153,TRUE,111857878,'3rd 05:52 : 2pt layup (2nd chance;off turnover) (under the basket) made by Tiasia McMillan(COL) 27-48',5254447,560686,560586,2024-03-21,Colgate Raiders,560686,Colgate
8.21559799194334,40.42499923706055,14,FALSE,111858008,'3rd 05:37 : 2pt jump shot (inside left) missed by Meghan Huerter(ALB),5254447,560686,560586,2024-03-21,UAlbany Great Danes,560586,UAlbany
11.881600322723433,6.47999954223635,153,FALSE,111858115,'3rd 05:14 : 2pt jump shot (inside right) missed by Tiasia McMillan(COL),5254447,560686,560586,2024-03-21,Colgate Raiders,560686,Colgate
10.26479827880857,36.1949996948242,14,FALSE,111858124,'3rd 05:05 : 2pt jump shot (inside left) missed by Abby Ray(ALB),5254447,560686,560586,2024-03-21,UAlbany Great Danes,560586,UAlbany
6.157000179290768,24.08499908447265,153,FALSE,111858224,'3rd 04:35 : 2pt driving layup (under the basket) missed by Ella Meabon(COL),5254447,560686,560586,2024-03-21,Colgate Raiders,560686,Colgate
23.171001434326172,8.875,14,TRUE,111858240,'3rd 04:30 : 3pt jump shot (fast break) (outside right) made by Meghan Huerter(ALB),5254447,560686,560586,2024-03-21,UAlbany Great Danes,560586,UAlbany
6.890199928283687,1.125,153,FALSE,111859065,'3rd 04:11 : 3pt jump shot (outside right wing) missed by Amarah Streiff(COL),5254447,560686,560586,2024-03-21,Colgate Raiders,560686,Colgate
23.31200286865233,45.3499984741211,14,TRUE,111859344,'3rd 03:35 : 3pt jump shot (off turnover;fast break) (outside left) made by Meghan Huerter(ALB),5254447,560686,560586,2024-03-21,UAlbany Great Danes,560586,UAlbany
6.157000179290768,23.10000038146975,14,TRUE,111854171,'2nd 04:21 : 2pt layup (under the basket) made by Kayla Cooper(ALB) 22-32',5254447,560686,560586,2024-03-21,UAlbany Great Danes,560586,UAlbany
9.381203155517582,25.91500091552735,153,TRUE,111854172,'2nd 03:55 : 2pt jump shot (under the basket) made by Tiasia McMillan(COL),5254447,560686,560586,2024-03-21,Colgate Raiders,560686,Colgate
17.30540344238284,4.085000038146973,153,FALSE,111854199,'2nd 03:13 : 3pt jump shot (off turnover) (outside right) missed by Madison Schiller(COL),5254447,560686,560586,2024-03-21,Colgate Raiders,560686,Colgate
26.25420028686524,13.944999694824197,153,TRUE,111854533,'2nd 01:55 : 3pt jump shot (off turnover) (outside right) made by Amarah Streiff(COL),5254447,560686,560586,2024-03-21,Colgate Raiders,560686,Colgate
7.181599874496465,26.6200008392334,14,FALSE,111854613,'2nd 01:35 : 2pt layup (under the basket) missed by Kayla Cooper(ALB),5254447,560686,560586,2024-03-21,UAlbany Great Danes,560586,UAlbany
9.381203155517582,25.77499961853025,153,FALSE,111854635,'2nd 01:20 : 2pt layup (under the basket) missed by Abbey Ferguson(COL),5254447,560686,560586,2024-03-21,Colgate Raiders,560686,Colgate
8.798399677276615,22.95999908447265,14,FALSE,111854639,'2nd 01:11 : 2pt layup (under the basket) missed by Gabriela Falcao(ALB),5254447,560686,560586,2024-03-21,UAlbany Great Danes,560586,UAlbany
19.063198852539088,19.01499938964845,153,TRUE,111854660,'2nd 00:50.20 : 2pt jump shot (inside right) made by Alexa Brodie(COL),5254447,560686,560586,2024-03-21,Colgate Raiders,560686,Colgate
9.381199569702149,20.13999938964845,14,FALSE,111854683,'2nd 00:28.20 : 2pt layup (in the paint) missed by Kayla Cooper(ALB),5254447,560686,560586,2024-03-21,UAlbany Great Danes,560586,UAlbany
5.64,25,14,TRUE,111854685,'2nd 00:26.40 : 2pt layup (2nd chance) (under the basket) made by Kayla Cooper(ALB) 24-39',5254447,560686,560586,2024-03-21,UAlbany Great Danes,560586,UAlbany
6.749199838638304,27.1849994659424,14,TRUE,111853594,'2nd 09:16 : 2pt layup (off turnover) (under the basket) made by Kayla Cooper(ALB),5254447,560686,560586,2024-03-21,UAlbany Great Danes,560586,UAlbany
24.19559799194333,25.20999908447265,153,FALSE,111853612,'2nd 08:49 : 2pt jump shot (inside center) missed by Ella Meabon(COL),5254447,560686,560586,2024-03-21,Colgate Raiders,560686,Colgate
6.890201721191431,37.60499954223635,153,TRUE,111853638,'2nd 08:28 : 2pt jump shot (2nd chance) (inside left) made by Alexa Brodie(COL) 16-22',5254447,560686,560586,2024-03-21,Colgate Raiders,560686,Colgate
22.57880043029788,24.79000091552735,14,FALSE,111853649,'2nd 08:10 : 2pt jump shot (inside center) missed by Gabriela Falcao(ALB),5254447,560686,560586,2024-03-21,UAlbany Great Danes,560586,UAlbany
6.157002868652327,24.9300003051758,153,TRUE,111853655,'2nd 07:54 : 2pt layup (under the basket) made by Tiasia McMillan(COL),5254447,560686,560586,2024-03-21,Colgate Raiders,560686,Colgate
16.713200645446772,23.10000038146975,14,TRUE,111853690,'2nd 07:25 : 2pt jump shot (in the paint) made by Gabriela Falcao(ALB),5254447,560686,560586,2024-03-21,UAlbany Great Danes,560586,UAlbany
23.46239913940434,10.140000343322747,153,FALSE,111853734,'2nd 06:53 : 3pt jump shot (outside right) missed by Alexa Brodie(COL),5254447,560686,560586,2024-03-21,Colgate Raiders,560686,Colgate
19.946799354553228,24.64999961853025,14,TRUE,111853737,'2nd 06:44 : 2pt jump shot (in the paint) made by Kayla Cooper(ALB) 20-24',5254447,560686,560586,2024-03-21,UAlbany Great Danes,560586,UAlbany
19.946801147460917,5.775000095367453,153,TRUE,111853762,'2nd 06:20 : 3pt jump shot (outside right) made by Sophia Diehl(COL),5254447,560686,560586,2024-03-21,Colgate Raiders,560686,Colgate
7.773796844482419,23.23999977111815,153,TRUE,111853836,'2nd 05:30 : 2pt layup (off turnover) (under the basket) made by Tiasia McMillan(COL),5254447,560686,560586,2024-03-21,Colgate Raiders,560686,Colgate
3.224200286865255,47.4650001525879,153,TRUE,111854039,'2nd 04:49 : 3pt jump shot (off turnover) (outside left wing) made by Amarah Streiff(COL),5254447,560686,560586,2024-03-21,Colgate Raiders,560686,Colgate
6.307400035858152,25.35000038146975,14,TRUE,111852315,'1st 09:36 : 2pt layup (under the basket) made by Deja Evans(ALB),5254447,560686,560586,2024-03-21,UAlbany Great Danes,560586,UAlbany
15.980000000000004,29.57500076293945,153,FALSE,111852335,'1st 09:07 : 2pt jump shot (in the paint) missed by Alexa Brodie(COL),5254447,560686,560586,2024-03-21,Colgate Raiders,560686,Colgate
6.157000179290768,15.7750015258789,14,FALSE,111852337,'1st 08:57 : 2pt jump shot (inside right) missed by Kayla Cooper(ALB),5254447,560686,560586,2024-03-21,UAlbany Great Danes,560586,UAlbany
17.44639770507807,12.8149995803833,153,TRUE,111852365,'1st 08:34 : 2pt jump shot (inside right) made by Tiasia McMillan(COL),5254447,560686,560586,2024-03-21,Colgate Raiders,560686,Colgate
3.083198852539084,2.3949999809265137,153,TRUE,111852458,'1st 07:43 : 3pt jump shot (off turnover) (outside right wing) made by Sophia Diehl(COL),5254447,560686,560586,2024-03-21,Colgate Raiders,560686,Colgate
10.415199928283734,22.8150005340576,14,FALSE,111852498,'1st 07:23 : 2pt layup (in the paint) missed by Deja Evans(ALB),5254447,560686,560586,2024-03-21,UAlbany Great Danes,560586,UAlbany
5.64,25,14,TRUE,111852500,'1st 07:19 : 2pt layup (2nd chance) (under the basket) made by Kayla Cooper(ALB) 4-5',5254447,560686,560586,2024-03-21,UAlbany Great Danes,560586,UAlbany
8.948796844482416,25.63500022888185,153,TRUE,111852502,'1st 07:11 : 2pt driving layup (fast break) (under the basket) made by Taylor Golembiewski(COL) 4-7',5254447,560686,560586,2024-03-21,Colgate Raiders,560686,Colgate
17.44639770507807,29.01499938964845,153,TRUE,111852562,'1st 06:49 : 2pt jump shot (off turnover) (in the paint) made by Taylor Golembiewski(COL) 4-9',5254447,560686,560586,2024-03-21,Colgate Raiders,560686,Colgate
24.787802581787076,24.5049991607666,153,TRUE,111852644,'1st 06:02 : 2pt jump shot (off turnover) (inside center) made by Ella Meabon(COL),5254447,560686,560586,2024-03-21,Colgate Raiders,560686,Colgate
25.812399139404338,11.9700012207031,14,FALSE,111852687,'1st 05:37 : 3pt jump shot (outside right) missed by Helene Haegerstrand(ALB),5254447,560686,560586,2024-03-21,UAlbany Great Danes,560586,UAlbany
7.623400573730507,23.8050003051758,153,FALSE,111852693,'1st 05:26 : 2pt driving layup (under the basket) missed by Madison Schiller(COL),5254447,560686,560586,2024-03-21,Colgate Raiders,560686,Colgate
6.307400035858152,13.6599998474121,14,TRUE,111852727,'1st 05:13 : 2pt pull up jump shot (inside right) made by Kayla Cooper(ALB),5254447,560686,560586,2024-03-21,UAlbany Great Danes,560586,UAlbany
13.780403442382834,12.675000190734849,153,FALSE,111853025,'1st 04:16 : 2pt jump shot (off turnover) (inside right) missed by Ella Meabon(COL),5254447,560686,560586,2024-03-21,Colgate Raiders,560686,Colgate
9.089800071716313,18.72999954223635,14,TRUE,111853045,'1st 04:00 : 2pt jump shot (inside right) made by Meghan Huerter(ALB),5254447,560686,560586,2024-03-21,UAlbany Great Danes,560586,UAlbany
20.238198852539085,43.0999984741211,153,TRUE,111853049,'1st 03:42 : 3pt jump shot (outside left) made by Sophia Diehl(COL),5254447,560686,560586,2024-03-21,Colgate Raiders,560686,Colgate
4.982000179290768,17.32500076293945,14,FALSE,111853069,'1st 03:26 : 2pt jump shot (inside right) missed by Kayla Cooper(ALB),5254447,560686,560586,2024-03-21,UAlbany Great Danes,560586,UAlbany
15.688600502014145,3.6599998474121,14,TRUE,111853088,'1st 03:04 : 3pt jump shot (off turnover) (outside right) made by Meghan Huerter(ALB),5254447,560686,560586,2024-03-21,UAlbany Great Danes,560586,UAlbany
8.356599426269497,27.1849994659424,153,FALSE,111853096,'1st 02:46 : 2pt layup (blocked) (under the basket) missed by Christina Midgette(COL),5254447,560686,560586,2024-03-21,Colgate Raiders,560686,Colgate
6.448400125503536,25.35000038146975,14,TRUE,111853099,'1st 02:39 : 2pt driving layup (fast break) (under the basket) made by Sarah Karpell(ALB) 13-16',5254447,560686,560586,2024-03-21,UAlbany Great Danes,560586,UAlbany
10.706599426269491,25.4950008392334,153,FALSE,111853214,'1st 02:12 : 2pt jump shot (in the paint) missed by Tiasia McMillan(COL),5254447,560686,560586,2024-03-21,Colgate Raiders,560686,Colgate
8.948800430297851,20.98500061035155,14,FALSE,111853216,'1st 02:05 : 2pt driving layup (in the paint) missed by Lilly Phillips(ALB),5254447,560686,560586,2024-03-21,UAlbany Great Danes,560586,UAlbany
21.11239913940433,31.125,153,FALSE,111853248,'1st 01:35 : 2pt jump shot (inside center) missed by Tiasia McMillan(COL),5254447,560686,560586,2024-03-21,Colgate Raiders,560686,Colgate
6.749200286865246,11.27000045776365,153,FALSE,111853258,'1st 01:21 : 2pt jump shot (2nd chance) (inside right) missed by Ella Meabon(COL),5254447,560686,560586,2024-03-21,Colgate Raiders,560686,Colgate
6.598796844482422,25.20999908447265,153,TRUE,111853280,'1st 00:46.60 : 2pt driving layup (off turnover;fast break) (under the basket) made by Taylor Golembiewski(COL) 14-18',5254447,560686,560586,2024-03-21,Colgate Raiders,560686,Colgate
4.24879998207092,47.325000047683716,14,FALSE,111853342,'1st 00:12.40 : 3pt jump shot (outside left wing) missed by Lilly Phillips(ALB),5254447,560686,560586,2024-03-21,UAlbany Great Danes,560586,UAlbany
7.914798278808576,24.64999961853025,153,TRUE,111853371,'1st 00:06.70 : 2pt driving layup (fast break) (under the basket) made by Taylor Golembiewski(COL),5254447,560686,560586,2024-03-21,Colgate Raiders,560686,Colgate
14.955403442382845,29.9699993133545,669,TRUE,111855878,'1st 09:39 : 2pt jump shot (in the paint) made by Kyrah Daniels(Bears) 2-0',5254252,560805,561116,2024-03-21,Missouri St. Bears,561116,Missouri St.
8.948800430297851,23.82999992370605,301,FALSE,111855996,'1st 09:16 : 2pt (under the basket) missed by Illini 2-0',5254252,560805,561116,2024-03-21,Illinois Fighting Illini,560805,Illinois
20.821001434326178,27.86000061035155,669,TRUE,111856207,'1st 09:06 : 2pt jump shot (inside center) made by Jade Masogayo(Bears),5254252,560805,561116,2024-03-21,Missouri St. Bears,561116,Missouri St.
10.114400215148892,21.57500076293945,301,FALSE,111856261,'1st 08:52 : 2pt driving layup (in the paint) missed by Makira Cook(Illini),5254252,560805,561116,2024-03-21,Illinois Fighting Illini,560805,Illinois
7.914800071716313,23.6900005340576,301,TRUE,111856315,'1st 08:46 : 2pt layup (2nd chance) (under the basket) made by Camille Hobby(Illini) 4-4',5254252,560805,561116,2024-03-21,Illinois Fighting Illini,560805,Illinois
8.798400573730504,25.4650001525879,669,TRUE,111856441,'1st 08:16 : 2pt driving layup (under the basket) made by Lacy Stokes(Bears) 6-4',5254252,560805,561116,2024-03-21,Missouri St. Bears,561116,Missouri St.
9.240199928283687,25.10000038146975,301,FALSE,111856523,'1st 07:57 : 2pt hook shot (under the basket) missed by Kendall Bostic(Illini),5254252,560805,561116,2024-03-21,Illinois Fighting Illini,560805,Illinois
9.240201721191426,23.4950008392334,669,FALSE,111856573,'1st 07:34 : 2pt jump shot (blocked) (under the basket) missed by Indya Green(Bears),5254252,560805,561116,2024-03-21,Missouri St. Bears,561116,Missouri St.
7.482399139404336,23.0699996948242,669,TRUE,111856658,'1st 07:21 : 2pt driving layup (off turnover;fast break) (under the basket) made by Lacy Stokes(Bears) 8-4',5254252,560805,561116,2024-03-21,Missouri St. Bears,561116,Missouri St.
7.623399677276614,25.6599998474121,301,FALSE,111856802,'1st 06:59 : 2pt layup (under the basket) missed by Adalia McKenzie(Illini),5254252,560805,561116,2024-03-21,Illinois Fighting Illini,560805,Illinois
5.64,25,301,FALSE,111856826,'1st 06:54 : 2pt layup (2nd chance) (under the basket) missed by Adalia McKenzie(Illini),5254252,560805,561116,2024-03-21,Illinois Fighting Illini,560805,Illinois
23.61280258178708,20.11499977111815,669,FALSE,111856913,'1st 06:43 : 2pt jump shot (inside center) missed by Indya Green(Bears),5254252,560805,561116,2024-03-21,Missouri St. Bears,561116,Missouri St.
9.381199569702149,24.5349998474121,301,FALSE,111856942,'1st 06:32 : 2pt jump shot (under the basket) missed by Makira Cook(Illini),5254252,560805,561116,2024-03-21,Illinois Fighting Illini,560805,Illinois
19.796397705078064,24.3400001525879,669,FALSE,111857010,'1st 06:20 : 2pt jump shot (in the paint) missed by Lacy Stokes(Bears),5254252,560805,561116,2024-03-21,Missouri St. Bears,561116,Missouri St.
8.356600322723386,24.39500045776365,301,FALSE,111857068,'1st 06:05 : 2pt driving layup (under the basket) missed by Adalia McKenzie(Illini),5254252,560805,561116,2024-03-21,Illinois Fighting Illini,560805,Illinois
8.507000179290769,23.4099998474121,301,TRUE,111857193,'1st 05:43 : 2pt layup (off turnover;fast break) (under the basket) made by Adalia McKenzie(Illini) 8-6',5254252,560805,561116,2024-03-21,Illinois Fighting Illini,560805,Illinois
30.352600860595665,30.2549991607666,669,FALSE,111857308,'1st 05:10 : 3pt jump shot (outside center) missed by Kyrah Daniels(Bears),5254252,560805,561116,2024-03-21,Missouri St. Bears,561116,Missouri St.
8.948800430297851,24.2549991607666,301,TRUE,111857343,'1st 05:01 : 2pt driving layup (under the basket) made by Makira Cook(Illini) 8-8',5254252,560805,561116,2024-03-21,Illinois Fighting Illini,560805,Illinois
29.76980007171626,17.0699996948242,301,TRUE,111858698,'1st 04:45 : 3pt jump shot (outside center) made by Genesis Bryant(Illini),5254252,560805,561116,2024-03-21,Illinois Fighting Illini,560805,Illinois
8.507000179290769,23.6900005340576,301,TRUE,111859016,'1st 04:01 : 2pt driving layup (off turnover) (under the basket) made by Makira Cook(Illini) 10-13',5254252,560805,561116,2024-03-21,Illinois Fighting Illini,560805,Illinois
9.240199928283687,39.32499980926515,301,FALSE,111859151,'1st 03:40 : 2pt jump shot (off turnover) (inside left) missed by Genesis Bryant(Illini),5254252,560805,561116,2024-03-21,Illinois Fighting Illini,560805,Illinois
8.21559799194334,26.0300006866455,669,TRUE,111859183,'1st 03:26 : 2pt layup (under the basket) made by Jade Masogayo(Bears) 12-13',5254252,560805,561116,2024-03-21,Missouri St. Bears,561116,Missouri St.
7.914800071716313,24.2549991607666,301,FALSE,111859250,'1st 03:11 : 2pt layup (under the basket) missed by Kendall Bostic(Illini),5254252,560805,561116,2024-03-21,Illinois Fighting Illini,560805,Illinois
9.381203155517582,25.04000091552735,669,TRUE,111859317,'1st 02:49 : 2pt layup (under the basket) made by Kennedy Taylor(Bears),5254252,560805,561116,2024-03-21,Missouri St. Bears,561116,Missouri St.
16.572197418212923,16.875,678,TRUE,111857252,'1st 06:45 : 2pt pull up jump shot (inside right) made by Jamiya Turner(Stetson),5254443,560753,561128,2024-03-21,Stetson Hatters,561128,Stetson
19.505,13.27000045776365,231,FALSE,111857336,'1st 06:25 : 2pt jump shot (inside right) missed by Tanajah Hayes(FIU),5254443,560753,561128,2024-03-21,FIU Panthers,560753,FIU
12.464402008056666,17.575000762939453,678,FALSE,111857438,'1st 06:06 : 2pt hook shot (blocked) (inside right) missed by Quentarra Mitchell(Stetson),5254443,560753,561128,2024-03-21,Stetson Hatters,561128,Stetson
16.280799713134755,40.39500045776365,678,TRUE,111857462,'1st 05:57 : 2pt pull up jump shot (2nd chance) (inside left) made by Jamiya Turner(Stetson) 8-9',5254443,560753,561128,2024-03-21,Stetson Hatters,561128,Stetson
22.578796844482426,43.49499893188475,678,FALSE,111857565,'1st 05:39 : 3pt jump shot (off turnover) (outside left) missed by Khamya McNeal(Stetson),5254443,560753,561128,2024-03-21,Stetson Hatters,561128,Stetson
8.356600322723386,48.19500005245209,231,FALSE,111857759,'1st 05:15 : 3pt jump shot (outside left) missed by Sariana Rodriguez Camacho(FIU),5254443,560753,561128,2024-03-21,FIU Panthers,560753,FIU
7.914800071716313,2.98500061035155,231,FALSE,111857904,'1st 05:08 : 3pt jump shot (2nd chance) (outside right) missed by Mya Kone(FIU),5254443,560753,561128,2024-03-21,FIU Panthers,560753,FIU
10.26479827880857,20.8150005340576,678,TRUE,111858867,'1st 04:23 : 2pt driving layup (off turnover;fast break) (in the paint) made by Quentarra Mitchell(Stetson) 10-9',5254443,560753,561128,2024-03-21,Stetson Hatters,561128,Stetson
7.914800071716313,23.4099998474121,231,FALSE,111858946,'1st 03:59 : 2pt layup (under the basket) missed by Mya Kone(FIU),5254443,560753,561128,2024-03-21,FIU Panthers,560753,FIU
23.904200286865247,20.39500045776365,678,FALSE,111859067,'1st 03:28 : 2pt pull up jump shot (inside center) missed by Jordan Peete(Stetson),5254443,560753,561128,2024-03-21,Stetson Hatters,561128,Stetson
5.282799892425536,2.13999938964845,231,TRUE,111859147,'1st 03:13 : 3pt jump shot (outside right wing) made by Olivia Trice(FIU),5254443,560753,561128,2024-03-21,FIU Panthers,560753,FIU
4.982000179290768,2.564998626709,231,FALSE,111859310,'1st 02:50 : 3pt jump shot (off turnover) (outside right wing) missed by Olivia Trice(FIU),5254443,560753,561128,2024-03-21,FIU Panthers,560753,FIU
9.089798278808573,23.20999908447265,678,TRUE,111855822,'1st 09:34 : 2pt driving layup (under the basket) made by Jordan Peete(Stetson) 2-0',5254443,560753,561128,2024-03-21,Stetson Hatters,561128,Stetson
28.303400573730507,16.6500015258789,231,TRUE,111855912,'1st 09:19 : 3pt jump shot (outside center) made by Courtney Prenger(FIU),5254443,560753,561128,2024-03-21,FIU Panthers,560753,FIU
12.755799713134763,37.86000061035155,678,FALSE,111856045,'1st 08:47 : 2pt jump shot (inside left) missed by Jamiya Turner(Stetson),5254443,560753,561128,2024-03-21,Stetson Hatters,561128,Stetson
13.639400215148891,38.47999954223635,231,TRUE,111856058,'1st 08:38 : 2pt step back jump shot (inside left) made by Kaliah Henderson(FIU) 2-5',5254443,560753,561128,2024-03-21,FIU Panthers,560753,FIU
8.798400573730504,27.4349994659424,678,FALSE,111856310,'1st 08:08 : 2pt driving layup (under the basket) missed by Jordan Peete(Stetson),5254443,560753,561128,2024-03-21,Stetson Hatters,561128,Stetson
9.240199928283687,26.64999961853025,231,FALSE,111856432,'1st 07:56 : 2pt layup (under the basket) missed by Courtney Prenger(FIU),5254443,560753,561128,2024-03-21,FIU Panthers,560753,FIU
9.240199928283687,21.7199993133545,231,TRUE,111856549,'1st 07:36 : 2pt driving layup (off turnover) (in the paint) made by Angena Belloso(FIU) 2-7',5254443,560753,561128,2024-03-21,FIU Panthers,560753,FIU
12.464402008056666,28.2800006866455,71,TRUE,111858956,'1st 03:21 : 2pt floating jump shot (in the paint) made by Amy Velasco(BGSU) 15-17',5254451,560638,560623,2024-03-21,Bowling Green Falcons,560623,Bowling Green
18.179600143432626,20.0300006866455,87,TRUE,111859054,'1st 03:03 : 2pt pull up jump shot (in the paint) made by Caroline Strande(BU ) 15-19',5254451,560638,560623,2024-03-21,Butler Bulldogs,560638,Butler
9.531599426269494,26.17000007629395,71,FALSE,111859116,'1st 02:40 : 2pt turnaround jump shot (under the basket) missed by Erika Porter(BGSU),5254451,560638,560623,2024-03-21,Bowling Green Falcons,560623,Bowling Green
9.822999820709192,15.6599998474121,87,FALSE,111859182,'1st 02:24 : 2pt step back jump shot (inside right) missed by Caroline Strande(BU ),5254451,560638,560623,2024-03-21,Butler Bulldogs,560638,Butler
22.437802581787082,48.42499923706055,71,FALSE,111859352,'1st 02:05 : 3pt jump shot (outside left) missed by Morgan Sharps(BGSU) 15-21',5254451,560638,560623,2024-03-21,Bowling Green Falcons,560623,Bowling Green
17.305399856567373,27.4950008392334,87,TRUE,111855997,'1st 09:35 : 2pt jump shot (off turnover) (in the paint) made by Caroline Strande(BU ),5254451,560638,560623,2024-03-21,Butler Bulldogs,560638,Butler
20.37920028686524,29.27000045776365,71,TRUE,111856066,'1st 09:20 : 2pt pull up jump shot (inside center) made by Amy Velasco(BGSU) 2-2',5254451,560638,560623,2024-03-21,Bowling Green Falcons,560623,Bowling Green
34.319398422241214,34.11499977111815,87,TRUE,111856189,'1st 09:03 : 3pt jump shot (outside center) made by Rachel Kent(BU ),5254451,560638,560623,2024-03-21,Butler Bulldogs,560638,Butler
28.011999282836868,38.6199998855591,87,TRUE,111856331,'1st 08:32 : 3pt jump shot (off turnover) (outside left) made by Riley Makalusky(BU ),5254451,560638,560623,2024-03-21,Butler Bulldogs,560638,Butler
6.307399139404339,22.9300003051758,71,FALSE,111856439,'1st 08:10 : 2pt turnaround jump shot (under the basket) missed by Erika Porter(BGSU),5254451,560638,560623,2024-03-21,Bowling Green Falcons,560623,Bowling Green
10.556199569702121,24.95999908447265,87,FALSE,111856456,'1st 07:59 : 2pt driving layup (in the paint) missed by Caroline Strande(BU ),5254451,560638,560623,2024-03-21,Butler Bulldogs,560638,Butler
4.399199838638303,48.3400000333786,87,TRUE,111858069,'1st 07:30 : 3pt jump shot (off turnover) (outside left wing) made by Karsyn Norman(BU ),5254451,560638,560623,2024-03-21,Butler Bulldogs,560638,Butler
3.224200062751768,47.91499996185303,87,FALSE,111858079,'1st 07:00 : 3pt jump shot (off turnover) (outside left wing) missed by Riley Makalusky(BU ),5254451,560638,560623,2024-03-21,Butler Bulldogs,560638,Butler
19.64599964141848,3.125,87,FALSE,111858093,'1st 06:21 : 3pt jump shot (off turnover) (outside right) missed by Riley Makalusky(BU ),5254451,560638,560623,2024-03-21,Butler Bulldogs,560638,Butler
5.64,25,87,TRUE,111858095,'1st 06:17 : 2pt layup (2nd chance;off turnover) (under the basket) made by Cristen Carter(BU ) 2-14',5254451,560638,560623,2024-03-21,Butler Bulldogs,560638,Butler
5.865597991943346,24.47999954223635,71,TRUE,111858099,'1st 05:57 : 2pt driving layup (under the basket) made by Amy Velasco(BGSU) 4-14',5254451,560638,560623,2024-03-21,Bowling Green Falcons,560623,Bowling Green
6.598799982070919,26.64999961853025,87,FALSE,111858117,'1st 05:44 : 2pt layup (under the basket) missed by Cristen Carter(BU ),5254451,560638,560623,2024-03-21,Butler Bulldogs,560638,Butler
31.52760086059567,26.875,71,TRUE,111858196,'1st 05:27 : 3pt jump shot (outside center) made by Paige Kohler(BGSU),5254451,560638,560623,2024-03-21,Bowling Green Falcons,560623,Bowling Green
30.503000717163133,23.9699993133545,87,FALSE,111858226,'1st 05:11 : 3pt jump shot (outside center) missed by Karsyn Norman(BU ),5254451,560638,560623,2024-03-21,Butler Bulldogs,560638,Butler
28.886203155517578,12.930000305175803,71,TRUE,111858649,'1st 04:32 : 3pt jump shot (outside right) made by Morgan Sharps(BGSU),5254451,560638,560623,2024-03-21,Bowling Green Falcons,560623,Bowling Green
13.639400215148891,25.6599998474121,87,FALSE,111858725,'1st 04:10 : 2pt turnaround jump shot (in the paint) missed by Sydney Jaynes(BU ),5254451,560638,560623,2024-03-21,Butler Bulldogs,560638,Butler
5.865597991943346,25.4650001525879,71,TRUE,111858825,'1st 03:52 : 2pt layup (under the basket) made by Erika Porter(BGSU),5254451,560638,560623,2024-03-21,Bowling Green Falcons,560623,Bowling Green
19.796399497985856,27.63500022888185,87,TRUE,111858893,'1st 03:37 : 2pt pull up jump shot (in the paint) made by Caroline Strande(BU ),5254451,560638,560623,2024-03-21,Butler Bulldogs,560638,Butler
6.598799982070919,24.08499908447265,317,FALSE,111858424,'1st 04:05 : 2pt layup (off turnover) (under the basket) missed by Carole Miller(James Madison),5254251,560827,561130,2024-03-21,James Madison Dukes,560827,James Madison
10.997999820709195,26.1949996948242,317,TRUE,111858452,'1st 04:00 : 2pt hook shot (2nd chance;off turnover) (in the paint) made by Kseniia Kozlova(James Madison),5254251,560827,561130,2024-03-21,James Madison Dukes,560827,James Madison
21.845597991943336,25.91500091552735,683,TRUE,111858536,'1st 03:40 : 2pt jump shot (inside center) made by Sherese Pittman(Stony Brook),5254251,560827,561130,2024-03-21,Stony Brook Seawolves,561130,Stony Brook
18.912800788879395,44.78999996185305,317,FALSE,111858570,'1st 03:32 : 3pt jump shot (outside left) missed by Carole Miller(James Madison),5254251,560827,561130,2024-03-21,James Madison Dukes,560827,James Madison
13.639400215148891,24.79000091552735,317,TRUE,111858727,'1st 03:10 : 2pt floating jump shot (off turnover) (in the paint) made by Carole Miller(James Madison) 10-11',5254251,560827,561130,2024-03-21,James Madison Dukes,560827,James Madison
21.413198852539097,27.4650001525879,683,FALSE,111858896,'1st 02:43 : 2pt step back jump shot (inside center) missed by Zaida Gonzalez(Stony Brook),5254251,560827,561130,2024-03-21,Stony Brook Seawolves,561130,Stony Brook
20.23820064544677,34.64999961853025,317,FALSE,111859120,'1st 02:26 : 2pt jump shot (inside left) missed by Hevynne Bristow(James Madison),5254251,560827,561130,2024-03-21,James Madison Dukes,560827,James Madison
9.381199569702149,24.64999961853025,317,FALSE,111859133,'1st 02:21 : 2pt layup (2nd chance) (under the basket) missed by Kseniia Kozlova(James Madison),5254251,560827,561130,2024-03-21,James Madison Dukes,560827,James Madison
10.997997131347674,23.8050003051758,683,FALSE,111859184,'1st 02:05 : 2pt layup (in the paint) missed by Khari Clark(Stony Brook),5254251,560827,561130,2024-03-21,Stony Brook Seawolves,561130,Stony Brook
15.688600502014145,37.32499980926515,317,FALSE,111859229,'1st 01:55 : 2pt jump shot (inside left) missed by Olivia Mullins(James Madison),5254251,560827,561130,2024-03-21,James Madison Dukes,560827,James Madison
11.881599426269489,28.5900001525879,683,FALSE,111859251,'1st 01:42 : 2pt turnaround jump shot (in the paint) missed by Khari Clark(Stony Brook),5254251,560827,561130,2024-03-21,Stony Brook Seawolves,561130,Stony Brook
11.580799713134752,25.35000038146975,683,FALSE,111859281,'1st 01:35 : 2pt turnaround jump shot (2nd chance) (in the paint) missed by Khari Clark(Stony Brook),5254251,560827,561130,2024-03-21,Stony Brook Seawolves,561130,Stony Brook
21.845597991943336,43.38000106811525,683,FALSE,111856000,'1st 09:42 : 3pt jump shot (outside left) missed by Gigi Gonzalez(Stony Brook),5254251,560827,561130,2024-03-21,Stony Brook Seawolves,561130,Stony Brook
8.647999820709233,26.89999961853025,317,FALSE,111856049,'1st 09:27 : 2pt layup (under the basket) missed by Annalicia Goodman(James Madison),5254251,560827,561130,2024-03-21,James Madison Dukes,560827,James Madison
15.547600860595665,28.0300006866455,683,FALSE,111856070,'1st 09:18 : 2pt pull up jump shot (in the paint) missed by Sherese Pittman(Stony Brook),5254251,560827,561130,2024-03-21,Stony Brook Seawolves,561130,Stony Brook
6.44840057373051,26.89999961853025,683,FALSE,111856074,'1st 09:14 : 2pt layup (2nd chance) (under the basket) missed by Khari Clark(Stony Brook),5254251,560827,561130,2024-03-21,Stony Brook Seawolves,561130,Stony Brook
19.796399497985856,3.9449996948242,317,TRUE,111856190,'1st 09:07 : 3pt jump shot (outside right) made by Peyton McDaniel(James Madison),5254251,560827,561130,2024-03-21,James Madison Dukes,560827,James Madison
6.749200286865246,19.29500007629395,683,FALSE,111856209,'1st 08:55 : 2pt floating jump shot (in the paint) missed by Gigi Gonzalez(Stony Brook) 0-3',5254251,560827,561130,2024-03-21,Stony Brook Seawolves,561130,Stony Brook
8.356599426269497,22.67499923706055,683,TRUE,111856268,'1st 08:49 : 2pt layup (under the basket) made by Gigi Gonzalez(Stony Brook) 2-3',5254251,560827,561130,2024-03-21,Stony Brook Seawolves,561130,Stony Brook
11.580799713134747,23.9449996948242,317,FALSE,111856332,'1st 08:29 : 2pt layup (blocked) (in the paint) missed by Kseniia Kozlova(James Madison),5254251,560827,561130,2024-03-21,James Madison Dukes,560827,James Madison
19.504999999999995,4.650000095367432,683,TRUE,111856337,'1st 08:22 : 3pt jump shot (fast break) (outside right) made by Zaida Gonzalez(Stony Brook),5254251,560827,561130,2024-03-21,Stony Brook Seawolves,561130,Stony Brook
6.157002868652327,47.8849983215332,683,TRUE,111856919,'1st 06:29 : 3pt jump shot (off turnover) (outside left wing) made by Gigi Gonzalez(Stony Brook),5254251,560827,561130,2024-03-21,Stony Brook Seawolves,561130,Stony Brook
8.647999820709233,23.9449996948242,317,TRUE,111857000,'1st 06:14 : 2pt driving layup (under the basket) made by Hevynne Bristow(James Madison) 8-5',5254251,560827,561130,2024-03-21,James Madison Dukes,560827,James Madison
29.03659942626949,35.3499984741211,683,FALSE,111857049,'1st 05:59 : 3pt jump shot (outside left) missed by Gigi Gonzalez(Stony Brook),5254251,560827,561130,2024-03-21,Stony Brook Seawolves,561130,Stony Brook
8.065201721191428,29.7199993133545,683,FALSE,111857070,'1st 05:50 : 2pt layup (2nd chance) (in the paint) missed by Sherese Pittman(Stony Brook),5254251,560827,561130,2024-03-21,Stony Brook Seawolves,561130,Stony Brook
13.930799713134748,22.95999908447265,317,TRUE,111857149,'1st 05:38 : 2pt floating jump shot (in the paint) made by Hevynne Bristow(James Madison) 8-7',5254251,560827,561130,2024-03-21,James Madison Dukes,560827,James Madison
5.574199838638304,48.450000047683716,317,FALSE,111857341,'1st 05:06 : 3pt jump shot (off turnover) (outside left wing) missed by Carole Miller(James Madison),5254251,560827,561130,2024-03-21,James Madison Dukes,560827,James Madison
13.780403442382834,47.185001373291,683,FALSE,111857470,'1st 04:42 : 3pt jump shot (outside left) missed by Gigi Gonzalez(Stony Brook),5254251,560827,561130,2024-03-21,Stony Brook Seawolves,561130,Stony Brook
8.21559978485107,24.5049991607666,317,FALSE,111857546,'1st 04:22 : 2pt layup (under the basket) missed by Jamia Hazell(James Madison),5254251,560827,561130,2024-03-21,James Madison Dukes,560827,James Madison
7.623399677276614,28.0300006866455,317,FALSE,111856440,'1st 08:07 : 2pt layup (blocked) (under the basket) missed by Kseniia Kozlova(James Madison),5254251,560827,561130,2024-03-21,James Madison Dukes,560827,James Madison
15.547600860595665,26.1949996948242,683,FALSE,111856458,'1st 08:00 : 2pt pull up jump shot (in the paint) missed by Zaida Gonzalez(Stony Brook),5254251,560827,561130,2024-03-21,Stony Brook Seawolves,561130,Stony Brook
29.76980007171626,20.5650005340576,317,FALSE,111856556,'1st 07:41 : 3pt jump shot (outside center) missed by Ashanti Barnes(James Madison),5254251,560827,561130,2024-03-21,James Madison Dukes,560827,James Madison
29.76979827880858,20.2800006866455,683,FALSE,111856577,'1st 07:28 : 3pt jump shot (outside center) missed by Khari Clark(Stony Brook),5254251,560827,561130,2024-03-21,Stony Brook Seawolves,561130,Stony Brook
8.798399677276615,22.8150005340576,317,FALSE,111856650,'1st 07:16 : 2pt layup (under the basket) missed by Kseniia Kozlova(James Madison),5254251,560827,561130,2024-03-21,James Madison Dukes,560827,James Madison
14.081203155517585,20.42499923706055,683,FALSE,111856677,'1st 07:10 : 2pt jump shot (in the paint) missed by Kelis Corley(Stony Brook),5254251,560827,561130,2024-03-21,Stony Brook Seawolves,561130,Stony Brook
18.912802581787076,3.6600000858306885,740,FALSE,111856208,'1st 09:24 : 3pt jump shot (off turnover) (outside right) missed by Sarah Te-Biasu(VCU),5254259,561191,561193,2024-03-21,VCU Rams,561193,VCU
7.181599874496465,25.20999908447265,739,TRUE,111856263,'1st 09:16 : 2pt layup (fast break) (under the basket) made by Maddie Webber(VILL),5254259,561191,561193,2024-03-21,Villanova Wildcats,561191,Villanova
28.15299713134766,15.350000381469748,740,FALSE,111856318,'1st 09:01 : 3pt jump shot (outside right) missed by Mary-Anna Asare(VCU),5254259,561191,561193,2024-03-21,VCU Rams,561193,VCU
19.796397705078064,26.6200008392334,740,TRUE,111856399,'1st 08:44 : 2pt jump shot (2nd chance) (in the paint) made by Samantha Robinson(VCU),5254259,561191,561193,2024-03-21,VCU Rams,561193,VCU
16.713200645446772,46.90000009536743,739,TRUE,111856457,'1st 08:26 : 3pt jump shot (outside left) made by Lucy Olsen(VILL),5254259,561191,561193,2024-03-21,Villanova Wildcats,561191,Villanova
10.114402008056658,26.0550003051758,740,FALSE,111856555,'1st 08:01 : 2pt jump shot (in the paint) missed by Timaya Lewis-Eutsey(VCU),5254259,561191,561193,2024-03-21,VCU Rams,561193,VCU
7.623400573730507,26.6200008392334,740,FALSE,111856576,'1st 07:56 : 2pt layup (2nd chance) (under the basket) missed by Timaya Lewis-Eutsey(VCU),5254259,561191,561193,2024-03-21,VCU Rams,561193,VCU
13.930799713134748,13.8050003051758,739,TRUE,111856917,'1st 07:34 : 2pt turnaround jump shot (inside right) made by Lucy Olsen(VILL),5254259,561191,561193,2024-03-21,Villanova Wildcats,561191,Villanova
27.128400573730502,13.659999847412102,740,TRUE,111856943,'1st 07:25 : 3pt step back jump shot (outside right) made by Sarah Te-Biasu(VCU),5254259,561191,561193,2024-03-21,VCU Rams,561193,VCU
27.861599426269496,8.1699981689453,739,FALSE,111857047,'1st 07:02 : 3pt jump shot (outside right) missed by Lucy Olsen(VILL),5254259,561191,561193,2024-03-21,Villanova Wildcats,561191,Villanova
31.81899856567383,23.3799991607666,740,FALSE,111857054,'1st 06:56 : 3pt jump shot (outside center) missed by Sarah Te-Biasu(VCU),5254259,561191,561193,2024-03-21,VCU Rams,561193,VCU
5.423796844482425,22.8150005340576,740,FALSE,111857273,'1st 06:24 : 2pt layup (off turnover) (under the basket) missed by Mykel Parham(VCU),5254259,561191,561193,2024-03-21,VCU Rams,561193,VCU
31.236199569702123,28.875,739,FALSE,111857309,'1st 06:11 : 3pt jump shot (outside center) missed by Bella Runyan(VILL),5254259,561191,561193,2024-03-21,Villanova Wildcats,561191,Villanova
6.890201721191431,24.22500038146975,740,TRUE,111857340,'1st 05:53 : 2pt driving layup (under the basket) made by Mary-Anna Asare(VCU) 9-7',5254259,561191,561193,2024-03-21,VCU Rams,561193,VCU
9.682002868652319,18.45000076293945,740,FALSE,111857696,'1st 05:20 : 2pt jump shot (off turnover) (inside right) missed by Jennifer Ezeh(VCU),5254259,561191,561193,2024-03-21,VCU Rams,561193,VCU
2.641399946212768,47.46499991416931,739,TRUE,111857724,'1st 05:08 : 3pt jump shot (outside left wing) made by Maddie Webber(VILL),5254259,561191,561193,2024-03-21,Villanova Wildcats,561191,Villanova
23.90420028686525,41.125,739,FALSE,111858699,'1st 04:21 : 3pt jump shot (off turnover) (outside left) missed by Bella Runyan(VILL),5254259,561191,561193,2024-03-21,Villanova Wildcats,561191,Villanova
7.773796844482419,28.72999954223635,740,FALSE,111858798,'1st 04:00 : 2pt layup (in the paint) missed by Jennifer Ezeh(VCU),5254259,561191,561193,2024-03-21,VCU Rams,561193,VCU
25.953400573730505,8.449999809265151,740,FALSE,111859018,'1st 03:35 : 3pt jump shot (off turnover) (outside right) missed by Grace Hutson(VCU),5254259,561191,561193,2024-03-21,VCU Rams,561193,VCU
15.547600860595661,39.01500034332275,739,FALSE,111859078,'1st 03:16 : 2pt jump shot (inside left) missed by Lucy Olsen(VILL),5254259,561191,561193,2024-03-21,Villanova Wildcats,561191,Villanova
8.948800430297851,26.76000022888185,739,TRUE,111859080,'1st 03:09 : 2pt layup (2nd chance) (under the basket) made by Lucy Olsen(VILL) 9-12',5254259,561191,561193,2024-03-21,Villanova Wildcats,561191,Villanova
7.623400573730507,22.3449993133545,29,TRUE,111857938,'1st 09:43 : 2pt driving layup (under the basket) made by Jada Williams(Arizona) 2-0',5254155,560603,560595,2024-03-21,Arizona Wildcats,560595,Arizona
8.356599426269497,29.8099994659424,29,TRUE,111858113,'1st 09:07 : 2pt hook shot (off turnover) (in the paint) made by Breya Cunningham(Arizona),5254155,560603,560595,2024-03-21,Arizona Wildcats,560595,Arizona
6.890199928283687,22.1599998474121,37,FALSE,111858150,'1st 08:48 : 2pt driving layup (blocked) (under the basket) missed by Sydney Shaw(Auburn),5254155,560603,560595,2024-03-21,Auburn Tigers,560603,Auburn
15.801399497985855,21.35000038146975,37,FALSE,111858376,'1st 08:11 : 2pt pull up jump shot (off turnover) (in the paint) missed by JaMya Mingo-Young(Auburn) 4-0',5254155,560603,560595,2024-03-21,Auburn Tigers,560603,Auburn
29.920201721191418,24.04000091552735,29,FALSE,111858463,'1st 07:51 : 3pt jump shot (outside center) missed by Helena Pueyo(Arizona),5254155,560603,560595,2024-03-21,Arizona Wildcats,560595,Arizona
8.948800430297851,37.51000022888185,37,TRUE,111858493,'1st 07:42 : 2pt turnaround jump shot (inside left) made by Honesty Scott-Grayson(Auburn) 4-2',5254155,560603,560595,2024-03-21,Auburn Tigers,560603,Auburn
27.861599426269493,15.869999885559103,29,FALSE,111858559,'1st 07:28 : 3pt step back jump shot (outside right) missed by Jada Williams(Arizona),5254155,560603,560595,2024-03-21,Arizona Wildcats,560595,Arizona
6.598796844482422,27.97999954223635,29,TRUE,111858627,'1st 07:06 : 2pt layup (off turnover) (under the basket) made by Breya Cunningham(Arizona),5254155,560603,560595,2024-03-21,Arizona Wildcats,560595,Arizona
10.415199928283734,39.19999980926515,37,FALSE,111858881,'1st 06:35 : 2pt jump shot (inside left) missed by Honesty Scott-Grayson(Auburn),5254155,560603,560595,2024-03-21,Auburn Tigers,560603,Auburn
8.356600322723386,26.8099994659424,37,FALSE,111859239,'1st 06:08 : 2pt layup (blocked) (under the basket) missed by Honesty Scott-Grayson(Auburn),5254155,560603,560595,2024-03-21,Auburn Tigers,560603,Auburn
8.356599426269497,27.42000007629395,29,FALSE,111859341,'1st 05:46 : 2pt (under the basket) missed by Arizona 8-2',5254155,560603,560595,2024-03-21,Arizona Wildcats,560595,Arizona
7.914798278808576,27.42000007629395,29,FALSE,111859359,'1st 05:46 : 2pt driving layup (blocked) (under the basket) missed by Skylar Jones(Arizona),5254155,560603,560595,2024-03-21,Arizona Wildcats,560595,Arizona
16.280799713134755,2.8949999809265137,1014,FALSE,111856205,'1st 09:46 : 3pt jump shot (outside right) missed by Alexis Andrews(CoC),5254439,560551,561242,2024-03-21,Col. of Charleston Cougars,561242,Col. of Charleston
6.749200286865246,25.9950008392334,1014,FALSE,111856316,'1st 09:20 : 2pt layup (off turnover) (under the basket) missed by Zoe McCrary(CoC),5254439,560551,561242,2024-03-21,Col. of Charleston Cougars,561242,Col. of Charleston
7.1815994262695,24.72999954223635,1014,FALSE,111856329,'1st 09:10 : 2pt layup (2nd chance;off turnover) (under the basket) missed by Zoe McCrary(CoC),5254439,560551,561242,2024-03-21,Col. of Charleston Cougars,561242,Col. of Charleston
10.997999820709195,47.66499996185303,10411,FALSE,111856403,'1st 09:01 : 3pt jump shot (outside left) missed by AC Markham(UPST ),5254439,560551,561242,2024-03-21,USC Upstate Spartans,560551,USC Upstate
6.598796844482422,48.11000061035155,1014,FALSE,111856454,'1st 08:45 : 3pt jump shot (outside left wing) missed by Taryn Barbot(CoC),5254439,560551,561242,2024-03-21,Col. of Charleston Cougars,561242,Col. of Charleston
6.598799982070919,25.27000045776365,10411,FALSE,111856511,'1st 08:36 : 2pt driving layup (under the basket) missed by Trinity Johnson(UPST ),5254439,560551,561242,2024-03-21,USC Upstate Spartans,560551,USC Upstate
7.623400573730507,44.5900001525879,1014,TRUE,111856551,'1st 08:30 : 2pt jump shot (fast break) (inside left) made by Taryn Barbot(CoC),5254439,560551,561242,2024-03-21,Col. of Charleston Cougars,561242,Col. of Charleston
5.71520172119142,44.72999954223635,1014,TRUE,111856696,'1st 07:50 : 2pt jump shot (off turnover) (inside left wing) made by Jada Logan(CoC),5254439,560551,561242,2024-03-21,Col. of Charleston Cougars,561242,Col. of Charleston
7.77380043029785,1.185001373291,10411,FALSE,111856796,'1st 07:27 : 3pt jump shot (outside right) missed by Dakota Reeves(UPST ),5254439,560551,561242,2024-03-21,USC Upstate Spartans,560551,USC Upstate
8.798400573730504,2.194999933242798,1014,TRUE,111857131,'1st 06:52 : 3pt jump shot (outside right) made by Jada Logan(CoC),5254439,560551,561242,2024-03-21,Col. of Charleston Cougars,561242,Col. of Charleston
7.0405979919433435,23.60000038146975,1014,FALSE,111857192,'1st 06:37 : 2pt layup (off turnover) (under the basket) missed by Taryn Barbot(CoC),5254439,560551,561242,2024-03-21,Col. of Charleston Cougars,561242,Col. of Charleston
5.640000000000001,25,1014,TRUE,111857199,'1st 06:33 : 2pt layup (2nd chance;off turnover) (under the basket) made by Jada Logan(CoC) 9-1',5254439,560551,561242,2024-03-21,Col. of Charleston Cougars,561242,Col. of Charleston
8.507000179290769,35.5550003051758,10411,TRUE,111857258,'1st 06:15 : 2pt pull up jump shot (inside left) made by Jeni Levine(UPST ) 9-3',5254439,560551,561242,2024-03-21,USC Upstate Spartans,560551,USC Upstate
20.238198852539085,44.5900001525879,1014,FALSE,111857339,'1st 05:50 : 3pt jump shot (outside left) missed by Jada Logan(CoC),5254439,560551,561242,2024-03-21,Col. of Charleston Cougars,561242,Col. of Charleston
8.647999820709233,21.32999992370605,10411,FALSE,111857442,'1st 05:39 : 2pt driving layup (blocked) (in the paint) missed by Trinity Johnson(UPST ),5254439,560551,561242,2024-03-21,USC Upstate Spartans,560551,USC Upstate
16.42180114746091,18.95499992370605,1014,TRUE,111857543,'1st 05:22 : 2pt pull up jump shot (inside right) made by Alexis Andrews(CoC) 11-3',5254439,560551,561242,2024-03-21,Col. of Charleston Cougars,561242,Col. of Charleston
18.621399497985855,26.26000022888185,10411,FALSE,111857689,'1st 04:56 : 2pt jump shot (in the paint) missed by Jeni Levine(UPST ),5254439,560551,561242,2024-03-21,USC Upstate Spartans,560551,USC Upstate
5.7151999282836865,21.1849994659424,10411,TRUE,111858526,'1st 04:26 : 2pt layup (off turnover) (in the paint) made by Isabell West(UPST ),5254439,560551,561242,2024-03-21,USC Upstate Spartans,560551,USC Upstate
30.502997131347662,32.4749984741211,1014,TRUE,111858586,'1st 04:06 : 3pt jump shot (outside center) made by Alexis Andrews(CoC),5254439,560551,561242,2024-03-21,Col. of Charleston Cougars,561242,Col. of Charleston
24.637399139404337,28.25,1014,FALSE,111858790,'1st 03:28 : 2pt jump shot (off turnover) (inside center) missed by Naylee Cortes(CoC),5254439,560551,561242,2024-03-21,Col. of Charleston Cougars,561242,Col. of Charleston
24.637399139404337,8.5099983215332,10411,TRUE,111858912,'1st 03:15 : 3pt jump shot (outside right) made by Dakota Reeves(UPST ),5254439,560551,561242,2024-03-21,USC Upstate Spartans,560551,USC Upstate
8.647999820709233,22.39500045776365,635,TRUE,111858952,'1st 04:43 : 2pt driving layup (under the basket) made by Azana Baines(SHU) 13-2',5254261,561060,561079,2024-03-21,Seton Hall Pirates,561079,Seton Hall
9.089798278808573,28.17000007629395,606,TRUE,111859014,'1st 04:28 : 2pt layup (in the paint) made by Paula Maurina(SJU),5254261,561060,561079,2024-03-21,Saint Joseph's Hawks,561060,Saint Joseph's
26.395201721191413,41.54999923706055,606,FALSE,111859225,'1st 04:01 : 3pt jump shot (off turnover) (outside left) missed by Gabby Casey(SJU),5254261,561060,561079,2024-03-21,Saint Joseph's Hawks,561060,Saint Joseph's
17.59679935455323,19.57500076293945,635,TRUE,111855937,'1st 09:36 : 2pt jump shot (in the paint) made by Kae Satterfield(SHU),5254261,561060,561079,2024-03-21,Seton Hall Pirates,561079,Seton Hall
28.3034005737305,38.72999954223635,606,FALSE,111856067,'1st 09:08 : 3pt jump shot (outside left) missed by Julia Nystrom(SJU),5254261,561060,561079,2024-03-21,Saint Joseph's Hawks,561060,Saint Joseph's
14.372600860595668,23.8050003051758,606,FALSE,111856191,'1st 08:59 : 2pt jump shot (2nd chance) (in the paint) missed by Laura Ziegler(SJU),5254261,561060,561079,2024-03-21,Saint Joseph's Hawks,561060,Saint Joseph's
27.720599784851107,13.2400016784668,635,TRUE,111856317,'1st 08:31 : 3pt jump shot (outside right) made by Savannah Catalon(SHU),5254261,561060,561079,2024-03-21,Seton Hall Pirates,561079,Seton Hall
14.222197418212914,26.89999961853025,606,FALSE,111856394,'1st 08:09 : 2pt pull up jump shot (in the paint) missed by Chloe Welch(SJU),5254261,561060,561079,2024-03-21,Saint Joseph's Hawks,561060,Saint Joseph's
17.446399497985855,29.4349994659424,635,TRUE,111856553,'1st 07:48 : 2pt jump shot (in the paint) made by Kae Satterfield(SHU) 7-0',5254261,561060,561079,2024-03-21,Seton Hall Pirates,561079,Seton Hall
30.352600860595665,37.32500076293945,606,FALSE,111856633,'1st 07:20 : 3pt jump shot (outside left) missed by Talya Brugler(SJU),5254261,561060,561079,2024-03-21,Saint Joseph's Hawks,561060,Saint Joseph's
31.67800071716313,38.0299997329712,635,FALSE,111856751,'1st 07:00 : 3pt jump shot (outside left) missed by Savannah Catalon(SHU),5254261,561060,561079,2024-03-21,Seton Hall Pirates,561079,Seton Hall
15.10579971313475,10.27999877929685,635,FALSE,111857044,'1st 06:20 : 2pt jump shot (off turnover;blocked) (inside right) missed by Azana Baines(SHU),5254261,561060,561079,2024-03-21,Seton Hall Pirates,561079,Seton Hall
7.482399139404336,21.6900005340576,606,FALSE,111858353,'1st 05:45 : 2pt driving layup (off turnover) (under the basket) missed by Chloe Welch(SJU),5254261,561060,561079,2024-03-21,Saint Joseph's Hawks,561060,Saint Joseph's
12.906203155517574,20.2800006866455,606,FALSE,111858419,'1st 05:28 : 2pt driving layup (2nd chance;off turnover) (in the paint) missed by Gabby Casey(SJU),5254261,561060,561079,2024-03-21,Saint Joseph's Hawks,561060,Saint Joseph's
7.332000179290768,26.3400001525879,635,TRUE,111858721,'1st 05:13 : 2pt driving layup (under the basket) made by Shailyn Pinkney(SHU) 11-2',5254261,561060,561079,2024-03-21,Seton Hall Pirates,561079,Seton Hall
10.706599426269491,20.8449993133545,606,FALSE,111858793,'1st 04:58 : 2pt pull up jump shot (in the paint) missed by Mackenzie Smith(SJU),5254261,561060,561079,2024-03-21,Saint Joseph's Hawks,561060,Saint Joseph's
28.594798278808582,38.564998626709,746,TRUE,111855707,'1st 09:52 : 3pt jump shot (outside left) made by Sam Brunelle(UVA),5254260,561198,560554,2024-03-21,Virginia Cavaliers,561198,Virginia
7.0405979919433435,27.86000061035155,746,TRUE,111855875,'1st 09:23 : 2pt driving layup (off turnover) (under the basket) made by Camryn Taylor(UVA),5254260,561198,560554,2024-03-21,Virginia Cavaliers,561198,Virginia
13.347999820709195,2,19651,FALSE,111855936,'1st 09:02 : 3pt jump shot (outside right) missed by Faith Price(HPU),5254260,561198,560554,2024-03-21,High Point Panthers,560554,High Point
19.796397705078064,29.9699993133545,746,TRUE,111855939,'1st 08:58 : 2pt pull up jump shot (fast break) (in the paint) made by Kymora Johnson(UVA) 0-7',5254260,561198,560554,2024-03-21,Virginia Cavaliers,561198,Virginia
5.574199838638304,21.1550006866455,19651,TRUE,111856062,'1st 08:33 : 2pt driving layup (in the paint) made by Bukky Akinsola(HPU) 2-7',5254260,561198,560554,2024-03-21,High Point Panthers,560554,High Point
23.904200286865247,10.8149995803833,746,FALSE,111856514,'1st 07:44 : 3pt jump shot (outside right) missed by Sam Brunelle(UVA),5254260,561198,560554,2024-03-21,Virginia Cavaliers,561198,Virginia
6.44840057373051,47.86000061035155,746,FALSE,111856752,'1st 07:20 : 3pt jump shot (outside left wing) missed by Jillian Brown(UVA),5254260,561198,560554,2024-03-21,Virginia Cavaliers,561198,Virginia
7.04059978485107,25.9449996948242,19651,TRUE,111857046,'1st 07:00 : 2pt driving layup (off turnover;fast break) (under the basket) made by Bukky Akinsola(HPU) 7-9',5254260,561198,560554,2024-03-21,High Point Panthers,560554,High Point
20.37920028686524,43.7750015258789,746,FALSE,111857066,'1st 06:45 : 3pt jump shot (outside left) missed by Kymora Johnson(UVA),5254260,561198,560554,2024-03-21,Virginia Cavaliers,561198,Virginia
26.395199928283738,12.13999938964845,19651,TRUE,111857136,'1st 06:34 : 3pt jump shot (fast break) (outside right) made by Bukky Akinsola(HPU) 10-9',5254260,561198,560554,2024-03-21,High Point Panthers,560554,High Point
26.837002868652334,37.01499938964845,746,TRUE,111857217,'1st 06:18 : 3pt jump shot (outside left) made by Camryn Taylor(UVA),5254260,561198,560554,2024-03-21,Virginia Cavaliers,561198,Virginia
7.773796844482419,23.20999908447265,746,FALSE,111857390,'1st 05:53 : 2pt layup (off turnover) (under the basket) missed by Camryn Taylor(UVA),5254260,561198,560554,2024-03-21,Virginia Cavaliers,561198,Virginia
6.448400125503536,27.4950008392334,19651,FALSE,111857544,'1st 05:38 : 2pt driving layup (under the basket) missed by Bukky Akinsola(HPU),5254260,561198,560554,2024-03-21,High Point Panthers,560554,High Point
17.88819885253909,22.22500038146975,746,TRUE,111857569,'1st 05:30 : 2pt pull up jump shot (fast break) (in the paint) made by Kymora Johnson(UVA),5254260,561198,560554,2024-03-21,Virginia Cavaliers,561198,Virginia
5.132400035858152,27.20999908447265,19651,FALSE,111857691,'1st 05:09 : 2pt driving layup (blocked) (under the basket) missed by Cydney Johnson(HPU),5254260,561198,560554,2024-03-21,High Point Panthers,560554,High Point
6.44840057373051,28.2800006866455,746,TRUE,111857722,'1st 05:01 : 2pt layup (fast break) (under the basket) made by Jillian Brown(UVA),5254260,561198,560554,2024-03-21,Virginia Cavaliers,561198,Virginia
5.865597991943346,28.2800006866455,746,FALSE,111857813,'1st 04:39 : 2pt driving layup (off turnover) (under the basket) missed by Kymora Johnson(UVA),5254260,561198,560554,2024-03-21,Virginia Cavaliers,561198,Virginia
8.798399677276615,38.6199998855591,19651,TRUE,111857829,'1st 04:29 : 2pt pull up jump shot (inside left) made by Lauren Bevis(HPU) 12-16',5254260,561198,560554,2024-03-21,High Point Panthers,560554,High Point
7.482399139404336,1.8049999475479126,746,FALSE,111857877,'1st 04:12 : 3pt jump shot (outside right) missed by Alexia Smith(UVA),5254260,561198,560554,2024-03-21,Virginia Cavaliers,561198,Virginia
30.352600860595665,23.91500091552735,746,FALSE,111858696,'1st 03:59 : 3pt jump shot (2nd chance) (outside center) missed by Sam Brunelle(UVA),5254260,561198,560554,2024-03-21,Virginia Cavaliers,561198,Virginia
8.647999820709233,14.814998626709,19651,FALSE,111858792,'1st 03:35 : 2pt floating jump shot (inside right) missed by Lauren Bevis(HPU),5254260,561198,560554,2024-03-21,High Point Panthers,560554,High Point
8.21559799194334,23.77499961853025,746,TRUE,111858797,'1st 03:28 : 2pt driving layup (fast break) (under the basket) made by Kymora Johnson(UVA) 12-18',5254260,561198,560554,2024-03-21,Virginia Cavaliers,561198,Virginia
25.66199928283687,38.6199998855591,19651,FALSE,111858887,'1st 03:11 : 3pt jump shot (outside left) missed by Nevaeh Zavala(HPU),5254260,561198,560554,2024-03-21,High Point Panthers,560554,High Point
6.890201721191431,24.47999954223635,746,TRUE,111859015,'1st 02:57 : 2pt driving layup (under the basket) made by Alexia Smith(UVA) 12-20',5254260,561198,560554,2024-03-21,Virginia Cavaliers,561198,Virginia
20.68,5.9449996948242,19651,FALSE,111859113,'1st 02:31 : 3pt pull up jump shot (blocked) (outside right) missed by Faith Price(HPU),5254260,561198,560554,2024-03-21,High Point Panthers,560554,High Point
6.44840057373051,27.29500007629395,746,TRUE,111859154,'1st 02:23 : 2pt driving layup (fast break) (under the basket) made by Alexia Smith(UVA),5254260,561198,560554,2024-03-21,Virginia Cavaliers,561198,Virginia
31.818998565673834,25.3799991607666,19651,FALSE,111859180,'1st 02:12 : 3pt jump shot (outside center) missed by Shakira Baskerville(HPU),5254260,561198,560554,2024-03-21,High Point Panthers,560554,High Point
23.31200286865233,24.47999954223635,746,FALSE,111859223,'1st 02:05 : 2pt pull up jump shot (inside center) missed by Alexia Smith(UVA),5254260,561198,560554,2024-03-21,Virginia Cavaliers,561198,Virginia
7.482400035858152,22.5650005340576,709,FALSE,111855826,'1st 09:36 : 2pt driving layup (under the basket) missed by Nan Garcia(TOL),5254258,561161,560681,2024-03-21,Toledo Rockets,561161,Toledo
9.973400573730501,25.4650001525879,148,FALSE,111856060,'1st 08:47 : 2pt driving layup (off turnover) (in the paint) missed by Colbi Maples(CSU),5254258,561161,560681,2024-03-21,Cleveland St. Vikings,560681,Cleveland St.
6.598796844482422,28.70499992370605,148,FALSE,111856149,'1st 08:43 : 2pt layup (2nd chance;off turnover) (under the basket) missed by Carmen Villalobos(CSU),5254258,561161,560681,2024-03-21,Cleveland St. Vikings,560681,Cleveland St.
17.01399856567383,35.4650001525879,148,FALSE,111856256,'1st 08:37 : 2pt step back jump shot (2nd chance;off turnover) (inside left) missed by Colbi Maples(CSU),5254258,561161,560681,2024-03-21,Cleveland St. Vikings,560681,Cleveland St.
5.86559978485107,27.20999908447265,709,FALSE,111856324,'1st 08:15 : 2pt driving layup (under the basket) missed by Nan Garcia(TOL),5254258,561161,560681,2024-03-21,Toledo Rockets,561161,Toledo
7.482399139404336,27.4349994659424,148,FALSE,111856327,'1st 08:10 : 2pt layup (blocked) (under the basket) missed by Sara Guerreiro(CSU),5254258,561161,560681,2024-03-21,Cleveland St. Vikings,560681,Cleveland St.
7.482399139404336,20.95999908447265,148,FALSE,111856453,'1st 08:03 : 2pt jump shot (2nd chance;blocked) (in the paint) missed by Sara Guerreiro(CSU),5254258,561161,560681,2024-03-21,Cleveland St. Vikings,560681,Cleveland St.
7.623400573730507,27.01499938964845,148,FALSE,111856570,'1st 07:48 : 2pt layup (off turnover) (under the basket) missed by Sara Guerreiro(CSU),5254258,561161,560681,2024-03-21,Cleveland St. Vikings,560681,Cleveland St.
6.157002868652327,28.2800006866455,148,TRUE,111856695,'1st 07:44 : 2pt layup (2nd chance;off turnover) (under the basket) made by Jordana Reisma(CSU) 2-0',5254258,561161,560681,2024-03-21,Cleveland St. Vikings,560681,Cleveland St.
15.547600860595661,32.70499992370605,709,FALSE,111856748,'1st 07:24 : 2pt jump shot (inside left) missed by Quinesha Lockett(TOL),5254258,561161,560681,2024-03-21,Toledo Rockets,561161,Toledo
7.04059978485107,29.7450008392334,709,FALSE,111857041,'1st 07:00 : 2pt jump shot (in the paint) missed by Sammi Mikonowicz(TOL),5254258,561161,560681,2024-03-21,Toledo Rockets,561161,Toledo
7.482399139404336,27.7199993133545,148,FALSE,111857064,'1st 06:52 : 2pt layup (under the basket) missed by Mickayla Perdue(CSU),5254258,561161,560681,2024-03-21,Cleveland St. Vikings,560681,Cleveland St.
31.085799713134747,24.5349998474121,709,TRUE,111857069,'1st 06:44 : 3pt jump shot (fast break) (outside center) made by Sophia Wiard(TOL) 3-3',5254258,561161,560681,2024-03-21,Toledo Rockets,561161,Toledo
30.211599426269494,26.72999954223635,148,FALSE,111857187,'1st 06:28 : 3pt jump shot (outside center) missed by Colbi Maples(CSU),5254258,561161,560681,2024-03-21,Cleveland St. Vikings,560681,Cleveland St.
9.973400573730501,26.0300006866455,148,TRUE,111857441,'1st 05:51 : 2pt driving layup (off turnover) (in the paint) made by Shadiya Thomas(CSU) 5-3',5254258,561161,560681,2024-03-21,Cleveland St. Vikings,560681,Cleveland St.
16.713200645446772,24.67499923706055,709,FALSE,111857568,'1st 05:29 : 2pt jump shot (in the paint) missed by Sophia Wiard(TOL),5254258,561161,560681,2024-03-21,Toledo Rockets,561161,Toledo
8.647999820709233,24.11499977111815,709,FALSE,111858695,'1st 05:04 : 2pt jump shot (off turnover) (under the basket) missed by Hannah Noveroske(TOL),5254258,561161,560681,2024-03-21,Toledo Rockets,561161,Toledo
6.749199838638304,22.8449993133545,709,TRUE,111858720,'1st 05:04 : 2pt layup (2nd chance;off turnover) (under the basket) made by Hannah Noveroske(TOL) 5-5',5254258,561161,560681,2024-03-21,Toledo Rockets,561161,Toledo
27.57019992828374,31.57500076293945,709,FALSE,111859314,'1st 03:47 : 3pt jump shot (off turnover) (outside center) missed by Khera Goss(TOL),5254258,561161,560681,2024-03-21,Toledo Rockets,561161,Toledo
8.21559799194334,28.98500061035155,148,FALSE,111859347,'1st 03:36 : 2pt driving layup (in the paint) missed by Colbi Maples(CSU),5254258,561161,560681,2024-03-21,Cleveland St. Vikings,560681,Cleveland St.
29.478400573730504,30.72999954223635,709,FALSE,111859370,'1st 03:30 : 3pt jump shot (outside center) missed by Sophia Wiard(TOL),5254258,561161,560681,2024-03-21,Toledo Rockets,561161,Toledo
7.482399139404336,23.0699996948242,235,FALSE,111859092,'1st 02:39 : 2pt jump shot (under the basket) missed by Faith Dut(Florida),5254257,560757,561058,2024-03-21,Florida Gators,560757,Florida
12.906199569702121,47.77500009536743,603,FALSE,111856095,'1st 09:16 : 3pt jump shot (off turnover) (outside left) missed by Unique Drake(St. John&#39;s (NY)),5254257,560757,561058,2024-03-21,St. John's (NY) Red Storm,561058,St. John's (NY)
22.28739913940433,24.89999961853025,235,FALSE,111856183,'1st 09:08 : 2pt jump shot (inside center) missed by Aliyah Matharu(Florida),5254257,560757,561058,2024-03-21,Florida Gators,560757,Florida
8.948796844482416,26.72999954223635,235,FALSE,111856306,'1st 08:45 : 2pt jump shot (off turnover) (under the basket) missed by Laila Reynolds(Florida),5254257,560757,561058,2024-03-21,Florida Gators,560757,Florida
6.598796844482422,26.5900001525879,235,TRUE,111856308,'1st 08:42 : 2pt layup (2nd chance;off turnover) (under the basket) made by Laila Reynolds(Florida) 0-2',5254257,560757,561058,2024-03-21,Florida Gators,560757,Florida
7.914800071716313,37.21000003814695,603,TRUE,111856360,'1st 08:17 : 2pt pull up jump shot (inside left) made by Unique Drake(St. John&#39;s (NY)) 2-2',5254257,560757,561058,2024-03-21,St. John's (NY) Red Storm,561058,St. John's (NY)
7.914798278808576,39.27000045776365,235,TRUE,111856430,'1st 08:06 : 2pt jump shot (inside left) made by Faith Dut(Florida),5254257,560757,561058,2024-03-21,Florida Gators,560757,Florida
12.464400215148892,24.8150005340576,603,TRUE,111856485,'1st 07:51 : 2pt layup (in the paint) made by Phoenix Gedeon(St. John&#39;s (NY)) 4-4',5254257,560757,561058,2024-03-21,St. John's (NY) Red Storm,561058,St. John's (NY)
16.28079971313475,46.36500000953674,603,FALSE,111856724,'1st 07:08 : 3pt jump shot (off turnover) (outside left) missed by Jailah Donald(St. John&#39;s (NY)),5254257,560757,561058,2024-03-21,St. John's (NY) Red Storm,561058,St. John's (NY)
9.973399677276568,21.1550006866455,603,TRUE,111856815,'1st 06:49 : 2pt layup (2nd chance;off turnover) (in the paint) made by Jillian Archer(St. John&#39;s (NY)),5254257,560757,561058,2024-03-21,St. John's (NY) Red Storm,561058,St. John's (NY)
6.44840057373051,21.6599998474121,235,TRUE,111856959,'1st 06:35 : 2pt layup (under the basket) made by Laila Reynolds(Florida) 6-6',5254257,560757,561058,2024-03-21,Florida Gators,560757,Florida
17.88820064544677,16.6500015258789,603,TRUE,111857059,'1st 06:12 : 2pt pull up jump shot (inside right) made by Unique Drake(St. John&#39;s (NY)) 8-6',5254257,560757,561058,2024-03-21,St. John's (NY) Red Storm,561058,St. John's (NY)
6.429600143432616,22.60499954223635,603,TRUE,111857298,'1st 05:43 : 2pt layup (off turnover) (under the basket) made by Jillian Archer(St. John&#39;s (NY)) 10-6',5254257,560757,561058,2024-03-21,St. John's (NY) Red Storm,561058,St. John's (NY)
15.105799713134758,28.42499923706055,235,TRUE,111857332,'1st 05:28 : 2pt jump shot (in the paint) made by Laila Reynolds(Florida),5254257,560757,561058,2024-03-21,Florida Gators,560757,Florida
5.7151999282836865,26.5049991607666,603,TRUE,111857435,'1st 05:05 : 2pt layup (under the basket) made by Jillian Archer(St. John&#39;s (NY)),5254257,560757,561058,2024-03-21,St. John's (NY) Red Storm,561058,St. John's (NY)
26.54559799194334,37.72000122070315,235,TRUE,111857485,'1st 04:53 : 3pt jump shot (outside left) made by Aliyah Matharu(Florida),5254257,560757,561058,2024-03-21,Florida Gators,560757,Florida
19.354600143432627,20.875,603,TRUE,111857559,'1st 04:31 : 2pt pull up jump shot (in the paint) made by Unique Drake(St. John&#39;s (NY)) 14-11',5254257,560757,561058,2024-03-21,St. John's (NY) Red Storm,561058,St. John's (NY)
11.731203155517576,8,235,FALSE,111857597,'1st 04:21 : 2pt jump shot (inside right) missed by Aliyah Matharu(Florida),5254257,560757,561058,2024-03-21,Florida Gators,560757,Florida
6.0160000896453845,26.22500038146975,603,TRUE,111857604,'1st 04:15 : 2pt layup (fast break) (under the basket) made by Ber&#39;Nyah Mayo(St. John&#39;s (NY)),5254257,560757,561058,2024-03-21,St. John's (NY) Red Storm,561058,St. John's (NY)
22.437800788879393,32.42499923706055,603,TRUE,111858558,'1st 03:37 : 2pt jump shot (off turnover) (inside left) made by Unique Drake(St. John&#39;s (NY)) 18-11',5254257,560757,561058,2024-03-21,St. John's (NY) Red Storm,561058,St. John's (NY)
21.11239913940433,25.4650001525879,235,TRUE,111858609,'1st 03:20 : 2pt pull up jump shot (inside center) made by Laila Reynolds(Florida) 18-13',5254257,560757,561058,2024-03-21,Florida Gators,560757,Florida
