loc_y,loc_x,shot_team_id,shot_outcome,play_id,description,game_id,home_id,away_id,game_date,full_name,team_id,team_name
8.798399677276615,24.39500045776365,669,TRUE,111870312,'3rd 04:23 : 2pt layup (under the basket) made by Kennedy Taylor(Bears),5254252,560805,561116,2024-03-22,Missouri St. Bears,561116,Missouri St.
7.77380043029785,27.91500091552735,669,FALSE,111870385,'3rd 03:55 : 2pt layup (off turnover) (under the basket) missed by Kennedy Taylor(Bears),5254252,560805,561116,2024-03-22,Missouri St. Bears,561116,Missouri St.
32.41119956970212,27.0699996948242,669,FALSE,111872217,'3rd 00:59.50 : 3pt jump shot (outside center) missed by Kyrah Daniels(Bears),5254252,560805,561116,2024-03-22,Missouri St. Bears,561116,Missouri St.
8.507000179290769,25.52000045776365,301,FALSE,111864531,'2nd 00:59.20 : 2pt layup (under the basket) missed by Camille Hobby(Illini),5254252,560805,561116,2024-03-22,Illinois Fighting Illini,560805,Illinois
7.77380043029785,27.4950008392334,301,FALSE,111864921,'2nd 00:08.80 : 2pt driving layup (off turnover) (under the basket) missed by Makira Cook(Illini),5254252,560805,561116,2024-03-22,Illinois Fighting Illini,560805,Illinois
14.955403442382845,29.9699993133545,669,TRUE,111855878,'1st 09:39 : 2pt jump shot (in the paint) made by Kyrah Daniels(Bears) 2-0',5254252,560805,561116,2024-03-22,Missouri St. Bears,561116,Missouri St.
8.948800430297851,23.82999992370605,301,FALSE,111855996,'1st 09:16 : 2pt (under the basket) missed by Illini 2-0',5254252,560805,561116,2024-03-22,Illinois Fighting Illini,560805,Illinois
20.821001434326178,27.86000061035155,669,TRUE,111856207,'1st 09:06 : 2pt jump shot (inside center) made by Jade Masogayo(Bears),5254252,560805,561116,2024-03-22,Missouri St. Bears,561116,Missouri St.
10.114400215148892,21.57500076293945,301,FALSE,111856261,'1st 08:52 : 2pt driving layup (in the paint) missed by Makira Cook(Illini),5254252,560805,561116,2024-03-22,Illinois Fighting Illini,560805,Illinois
7.914800071716313,23.6900005340576,301,TRUE,111856315,'1st 08:46 : 2pt layup (2nd chance) (under the basket) made by Camille Hobby(Illini) 4-4',5254252,560805,561116,2024-03-22,Illinois Fighting Illini,560805,Illinois
8.798400573730504,25.4650001525879,669,TRUE,111856441,'1st 08:16 : 2pt driving layup (under the basket) made by Lacy Stokes(Bears) 6-4',5254252,560805,561116,2024-03-22,Missouri St. Bears,561116,Missouri St.
9.240199928283687,25.10000038146975,301,FALSE,111856523,'1st 07:57 : 2pt hook shot (under the basket) missed by Kendall Bostic(Illini),5254252,560805,561116,2024-03-22,Illinois Fighting Illini,560805,Illinois
9.240201721191426,23.4950008392334,669,FALSE,111856573,'1st 07:34 : 2pt jump shot (blocked) (under the basket) missed by Indya Green(Bears),5254252,560805,561116,2024-03-22,Missouri St. Bears,561116,Missouri St.
7.482399139404336,23.0699996948242,669,TRUE,111856658,'1st 07:21 : 2pt driving layup (off turnover;fast break) (under the basket) made by Lacy Stokes(Bears) 8-4',5254252,560805,561116,2024-03-22,Missouri St. Bears,561116,Missouri St.
7.623399677276614,25.6599998474121,301,FALSE,111856802,'1st 06:59 : 2pt layup (under the basket) missed by Adalia McKenzie(Illini),5254252,560805,561116,2024-03-22,Illinois Fighting Illini,560805,Illinois
5.4237999820709195,47.91499996185303,669,FALSE,111869029,'3rd 08:17 : 3pt jump shot (off turnover) (outside left wing) missed by Paige Rocca(Bears),5254252,560805,561116,2024-03-22,Missouri St. Bears,561116,Missouri St.
9.822999820709192,23.9699993133545,669,FALSE,111871182,'3rd 03:25 : 2pt layup (in the paint) missed by Kennedy Taylor(Bears),5254252,560805,561116,2024-03-22,Missouri St. Bears,561116,Missouri St.
31.085799713134747,26.9300003051758,669,TRUE,111872433,'3rd 00:34.40 : 3pt jump shot (outside center) made by Indya Green(Bears),5254252,560805,561116,2024-03-22,Missouri St. Bears,561116,Missouri St.
7.332002868652324,25.32500076293945,301,FALSE,111872477,'3rd 00:13.80 : 2pt driving layup (under the basket) missed by Adalia McKenzie(Illini),5254252,560805,561116,2024-03-22,Illinois Fighting Illini,560805,Illinois
5.64,25,301,FALSE,111856826,'1st 06:54 : 2pt layup (2nd chance) (under the basket) missed by Adalia McKenzie(Illini),5254252,560805,561116,2024-03-22,Illinois Fighting Illini,560805,Illinois
23.61280258178708,20.11499977111815,669,FALSE,111856913,'1st 06:43 : 2pt jump shot (inside center) missed by Indya Green(Bears),5254252,560805,561116,2024-03-22,Missouri St. Bears,561116,Missouri St.
9.381199569702149,24.5349998474121,301,FALSE,111856942,'1st 06:32 : 2pt jump shot (under the basket) missed by Makira Cook(Illini),5254252,560805,561116,2024-03-22,Illinois Fighting Illini,560805,Illinois
31.085799713134747,26.08499908447265,301,FALSE,111859678,'1st 01:09 : 3pt jump shot (outside center) missed by Genesis Bryant(Illini),5254252,560805,561116,2024-03-22,Illinois Fighting Illini,560805,Illinois
15.397197418212912,17.1550006866455,669,TRUE,111859750,'1st 00:42.30 : 2pt jump shot (inside right) made by Jade Masogayo(Bears) 19-15',5254252,560805,561116,2024-03-22,Missouri St. Bears,561116,Missouri St.
8.507000179290769,24.11499977111815,301,TRUE,111859840,'1st 00:13.10 : 2pt driving layup (under the basket) made by Makira Cook(Illini) 19-17',5254252,560805,561116,2024-03-22,Illinois Fighting Illini,560805,Illinois
17.30540344238284,14.619999885559103,669,FALSE,111859876,'1st 00:04.60 : 2pt jump shot (inside right) missed by Lacy Stokes(Bears),5254252,560805,561116,2024-03-22,Missouri St. Bears,561116,Missouri St.
9.682000179290807,24.11499977111815,301,FALSE,111860484,'2nd 09:55 : 2pt driving layup (under the basket) missed by Makira Cook(Illini),5254252,560805,561116,2024-03-22,Illinois Fighting Illini,560805,Illinois
11.148399677276569,28.47999954223635,669,FALSE,111869142,'3rd 07:51 : 2pt jump shot (off turnover) (in the paint) missed by Jade Masogayo(Bears),5254252,560805,561116,2024-03-22,Missouri St. Bears,561116,Missouri St.
15.838998565673833,18.2800006866455,301,TRUE,111869176,'3rd 07:45 : 2pt jump shot (fast break) (inside right) made by Makira Cook(Illini) 42-34',5254252,560805,561116,2024-03-22,Illinois Fighting Illini,560805,Illinois
27.128400573730502,11.944999694824197,301,TRUE,111871241,'3rd 03:03 : 3pt jump shot (outside right) made by Genesis Bryant(Illini),5254252,560805,561116,2024-03-22,Illinois Fighting Illini,560805,Illinois
25.953400573730505,42.42500019073485,669,FALSE,111871299,'3rd 02:44 : 3pt jump shot (outside left) missed by Paige Rocca(Bears),5254252,560805,561116,2024-03-22,Missouri St. Bears,561116,Missouri St.
8.21559799194334,24.89999961853025,301,TRUE,111871326,'3rd 02:34 : 2pt driving layup (under the basket) made by Adalia McKenzie(Illini) 48-49',5254252,560805,561116,2024-03-22,Illinois Fighting Illini,560805,Illinois
8.798400573730504,24.6200008392334,301,TRUE,111872515,'3rd 00:09.60 : 2pt layup (2nd chance) (under the basket) made by Adalia McKenzie(Illini) 51-55',5254252,560805,561116,2024-03-22,Illinois Fighting Illini,560805,Illinois
22.437800788879393,33.54999923706055,669,FALSE,111872525,'3rd 00:01.80 : 2pt jump shot (inside left) missed by Lacy Stokes(Bears),5254252,560805,561116,2024-03-22,Missouri St. Bears,561116,Missouri St.
8.64799713134768,22.08499908447265,301,TRUE,111872957,'4th 09:54 : 2pt driving layup (in the paint) made by Adalia McKenzie(Illini) 51-57',5254252,560805,561116,2024-03-22,Illinois Fighting Illini,560805,Illinois
9.682000179290807,18.76000022888185,669,TRUE,111873186,'4th 09:02 : 2pt jump shot (off turnover) (inside right) made by Indya Green(Bears) 53-57',5254252,560805,561116,2024-03-22,Missouri St. Bears,561116,Missouri St.
9.682002868652319,27.01499938964845,301,FALSE,111873263,'4th 08:37 : 2pt layup (in the paint) missed by Adalia McKenzie(Illini),5254252,560805,561116,2024-03-22,Illinois Fighting Illini,560805,Illinois
24.34599964141848,6.2249984741211,669,FALSE,111873324,'4th 08:16 : 3pt jump shot (outside right) missed by Lacy Stokes(Bears),5254252,560805,561116,2024-03-22,Missouri St. Bears,561116,Missouri St.
13.488998565673825,47.1549987792969,301,TRUE,111873344,'4th 08:08 : 3pt jump shot (outside left) made by Adalia McKenzie(Illini),5254252,560805,561116,2024-03-22,Illinois Fighting Illini,560805,Illinois
19.796397705078064,24.3400001525879,669,FALSE,111857010,'1st 06:20 : 2pt jump shot (in the paint) missed by Lacy Stokes(Bears),5254252,560805,561116,2024-03-22,Missouri St. Bears,561116,Missouri St.
8.356600322723386,24.39500045776365,301,FALSE,111857068,'1st 06:05 : 2pt driving layup (under the basket) missed by Adalia McKenzie(Illini),5254252,560805,561116,2024-03-22,Illinois Fighting Illini,560805,Illinois
8.507000179290769,23.4099998474121,301,TRUE,111857193,'1st 05:43 : 2pt layup (off turnover;fast break) (under the basket) made by Adalia McKenzie(Illini) 8-6',5254252,560805,561116,2024-03-22,Illinois Fighting Illini,560805,Illinois
7.1815994262695,39.4099998474121,669,FALSE,111860607,'2nd 09:25 : 2pt jump shot (inside left) missed by Paige Rocca(Bears),5254252,560805,561116,2024-03-22,Missouri St. Bears,561116,Missouri St.
7.1815994262695,24.89999961853025,669,TRUE,111860642,'2nd 09:21 : 2pt jump shot (2nd chance) (under the basket) made by Kaemyn Bekemeier(Bears) 21-17',5254252,560805,561116,2024-03-22,Missouri St. Bears,561116,Missouri St.
9.381199569702149,24.95999908447265,301,TRUE,111860644,'2nd 09:12 : 2pt driving layup (under the basket) made by Genesis Bryant(Illini) 21-19',5254252,560805,561116,2024-03-22,Illinois Fighting Illini,560805,Illinois
9.089800071716313,23.54999923706055,669,FALSE,111871361,'3rd 02:18 : 2pt driving layup (under the basket) missed by Lacy Stokes(Bears),5254252,560805,561116,2024-03-22,Missouri St. Bears,561116,Missouri St.
12.755799713134747,30.17000007629395,669,FALSE,111871388,'3rd 02:13 : 2pt jump shot (2nd chance) (in the paint) missed by Lacy Stokes(Bears),5254252,560805,561116,2024-03-22,Missouri St. Bears,561116,Missouri St.
8.948800430297851,24.11499977111815,669,FALSE,111871416,'3rd 02:04 : 2pt layup (off turnover) (under the basket) missed by Paige Rocca(Bears),5254252,560805,561116,2024-03-22,Missouri St. Bears,561116,Missouri St.
7.181599874496465,27.0699996948242,669,TRUE,111873391,'4th 07:49 : 2pt layup (under the basket) made by Jade Masogayo(Bears),5254252,560805,561116,2024-03-22,Missouri St. Bears,561116,Missouri St.
8.21559799194334,16.590000152587898,301,FALSE,111873405,'4th 07:38 : 2pt jump shot (inside right) missed by Kendall Bostic(Illini),5254252,560805,561116,2024-03-22,Illinois Fighting Illini,560805,Illinois
9.822999820709192,18.89999961853025,669,FALSE,111873437,'4th 07:20 : 2pt jump shot (inside right) missed by Jade Masogayo(Bears),5254252,560805,561116,2024-03-22,Missouri St. Bears,561116,Missouri St.
30.352600860595665,30.2549991607666,669,FALSE,111857308,'1st 05:10 : 3pt jump shot (outside center) missed by Kyrah Daniels(Bears),5254252,560805,561116,2024-03-22,Missouri St. Bears,561116,Missouri St.
8.948800430297851,24.2549991607666,301,TRUE,111857343,'1st 05:01 : 2pt driving layup (under the basket) made by Makira Cook(Illini) 8-8',5254252,560805,561116,2024-03-22,Illinois Fighting Illini,560805,Illinois
12.906203155517574,10.8149995803833,669,TRUE,111860855,'2nd 08:44 : 2pt jump shot (inside right) made by Lacy Stokes(Bears) 23-19',5254252,560805,561116,2024-03-22,Missouri St. Bears,561116,Missouri St.
10.415199928283734,18.89999961853025,301,FALSE,111861087,'2nd 08:13 : 2pt jump shot (inside right) missed by Adalia McKenzie(Illini),5254252,560805,561116,2024-03-22,Illinois Fighting Illini,560805,Illinois
9.089798278808573,23.77499961853025,669,TRUE,111861102,'2nd 08:03 : 2pt driving layup (under the basket) made by Lacy Stokes(Bears) 25-19',5254252,560805,561116,2024-03-22,Missouri St. Bears,561116,Missouri St.
8.798400573730504,26.0300006866455,301,TRUE,111869345,'3rd 07:07 : 2pt driving layup (off turnover) (under the basket) made by Makira Cook(Illini) 42-36',5254252,560805,561116,2024-03-22,Illinois Fighting Illini,560805,Illinois
7.77380043029785,48.19500005245209,669,FALSE,111873849,'4th 06:20 : 3pt jump shot (outside left) missed by Kaemyn Bekemeier(Bears),5254252,560805,561116,2024-03-22,Missouri St. Bears,561116,Missouri St.
7.623399677276614,23.54999923706055,669,FALSE,111873995,'4th 06:03 : 2pt driving layup (under the basket) missed by Lacy Stokes(Bears),5254252,560805,561116,2024-03-22,Missouri St. Bears,561116,Missouri St.
20.680000000000007,25.4650001525879,301,TRUE,111874015,'4th 05:52 : 2pt jump shot (inside center) made by Camille Hobby(Illini),5254252,560805,561116,2024-03-22,Illinois Fighting Illini,560805,Illinois
30.6534005737305,32,669,FALSE,111874073,'4th 05:28 : 3pt jump shot (outside center) missed by Indya Green(Bears),5254252,560805,561116,2024-03-22,Missouri St. Bears,561116,Missouri St.
13.19760086059567,46.875,669,TRUE,111861557,'2nd 07:05 : 3pt jump shot (off turnover) (outside left) made by Paige Rocca(Bears),5254252,560805,561116,2024-03-22,Missouri St. Bears,561116,Missouri St.
31.236199569702123,25.6599998474121,301,TRUE,111861664,'2nd 06:40 : 3pt jump shot (outside center) made by Makira Cook(Illini) 30-22',5254252,560805,561116,2024-03-22,Illinois Fighting Illini,560805,Illinois
13.488998565673825,17.01499938964845,669,FALSE,111861741,'2nd 06:18 : 2pt jump shot (inside right) missed by Louis Volker(Bears),5254252,560805,561116,2024-03-22,Missouri St. Bears,561116,Missouri St.
5.640000000000001,25,669,FALSE,111861782,'2nd 06:12 : 2pt layup (2nd chance) (under the basket) missed by Kennedy Taylor(Bears),5254252,560805,561116,2024-03-22,Missouri St. Bears,561116,Missouri St.
10.26479827880857,23.77499961853025,669,TRUE,111861789,'2nd 06:07 : 2pt driving layup (2nd chance) (in the paint) made by Lacy Stokes(Bears) 32-22',5254252,560805,561116,2024-03-22,Missouri St. Bears,561116,Missouri St.
14.222200107574446,38.89999961853025,669,TRUE,111868551,'3rd 09:48 : 2pt jump shot (inside left) made by Kyrah Daniels(Bears) 39-32',5254252,560805,561116,2024-03-22,Missouri St. Bears,561116,Missouri St.
7.181599874496465,26.22500038146975,669,FALSE,111869431,'3rd 06:45 : 2pt layup (under the basket) missed by Jade Masogayo(Bears),5254252,560805,561116,2024-03-22,Missouri St. Bears,561116,Missouri St.
7.773796844482419,23.77499961853025,301,TRUE,111869480,'3rd 06:32 : 2pt driving layup (off turnover;fast break) (under the basket) made by Adalia McKenzie(Illini) 42-38',5254252,560805,561116,2024-03-22,Illinois Fighting Illini,560805,Illinois
22.437802581787082,18.42499923706055,301,FALSE,111874124,'4th 05:01 : 2pt jump shot (inside center) missed by Kendall Bostic(Illini),5254252,560805,561116,2024-03-22,Illinois Fighting Illini,560805,Illinois
18.912800788879395,18.89999961853025,669,FALSE,111874157,'4th 04:46 : 2pt jump shot (inside right) missed by Kaemyn Bekemeier(Bears),5254252,560805,561116,2024-03-22,Missouri St. Bears,561116,Missouri St.
5.64,25,669,TRUE,111874164,'4th 04:41 : 2pt layup (2nd chance) (under the basket) made by Kaemyn Bekemeier(Bears) 59-65',5254252,560805,561116,2024-03-22,Missouri St. Bears,561116,Missouri St.
5.865597991943346,1.8049999475479126,301,TRUE,111874717,'4th 04:26 : 3pt jump shot (outside right wing) made by Genesis Bryant(Illini),5254252,560805,561116,2024-03-22,Illinois Fighting Illini,560805,Illinois
7.623399677276614,33.27000045776365,669,FALSE,111874784,'4th 04:04 : 2pt jump shot (inside left) missed by Lacy Stokes(Bears),5254252,560805,561116,2024-03-22,Missouri St. Bears,561116,Missouri St.
17.01400035858152,47.63499999046326,669,FALSE,111874841,'4th 03:55 : 3pt jump shot (off turnover) (outside left) missed by Paige Rocca(Bears),5254252,560805,561116,2024-03-22,Missouri St. Bears,561116,Missouri St.
8.21559799194334,22.08499908447265,301,FALSE,111868669,'3rd 09:15 : 2pt layup (under the basket) missed by Camille Hobby(Illini),5254252,560805,561116,2024-03-22,Illinois Fighting Illini,560805,Illinois
7.482400035858152,2.42499923706055,669,TRUE,111868779,'3rd 09:00 : 3pt jump shot (outside right) made by Paige Rocca(Bears),5254252,560805,561116,2024-03-22,Missouri St. Bears,561116,Missouri St.
8.948800430297851,26.22500038146975,669,FALSE,111869548,'3rd 06:17 : 2pt layup (under the basket) missed by Jade Masogayo(Bears),5254252,560805,561116,2024-03-22,Missouri St. Bears,561116,Missouri St.
14.372600860595668,19.27000045776365,301,FALSE,111869551,'3rd 06:10 : 2pt jump shot (in the paint) missed by Makira Cook(Illini),5254252,560805,561116,2024-03-22,Illinois Fighting Illini,560805,Illinois
21.11239913940434,27.91500091552735,669,FALSE,111871613,'3rd 01:43 : 2pt jump shot (off turnover) (inside center) missed by Indya Green(Bears),5254252,560805,561116,2024-03-22,Missouri St. Bears,561116,Missouri St.
7.623400573730507,23.20999908447265,301,TRUE,111871674,'3rd 01:21 : 2pt layup (under the basket) made by Adalia McKenzie(Illini),5254252,560805,561116,2024-03-22,Illinois Fighting Illini,560805,Illinois
23.753796844482423,40.5349998474121,301,FALSE,111875045,'4th 03:38 : 3pt jump shot (outside left) missed by Genesis Bryant(Illini),5254252,560805,561116,2024-03-22,Illinois Fighting Illini,560805,Illinois
10.556199569702121,23.54999923706055,669,TRUE,111875082,'4th 03:21 : 2pt driving layup (in the paint) made by Lacy Stokes(Bears) 63-68',5254252,560805,561116,2024-03-22,Missouri St. Bears,561116,Missouri St.
13.639402008056663,16.170000076293952,301,FALSE,111875121,'4th 02:56 : 2pt jump shot (inside right) missed by Makira Cook(Illini),5254252,560805,561116,2024-03-22,Illinois Fighting Illini,560805,Illinois
20.37920028686525,2.8450012207031,669,FALSE,111875140,'4th 02:47 : 3pt jump shot (outside right) missed by Paige Rocca(Bears),5254252,560805,561116,2024-03-22,Missouri St. Bears,561116,Missouri St.
9.089800071716313,25.6599998474121,669,TRUE,111875143,'4th 02:43 : 2pt layup (2nd chance) (under the basket) made by Kennedy Taylor(Bears) 65-68',5254252,560805,561116,2024-03-22,Missouri St. Bears,561116,Missouri St.
8.21559799194334,22.08499908447265,301,FALSE,111875338,'4th 02:32 : 2pt driving layup (blocked) (under the basket) missed by Adalia McKenzie(Illini),5254252,560805,561116,2024-03-22,Illinois Fighting Illini,560805,Illinois
5.640000000000001,25,301,TRUE,111875353,'4th 02:21 : 2pt layup (2nd chance) (under the basket) made by Kendall Bostic(Illini) 65-70',5254252,560805,561116,2024-03-22,Illinois Fighting Illini,560805,Illinois
31.818998565673834,24.2549991607666,669,TRUE,111875387,'4th 02:03 : 3pt jump shot (outside center) made by Lacy Stokes(Bears) 68-70',5254252,560805,561116,2024-03-22,Missouri St. Bears,561116,Missouri St.
29.76980007171626,17.0699996948242,301,TRUE,111858698,'1st 04:45 : 3pt jump shot (outside center) made by Genesis Bryant(Illini),5254252,560805,561116,2024-03-22,Illinois Fighting Illini,560805,Illinois
13.930799713134748,21.86000061035155,301,FALSE,111862660,'2nd 05:55 : 2pt jump shot (in the paint) missed by Adalia McKenzie(Illini),5254252,560805,561116,2024-03-22,Illinois Fighting Illini,560805,Illinois
17.88820064544677,46.9300000667572,301,TRUE,111862722,'2nd 05:49 : 3pt jump shot (2nd chance) (outside left) made by Makira Cook(Illini),5254252,560805,561116,2024-03-22,Illinois Fighting Illini,560805,Illinois
9.682002868652319,22.36499977111815,669,TRUE,111862788,'2nd 05:26 : 2pt layup (in the paint) made by Kennedy Taylor(Bears),5254252,560805,561116,2024-03-22,Missouri St. Bears,561116,Missouri St.
9.089800071716313,20.0300006866455,301,FALSE,111862893,'2nd 05:02 : 2pt jump shot (in the paint) missed by Gretchen Dolan(Illini),5254252,560805,561116,2024-03-22,Illinois Fighting Illini,560805,Illinois
8.798399677276615,24.11499977111815,669,TRUE,111869937,'3rd 05:37 : 2pt layup (under the basket) made by Kennedy Taylor(Bears),5254252,560805,561116,2024-03-22,Missouri St. Bears,561116,Missouri St.
8.948800430297851,27.35000038146975,669,FALSE,111875555,'4th 01:24 : 2pt layup (under the basket) missed by Kennedy Taylor(Bears),5254252,560805,561116,2024-03-22,Missouri St. Bears,561116,Missouri St.
31.236199569702123,25.6599998474121,669,FALSE,111875604,'4th 01:04 : 3pt jump shot (off turnover) (outside center) missed by Indya Green(Bears),5254252,560805,561116,2024-03-22,Missouri St. Bears,561116,Missouri St.
7.914800071716313,27.0699996948242,669,FALSE,111875775,'4th 00:37.90 : 2pt layup (off turnover) (under the basket) missed by Indya Green(Bears),5254252,560805,561116,2024-03-22,Missouri St. Bears,561116,Missouri St.
8.507000179290769,23.6900005340576,301,TRUE,111859016,'1st 04:01 : 2pt driving layup (off turnover) (under the basket) made by Makira Cook(Illini) 10-13',5254252,560805,561116,2024-03-22,Illinois Fighting Illini,560805,Illinois
9.240199928283687,39.32499980926515,301,FALSE,111859151,'1st 03:40 : 2pt jump shot (off turnover) (inside left) missed by Genesis Bryant(Illini),5254252,560805,561116,2024-03-22,Illinois Fighting Illini,560805,Illinois
8.948800430297851,23.82999992370605,301,TRUE,111863038,'2nd 04:40 : 2pt layup (off turnover;fast break) (under the basket) made by Kendall Bostic(Illini),5254252,560805,561116,2024-03-22,Illinois Fighting Illini,560805,Illinois
21.11239913940433,17.01499938964845,669,FALSE,111863123,'2nd 04:10 : 2pt jump shot (inside right) missed by Louis Volker(Bears),5254252,560805,561116,2024-03-22,Missouri St. Bears,561116,Missouri St.
8.065201721191428,24.6200008392334,669,TRUE,111863606,'2nd 03:34 : 2pt layup (off turnover) (under the basket) made by Indya Green(Bears),5254252,560805,561116,2024-03-22,Missouri St. Bears,561116,Missouri St.
18.17959655761716,34.47999954223635,301,FALSE,111870069,'3rd 05:13 : 2pt jump shot (inside left) missed by Makira Cook(Illini),5254252,560805,561116,2024-03-22,Illinois Fighting Illini,560805,Illinois
16.42179935455323,18.6200008392334,669,FALSE,111875950,'4th 00:23.00 : 2pt jump shot (inside right) missed by Kyrah Daniels(Bears),5254252,560805,561116,2024-03-22,Missouri St. Bears,561116,Missouri St.
27.278800430297878,10.72999954223635,669,FALSE,111876534,'4th 00:04.80 : 3pt jump shot (outside right) missed by Lacy Stokes(Bears),5254252,560805,561116,2024-03-22,Missouri St. Bears,561116,Missouri St.
8.21559799194334,26.0300006866455,669,TRUE,111859183,'1st 03:26 : 2pt layup (under the basket) made by Jade Masogayo(Bears) 12-13',5254252,560805,561116,2024-03-22,Missouri St. Bears,561116,Missouri St.
7.914800071716313,24.2549991607666,301,FALSE,111859250,'1st 03:11 : 2pt layup (under the basket) missed by Kendall Bostic(Illini),5254252,560805,561116,2024-03-22,Illinois Fighting Illini,560805,Illinois
9.381203155517582,25.04000091552735,669,TRUE,111859317,'1st 02:49 : 2pt layup (under the basket) made by Kennedy Taylor(Bears),5254252,560805,561116,2024-03-22,Missouri St. Bears,561116,Missouri St.
20.529600143432628,19.04000091552735,301,TRUE,111859373,'1st 02:24 : 2pt jump shot (inside center) made by Makira Cook(Illini) 14-15',5254252,560805,561116,2024-03-22,Illinois Fighting Illini,560805,Illinois
9.682002868652319,18.70499992370605,669,FALSE,111859458,'1st 02:06 : 2pt jump shot (inside right) missed by Kennedy Taylor(Bears),5254252,560805,561116,2024-03-22,Missouri St. Bears,561116,Missouri St.
23.75380043029788,20.45000076293945,301,FALSE,111859537,'1st 01:48 : 2pt jump shot (inside center) missed by Kendall Bostic(Illini),5254252,560805,561116,2024-03-22,Illinois Fighting Illini,560805,Illinois
29.920201721191418,32.2249984741211,669,TRUE,111859575,'1st 01:23 : 3pt jump shot (outside center) made by Lacy Stokes(Bears) 17-15',5254252,560805,561116,2024-03-22,Missouri St. Bears,561116,Missouri St.
7.914800071716313,23.82999992370605,301,TRUE,111863792,'2nd 03:02 : 2pt layup (under the basket) made by Camille Hobby(Illini) 36-30',5254252,560805,561116,2024-03-22,Illinois Fighting Illini,560805,Illinois
8.948796844482416,23.91500091552735,669,FALSE,111863912,'2nd 02:37 : 2pt driving layup (under the basket) missed by Kyrah Daniels(Bears),5254252,560805,561116,2024-03-22,Missouri St. Bears,561116,Missouri St.
7.623399677276614,24.39500045776365,301,TRUE,111863976,'2nd 02:24 : 2pt layup (under the basket) made by Adalia McKenzie(Illini),5254252,560805,561116,2024-03-22,Illinois Fighting Illini,560805,Illinois
10.706600322723432,20.45000076293945,669,TRUE,111870188,'3rd 05:03 : 2pt jump shot (in the paint) made by Kaemyn Bekemeier(Bears),5254252,560805,561116,2024-03-22,Missouri St. Bears,561116,Missouri St.
21.55420028686524,18.70499992370605,301,TRUE,111870248,'3rd 04:41 : 2pt jump shot (inside center) made by Adalia McKenzie(Illini) 46-42',5254252,560805,561116,2024-03-22,Illinois Fighting Illini,560805,Illinois
19.06320064544677,20.3099994659424,301,FALSE,111864259,'2nd 02:02 : 2pt jump shot (in the paint) missed by Adalia McKenzie(Illini),5254252,560805,561116,2024-03-22,Illinois Fighting Illini,560805,Illinois
26.98739913940433,11.805000305175803,669,FALSE,111864269,'2nd 01:48 : 3pt jump shot (outside right) missed by Indya Green(Bears),5254252,560805,561116,2024-03-22,Missouri St. Bears,561116,Missouri St.
8.798399677276615,36.36499977111815,301,FALSE,111864346,'2nd 01:36 : 2pt jump shot (inside left) missed by Camille Hobby(Illini),5254252,560805,561116,2024-03-22,Illinois Fighting Illini,560805,Illinois
20.680000000000007,23.77499961853025,669,FALSE,111864380,'2nd 01:26 : 2pt jump shot (inside center) missed by Lacy Stokes(Bears),5254252,560805,561116,2024-03-22,Missouri St. Bears,561116,Missouri St.
9.240199928283687,31.27000045776365,683,FALSE,111872657,'3rd 00:05.40 : 2pt hook shot (inside left) missed by Gigi Gonzalez(Stony Brook),5254251,560827,561130,2024-03-22,Stony Brook Seawolves,561130,Stony Brook
24.34600143432617,41.27000045776365,317,FALSE,111873563,'4th 07:35 : 3pt jump shot (outside left) missed by Peyton McDaniel(James Madison),5254251,560827,561130,2024-03-22,James Madison Dukes,560827,James Madison
10.415199928283734,23.6599998474121,683,TRUE,111873581,'4th 07:28 : 2pt layup (fast break) (in the paint) made by Shamarla King(Stony Brook) 66-62',5254251,560827,561130,2024-03-22,Stony Brook Seawolves,561130,Stony Brook
19.946801147460917,43.52000045776365,317,FALSE,111875056,'4th 03:57 : 3pt jump shot (outside left) missed by Peyton McDaniel(James Madison),5254251,560827,561130,2024-03-22,James Madison Dukes,560827,James Madison
9.973399677276568,31.9699993133545,683,FALSE,111875111,'4th 03:31 : 2pt jump shot (inside left) missed by Gigi Gonzalez(Stony Brook),5254251,560827,561130,2024-03-22,Stony Brook Seawolves,561130,Stony Brook
24.787800788879395,8.1699981689453,683,TRUE,111873192,'4th 09:46 : 3pt jump shot (outside right) made by Shamarla King(Stony Brook),5254251,560827,561130,2024-03-22,Stony Brook Seawolves,561130,Stony Brook
5.282799892425536,24.9300003051758,683,TRUE,111873252,'4th 09:25 : 2pt layup (off turnover;fast break) (under the basket) made by Gigi Gonzalez(Stony Brook) 64-59',5254251,560827,561130,2024-03-22,Stony Brook Seawolves,561130,Stony Brook
21.55420028686524,43.8050003051758,317,TRUE,111873418,'4th 08:28 : 3pt jump shot (outside left) made by Peyton McDaniel(James Madison),5254251,560827,561130,2024-03-22,James Madison Dukes,560827,James Madison
22.28739913940434,18.17000007629395,683,FALSE,111873505,'4th 07:52 : 2pt jump shot (inside center) missed by Sherese Pittman(Stony Brook),5254251,560827,561130,2024-03-22,Stony Brook Seawolves,561130,Stony Brook
29.478400573730504,19.57500076293945,683,FALSE,111873359,'4th 08:52 : 3pt jump shot (off turnover) (outside center) missed by Shamarla King(Stony Brook),5254251,560827,561130,2024-03-22,Stony Brook Seawolves,561130,Stony Brook
16.713200645446772,35.35000038146975,683,FALSE,111873407,'4th 08:37 : 2pt jump shot (2nd chance;off turnover) (inside left) missed by Gigi Gonzalez(Stony Brook),5254251,560827,561130,2024-03-22,Stony Brook Seawolves,561130,Stony Brook
25.812399139404334,37.185001373291,317,FALSE,111876198,'4th 00:51.30 : 3pt jump shot (outside left) missed by Ashanti Barnes(James Madison),5254251,560827,561130,2024-03-22,James Madison Dukes,560827,James Madison
8.065199928283686,29.1550006866455,683,TRUE,111870821,'3rd 05:35 : 2pt layup (off turnover;fast break) (in the paint) made by Zaida Gonzalez(Stony Brook) 50-44',5254251,560827,561130,2024-03-22,Stony Brook Seawolves,561130,Stony Brook
10.997997131347674,21.125,317,TRUE,111870863,'3rd 05:11 : 2pt driving layup (in the paint) made by Ashanti Barnes(James Madison) 50-46',5254251,560827,561130,2024-03-22,James Madison Dukes,560827,James Madison
21.554200286865253,25.35000038146975,683,FALSE,111870930,'3rd 04:53 : 2pt jump shot (inside center) missed by Zaida Gonzalez(Stony Brook),5254251,560827,561130,2024-03-22,Stony Brook Seawolves,561130,Stony Brook
6.307399139404339,29.86000061035155,317,FALSE,111870959,'3rd 04:45 : 2pt layup (in the paint) missed by Chloe Sterling(James Madison),5254251,560827,561130,2024-03-22,James Madison Dukes,560827,James Madison
15.246799354553229,23.23999977111815,683,FALSE,111871651,'3rd 04:30 : 2pt layup (in the paint) missed by Delaney Yarborough(Stony Brook),5254251,560827,561130,2024-03-22,Stony Brook Seawolves,561130,Stony Brook
6.157002868652327,27.04000091552735,317,TRUE,111871677,'3rd 04:18 : 2pt layup (under the basket) made by Annalicia Goodman(James Madison),5254251,560827,561130,2024-03-22,James Madison Dukes,560827,James Madison
9.381199569702149,20.8449993133545,683,FALSE,111871731,'3rd 04:01 : 2pt layup (in the paint) missed by Zaida Gonzalez(Stony Brook),5254251,560827,561130,2024-03-22,Stony Brook Seawolves,561130,Stony Brook
7.77380043029785,28.3099994659424,683,FALSE,111871737,'3rd 03:58 : 2pt layup (2nd chance;blocked) (under the basket) missed by Delaney Yarborough(Stony Brook),5254251,560827,561130,2024-03-22,Stony Brook Seawolves,561130,Stony Brook
18.621397705078067,45.49499893188475,317,TRUE,111871746,'3rd 03:53 : 3pt jump shot (fast break) (outside left) made by Peyton McDaniel(James Madison),5254251,560827,561130,2024-03-22,James Madison Dukes,560827,James Madison
8.798399677276615,2.67499923706055,683,TRUE,111871797,'3rd 03:29 : 3pt jump shot (outside right) made by Zaida Gonzalez(Stony Brook),5254251,560827,561130,2024-03-22,Stony Brook Seawolves,561130,Stony Brook
19.063198852539088,25.0699996948242,317,FALSE,111871823,'3rd 03:07 : 2pt step back jump shot (in the paint) missed by Hevynne Bristow(James Madison),5254251,560827,561130,2024-03-22,James Madison Dukes,560827,James Madison
22.729200286865254,14.08499908447265,683,FALSE,111871900,'3rd 02:44 : 2pt jump shot (inside right) missed by Delaney Yarborough(Stony Brook),5254251,560827,561130,2024-03-22,Stony Brook Seawolves,561130,Stony Brook
7.773796844482419,27.60499954223635,317,TRUE,111871944,'3rd 02:33 : 2pt driving layup (under the basket) made by Chloe Sterling(James Madison) 53-53',5254251,560827,561130,2024-03-22,James Madison Dukes,560827,James Madison
24.637399139404337,39.4350004196167,683,TRUE,111871974,'3rd 02:09 : 3pt jump shot (outside left) made by Zaida Gonzalez(Stony Brook) 56-53',5254251,560827,561130,2024-03-22,Stony Brook Seawolves,561130,Stony Brook
6.0160000896453845,29.29500007629395,683,FALSE,111872150,'3rd 01:33 : 2pt layup (in the paint) missed by Victoria Keenan(Stony Brook),5254251,560827,561130,2024-03-22,Stony Brook Seawolves,561130,Stony Brook
29.036599426269493,17.185001373291,683,TRUE,111873677,'4th 07:02 : 3pt jump shot (outside center) made by Shamarla King(Stony Brook) 69-63',5254251,560827,561130,2024-03-22,Stony Brook Seawolves,561130,Stony Brook
26.54559799194334,12.675000190734849,317,FALSE,111873701,'4th 06:46 : 3pt jump shot (outside right) missed by Peyton McDaniel(James Madison),5254251,560827,561130,2024-03-22,James Madison Dukes,560827,James Madison
14.372600860595668,21.82999992370605,317,FALSE,111874019,'4th 06:07 : 2pt layup (in the paint) missed by Peyton McDaniel(James Madison),5254251,560827,561130,2024-03-22,James Madison Dukes,560827,James Madison
9.682002868652319,38.1699981689453,317,TRUE,111874097,'4th 06:03 : 2pt turnaround jump shot (2nd chance) (inside left) made by Peyton McDaniel(James Madison),5254251,560827,561130,2024-03-22,James Madison Dukes,560827,James Madison
24.34599964141848,30.5650005340576,683,TRUE,111874128,'4th 05:43 : 2pt jump shot (inside center) made by Zaida Gonzalez(Stony Brook) 73-65',5254251,560827,561130,2024-03-22,Stony Brook Seawolves,561130,Stony Brook
20.087800788879395,43.3800001144409,683,FALSE,111874395,'4th 04:41 : 3pt jump shot (outside left) missed by Sherese Pittman(Stony Brook),5254251,560827,561130,2024-03-22,Stony Brook Seawolves,561130,Stony Brook
8.21559978485107,25.42000007629395,683,TRUE,111875012,'4th 04:10 : 2pt driving layup (off turnover) (under the basket) made by Zaida Gonzalez(Stony Brook) 75-67',5254251,560827,561130,2024-03-22,Stony Brook Seawolves,561130,Stony Brook
8.948800430297851,25.20999908447265,683,FALSE,111874289,'4th 05:14 : 2pt layup (off turnover) (under the basket) missed by Sherese Pittman(Stony Brook),5254251,560827,561130,2024-03-22,Stony Brook Seawolves,561130,Stony Brook
8.798400573730504,22.11499977111815,317,FALSE,111874308,'4th 05:05 : 2pt layup (blocked) (in the paint) missed by Olivia Mullins(James Madison),5254251,560827,561130,2024-03-22,James Madison Dukes,560827,James Madison
5.71520172119142,23.10000038146975,317,TRUE,111874352,'4th 05:00 : 2pt layup (2nd chance) (under the basket) made by Hevynne Bristow(James Madison) 73-67',5254251,560827,561130,2024-03-22,James Madison Dukes,560827,James Madison
8.647999820709233,1.689998626709,683,FALSE,111875349,'4th 03:16 : 3pt jump shot (2nd chance) (outside right) missed by Gigi Gonzalez(Stony Brook),5254251,560827,561130,2024-03-22,Stony Brook Seawolves,561130,Stony Brook
23.31200286865233,6.4800000190735005,317,TRUE,111875799,'4th 02:45 : 3pt jump shot (outside right) made by Peyton McDaniel(James Madison) 75-70',5254251,560827,561130,2024-03-22,James Madison Dukes,560827,James Madison
7.482400035858152,26.47999954223635,683,TRUE,111875856,'4th 02:16 : 2pt layup (under the basket) made by Gigi Gonzalez(Stony Brook) 77-70',5254251,560827,561130,2024-03-22,Stony Brook Seawolves,561130,Stony Brook
15.105799713134758,25.91500091552735,317,FALSE,111875916,'4th 02:02 : 2pt step back jump shot (in the paint) missed by Peyton McDaniel(James Madison),5254251,560827,561130,2024-03-22,James Madison Dukes,560827,James Madison
22.72920028686525,10,317,FALSE,111875975,'4th 01:31 : 3pt jump shot (off turnover) (outside right) missed by Peyton McDaniel(James Madison),5254251,560827,561130,2024-03-22,James Madison Dukes,560827,James Madison
9.240201721191426,23.10000038146975,317,FALSE,111876247,'4th 00:42.90 : 2pt layup (2nd chance;blocked) (under the basket) missed by Annalicia Goodman(James Madison),5254251,560827,561130,2024-03-22,James Madison Dukes,560827,James Madison
31.085799713134755,18.875,317,FALSE,111876446,'4th 00:31.70 : 3pt jump shot (outside center) missed by Chloe Sterling(James Madison),5254251,560827,561130,2024-03-22,James Madison Dukes,560827,James Madison
27.861599426269496,12.95999908447265,683,TRUE,111872361,'3rd 01:11 : 3pt jump shot (outside right) made by Gigi Gonzalez(Stony Brook),5254251,560827,561130,2024-03-22,Stony Brook Seawolves,561130,Stony Brook
12.614798278808578,47.4650001525879,317,FALSE,111872482,'3rd 00:44.40 : 3pt jump shot (outside left) missed by Carole Miller(James Madison),5254251,560827,561130,2024-03-22,James Madison Dukes,560827,James Madison
6.749200286865246,17.7450008392334,317,FALSE,111872529,'3rd 00:14.80 : 2pt jump shot (off turnover) (inside right) missed by Peyton McDaniel(James Madison),5254251,560827,561130,2024-03-22,James Madison Dukes,560827,James Madison
6.44840057373051,24.5049991607666,317,TRUE,111872545,'3rd 00:14.30 : 2pt layup (2nd chance;off turnover) (under the basket) made by Hevynne Bristow(James Madison) 59-59',5254251,560827,561130,2024-03-22,James Madison Dukes,560827,James Madison
14.513602294921824,24.64999961853025,683,FALSE,111862117,'2nd 06:34 : 2pt step back jump shot (in the paint) missed by Shamarla King(Stony Brook),5254251,560827,561130,2024-03-22,Stony Brook Seawolves,561130,Stony Brook
13.780403442382834,24.9300003051758,683,TRUE,111862152,'2nd 06:22 : 2pt floating jump shot (off turnover;fast break) (in the paint) made by Victoria Keenan(Stony Brook) 22-19',5254251,560827,561130,2024-03-22,Stony Brook Seawolves,561130,Stony Brook
14.222200107574446,24.64999961853025,317,FALSE,111862357,'2nd 05:52 : 2pt floating jump shot (in the paint) missed by Carole Miller(James Madison),5254251,560827,561130,2024-03-22,James Madison Dukes,560827,James Madison
18.912802581787076,33.0999984741211,683,TRUE,111863854,'2nd 03:47 : 2pt jump shot (off turnover) (inside left) made by Shamarla King(Stony Brook),5254251,560827,561130,2024-03-22,Stony Brook Seawolves,561130,Stony Brook
5.86559978485107,48.169999957084656,317,TRUE,111863949,'2nd 03:31 : 3pt jump shot (outside left wing) made by Carole Miller(James Madison),5254251,560827,561130,2024-03-22,James Madison Dukes,560827,James Madison
21.996001434326175,44.50500106811525,683,FALSE,111863980,'2nd 03:21 : 3pt jump shot (outside left) missed by Victoria Keenan(Stony Brook),5254251,560827,561130,2024-03-22,Stony Brook Seawolves,561130,Stony Brook
30.061199569702122,24.22500038146975,317,TRUE,111864069,'2nd 03:05 : 3pt jump shot (outside center) made by Ashanti Barnes(James Madison),5254251,560827,561130,2024-03-22,James Madison Dukes,560827,James Madison
25.079200286865245,29.29500007629395,683,FALSE,111864088,'2nd 02:51 : 2pt jump shot (inside center) missed by Gigi Gonzalez(Stony Brook),5254251,560827,561130,2024-03-22,Stony Brook Seawolves,561130,Stony Brook
24.787800788879395,24.64999961853025,317,FALSE,111864156,'2nd 02:34 : 2pt jump shot (inside center) missed by Olivia Mullins(James Madison),5254251,560827,561130,2024-03-22,James Madison Dukes,560827,James Madison
7.332002868652324,25.77499961853025,683,TRUE,111864158,'2nd 02:25 : 2pt layup (under the basket) made by Gigi Gonzalez(Stony Brook) 28-29',5254251,560827,561130,2024-03-22,Stony Brook Seawolves,561130,Stony Brook
7.04059978485107,27.60499954223635,317,TRUE,111859700,'1st 00:57.60 : 2pt layup (under the basket) made by Peyton McDaniel(James Madison),5254251,560827,561130,2024-03-22,James Madison Dukes,560827,James Madison
29.478400573730504,17.185001373291,317,TRUE,111859804,'1st 00:35.20 : 3pt jump shot (off turnover) (outside center) made by Peyton McDaniel(James Madison),5254251,560827,561130,2024-03-22,James Madison Dukes,560827,James Madison
6.307399139404339,20.70499992370605,683,TRUE,111859909,'1st 00:08.50 : 2pt layup (in the paint) made by Khari Clark(Stony Brook) 14-16',5254251,560827,561130,2024-03-22,Stony Brook Seawolves,561130,Stony Brook
30.35260086059566,15.49499893188475,317,FALSE,111859911,'1st 00:01.70 : 3pt jump shot (outside center) missed by Olivia Mullins(James Madison),5254251,560827,561130,2024-03-22,James Madison Dukes,560827,James Madison
5.71520172119142,26.1949996948242,683,TRUE,111861143,'2nd 07:57 : 2pt layup (fast break) (under the basket) made by Janay Brantley(Stony Brook),5254251,560827,561130,2024-03-22,Stony Brook Seawolves,561130,Stony Brook
12.172999820709194,27.04000091552735,317,FALSE,111861513,'2nd 07:17 : 2pt layup (in the paint) missed by Kseniia Kozlova(James Madison),5254251,560827,561130,2024-03-22,James Madison Dukes,560827,James Madison
6.307399139404339,22.5349998474121,683,FALSE,111861525,'2nd 07:10 : 2pt layup (under the basket) missed by Sherese Pittman(Stony Brook),5254251,560827,561130,2024-03-22,Stony Brook Seawolves,561130,Stony Brook
28.453796844482426,35.91500091552735,683,FALSE,111860608,'2nd 09:43 : 3pt jump shot (blocked) (outside left) missed by Gigi Gonzalez(Stony Brook),5254251,560827,561130,2024-03-22,Stony Brook Seawolves,561130,Stony Brook
7.623400573730507,26.47999954223635,683,FALSE,111860751,'2nd 09:19 : 2pt layup (off turnover) (under the basket) missed by Gigi Gonzalez(Stony Brook),5254251,560827,561130,2024-03-22,Stony Brook Seawolves,561130,Stony Brook
11.73119956970212,23.3799991607666,317,FALSE,111860771,'2nd 09:06 : 2pt layup (in the paint) missed by Chloe Sterling(James Madison),5254251,560827,561130,2024-03-22,James Madison Dukes,560827,James Madison
6.749199838638304,34.5050001144409,317,TRUE,111860942,'2nd 08:36 : 2pt step back jump shot (off turnover) (inside left) made by Peyton McDaniel(James Madison),5254251,560827,561130,2024-03-22,James Madison Dukes,560827,James Madison
25.812399139404334,11.409999847412102,683,FALSE,111860968,'2nd 08:23 : 3pt jump shot (outside right) missed by Sherese Pittman(Stony Brook),5254251,560827,561130,2024-03-22,Stony Brook Seawolves,561130,Stony Brook
7.77380043029785,22.5349998474121,317,FALSE,111861104,'2nd 08:05 : 2pt layup (under the basket) missed by Peyton McDaniel(James Madison),5254251,560827,561130,2024-03-22,James Madison Dukes,560827,James Madison
17.01400035858152,46.61999988555908,317,FALSE,111862385,'2nd 05:47 : 3pt jump shot (2nd chance) (outside left) missed by Olivia Mullins(James Madison),5254251,560827,561130,2024-03-22,James Madison Dukes,560827,James Madison
14.513599605560303,22.11499977111815,317,TRUE,111862387,'2nd 05:45 : 2pt jump shot (2nd chance) (in the paint) made by Ashanti Barnes(James Madison) 22-21',5254251,560827,561130,2024-03-22,James Madison Dukes,560827,James Madison
18.038602294921816,15.210000038146951,683,FALSE,111862511,'2nd 05:14 : 2pt jump shot (inside right) missed by Zaida Gonzalez(Stony Brook),5254251,560827,561130,2024-03-22,Stony Brook Seawolves,561130,Stony Brook
7.482399139404336,25.20999908447265,683,TRUE,111862743,'2nd 04:56 : 2pt layup (off turnover;fast break) (under the basket) made by Victoria Keenan(Stony Brook) 24-21',5254251,560827,561130,2024-03-22,Stony Brook Seawolves,561130,Stony Brook
7.914800071716313,22.2549991607666,317,TRUE,111862852,'2nd 04:33 : 2pt layup (under the basket) made by Carole Miller(James Madison) 24-23',5254251,560827,561130,2024-03-22,James Madison Dukes,560827,James Madison
19.946801147460917,23.3799991607666,683,FALSE,111862920,'2nd 04:10 : 2pt jump shot (in the paint) missed by Shamarla King(Stony Brook),5254251,560827,561130,2024-03-22,Stony Brook Seawolves,561130,Stony Brook
8.21559978485107,24.64999961853025,683,TRUE,111868680,'3rd 09:47 : 2pt layup (under the basket) made by Sherese Pittman(Stony Brook),5254251,560827,561130,2024-03-22,Stony Brook Seawolves,561130,Stony Brook
9.682002868652319,22.39500045776365,683,FALSE,111864385,'2nd 01:51 : 2pt jump shot (off turnover) (in the paint) missed by Khari Clark(Stony Brook),5254251,560827,561130,2024-03-22,Stony Brook Seawolves,561130,Stony Brook
7.623399677276614,24.5049991607666,317,FALSE,111864399,'2nd 01:44 : 2pt layup (under the basket) missed by Carole Miller(James Madison),5254251,560827,561130,2024-03-22,James Madison Dukes,560827,James Madison
7.623399677276614,29.86000061035155,317,TRUE,111864873,'2nd 01:19 : 2pt layup (in the paint) made by Carole Miller(James Madison) 30-31',5254251,560827,561130,2024-03-22,James Madison Dukes,560827,James Madison
9.973400573730501,27.04000091552735,683,TRUE,111864926,'2nd 01:05 : 2pt floating jump shot (in the paint) made by Victoria Keenan(Stony Brook) 32-31',5254251,560827,561130,2024-03-22,Stony Brook Seawolves,561130,Stony Brook
10.114400215148892,26.3400001525879,317,FALSE,111864963,'2nd 00:50.40 : 2pt layup (in the paint) missed by Kseniia Kozlova(James Madison),5254251,560827,561130,2024-03-22,James Madison Dukes,560827,James Madison
6.890201721191431,23.23999977111815,683,TRUE,111865006,'2nd 00:44.90 : 2pt layup (under the basket) made by Gigi Gonzalez(Stony Brook) 34-31',5254251,560827,561130,2024-03-22,Stony Brook Seawolves,561130,Stony Brook
8.507000179290769,25.20999908447265,317,TRUE,111865191,'2nd 00:32.40 : 2pt layup (under the basket) made by Chloe Sterling(James Madison) 35-33',5254251,560827,561130,2024-03-22,James Madison Dukes,560827,James Madison
23.462399139404337,19.1550006866455,317,TRUE,111865456,'2nd 00:15.90 : 2pt jump shot (inside center) made by Chloe Sterling(James Madison) 35-35',5254251,560827,561130,2024-03-22,James Madison Dukes,560827,James Madison
7.623400573730507,22.39500045776365,683,TRUE,111865489,'2nd 00:06.00 : 2pt driving layup (under the basket) made by Gigi Gonzalez(Stony Brook) 37-35',5254251,560827,561130,2024-03-22,Stony Brook Seawolves,561130,Stony Brook
15.688600502014145,14.6500015258789,317,FALSE,111865512,'2nd 00:00.40 : 2pt jump shot (inside right) missed by Carole Miller(James Madison),5254251,560827,561130,2024-03-22,James Madison Dukes,560827,James Madison
6.598799982070919,24.08499908447265,317,FALSE,111858424,'1st 04:05 : 2pt layup (off turnover) (under the basket) missed by Carole Miller(James Madison),5254251,560827,561130,2024-03-22,James Madison Dukes,560827,James Madison
10.997999820709195,26.1949996948242,317,TRUE,111858452,'1st 04:00 : 2pt hook shot (2nd chance;off turnover) (in the paint) made by Kseniia Kozlova(James Madison),5254251,560827,561130,2024-03-22,James Madison Dukes,560827,James Madison
21.845597991943336,25.91500091552735,683,TRUE,111858536,'1st 03:40 : 2pt jump shot (inside center) made by Sherese Pittman(Stony Brook),5254251,560827,561130,2024-03-22,Stony Brook Seawolves,561130,Stony Brook
18.912800788879395,44.78999996185305,317,FALSE,111858570,'1st 03:32 : 3pt jump shot (outside left) missed by Carole Miller(James Madison),5254251,560827,561130,2024-03-22,James Madison Dukes,560827,James Madison
13.639400215148891,24.79000091552735,317,TRUE,111858727,'1st 03:10 : 2pt floating jump shot (off turnover) (in the paint) made by Carole Miller(James Madison) 10-11',5254251,560827,561130,2024-03-22,James Madison Dukes,560827,James Madison
21.413198852539097,27.4650001525879,683,FALSE,111858896,'1st 02:43 : 2pt step back jump shot (inside center) missed by Zaida Gonzalez(Stony Brook),5254251,560827,561130,2024-03-22,Stony Brook Seawolves,561130,Stony Brook
20.23820064544677,34.64999961853025,317,FALSE,111859120,'1st 02:26 : 2pt jump shot (inside left) missed by Hevynne Bristow(James Madison),5254251,560827,561130,2024-03-22,James Madison Dukes,560827,James Madison
9.381199569702149,24.64999961853025,317,FALSE,111859133,'1st 02:21 : 2pt layup (2nd chance) (under the basket) missed by Kseniia Kozlova(James Madison),5254251,560827,561130,2024-03-22,James Madison Dukes,560827,James Madison
10.997997131347674,23.8050003051758,683,FALSE,111859184,'1st 02:05 : 2pt layup (in the paint) missed by Khari Clark(Stony Brook),5254251,560827,561130,2024-03-22,Stony Brook Seawolves,561130,Stony Brook
15.688600502014145,37.32499980926515,317,FALSE,111859229,'1st 01:55 : 2pt jump shot (inside left) missed by Olivia Mullins(James Madison),5254251,560827,561130,2024-03-22,James Madison Dukes,560827,James Madison
11.881599426269489,28.5900001525879,683,FALSE,111859251,'1st 01:42 : 2pt turnaround jump shot (in the paint) missed by Khari Clark(Stony Brook),5254251,560827,561130,2024-03-22,Stony Brook Seawolves,561130,Stony Brook
11.580799713134752,25.35000038146975,683,FALSE,111859281,'1st 01:35 : 2pt turnaround jump shot (2nd chance) (in the paint) missed by Khari Clark(Stony Brook),5254251,560827,561130,2024-03-22,Stony Brook Seawolves,561130,Stony Brook
21.845597991943336,43.38000106811525,683,FALSE,111856000,'1st 09:42 : 3pt jump shot (outside left) missed by Gigi Gonzalez(Stony Brook),5254251,560827,561130,2024-03-22,Stony Brook Seawolves,561130,Stony Brook
8.647999820709233,26.89999961853025,317,FALSE,111856049,'1st 09:27 : 2pt layup (under the basket) missed by Annalicia Goodman(James Madison),5254251,560827,561130,2024-03-22,James Madison Dukes,560827,James Madison
15.547600860595665,28.0300006866455,683,FALSE,111856070,'1st 09:18 : 2pt pull up jump shot (in the paint) missed by Sherese Pittman(Stony Brook),5254251,560827,561130,2024-03-22,Stony Brook Seawolves,561130,Stony Brook
6.44840057373051,26.89999961853025,683,FALSE,111856074,'1st 09:14 : 2pt layup (2nd chance) (under the basket) missed by Khari Clark(Stony Brook),5254251,560827,561130,2024-03-22,Stony Brook Seawolves,561130,Stony Brook
19.796399497985856,3.9449996948242,317,TRUE,111856190,'1st 09:07 : 3pt jump shot (outside right) made by Peyton McDaniel(James Madison),5254251,560827,561130,2024-03-22,James Madison Dukes,560827,James Madison
6.749200286865246,19.29500007629395,683,FALSE,111856209,'1st 08:55 : 2pt floating jump shot (in the paint) missed by Gigi Gonzalez(Stony Brook) 0-3',5254251,560827,561130,2024-03-22,Stony Brook Seawolves,561130,Stony Brook
8.356599426269497,22.67499923706055,683,TRUE,111856268,'1st 08:49 : 2pt layup (under the basket) made by Gigi Gonzalez(Stony Brook) 2-3',5254251,560827,561130,2024-03-22,Stony Brook Seawolves,561130,Stony Brook
11.580799713134747,23.9449996948242,317,FALSE,111856332,'1st 08:29 : 2pt layup (blocked) (in the paint) missed by Kseniia Kozlova(James Madison),5254251,560827,561130,2024-03-22,James Madison Dukes,560827,James Madison
19.504999999999995,4.650000095367432,683,TRUE,111856337,'1st 08:22 : 3pt jump shot (fast break) (outside right) made by Zaida Gonzalez(Stony Brook),5254251,560827,561130,2024-03-22,Stony Brook Seawolves,561130,Stony Brook
6.157002868652327,47.8849983215332,683,TRUE,111856919,'1st 06:29 : 3pt jump shot (off turnover) (outside left wing) made by Gigi Gonzalez(Stony Brook),5254251,560827,561130,2024-03-22,Stony Brook Seawolves,561130,Stony Brook
8.647999820709233,23.9449996948242,317,TRUE,111857000,'1st 06:14 : 2pt driving layup (under the basket) made by Hevynne Bristow(James Madison) 8-5',5254251,560827,561130,2024-03-22,James Madison Dukes,560827,James Madison
29.03659942626949,35.3499984741211,683,FALSE,111857049,'1st 05:59 : 3pt jump shot (outside left) missed by Gigi Gonzalez(Stony Brook),5254251,560827,561130,2024-03-22,Stony Brook Seawolves,561130,Stony Brook
8.065201721191428,29.7199993133545,683,FALSE,111857070,'1st 05:50 : 2pt layup (2nd chance) (in the paint) missed by Sherese Pittman(Stony Brook),5254251,560827,561130,2024-03-22,Stony Brook Seawolves,561130,Stony Brook
13.930799713134748,22.95999908447265,317,TRUE,111857149,'1st 05:38 : 2pt floating jump shot (in the paint) made by Hevynne Bristow(James Madison) 8-7',5254251,560827,561130,2024-03-22,James Madison Dukes,560827,James Madison
5.574199838638304,48.450000047683716,317,FALSE,111857341,'1st 05:06 : 3pt jump shot (off turnover) (outside left wing) missed by Carole Miller(James Madison),5254251,560827,561130,2024-03-22,James Madison Dukes,560827,James Madison
13.780403442382834,47.185001373291,683,FALSE,111857470,'1st 04:42 : 3pt jump shot (outside left) missed by Gigi Gonzalez(Stony Brook),5254251,560827,561130,2024-03-22,Stony Brook Seawolves,561130,Stony Brook
8.21559978485107,24.5049991607666,317,FALSE,111857546,'1st 04:22 : 2pt layup (under the basket) missed by Jamia Hazell(James Madison),5254251,560827,561130,2024-03-22,James Madison Dukes,560827,James Madison
7.623399677276614,28.0300006866455,317,FALSE,111856440,'1st 08:07 : 2pt layup (blocked) (under the basket) missed by Kseniia Kozlova(James Madison),5254251,560827,561130,2024-03-22,James Madison Dukes,560827,James Madison
15.547600860595665,26.1949996948242,683,FALSE,111856458,'1st 08:00 : 2pt pull up jump shot (in the paint) missed by Zaida Gonzalez(Stony Brook),5254251,560827,561130,2024-03-22,Stony Brook Seawolves,561130,Stony Brook
29.76980007171626,20.5650005340576,317,FALSE,111856556,'1st 07:41 : 3pt jump shot (outside center) missed by Ashanti Barnes(James Madison),5254251,560827,561130,2024-03-22,James Madison Dukes,560827,James Madison
29.76979827880858,20.2800006866455,683,FALSE,111856577,'1st 07:28 : 3pt jump shot (outside center) missed by Khari Clark(Stony Brook),5254251,560827,561130,2024-03-22,Stony Brook Seawolves,561130,Stony Brook
8.798399677276615,22.8150005340576,317,FALSE,111856650,'1st 07:16 : 2pt layup (under the basket) missed by Kseniia Kozlova(James Madison),5254251,560827,561130,2024-03-22,James Madison Dukes,560827,James Madison
14.081203155517585,20.42499923706055,683,FALSE,111856677,'1st 07:10 : 2pt jump shot (in the paint) missed by Kelis Corley(Stony Brook),5254251,560827,561130,2024-03-22,Stony Brook Seawolves,561130,Stony Brook
10.556199569702121,28.17000007629395,683,FALSE,111869147,'3rd 08:35 : 2pt layup (off turnover) (in the paint) missed by Sherese Pittman(Stony Brook),5254251,560827,561130,2024-03-22,Stony Brook Seawolves,561130,Stony Brook
35.05260086059567,33.38000106811525,317,FALSE,111876617,'4th 00:20.80 : 3pt step back jump shot (outside center) missed by Peyton McDaniel(James Madison),5254251,560827,561130,2024-03-22,James Madison Dukes,560827,James Madison
6.016001434326171,27.60499954223635,317,FALSE,111868833,'3rd 09:27 : 2pt layup (under the basket) missed by Kseniia Kozlova(James Madison),5254251,560827,561130,2024-03-22,James Madison Dukes,560827,James Madison
5.574200286865249,22.2549991607666,317,FALSE,111868862,'3rd 09:24 : 2pt layup (2nd chance) (under the basket) missed by Ashanti Barnes(James Madison),5254251,560827,561130,2024-03-22,James Madison Dukes,560827,James Madison
6.448400125503536,29.1550006866455,683,TRUE,111868932,'3rd 09:10 : 2pt layup (in the paint) made by Gigi Gonzalez(Stony Brook) 41-35',5254251,560827,561130,2024-03-22,Stony Brook Seawolves,561130,Stony Brook
30.35260086059566,24.36499977111815,683,FALSE,111869307,'3rd 08:16 : 3pt jump shot (off turnover) (outside center) missed by Khari Clark(Stony Brook),5254251,560827,561130,2024-03-22,Stony Brook Seawolves,561130,Stony Brook
8.507002868652322,21.82999992370605,317,TRUE,111869347,'3rd 08:05 : 2pt layup (in the paint) made by Ashanti Barnes(James Madison),5254251,560827,561130,2024-03-22,James Madison Dukes,560827,James Madison
7.773796844482419,27.32500076293945,317,FALSE,111869439,'3rd 07:46 : 2pt layup (off turnover) (under the basket) missed by Peyton McDaniel(James Madison),5254251,560827,561130,2024-03-22,James Madison Dukes,560827,James Madison
7.482399139404336,26.3400001525879,317,TRUE,111869553,'3rd 07:43 : 2pt layup (2nd chance;off turnover) (under the basket) made by Carole Miller(James Madison),5254251,560827,561130,2024-03-22,James Madison Dukes,560827,James Madison
17.747199211120606,9.435001373291,683,FALSE,111869758,'3rd 07:23 : 2pt jump shot (inside right) missed by Zaida Gonzalez(Stony Brook),5254251,560827,561130,2024-03-22,Stony Brook Seawolves,561130,Stony Brook
18.77179935455323,21.6900005340576,683,TRUE,111870016,'3rd 07:14 : 2pt step back jump shot (2nd chance) (in the paint) made by Sherese Pittman(Stony Brook) 43-40',5254251,560827,561130,2024-03-22,Stony Brook Seawolves,561130,Stony Brook
6.749200286865246,26.6200008392334,317,TRUE,111870102,'3rd 06:57 : 2pt layup (under the basket) made by Peyton McDaniel(James Madison),5254251,560827,561130,2024-03-22,James Madison Dukes,560827,James Madison
7.623399677276614,24.08499908447265,683,FALSE,111870224,'3rd 06:50 : 2pt layup (blocked) (under the basket) missed by Gigi Gonzalez(Stony Brook),5254251,560827,561130,2024-03-22,Stony Brook Seawolves,561130,Stony Brook
5.132399139404328,2.9600000381469727,317,FALSE,111870422,'3rd 06:30 : 3pt jump shot (outside right wing) missed by Carole Miller(James Madison),5254251,560827,561130,2024-03-22,James Madison Dukes,560827,James Madison
27.419800071716264,11.4099998474121,683,TRUE,111870442,'3rd 06:20 : 3pt jump shot (outside right) made by Zaida Gonzalez(Stony Brook),5254251,560827,561130,2024-03-22,Stony Brook Seawolves,561130,Stony Brook
4.107802581787098,27.32500076293945,317,FALSE,111870493,'3rd 06:11 : 2pt layup (under the basket) missed by Annalicia Goodman(James Madison),5254251,560827,561130,2024-03-22,James Madison Dukes,560827,James Madison
11.148399677276569,21.6900005340576,683,FALSE,111870658,'3rd 05:59 : 2pt jump shot (in the paint) missed by Khari Clark(Stony Brook),5254251,560827,561130,2024-03-22,Stony Brook Seawolves,561130,Stony Brook
8.065199928283686,27.79500007629395,37,FALSE,111859666,'1st 05:14 : 2pt floating jump shot (off turnover) (under the basket) missed by Sydney Shaw(Auburn),5254155,560603,560595,2024-03-22,Auburn Tigers,560603,Auburn
5.64,25,37,TRUE,111859669,'1st 05:10 : 2pt layup (2nd chance;off turnover) (under the basket) made by Sydney Shaw(Auburn) 8-4',5254155,560603,560595,2024-03-22,Auburn Tigers,560603,Auburn
18.480403442382837,5.7300000190735005,29,FALSE,111859728,'1st 04:52 : 3pt jump shot (outside right) missed by Jada Williams(Arizona),5254155,560603,560595,2024-03-22,Arizona Wildcats,560595,Arizona
26.395201721191413,24.1800003051758,29,TRUE,111868041,'2nd 01:52 : 2pt jump shot (inside center) made by Esmery Martinez(Arizona),5254155,560603,560595,2024-03-22,Arizona Wildcats,560595,Arizona
25.220201721191415,12.204999923706048,29,FALSE,111860468,'1st 04:20 : 3pt jump shot (off turnover) (outside right) missed by Helena Pueyo(Arizona),5254155,560603,560595,2024-03-22,Arizona Wildcats,560595,Arizona
4.248796844482428,47.4199981689453,37,FALSE,111875501,'3rd 00:57.90 : 3pt jump shot (outside left wing) missed by McKenna Eddings(Auburn),5254155,560603,560595,2024-03-22,Auburn Tigers,560603,Auburn
6.890199928283687,28.5,37,TRUE,111860532,'1st 04:05 : 2pt layup (off turnover;fast break) (under the basket) made by Yakiya Milton(Auburn),5254155,560603,560595,2024-03-22,Auburn Tigers,560603,Auburn
17.747199211120606,25.6800003051758,37,FALSE,111860657,'1st 03:32 : 2pt pull up jump shot (off turnover) (in the paint) missed by JaMya Mingo-Young(Auburn),5254155,560603,560595,2024-03-22,Auburn Tigers,560603,Auburn
5.64,25,37,FALSE,111860660,'1st 03:29 : 2pt layup (2nd chance;off turnover) (under the basket) missed by JaMya Mingo-Young(Auburn),5254155,560603,560595,2024-03-22,Auburn Tigers,560603,Auburn
6.598796844482422,27.42000007629395,37,TRUE,111876093,'3rd 00:24.20 : 2pt layup (off turnover;fast break) (under the basket) made by Honesty Scott-Grayson(Auburn) 49-39',5254155,560603,560595,2024-03-22,Auburn Tigers,560603,Auburn
7.332000179290768,22.86499977111815,37,FALSE,111868456,'2nd 00:51.10 : 2pt driving layup (under the basket) missed by Honesty Scott-Grayson(Auburn),5254155,560603,560595,2024-03-22,Auburn Tigers,560603,Auburn
6.749200286865246,27.13500022888185,29,FALSE,111868460,'2nd 00:42.60 : 2pt layup (off turnover) (under the basket) missed by Skylar Jones(Arizona),5254155,560603,560595,2024-03-22,Arizona Wildcats,560595,Arizona
6.44840057373051,27.13500022888185,37,FALSE,111874139,'3rd 03:31 : 2pt layup (off turnover) (under the basket) missed by Mar&#39;shaun Bostic(Auburn),5254155,560603,560595,2024-03-22,Auburn Tigers,560603,Auburn
7.914800071716313,22.72500038146975,29,FALSE,111874283,'3rd 03:23 : 2pt layup (under the basket) missed by Breya Cunningham(Arizona),5254155,560603,560595,2024-03-22,Arizona Wildcats,560595,Arizona
8.647999820709233,28.5,29,FALSE,111874465,'3rd 02:48 : 2pt turnaround jump shot (in the paint) missed by Courtney Blakely(Arizona) 40-28',5254155,560603,560595,2024-03-22,Arizona Wildcats,560595,Arizona
17.81299713134767,44.6500015258789,37,TRUE,111874522,'3rd 02:38 : 3pt jump shot (outside left) made by McKenna Eddings(Auburn),5254155,560603,560595,2024-03-22,Auburn Tigers,560603,Auburn
25.173200645446773,39.63500022888185,29,TRUE,111875327,'3rd 01:27 : 3pt jump shot (off turnover;fast break) (outside left) made by Helena Pueyo(Arizona) 47-33',5254155,560603,560595,2024-03-22,Arizona Wildcats,560595,Arizona
8.065199928283686,25.6800003051758,29,FALSE,111875447,'3rd 01:11 : 2pt driving layup (under the basket) missed by Courtney Blakely(Arizona),5254155,560603,560595,2024-03-22,Arizona Wildcats,560595,Arizona
6.157002868652327,35.72999954223635,37,FALSE,111872144,'3rd 09:49 : 2pt pull up jump shot (inside left) missed by Sydney Shaw(Auburn),5254155,560603,560595,2024-03-22,Auburn Tigers,560603,Auburn
8.64799713134768,27.13500022888185,37,FALSE,111872270,'3rd 09:04 : 2pt layup (off turnover;blocked) (under the basket) missed by Taylen Collins(Auburn),5254155,560603,560595,2024-03-22,Auburn Tigers,560603,Auburn
24.787800788879395,10.75,29,TRUE,111872316,'3rd 08:47 : 3pt jump shot (outside right) made by Esmery Martinez(Arizona),5254155,560603,560595,2024-03-22,Arizona Wildcats,560595,Arizona
14.372600860595668,10.654999732971199,37,FALSE,111872386,'3rd 08:22 : 2pt pull up jump shot (inside right) missed by Sydney Shaw(Auburn),5254155,560603,560595,2024-03-22,Auburn Tigers,560603,Auburn
12.313998565673828,22.0650005340576,37,FALSE,111872535,'3rd 08:04 : 2pt pull up jump shot (in the paint) missed by Honesty Scott-Grayson(Auburn),5254155,560603,560595,2024-03-22,Auburn Tigers,560603,Auburn
6.598796844482422,22.3449993133545,37,TRUE,111872566,'3rd 07:58 : 2pt layup (2nd chance) (under the basket) made by Taylen Collins(Auburn),5254155,560603,560595,2024-03-22,Auburn Tigers,560603,Auburn
25.31420028686525,10.20999908447265,29,TRUE,111872604,'3rd 07:33 : 3pt jump shot (outside right) made by Helena Pueyo(Arizona) 35-21',5254155,560603,560595,2024-03-22,Arizona Wildcats,560595,Arizona
7.623400573730507,22.3449993133545,29,TRUE,111857938,'1st 09:43 : 2pt driving layup (under the basket) made by Jada Williams(Arizona) 2-0',5254155,560603,560595,2024-03-22,Arizona Wildcats,560595,Arizona
8.356599426269497,29.8099994659424,29,TRUE,111858113,'1st 09:07 : 2pt hook shot (off turnover) (in the paint) made by Breya Cunningham(Arizona),5254155,560603,560595,2024-03-22,Arizona Wildcats,560595,Arizona
6.890199928283687,22.1599998474121,37,FALSE,111858150,'1st 08:48 : 2pt driving layup (blocked) (under the basket) missed by Sydney Shaw(Auburn),5254155,560603,560595,2024-03-22,Auburn Tigers,560603,Auburn
29.920199928283736,26.8099994659424,29,TRUE,111875118,'3rd 02:13 : 3pt jump shot (outside center) made by Jada Williams(Arizona),5254155,560603,560595,2024-03-22,Arizona Wildcats,560595,Arizona
7.1815994262695,21.64500045776365,37,TRUE,111875179,'3rd 01:57 : 2pt driving layup (under the basket) made by Mar&#39;shaun Bostic(Auburn) 43-33',5254155,560603,560595,2024-03-22,Auburn Tigers,560603,Auburn
9.822999820709192,22.29999923706055,29,FALSE,111872693,'3rd 07:11 : 2pt hook shot (off turnover) (in the paint) missed by Breya Cunningham(Arizona),5254155,560603,560595,2024-03-22,Arizona Wildcats,560595,Arizona
6.21340057373051,27.64999961853025,37,TRUE,111872767,'3rd 06:44 : 2pt layup (off turnover;fast break) (under the basket) made by Taylen Collins(Auburn) 35-23',5254155,560603,560595,2024-03-22,Auburn Tigers,560603,Auburn
7.623399677276614,22.29999923706055,29,FALSE,111872779,'3rd 06:29 : 2pt driving layup (blocked) (under the basket) missed by Jada Williams(Arizona),5254155,560603,560595,2024-03-22,Arizona Wildcats,560595,Arizona
13.949596557617156,40.6500015258789,37,FALSE,111872954,'3rd 06:05 : 2pt jump shot (off turnover) (inside left) missed by Sydney Shaw(Auburn) 35-23',5254155,560603,560595,2024-03-22,Auburn Tigers,560603,Auburn
7.482400035858152,27.79500007629395,29,TRUE,111873341,'3rd 05:06 : 2pt layup (off turnover) (under the basket) made by Isis Beh(Arizona) 39-23',5254155,560603,560595,2024-03-22,Arizona Wildcats,560595,Arizona
23.020597991943333,24.3199996948242,37,FALSE,111873400,'3rd 04:43 : 2pt pull up jump shot (inside center) missed by Celia Sumbane(Auburn) 39-23',5254155,560603,560595,2024-03-22,Auburn Tigers,560603,Auburn
7.332002868652324,21.2199993133545,37,FALSE,111874048,'3rd 03:52 : 2pt driving layup (in the paint) missed by McKenna Eddings(Auburn),5254155,560603,560595,2024-03-22,Auburn Tigers,560603,Auburn
7.482399139404336,9.25,37,TRUE,111874091,'3rd 03:50 : 2pt jump shot (2nd chance) (inside right) made by McKenna Eddings(Auburn),5254155,560603,560595,2024-03-22,Auburn Tigers,560603,Auburn
15.801399497985855,21.35000038146975,37,FALSE,111858376,'1st 08:11 : 2pt pull up jump shot (off turnover) (in the paint) missed by JaMya Mingo-Young(Auburn) 4-0',5254155,560603,560595,2024-03-22,Auburn Tigers,560603,Auburn
29.920201721191418,24.04000091552735,29,FALSE,111858463,'1st 07:51 : 3pt jump shot (outside center) missed by Helena Pueyo(Arizona),5254155,560603,560595,2024-03-22,Arizona Wildcats,560595,Arizona
8.948800430297851,37.51000022888185,37,TRUE,111858493,'1st 07:42 : 2pt turnaround jump shot (inside left) made by Honesty Scott-Grayson(Auburn) 4-2',5254155,560603,560595,2024-03-22,Auburn Tigers,560603,Auburn
27.861599426269493,15.869999885559103,29,FALSE,111858559,'1st 07:28 : 3pt step back jump shot (outside right) missed by Jada Williams(Arizona),5254155,560603,560595,2024-03-22,Arizona Wildcats,560595,Arizona
6.598796844482422,27.97999954223635,29,TRUE,111858627,'1st 07:06 : 2pt layup (off turnover) (under the basket) made by Breya Cunningham(Arizona),5254155,560603,560595,2024-03-22,Arizona Wildcats,560595,Arizona
9.682000179290807,22.02000045776365,37,FALSE,111866854,'2nd 02:55 : 2pt driving layup (in the paint) missed by Mar&#39;shaun Bostic(Auburn) 21-16',5254155,560603,560595,2024-03-22,Auburn Tigers,560603,Auburn
23.020597991943333,7.559999942779548,29,FALSE,111869019,'2nd 00:00.30 : 3pt jump shot (off turnover) (outside right) missed by Jada Williams(Arizona),5254155,560603,560595,2024-03-22,Arizona Wildcats,560595,Arizona
10.415199928283734,39.19999980926515,37,FALSE,111858881,'1st 06:35 : 2pt jump shot (inside left) missed by Honesty Scott-Grayson(Auburn),5254155,560603,560595,2024-03-22,Auburn Tigers,560603,Auburn
29.920199928283736,22.1599998474121,29,FALSE,111876164,'3rd 00:02.40 : 3pt jump shot (outside center) missed by Jada Williams(Arizona),5254155,560603,560595,2024-03-22,Arizona Wildcats,560595,Arizona
8.356600322723386,26.8099994659424,37,FALSE,111859239,'1st 06:08 : 2pt layup (blocked) (under the basket) missed by Honesty Scott-Grayson(Auburn),5254155,560603,560595,2024-03-22,Auburn Tigers,560603,Auburn
8.356599426269497,27.42000007629395,29,FALSE,111859341,'1st 05:46 : 2pt (under the basket) missed by Arizona 8-2',5254155,560603,560595,2024-03-22,Arizona Wildcats,560595,Arizona
7.914798278808576,27.42000007629395,29,FALSE,111859359,'1st 05:46 : 2pt driving layup (blocked) (under the basket) missed by Skylar Jones(Arizona),5254155,560603,560595,2024-03-22,Arizona Wildcats,560595,Arizona
24.787800788879395,24.41500091552735,37,FALSE,111867355,'2nd 02:30 : 2pt pull up jump shot (inside center) missed by Sydney Shaw(Auburn),5254155,560603,560595,2024-03-22,Auburn Tigers,560603,Auburn
9.973399677276568,20.75,29,TRUE,111876502,'4th 09:35 : 2pt floating jump shot (in the paint) made by Jada Williams(Arizona) 51-39',5254155,560603,560595,2024-03-22,Arizona Wildcats,560595,Arizona
17.88819885253909,17.274999618530252,29,FALSE,111859448,'1st 05:39 : 2pt pull up jump shot (2nd chance) (inside right) missed by Helena Pueyo(Arizona) 8-2',5254155,560603,560595,2024-03-22,Arizona Wildcats,560595,Arizona
21.845599784851107,25.11499977111815,37,FALSE,111865270,'2nd 05:47 : 2pt pull up jump shot (inside center) missed by Honesty Scott-Grayson(Auburn),5254155,560603,560595,2024-03-22,Auburn Tigers,560603,Auburn
7.482400035858152,22.86499977111815,37,TRUE,111865347,'2nd 05:30 : 2pt layup (2nd chance) (under the basket) made by Yakiya Milton(Auburn),5254155,560603,560595,2024-03-22,Auburn Tigers,560603,Auburn
7.482400035858152,21.45499992370605,37,FALSE,111866177,'2nd 04:42 : 2pt driving layup (off turnover) (in the paint) missed by Honesty Scott-Grayson(Auburn),5254155,560603,560595,2024-03-22,Auburn Tigers,560603,Auburn
7.482400035858152,40.04500007629395,37,TRUE,111866260,'2nd 04:39 : 2pt jump shot (2nd chance;off turnover) (inside left) made by Sydney Shaw(Auburn),5254155,560603,560595,2024-03-22,Auburn Tigers,560603,Auburn
8.21559799194334,15.72999954223635,29,FALSE,111866379,'2nd 04:24 : 2pt pull up jump shot (blocked) (inside right) missed by Jada Williams(Arizona),5254155,560603,560595,2024-03-22,Arizona Wildcats,560595,Arizona
6.279199838638303,47.924999952316284,37,FALSE,111866441,'2nd 03:58 : 3pt jump shot (outside left wing) missed by Honesty Scott-Grayson(Auburn) 20-14',5254155,560603,560595,2024-03-22,Auburn Tigers,560603,Auburn
9.089800071716313,25.11499977111815,37,TRUE,111866485,'2nd 03:54 : 2pt layup (2nd chance) (under the basket) made by Taylen Collins(Auburn),5254155,560603,560595,2024-03-22,Auburn Tigers,560603,Auburn
7.0405979919433435,27.13500022888185,29,FALSE,111866569,'2nd 03:35 : 2pt layup (under the basket) missed by Isis Beh(Arizona),5254155,560603,560595,2024-03-22,Arizona Wildcats,560595,Arizona
17.747199211120606,27.6550006866455,37,FALSE,111860739,'1st 03:11 : 2pt pull up jump shot (2nd chance;off turnover) (in the paint) missed by JaMya Mingo-Young(Auburn),5254155,560603,560595,2024-03-22,Auburn Tigers,560603,Auburn
6.44840057373051,27.5599994659424,29,TRUE,111861115,'1st 02:09 : 2pt layup (off turnover) (under the basket) made by Skylar Jones(Arizona),5254155,560603,560595,2024-03-22,Arizona Wildcats,560595,Arizona
7.77380043029785,26.10499954223635,37,TRUE,111861159,'1st 01:53 : 2pt layup (under the basket) made by Yakiya Milton(Auburn),5254155,560603,560595,2024-03-22,Auburn Tigers,560603,Auburn
6.655201721191418,28.2199993133545,29,FALSE,111861174,'1st 01:43 : 2pt floating jump shot (under the basket) missed by Skylar Jones(Arizona) 10-8',5254155,560603,560595,2024-03-22,Arizona Wildcats,560595,Arizona
6.598796844482422,22.3449993133545,29,TRUE,111863180,'2nd 09:39 : 2pt driving layup (under the basket) made by Esmery Martinez(Arizona),5254155,560603,560595,2024-03-22,Arizona Wildcats,560595,Arizona
6.44840057373051,27.13500022888185,29,FALSE,111863974,'2nd 07:08 : 2pt driving layup (off turnover) (under the basket) missed by Skylar Jones(Arizona),5254155,560603,560595,2024-03-22,Arizona Wildcats,560595,Arizona
6.598796844482422,27.13500022888185,29,TRUE,111864004,'2nd 07:06 : 2pt driving layup (off turnover) (under the basket) made by Skylar Jones(Arizona) 20-10',5254155,560603,560595,2024-03-22,Arizona Wildcats,560595,Arizona
6.749200286865246,22.3449993133545,29,FALSE,111864060,'2nd 06:49 : 2pt layup (off turnover;blocked) (under the basket) missed by Courtney Blakely(Arizona),5254155,560603,560595,2024-03-22,Arizona Wildcats,560595,Arizona
7.1815994262695,21.2199993133545,29,FALSE,111861549,'1st 01:07 : 2pt driving layup (off turnover;blocked) (in the paint) missed by Jada Williams(Arizona),5254155,560603,560595,2024-03-22,Arizona Wildcats,560595,Arizona
21.262800788879396,30.88999938964845,37,FALSE,111861891,'1st 00:34.70 : 2pt pull up jump shot (inside center) missed by Honesty Scott-Grayson(Auburn),5254155,560603,560595,2024-03-22,Auburn Tigers,560603,Auburn
9.240199928283687,41.45499992370605,37,FALSE,111863146,'2nd 09:50 : 2pt jump shot (inside left) missed by Honesty Scott-Grayson(Auburn),5254155,560603,560595,2024-03-22,Auburn Tigers,560603,Auburn
8.948800430297851,22.57999992370605,37,FALSE,111863403,'2nd 09:04 : 2pt driving layup (under the basket) missed by Mar&#39;shaun Bostic(Auburn),5254155,560603,560595,2024-03-22,Auburn Tigers,560603,Auburn
14.663998565673822,24.45999908447265,29,FALSE,111863424,'2nd 08:58 : 2pt pull up jump shot (in the paint) missed by Courtney Blakely(Arizona),5254155,560603,560595,2024-03-22,Arizona Wildcats,560595,Arizona
7.181599874496465,22.57999992370605,37,TRUE,111863508,'2nd 08:40 : 2pt driving layup (under the basket) made by Honesty Scott-Grayson(Auburn) 13-10',5254155,560603,560595,2024-03-22,Auburn Tigers,560603,Auburn
18.17959655761716,4.885000228881836,29,TRUE,111863553,'2nd 08:13 : 3pt jump shot (outside right) made by Esmery Martinez(Arizona),5254155,560603,560595,2024-03-22,Arizona Wildcats,560595,Arizona
7.482400035858152,22.86499977111815,37,FALSE,111863682,'2nd 07:47 : 2pt driving layup (under the basket) missed by Mar&#39;shaun Bostic(Auburn),5254155,560603,560595,2024-03-22,Auburn Tigers,560603,Auburn
13.19760086059567,39.9550018310547,29,TRUE,111864164,'2nd 06:13 : 2pt jump shot (off turnover) (inside left) made by Helena Pueyo(Arizona),5254155,560603,560595,2024-03-22,Arizona Wildcats,560595,Arizona
10.114402008056658,14.460000038146951,37,FALSE,111876587,'4th 09:17 : 2pt pull up jump shot (inside right) missed by Honesty Scott-Grayson(Auburn),5254155,560603,560595,2024-03-22,Auburn Tigers,560603,Auburn
5.640000000000001,25,37,TRUE,111876606,'4th 09:13 : 2pt layup (2nd chance) (under the basket) made by Celia Sumbane(Auburn) 52-41',5254155,560603,560595,2024-03-22,Auburn Tigers,560603,Auburn
7.332002868652324,21.64500045776365,37,TRUE,111876776,'4th 08:37 : 2pt driving layup (off turnover) (under the basket) made by Honesty Scott-Grayson(Auburn) 52-43',5254155,560603,560595,2024-03-22,Auburn Tigers,560603,Auburn
10.415201721191423,27.4650001525879,635,FALSE,111870317,'3rd 09:40 : 2pt driving layup (blocked) (in the paint) missed by Sha&#39;Lynn Hagans(SHU),5254261,561060,561079,2024-03-22,Seton Hall Pirates,561079,Seton Hall
22.28739913940434,44.5050001144409,606,FALSE,111870347,'3rd 09:30 : 3pt jump shot (outside left) missed by Mackenzie Smith(SJU),5254261,561060,561079,2024-03-22,Saint Joseph's Hawks,561060,Saint Joseph's
14.222200107574446,30,606,TRUE,111870419,'3rd 09:07 : 2pt pull up jump shot (2nd chance) (in the paint) made by Mackenzie Smith(SJU) 26-30',5254261,561060,561079,2024-03-22,Saint Joseph's Hawks,561060,Saint Joseph's
11.439798278808581,22.11499977111815,635,FALSE,111870489,'3rd 08:47 : 2pt layup (blocked) (in the paint) missed by Azana Baines(SHU),5254261,561060,561079,2024-03-22,Seton Hall Pirates,561079,Seton Hall
30.352600860595665,40.13999938964845,635,FALSE,111873562,'3rd 00:30.60 : 3pt jump shot (outside left) missed by Brazil Harvey-Carr(SHU),5254261,561060,561079,2024-03-22,Seton Hall Pirates,561079,Seton Hall
11.148400573730498,30,635,FALSE,111871181,'3rd 06:18 : 2pt driving layup (in the paint) missed by Savannah Catalon(SHU),5254261,561060,561079,2024-03-22,Seton Hall Pirates,561079,Seton Hall
29.036599426269493,35.21000003814695,606,TRUE,111871595,'3rd 05:20 : 3pt jump shot (off turnover) (outside left) made by Laura Ziegler(SJU),5254261,561060,561079,2024-03-22,Saint Joseph's Hawks,561060,Saint Joseph's
8.647999820709233,22.39500045776365,635,TRUE,111858952,'1st 04:43 : 2pt driving layup (under the basket) made by Azana Baines(SHU) 13-2',5254261,561060,561079,2024-03-22,Seton Hall Pirates,561079,Seton Hall
9.089798278808573,28.17000007629395,606,TRUE,111859014,'1st 04:28 : 2pt layup (in the paint) made by Paula Maurina(SJU),5254261,561060,561079,2024-03-22,Saint Joseph's Hawks,561060,Saint Joseph's
26.395201721191413,41.54999923706055,606,FALSE,111859225,'1st 04:01 : 3pt jump shot (off turnover) (outside left) missed by Gabby Casey(SJU),5254261,561060,561079,2024-03-22,Saint Joseph's Hawks,561060,Saint Joseph's
19.063198852539088,17.88500022888185,635,FALSE,111870514,'3rd 08:36 : 2pt pull up jump shot (2nd chance) (inside right) missed by Savannah Catalon(SHU),5254261,561060,561079,2024-03-22,Seton Hall Pirates,561079,Seton Hall
10.706600322723432,48.02999997138977,606,FALSE,111870538,'3rd 08:24 : 3pt jump shot (outside left) missed by Chloe Welch(SJU),5254261,561060,561079,2024-03-22,Saint Joseph's Hawks,561060,Saint Joseph's
14.663998565673822,28.875,635,FALSE,111870989,'3rd 07:23 : 2pt layup (off turnover) (in the paint) missed by Azana Baines(SHU),5254261,561060,561079,2024-03-22,Seton Hall Pirates,561079,Seton Hall
30.503000717163133,32.95999908447265,606,FALSE,111871015,'3rd 07:12 : 3pt jump shot (outside center) missed by Laura Ziegler(SJU),5254261,561060,561079,2024-03-22,Saint Joseph's Hawks,561060,Saint Joseph's
11.731203155517576,29.57500076293945,635,TRUE,111871041,'3rd 07:01 : 2pt layup (in the paint) made by Kae Satterfield(SHU),5254261,561060,561079,2024-03-22,Seton Hall Pirates,561079,Seton Hall
32.11979827880858,23.6599998474121,606,TRUE,111871116,'3rd 06:36 : 3pt jump shot (outside center) made by Laura Ziegler(SJU),5254261,561060,561079,2024-03-22,Saint Joseph's Hawks,561060,Saint Joseph's
18.621397705078067,20.2800006866455,635,FALSE,111872700,'3rd 03:08 : 2pt pull up jump shot (off turnover) (in the paint) missed by Savannah Catalon(SHU),5254261,561060,561079,2024-03-22,Seton Hall Pirates,561079,Seton Hall
6.749199838638304,33.6599998474121,606,FALSE,111872734,'3rd 02:46 : 2pt jump shot (inside left) missed by Laura Ziegler(SJU),5254261,561060,561079,2024-03-22,Saint Joseph's Hawks,561060,Saint Joseph's
28.886203155517578,13.659999847412102,606,TRUE,111859480,'1st 03:55 : 3pt jump shot (2nd chance) (outside right) made by Mackenzie Smith(SJU),5254261,561060,561079,2024-03-22,Saint Joseph's Hawks,561060,Saint Joseph's
14.955399856567373,26.89999961853025,635,TRUE,111859564,'1st 03:32 : 2pt hook shot (in the paint) made by Azana Baines(SHU) 15-7',5254261,561060,561079,2024-03-22,Seton Hall Pirates,561079,Seton Hall
7.1815994262695,48.310001373291,606,TRUE,111859626,'1st 03:12 : 3pt jump shot (outside left) made by Chloe Welch(SJU),5254261,561060,561079,2024-03-22,Saint Joseph's Hawks,561060,Saint Joseph's
9.973399677276568,22.11499977111815,635,FALSE,111859694,'1st 02:58 : 2pt pull up jump shot (in the paint) missed by Savannah Catalon(SHU),5254261,561060,561079,2024-03-22,Seton Hall Pirates,561079,Seton Hall
31.81899856567383,25.77499961853025,606,FALSE,111859875,'1st 02:29 : 3pt jump shot (outside center) missed by Laura Ziegler(SJU),5254261,561060,561079,2024-03-22,Saint Joseph's Hawks,561060,Saint Joseph's
6.44840057373051,29.1550006866455,606,TRUE,111859904,'1st 02:13 : 2pt driving layup (2nd chance) (in the paint) made by Chloe Welch(SJU) 15-12',5254261,561060,561079,2024-03-22,Saint Joseph's Hawks,561060,Saint Joseph's
8.948796844482416,22.11499977111815,606,TRUE,111859981,'1st 01:58 : 2pt layup (off turnover;fast break) (in the paint) made by Mackenzie Smith(SJU),5254261,561060,561079,2024-03-22,Saint Joseph's Hawks,561060,Saint Joseph's
27.278800430297878,36.76000022888185,635,FALSE,111860065,'1st 01:28 : 3pt jump shot (outside left) missed by I&#39;yanna Lops(SHU),5254261,561060,561079,2024-03-22,Seton Hall Pirates,561079,Seton Hall
12.614798278808578,24.36499977111815,635,TRUE,111872879,'3rd 02:07 : 2pt hook shot (off turnover) (in the paint) made by A&#39;Jah Davis(SHU),5254261,561060,561079,2024-03-22,Seton Hall Pirates,561079,Seton Hall
10.556199569702121,25.91500091552735,606,FALSE,111873031,'3rd 01:39 : 2pt pull up jump shot (in the paint) missed by Chloe Welch(SJU),5254261,561060,561079,2024-03-22,Saint Joseph's Hawks,561060,Saint Joseph's
10.706599426269491,25.91500091552735,635,FALSE,111873054,'3rd 01:31 : 2pt layup (blocked) (in the paint) missed by Azana Baines(SHU),5254261,561060,561079,2024-03-22,Seton Hall Pirates,561079,Seton Hall
23.904200286865247,8.875,606,FALSE,111860187,'1st 01:07 : 3pt jump shot (outside right) missed by Laura Ziegler(SJU),5254261,561060,561079,2024-03-22,Saint Joseph's Hawks,561060,Saint Joseph's
9.973399677276568,22.2549991607666,635,FALSE,111860206,'1st 00:59.70 : 2pt driving layup (in the paint) missed by Amari Wright(SHU),5254261,561060,561079,2024-03-22,Seton Hall Pirates,561079,Seton Hall
21.413198852539097,26.1949996948242,606,FALSE,111860214,'1st 00:47.90 : 2pt pull up jump shot (inside center) missed by Mackenzie Smith(SJU),5254261,561060,561079,2024-03-22,Saint Joseph's Hawks,561060,Saint Joseph's
30.94479827880858,25.4950008392334,606,FALSE,111873461,'3rd 01:08 : 3pt jump shot (off turnover) (outside center) missed by Laura Ziegler(SJU),5254261,561060,561079,2024-03-22,Saint Joseph's Hawks,561060,Saint Joseph's
20.82099964141848,29.57500076293945,606,FALSE,111873513,'3rd 00:54.20 : 2pt pull up jump shot (2nd chance;off turnover) (inside center) missed by Chloe Welch(SJU),5254261,561060,561079,2024-03-22,Saint Joseph's Hawks,561060,Saint Joseph's
29.920199928283736,17.4650001525879,635,FALSE,111860603,'1st 00:00.20 : 3pt jump shot (off turnover) (outside center) missed by Sha&#39;Lynn Hagans(SHU),5254261,561060,561079,2024-03-22,Seton Hall Pirates,561079,Seton Hall
8.065201721191428,26.89999961853025,635,FALSE,111872219,'3rd 04:41 : 2pt layup (blocked) (under the basket) missed by A&#39;Jah Davis(SHU),5254261,561060,561079,2024-03-22,Seton Hall Pirates,561079,Seton Hall
21.55420028686524,16.47999954223635,635,FALSE,111872506,'3rd 03:43 : 2pt jump shot (off turnover) (inside right) missed by Kae Satterfield(SHU),5254261,561060,561079,2024-03-22,Seton Hall Pirates,561079,Seton Hall
10.706600322723432,27.32500076293945,606,FALSE,111872570,'3rd 03:24 : 2pt driving layup (in the paint) missed by Mackenzie Smith(SJU),5254261,561060,561079,2024-03-22,Saint Joseph's Hawks,561060,Saint Joseph's
25.52099964141848,42.11499977111815,606,TRUE,111874158,'4th 09:39 : 3pt jump shot (outside left) made by Gabby Casey(SJU),5254261,561060,561079,2024-03-22,Saint Joseph's Hawks,561060,Saint Joseph's
4.98200286865233,47.8849983215332,635,TRUE,111874214,'4th 09:19 : 3pt jump shot (outside left wing) made by Sha&#39;Lynn Hagans(SHU),5254261,561060,561079,2024-03-22,Seton Hall Pirates,561079,Seton Hall
9.973399677276568,21.9699993133545,606,FALSE,111874349,'4th 08:44 : 2pt driving layup (in the paint) missed by Chloe Welch(SJU),5254261,561060,561079,2024-03-22,Saint Joseph's Hawks,561060,Saint Joseph's
26.103796844482417,8.3100004196167,635,FALSE,111874409,'4th 08:24 : 3pt jump shot (outside right) missed by Azana Baines(SHU),5254261,561060,561079,2024-03-22,Seton Hall Pirates,561079,Seton Hall
7.04059978485107,48.169999957084656,606,TRUE,111874492,'4th 08:03 : 3pt jump shot (outside left) made by Talya Brugler(SJU),5254261,561060,561079,2024-03-22,Saint Joseph's Hawks,561060,Saint Joseph's
13.347997131347668,38.1699981689453,635,FALSE,111874654,'4th 07:37 : 2pt jump shot (inside left) missed by Azana Baines(SHU),5254261,561060,561079,2024-03-22,Seton Hall Pirates,561079,Seton Hall
10.415201721191423,23.10000038146975,635,TRUE,111874846,'4th 07:14 : 2pt driving layup (off turnover) (in the paint) made by Savannah Catalon(SHU) 40-44',5254261,561060,561079,2024-03-22,Seton Hall Pirates,561079,Seton Hall
23.020599784851107,5.3499984741211,606,FALSE,111874897,'4th 06:58 : 3pt jump shot (outside right) missed by Chloe Welch(SJU),5254261,561060,561079,2024-03-22,Saint Joseph's Hawks,561060,Saint Joseph's
17.155,24.79000091552735,606,FALSE,111874899,'4th 06:54 : 2pt layup (2nd chance) (in the paint) missed by Laura Ziegler(SJU),5254261,561060,561079,2024-03-22,Saint Joseph's Hawks,561060,Saint Joseph's
31.96940200805667,28.5900001525879,606,FALSE,111866572,'2nd 00:00.10 : 3pt jump shot (off turnover;blocked) (outside center) missed by Mackenzie Smith(SJU),5254261,561060,561079,2024-03-22,Saint Joseph's Hawks,561060,Saint Joseph's
9.973400573730501,23.10000038146975,635,TRUE,111875052,'4th 06:33 : 2pt driving layup (in the paint) made by Sha&#39;Lynn Hagans(SHU) 42-44',5254261,561060,561079,2024-03-22,Seton Hall Pirates,561079,Seton Hall
12.172999820709194,24.5049991607666,606,FALSE,111875217,'4th 06:03 : 2pt hook shot (in the paint) missed by Mackenzie Smith(SJU),5254261,561060,561079,2024-03-22,Saint Joseph's Hawks,561060,Saint Joseph's
17.59679935455323,19.57500076293945,635,TRUE,111855937,'1st 09:36 : 2pt jump shot (in the paint) made by Kae Satterfield(SHU),5254261,561060,561079,2024-03-22,Seton Hall Pirates,561079,Seton Hall
28.3034005737305,38.72999954223635,606,FALSE,111856067,'1st 09:08 : 3pt jump shot (outside left) missed by Julia Nystrom(SJU),5254261,561060,561079,2024-03-22,Saint Joseph's Hawks,561060,Saint Joseph's
14.372600860595668,23.8050003051758,606,FALSE,111856191,'1st 08:59 : 2pt jump shot (2nd chance) (in the paint) missed by Laura Ziegler(SJU),5254261,561060,561079,2024-03-22,Saint Joseph's Hawks,561060,Saint Joseph's
27.720599784851107,13.2400016784668,635,TRUE,111856317,'1st 08:31 : 3pt jump shot (outside right) made by Savannah Catalon(SHU),5254261,561060,561079,2024-03-22,Seton Hall Pirates,561079,Seton Hall
14.222197418212914,26.89999961853025,606,FALSE,111856394,'1st 08:09 : 2pt pull up jump shot (in the paint) missed by Chloe Welch(SJU),5254261,561060,561079,2024-03-22,Saint Joseph's Hawks,561060,Saint Joseph's
17.446399497985855,29.4349994659424,635,TRUE,111856553,'1st 07:48 : 2pt jump shot (in the paint) made by Kae Satterfield(SHU) 7-0',5254261,561060,561079,2024-03-22,Seton Hall Pirates,561079,Seton Hall
5.4237999820709195,11.54999923706055,606,FALSE,111876063,'4th 04:17 : 2pt pull up jump shot (inside right) missed by Chloe Welch(SJU),5254261,561060,561079,2024-03-22,Saint Joseph's Hawks,561060,Saint Joseph's
31.677997131347666,22.2549991607666,635,FALSE,111876099,'4th 03:58 : 3pt jump shot (outside center) missed by Azana Baines(SHU),5254261,561060,561079,2024-03-22,Seton Hall Pirates,561079,Seton Hall
9.682000179290807,26.6200008392334,606,TRUE,111876139,'4th 03:30 : 2pt driving layup (in the paint) made by Mackenzie Smith(SJU) 45-46',5254261,561060,561079,2024-03-22,Saint Joseph's Hawks,561060,Saint Joseph's
30.352600860595665,37.32500076293945,606,FALSE,111856633,'1st 07:20 : 3pt jump shot (outside left) missed by Talya Brugler(SJU),5254261,561060,561079,2024-03-22,Saint Joseph's Hawks,561060,Saint Joseph's
31.67800071716313,38.0299997329712,635,FALSE,111856751,'1st 07:00 : 3pt jump shot (outside left) missed by Savannah Catalon(SHU),5254261,561060,561079,2024-03-22,Seton Hall Pirates,561079,Seton Hall
15.10579971313475,10.27999877929685,635,FALSE,111857044,'1st 06:20 : 2pt jump shot (off turnover;blocked) (inside right) missed by Azana Baines(SHU),5254261,561060,561079,2024-03-22,Seton Hall Pirates,561079,Seton Hall
7.482399139404336,21.6900005340576,606,FALSE,111858353,'1st 05:45 : 2pt driving layup (off turnover) (under the basket) missed by Chloe Welch(SJU),5254261,561060,561079,2024-03-22,Saint Joseph's Hawks,561060,Saint Joseph's
12.906203155517574,20.2800006866455,606,FALSE,111858419,'1st 05:28 : 2pt driving layup (2nd chance;off turnover) (in the paint) missed by Gabby Casey(SJU),5254261,561060,561079,2024-03-22,Saint Joseph's Hawks,561060,Saint Joseph's
7.332000179290768,26.3400001525879,635,TRUE,111858721,'1st 05:13 : 2pt driving layup (under the basket) made by Shailyn Pinkney(SHU) 11-2',5254261,561060,561079,2024-03-22,Seton Hall Pirates,561079,Seton Hall
10.706599426269491,20.8449993133545,606,FALSE,111858793,'1st 04:58 : 2pt pull up jump shot (in the paint) missed by Mackenzie Smith(SJU),5254261,561060,561079,2024-03-22,Saint Joseph's Hawks,561060,Saint Joseph's
9.240201721191426,48.875,635,FALSE,111876434,'4th 03:16 : 3pt jump shot (outside left) missed by Brazil Harvey-Carr(SHU),5254261,561060,561079,2024-03-22,Seton Hall Pirates,561079,Seton Hall
8.507000179290769,21.27000045776365,635,TRUE,111865354,'2nd 03:13 : 2pt layup (2nd chance) (in the paint) made by Kae Satterfield(SHU),5254261,561060,561079,2024-03-22,Seton Hall Pirates,561079,Seton Hall
8.64799713134768,22.11499977111815,606,TRUE,111865455,'2nd 02:45 : 2pt layup (off turnover;fast break) (in the paint) made by Talya Brugler(SJU),5254261,561060,561079,2024-03-22,Saint Joseph's Hawks,561060,Saint Joseph's
18.621399497985855,26.47999954223635,635,FALSE,111865535,'2nd 02:19 : 2pt jump shot (in the paint) missed by Kae Satterfield(SHU),5254261,561060,561079,2024-03-22,Seton Hall Pirates,561079,Seton Hall
8.798400573730504,48.1699981689453,606,FALSE,111865572,'2nd 02:10 : 3pt jump shot (outside left) missed by Julia Nystrom(SJU),5254261,561060,561079,2024-03-22,Saint Joseph's Hawks,561060,Saint Joseph's
9.822999820709192,21.54999923706055,635,TRUE,111865601,'2nd 01:59 : 2pt layup (off turnover;fast break) (in the paint) made by Savannah Catalon(SHU) 23-26',5254261,561060,561079,2024-03-22,Seton Hall Pirates,561079,Seton Hall
30.6534005737305,35.91499996185305,635,TRUE,111865844,'2nd 01:19 : 3pt jump shot (off turnover) (outside left) made by Brazil Harvey-Carr(SHU),5254261,561060,561079,2024-03-22,Seton Hall Pirates,561079,Seton Hall
24.48700286865234,28.17000007629395,606,TRUE,111864381,'2nd 05:50 : 2pt jump shot (off turnover) (inside center) made by Laura Ziegler(SJU),5254261,561060,561079,2024-03-22,Saint Joseph's Hawks,561060,Saint Joseph's
15.10579971313475,34.9300003051758,635,TRUE,111864497,'2nd 05:34 : 2pt pull up jump shot (inside left) made by Sha&#39;Lynn Hagans(SHU) 17-19',5254261,561060,561079,2024-03-22,Seton Hall Pirates,561079,Seton Hall
30.653400573730508,27.1849994659424,606,FALSE,111864529,'2nd 05:18 : 3pt jump shot (outside center) missed by Mackenzie Smith(SJU),5254261,561060,561079,2024-03-22,Saint Joseph's Hawks,561060,Saint Joseph's
23.020599784851107,45.77500009536743,635,FALSE,111864560,'2nd 05:09 : 3pt jump shot (outside left) missed by Savannah Catalon(SHU),5254261,561060,561079,2024-03-22,Seton Hall Pirates,561079,Seton Hall
12.172999820709194,20.70499992370605,635,FALSE,111864607,'2nd 05:04 : 2pt layup (2nd chance;blocked) (in the paint) missed by Kae Satterfield(SHU),5254261,561060,561079,2024-03-22,Seton Hall Pirates,561079,Seton Hall
12.313998565673828,20.98500061035155,606,TRUE,111864642,'2nd 04:53 : 2pt driving layup (in the paint) made by Gabby Casey(SJU) 17-21',5254261,561060,561079,2024-03-22,Saint Joseph's Hawks,561060,Saint Joseph's
6.0160000896453845,38.17000007629395,635,TRUE,111864852,'2nd 04:36 : 2pt pull up jump shot (inside left) made by Sha&#39;Lynn Hagans(SHU),5254261,561060,561079,2024-03-22,Seton Hall Pirates,561079,Seton Hall
31.81899856567383,15.494999885559103,606,TRUE,111864924,'2nd 04:16 : 3pt jump shot (outside center) made by Mackenzie Smith(SJU),5254261,561060,561079,2024-03-22,Saint Joseph's Hawks,561060,Saint Joseph's
28.594800071716264,11.4099998474121,635,FALSE,111864947,'2nd 04:02 : 3pt jump shot (outside right) missed by Brazil Harvey-Carr(SHU),5254261,561060,561079,2024-03-22,Seton Hall Pirates,561079,Seton Hall
10.26479827880857,24.22500038146975,606,FALSE,111865004,'2nd 03:45 : 2pt driving layup (in the paint) missed by Julia Nystrom(SJU),5254261,561060,561079,2024-03-22,Saint Joseph's Hawks,561060,Saint Joseph's
10.706600322723432,1.4099998474121,635,FALSE,111865350,'2nd 03:20 : 3pt jump shot (outside right) missed by Sha&#39;Lynn Hagans(SHU),5254261,561060,561079,2024-03-22,Seton Hall Pirates,561079,Seton Hall
11.148399677276569,21.125,635,FALSE,111861417,'2nd 09:42 : 2pt layup (blocked) (in the paint) missed by Kae Satterfield(SHU),5254261,561060,561079,2024-03-22,Seton Hall Pirates,561079,Seton Hall
29.18699928283687,34.78999996185305,635,FALSE,111861533,'2nd 09:29 : 3pt jump shot (2nd chance;blocked) (outside left) missed by Savannah Catalon(SHU),5254261,561060,561079,2024-03-22,Seton Hall Pirates,561079,Seton Hall
7.482399139404336,1.5499999523162842,606,FALSE,111862028,'2nd 08:29 : 3pt jump shot (off turnover) (outside right) missed by Talya Brugler(SJU),5254261,561060,561079,2024-03-22,Saint Joseph's Hawks,561060,Saint Joseph's
7.181599874496465,2.1150016784668,635,FALSE,111862457,'2nd 07:55 : 3pt jump shot (off turnover) (outside right) missed by Sha&#39;Lynn Hagans(SHU),5254261,561060,561079,2024-03-22,Seton Hall Pirates,561079,Seton Hall
10.114400215148892,18.5900001525879,635,FALSE,111862530,'2nd 07:38 : 2pt jump shot (2nd chance;off turnover;blocked) (inside right) missed by Azana Baines(SHU),5254261,561060,561079,2024-03-22,Seton Hall Pirates,561079,Seton Hall
4.982000179290768,25.91500091552735,635,FALSE,111862591,'2nd 07:34 : 2pt layup (2nd chance;off turnover) (under the basket) missed by Azana Baines(SHU),5254261,561060,561079,2024-03-22,Seton Hall Pirates,561079,Seton Hall
22.578796844482426,23.8050003051758,606,FALSE,111862787,'2nd 07:03 : 2pt pull up jump shot (inside center) missed by Mackenzie Smith(SJU),5254261,561060,561079,2024-03-22,Saint Joseph's Hawks,561060,Saint Joseph's
28.3034005737305,11.829999923706048,606,TRUE,111862846,'2nd 06:55 : 3pt jump shot (2nd chance) (outside right) made by Chloe Welch(SJU),5254261,561060,561079,2024-03-22,Saint Joseph's Hawks,561060,Saint Joseph's
29.619400215148893,34.78999996185305,635,FALSE,111866005,'2nd 00:31.40 : 3pt jump shot (off turnover) (outside left) missed by Sha&#39;Lynn Hagans(SHU),5254261,561060,561079,2024-03-22,Seton Hall Pirates,561079,Seton Hall
19.946799354553228,17.32500076293945,635,FALSE,111864154,'2nd 06:16 : 2pt jump shot (inside right) missed by Azana Baines(SHU),5254261,561060,561079,2024-03-22,Seton Hall Pirates,561079,Seton Hall
11.289400215148891,26.0550003051758,635,FALSE,111864170,'2nd 06:11 : 2pt hook shot (2nd chance) (in the paint) missed by Kae Satterfield(SHU),5254261,561060,561079,2024-03-22,Seton Hall Pirates,561079,Seton Hall
8.948800430297851,26.6200008392334,606,TRUE,111876518,'4th 02:45 : 2pt driving layup (off turnover;fast break) (under the basket) made by Talya Brugler(SJU) 45-50',5254261,561060,561079,2024-03-22,Saint Joseph's Hawks,561060,Saint Joseph's
17.01399856567383,23.8050003051758,635,TRUE,111876588,'4th 02:15 : 2pt turnaround jump shot (in the paint) made by Kae Satterfield(SHU),5254261,561060,561079,2024-03-22,Seton Hall Pirates,561079,Seton Hall
8.356600322723386,26.47999954223635,606,TRUE,111876629,'4th 01:56 : 2pt driving layup (under the basket) made by Mackenzie Smith(SJU) 47-52',5254261,561060,561079,2024-03-22,Saint Joseph's Hawks,561060,Saint Joseph's
6.44840057373051,23.4950008392334,709,TRUE,111872632,'3rd 00:41.80 : 2pt layup (under the basket) made by Khera Goss(TOL),5254258,561161,560681,2024-03-22,Toledo Rockets,561161,Toledo
7.77380043029785,21.57500076293945,148,TRUE,111872655,'3rd 00:41.80 : 2pt layup (in the paint) made by Mickayla Perdue(CSU) 37-37',5254258,561161,560681,2024-03-22,Cleveland St. Vikings,560681,Cleveland St.
29.327997131347672,33.20999908447265,148,TRUE,111864266,'2nd 03:40 : 3pt jump shot (2nd chance;off turnover) (outside center) made by Colbi Maples(CSU),5254258,561161,560681,2024-03-22,Cleveland St. Vikings,560681,Cleveland St.
6.0160000896453845,1.57500076293945,709,FALSE,111864337,'2nd 03:26 : 3pt jump shot (outside right wing) missed by Quinesha Lockett(TOL),5254258,561161,560681,2024-03-22,Toledo Rockets,561161,Toledo
10.997999820709195,24.67499923706055,709,TRUE,111864782,'2nd 02:24 : 2pt layup (off turnover) (in the paint) made by Nan Garcia(TOL),5254258,561161,560681,2024-03-22,Toledo Rockets,561161,Toledo
8.21559799194334,48,148,TRUE,111864961,'2nd 01:41 : 3pt jump shot (off turnover) (outside left) made by Mickayla Perdue(CSU) 24-21',5254258,561161,560681,2024-03-22,Cleveland St. Vikings,560681,Cleveland St.
27.128400573730506,35.23999977111815,709,FALSE,111865025,'2nd 01:25 : 3pt jump shot (outside left) missed by Soleil Barnes(TOL),5254258,561161,560681,2024-03-22,Toledo Rockets,561161,Toledo
21.704596557617165,36.875,148,TRUE,111865040,'2nd 01:18 : 2pt pull up jump shot (fast break) (inside left) made by Mickayla Perdue(CSU),5254258,561161,560681,2024-03-22,Cleveland St. Vikings,560681,Cleveland St.
5.86559978485107,27.63500022888185,709,TRUE,111865296,'2nd 01:05 : 2pt driving layup (under the basket) made by Sammi Mikonowicz(TOL),5254258,561161,560681,2024-03-22,Toledo Rockets,561161,Toledo
24.19559799194333,27.4349994659424,148,TRUE,111865534,'2nd 00:31.30 : 2pt jump shot (inside center) made by Mickayla Perdue(CSU) 28-24',5254258,561161,560681,2024-03-22,Cleveland St. Vikings,560681,Cleveland St.
7.77380043029785,36.08500003814695,709,TRUE,111865571,'2nd 00:13.80 : 2pt jump shot (inside left) made by Sammi Mikonowicz(TOL),5254258,561161,560681,2024-03-22,Toledo Rockets,561161,Toledo
8.21559799194334,29.4099998474121,148,FALSE,111865623,'2nd 00:02.30 : 2pt driving layup (blocked) (in the paint) missed by Colbi Maples(CSU),5254258,561161,560681,2024-03-22,Cleveland St. Vikings,560681,Cleveland St.
26.686599426269495,38.42499923706055,148,FALSE,111865689,'2nd 00:02.30 : 3pt jump shot (2nd chance) (outside left) missed by Colbi Maples(CSU),5254258,561161,560681,2024-03-22,Cleveland St. Vikings,560681,Cleveland St.
5.574200286865249,22.64999961853025,709,FALSE,111869140,'3rd 09:38 : 2pt layup (off turnover) (under the basket) missed by Sammi Mikonowicz(TOL),5254258,561161,560681,2024-03-22,Toledo Rockets,561161,Toledo
9.531600322723431,26.5049991607666,148,TRUE,111869228,'3rd 09:25 : 2pt layup (under the basket) made by Jordana Reisma(CSU),5254258,561161,560681,2024-03-22,Cleveland St. Vikings,560681,Cleveland St.
5.71520172119142,22.64999961853025,709,TRUE,111872670,'3rd 00:41.80 : 2pt layup (under the basket) made by Khera Goss(TOL),5254258,561161,560681,2024-03-22,Toledo Rockets,561161,Toledo
7.181599874496465,21.7199993133545,148,FALSE,111872696,'3rd 00:41.80 : 2pt driving layup (blocked) (under the basket) missed by Colbi Maples(CSU),5254258,561161,560681,2024-03-22,Cleveland St. Vikings,560681,Cleveland St.
10.415199928283734,20.45000076293945,148,TRUE,111872772,'3rd 00:41.80 : 2pt layup (2nd chance) (in the paint) made by Mickayla Perdue(CSU) 39-39',5254258,561161,560681,2024-03-22,Cleveland St. Vikings,560681,Cleveland St.
7.0405979919433435,22.08499908447265,709,FALSE,111872782,'3rd 00:41.80 : 2pt layup (under the basket) missed by Hannah Noveroske(TOL),5254258,561161,560681,2024-03-22,Toledo Rockets,561161,Toledo
6.598799982070919,22.8449993133545,148,TRUE,111872827,'3rd 00:41.80 : 2pt layup (off turnover) (under the basket) made by Mickayla Perdue(CSU) 41-39',5254258,561161,560681,2024-03-22,Cleveland St. Vikings,560681,Cleveland St.
20.529596557617154,5.88500022888185,709,FALSE,111872889,'3rd 00:41.80 : 3pt jump shot (outside right) missed by Sophia Wiard(TOL),5254258,561161,560681,2024-03-22,Toledo Rockets,561161,Toledo
28.45380043029788,15.2400016784668,148,FALSE,111872909,'3rd 00:41.80 : 3pt jump shot (outside right) missed by Mickayla Perdue(CSU),5254258,561161,560681,2024-03-22,Cleveland St. Vikings,560681,Cleveland St.
6.890199928283687,1.435001373291,148,FALSE,111872917,'3rd 00:41.80 : 3pt jump shot (2nd chance) (outside right wing) missed by Colbi Maples(CSU),5254258,561161,560681,2024-03-22,Cleveland St. Vikings,560681,Cleveland St.
6.307399139404339,22.5049991607666,709,TRUE,111872959,'3rd 00:41.80 : 2pt layup (under the basket) made by Sophia Wiard(TOL) 41-41',5254258,561161,560681,2024-03-22,Toledo Rockets,561161,Toledo
8.647999820709233,1.435001373291,148,TRUE,111873014,'3rd 00:41.80 : 3pt jump shot (outside right) made by Mickayla Perdue(CSU) 44-41',5254258,561161,560681,2024-03-22,Cleveland St. Vikings,560681,Cleveland St.
23.020597991943333,29.6900005340576,709,TRUE,111873050,'3rd 00:41.80 : 2pt pull up jump shot (inside center) made by Sophia Wiard(TOL),5254258,561161,560681,2024-03-22,Toledo Rockets,561161,Toledo
6.448400125503536,20.72999954223635,148,FALSE,111873100,'3rd 00:32.40 : 2pt driving layup (in the paint) missed by Colbi Maples(CSU),5254258,561161,560681,2024-03-22,Cleveland St. Vikings,560681,Cleveland St.
26.98739913940433,12.505000114440897,709,FALSE,111873163,'3rd 00:09.40 : 3pt jump shot (outside right) missed by Sophia Wiard(TOL),5254258,561161,560681,2024-03-22,Toledo Rockets,561161,Toledo
39.301401290893544,40.67499923706055,709,FALSE,111873212,'3rd 00:00.10 : 3pt jump shot (2nd chance) (outside center) missed by Sophia Wiard(TOL),5254258,561161,560681,2024-03-22,Toledo Rockets,561161,Toledo
14.37259996414182,36.22500038146975,148,FALSE,111876046,'4th 00:44.50 : 2pt pull up jump shot (inside left) missed by Colbi Maples(CSU),5254258,561161,560681,2024-03-22,Cleveland St. Vikings,560681,Cleveland St.
29.478400573730504,17.20999908447265,148,TRUE,111876058,'4th 00:38.00 : 3pt jump shot (2nd chance) (outside center) made by Mickayla Perdue(CSU),5254258,561161,560681,2024-03-22,Cleveland St. Vikings,560681,Cleveland St.
28.15299713134766,42.9300003051758,709,TRUE,111874230,'4th 07:48 : 3pt jump shot (outside left) made by Khera Goss(TOL) 50-49',5254258,561161,560681,2024-03-22,Toledo Rockets,561161,Toledo
7.04059978485107,22.2800006866455,148,TRUE,111874328,'4th 07:12 : 2pt layup (under the basket) made by Jordana Reisma(CSU),5254258,561161,560681,2024-03-22,Cleveland St. Vikings,560681,Cleveland St.
23.46239913940434,41.8050003051758,709,FALSE,111873660,'4th 09:35 : 3pt jump shot (outside left) missed by Quinesha Lockett(TOL),5254258,561161,560681,2024-03-22,Toledo Rockets,561161,Toledo
7.332002868652324,34.7599983215332,709,FALSE,111873675,'4th 09:28 : 2pt pull up jump shot (2nd chance) (inside left) missed by Emmi Rinat(TOL),5254258,561161,560681,2024-03-22,Toledo Rockets,561161,Toledo
10.415201721191423,39.54999923706055,709,TRUE,111873697,'4th 09:03 : 2pt jump shot (2nd chance) (inside left) made by Quinesha Lockett(TOL),5254258,561161,560681,2024-03-22,Toledo Rockets,561161,Toledo
30.6534005737305,20.3099994659424,148,TRUE,111873762,'4th 08:53 : 3pt jump shot (outside center) made by Mickayla Perdue(CSU) 47-45',5254258,561161,560681,2024-03-22,Cleveland St. Vikings,560681,Cleveland St.
29.478400573730504,35.9449996948242,148,FALSE,111874016,'4th 08:06 : 3pt step back jump shot (outside left) missed by Mickayla Perdue(CSU),5254258,561161,560681,2024-03-22,Cleveland St. Vikings,560681,Cleveland St.
8.356600322723386,34.5349998474121,148,FALSE,111874053,'4th 07:56 : 2pt step back jump shot (2nd chance) (inside left) missed by Colbi Maples(CSU),5254258,561161,560681,2024-03-22,Cleveland St. Vikings,560681,Cleveland St.
26.836999282836867,10.02999877929685,148,TRUE,111874075,'4th 07:48 : 3pt jump shot (2nd chance) (outside right) made by Mickayla Perdue(CSU),5254258,561161,560681,2024-03-22,Cleveland St. Vikings,560681,Cleveland St.
21.41320064544677,25.52000045776365,148,FALSE,111874212,'4th 07:48 : 2pt jump shot (inside center) missed by Jordana Reisma(CSU),5254258,561161,560681,2024-03-22,Cleveland St. Vikings,560681,Cleveland St.
5.71520172119142,23.0699996948242,709,TRUE,111874470,'4th 06:09 : 2pt driving layup (off turnover) (under the basket) made by Quinesha Lockett(TOL),5254258,561161,560681,2024-03-22,Toledo Rockets,561161,Toledo
30.794398422241212,22.70499992370605,148,FALSE,111874526,'4th 05:49 : 3pt jump shot (outside center) missed by Mickayla Perdue(CSU),5254258,561161,560681,2024-03-22,Cleveland St. Vikings,560681,Cleveland St.
18.038602294921816,45.4650001525879,709,FALSE,111874547,'4th 05:43 : 3pt jump shot (outside left) missed by Khera Goss(TOL),5254258,561161,560681,2024-03-22,Toledo Rockets,561161,Toledo
5.71520172119142,22.08499908447265,709,FALSE,111874787,'4th 05:00 : 2pt driving layup (off turnover) (under the basket) missed by Quinesha Lockett(TOL),5254258,561161,560681,2024-03-22,Toledo Rockets,561161,Toledo
8.356600322723386,2.27999877929685,148,TRUE,111874805,'4th 04:44 : 3pt jump shot (outside right) made by Sara Guerreiro(CSU),5254258,561161,560681,2024-03-22,Cleveland St. Vikings,560681,Cleveland St.
6.44840057373051,28.13999938964845,709,TRUE,111874861,'4th 04:21 : 2pt driving layup (under the basket) made by Nan Garcia(TOL) 55-54',5254258,561161,560681,2024-03-22,Toledo Rockets,561161,Toledo
6.598799982070919,28.0550003051758,148,FALSE,111874895,'4th 04:05 : 2pt layup (under the basket) missed by Jordana Reisma(CSU),5254258,561161,560681,2024-03-22,Cleveland St. Vikings,560681,Cleveland St.
22.437802581787082,6.449999809265151,709,TRUE,111874929,'4th 03:51 : 3pt jump shot (outside right) made by Quinesha Lockett(TOL),5254258,561161,560681,2024-03-22,Toledo Rockets,561161,Toledo
21.704600143432625,43.2699999809265,148,FALSE,111874979,'4th 03:35 : 3pt jump shot (outside left) missed by Mickayla Perdue(CSU),5254258,561161,560681,2024-03-22,Cleveland St. Vikings,560681,Cleveland St.
9.682002868652319,48.13999938964845,709,FALSE,111875008,'4th 03:21 : 3pt jump shot (outside left) missed by Emmi Rinat(TOL),5254258,561161,560681,2024-03-22,Toledo Rockets,561161,Toledo
5.4237999820709195,27.0699996948242,148,TRUE,111875011,'4th 03:16 : 2pt layup (fast break) (under the basket) made by Mickayla Perdue(CSU),5254258,561161,560681,2024-03-22,Cleveland St. Vikings,560681,Cleveland St.
21.413198852539097,26.5900001525879,709,TRUE,111875679,'4th 01:46 : 2pt jump shot (off turnover) (inside center) made by Quinesha Lockett(TOL),5254258,561161,560681,2024-03-22,Toledo Rockets,561161,Toledo
14.664000358581518,46.78999996185303,148,FALSE,111875716,'4th 01:30 : 3pt jump shot (outside left) missed by Carmen Villalobos(CSU),5254258,561161,560681,2024-03-22,Cleveland St. Vikings,560681,Cleveland St.
6.448400125503536,23.125,148,TRUE,111875888,'4th 01:05 : 2pt layup (under the basket) made by Jordana Reisma(CSU),5254258,561161,560681,2024-03-22,Cleveland St. Vikings,560681,Cleveland St.
8.356600322723386,22.42499923706055,709,TRUE,111860430,'1st 00:42.00 : 2pt jump shot (under the basket) made by Nan Garcia(TOL),5254258,561161,560681,2024-03-22,Toledo Rockets,561161,Toledo
8.798400573730504,23.20999908447265,148,TRUE,111860514,'1st 00:26.00 : 2pt driving layup (under the basket) made by Jordana Reisma(CSU),5254258,561161,560681,2024-03-22,Cleveland St. Vikings,560681,Cleveland St.
8.21559978485107,24.5349998474121,709,TRUE,111860600,'1st 00:06.20 : 2pt driving layup (under the basket) made by Sophia Wiard(TOL),5254258,561161,560681,2024-03-22,Toledo Rockets,561161,Toledo
23.020599784851107,8.3400001525879,709,FALSE,111861531,'2nd 09:27 : 3pt jump shot (outside right) missed by Sammi Mikonowicz(TOL),5254258,561161,560681,2024-03-22,Toledo Rockets,561161,Toledo
8.21559799194334,24.89999961853025,148,FALSE,111861555,'2nd 09:12 : 2pt driving layup (under the basket) missed by Shadiya Thomas(CSU),5254258,561161,560681,2024-03-22,Cleveland St. Vikings,560681,Cleveland St.
7.77380043029785,22.8449993133545,709,FALSE,111861615,'2nd 09:04 : 2pt driving layup (under the basket) missed by Quinesha Lockett(TOL),5254258,561161,560681,2024-03-22,Toledo Rockets,561161,Toledo
9.240199928283687,34.39500045776365,709,FALSE,111861736,'2nd 08:41 : 2pt floating jump shot (2nd chance) (inside left) missed by Quinesha Lockett(TOL),5254258,561161,560681,2024-03-22,Toledo Rockets,561161,Toledo
20.680000000000007,31.6599998474121,148,FALSE,111861743,'2nd 08:33 : 2pt pull up jump shot (inside left) missed by Mickayla Perdue(CSU),5254258,561161,560681,2024-03-22,Cleveland St. Vikings,560681,Cleveland St.
29.619402008056667,20.39500045776365,148,FALSE,111861900,'2nd 08:14 : 3pt jump shot (2nd chance) (outside center) missed by Mickayla Perdue(CSU),5254258,561161,560681,2024-03-22,Cleveland St. Vikings,560681,Cleveland St.
5.132400035858152,21.7199993133545,709,FALSE,111862024,'2nd 07:48 : 2pt layup (under the basket) missed by Hannah Noveroske(TOL),5254258,561161,560681,2024-03-22,Toledo Rockets,561161,Toledo
7.0405979919433435,22.22500038146975,148,TRUE,111862027,'2nd 07:43 : 2pt layup (fast break) (under the basket) made by Colbi Maples(CSU),5254258,561161,560681,2024-03-22,Cleveland St. Vikings,560681,Cleveland St.
6.0160000896453845,21.86000061035155,709,TRUE,111862108,'2nd 07:28 : 2pt layup (under the basket) made by Hannah Noveroske(TOL),5254258,561161,560681,2024-03-22,Toledo Rockets,561161,Toledo
17.305399856567373,33.9699993133545,148,TRUE,111876212,'4th 00:29.30 : 2pt pull up jump shot (inside left) made by Sara Guerreiro(CSU),5254258,561161,560681,2024-03-22,Cleveland St. Vikings,560681,Cleveland St.
6.44840057373051,23.4950008392334,148,TRUE,111862381,'2nd 06:49 : 2pt layup (off turnover) (under the basket) made by Colbi Maples(CSU) 17-17',5254258,561161,560681,2024-03-22,Cleveland St. Vikings,560681,Cleveland St.
21.41320064544677,23.9699993133545,709,FALSE,111862452,'2nd 06:35 : 2pt jump shot (inside center) missed by Sammi Mikonowicz(TOL),5254258,561161,560681,2024-03-22,Toledo Rockets,561161,Toledo
9.531600322723431,25.3799991607666,709,FALSE,111862631,'2nd 06:01 : 2pt driving layup (off turnover) (under the basket) missed by Sammi Mikonowicz(TOL),5254258,561161,560681,2024-03-22,Toledo Rockets,561161,Toledo
6.448400125503536,21.86000061035155,709,TRUE,111862658,'2nd 05:49 : 2pt driving layup (2nd chance;off turnover) (under the basket) made by Khera Goss(TOL),5254258,561161,560681,2024-03-22,Toledo Rockets,561161,Toledo
5.865597991943346,27.7199993133545,148,FALSE,111862759,'2nd 05:31 : 2pt layup (under the basket) missed by Brooklyn Fort-Davis(CSU),5254258,561161,560681,2024-03-22,Cleveland St. Vikings,560681,Cleveland St.
5.865597991943346,28.42499923706055,148,FALSE,111862790,'2nd 05:31 : 2pt layup (2nd chance) (under the basket) missed by Brooklyn Fort-Davis(CSU),5254258,561161,560681,2024-03-22,Cleveland St. Vikings,560681,Cleveland St.
6.0160000896453845,22.2800006866455,148,TRUE,111876472,'4th 00:22.90 : 2pt driving layup (under the basket) made by Mickayla Perdue(CSU) 66-66',5254258,561161,560681,2024-03-22,Cleveland St. Vikings,560681,Cleveland St.
6.598796844482422,23.20999908447265,709,FALSE,111875504,'4th 02:48 : 2pt driving layup (under the basket) missed by Nan Garcia(TOL),5254258,561161,560681,2024-03-22,Toledo Rockets,561161,Toledo
5.865597991943346,27.4349994659424,709,FALSE,111875554,'4th 02:26 : 2pt driving layup (2nd chance) (under the basket) missed by Cadence Dykstra(TOL),5254258,561161,560681,2024-03-22,Toledo Rockets,561161,Toledo
9.682002868652319,27.7199993133545,148,FALSE,111859979,'1st 02:07 : 2pt jump shot (blocked) (in the paint) missed by Colbi Maples(CSU),5254258,561161,560681,2024-03-22,Cleveland St. Vikings,560681,Cleveland St.
8.507000179290769,22.13999938964845,709,TRUE,111860003,'1st 01:57 : 2pt layup (under the basket) made by Quinesha Lockett(TOL),5254258,561161,560681,2024-03-22,Toledo Rockets,561161,Toledo
7.77380043029785,22.98500061035155,709,TRUE,111860131,'1st 01:39 : 2pt driving layup (off turnover) (under the basket) made by Nan Garcia(TOL) 9-11',5254258,561161,560681,2024-03-22,Toledo Rockets,561161,Toledo
29.920201721191418,33.6349983215332,148,FALSE,111860185,'1st 01:23 : 3pt jump shot (outside center) missed by Mickayla Perdue(CSU),5254258,561161,560681,2024-03-22,Cleveland St. Vikings,560681,Cleveland St.
16.42180114746091,15.039999961853049,148,FALSE,111860255,'1st 01:07 : 2pt jump shot (2nd chance) (inside right) missed by Jordana Reisma(CSU),5254258,561161,560681,2024-03-22,Cleveland St. Vikings,560681,Cleveland St.
7.482399139404336,27.7199993133545,148,FALSE,111860263,'1st 01:03 : 2pt driving layup (2nd chance) (under the basket) missed by Faith Burch(CSU),5254258,561161,560681,2024-03-22,Cleveland St. Vikings,560681,Cleveland St.
5.865597991943346,29.27000045776365,148,FALSE,111863278,'2nd 04:56 : 2pt layup (off turnover) (in the paint) missed by Jordana Reisma(CSU),5254258,561161,560681,2024-03-22,Cleveland St. Vikings,560681,Cleveland St.
6.598799982070919,22.2800006866455,709,FALSE,111863410,'2nd 04:26 : 2pt layup (under the basket) missed by Nan Garcia(TOL),5254258,561161,560681,2024-03-22,Toledo Rockets,561161,Toledo
15.547600860595665,16.875,148,FALSE,111864221,'2nd 03:55 : 2pt pull up jump shot (off turnover) (inside right) missed by Mickayla Perdue(CSU),5254258,561161,560681,2024-03-22,Cleveland St. Vikings,560681,Cleveland St.
10.415201721191423,23.63500022888185,148,FALSE,111864257,'2nd 03:50 : 2pt layup (2nd chance;off turnover;blocked) (in the paint) missed by Faith Burch(CSU),5254258,561161,560681,2024-03-22,Cleveland St. Vikings,560681,Cleveland St.
7.482400035858152,22.5650005340576,709,FALSE,111855826,'1st 09:36 : 2pt driving layup (under the basket) missed by Nan Garcia(TOL),5254258,561161,560681,2024-03-22,Toledo Rockets,561161,Toledo
9.973400573730501,25.4650001525879,148,FALSE,111856060,'1st 08:47 : 2pt driving layup (off turnover) (in the paint) missed by Colbi Maples(CSU),5254258,561161,560681,2024-03-22,Cleveland St. Vikings,560681,Cleveland St.
6.598796844482422,28.70499992370605,148,FALSE,111856149,'1st 08:43 : 2pt layup (2nd chance;off turnover) (under the basket) missed by Carmen Villalobos(CSU),5254258,561161,560681,2024-03-22,Cleveland St. Vikings,560681,Cleveland St.
17.01399856567383,35.4650001525879,148,FALSE,111856256,'1st 08:37 : 2pt step back jump shot (2nd chance;off turnover) (inside left) missed by Colbi Maples(CSU),5254258,561161,560681,2024-03-22,Cleveland St. Vikings,560681,Cleveland St.
5.86559978485107,27.20999908447265,709,FALSE,111856324,'1st 08:15 : 2pt driving layup (under the basket) missed by Nan Garcia(TOL),5254258,561161,560681,2024-03-22,Toledo Rockets,561161,Toledo
7.482399139404336,27.4349994659424,148,FALSE,111856327,'1st 08:10 : 2pt layup (blocked) (under the basket) missed by Sara Guerreiro(CSU),5254258,561161,560681,2024-03-22,Cleveland St. Vikings,560681,Cleveland St.
7.482399139404336,20.95999908447265,148,FALSE,111856453,'1st 08:03 : 2pt jump shot (2nd chance;blocked) (in the paint) missed by Sara Guerreiro(CSU),5254258,561161,560681,2024-03-22,Cleveland St. Vikings,560681,Cleveland St.
7.623400573730507,27.01499938964845,148,FALSE,111856570,'1st 07:48 : 2pt layup (off turnover) (under the basket) missed by Sara Guerreiro(CSU),5254258,561161,560681,2024-03-22,Cleveland St. Vikings,560681,Cleveland St.
6.157002868652327,28.2800006866455,148,TRUE,111856695,'1st 07:44 : 2pt layup (2nd chance;off turnover) (under the basket) made by Jordana Reisma(CSU) 2-0',5254258,561161,560681,2024-03-22,Cleveland St. Vikings,560681,Cleveland St.
15.547600860595661,32.70499992370605,709,FALSE,111856748,'1st 07:24 : 2pt jump shot (inside left) missed by Quinesha Lockett(TOL),5254258,561161,560681,2024-03-22,Toledo Rockets,561161,Toledo
7.04059978485107,29.7450008392334,709,FALSE,111857041,'1st 07:00 : 2pt jump shot (in the paint) missed by Sammi Mikonowicz(TOL),5254258,561161,560681,2024-03-22,Toledo Rockets,561161,Toledo
7.482399139404336,27.7199993133545,148,FALSE,111857064,'1st 06:52 : 2pt layup (under the basket) missed by Mickayla Perdue(CSU),5254258,561161,560681,2024-03-22,Cleveland St. Vikings,560681,Cleveland St.
31.085799713134747,24.5349998474121,709,TRUE,111857069,'1st 06:44 : 3pt jump shot (fast break) (outside center) made by Sophia Wiard(TOL) 3-3',5254258,561161,560681,2024-03-22,Toledo Rockets,561161,Toledo
30.211599426269494,26.72999954223635,148,FALSE,111857187,'1st 06:28 : 3pt jump shot (outside center) missed by Colbi Maples(CSU),5254258,561161,560681,2024-03-22,Cleveland St. Vikings,560681,Cleveland St.
9.973400573730501,26.0300006866455,148,TRUE,111857441,'1st 05:51 : 2pt driving layup (off turnover) (in the paint) made by Shadiya Thomas(CSU) 5-3',5254258,561161,560681,2024-03-22,Cleveland St. Vikings,560681,Cleveland St.
16.713200645446772,24.67499923706055,709,FALSE,111857568,'1st 05:29 : 2pt jump shot (in the paint) missed by Sophia Wiard(TOL),5254258,561161,560681,2024-03-22,Toledo Rockets,561161,Toledo
8.647999820709233,24.11499977111815,709,FALSE,111858695,'1st 05:04 : 2pt jump shot (off turnover) (under the basket) missed by Hannah Noveroske(TOL),5254258,561161,560681,2024-03-22,Toledo Rockets,561161,Toledo
6.749199838638304,22.8449993133545,709,TRUE,111858720,'1st 05:04 : 2pt layup (2nd chance;off turnover) (under the basket) made by Hannah Noveroske(TOL) 5-5',5254258,561161,560681,2024-03-22,Toledo Rockets,561161,Toledo
27.57019992828374,31.57500076293945,709,FALSE,111859314,'1st 03:47 : 3pt jump shot (off turnover) (outside center) missed by Khera Goss(TOL),5254258,561161,560681,2024-03-22,Toledo Rockets,561161,Toledo
8.21559799194334,28.98500061035155,148,FALSE,111859347,'1st 03:36 : 2pt driving layup (in the paint) missed by Colbi Maples(CSU),5254258,561161,560681,2024-03-22,Cleveland St. Vikings,560681,Cleveland St.
29.478400573730504,30.72999954223635,709,FALSE,111859370,'1st 03:30 : 3pt jump shot (outside center) missed by Sophia Wiard(TOL),5254258,561161,560681,2024-03-22,Toledo Rockets,561161,Toledo
7.1815994262695,22.08499908447265,148,TRUE,111859478,'1st 03:13 : 2pt layup (under the basket) made by Jordana Reisma(CSU),5254258,561161,560681,2024-03-22,Cleveland St. Vikings,560681,Cleveland St.
4.24879998207092,1.57500076293945,709,FALSE,111859561,'1st 02:48 : 3pt jump shot (outside right wing) missed by Quinesha Lockett(TOL),5254258,561161,560681,2024-03-22,Toledo Rockets,561161,Toledo
8.507002868652322,34.3400001525879,709,FALSE,111870624,'3rd 07:39 : 2pt jump shot (off turnover) (inside left) missed by Sophia Wiard(TOL),5254258,561161,560681,2024-03-22,Toledo Rockets,561161,Toledo
7.181599874496465,21.01499938964845,148,FALSE,111870669,'3rd 07:24 : 2pt (in the paint) missed by Sara Guerreiro(CSU) 30-33',5254258,561161,560681,2024-03-22,Cleveland St. Vikings,560681,Cleveland St.
4.690597991943335,24.6200008392334,709,TRUE,111872092,'3rd 00:41.80 : 2pt driving layup (under the basket) made by Sammi Mikonowicz(TOL) 30-33',5254258,561161,560681,2024-03-22,Toledo Rockets,561161,Toledo
31.67800071716313,20.5900001525879,148,FALSE,111872117,'3rd 00:41.80 : 3pt jump shot (outside center) missed by Jordana Reisma(CSU),5254258,561161,560681,2024-03-22,Cleveland St. Vikings,560681,Cleveland St.
7.1815994262695,23.20999908447265,709,TRUE,111872149,'3rd 00:41.80 : 2pt layup (under the basket) made by Hannah Noveroske(TOL) 30-35',5254258,561161,560681,2024-03-22,Toledo Rockets,561161,Toledo
6.0160000896453845,22.13999938964845,148,TRUE,111872301,'3rd 00:41.80 : 2pt (under the basket) made by CSU 33-35',5254258,561161,560681,2024-03-22,Cleveland St. Vikings,560681,Cleveland St.
7.482399139404336,23.77499961853025,709,TRUE,111872325,'3rd 00:41.80 : 2pt (under the basket) made by Khera Goss(TOL) 31-37',5254258,561161,560681,2024-03-22,Toledo Rockets,561161,Toledo
5.865597991943346,23.20999908447265,709,FALSE,111872358,'3rd 00:41.80 : 2pt layup (under the basket) missed by Khera Goss(TOL),5254258,561161,560681,2024-03-22,Toledo Rockets,561161,Toledo
26.254200286865252,10.72999954223635,148,TRUE,111872432,'3rd 00:41.80 : 3pt jump shot (off turnover) (outside right) made by Colbi Maples(CSU) 34-35',5254258,561161,560681,2024-03-22,Cleveland St. Vikings,560681,Cleveland St.
30.211599426269494,13.494999885559103,709,FALSE,111872437,'3rd 00:41.80 : 3pt jump shot (outside right) missed by Khera Goss(TOL),5254258,561161,560681,2024-03-22,Toledo Rockets,561161,Toledo
30.6534005737305,20.72999954223635,148,FALSE,111876546,'4th 00:10.10 : 3pt step back jump shot (outside center) missed by Colbi Maples(CSU),5254258,561161,560681,2024-03-22,Cleveland St. Vikings,560681,Cleveland St.
27.57020172119141,38.98500061035155,709,FALSE,111869432,'3rd 08:51 : 3pt jump shot (outside left) missed by Quinesha Lockett(TOL),5254258,561161,560681,2024-03-22,Toledo Rockets,561161,Toledo
6.157002868652327,27.86000061035155,709,TRUE,111869488,'3rd 08:45 : 2pt layup (2nd chance) (under the basket) made by Khera Goss(TOL) 30-28',5254258,561161,560681,2024-03-22,Toledo Rockets,561161,Toledo
27.57020172119141,38.13999938964845,709,TRUE,111869665,'3rd 08:18 : 3pt jump shot (off turnover) (outside left) made by Sophia Wiard(TOL) 30-31',5254258,561161,560681,2024-03-22,Toledo Rockets,561161,Toledo
31.818998565673834,21.1550006866455,497,FALSE,111875013,'3rd 04:54 : 3pt jump shot (outside center) missed by Dyani Robinson(North Texas),5254265,561148,560969,2024-03-22,North Texas Mean Green,560969,North Texas
10.114400215148892,21.1550006866455,497,TRUE,111875486,'3rd 04:38 : 2pt layup (off turnover;fast break) (in the paint) made by Dyani Robinson(North Texas),5254265,561148,560969,2024-03-22,North Texas Mean Green,560969,North Texas
8.21559799194334,21.3799991607666,698,TRUE,111875513,'3rd 04:14 : 2pt layup (in the paint) made by Una Jovanovic(TCU) 34-52',5254265,561148,560969,2024-03-22,TCU Horned Frogs,561148,TCU
17.01400035858152,26.08499908447265,497,FALSE,111875558,'3rd 03:59 : 2pt jump shot (in the paint) missed by Desiree Wooten(North Texas),5254265,561148,560969,2024-03-22,North Texas Mean Green,560969,North Texas
12.614800071716266,25.52000045776365,497,FALSE,111875851,'3rd 03:31 : 2pt layup (off turnover) (in the paint) missed by Shamaryah Duncan(North Texas),5254265,561148,560969,2024-03-22,North Texas Mean Green,560969,North Texas
12.464400215148892,22,497,FALSE,111875860,'3rd 03:25 : 2pt layup (2nd chance;off turnover) (in the paint) missed by DesiRay Kernal(North Texas),5254265,561148,560969,2024-03-22,North Texas Mean Green,560969,North Texas
5.64,25,497,TRUE,111875863,'3rd 03:25 : 2pt layup (2nd chance;off turnover) (under the basket) made by Tommisha Lampkin(North Texas) 37-52',5254265,561148,560969,2024-03-22,North Texas Mean Green,560969,North Texas
6.598796844482422,38.564998626709,698,TRUE,111876177,'3rd 03:09 : 2pt jump shot (inside left) made by Sedona Prince(TCU),5254265,561148,560969,2024-03-22,TCU Horned Frogs,561148,TCU
8.948800430297851,28.89999961853025,497,TRUE,111876200,'3rd 02:47 : 2pt layup (in the paint) made by DesiRay Kernal(North Texas),5254265,561148,560969,2024-03-22,North Texas Mean Green,560969,North Texas
12.755799713134747,18.76000022888185,497,FALSE,111876406,'3rd 00:45.70 : 2pt jump shot (inside right) missed by Desiree Wooten(North Texas),5254265,561148,560969,2024-03-22,North Texas Mean Green,560969,North Texas
9.973399677276568,30.45000076293945,497,TRUE,111873984,'3rd 08:28 : 2pt layup (in the paint) made by DesiRay Kernal(North Texas),5254265,561148,560969,2024-03-22,North Texas Mean Green,560969,North Texas
7.623400573730507,19.6900005340576,698,TRUE,111874101,'3rd 08:03 : 2pt layup (in the paint) made by Aaliyah Roberson(TCU),5254265,561148,560969,2024-03-22,TCU Horned Frogs,561148,TCU
8.64799713134768,21.52000045776365,698,TRUE,111874313,'3rd 07:30 : 2pt layup (in the paint) made by Aaliyah Roberson(TCU),5254265,561148,560969,2024-03-22,TCU Horned Frogs,561148,TCU
10.997999820709195,35.8050003051758,497,FALSE,111874334,'3rd 07:21 : 2pt jump shot (inside left) missed by Desiree Wooten(North Texas),5254265,561148,560969,2024-03-22,North Texas Mean Green,560969,North Texas
25.812399139404334,38.84500122070315,698,FALSE,111874373,'3rd 07:05 : 3pt jump shot (outside left) missed by Madison Conner(TCU),5254265,561148,560969,2024-03-22,TCU Horned Frogs,561148,TCU
16.572199211120605,20.17000007629395,497,TRUE,111874398,'3rd 06:51 : 2pt jump shot (in the paint) made by Jaylen Mallard(North Texas),5254265,561148,560969,2024-03-22,North Texas Mean Green,560969,North Texas
12.906203155517574,35.74499893188475,698,TRUE,111874983,'3rd 05:17 : 2pt jump shot (inside left) made by Sedona Prince(TCU),5254265,561148,560969,2024-03-22,TCU Horned Frogs,561148,TCU
10.847599964141821,9.32500076293945,497,FALSE,111874657,'3rd 06:10 : 2pt jump shot (inside right) missed by Aniyah Johnson(North Texas),5254265,561148,560969,2024-03-22,North Texas Mean Green,560969,North Texas
8.798400573730504,48,698,TRUE,111874694,'3rd 06:01 : 3pt jump shot (fast break) (outside left) made by Madison Conner(TCU) 31-48',5254265,561148,560969,2024-03-22,TCU Horned Frogs,561148,TCU
8.065199928283686,19.88500022888185,497,TRUE,111876275,'3rd 02:03 : 2pt layup (off turnover) (in the paint) made by Tommisha Lampkin(North Texas),5254265,561148,560969,2024-03-22,North Texas Mean Green,560969,North Texas
9.381203155517582,28.8449993133545,698,TRUE,111876295,'3rd 01:39 : 2pt layup (in the paint) made by Una Jovanovic(TCU) 41-56',5254265,561148,560969,2024-03-22,TCU Horned Frogs,561148,TCU
10.706600322723432,27.77499961853025,497,FALSE,111876327,'3rd 01:23 : 2pt layup (in the paint) missed by DesiRay Kernal(North Texas),5254265,561148,560969,2024-03-22,North Texas Mean Green,560969,North Texas
9.531599426269494,22.9300003051758,698,FALSE,111876390,'3rd 01:01 : 2pt layup (in the paint) missed by Agnes Emma-Nnopu(TCU),5254265,561148,560969,2024-03-22,TCU Horned Frogs,561148,TCU
6.749200286865246,34.47999954223635,698,FALSE,111876453,'3rd 00:16.30 : 2pt jump shot (blocked) (inside left) missed by Tara Manumaleuga(TCU),5254265,561148,560969,2024-03-22,TCU Horned Frogs,561148,TCU
31.527600860595662,26.64999961853025,497,FALSE,111876476,'3rd 00:04.30 : 3pt jump shot (outside center) missed by Desiree Wooten(North Texas),5254265,561148,560969,2024-03-22,North Texas Mean Green,560969,North Texas
23.612800788879394,7.0699996948242,698,TRUE,111862644,'1st 09:25 : 3pt jump shot (outside right) made by Una Jovanovic(TCU) 0-3',5254265,561148,560969,2024-03-22,TCU Horned Frogs,561148,TCU
8.065201721191428,48.13999938964845,497,TRUE,111862747,'1st 09:06 : 3pt jump shot (outside left) made by Jaaucklyn Moore(North Texas),5254265,561148,560969,2024-03-22,North Texas Mean Green,560969,North Texas
8.798399677276615,30.72999954223635,698,TRUE,111862796,'1st 08:47 : 2pt layup (in the paint) made by Sedona Prince(TCU),5254265,561148,560969,2024-03-22,TCU Horned Frogs,561148,TCU
12.314000358581518,24.67499923706055,698,FALSE,111865341,'1st 03:35 : 2pt hook shot (in the paint) missed by Sedona Prince(TCU),5254265,561148,560969,2024-03-22,TCU Horned Frogs,561148,TCU
9.381203155517582,15.744999885559103,497,FALSE,111865584,'1st 02:58 : 2pt jump shot (off turnover) (inside right) missed by Desiree Wooten(North Texas),5254265,561148,560969,2024-03-22,North Texas Mean Green,560969,North Texas
24.34599964141848,41.4350004196167,698,TRUE,111865697,'1st 02:39 : 3pt jump shot (outside left) made by Madison Conner(TCU),5254265,561148,560969,2024-03-22,TCU Horned Frogs,561148,TCU
8.21559799194334,22.22500038146975,497,TRUE,111865771,'1st 02:20 : 2pt layup (under the basket) made by Tommisha Lampkin(North Texas),5254265,561148,560969,2024-03-22,North Texas Mean Green,560969,North Texas
11.439798278808581,27.1550006866455,497,TRUE,111866038,'1st 01:49 : 2pt layup (in the paint) made by Shamaryah Duncan(North Texas),5254265,561148,560969,2024-03-22,North Texas Mean Green,560969,North Texas
17.59680114746091,20.5349998474121,497,FALSE,111866241,'1st 01:13 : 2pt jump shot (off turnover) (in the paint) missed by Dyani Robinson(North Texas),5254265,561148,560969,2024-03-22,North Texas Mean Green,560969,North Texas
8.647999820709233,21.1550006866455,698,FALSE,111866266,'1st 00:59.70 : 2pt layup (in the paint) missed by Agnes Emma-Nnopu(TCU),5254265,561148,560969,2024-03-22,TCU Horned Frogs,561148,TCU
9.531599426269494,33.49499893188475,497,FALSE,111866371,'1st 00:47.40 : 2pt jump shot (blocked) (inside left) missed by Tommisha Lampkin(North Texas),5254265,561148,560969,2024-03-22,North Texas Mean Green,560969,North Texas
6.307399139404339,21.3799991607666,497,TRUE,111866385,'1st 00:40.50 : 2pt layup (2nd chance) (under the basket) made by Aniyah Johnson(North Texas) 14-13',5254265,561148,560969,2024-03-22,North Texas Mean Green,560969,North Texas
7.181599874496465,34.11499977111815,698,FALSE,111866395,'1st 00:21.90 : 2pt jump shot (inside left) missed by Sedona Prince(TCU),5254265,561148,560969,2024-03-22,TCU Horned Frogs,561148,TCU
15.688602294921822,26.17000007629395,497,FALSE,111866578,'1st 00:01.40 : 2pt layup (off turnover) (in the paint) missed by Tommisha Lampkin(North Texas),5254265,561148,560969,2024-03-22,North Texas Mean Green,560969,North Texas
5.640000000000001,25,497,TRUE,111866584,'1st 00:00.40 : 2pt layup (2nd chance;off turnover) (under the basket) made by Tommisha Lampkin(North Texas) 16-13',5254265,561148,560969,2024-03-22,North Texas Mean Green,560969,North Texas
10.706600322723432,21.29500007629395,698,TRUE,111867492,'2nd 09:18 : 2pt layup (in the paint) made by Agnes Emma-Nnopu(TCU),5254265,561148,560969,2024-03-22,TCU Horned Frogs,561148,TCU
8.798400573730504,18.8449993133545,497,FALSE,111867496,'2nd 09:10 : 2pt jump shot (blocked) (inside right) missed by Tommisha Lampkin(North Texas),5254265,561148,560969,2024-03-22,North Texas Mean Green,560969,North Texas
30.794398422241212,30.17000007629395,698,TRUE,111867665,'2nd 08:59 : 3pt jump shot (outside center) made by Madison Conner(TCU),5254265,561148,560969,2024-03-22,TCU Horned Frogs,561148,TCU
27.278800430297878,10.1699981689453,698,TRUE,111867869,'2nd 08:11 : 3pt jump shot (off turnover) (outside right) made by Aaliyah Roberson(TCU),5254265,561148,560969,2024-03-22,TCU Horned Frogs,561148,TCU
11.439798278808581,20.8150005340576,497,FALSE,111867959,'2nd 07:40 : 2pt layup (in the paint) missed by Ereauna Hardaway(North Texas),5254265,561148,560969,2024-03-22,North Texas Mean Green,560969,North Texas
27.57019992828374,35.23999977111815,698,TRUE,111868000,'2nd 07:24 : 3pt jump shot (outside left) made by Agnes Emma-Nnopu(TCU) 18-24',5254265,561148,560969,2024-03-22,TCU Horned Frogs,561148,TCU
7.914798278808576,29.54999923706055,497,TRUE,111868098,'2nd 06:56 : 2pt layup (in the paint) made by Aniyah Johnson(North Texas) 20-24',5254265,561148,560969,2024-03-22,North Texas Mean Green,560969,North Texas
20.087800788879395,5.52000045776365,698,FALSE,111868179,'2nd 06:33 : 3pt jump shot (outside right) missed by Aaliyah Roberson(TCU),5254265,561148,560969,2024-03-22,TCU Horned Frogs,561148,TCU
7.77380043029785,19.4650001525879,698,TRUE,111868454,'2nd 06:03 : 2pt layup (off turnover;fast break) (in the paint) made by Sedona Prince(TCU),5254265,561148,560969,2024-03-22,TCU Horned Frogs,561148,TCU
17.88819885253909,38,497,FALSE,111862869,'1st 08:40 : 2pt jump shot (inside left) missed by Shamaryah Duncan(North Texas),5254265,561148,560969,2024-03-22,North Texas Mean Green,560969,North Texas
26.06619956970212,30.89500045776365,698,TRUE,111862922,'1st 08:21 : 2pt jump shot (inside center) made by Sedona Prince(TCU) 3-7',5254265,561148,560969,2024-03-22,TCU Horned Frogs,561148,TCU
6.598799982070919,31.4349994659424,698,TRUE,111863142,'1st 07:41 : 2pt jump shot (off turnover) (inside left) made by Sedona Prince(TCU),5254265,561148,560969,2024-03-22,TCU Horned Frogs,561148,TCU
20.821001434326178,20.11499977111815,497,TRUE,111863189,'1st 07:23 : 2pt jump shot (inside center) made by Ereauna Hardaway(North Texas) 5-9',5254265,561148,560969,2024-03-22,North Texas Mean Green,560969,North Texas
20.37920028686525,30.45000076293945,698,FALSE,111863291,'1st 07:02 : 2pt jump shot (inside center) missed by Sedona Prince(TCU),5254265,561148,560969,2024-03-22,TCU Horned Frogs,561148,TCU
12.172999820709194,20.45000076293945,698,FALSE,111863439,'1st 06:48 : 2pt layup (2nd chance) (in the paint) missed by Agnes Emma-Nnopu(TCU),5254265,561148,560969,2024-03-22,TCU Horned Frogs,561148,TCU
10.55620315551758,29.27000045776365,497,FALSE,111863500,'1st 06:38 : 2pt jump shot (in the paint) missed by Dyani Robinson(North Texas),5254265,561148,560969,2024-03-22,North Texas Mean Green,560969,North Texas
9.682000179290807,48.19500005245209,698,FALSE,111863593,'1st 06:12 : 3pt jump shot (outside left) missed by Agnes Emma-Nnopu(TCU),5254265,561148,560969,2024-03-22,TCU Horned Frogs,561148,TCU
30.2115994262695,16.6500015258789,698,FALSE,111863623,'1st 06:06 : 3pt jump shot (2nd chance;blocked) (outside center) missed by Una Jovanovic(TCU),5254265,561148,560969,2024-03-22,TCU Horned Frogs,561148,TCU
9.089798278808573,29.9699993133545,497,FALSE,111868683,'2nd 05:32 : 2pt layup (in the paint) missed by Dyani Robinson(North Texas),5254265,561148,560969,2024-03-22,North Texas Mean Green,560969,North Texas
13.347999820709195,24.39500045776365,698,TRUE,111868788,'2nd 05:15 : 2pt layup (in the paint) made by Agnes Emma-Nnopu(TCU),5254265,561148,560969,2024-03-22,TCU Horned Frogs,561148,TCU
9.682000179290807,29.60499954223635,698,FALSE,111869762,'2nd 04:41 : 2pt layup (off turnover) (in the paint) missed by Agnes Emma-Nnopu(TCU),5254265,561148,560969,2024-03-22,TCU Horned Frogs,561148,TCU
19.213602294921827,44.9000015258789,698,TRUE,111873583,'3rd 09:50 : 3pt jump shot (outside left) made by Agnes Emma-Nnopu(TCU),5254265,561148,560969,2024-03-22,TCU Horned Frogs,561148,TCU
6.598799982070919,11.15499877929685,497,FALSE,111873709,'3rd 09:22 : 2pt jump shot (inside right) missed by Tommisha Lampkin(North Texas),5254265,561148,560969,2024-03-22,North Texas Mean Green,560969,North Texas
7.773796844482419,30.5349998474121,698,TRUE,111873831,'3rd 08:53 : 2pt layup (in the paint) made by Sedona Prince(TCU),5254265,561148,560969,2024-03-22,TCU Horned Frogs,561148,TCU
6.598799982070919,29.04000091552735,698,TRUE,111870024,'2nd 04:01 : 2pt layup (off turnover;fast break) (in the paint) made by Una Jovanovic(TCU) 20-31',5254265,561148,560969,2024-03-22,TCU Horned Frogs,561148,TCU
12.313998565673828,25.4650001525879,497,TRUE,111870123,'2nd 03:42 : 2pt jump shot (in the paint) made by Tommisha Lampkin(North Texas),5254265,561148,560969,2024-03-22,North Texas Mean Green,560969,North Texas
17.74719741821292,18.98500061035155,497,FALSE,111870396,'2nd 02:59 : 2pt jump shot (off turnover) (inside right) missed by Tommisha Lampkin(North Texas),5254265,561148,560969,2024-03-22,North Texas Mean Green,560969,North Texas
10.114400215148892,47.63499999046326,698,FALSE,111870496,'2nd 02:32 : 3pt jump shot (outside left) missed by Agnes Emma-Nnopu(TCU),5254265,561148,560969,2024-03-22,TCU Horned Frogs,561148,TCU
24.48700286865234,41.6599998474121,497,FALSE,111870539,'2nd 02:15 : 3pt jump shot (outside left) missed by Shamaryah Duncan(North Texas),5254265,561148,560969,2024-03-22,North Texas Mean Green,560969,North Texas
7.77380043029785,4.5349998474121,698,FALSE,111870617,'2nd 01:52 : 2pt jump shot (inside right) missed by Aaliyah Roberson(TCU),5254265,561148,560969,2024-03-22,TCU Horned Frogs,561148,TCU
14.663998565673822,20.67499923706055,497,FALSE,111870660,'2nd 01:35 : 2pt jump shot (in the paint) missed by Desiree Wooten(North Texas),5254265,561148,560969,2024-03-22,North Texas Mean Green,560969,North Texas
7.914798278808576,30.11499977111815,497,TRUE,111870822,'2nd 00:55.40 : 2pt layup (off turnover) (in the paint) made by Tommisha Lampkin(North Texas),5254265,561148,560969,2024-03-22,North Texas Mean Green,560969,North Texas
31.085799713134747,15.52000045776365,698,FALSE,111870945,'2nd 00:34.40 : 3pt jump shot (outside center) missed by Madison Conner(TCU),5254265,561148,560969,2024-03-22,TCU Horned Frogs,561148,TCU
16.130403442382843,19.82999992370605,497,FALSE,111863759,'1st 05:53 : 2pt layup (in the paint) missed by Dyani Robinson(North Texas),5254265,561148,560969,2024-03-22,North Texas Mean Green,560969,North Texas
7.04059978485107,30.72999954223635,698,FALSE,111863836,'1st 05:34 : 2pt layup (blocked) (in the paint) missed by Aaliyah Roberson(TCU),5254265,561148,560969,2024-03-22,TCU Horned Frogs,561148,TCU
8.948796844482416,30.11499977111815,497,FALSE,111863856,'1st 05:27 : 2pt layup (in the paint) missed by Dyani Robinson(North Texas),5254265,561148,560969,2024-03-22,North Texas Mean Green,560969,North Texas
23.46239913940434,26.17000007629395,497,FALSE,111864174,'1st 04:50 : 2pt jump shot (off turnover) (inside center) missed by Tommisha Lampkin(North Texas),5254265,561148,560969,2024-03-22,North Texas Mean Green,560969,North Texas
7.1815994262695,19.54999923706055,497,TRUE,111864248,'1st 04:42 : 2pt layup (2nd chance;off turnover) (in the paint) made by Tommisha Lampkin(North Texas),5254265,561148,560969,2024-03-22,North Texas Mean Green,560969,North Texas
7.623399677276614,48.05499994754791,698,FALSE,111864289,'1st 04:22 : 3pt jump shot (outside left) missed by Aaliyah Roberson(TCU),5254265,561148,560969,2024-03-22,TCU Horned Frogs,561148,TCU
8.21559799194334,25.60499954223635,497,FALSE,111864408,'1st 03:58 : 2pt layup (under the basket) missed by Tommisha Lampkin(North Texas),5254265,561148,560969,2024-03-22,North Texas Mean Green,560969,North Texas
8.798399677276615,27.4300003051758,609,TRUE,111869840,'2nd 00:48.50 : 2pt layup (under the basket) made by Julia Martinez(Saint Louis) 27-29',5254416,561240,561062,2024-03-22,Saint Louis Billikens,561062,Saint Louis
22.879596557617162,15.36499977111815,609,FALSE,111872776,'3rd 09:39 : 2pt jump shot (inside right) missed by Kyla McMakin(Saint Louis),5254416,561240,561062,2024-03-22,Saint Louis Billikens,561062,Saint Louis
31.527600860595662,23.7549991607666,1004,TRUE,111872966,'3rd 09:09 : 3pt jump shot (outside center) made by Leah Mafua(Central Ark.),5254416,561240,561062,2024-03-22,Central Ark. Bears,561240,Central Ark.
24.637399139404337,10.279999732971199,609,TRUE,111873024,'3rd 08:51 : 3pt jump shot (outside right) made by Peyton Kennedy(Saint Louis),5254416,561240,561062,2024-03-22,Saint Louis Billikens,561062,Saint Louis
26.10380043029788,38.16499996185305,1004,FALSE,111873057,'3rd 08:37 : 3pt jump shot (outside left) missed by Bree Stephens(Central Ark.),5254416,561240,561062,2024-03-22,Central Ark. Bears,561240,Central Ark.
12.464400215148892,23.89999961853025,1004,TRUE,111873059,'3rd 08:31 : 2pt jump shot (2nd chance) (in the paint) made by Bree Stephens(Central Ark.) 32-34',5254416,561240,561062,2024-03-22,Central Ark. Bears,561240,Central Ark.
4.399200286865252,22.70999908447265,609,FALSE,111873104,'3rd 08:16 : 2pt layup (under the basket) missed by Kennedy Calhoun(Saint Louis) 32-34',5254416,561240,561062,2024-03-22,Saint Louis Billikens,561062,Saint Louis
7.773796844482419,22.70999908447265,609,TRUE,111873105,'3rd 08:10 : 2pt layup (under the basket) made by Kennedy Calhoun(Saint Louis) 34-34',5254416,561240,561062,2024-03-22,Saint Louis Billikens,561062,Saint Louis
7.0405979919433435,22.29000091552735,1004,TRUE,111869792,'2nd 01:04 : 2pt layup (under the basket) made by Leah Mafua(Central Ark.) 25-29',5254416,561240,561062,2024-03-22,Central Ark. Bears,561240,Central Ark.
30.2115994262695,16.4099998474121,1004,FALSE,111876066,'4th 09:44 : 3pt jump shot (outside center) missed by Kinley Fisher(Central Ark.),5254416,561240,561062,2024-03-22,Central Ark. Bears,561240,Central Ark.
10.997997131347674,21.57999992370605,609,FALSE,111873336,'3rd 07:45 : 2pt jump shot (2nd chance;blocked) (in the paint) missed by Kyla McMakin(Saint Louis),5254416,561240,561062,2024-03-22,Saint Louis Billikens,561062,Saint Louis
9.381199569702149,26.29999923706055,1004,FALSE,111873348,'3rd 07:32 : 2pt layup (under the basket) missed by Leah Mafua(Central Ark.),5254416,561240,561062,2024-03-22,Central Ark. Bears,561240,Central Ark.
4.248796844482428,44.04000091552735,609,FALSE,111873499,'3rd 06:57 : 2pt (inside left wing) missed by Saint Louis 35-35',5254416,561240,561062,2024-03-22,Saint Louis Billikens,561062,Saint Louis
4.248796844482428,44.04000091552735,609,TRUE,111873500,'3rd 06:57 : 2pt jump shot (inside left wing) made by Kyla McMakin(Saint Louis),5254416,561240,561062,2024-03-22,Saint Louis Billikens,561062,Saint Louis
13.930799713134748,25.5949993133545,1004,FALSE,111873524,'3rd 06:44 : 2pt layup (blocked) (in the paint) missed by Cheyenne Banks(Central Ark.),5254416,561240,561062,2024-03-22,Central Ark. Bears,561240,Central Ark.
28.15299713134766,36.83499908447265,609,TRUE,111873530,'3rd 06:37 : 3pt jump shot (fast break) (outside left) made by Peyton Kennedy(Saint Louis),5254416,561240,561062,2024-03-22,Saint Louis Billikens,561062,Saint Louis
16.280799713134755,12.824999809265151,609,FALSE,111873667,'3rd 05:42 : 2pt jump shot (off turnover) (inside right) missed by Brooklyn Gray(Saint Louis),5254416,561240,561062,2024-03-22,Saint Louis Billikens,561062,Saint Louis
28.594800071716264,32.22999954223635,1004,FALSE,111873681,'3rd 05:27 : 3pt jump shot (outside center) missed by Leah Mafua(Central Ark.),5254416,561240,561062,2024-03-22,Central Ark. Bears,561240,Central Ark.
10.415199928283734,27.5699996948242,1004,TRUE,111873692,'3rd 05:24 : 2pt jump shot (2nd chance) (in the paint) made by Elizabeth Abiara(Central Ark.) 40-37',5254416,561240,561062,2024-03-22,Central Ark. Bears,561240,Central Ark.
10.114400215148892,26.86499977111815,1004,FALSE,111873836,'3rd 05:03 : 2pt jump shot (off turnover) (in the paint) missed by Leah Mafua(Central Ark.),5254416,561240,561062,2024-03-22,Central Ark. Bears,561240,Central Ark.
19.354596557617157,2.7950000762939453,609,TRUE,111873861,'3rd 04:57 : 3pt jump shot (fast break) (outside right) made by Kyla McMakin(Saint Louis),5254416,561240,561062,2024-03-22,Saint Louis Billikens,561062,Saint Louis
6.307399139404339,22.70999908447265,609,TRUE,111873882,'3rd 04:42 : 2pt layup (off turnover;fast break) (under the basket) made by Julia Martinez(Saint Louis) 45-37',5254416,561240,561062,2024-03-22,Saint Louis Billikens,561062,Saint Louis
25.220199928283737,6.5250015258789,1004,FALSE,111874335,'3rd 04:33 : 3pt jump shot (outside right) missed by Jade Upshaw(Central Ark.),5254416,561240,561062,2024-03-22,Central Ark. Bears,561240,Central Ark.
12.906199569702121,25.73500061035155,1004,TRUE,111874358,'3rd 04:28 : 2pt layup (2nd chance) (in the paint) made by Elizabeth Abiara(Central Ark.) 45-39',5254416,561240,561062,2024-03-22,Central Ark. Bears,561240,Central Ark.
8.21559799194334,21.72500038146975,609,TRUE,111874399,'3rd 04:03 : 2pt layup (in the paint) made by Tierra Simon(Saint Louis) 47-39',5254416,561240,561062,2024-03-22,Saint Louis Billikens,561062,Saint Louis
14.222200107574446,26.86499977111815,1004,FALSE,111874437,'3rd 03:41 : 2pt jump shot (in the paint) missed by Bree Stephens(Central Ark.),5254416,561240,561062,2024-03-22,Central Ark. Bears,561240,Central Ark.
6.890201721191431,23.13500022888185,609,FALSE,111874460,'3rd 03:32 : 2pt layup (blocked) (under the basket) missed by Julia Martinez(Saint Louis),5254416,561240,561062,2024-03-22,Saint Louis Billikens,561062,Saint Louis
7.77380043029785,25.45000076293945,1004,TRUE,111874482,'3rd 03:27 : 2pt layup (fast break) (under the basket) made by Kinley Fisher(Central Ark.),5254416,561240,561062,2024-03-22,Central Ark. Bears,561240,Central Ark.
8.356599426269497,21.72500038146975,609,FALSE,111874533,'3rd 03:06 : 2pt jump shot (blocked) (in the paint) missed by Brooklyn Gray(Saint Louis),5254416,561240,561062,2024-03-22,Saint Louis Billikens,561062,Saint Louis
21.55420028686524,44.8849983215332,609,FALSE,111875767,'3rd 00:00.10 : 3pt jump shot (outside left) missed by Peyton Kennedy(Saint Louis),5254416,561240,561062,2024-03-22,Saint Louis Billikens,561062,Saint Louis
17.59679935455323,29.6900005340576,1004,FALSE,111875062,'3rd 02:44 : 2pt jump shot (off turnover) (in the paint) missed by Kinley Fisher(Central Ark.),5254416,561240,561062,2024-03-22,Central Ark. Bears,561240,Central Ark.
27.128400573730506,37.60000038146975,1004,FALSE,111876133,'4th 09:14 : 3pt jump shot (off turnover) (outside left) missed by Leah Mafua(Central Ark.),5254416,561240,561062,2024-03-22,Central Ark. Bears,561240,Central Ark.
9.240201721191426,22.85499954223635,609,TRUE,111876153,'4th 08:55 : 2pt layup (in the paint) made by Peyton Kennedy(Saint Louis),5254416,561240,561062,2024-03-22,Saint Louis Billikens,561062,Saint Louis
15.98,23.33499908447265,1004,TRUE,111876179,'4th 08:41 : 2pt jump shot (in the paint) made by Bree Stephens(Central Ark.) 53-45',5254416,561240,561062,2024-03-22,Central Ark. Bears,561240,Central Ark.
24.92879684448242,10.98999977111815,609,FALSE,111876190,'4th 08:30 : 3pt jump shot (outside right) missed by Peyton Kennedy(Saint Louis),5254416,561240,561062,2024-03-22,Saint Louis Billikens,561062,Saint Louis
9.531600322723431,26.4400005340576,1004,FALSE,111875266,'3rd 02:02 : 2pt (under the basket) missed by Central Ark. 49-41',5254416,561240,561062,2024-03-22,Central Ark. Bears,561240,Central Ark.
9.531600322723431,26.4400005340576,1004,TRUE,111875267,'3rd 02:02 : 2pt jump shot (under the basket) made by Elizabeth Abiara(Central Ark.),5254416,561240,561062,2024-03-22,Central Ark. Bears,561240,Central Ark.
18.17959655761716,11.835000038146951,609,FALSE,111875402,'3rd 01:24 : 2pt jump shot (inside right) missed by Kyla McMakin(Saint Louis),5254416,561240,561062,2024-03-22,Saint Louis Billikens,561062,Saint Louis
8.21559799194334,11.975000381469748,609,FALSE,111875425,'3rd 01:16 : 2pt jump shot (2nd chance;blocked) (inside right) missed by Brooklyn Gray(Saint Louis),5254416,561240,561062,2024-03-22,Saint Louis Billikens,561062,Saint Louis
6.44840057373051,22.0049991607666,609,TRUE,111875442,'3rd 00:58.80 : 2pt layup (off turnover;fast break) (under the basket) made by Kennedy Calhoun(Saint Louis) 51-43',5254416,561240,561062,2024-03-22,Saint Louis Billikens,561062,Saint Louis
6.749200286865246,13.529999732971199,609,FALSE,111875642,'3rd 00:15.00 : 2pt jump shot (off turnover) (inside right) missed by Brooklyn Gray(Saint Louis),5254416,561240,561062,2024-03-22,Saint Louis Billikens,561062,Saint Louis
8.065199928283686,4.26499938964845,1004,FALSE,111875663,'3rd 00:05.90 : 2pt jump shot (inside right) missed by Randrea Wright(Central Ark.),5254416,561240,561062,2024-03-22,Central Ark. Bears,561240,Central Ark.
8.21559978485107,48.049999952316284,1004,TRUE,111876519,'4th 07:57 : 3pt (outside left) made by Central Ark. 55-48',5254416,561240,561062,2024-03-22,Central Ark. Bears,561240,Central Ark.
9.822999820709192,45.510000228881836,1004,TRUE,111876520,'4th 07:54 : 2pt jump shot (inside left) made by Bree Stephens(Central Ark.),5254416,561240,561062,2024-03-22,Central Ark. Bears,561240,Central Ark.
6.157002868652327,23.8400001525879,609,FALSE,111876635,'4th 07:20 : 2pt layup (2nd chance;off turnover;blocked) (under the basket) missed by Peyton Kennedy(Saint Louis),5254416,561240,561062,2024-03-22,Saint Louis Billikens,561062,Saint Louis
21.11239913940434,6.24499893188475,1004,FALSE,111876676,'4th 07:02 : 3pt jump shot (off turnover) (outside right) missed by Jade Upshaw(Central Ark.),5254416,561240,561062,2024-03-22,Central Ark. Bears,561240,Central Ark.
15.547600860595665,37.2599983215332,609,FALSE,111876680,'4th 06:48 : 2pt jump shot (inside left) missed by Kyla McMakin(Saint Louis),5254416,561240,561062,2024-03-22,Saint Louis Billikens,561062,Saint Louis
9.089800071716313,26.1599998474121,1004,TRUE,111876740,'4th 06:35 : 2pt layup (under the basket) made by Kinley Fisher(Central Ark.) 55-49',5254416,561240,561062,2024-03-22,Central Ark. Bears,561240,Central Ark.
10.706600322723432,24.04000091552735,609,TRUE,111869182,'2nd 02:41 : 2pt jump shot (off turnover) (in the paint) made by Peyton Kennedy(Saint Louis),5254416,561240,561062,2024-03-22,Saint Louis Billikens,561062,Saint Louis
22.879596557617162,42.2050018310547,1004,FALSE,111862549,'1st 07:57 : 3pt jump shot (off turnover) (outside left) missed by Bree Stephens(Central Ark.),5254416,561240,561062,2024-03-22,Central Ark. Bears,561240,Central Ark.
18.480399856567374,27.0049991607666,609,FALSE,111862672,'1st 07:31 : 2pt jump shot (in the paint) missed by Brooklyn Gray(Saint Louis),5254416,561240,561062,2024-03-22,Saint Louis Billikens,561062,Saint Louis
7.482399139404336,20.17000007629395,1004,TRUE,111862682,'1st 07:25 : 2pt layup (fast break) (in the paint) made by Randrea Wright(Central Ark.),5254416,561240,561062,2024-03-22,Central Ark. Bears,561240,Central Ark.
13.930799713134748,38.16499996185305,609,FALSE,111862804,'1st 07:01 : 2pt jump shot (inside left) missed by Kyla McMakin(Saint Louis),5254416,561240,561062,2024-03-22,Saint Louis Billikens,561062,Saint Louis
5.865597991943346,21.1599998474121,1004,FALSE,111862875,'1st 06:52 : 2pt layup (in the paint) missed by Leah Mafua(Central Ark.),5254416,561240,561062,2024-03-22,Central Ark. Bears,561240,Central Ark.
8.948796844482416,22.5699996948242,1004,TRUE,111863816,'1st 04:28 : 2pt layup (off turnover) (under the basket) made by Bree Stephens(Central Ark.) 4-8',5254416,561240,561062,2024-03-22,Central Ark. Bears,561240,Central Ark.
29.619400215148893,12.5999984741211,609,FALSE,111863862,'1st 04:13 : 3pt jump shot (outside right) missed by Peyton Kennedy(Saint Louis),5254416,561240,561062,2024-03-22,Saint Louis Billikens,561062,Saint Louis
8.21559978485107,27.70999908447265,609,TRUE,111863994,'1st 03:41 : 2pt layup (off turnover) (under the basket) made by Marcavia Shavers(Saint Louis),5254416,561240,561062,2024-03-22,Saint Louis Billikens,561062,Saint Louis
8.948800430297851,24.60499954223635,609,FALSE,111862163,'1st 09:38 : 2pt jump shot (under the basket) missed by Tierra Simon(Saint Louis),5254416,561240,561062,2024-03-22,Saint Louis Billikens,561062,Saint Louis
21.11239913940433,45.45000076293945,1004,FALSE,111862248,'1st 09:15 : 3pt jump shot (outside left) missed by Leah Mafua(Central Ark.),5254416,561240,561062,2024-03-22,Central Ark. Bears,561240,Central Ark.
7.623400573730507,24.6900005340576,1004,FALSE,111862278,'1st 09:08 : 2pt jump shot (2nd chance) (under the basket) missed by Jade Upshaw(Central Ark.),5254416,561240,561062,2024-03-22,Central Ark. Bears,561240,Central Ark.
9.822999820709192,24.04000091552735,609,TRUE,111862369,'1st 08:45 : 2pt layup (in the paint) made by Brooklyn Gray(Saint Louis) 2-0',5254416,561240,561062,2024-03-22,Saint Louis Billikens,561062,Saint Louis
9.531599426269494,9.859999656677253,1004,FALSE,111862493,'1st 08:22 : 2pt jump shot (inside right) missed by Bree Stephens(Central Ark.),5254416,561240,561062,2024-03-22,Central Ark. Bears,561240,Central Ark.
26.545599784851106,11.185001373291,609,FALSE,111865343,'1st 01:36 : 3pt jump shot (outside right) missed by Peyton Kennedy(Saint Louis),5254416,561240,561062,2024-03-22,Saint Louis Billikens,561062,Saint Louis
13.047200107574447,25.73500061035155,609,FALSE,111865361,'1st 01:23 : 2pt jump shot (2nd chance) (in the paint) missed by Peyton Kennedy(Saint Louis),5254416,561240,561062,2024-03-22,Saint Louis Billikens,561062,Saint Louis
20.529600143432628,30.39500045776365,609,FALSE,111865443,'1st 01:07 : 2pt jump shot (2nd chance) (inside center) missed by Camreé Clegg(Saint Louis),5254416,561240,561062,2024-03-22,Saint Louis Billikens,561062,Saint Louis
11.148399677276569,26.1599998474121,609,TRUE,111865526,'1st 00:30.80 : 2pt layup (off turnover) (in the paint) made by Peyton Kennedy(Saint Louis),5254416,561240,561062,2024-03-22,Saint Louis Billikens,561062,Saint Louis
17.88819885253909,21.57999992370605,1004,TRUE,111866388,'2nd 09:28 : 2pt jump shot (in the paint) made by Jade Upshaw(Central Ark.) 13-14',5254416,561240,561062,2024-03-22,Central Ark. Bears,561240,Central Ark.
8.64799713134768,21.29999923706055,1004,TRUE,111863195,'1st 06:11 : 2pt layup (off turnover) (in the paint) made by Leah Mafua(Central Ark.) 2-4',5254416,561240,561062,2024-03-22,Central Ark. Bears,561240,Central Ark.
21.99599964141848,24.04000091552735,609,FALSE,111863265,'1st 05:58 : 2pt jump shot (inside center) missed by Kyla McMakin(Saint Louis),5254416,561240,561062,2024-03-22,Saint Louis Billikens,561062,Saint Louis
8.798400573730504,24.125,1004,TRUE,111863295,'1st 05:48 : 2pt layup (under the basket) made by Elizabeth Abiara(Central Ark.),5254416,561240,561062,2024-03-22,Central Ark. Bears,561240,Central Ark.
13.047200107574447,26.1599998474121,609,TRUE,111866397,'2nd 09:18 : 2pt layup (in the paint) made by Peyton Kennedy(Saint Louis),5254416,561240,561062,2024-03-22,Saint Louis Billikens,561062,Saint Louis
9.682000179290807,39.85999965667725,609,FALSE,111866583,'2nd 08:38 : 2pt jump shot (off turnover) (inside left) missed by Brooklyn Gray(Saint Louis),5254416,561240,561062,2024-03-22,Saint Louis Billikens,561062,Saint Louis
21.704596557617165,9.4350004196167,1004,TRUE,111866598,'2nd 08:28 : 3pt jump shot (outside right) made by Jade Upshaw(Central Ark.),5254416,561240,561062,2024-03-22,Central Ark. Bears,561240,Central Ark.
12.464400215148892,27.9950008392334,609,FALSE,111866667,'2nd 07:58 : 2pt layup (in the paint) missed by Kennedy Calhoun(Saint Louis),5254416,561240,561062,2024-03-22,Saint Louis Billikens,561062,Saint Louis
5.282802581787095,10.279999732971199,1004,FALSE,111864778,'1st 03:24 : 2pt jump shot (inside right) missed by Kinley Fisher(Central Ark.),5254416,561240,561062,2024-03-22,Central Ark. Bears,561240,Central Ark.
20.37920028686525,45.08500003814697,609,TRUE,111864801,'1st 03:18 : 3pt jump shot (fast break) (outside left) made by Kyla McMakin(Saint Louis),5254416,561240,561062,2024-03-22,Saint Louis Billikens,561062,Saint Louis
27.57020172119141,38.6699981689453,1004,FALSE,111864857,'1st 02:58 : 3pt jump shot (outside left) missed by Leah Mafua(Central Ark.),5254416,561240,561062,2024-03-22,Central Ark. Bears,561240,Central Ark.
9.531600322723431,26.1599998474121,609,FALSE,111864880,'1st 02:47 : 2pt layup (under the basket) missed by Marcavia Shavers(Saint Louis),5254416,561240,561062,2024-03-22,Saint Louis Billikens,561062,Saint Louis
9.089798278808573,21.29999923706055,1004,TRUE,111864955,'1st 02:30 : 2pt layup (in the paint) made by Kinley Fisher(Central Ark.) 9-10',5254416,561240,561062,2024-03-22,Central Ark. Bears,561240,Central Ark.
17.155,40.70499992370605,609,FALSE,111865019,'1st 02:09 : 2pt jump shot (inside left) missed by Kyla McMakin(Saint Louis),5254416,561240,561062,2024-03-22,Saint Louis Billikens,561062,Saint Louis
19.796399497985856,13.72999954223635,609,FALSE,111866856,'2nd 07:22 : 2pt jump shot (inside right) missed by Kyla McMakin(Saint Louis),5254416,561240,561062,2024-03-22,Saint Louis Billikens,561062,Saint Louis
12.614800071716266,24.88500022888185,609,TRUE,111866931,'2nd 07:12 : 2pt layup (2nd chance) (in the paint) made by Brooklyn Gray(Saint Louis),5254416,561240,561062,2024-03-22,Saint Louis Billikens,561062,Saint Louis
26.395201721191413,12.965000152587898,1004,TRUE,111866949,'2nd 06:49 : 3pt jump shot (outside right) made by Jade Upshaw(Central Ark.),5254416,561240,561062,2024-03-22,Central Ark. Bears,561240,Central Ark.
25.07920028686525,38.3050003051758,609,FALSE,111867051,'2nd 06:24 : 3pt jump shot (outside left) missed by Peyton Kennedy(Saint Louis),5254416,561240,561062,2024-03-22,Saint Louis Billikens,561062,Saint Louis
18.480403442382837,2.375,1004,TRUE,111866839,'2nd 07:38 : 3pt jump shot (outside right) made by Jade Upshaw(Central Ark.),5254416,561240,561062,2024-03-22,Central Ark. Bears,561240,Central Ark.
11.881599426269489,10.140000343322747,1004,FALSE,111867424,'2nd 05:11 : 2pt jump shot (2nd chance;blocked) (inside right) missed by Jade Upshaw(Central Ark.),5254416,561240,561062,2024-03-22,Central Ark. Bears,561240,Central Ark.
14.37259996414182,27.85499954223635,609,FALSE,111867467,'2nd 04:55 : 2pt jump shot (blocked) (in the paint) missed by Peyton Kennedy(Saint Louis),5254416,561240,561062,2024-03-22,Saint Louis Billikens,561062,Saint Louis
13.347999820709195,26.29999923706055,609,FALSE,111867126,'2nd 06:07 : 2pt layup (off turnover;blocked) (in the paint) missed by Julia Martinez(Saint Louis),5254416,561240,561062,2024-03-22,Saint Louis Billikens,561062,Saint Louis
10.706600322723432,27.70999908447265,609,TRUE,111867213,'2nd 05:45 : 2pt layup (off turnover) (in the paint) made by Julia Martinez(Saint Louis) 17-23',5254416,561240,561062,2024-03-22,Saint Louis Billikens,561062,Saint Louis
10.706599426269491,22.5699996948242,1004,FALSE,111867243,'2nd 05:31 : 2pt layup (in the paint) missed by Randrea Wright(Central Ark.),5254416,561240,561062,2024-03-22,Central Ark. Bears,561240,Central Ark.
3.224200286865255,22.70999908447265,1004,TRUE,111868659,'2nd 04:24 : 2pt layup (in the paint) made by Jade Upshaw(Central Ark.),5254416,561240,561062,2024-03-22,Central Ark. Bears,561240,Central Ark.
11.73119956970212,27.14500045776365,609,TRUE,111868747,'2nd 04:00 : 2pt layup (in the paint) made by Peyton Kennedy(Saint Louis),5254416,561240,561062,2024-03-22,Saint Louis Billikens,561062,Saint Louis
28.01200286865233,36.27000045776365,1004,FALSE,111868800,'2nd 03:48 : 3pt jump shot (outside left) missed by Kinley Fisher(Central Ark.),5254416,561240,561062,2024-03-22,Central Ark. Bears,561240,Central Ark.
11.881600322723433,27.14500045776365,609,TRUE,111868865,'2nd 03:37 : 2pt jump shot (in the paint) made by Marcavia Shavers(Saint Louis),5254416,561240,561062,2024-03-22,Saint Louis Billikens,561062,Saint Louis
5.865597991943346,33.86999893188475,1004,FALSE,111868936,'2nd 03:11 : 2pt jump shot (inside left) missed by Kinley Fisher(Central Ark.),5254416,561240,561062,2024-03-22,Central Ark. Bears,561240,Central Ark.
3.083198852539084,24.82999992370605,1004,FALSE,111869291,'2nd 02:17 : 2pt jump shot (in the paint) missed by Cheyenne Banks(Central Ark.),5254416,561240,561062,2024-03-22,Central Ark. Bears,561240,Central Ark.
5.640000000000001,25,1004,TRUE,111869319,'2nd 02:12 : 2pt layup (2nd chance) (under the basket) made by Leah Mafua(Central Ark.) 23-27',5254416,561240,561062,2024-03-22,Central Ark. Bears,561240,Central Ark.
12.02259996414182,27.9950008392334,609,FALSE,111868478,'2nd 04:45 : 2pt jump shot (2nd chance) (in the paint) missed by Kyla McMakin(Saint Louis),5254416,561240,561062,2024-03-22,Saint Louis Billikens,561062,Saint Louis
17.155,24.04000091552735,609,FALSE,111869383,'2nd 01:58 : 2pt jump shot (in the paint) missed by Kyla McMakin(Saint Louis),5254416,561240,561062,2024-03-22,Saint Louis Billikens,561062,Saint Louis
13.047200107574447,25.5949993133545,609,FALSE,111869419,'2nd 01:51 : 2pt jump shot (2nd chance) (in the paint) missed by Marcavia Shavers(Saint Louis),5254416,561240,561062,2024-03-22,Saint Louis Billikens,561062,Saint Louis
29.920201721191418,20.3099994659424,1004,FALSE,111869444,'2nd 01:38 : 3pt jump shot (outside center) missed by Bree Stephens(Central Ark.),5254416,561240,561062,2024-03-22,Central Ark. Bears,561240,Central Ark.
10.264800071716266,23.54999923706055,719,TRUE,111869834,'2nd 05:19 : 2pt driving layup (in the paint) made by Katia Gallegos(TLS) 13-41',5254253,561173,560599,2024-03-22,Tulsa Golden Hurricane,561173,Tulsa
21.41320064544677,44.2550001144409,719,FALSE,111870776,'2nd 03:24 : 3pt jump shot (outside left) missed by Delanie Crawford(TLS),5254253,561173,560599,2024-03-22,Tulsa Golden Hurricane,561173,Tulsa
10.706599426269491,23.20999908447265,31,TRUE,111870792,'2nd 03:12 : 2pt layup (in the paint) made by Maryam Dauda(ARK) 18-41',5254253,561173,560599,2024-03-22,Arkansas Razorbacks,560599,Arkansas
30.503000717163133,19.60499954223635,719,FALSE,111865617,'1st 03:23 : 3pt jump shot (outside center) missed by Temira Poindexter(TLS),5254253,561173,560599,2024-03-22,Tulsa Golden Hurricane,561173,Tulsa
6.890201721191431,23.77499961853025,31,TRUE,111867662,'2nd 09:10 : 2pt driving layup (under the basket) made by Makayla Daniels(ARK) 9-25',5254253,561173,560599,2024-03-22,Arkansas Razorbacks,560599,Arkansas
8.065199928283686,24.8150005340576,719,TRUE,111867688,'2nd 08:59 : 2pt layup (under the basket) made by Hadley Periman(TLS),5254253,561173,560599,2024-03-22,Tulsa Golden Hurricane,561173,Tulsa
24.92880043029788,12.98500061035155,719,TRUE,111867776,'2nd 08:39 : 3pt jump shot (off turnover;fast break) (outside right) made by Temira Poindexter(TLS),5254253,561173,560599,2024-03-22,Tulsa Golden Hurricane,561173,Tulsa
13.347999820709195,23.6900005340576,719,FALSE,111870144,'2nd 04:40 : 2pt jump shot (in the paint) missed by Delanie Crawford(TLS),5254253,561173,560599,2024-03-22,Tulsa Golden Hurricane,561173,Tulsa
21.845599784851107,18.3400001525879,719,FALSE,111870356,'2nd 04:12 : 2pt jump shot (inside center) missed by Temira Poindexter(TLS),5254253,561173,560599,2024-03-22,Tulsa Golden Hurricane,561173,Tulsa
26.836999282836867,35.23999977111815,719,FALSE,111870944,'2nd 03:00 : 3pt jump shot (outside left) missed by Elise Hill(TLS),5254253,561173,560599,2024-03-22,Tulsa Golden Hurricane,561173,Tulsa
9.973400573730501,27.1550006866455,31,FALSE,111870962,'2nd 02:46 : 2pt jump shot (in the paint) missed by Maryam Dauda(ARK),5254253,561173,560599,2024-03-22,Arkansas Razorbacks,560599,Arkansas
30.061199569702122,15.0999984741211,719,FALSE,111871001,'2nd 02:37 : 3pt jump shot (outside right) missed by Jessika Evans(TLS),5254253,561173,560599,2024-03-22,Tulsa Golden Hurricane,561173,Tulsa
26.98739913940433,12.36499977111815,31,FALSE,111871029,'2nd 02:24 : 3pt jump shot (outside right) missed by Samara Spencer(ARK),5254253,561173,560599,2024-03-22,Arkansas Razorbacks,560599,Arkansas
27.861599426269496,11.86000061035155,719,FALSE,111863499,'1st 07:15 : 3pt jump shot (outside right) missed by Mady Cartwright(TLS),5254253,561173,560599,2024-03-22,Tulsa Golden Hurricane,561173,Tulsa
17.01400035858152,3.689998626709,719,TRUE,111863521,'1st 07:04 : 3pt jump shot (2nd chance) (outside right) made by Elise Hill(TLS),5254253,561173,560599,2024-03-22,Tulsa Golden Hurricane,561173,Tulsa
5.282802581787095,21.6599998474121,31,FALSE,111867867,'2nd 08:16 : 2pt layup (under the basket) missed by Karley Johnson(ARK),5254253,561173,560599,2024-03-22,Arkansas Razorbacks,560599,Arkansas
13.19760086059567,30.11499977111815,31,TRUE,111871378,'2nd 01:33 : 2pt turnaround jump shot (in the paint) made by Maryam Dauda(ARK) 20-42',5254253,561173,560599,2024-03-22,Arkansas Razorbacks,560599,Arkansas
13.780403442382834,46.875,31,FALSE,111863595,'1st 06:47 : 3pt jump shot (outside left) missed by Carly Keats(ARK),5254253,561173,560599,2024-03-22,Arkansas Razorbacks,560599,Arkansas
10.997999820709195,20.72999954223635,719,FALSE,111866022,'1st 02:29 : 2pt layup (off turnover;blocked) (in the paint) missed by Delanie Crawford(TLS),5254253,561173,560599,2024-03-22,Tulsa Golden Hurricane,561173,Tulsa
11.148400573730498,27.1550006866455,31,FALSE,111868097,'2nd 07:53 : 2pt driving layup (in the paint) missed by Samara Spencer(ARK),5254253,561173,560599,2024-03-22,Arkansas Razorbacks,560599,Arkansas
7.482399139404336,23.20999908447265,31,FALSE,111868101,'2nd 07:50 : 2pt layup (2nd chance) (under the basket) missed by Samara Spencer(ARK),5254253,561173,560599,2024-03-22,Arkansas Razorbacks,560599,Arkansas
8.507000179290769,21.29500007629395,719,TRUE,111869761,'2nd 05:45 : 2pt layup (in the paint) made by Delanie Crawford(TLS),5254253,561173,560599,2024-03-22,Tulsa Golden Hurricane,561173,Tulsa
11.580799713134752,21.9449996948242,31,TRUE,111869786,'2nd 05:33 : 2pt jump shot (in the paint) made by Karley Johnson(ARK),5254253,561173,560599,2024-03-22,Arkansas Razorbacks,560599,Arkansas
28.745199928283736,13.689998626709,719,TRUE,111871523,'2nd 00:44.50 : 3pt jump shot (off turnover) (outside right) made by Elise Hill(TLS),5254253,561173,560599,2024-03-22,Tulsa Golden Hurricane,561173,Tulsa
24.34599964141848,40.875,719,FALSE,111871804,'2nd 00:04.40 : 3pt jump shot (outside left) missed by Elise Hill(TLS),5254253,561173,560599,2024-03-22,Tulsa Golden Hurricane,561173,Tulsa
14.37259996414182,22.70499992370605,719,FALSE,111866117,'1st 02:12 : 2pt jump shot (2nd chance;off turnover) (in the paint) missed by Temira Poindexter(TLS),5254253,561173,560599,2024-03-22,Tulsa Golden Hurricane,561173,Tulsa
10.55620315551758,26.17000007629395,31,FALSE,111866142,'1st 02:04 : 2pt layup (in the paint) missed by Makayla Daniels(ARK),5254253,561173,560599,2024-03-22,Arkansas Razorbacks,560599,Arkansas
27.57019992828374,12.13999938964845,719,FALSE,111866144,'1st 01:58 : 3pt jump shot (outside right) missed by Delanie Crawford(TLS),5254253,561173,560599,2024-03-22,Tulsa Golden Hurricane,561173,Tulsa
8.798399677276615,23.125,719,TRUE,111866153,'1st 01:47 : 2pt layup (2nd chance) (under the basket) made by Temira Poindexter(TLS),5254253,561173,560599,2024-03-22,Tulsa Golden Hurricane,561173,Tulsa
8.507000179290769,26.36499977111815,719,TRUE,111868154,'2nd 07:42 : 2pt driving layup (fast break) (under the basket) made by Katia Gallegos(TLS),5254253,561173,560599,2024-03-22,Tulsa Golden Hurricane,561173,Tulsa
26.837002868652334,13.069999694824197,31,TRUE,111863936,'1st 06:18 : 3pt jump shot (outside right) made by Samara Spencer(ARK),5254253,561173,560599,2024-03-22,Arkansas Razorbacks,560599,Arkansas
8.948800430297851,26.79000091552735,719,TRUE,111863962,'1st 06:03 : 2pt driving layup (under the basket) made by Temira Poindexter(TLS) 3-9',5254253,561173,560599,2024-03-22,Tulsa Golden Hurricane,561173,Tulsa
11.148400573730498,28.13999938964845,31,FALSE,111866255,'1st 01:31 : 2pt layup (in the paint) missed by Makayla Daniels(ARK),5254253,561173,560599,2024-03-22,Arkansas Razorbacks,560599,Arkansas
28.15299713134766,16.309999465942397,31,FALSE,111864080,'1st 05:54 : 3pt jump shot (outside right) missed by Samara Spencer(ARK),5254253,561173,560599,2024-03-22,Arkansas Razorbacks,560599,Arkansas
30.794398422241212,24.11499977111815,719,TRUE,111864092,'1st 05:47 : 3pt jump shot (fast break) (outside center) made by Temira Poindexter(TLS),5254253,561173,560599,2024-03-22,Tulsa Golden Hurricane,561173,Tulsa
20.971397705078076,23.63500022888185,31,FALSE,111866267,'1st 01:20 : 2pt jump shot (2nd chance) (inside center) missed by Carly Keats(ARK),5254253,561173,560599,2024-03-22,Arkansas Razorbacks,560599,Arkansas
30.502997131347662,29.4099998474121,31,FALSE,111866372,'1st 01:13 : 3pt jump shot (2nd chance) (outside center) missed by Carly Keats(ARK),5254253,561173,560599,2024-03-22,Arkansas Razorbacks,560599,Arkansas
8.64799713134768,22.08499908447265,31,FALSE,111864159,'1st 05:26 : 2pt driving layup (in the paint) missed by Carly Keats(ARK),5254253,561173,560599,2024-03-22,Arkansas Razorbacks,560599,Arkansas
12.464400215148892,19.1849994659424,719,TRUE,111864175,'1st 05:16 : 2pt jump shot (in the paint) made by Elise Hill(TLS) 3-15',5254253,561173,560599,2024-03-22,Tulsa Golden Hurricane,561173,Tulsa
21.845599784851107,42.42500019073485,719,FALSE,111866386,'1st 01:05 : 3pt jump shot (outside left) missed by Jessika Evans(TLS),5254253,561173,560599,2024-03-22,Tulsa Golden Hurricane,561173,Tulsa
9.822997131347677,28.42499923706055,31,TRUE,111866396,'1st 00:50.30 : 2pt driving layup (in the paint) made by Makayla Daniels(ARK) 7-22',5254253,561173,560599,2024-03-22,Arkansas Razorbacks,560599,Arkansas
19.505,44.2550001144409,719,FALSE,111866579,'1st 00:25.20 : 3pt jump shot (outside left) missed by Amira Brown(TLS),5254253,561173,560599,2024-03-22,Tulsa Golden Hurricane,561173,Tulsa
29.920201721191418,25.1849994659424,31,FALSE,111869010,'2nd 07:29 : 3pt jump shot (outside center) missed by Carly Keats(ARK),5254253,561173,560599,2024-03-22,Arkansas Razorbacks,560599,Arkansas
18.038602294921816,45.185001373291,31,FALSE,111862545,'1st 09:42 : 3pt jump shot (outside left) missed by Jenna Lawrence(ARK),5254253,561173,560599,2024-03-22,Arkansas Razorbacks,560599,Arkansas
8.507000179290769,21.86000061035155,719,FALSE,111862668,'1st 09:10 : 2pt driving layup (in the paint) missed by Delanie Crawford(TLS),5254253,561173,560599,2024-03-22,Tulsa Golden Hurricane,561173,Tulsa
12.464400215148892,23.125,719,FALSE,111862685,'1st 09:07 : 2pt jump shot (2nd chance) (in the paint) missed by Delanie Crawford(TLS),5254253,561173,560599,2024-03-22,Tulsa Golden Hurricane,561173,Tulsa
6.749200286865246,24.3400001525879,31,FALSE,111865046,'1st 04:54 : 2pt layup (blocked) (under the basket) missed by Maryam Dauda(ARK),5254253,561173,560599,2024-03-22,Arkansas Razorbacks,560599,Arkansas
8.798400573730504,24.0550003051758,31,TRUE,111865076,'1st 04:49 : 2pt layup (2nd chance) (under the basket) made by Maryam Dauda(ARK) 5-15',5254253,561173,560599,2024-03-22,Arkansas Razorbacks,560599,Arkansas
8.948800430297851,25.10000038146975,719,TRUE,111865141,'1st 04:25 : 2pt layup (under the basket) made by Temira Poindexter(TLS),5254253,561173,560599,2024-03-22,Tulsa Golden Hurricane,561173,Tulsa
14.222200107574446,22.2800006866455,719,TRUE,111862910,'1st 08:40 : 2pt jump shot (off turnover) (in the paint) made by Katia Gallegos(TLS) 0-2',5254253,561173,560599,2024-03-22,Tulsa Golden Hurricane,561173,Tulsa
9.381203155517582,25.88500022888185,31,FALSE,111865202,'1st 04:12 : 2pt layup (blocked) (under the basket) missed by Samara Spencer(ARK),5254253,561173,560599,2024-03-22,Arkansas Razorbacks,560599,Arkansas
10.55620315551758,26.0300006866455,31,FALSE,111863166,'1st 08:18 : 2pt layup (blocked) (in the paint) missed by Maryam Dauda(ARK),5254253,561173,560599,2024-03-22,Arkansas Razorbacks,560599,Arkansas
22.146399497985858,22,719,FALSE,111863173,'1st 08:13 : 2pt jump shot (inside center) missed by Elise Hill(TLS),5254253,561173,560599,2024-03-22,Tulsa Golden Hurricane,561173,Tulsa
29.76979827880858,28.8449993133545,31,FALSE,111863191,'1st 08:02 : 3pt jump shot (outside center) missed by Jenna Lawrence(ARK),5254253,561173,560599,2024-03-22,Arkansas Razorbacks,560599,Arkansas
30.35260086059566,25.6599998474121,719,FALSE,111869289,'2nd 06:43 : 3pt jump shot (off turnover) (outside center) missed by Hadley Periman(TLS),5254253,561173,560599,2024-03-22,Tulsa Golden Hurricane,561173,Tulsa
29.920199928283736,25.23999977111815,719,TRUE,111869443,'2nd 06:20 : 3pt jump shot (off turnover) (outside center) made by Temira Poindexter(TLS) 9-37',5254253,561173,560599,2024-03-22,Tulsa Golden Hurricane,561173,Tulsa
7.0405979919433435,23.4950008392334,31,TRUE,111869682,'2nd 05:57 : 2pt layup (off turnover) (under the basket) made by Maryam Dauda(ARK),5254253,561173,560599,2024-03-22,Arkansas Razorbacks,560599,Arkansas
25.953400573730505,9.60499954223635,719,FALSE,111863263,'1st 07:54 : 3pt jump shot (outside right) missed by Delanie Crawford(TLS),5254253,561173,560599,2024-03-22,Tulsa Golden Hurricane,561173,Tulsa
23.753796844482423,9.829999923706048,31,FALSE,111863314,'1st 07:36 : 3pt jump shot (outside right) missed by Makayla Daniels(ARK),5254253,561173,560599,2024-03-22,Arkansas Razorbacks,560599,Arkansas
30.211599426269494,25.7450008392334,31,FALSE,111865537,'1st 03:43 : 3pt jump shot (outside center) missed by Jenna Lawrence(ARK),5254253,561173,560599,2024-03-22,Arkansas Razorbacks,560599,Arkansas
22.146399497985858,5.38000106811525,719,FALSE,111867463,'2nd 09:40 : 3pt jump shot (outside right) missed by Hadley Periman(TLS),5254253,561173,560599,2024-03-22,Tulsa Golden Hurricane,561173,Tulsa
29.18699928283687,31.4349994659424,719,TRUE,111867493,'2nd 09:25 : 3pt jump shot (2nd chance) (outside center) made by Delanie Crawford(TLS),5254253,561173,560599,2024-03-22,Tulsa Golden Hurricane,561173,Tulsa
28.594800071716264,14.814998626709,31,TRUE,111873955,'3rd 09:50 : 3pt jump shot (outside right) made by Makayla Daniels(ARK),5254253,561173,560599,2024-03-22,Arkansas Razorbacks,560599,Arkansas
24.92879684448242,40.1150016784668,719,TRUE,111874008,'3rd 09:36 : 3pt jump shot (outside left) made by Delanie Crawford(TLS),5254253,561173,560599,2024-03-22,Tulsa Golden Hurricane,561173,Tulsa
30.94479827880858,28.0550003051758,31,FALSE,111874025,'3rd 09:21 : 3pt jump shot (outside center) missed by Samara Spencer(ARK),5254253,561173,560599,2024-03-22,Arkansas Razorbacks,560599,Arkansas
17.01399856567383,3.9149999618530273,719,FALSE,111874061,'3rd 09:11 : 3pt jump shot (blocked) (outside right) missed by Delanie Crawford(TLS),5254253,561173,560599,2024-03-22,Tulsa Golden Hurricane,561173,Tulsa
26.10380043029788,37.63500022888185,31,FALSE,111874103,'3rd 08:53 : 3pt jump shot (outside left) missed by Carly Keats(ARK),5254253,561173,560599,2024-03-22,Arkansas Razorbacks,560599,Arkansas
22.578796844482426,41.8050003051758,719,TRUE,111874130,'3rd 08:45 : 3pt jump shot (outside left) made by Delanie Crawford(TLS),5254253,561173,560599,2024-03-22,Tulsa Golden Hurricane,561173,Tulsa
20.087800788879395,44.81500005722045,31,TRUE,111875862,'3rd 02:11 : 3pt jump shot (off turnover) (outside left) made by Samara Spencer(ARK),5254253,561173,560599,2024-03-22,Arkansas Razorbacks,560599,Arkansas
22.146397705078073,28.98500061035155,719,TRUE,111875943,'3rd 01:31 : 2pt pull up jump shot (inside center) made by Temira Poindexter(TLS) 40-63',5254253,561173,560599,2024-03-22,Tulsa Golden Hurricane,561173,Tulsa
23.462399139404337,40.875,31,FALSE,111875944,'3rd 01:24 : 3pt jump shot (outside left) missed by Makayla Daniels(ARK),5254253,561173,560599,2024-03-22,Arkansas Razorbacks,560599,Arkansas
29.920201721191418,27.29500007629395,719,FALSE,111876021,'3rd 01:00 : 3pt jump shot (outside center) missed by Jessika Evans(TLS),5254253,561173,560599,2024-03-22,Tulsa Golden Hurricane,561173,Tulsa
13.639400215148891,23.4099998474121,31,TRUE,111876043,'3rd 00:45.50 : 2pt jump shot (in the paint) made by Emrie Ellis(ARK) 42-63',5254253,561173,560599,2024-03-22,Arkansas Razorbacks,560599,Arkansas
20.529596557617154,13.63500022888185,719,FALSE,111876067,'3rd 00:28.90 : 2pt jump shot (inside right) missed by Jessika Evans(TLS),5254253,561173,560599,2024-03-22,Tulsa Golden Hurricane,561173,Tulsa
19.946799354553228,4.67499923706055,31,TRUE,111876119,'3rd 00:03.60 : 3pt jump shot (outside right) made by Karley Johnson(ARK),5254253,561173,560599,2024-03-22,Arkansas Razorbacks,560599,Arkansas
20.37920028686525,31.29500007629395,31,TRUE,111874150,'3rd 08:29 : 2pt pull up jump shot (inside left) made by Carly Keats(ARK) 27-51',5254253,561173,560599,2024-03-22,Arkansas Razorbacks,560599,Arkansas
18.480403442382837,45.185001373291,719,FALSE,111874205,'3rd 08:18 : 3pt jump shot (outside left) missed by Hadley Periman(TLS),5254253,561173,560599,2024-03-22,Tulsa Golden Hurricane,561173,Tulsa
22.437800788879393,43.96999979019165,31,FALSE,111874220,'3rd 08:07 : 3pt jump shot (outside left) missed by Carly Keats(ARK),5254253,561173,560599,2024-03-22,Arkansas Razorbacks,560599,Arkansas
21.55420028686524,7.434999942779548,719,FALSE,111874238,'3rd 07:52 : 3pt jump shot (outside right) missed by Temira Poindexter(TLS),5254253,561173,560599,2024-03-22,Tulsa Golden Hurricane,561173,Tulsa
28.886203155517578,24.6200008392334,719,TRUE,111874293,'3rd 07:33 : 3pt jump shot (2nd chance) (outside center) made by Hadley Periman(TLS),5254253,561173,560599,2024-03-22,Tulsa Golden Hurricane,561173,Tulsa
29.76980007171626,18.3400001525879,31,FALSE,111874336,'3rd 07:19 : 3pt jump shot (blocked) (outside center) missed by Jenna Lawrence(ARK),5254253,561173,560599,2024-03-22,Arkansas Razorbacks,560599,Arkansas
14.222197418212914,2.6500000953674316,719,FALSE,111876393,'4th 09:41 : 3pt jump shot (outside right) missed by Delanie Crawford(TLS),5254253,561173,560599,2024-03-22,Tulsa Golden Hurricane,561173,Tulsa
30.503000717163133,16.08499908447265,31,FALSE,111876398,'4th 09:32 : 3pt jump shot (outside center) missed by Samara Spencer(ARK),5254253,561173,560599,2024-03-22,Arkansas Razorbacks,560599,Arkansas
7.1815994262695,23.0699996948242,719,TRUE,111876409,'4th 09:16 : 2pt layup (under the basket) made by Delanie Crawford(TLS),5254253,561173,560599,2024-03-22,Tulsa Golden Hurricane,561173,Tulsa
25.07920028686525,11.2949981689453,31,FALSE,111876441,'4th 09:07 : 3pt jump shot (outside right) missed by Jenna Lawrence(ARK),5254253,561173,560599,2024-03-22,Arkansas Razorbacks,560599,Arkansas
12.464400215148892,21.29500007629395,31,FALSE,111876576,'4th 08:25 : 2pt layup (in the paint) missed by Makayla Daniels(ARK),5254253,561173,560599,2024-03-22,Arkansas Razorbacks,560599,Arkansas
8.798400573730504,41.52000045776365,719,FALSE,111874658,'3rd 06:28 : 2pt jump shot (inside left) missed by Temira Poindexter(TLS),5254253,561173,560599,2024-03-22,Tulsa Golden Hurricane,561173,Tulsa
10.706600322723432,14.95999908447265,31,FALSE,111874710,'3rd 06:13 : 2pt jump shot (inside right) missed by Maryam Dauda(ARK),5254253,561173,560599,2024-03-22,Arkansas Razorbacks,560599,Arkansas
8.356600322723386,26.36499977111815,31,TRUE,111874900,'3rd 05:35 : 2pt driving layup (off turnover) (under the basket) made by Makayla Daniels(ARK) 32-54',5254253,561173,560599,2024-03-22,Arkansas Razorbacks,560599,Arkansas
6.749200286865246,27.57500076293945,719,TRUE,111874940,'3rd 05:18 : 2pt driving layup (under the basket) made by Elise Hill(TLS) 32-56',5254253,561173,560599,2024-03-22,Tulsa Golden Hurricane,561173,Tulsa
16.42180114746091,25.60499954223635,719,FALSE,111875073,'3rd 04:48 : 2pt jump shot (off turnover) (in the paint) missed by Temira Poindexter(TLS),5254253,561173,560599,2024-03-22,Tulsa Golden Hurricane,561173,Tulsa
11.289400215148891,22.13999938964845,31,FALSE,111875084,'3rd 04:32 : 2pt jump shot (in the paint) missed by Maryam Dauda(ARK),5254253,561173,560599,2024-03-22,Arkansas Razorbacks,560599,Arkansas
11.289400215148891,26.64999961853025,31,TRUE,111875114,'3rd 04:28 : 2pt layup (2nd chance) (in the paint) made by Maryam Dauda(ARK) 34-56',5254253,561173,560599,2024-03-22,Arkansas Razorbacks,560599,Arkansas
7.482399139404336,26.45000076293945,719,TRUE,111875154,'3rd 04:08 : 2pt layup (under the basket) made by Temira Poindexter(TLS),5254253,561173,560599,2024-03-22,Tulsa Golden Hurricane,561173,Tulsa
11.881600322723433,22.5650005340576,31,TRUE,111875200,'3rd 03:47 : 2pt jump shot (in the paint) made by Maryam Dauda(ARK) 36-58',5254253,561173,560599,2024-03-22,Arkansas Razorbacks,560599,Arkansas
15.980000000000004,47.01499938964845,719,TRUE,111875260,'3rd 03:20 : 3pt jump shot (outside left) made by Amira Brown(TLS),5254253,561173,560599,2024-03-22,Tulsa Golden Hurricane,561173,Tulsa
17.155,3.689998626709,31,FALSE,111875805,'3rd 02:34 : 3pt jump shot (off turnover) (outside right) missed by Jenna Lawrence(ARK),5254253,561173,560599,2024-03-22,Arkansas Razorbacks,560599,Arkansas
26.103796844482417,14.76000022888185,719,TRUE,111876583,'4th 08:16 : 3pt jump shot (outside right) made by Elise Hill(TLS),5254253,561173,560599,2024-03-22,Tulsa Golden Hurricane,561173,Tulsa
18.480399856567374,4.814998626709,31,FALSE,111876593,'4th 08:04 : 3pt jump shot (outside right) missed by Makayla Daniels(ARK),5254253,561173,560599,2024-03-22,Arkansas Razorbacks,560599,Arkansas
10.706600322723432,27.4950008392334,31,TRUE,111876670,'4th 07:58 : 2pt driving layup (2nd chance) (in the paint) made by Carly Keats(ARK) 47-69',5254253,561173,560599,2024-03-22,Arkansas Razorbacks,560599,Arkansas
30.6534005737305,25.6599998474121,31,FALSE,111876715,'4th 07:23 : 3pt jump shot (off turnover) (outside center) missed by Emrie Ellis(ARK),5254253,561173,560599,2024-03-22,Arkansas Razorbacks,560599,Arkansas
8.21559799194334,24.89999961853025,719,FALSE,111876743,'4th 07:16 : 2pt layup (under the basket) missed by Elise Hill(TLS),5254253,561173,560599,2024-03-22,Tulsa Golden Hurricane,561173,Tulsa
7.623400573730507,24.89999961853025,719,TRUE,111876745,'4th 07:13 : 2pt layup (2nd chance) (under the basket) made by Jessika Evans(TLS) 47-71',5254253,561173,560599,2024-03-22,Tulsa Golden Hurricane,561173,Tulsa
26.545599784851106,28.6200008392334,31,FALSE,111876790,'4th 06:57 : 2pt jump shot (inside center) missed by Makayla Daniels(ARK),5254253,561173,560599,2024-03-22,Arkansas Razorbacks,560599,Arkansas
8.507002868652322,27.86000061035155,719,FALSE,111876792,'4th 06:48 : 2pt layup (under the basket) missed by Mady Cartwright(TLS),5254253,561173,560599,2024-03-22,Tulsa Golden Hurricane,561173,Tulsa
21.11239913940433,36.1699981689453,430,FALSE,111865585,'1st 02:22 : 2pt jump shot (inside left) missed by Jasmine Brown-Hagger(Mississippi St.),5254267,560902,560771,2024-03-22,Mississippi St. Bulldogs,560902,Mississippi St.
18.912800788879395,32,255,TRUE,111865698,'1st 01:47 : 2pt jump shot (off turnover) (inside left) made by Kayla Blackshear(Georgia Tech),5254267,560902,560771,2024-03-22,Georgia Tech Yellow Jackets,560771,Georgia Tech
5.282802581787095,27.1550006866455,430,TRUE,111865772,'1st 01:25 : 2pt layup (under the basket) made by Mjracle Sheppard(Mississippi St.),5254267,560902,560771,2024-03-22,Mississippi St. Bulldogs,560902,Mississippi St.
13.19760086059567,34.47999954223635,430,TRUE,111866045,'1st 00:52.00 : 2pt jump shot (off turnover) (inside left) made by Jessika Carter(Mississippi St.),5254267,560902,560771,2024-03-22,Mississippi St. Bulldogs,560902,Mississippi St.
10.415201721191423,23.35000038146975,430,FALSE,111866154,'1st 00:47.00 : 2pt jump shot (off turnover) (in the paint) missed by Jerkaila Jordan(Mississippi St.),5254267,560902,560771,2024-03-22,Mississippi St. Bulldogs,560902,Mississippi St.
4.690597991943335,2.505000114440918,255,FALSE,111876035,'3rd 00:55.90 : 3pt jump shot (2nd chance) (outside right wing) missed by Tonie Morgan(Georgia Tech),5254267,560902,560771,2024-03-22,Georgia Tech Yellow Jackets,560771,Georgia Tech
5.132400035858152,47.91499996185303,430,TRUE,111876038,'3rd 00:47.80 : 3pt jump shot (outside left wing) made by Jasmine Brown-Hagger(Mississippi St.),5254267,560902,560771,2024-03-22,Mississippi St. Bulldogs,560902,Mississippi St.
17.74719741821292,3.494999885559082,255,FALSE,111876064,'3rd 00:30.40 : 3pt jump shot (outside right) missed by Sydney Johnson(Georgia Tech),5254267,560902,560771,2024-03-22,Georgia Tech Yellow Jackets,560771,Georgia Tech
8.948800430297851,34.5349998474121,430,FALSE,111874276,'3rd 06:44 : 2pt jump shot (inside left) missed by Erynn Barnum(Mississippi St.),5254267,560902,560771,2024-03-22,Mississippi St. Bulldogs,560902,Mississippi St.
9.531600322723431,16.08499908447265,430,FALSE,111873644,'3rd 09:42 : 2pt jump shot (inside right) missed by Jessika Carter(Mississippi St.),5254267,560902,560771,2024-03-22,Mississippi St. Bulldogs,560902,Mississippi St.
6.598799982070919,23.4099998474121,430,TRUE,111873711,'3rd 09:27 : 2pt layup (off turnover;fast break) (under the basket) made by Debreasha Powe(Mississippi St.),5254267,560902,560771,2024-03-22,Mississippi St. Bulldogs,560902,Mississippi St.
11.289402008056655,13.63500022888185,255,FALSE,111873811,'3rd 08:54 : 2pt jump shot (inside right) missed by Tonie Morgan(Georgia Tech),5254267,560902,560771,2024-03-22,Georgia Tech Yellow Jackets,560771,Georgia Tech
24.92880043029788,7.49499893188475,430,FALSE,111873833,'3rd 08:48 : 3pt jump shot (outside right) missed by Darrione Rogers(Mississippi St.),5254267,560902,560771,2024-03-22,Mississippi St. Bulldogs,560902,Mississippi St.
9.682002868652319,38.98500061035155,255,FALSE,111873855,'3rd 08:35 : 2pt jump shot (inside left) missed by Kayla Blackshear(Georgia Tech),5254267,560902,560771,2024-03-22,Georgia Tech Yellow Jackets,560771,Georgia Tech
7.181599874496465,20.5900001525879,430,TRUE,111873918,'3rd 08:22 : 2pt jump shot (in the paint) made by Jessika Carter(Mississippi St.),5254267,560902,560771,2024-03-22,Mississippi St. Bulldogs,560902,Mississippi St.
18.17959655761716,45.74499893188475,255,TRUE,111873939,'3rd 08:08 : 3pt jump shot (outside left) made by Ines Noguero(Georgia Tech),5254267,560902,560771,2024-03-22,Georgia Tech Yellow Jackets,560771,Georgia Tech
20.68,44.96000003814695,430,FALSE,111874021,'3rd 07:32 : 3pt jump shot (outside left) missed by Darrione Rogers(Mississippi St.),5254267,560902,560771,2024-03-22,Mississippi St. Bulldogs,560902,Mississippi St.
7.482399139404336,27.86000061035155,255,FALSE,111874057,'3rd 07:23 : 2pt layup (blocked) (under the basket) missed by Kayla Blackshear(Georgia Tech),5254267,560902,560771,2024-03-22,Georgia Tech Yellow Jackets,560771,Georgia Tech
5.640000000000001,25,255,TRUE,111874060,'3rd 07:16 : 2pt layup (2nd chance) (under the basket) made by Kayla Blackshear(Georgia Tech) 23-43',5254267,560902,560771,2024-03-22,Georgia Tech Yellow Jackets,560771,Georgia Tech
31.23620315551758,28,255,FALSE,111874332,'3rd 06:24 : 3pt jump shot (outside center) missed by Ines Noguero(Georgia Tech),5254267,560902,560771,2024-03-22,Georgia Tech Yellow Jackets,560771,Georgia Tech
29.18700286865233,33.20999908447265,255,FALSE,111874474,'3rd 05:36 : 3pt jump shot (off turnover) (outside center) missed by Kara Dunn(Georgia Tech),5254267,560902,560771,2024-03-22,Georgia Tech Yellow Jackets,560771,Georgia Tech
7.332002868652324,20.95999908447265,255,FALSE,111874709,'3rd 04:59 : 2pt jump shot (in the paint) missed by Kara Dunn(Georgia Tech),5254267,560902,560771,2024-03-22,Georgia Tech Yellow Jackets,560771,Georgia Tech
8.065199928283686,26.22500038146975,430,TRUE,111875221,'3rd 04:35 : 2pt layup (under the basket) made by Mjracle Sheppard(Mississippi St.),5254267,560902,560771,2024-03-22,Mississippi St. Bulldogs,560902,Mississippi St.
6.157000179290768,17.49499893188475,430,TRUE,111876373,'4th 09:48 : 2pt jump shot (inside right) made by Lauren Park-Lane(Mississippi St.),5254267,560902,560771,2024-03-22,Mississippi St. Bulldogs,560902,Mississippi St.
20.971397705078076,15.60499954223635,255,TRUE,111876389,'4th 09:30 : 2pt jump shot (inside right) made by Kara Dunn(Georgia Tech),5254267,560902,560771,2024-03-22,Georgia Tech Yellow Jackets,560771,Georgia Tech
19.646001434326166,31.8050003051758,430,FALSE,111862780,'1st 09:33 : 2pt jump shot (inside left) missed by Jerkaila Jordan(Mississippi St.),5254267,560902,560771,2024-03-22,Mississippi St. Bulldogs,560902,Mississippi St.
5.574200286865249,2.365000009536743,430,FALSE,111862911,'1st 09:06 : 3pt jump shot (off turnover) (outside right wing) missed by Lauren Park-Lane(Mississippi St.),5254267,560902,560771,2024-03-22,Mississippi St. Bulldogs,560902,Mississippi St.
11.881600322723433,21.7199993133545,255,FALSE,111862924,'1st 08:55 : 2pt jump shot (in the paint) missed by Tonie Morgan(Georgia Tech),5254267,560902,560771,2024-03-22,Georgia Tech Yellow Jackets,560771,Georgia Tech
13.780399856567374,25.9449996948242,255,FALSE,111862927,'1st 08:52 : 2pt jump shot (2nd chance) (in the paint) missed by Kayla Blackshear(Georgia Tech),5254267,560902,560771,2024-03-22,Georgia Tech Yellow Jackets,560771,Georgia Tech
18.038602294921816,39.689998626709,430,FALSE,111863017,'1st 08:44 : 2pt jump shot (inside left) missed by Darrione Rogers(Mississippi St.),5254267,560902,560771,2024-03-22,Mississippi St. Bulldogs,560902,Mississippi St.
8.356600322723386,27.91500091552735,255,FALSE,111863057,'1st 08:32 : 2pt layup (blocked) (under the basket) missed by Kayla Blackshear(Georgia Tech),5254267,560902,560771,2024-03-22,Georgia Tech Yellow Jackets,560771,Georgia Tech
8.948796844482416,11.100000381469748,430,TRUE,111863167,'1st 08:09 : 2pt jump shot (inside right) made by Jessika Carter(Mississippi St.),5254267,560902,560771,2024-03-22,Mississippi St. Bulldogs,560902,Mississippi St.
6.0160000896453845,29.60499954223635,255,FALSE,111863190,'1st 07:50 : 2pt layup (blocked) (in the paint) missed by Tonie Morgan(Georgia Tech),5254267,560902,560771,2024-03-22,Georgia Tech Yellow Jackets,560771,Georgia Tech
8.065201721191428,16.72999954223635,430,TRUE,111871093,'2nd 00:57.40 : 2pt jump shot (inside right) made by Jasmine Brown-Hagger(Mississippi St.) 16-37',5254267,560902,560771,2024-03-22,Mississippi St. Bulldogs,560902,Mississippi St.
5.86559978485107,22.2800006866455,255,FALSE,111871144,'2nd 00:36.80 : 2pt (under the basket) missed by Tonie Morgan(Georgia Tech) 16-37',5254267,560902,560771,2024-03-22,Georgia Tech Yellow Jackets,560771,Georgia Tech
9.531599426269494,47.435001373291,430,FALSE,111871379,'2nd 00:15.40 : 3pt jump shot (outside left) missed by Lauren Park-Lane(Mississippi St.),5254267,560902,560771,2024-03-22,Mississippi St. Bulldogs,560902,Mississippi St.
7.0405979919433435,12.505000114440897,430,TRUE,111871410,'2nd 00:04.90 : 2pt jump shot (2nd chance) (inside right) made by Jasmine Brown-Hagger(Mississippi St.) 18-39',5254267,560902,560771,2024-03-22,Mississippi St. Bulldogs,560902,Mississippi St.
12.314000358581518,47.91499996185303,255,FALSE,111863315,'1st 07:23 : 3pt jump shot (off turnover) (outside left) missed by Sydney Johnson(Georgia Tech),5254267,560902,560771,2024-03-22,Georgia Tech Yellow Jackets,560771,Georgia Tech
21.11239913940433,25.60499954223635,430,FALSE,111863420,'1st 07:02 : 2pt jump shot (inside center) missed by Jerkaila Jordan(Mississippi St.),5254267,560902,560771,2024-03-22,Mississippi St. Bulldogs,560902,Mississippi St.
9.089798278808573,27.1550006866455,430,TRUE,111863441,'1st 06:58 : 2pt layup (2nd chance) (under the basket) made by Debreasha Powe(Mississippi St.) 0-4',5254267,560902,560771,2024-03-22,Mississippi St. Bulldogs,560902,Mississippi St.
8.798399677276615,26.79000091552735,255,FALSE,111863501,'1st 06:40 : 2pt layup (blocked) (under the basket) missed by Kayla Blackshear(Georgia Tech),5254267,560902,560771,2024-03-22,Georgia Tech Yellow Jackets,560771,Georgia Tech
20.529596557617154,29.6900005340576,430,TRUE,111863594,'1st 06:18 : 2pt jump shot (inside center) made by Jessika Carter(Mississippi St.) 0-6',5254267,560902,560771,2024-03-22,Mississippi St. Bulldogs,560902,Mississippi St.
19.213600502014145,18.0550003051758,255,FALSE,111863658,'1st 05:57 : 2pt jump shot (inside right) missed by Kara Dunn(Georgia Tech),5254267,560902,560771,2024-03-22,Georgia Tech Yellow Jackets,560771,Georgia Tech
29.76979827880858,41.0999984741211,430,TRUE,111863718,'1st 05:51 : 3pt jump shot (fast break) (outside left) made by Darrione Rogers(Mississippi St.),5254267,560902,560771,2024-03-22,Mississippi St. Bulldogs,560902,Mississippi St.
7.914800071716313,2.564998626709,255,FALSE,111864562,'1st 05:18 : 3pt jump shot (outside right) missed by Aixa Wone Aranaz(Georgia Tech),5254267,560902,560771,2024-03-22,Georgia Tech Yellow Jackets,560771,Georgia Tech
18.856397705078066,5.679999828338602,430,FALSE,111864666,'1st 04:59 : 3pt jump shot (outside right) missed by Debreasha Powe(Mississippi St.) 0-9',5254267,560902,560771,2024-03-22,Mississippi St. Bulldogs,560902,Mississippi St.
6.016001434326171,38.2799987792969,430,TRUE,111864843,'1st 04:40 : 2pt jump shot (off turnover;fast break) (inside left) made by Jerkaila Jordan(Mississippi St.),5254267,560902,560771,2024-03-22,Mississippi St. Bulldogs,560902,Mississippi St.
7.914800071716313,22.2800006866455,255,TRUE,111864876,'1st 04:13 : 2pt layup (under the basket) made by Tonie Morgan(Georgia Tech) 2-11',5254267,560902,560771,2024-03-22,Georgia Tech Yellow Jackets,560771,Georgia Tech
7.914800071716313,28.1949996948242,430,TRUE,111875571,'3rd 03:35 : 2pt layup (off turnover) (under the basket) made by Erynn Barnum(Mississippi St.) 25-51',5254267,560902,560771,2024-03-22,Mississippi St. Bulldogs,560902,Mississippi St.
5.282802581787095,22.64999961853025,255,TRUE,111875617,'3rd 03:20 : 2pt layup (under the basket) made by Tonie Morgan(Georgia Tech) 27-51',5254267,560902,560771,2024-03-22,Georgia Tech Yellow Jackets,560771,Georgia Tech
16.572199211120605,14.67499923706055,430,FALSE,111875639,'3rd 03:05 : 2pt jump shot (inside right) missed by Jasmine Brown-Hagger(Mississippi St.),5254267,560902,560771,2024-03-22,Mississippi St. Bulldogs,560902,Mississippi St.
26.686599426269495,42.3650016784668,255,FALSE,111875671,'3rd 02:54 : 3pt jump shot (outside left) missed by Rusne Augustinaite(Georgia Tech),5254267,560902,560771,2024-03-22,Georgia Tech Yellow Jackets,560771,Georgia Tech
8.21559799194334,22.08499908447265,255,TRUE,111875712,'3rd 02:36 : 2pt layup (off turnover;fast break) (under the basket) made by Kara Dunn(Georgia Tech),5254267,560902,560771,2024-03-22,Georgia Tech Yellow Jackets,560771,Georgia Tech
7.181599874496465,23.27000045776365,430,TRUE,111875720,'3rd 02:20 : 2pt layup (under the basket) made by Erynn Barnum(Mississippi St.),5254267,560902,560771,2024-03-22,Mississippi St. Bulldogs,560902,Mississippi St.
6.157002868652327,20.39500045776365,255,FALSE,111875765,'3rd 02:07 : 2pt layup (blocked) (in the paint) missed by Tonie Morgan(Georgia Tech),5254267,560902,560771,2024-03-22,Georgia Tech Yellow Jackets,560771,Georgia Tech
6.598796844482422,27.1550006866455,255,TRUE,111875840,'3rd 02:03 : 2pt layup (2nd chance) (under the basket) made by Kara Dunn(Georgia Tech),5254267,560902,560771,2024-03-22,Georgia Tech Yellow Jackets,560771,Georgia Tech
8.065201721191428,25.60499954223635,255,TRUE,111875959,'3rd 01:25 : 2pt layup (off turnover) (under the basket) made by Kayla Blackshear(Georgia Tech),5254267,560902,560771,2024-03-22,Georgia Tech Yellow Jackets,560771,Georgia Tech
5.7151999282836865,27.63500022888185,430,TRUE,111875976,'3rd 01:14 : 2pt layup (under the basket) made by Jasmine Brown-Hagger(Mississippi St.),5254267,560902,560771,2024-03-22,Mississippi St. Bulldogs,560902,Mississippi St.
4.107802581787098,2.0850000381469727,255,FALSE,111875999,'3rd 01:01 : 3pt jump shot (outside right wing) missed by Kara Dunn(Georgia Tech),5254267,560902,560771,2024-03-22,Georgia Tech Yellow Jackets,560771,Georgia Tech
6.0160000896453845,2,430,FALSE,111876116,'3rd 00:03.40 : 3pt jump shot (outside right wing) missed by Darrione Rogers(Mississippi St.),5254267,560902,560771,2024-03-22,Mississippi St. Bulldogs,560902,Mississippi St.
12.464402008056666,22.36499977111815,430,FALSE,111865045,'1st 03:59 : 2pt jump shot (in the paint) missed by Mjracle Sheppard(Mississippi St.),5254267,560902,560771,2024-03-22,Mississippi St. Bulldogs,560902,Mississippi St.
12.464402008056666,14.76000022888185,430,FALSE,111865050,'1st 03:52 : 2pt jump shot (2nd chance) (inside right) missed by Jessika Carter(Mississippi St.),5254267,560902,560771,2024-03-22,Mississippi St. Bulldogs,560902,Mississippi St.
6.598799982070919,2.27999877929685,255,FALSE,111865105,'1st 03:43 : 3pt jump shot (outside right wing) missed by Rusne Augustinaite(Georgia Tech),5254267,560902,560771,2024-03-22,Georgia Tech Yellow Jackets,560771,Georgia Tech
6.157000179290768,21.29500007629395,255,TRUE,111865357,'1st 03:20 : 2pt layup (under the basket) made by Tonie Morgan(Georgia Tech) 5-13',5254267,560902,560771,2024-03-22,Georgia Tech Yellow Jackets,560771,Georgia Tech
7.773796844482419,8.704999923706048,430,FALSE,111865441,'1st 02:59 : 2pt jump shot (inside right) missed by Mjracle Sheppard(Mississippi St.),5254267,560902,560771,2024-03-22,Mississippi St. Bulldogs,560902,Mississippi St.
6.157002868652327,9.27000045776365,430,TRUE,111865497,'1st 02:54 : 2pt jump shot (2nd chance) (inside right) made by Jasmine Brown-Hagger(Mississippi St.),5254267,560902,560771,2024-03-22,Mississippi St. Bulldogs,560902,Mississippi St.
6.749199838638304,10.310001373291,255,FALSE,111865538,'1st 02:32 : 2pt jump shot (inside right) missed by Kara Dunn(Georgia Tech),5254267,560902,560771,2024-03-22,Georgia Tech Yellow Jackets,560771,Georgia Tech
6.44840057373051,21.3799991607666,255,FALSE,111876491,'4th 08:38 : 2pt jump shot (under the basket) missed by Kayla Blackshear(Georgia Tech),5254267,560902,560771,2024-03-22,Georgia Tech Yellow Jackets,560771,Georgia Tech
8.507000179290769,29.60499954223635,430,TRUE,111876496,'4th 08:25 : 2pt jump shot (in the paint) made by Darrione Rogers(Mississippi St.) 39-65',5254267,560902,560771,2024-03-22,Mississippi St. Bulldogs,560902,Mississippi St.
21.554200286865253,7.0699996948242,430,TRUE,111876436,'4th 09:17 : 3pt jump shot (outside right) made by Darrione Rogers(Mississippi St.),5254267,560902,560771,2024-03-22,Mississippi St. Bulldogs,560902,Mississippi St.
28.15299713134766,40.39500045776365,255,TRUE,111876448,'4th 09:02 : 3pt jump shot (outside left) made by Kara Dunn(Georgia Tech),5254267,560902,560771,2024-03-22,Georgia Tech Yellow Jackets,560771,Georgia Tech
14.222200107574446,46.9300000667572,430,FALSE,111876475,'4th 08:50 : 3pt jump shot (outside left) missed by Debreasha Powe(Mississippi St.),5254267,560902,560771,2024-03-22,Mississippi St. Bulldogs,560902,Mississippi St.
7.181599874496465,23.27000045776365,255,TRUE,111870303,'2nd 03:28 : 2pt layup (under the basket) made by Kayla Blackshear(Georgia Tech),5254267,560902,560771,2024-03-22,Georgia Tech Yellow Jackets,560771,Georgia Tech
31.23620315551758,28.2800006866455,430,FALSE,111870399,'2nd 03:03 : 3pt jump shot (outside center) missed by Debreasha Powe(Mississippi St.),5254267,560902,560771,2024-03-22,Mississippi St. Bulldogs,560902,Mississippi St.
20.68,25.23999977111815,255,FALSE,111870497,'2nd 02:43 : 2pt jump shot (inside center) missed by Kayla Blackshear(Georgia Tech),5254267,560902,560771,2024-03-22,Georgia Tech Yellow Jackets,560771,Georgia Tech
8.356599426269497,21.52000045776365,430,FALSE,111870540,'2nd 02:20 : 2pt layup (in the paint) missed by Debreasha Powe(Mississippi St.),5254267,560902,560771,2024-03-22,Mississippi St. Bulldogs,560902,Mississippi St.
8.507002868652322,2.6500000953674316,430,TRUE,111870694,'2nd 02:01 : 3pt jump shot (2nd chance) (outside right) made by Jasmine Brown-Hagger(Mississippi St.) 15-33',5254267,560902,560771,2024-03-22,Mississippi St. Bulldogs,560902,Mississippi St.
5.86559978485107,28.47999954223635,255,FALSE,111866468,'1st 00:23.40 : 2pt jump shot (under the basket) missed by D&#39;Asia Thomas-Harris(Georgia Tech),5254267,560902,560771,2024-03-22,Georgia Tech Yellow Jackets,560771,Georgia Tech
17.747199211120606,13.8300018310547,255,FALSE,111870717,'2nd 01:47 : 2pt jump shot (inside right) missed by Kara Dunn(Georgia Tech),5254267,560902,560771,2024-03-22,Georgia Tech Yellow Jackets,560771,Georgia Tech
7.482400035858152,34.8149995803833,255,FALSE,111870752,'2nd 01:42 : 2pt jump shot (2nd chance) (inside left) missed by Rusne Augustinaite(Georgia Tech),5254267,560902,560771,2024-03-22,Georgia Tech Yellow Jackets,560771,Georgia Tech
29.03659942626949,31.6599998474121,430,FALSE,111870793,'2nd 01:29 : 3pt jump shot (outside center) missed by Jasmine Brown-Hagger(Mississippi St.),5254267,560902,560771,2024-03-22,Mississippi St. Bulldogs,560902,Mississippi St.
5.640000000000001,25,430,TRUE,111870827,'2nd 01:25 : 2pt layup (2nd chance) (under the basket) made by Jessika Carter(Mississippi St.) 15-35',5254267,560902,560771,2024-03-22,Mississippi St. Bulldogs,560902,Mississippi St.
19.354600143432627,24.95999908447265,255,FALSE,111866648,'1st 00:00.20 : 2pt jump shot (off turnover) (in the paint) missed by Kayla Blackshear(Georgia Tech),5254267,560902,560771,2024-03-22,Georgia Tech Yellow Jackets,560771,Georgia Tech
30.94479827880858,21.4349994659424,255,FALSE,111867310,'2nd 09:52 : 3pt jump shot (outside center) missed by Kara Dunn(Georgia Tech),5254267,560902,560771,2024-03-22,Georgia Tech Yellow Jackets,560771,Georgia Tech
8.065201721191428,11.23999977111815,430,FALSE,111867419,'2nd 09:18 : 2pt jump shot (inside right) missed by Jerkaila Jordan(Mississippi St.),5254267,560902,560771,2024-03-22,Mississippi St. Bulldogs,560902,Mississippi St.
28.15299713134766,15.88500022888185,430,FALSE,111867421,'2nd 09:13 : 3pt jump shot (2nd chance) (outside right) missed by Darrione Rogers(Mississippi St.),5254267,560902,560771,2024-03-22,Mississippi St. Bulldogs,560902,Mississippi St.
6.448400125503536,27.35000038146975,255,TRUE,111868799,'2nd 05:46 : 2pt layup (under the basket) made by Tonie Morgan(Georgia Tech) 11-25',5254267,560902,560771,2024-03-22,Georgia Tech Yellow Jackets,560771,Georgia Tech
16.42180114746091,2.6500000953674316,430,FALSE,111868917,'2nd 05:28 : 3pt jump shot (outside right) missed by Debreasha Powe(Mississippi St.),5254267,560902,560771,2024-03-22,Mississippi St. Bulldogs,560902,Mississippi St.
17.01400035858152,29.4650001525879,255,TRUE,111868919,'2nd 05:21 : 2pt jump shot (fast break) (in the paint) made by Tonie Morgan(Georgia Tech),5254267,560902,560771,2024-03-22,Georgia Tech Yellow Jackets,560771,Georgia Tech
28.15300071716313,32.8449993133545,255,FALSE,111867666,'2nd 08:53 : 3pt jump shot (outside center) missed by Kayla Blackshear(Georgia Tech),5254267,560902,560771,2024-03-22,Georgia Tech Yellow Jackets,560771,Georgia Tech
10.706600322723432,2,255,FALSE,111868087,'2nd 08:08 : 3pt jump shot (outside right) missed by Sydney Johnson(Georgia Tech),5254267,560902,560771,2024-03-22,Georgia Tech Yellow Jackets,560771,Georgia Tech
21.845599784851107,43.55000019073485,255,FALSE,111868099,'2nd 07:52 : 3pt jump shot (2nd chance) (outside left) missed by Tonie Morgan(Georgia Tech),5254267,560902,560771,2024-03-22,Georgia Tech Yellow Jackets,560771,Georgia Tech
6.890199928283687,27.91500091552735,255,FALSE,111869127,'2nd 04:52 : 2pt layup (off turnover) (under the basket) missed by Tonie Morgan(Georgia Tech),5254267,560902,560771,2024-03-22,Georgia Tech Yellow Jackets,560771,Georgia Tech
22.72920028686525,7.574999809265151,430,TRUE,111869158,'2nd 04:43 : 3pt jump shot (outside right) made by Darrione Rogers(Mississippi St.),5254267,560902,560771,2024-03-22,Mississippi St. Bulldogs,560902,Mississippi St.
11.148400573730498,24.47999954223635,430,FALSE,111868163,'2nd 07:42 : 2pt jump shot (in the paint) missed by Lauren Park-Lane(Mississippi St.),5254267,560902,560771,2024-03-22,Mississippi St. Bulldogs,560902,Mississippi St.
7.181599874496465,23.6900005340576,255,TRUE,111868180,'2nd 07:36 : 2pt layup (fast break) (under the basket) made by Kara Dunn(Georgia Tech) 9-22',5254267,560902,560771,2024-03-22,Georgia Tech Yellow Jackets,560771,Georgia Tech
6.598796844482422,29.54999923706055,430,FALSE,111868395,'2nd 07:09 : 2pt jump shot (in the paint) missed by Erynn Barnum(Mississippi St.),5254267,560902,560771,2024-03-22,Mississippi St. Bulldogs,560902,Mississippi St.
13.047200107574447,24.8150005340576,255,FALSE,111868471,'2nd 06:51 : 2pt jump shot (in the paint) missed by Kayla Blackshear(Georgia Tech),5254267,560902,560771,2024-03-22,Georgia Tech Yellow Jackets,560771,Georgia Tech
20.971397705078076,24.89999961853025,430,FALSE,111868567,'2nd 06:29 : 2pt jump shot (inside center) missed by Jerkaila Jordan(Mississippi St.),5254267,560902,560771,2024-03-22,Mississippi St. Bulldogs,560902,Mississippi St.
24.787800788879395,38.76000022888185,255,FALSE,111868569,'2nd 06:21 : 3pt jump shot (outside left) missed by Kara Dunn(Georgia Tech),5254267,560902,560771,2024-03-22,Georgia Tech Yellow Jackets,560771,Georgia Tech
16.130403442382843,3.3499999046325684,430,TRUE,111868742,'2nd 06:11 : 3pt jump shot (outside right) made by Darrione Rogers(Mississippi St.),5254267,560902,560771,2024-03-22,Mississippi St. Bulldogs,560902,Mississippi St.
23.020597991943333,35.8849983215332,430,TRUE,111870234,'2nd 03:51 : 2pt jump shot (off turnover) (inside left) made by Darrione Rogers(Mississippi St.) 13-30',5254267,560902,560771,2024-03-22,Mississippi St. Bulldogs,560902,Mississippi St.
5.71520172119142,19.9699993133545,255,FALSE,111876674,'4th 07:21 : 2pt jump shot (in the paint) missed by Tonie Morgan(Georgia Tech),5254267,560902,560771,2024-03-22,Georgia Tech Yellow Jackets,560771,Georgia Tech
20.680000000000007,43.20999908447265,706,TRUE,111869320,'2nd 06:47 : 3pt jump shot (off turnover) (outside left) made by Jordyn Jenkins(UTSA),5254408,561159,560977,2024-03-22,UTSA Roadrunners,561159,UTSA
7.914798278808576,47.435001373291,706,TRUE,111871424,'2nd 00:37.40 : 3pt jump shot (outside left) made by Sidney Love(UTSA),5254408,561159,560977,2024-03-22,UTSA Roadrunners,561159,UTSA
20.529600143432628,15.0999984741211,502,TRUE,111871510,'2nd 00:11.90 : 2pt pull up jump shot (inside right) made by Hannah Simental(Northern Colo.),5254408,561159,560977,2024-03-22,Northern Colo. Bears,560977,Northern Colo.
21.704596557617165,22.64999961853025,706,FALSE,111871572,'2nd 00:01.00 : 2pt jump shot (inside center) missed by Sidney Love(UTSA),5254408,561159,560977,2024-03-22,UTSA Roadrunners,561159,UTSA
8.21559978485107,47.63499999046326,502,TRUE,111871048,'2nd 02:00 : 3pt jump shot (outside left) made by Hannah Simental(Northern Colo.),5254408,561159,560977,2024-03-22,Northern Colo. Bears,560977,Northern Colo.
6.598796844482422,47.72000122070315,706,FALSE,111871094,'2nd 01:43 : 3pt jump shot (outside left wing) missed by Aysia Proctor(UTSA),5254408,561159,560977,2024-03-22,UTSA Roadrunners,561159,UTSA
5.640000000000001,25,706,FALSE,111871134,'2nd 01:37 : 2pt layup (2nd chance) (under the basket) missed by Elyssa Coleman(UTSA),5254408,561159,560977,2024-03-22,UTSA Roadrunners,561159,UTSA
7.914798278808576,22.08499908447265,706,FALSE,111871136,'2nd 01:35 : 2pt layup (2nd chance) (under the basket) missed by Elyssa Coleman(UTSA),5254408,561159,560977,2024-03-22,UTSA Roadrunners,561159,UTSA
21.41320064544677,28.3400001525879,502,FALSE,111871335,'2nd 01:03 : 2pt turnaround jump shot (inside center) missed by Hannah Simental(Northern Colo.),5254408,561159,560977,2024-03-22,Northern Colo. Bears,560977,Northern Colo.
20.680000000000007,6.309999942779548,502,TRUE,111876170,'3rd 01:12 : 3pt jump shot (2nd chance) (outside right) made by Hannah Simental(Northern Colo.),5254408,561159,560977,2024-03-22,Northern Colo. Bears,560977,Northern Colo.
7.04059978485107,20.72999954223635,706,TRUE,111876194,'3rd 00:52.10 : 2pt driving layup (in the paint) made by Kyra White(UTSA) 53-58',5254408,561159,560977,2024-03-22,UTSA Roadrunners,561159,UTSA
7.77380043029785,22.13999938964845,502,TRUE,111869502,'2nd 06:20 : 2pt layup (under the basket) made by Tatum West(Northern Colo.),5254408,561159,560977,2024-03-22,Northern Colo. Bears,560977,Northern Colo.
12.313998565673828,31.6599998474121,706,TRUE,111869656,'2nd 05:54 : 2pt floating jump shot (inside left) made by Kyra White(UTSA) 28-30',5254408,561159,560977,2024-03-22,UTSA Roadrunners,561159,UTSA
7.914800071716313,20.45000076293945,502,FALSE,111869746,'2nd 05:39 : 2pt layup (in the paint) missed by Aniah Hall(Northern Colo.),5254408,561159,560977,2024-03-22,Northern Colo. Bears,560977,Northern Colo.
5.64,25,502,FALSE,111869749,'2nd 05:35 : 2pt layup (2nd chance;blocked) (under the basket) missed by Aniah Hall(Northern Colo.),5254408,561159,560977,2024-03-22,Northern Colo. Bears,560977,Northern Colo.
5.64,25,502,FALSE,111869768,'2nd 05:33 : 2pt layup (2nd chance) (under the basket) missed by Aniah Hall(Northern Colo.),5254408,561159,560977,2024-03-22,Northern Colo. Bears,560977,Northern Colo.
6.44840057373051,22.79000091552735,502,TRUE,111874222,'3rd 07:48 : 2pt layup (2nd chance) (under the basket) made by Hannah Simental(Northern Colo.),5254408,561159,560977,2024-03-22,Northern Colo. Bears,560977,Northern Colo.
15.838998565673833,9.125,502,FALSE,111874835,'3rd 06:28 : 2pt floating jump shot (inside right) missed by Gabi Fields(Northern Colo.),5254408,561159,560977,2024-03-22,Northern Colo. Bears,560977,Northern Colo.
7.623400573730507,2.505000114440918,502,FALSE,111874871,'3rd 06:11 : 3pt step back jump shot (2nd chance) (outside right) missed by Hannah Simental(Northern Colo.),5254408,561159,560977,2024-03-22,Northern Colo. Bears,560977,Northern Colo.
28.45380043029788,16.3650016784668,706,FALSE,111874901,'3rd 06:01 : 3pt jump shot (outside right) missed by Jordyn Jenkins(UTSA),5254408,561159,560977,2024-03-22,UTSA Roadrunners,561159,UTSA
24.637399139404337,38.564998626709,706,FALSE,111869889,'2nd 05:19 : 3pt jump shot (outside left) missed by Kyra White(UTSA),5254408,561159,560977,2024-03-22,UTSA Roadrunners,561159,UTSA
29.18700286865233,26.0300006866455,706,FALSE,111870031,'2nd 04:49 : 3pt jump shot (off turnover) (outside center) missed by Sidney Love(UTSA),5254408,561159,560977,2024-03-22,UTSA Roadrunners,561159,UTSA
17.44639770507807,24.6200008392334,706,TRUE,111870057,'2nd 04:44 : 2pt pull up jump shot (2nd chance;off turnover) (in the paint) made by Aysia Proctor(UTSA) 28-32',5254408,561159,560977,2024-03-22,UTSA Roadrunners,561159,UTSA
30.061199569702122,17.7750015258789,502,FALSE,111870132,'2nd 04:29 : 3pt jump shot (outside center) missed by Delaynie Byrne(Northern Colo.),5254408,561159,560977,2024-03-22,Northern Colo. Bears,560977,Northern Colo.
23.75380043029788,25.6599998474121,502,TRUE,111870202,'2nd 04:06 : 2pt jump shot (2nd chance) (inside center) made by Avery Bang(Northern Colo.),5254408,561159,560977,2024-03-22,Northern Colo. Bears,560977,Northern Colo.
18.038602294921816,27.29500007629395,706,TRUE,111870306,'2nd 03:40 : 2pt turnaround jump shot (in the paint) made by Jordyn Jenkins(UTSA) 30-34',5254408,561159,560977,2024-03-22,UTSA Roadrunners,561159,UTSA
21.55420028686524,27.57500076293945,706,FALSE,111870854,'2nd 03:04 : 2pt turnaround jump shot (off turnover) (inside center) missed by Kyra White(UTSA),5254408,561159,560977,2024-03-22,UTSA Roadrunners,561159,UTSA
5.640000000000001,25,706,FALSE,111870874,'2nd 03:00 : 2pt layup (2nd chance;off turnover;blocked) (under the basket) missed by Idara Udo(UTSA),5254408,561159,560977,2024-03-22,UTSA Roadrunners,561159,UTSA
18.17959655761716,44.61999893188475,706,TRUE,111870919,'2nd 02:49 : 3pt jump shot (2nd chance;off turnover) (outside left) made by Sidney Love(UTSA),5254408,561159,560977,2024-03-22,UTSA Roadrunners,561159,UTSA
17.446399497985855,45.80499982833862,502,FALSE,111870949,'2nd 02:36 : 3pt jump shot (outside left) missed by Delaynie Byrne(Northern Colo.),5254408,561159,560977,2024-03-22,Northern Colo. Bears,560977,Northern Colo.
6.44840057373051,22.79000091552735,706,FALSE,111870966,'2nd 02:27 : 2pt layup (under the basket) missed by Idara Udo(UTSA),5254408,561159,560977,2024-03-22,UTSA Roadrunners,561159,UTSA
24.571599426269493,25.89500045776365,706,TRUE,111873770,'3rd 09:40 : 2pt jump shot (inside center) made by Elyssa Coleman(UTSA) 38-42',5254408,561159,560977,2024-03-22,UTSA Roadrunners,561159,UTSA
7.914798278808576,21.3799991607666,502,TRUE,111873864,'3rd 09:22 : 2pt driving layup (in the paint) made by Gabi Fields(Northern Colo.) 37-42',5254408,561159,560977,2024-03-22,Northern Colo. Bears,560977,Northern Colo.
17.305399856567373,17.20999908447265,706,FALSE,111873988,'3rd 08:54 : 2pt pull up jump shot (inside right) missed by Sidney Love(UTSA),5254408,561159,560977,2024-03-22,UTSA Roadrunners,561159,UTSA
8.356600322723386,21.4349994659424,706,TRUE,111874089,'3rd 08:28 : 2pt layup (off turnover) (in the paint) made by Jordyn Jenkins(UTSA),5254408,561159,560977,2024-03-22,UTSA Roadrunners,561159,UTSA
7.332002868652324,23.63500022888185,502,TRUE,111874106,'3rd 08:17 : 2pt layup (under the basket) made by Aniah Hall(Northern Colo.),5254408,561159,560977,2024-03-22,Northern Colo. Bears,560977,Northern Colo.
29.18699928283687,26.79000091552735,706,FALSE,111874132,'3rd 08:08 : 3pt jump shot (outside center) missed by Elyssa Coleman(UTSA),5254408,561159,560977,2024-03-22,UTSA Roadrunners,561159,UTSA
8.21559799194334,22.79000091552735,502,FALSE,111874172,'3rd 07:54 : 2pt layup (blocked) (under the basket) missed by Tatum West(Northern Colo.),5254408,561159,560977,2024-03-22,Northern Colo. Bears,560977,Northern Colo.
6.0160000896453845,2.564998626709,706,TRUE,111874279,'3rd 07:24 : 3pt jump shot (outside right wing) made by Jordyn Jenkins(UTSA),5254408,561159,560977,2024-03-22,UTSA Roadrunners,561159,UTSA
23.46239913940434,35.60499954223635,502,FALSE,111874317,'3rd 07:09 : 2pt pull up jump shot (inside left) missed by Delaynie Byrne(Northern Colo.),5254408,561159,560977,2024-03-22,Northern Colo. Bears,560977,Northern Colo.
7.914800071716313,29.04000091552735,706,TRUE,111874360,'3rd 06:59 : 2pt layup (in the paint) made by Jordyn Jenkins(UTSA) 42-49',5254408,561159,560977,2024-03-22,UTSA Roadrunners,561159,UTSA
9.822997131347677,22.64999961853025,502,TRUE,111875075,'3rd 05:32 : 2pt driving layup (in the paint) made by Delaynie Byrne(Northern Colo.),5254408,561159,560977,2024-03-22,Northern Colo. Bears,560977,Northern Colo.
6.749199838638304,27.35000038146975,706,TRUE,111875130,'3rd 05:01 : 2pt driving layup (under the basket) made by Hailey Atwood(UTSA) 44-51',5254408,561159,560977,2024-03-22,UTSA Roadrunners,561159,UTSA
6.016001434326171,20.39500045776365,502,FALSE,111875161,'3rd 04:46 : 2pt layup (in the paint) missed by Aniah Hall(Northern Colo.),5254408,561159,560977,2024-03-22,Northern Colo. Bears,560977,Northern Colo.
4.549596557617164,23.4950008392334,706,FALSE,111869071,'2nd 07:15 : 2pt layup (under the basket) missed by Jordyn Jenkins(UTSA),5254408,561159,560977,2024-03-22,UTSA Roadrunners,561159,UTSA
19.64599964141848,13.4099998474121,706,FALSE,111875574,'3rd 04:28 : 2pt jump shot (off turnover) (inside right) missed by Cheyenne Rowe(UTSA),5254408,561159,560977,2024-03-22,UTSA Roadrunners,561159,UTSA
8.356600322723386,26.79000091552735,706,TRUE,111875629,'3rd 04:20 : 2pt layup (off turnover) (under the basket) made by Kyra White(UTSA),5254408,561159,560977,2024-03-22,UTSA Roadrunners,561159,UTSA
11.289402008056655,27.7199993133545,502,TRUE,111875695,'3rd 04:04 : 2pt layup (in the paint) made by Tatum West(Northern Colo.),5254408,561159,560977,2024-03-22,Northern Colo. Bears,560977,Northern Colo.
9.531600322723431,28.47999954223635,706,FALSE,111875727,'3rd 03:46 : 2pt layup (in the paint) missed by Nissa Sam-Grant(UTSA),5254408,561159,560977,2024-03-22,UTSA Roadrunners,561159,UTSA
24.787802581787076,8,502,TRUE,111875741,'3rd 03:37 : 3pt jump shot (outside right) made by Delaynie Byrne(Northern Colo.),5254408,561159,560977,2024-03-22,Northern Colo. Bears,560977,Northern Colo.
25.370599784851105,11.01499938964845,706,FALSE,111875787,'3rd 03:15 : 3pt jump shot (outside right) missed by Kyra White(UTSA),5254408,561159,560977,2024-03-22,UTSA Roadrunners,561159,UTSA
9.381203155517582,21.52000045776365,502,FALSE,111875809,'3rd 03:03 : 2pt driving layup (in the paint) missed by Delaynie Byrne(Northern Colo.),5254408,561159,560977,2024-03-22,Northern Colo. Bears,560977,Northern Colo.
21.996001434326175,42.3650016784668,502,FALSE,111875903,'3rd 02:24 : 3pt jump shot (off turnover) (outside left) missed by Delaynie Byrne(Northern Colo.),5254408,561159,560977,2024-03-22,Northern Colo. Bears,560977,Northern Colo.
29.328000717163132,21.1550006866455,706,TRUE,111875919,'3rd 02:03 : 3pt jump shot (outside center) made by Aysia Proctor(UTSA),5254408,561159,560977,2024-03-22,UTSA Roadrunners,561159,UTSA
10.114402008056658,22.5049991607666,502,FALSE,111876205,'3rd 00:39.70 : 2pt driving layup (in the paint) missed by Gabi Fields(Northern Colo.),5254408,561159,560977,2024-03-22,Northern Colo. Bears,560977,Northern Colo.
8.065199928283686,27.35000038146975,706,TRUE,111876258,'3rd 00:12.50 : 2pt turnaround jump shot (under the basket) made by Jordyn Jenkins(UTSA) 53-60',5254408,561159,560977,2024-03-22,UTSA Roadrunners,561159,UTSA
9.089798278808573,24.89999961853025,502,TRUE,111876286,'3rd 00:02.30 : 2pt layup (under the basket) made by Aniah Hall(Northern Colo.),5254408,561159,560977,2024-03-22,Northern Colo. Bears,560977,Northern Colo.
6.0160000896453845,28.47999954223635,502,TRUE,111865148,'1st 04:31 : 2pt layup (under the basket) made by Avery Bang(Northern Colo.) 11-10',5254408,561159,560977,2024-03-22,Northern Colo. Bears,560977,Northern Colo.
26.103796844482417,40.95999908447265,706,TRUE,111865206,'1st 04:18 : 3pt jump shot (outside left) made by Aysia Proctor(UTSA) 11-13',5254408,561159,560977,2024-03-22,UTSA Roadrunners,561159,UTSA
27.278800430297878,15.52000045776365,502,TRUE,111865254,'1st 04:02 : 3pt pull up jump shot (outside right) made by Hannah Simental(Northern Colo.),5254408,561159,560977,2024-03-22,Northern Colo. Bears,560977,Northern Colo.
25.812399139404334,11.805000305175803,706,FALSE,111865344,'1st 03:33 : 3pt jump shot (outside right) missed by Kyra White(UTSA),5254408,561159,560977,2024-03-22,UTSA Roadrunners,561159,UTSA
29.76980007171626,17.49499893188475,502,TRUE,111865500,'1st 03:16 : 3pt jump shot (outside center) made by Delaynie Byrne(Northern Colo.),5254408,561159,560977,2024-03-22,Northern Colo. Bears,560977,Northern Colo.
13.639400215148891,46.78999996185303,502,TRUE,111865700,'1st 02:35 : 3pt jump shot (off turnover) (outside left) made by Hannah Simental(Northern Colo.),5254408,561159,560977,2024-03-22,Northern Colo. Bears,560977,Northern Colo.
8.948796844482416,22.36499977111815,706,TRUE,111866649,'1st 01:01 : 2pt layup (off turnover) (in the paint) made by Jordyn Jenkins(UTSA),5254408,561159,560977,2024-03-22,UTSA Roadrunners,561159,UTSA
8.948800430297851,21.86000061035155,502,FALSE,111867723,'2nd 09:51 : 2pt (in the paint) missed by Northern Colo. 23-19',5254408,561159,560977,2024-03-22,Northern Colo. Bears,560977,Northern Colo.
8.948796844482416,21.52000045776365,706,TRUE,111867913,'2nd 09:35 : 2pt layup (in the paint) made by Jordyn Jenkins(UTSA),5254408,561159,560977,2024-03-22,UTSA Roadrunners,561159,UTSA
23.31200286865233,9.125,706,FALSE,111868182,'2nd 09:02 : 3pt jump shot (outside right) missed by Siena Guttadauro(UTSA),5254408,561159,560977,2024-03-22,UTSA Roadrunners,561159,UTSA
27.419800071716264,10.310001373291,502,FALSE,111863176,'1st 08:07 : 3pt jump shot (2nd chance;off turnover) (outside right) missed by Gabi Fields(Northern Colo.),5254408,561159,560977,2024-03-22,Northern Colo. Bears,560977,Northern Colo.
10.415199928283734,47.63499999046326,502,FALSE,111863196,'1st 07:59 : 3pt jump shot (2nd chance;off turnover) (outside left) missed by Delaynie Byrne(Northern Colo.),5254408,561159,560977,2024-03-22,Northern Colo. Bears,560977,Northern Colo.
23.46239913940434,42.3650016784668,706,TRUE,111863317,'1st 07:33 : 3pt jump shot (outside left) made by Hailey Atwood(UTSA),5254408,561159,560977,2024-03-22,UTSA Roadrunners,561159,UTSA
7.77380043029785,22.2800006866455,502,TRUE,111863398,'1st 07:18 : 2pt layup (under the basket) made by Tatum West(Northern Colo.),5254408,561159,560977,2024-03-22,Northern Colo. Bears,560977,Northern Colo.
9.089798278808573,29.125,706,FALSE,111868531,'2nd 08:31 : 2pt driving layup (off turnover) (in the paint) missed by Jordyn Jenkins(UTSA),5254408,561159,560977,2024-03-22,UTSA Roadrunners,561159,UTSA
27.278800430297878,13.54999923706055,502,FALSE,111868621,'2nd 08:11 : 3pt jump shot (blocked) (outside right) missed by Lilah Moore(Northern Colo.),5254408,561159,560977,2024-03-22,Northern Colo. Bears,560977,Northern Colo.
24.19559799194333,12.085000038146951,706,TRUE,111868667,'2nd 08:04 : 3pt pull up jump shot (fast break) (outside right) made by Kyra White(UTSA),5254408,561159,560977,2024-03-22,UTSA Roadrunners,561159,UTSA
7.332000179290768,27.77499961853025,502,FALSE,111868746,'2nd 07:43 : 2pt layup (blocked) (under the basket) missed by Aniah Hall(Northern Colo.),5254408,561159,560977,2024-03-22,Northern Colo. Bears,560977,Northern Colo.
7.623399677276614,29.88500022888185,502,FALSE,111868869,'2nd 07:30 : 2pt floating jump shot (2nd chance) (in the paint) missed by Hannah Simental(Northern Colo.),5254408,561159,560977,2024-03-22,Northern Colo. Bears,560977,Northern Colo.
8.356600322723386,21.29500007629395,502,FALSE,111863444,'1st 07:04 : 2pt layup (off turnover;blocked) (in the paint) missed by Tatum West(Northern Colo.),5254408,561159,560977,2024-03-22,Northern Colo. Bears,560977,Northern Colo.
8.64799713134768,30.67499923706055,706,FALSE,111863599,'1st 06:40 : 2pt layup (in the paint) missed by Elyssa Coleman(UTSA),5254408,561159,560977,2024-03-22,UTSA Roadrunners,561159,UTSA
26.254200286865252,26.79000091552735,502,TRUE,111863659,'1st 06:18 : 2pt jump shot (inside center) made by Gabi Fields(Northern Colo.),5254408,561159,560977,2024-03-22,Northern Colo. Bears,560977,Northern Colo.
9.822997131347677,28.13999938964845,706,FALSE,111863746,'1st 05:55 : 2pt layup (in the paint) missed by Elyssa Coleman(UTSA),5254408,561159,560977,2024-03-22,UTSA Roadrunners,561159,UTSA
6.890199928283687,22.13999938964845,502,TRUE,111863817,'1st 05:37 : 2pt layup (under the basket) made by Aniah Hall(Northern Colo.),5254408,561159,560977,2024-03-22,Northern Colo. Bears,560977,Northern Colo.
8.64799713134768,23.20999908447265,706,TRUE,111863840,'1st 05:29 : 2pt driving layup (fast break) (under the basket) made by Jordyn Jenkins(UTSA),5254408,561159,560977,2024-03-22,UTSA Roadrunners,561159,UTSA
19.946801147460917,19.27000045776365,706,FALSE,111864144,'1st 05:14 : 2pt pull up jump shot (2nd chance) (in the paint) missed by Kyra White(UTSA),5254408,561159,560977,2024-03-22,UTSA Roadrunners,561159,UTSA
7.77380043029785,46.50500011444092,502,FALSE,111864146,'1st 05:06 : 3pt jump shot (outside left) missed by Gabi Fields(Northern Colo.),5254408,561159,560977,2024-03-22,Northern Colo. Bears,560977,Northern Colo.
11.881599426269489,26.0300006866455,706,TRUE,111864516,'1st 04:53 : 2pt driving layup (in the paint) made by Aysia Proctor(UTSA) 9-9',5254408,561159,560977,2024-03-22,UTSA Roadrunners,561159,UTSA
24.787802581787076,8.140000343322747,706,FALSE,111866860,'1st 00:23.00 : 3pt jump shot (off turnover;blocked) (outside right) missed by Siena Guttadauro(UTSA),5254408,561159,560977,2024-03-22,UTSA Roadrunners,561159,UTSA
5.640000000000001,25,706,TRUE,111866876,'1st 00:16.10 : 2pt layup (2nd chance;off turnover) (under the basket) made by Cheyenne Rowe(UTSA) 22-19',5254408,561159,560977,2024-03-22,UTSA Roadrunners,561159,UTSA
13.930799713134748,17.7750015258789,502,FALSE,111866937,'1st 00:03.90 : 2pt pull up jump shot (inside right) missed by Gabi Fields(Northern Colo.),5254408,561159,560977,2024-03-22,Northern Colo. Bears,560977,Northern Colo.
21.11239913940434,31.7199993133545,502,FALSE,111862409,'1st 09:45 : 2pt pull up jump shot (inside left) missed by Hannah Simental(Northern Colo.),5254408,561159,560977,2024-03-22,Northern Colo. Bears,560977,Northern Colo.
7.914798278808576,21.9449996948242,706,TRUE,111862495,'1st 09:35 : 2pt layup (under the basket) made by Jordyn Jenkins(UTSA),5254408,561159,560977,2024-03-22,UTSA Roadrunners,561159,UTSA
21.554200286865253,43.4099998474121,502,TRUE,111862550,'1st 09:25 : 3pt jump shot (outside left) made by Delaynie Byrne(Northern Colo.),5254408,561159,560977,2024-03-22,Northern Colo. Bears,560977,Northern Colo.
9.682002868652319,33.91500091552735,706,FALSE,111862645,'1st 09:02 : 2pt floating jump shot (inside left) missed by Kyra White(UTSA),5254408,561159,560977,2024-03-22,UTSA Roadrunners,561159,UTSA
8.798399677276615,28.89999961853025,502,FALSE,111862671,'1st 08:47 : 2pt driving layup (blocked) (in the paint) missed by Hannah Simental(Northern Colo.),5254408,561159,560977,2024-03-22,Northern Colo. Bears,560977,Northern Colo.
29.619400215148893,11.15499877929685,502,FALSE,111862805,'1st 08:33 : 3pt step back jump shot (2nd chance;blocked) (outside right) missed by Delaynie Byrne(Northern Colo.),5254408,561159,560977,2024-03-22,Northern Colo. Bears,560977,Northern Colo.
7.482399139404336,22.79000091552735,502,FALSE,111876567,'4th 09:50 : 2pt layup (under the basket) missed by Aniah Hall(Northern Colo.),5254408,561159,560977,2024-03-22,Northern Colo. Bears,560977,Northern Colo.
6.598799982070919,38.0550003051758,706,FALSE,111876622,'4th 09:30 : 2pt jump shot (inside left) missed by Hailey Atwood(UTSA),5254408,561159,560977,2024-03-22,UTSA Roadrunners,561159,UTSA
24.195599784851105,27.91500091552735,706,FALSE,111876626,'4th 09:21 : 2pt jump shot (2nd chance) (inside center) missed by Hailey Atwood(UTSA),5254408,561159,560977,2024-03-22,UTSA Roadrunners,561159,UTSA
7.181599874496465,21.86000061035155,706,TRUE,111876672,'4th 09:08 : 2pt driving layup (off turnover;fast break) (under the basket) made by Hailey Atwood(UTSA) 55-62',5254408,561159,560977,2024-03-22,UTSA Roadrunners,561159,UTSA
5.574200286865249,21.52000045776365,502,TRUE,111876698,'4th 08:47 : 2pt layup (under the basket) made by Aniah Hall(Northern Colo.),5254408,561159,560977,2024-03-22,Northern Colo. Bears,560977,Northern Colo.
26.836999282836867,10.5900001525879,706,FALSE,111876769,'4th 08:19 : 3pt jump shot (outside right) missed by Kyra White(UTSA),5254408,561159,560977,2024-03-22,UTSA Roadrunners,561159,UTSA
25.370597991943328,27.4349994659424,502,FALSE,111876811,'4th 07:52 : 2pt jump shot (inside center) missed by Aniah Hall(Northern Colo.) 57-62',5254408,561159,560977,2024-03-22,Northern Colo. Bears,560977,Northern Colo.
31.81899856567383,27.32500076293945,527,FALSE,111876796,'3rd 09:45 : 3pt jump shot (outside center) missed by Emily Robinson(ORU),5254446,561003,560778,2024-03-22,Oral Roberts Golden Eagles,561003,Oral Roberts
10.706599426269491,47.185001373291,261,FALSE,111870729,'1st 05:29 : 3pt jump shot (2nd chance) (outside left) missed by Jazmyne Jackson(GSU),5254446,561003,560778,2024-03-22,Grambling Lady Tigers,560778,Grambling
19.965599784851108,44.56500005722045,527,FALSE,111870755,'1st 05:17 : 3pt jump shot (outside left) missed by Taleyah Jones(ORU) 13-13',5254446,561003,560778,2024-03-22,Oral Roberts Golden Eagles,561003,Oral Roberts
8.21559978485107,20.70499992370605,527,TRUE,111870782,'1st 05:13 : 2pt layup (2nd chance) (in the paint) made by Ruthie Udoumoh(ORU) 11-11',5254446,561003,560778,2024-03-22,Oral Roberts Golden Eagles,561003,Oral Roberts
19.796397705078064,32.95999908447265,261,FALSE,111872020,'1st 01:42 : 2pt jump shot (off turnover) (inside left) missed by Zayla Tinner(GSU),5254446,561003,560778,2024-03-22,Grambling Lady Tigers,560778,Grambling
11.73119956970212,16.7599983215332,527,FALSE,111872025,'1st 01:29 : 2pt turnaround jump shot (inside right) missed by Taleyah Jones(ORU),5254446,561003,560778,2024-03-22,Oral Roberts Golden Eagles,561003,Oral Roberts
11.881600322723433,48.875,527,TRUE,111873258,'2nd 08:11 : 3pt jump shot (outside left) made by Makyra Tramble(ORU),5254446,561003,560778,2024-03-22,Oral Roberts Golden Eagles,561003,Oral Roberts
20.37920028686524,19.01499938964845,261,FALSE,111873297,'2nd 07:52 : 2pt jump shot (inside center) missed by Jordyn Carter(GSU),5254446,561003,560778,2024-03-22,Grambling Lady Tigers,560778,Grambling
29.036599426269493,14.6500015258789,527,TRUE,111873339,'2nd 07:40 : 3pt jump shot (outside right) made by Makyra Tramble(ORU),5254446,561003,560778,2024-03-22,Oral Roberts Golden Eagles,561003,Oral Roberts
9.381199569702149,27.32500076293945,527,TRUE,111870829,'1st 04:55 : 2pt layup (off turnover;fast break) (in the paint) made by Meghan Weinrich(ORU) 11-13',5254446,561003,560778,2024-03-22,Oral Roberts Golden Eagles,561003,Oral Roberts
10.26479827880857,39.57500076293945,261,TRUE,111870857,'1st 04:43 : 2pt jump shot (inside left) made by Jordyn Carter(GSU),5254446,561003,560778,2024-03-22,Grambling Lady Tigers,560778,Grambling
28.745199928283736,32.11499977111815,527,FALSE,111870890,'1st 04:30 : 3pt jump shot (outside center) missed by Emily Robinson(ORU),5254446,561003,560778,2024-03-22,Oral Roberts Golden Eagles,561003,Oral Roberts
8.64799713134768,30.2800006866455,261,TRUE,111871537,'1st 03:49 : 2pt driving layup (off turnover) (in the paint) made by Anijah Grant(GSU),5254446,561003,560778,2024-03-22,Grambling Lady Tigers,560778,Grambling
30.35260086059566,23.6599998474121,527,FALSE,111871578,'1st 03:31 : 3pt (outside center) missed by ORU 15-13',5254446,561003,560778,2024-03-22,Oral Roberts Golden Eagles,561003,Oral Roberts
12.906203155517574,47.185001373291,261,FALSE,111872156,'1st 01:16 : 3pt jump shot (outside left) missed by Jazmyne Jackson(GSU),5254446,561003,560778,2024-03-22,Grambling Lady Tigers,560778,Grambling
24.34600143432617,40.84500122070315,261,TRUE,111874676,'2nd 02:56 : 3pt jump shot (outside left) made by Jazmyne Jackson(GSU) 37-43',5254446,561003,560778,2024-03-22,Grambling Lady Tigers,560778,Grambling
18.912800788879395,24.36499977111815,527,FALSE,111874701,'2nd 02:44 : 2pt pull up jump shot (in the paint) missed by Taleyah Jones(ORU),5254446,561003,560778,2024-03-22,Oral Roberts Golden Eagles,561003,Oral Roberts
8.798400573730504,27.32500076293945,261,TRUE,111874793,'2nd 02:30 : 2pt driving layup (under the basket) made by Douthsine Prien(GSU) 39-43',5254446,561003,560778,2024-03-22,Grambling Lady Tigers,560778,Grambling
20.23820064544677,19.86000061035155,527,TRUE,111871779,'1st 03:03 : 2pt turnaround jump shot (inside center) made by Taleyah Jones(ORU) 16-15',5254446,561003,560778,2024-03-22,Oral Roberts Golden Eagles,561003,Oral Roberts
9.089800071716313,25.63500022888185,527,FALSE,111873696,'2nd 06:53 : 2pt driving layup (off turnover) (under the basket) missed by Makyra Tramble(ORU),5254446,561003,560778,2024-03-22,Oral Roberts Golden Eagles,561003,Oral Roberts
6.0160000896453845,28.45000076293945,527,FALSE,111871849,'1st 02:29 : 2pt layup (off turnover;blocked) (under the basket) missed by Jalei Oglesby(ORU),5254446,561003,560778,2024-03-22,Oral Roberts Golden Eagles,561003,Oral Roberts
13.489000358581517,2.67499923706055,527,TRUE,111872397,'1st 00:43.80 : 3pt jump shot (off turnover) (outside right) made by Taleyah Jones(ORU),5254446,561003,560778,2024-03-22,Oral Roberts Golden Eagles,561003,Oral Roberts
10.415199928283734,23.10000038146975,527,FALSE,111874421,'2nd 04:40 : 2pt layup (blocked) (in the paint) missed by Taleyah Jones(ORU),5254446,561003,560778,2024-03-22,Oral Roberts Golden Eagles,561003,Oral Roberts
12.755799713134763,2.3949999809265137,261,TRUE,111874424,'2nd 04:33 : 3pt jump shot (fast break) (outside right) made by Jazmyne Jackson(GSU) 41-47',5254446,561003,560778,2024-03-22,Grambling Lady Tigers,560778,Grambling
18.621399497985855,22.5349998474121,527,FALSE,111874463,'2nd 04:18 : 2pt turnaround jump shot (in the paint) missed by Emily Robinson(ORU),5254446,561003,560778,2024-03-22,Oral Roberts Golden Eagles,561003,Oral Roberts
7.914798278808576,27.04000091552735,261,TRUE,111874487,'2nd 04:10 : 2pt driving layup (fast break) (under the basket) made by Arianna Mosley(GSU) 41-47',5254446,561003,560778,2024-03-22,Grambling Lady Tigers,560778,Grambling
11.881599426269489,29.57500076293945,261,TRUE,111874855,'2nd 02:01 : 2pt driving layup (off turnover;fast break) (in the paint) made by Kahia Warmsley(GSU) 41-43',5254446,561003,560778,2024-03-22,Grambling Lady Tigers,560778,Grambling
14.814400215148892,29.7199993133545,527,FALSE,111872466,'1st 00:25.20 : 2pt turnaround jump shot (off turnover) (in the paint) missed by Hannah Cooper(ORU),5254446,561003,560778,2024-03-22,Oral Roberts Golden Eagles,561003,Oral Roberts
21.55420028686524,23.10000038146975,261,TRUE,111872493,'1st 00:17.40 : 2pt jump shot (fast break) (inside center) made by Anijah Grant(GSU),5254446,561003,560778,2024-03-22,Grambling Lady Tigers,560778,Grambling
11.289402008056655,20.70499992370605,261,FALSE,111874012,'2nd 06:21 : 2pt layup (in the paint) missed by Jordyn Carter(GSU),5254446,561003,560778,2024-03-22,Grambling Lady Tigers,560778,Grambling
7.04059978485107,27.1849994659424,527,TRUE,111874539,'2nd 03:50 : 2pt layup (under the basket) made by Hannah Cooper(ORU) 30-38',5254446,561003,560778,2024-03-22,Oral Roberts Golden Eagles,561003,Oral Roberts
7.623400573730507,17.7450008392334,261,FALSE,111874540,'2nd 03:42 : 2pt jump shot (inside right) missed by Jazmyne Jackson(GSU),5254446,561003,560778,2024-03-22,Grambling Lady Tigers,560778,Grambling
10.55620315551758,27.60499954223635,261,TRUE,111874567,'2nd 03:39 : 2pt layup (2nd chance) (in the paint) made by Anijah Grant(GSU) 32-38',5254446,561003,560778,2024-03-22,Grambling Lady Tigers,560778,Grambling
9.682000179290807,29.4349994659424,527,TRUE,111874568,'2nd 03:32 : 2pt layup (in the paint) made by Taleyah Jones(ORU) 32-40',5254446,561003,560778,2024-03-22,Oral Roberts Golden Eagles,561003,Oral Roberts
12.614798278808578,16.47999954223635,261,TRUE,111874629,'2nd 03:17 : 2pt pull up jump shot (inside right) made by Arianna Mosley(GSU) 34-40',5254446,561003,560778,2024-03-22,Grambling Lady Tigers,560778,Grambling
19.213600502014145,45.635000228881836,527,TRUE,111874647,'2nd 03:06 : 3pt (outside left) made by ORU 34-43',5254446,561003,560778,2024-03-22,Oral Roberts Golden Eagles,561003,Oral Roberts
18.33,45.77500009536743,527,TRUE,111874671,'2nd 03:01 : 3pt jump shot (outside left) made by Makyra Tramble(ORU),5254446,561003,560778,2024-03-22,Oral Roberts Golden Eagles,561003,Oral Roberts
8.065199928283686,26.6200008392334,527,TRUE,111874178,'2nd 06:04 : 2pt driving layup (off turnover) (under the basket) made by Hannah Cooper(ORU) 20-32',5254446,561003,560778,2024-03-22,Oral Roberts Golden Eagles,561003,Oral Roberts
28.15299713134766,12.8149995803833,261,TRUE,111874207,'2nd 05:54 : 3pt jump shot (outside right) made by Jazmyne Jackson(GSU) 23-32',5254446,561003,560778,2024-03-22,Grambling Lady Tigers,560778,Grambling
8.356600322723386,28.45000076293945,527,TRUE,111874225,'2nd 05:43 : 2pt layup (in the paint) made by Taleyah Jones(ORU),5254446,561003,560778,2024-03-22,Oral Roberts Golden Eagles,561003,Oral Roberts
19.504999999999995,38.45000076293945,261,TRUE,111874248,'2nd 05:28 : 2pt pull up jump shot (inside left) made by Zayla Tinner(GSU) 25-34',5254446,561003,560778,2024-03-22,Grambling Lady Tigers,560778,Grambling
8.356600322723386,26.1949996948242,527,FALSE,111874298,'2nd 05:17 : 2pt layup (under the basket) missed by Hannah Cooper(ORU),5254446,561003,560778,2024-03-22,Oral Roberts Golden Eagles,561003,Oral Roberts
10.847599964141821,26.76000022888185,527,TRUE,111874302,'2nd 05:12 : 2pt layup (2nd chance) (in the paint) made by Meghan Weinrich(ORU) 25-36',5254446,561003,560778,2024-03-22,Oral Roberts Golden Eagles,561003,Oral Roberts
8.798400573730504,1.9700000286102295,261,FALSE,111874321,'2nd 05:01 : 3pt jump shot (outside right) missed by Jordyn Carter(GSU),5254446,561003,560778,2024-03-22,Grambling Lady Tigers,560778,Grambling
19.796397705078064,4.085000038146973,261,FALSE,111875003,'2nd 01:38 : 3pt jump shot (outside right) missed by Jazmyne Jackson(GSU),5254446,561003,560778,2024-03-22,Grambling Lady Tigers,560778,Grambling
10.114402008056658,25.91500091552735,261,FALSE,111875042,'2nd 01:33 : 2pt layup (2nd chance) (in the paint) missed by Anijah Grant(GSU),5254446,561003,560778,2024-03-22,Grambling Lady Tigers,560778,Grambling
28.45380043029788,10,527,FALSE,111875115,'2nd 01:14 : 3pt jump shot (outside right) missed by Taleyah Jones(ORU),5254446,561003,560778,2024-03-22,Oral Roberts Golden Eagles,561003,Oral Roberts
19.354600143432627,19.29500007629395,527,FALSE,111872949,'2nd 09:36 : 2pt turnaround jump shot (off turnover) (in the paint) missed by Jalei Oglesby(ORU),5254446,561003,560778,2024-03-22,Oral Roberts Golden Eagles,561003,Oral Roberts
10.415201721191423,27.32500076293945,261,FALSE,111872951,'2nd 09:26 : 2pt layup (in the paint) missed by Douthsine Prien(GSU),5254446,561003,560778,2024-03-22,Grambling Lady Tigers,560778,Grambling
8.798399677276615,29.01499938964845,527,TRUE,111875172,'2nd 00:46.30 : 2pt driving layup (off turnover) (in the paint) made by Emily Robinson(ORU),5254446,561003,560778,2024-03-22,Oral Roberts Golden Eagles,561003,Oral Roberts
8.21559799194334,26.47999954223635,261,FALSE,111875189,'2nd 00:37.10 : 2pt layup (under the basket) missed by Anijah Grant(GSU),5254446,561003,560778,2024-03-22,Grambling Lady Tigers,560778,Grambling
27.128400573730506,12.39500045776365,527,FALSE,111875239,'2nd 00:22.30 : 3pt jump shot (outside right) missed by Gentry Baldwin(ORU),5254446,561003,560778,2024-03-22,Oral Roberts Golden Eagles,561003,Oral Roberts
27.57020172119141,16.055000305175803,261,FALSE,111875243,'2nd 00:14.00 : 3pt pull up jump shot (outside right) missed by Kahia Warmsley(GSU),5254446,561003,560778,2024-03-22,Grambling Lady Tigers,560778,Grambling
27.861599426269496,12.95999908447265,527,FALSE,111875272,'2nd 00:01.40 : 3pt jump shot (outside right) missed by Taleyah Jones(ORU),5254446,561003,560778,2024-03-22,Oral Roberts Golden Eagles,561003,Oral Roberts
9.240201721191426,22.95999908447265,261,TRUE,111869265,'1st 09:34 : 2pt layup (off turnover) (under the basket) made by Amanda Blake(GSU),5254446,561003,560778,2024-03-22,Grambling Lady Tigers,560778,Grambling
8.798399677276615,29.7199993133545,527,TRUE,111869335,'1st 09:22 : 2pt layup (in the paint) made by Ruthie Udoumoh(ORU),5254446,561003,560778,2024-03-22,Oral Roberts Golden Eagles,561003,Oral Roberts
9.089798278808573,23.6599998474121,261,TRUE,111869425,'1st 09:01 : 2pt driving layup (under the basket) made by Jordyn Carter(GSU) 4-2',5254446,561003,560778,2024-03-22,Grambling Lady Tigers,560778,Grambling
26.545599784851106,11.4099998474121,527,FALSE,111869662,'1st 08:43 : 3pt jump shot (outside right) missed by Taleyah Jones(ORU),5254446,561003,560778,2024-03-22,Oral Roberts Golden Eagles,561003,Oral Roberts
9.381199569702149,23.23999977111815,527,TRUE,111869710,'1st 08:27 : 2pt driving layup (off turnover;fast break) (under the basket) made by Taleyah Jones(ORU) 4-4',5254446,561003,560778,2024-03-22,Oral Roberts Golden Eagles,561003,Oral Roberts
9.973400573730501,27.1849994659424,261,TRUE,111869772,'1st 08:14 : 2pt floating jump shot (in the paint) made by Jordyn Carter(GSU) 6-4',5254446,561003,560778,2024-03-22,Grambling Lady Tigers,560778,Grambling
29.478400573730504,22.5349998474121,527,FALSE,111869806,'1st 08:00 : 3pt jump shot (outside center) missed by Hannah Cooper(ORU),5254446,561003,560778,2024-03-22,Oral Roberts Golden Eagles,561003,Oral Roberts
7.332002868652324,28.45000076293945,261,TRUE,111870207,'1st 06:39 : 2pt driving layup (off turnover;fast break) (under the basket) made by Douthsine Prien(GSU) 10-6',5254446,561003,560778,2024-03-22,Grambling Lady Tigers,560778,Grambling
13.197599964141821,32.8150005340576,527,FALSE,111870308,'1st 06:21 : 2pt jump shot (inside left) missed by Hannah Cooper(ORU),5254446,561003,560778,2024-03-22,Oral Roberts Golden Eagles,561003,Oral Roberts
8.356599426269497,29.29500007629395,261,FALSE,111870337,'1st 06:15 : 2pt layup (in the paint) missed by Douthsine Prien(GSU),5254446,561003,560778,2024-03-22,Grambling Lady Tigers,560778,Grambling
25.812399139404338,10.7050018310547,527,TRUE,111870376,'1st 06:05 : 3pt jump shot (outside right) made by Emily Robinson(ORU),5254446,561003,560778,2024-03-22,Oral Roberts Golden Eagles,561003,Oral Roberts
14.090597991943326,29.5699996948242,261,TRUE,111872648,'1st 00:00.50 : 2pt layup (off turnover) (in the paint) made by Jazmyne Jackson(GSU),5254446,561003,560778,2024-03-22,Grambling Lady Tigers,560778,Grambling
11.881599426269489,47.04000091552735,261,FALSE,111873043,'2nd 09:13 : 3pt jump shot (2nd chance) (outside left) missed by Arianna Mosley(GSU),5254446,561003,560778,2024-03-22,Grambling Lady Tigers,560778,Grambling
9.240201721191426,20.5650005340576,261,FALSE,111873046,'2nd 09:06 : 2pt layup (2nd chance) (in the paint) missed by Amanda Blake(GSU),5254446,561003,560778,2024-03-22,Grambling Lady Tigers,560778,Grambling
16.280799713134755,19.86000061035155,261,FALSE,111873075,'2nd 08:58 : 2pt floating jump shot (2nd chance) (in the paint) missed by Douthsine Prien(GSU),5254446,561003,560778,2024-03-22,Grambling Lady Tigers,560778,Grambling
11.148399677276569,25.0699996948242,527,TRUE,111871897,'1st 02:14 : 2pt floating jump shot (2nd chance;off turnover) (in the paint) made by Hannah Cooper(ORU) 16-17',5254446,561003,560778,2024-03-22,Oral Roberts Golden Eagles,561003,Oral Roberts
14.513602294921824,30.2800006866455,261,FALSE,111871915,'1st 01:59 : 2pt layup (in the paint) missed by Anijah Grant(GSU),5254446,561003,560778,2024-03-22,Grambling Lady Tigers,560778,Grambling
9.822997131347677,28.45000076293945,261,FALSE,111873203,'2nd 08:34 : 2pt layup (off turnover) (in the paint) missed by Douthsine Prien(GSU),5254446,561003,560778,2024-03-22,Grambling Lady Tigers,560778,Grambling
15.547600860595665,27.60499954223635,261,FALSE,111873206,'2nd 08:28 : 2pt jump shot (2nd chance;off turnover) (in the paint) missed by Jordyn Carter(GSU),5254446,561003,560778,2024-03-22,Grambling Lady Tigers,560778,Grambling
21.11239913940434,7.185001373291,527,FALSE,111870007,'1st 07:27 : 3pt jump shot (off turnover) (outside right) missed by Hannah Cooper(ORU),5254446,561003,560778,2024-03-22,Oral Roberts Golden Eagles,561003,Oral Roberts
8.798399677276615,26.3400001525879,527,TRUE,111870009,'1st 07:21 : 2pt turnaround jump shot (2nd chance;off turnover) (under the basket) made by Taleyah Jones(ORU) 6-6',5254446,561003,560778,2024-03-22,Oral Roberts Golden Eagles,561003,Oral Roberts
6.890201721191431,29.29500007629395,261,TRUE,111870092,'1st 07:05 : 2pt layup (in the paint) made by Amanda Blake(GSU),5254446,561003,560778,2024-03-22,Grambling Lady Tigers,560778,Grambling
8.507002868652322,20.2549991607666,661,FALSE,111871382,'1st 03:11 : 2pt layup (in the paint) missed by Madison Webb(USI),5254440,561263,560807,2024-03-22,Southern Ind. Screaming Eagles,561263,Southern Ind.
11.289400215148891,39.4650001525879,302,TRUE,111872042,'1st 01:09 : 2pt jump shot (off turnover) (inside left) made by Makiyah Williams(UIC),5254440,561263,560807,2024-03-22,UIC Flames,560807,UIC
6.598796844482422,27.1550006866455,661,TRUE,111872086,'1st 00:44.90 : 2pt driving layup (under the basket) made by Meredith Raley(USI) 12-18',5254440,561263,560807,2024-03-22,Southern Ind. Screaming Eagles,561263,Southern Ind.
8.798400573730504,22.9300003051758,661,TRUE,111871574,'1st 02:59 : 2pt driving layup (under the basket) made by Triniti Ralston(USI) 10-15',5254440,561263,560807,2024-03-22,Southern Ind. Screaming Eagles,561263,Southern Ind.
13.047200107574447,7.3499984741211,302,FALSE,111871713,'1st 02:46 : 2pt jump shot (inside right) missed by Krystyna Ellew(UIC),5254440,561263,560807,2024-03-22,UIC Flames,560807,UIC
14.372600860595668,2.365000009536743,661,FALSE,111872139,'1st 00:28.70 : 3pt jump shot (off turnover) (outside right) missed by Meredith Raley(USI),5254440,561263,560807,2024-03-22,Southern Ind. Screaming Eagles,561263,Southern Ind.
7.77380043029785,22.98500061035155,302,TRUE,111872215,'1st 00:03.90 : 2pt layup (off turnover;fast break) (under the basket) made by Danyel Middleton(UIC) 14-18',5254440,561263,560807,2024-03-22,UIC Flames,560807,UIC
8.798399677276615,21.7199993133545,302,TRUE,111873399,'2nd 07:02 : 2pt layup (in the paint) made by Danyel Middleton(UIC) 18-25',5254440,561263,560807,2024-03-22,UIC Flames,560807,UIC
6.890201721191431,22.5049991607666,661,TRUE,111873426,'2nd 06:46 : 2pt layup (under the basket) made by Madison Webb(USI),5254440,561263,560807,2024-03-22,Southern Ind. Screaming Eagles,561263,Southern Ind.
30.061203155517575,30.8150005340576,661,FALSE,111873637,'2nd 05:37 : 3pt jump shot (outside center) missed by Addy Blackwell(USI),5254440,561263,560807,2024-03-22,Southern Ind. Screaming Eagles,561263,Southern Ind.
13.930799713134748,36.36499977111815,302,FALSE,111873649,'2nd 05:18 : 2pt jump shot (inside left) missed by Kristian Young(UIC),5254440,561263,560807,2024-03-22,UIC Flames,560807,UIC
7.332000179290768,22.70499992370605,302,TRUE,111873659,'2nd 05:14 : 2pt jump shot (2nd chance) (under the basket) made by Jaida McCloud(UIC) 22-27',5254440,561263,560807,2024-03-22,UIC Flames,560807,UIC
9.973400573730501,34.47999954223635,661,FALSE,111873684,'2nd 04:50 : 2pt jump shot (inside left) missed by Madison Webb(USI),5254440,561263,560807,2024-03-22,Southern Ind. Screaming Eagles,561263,Southern Ind.
22.729200286865254,24.95999908447265,302,FALSE,111873736,'2nd 04:38 : 2pt jump shot (inside center) missed by Keimari Rimmer(UIC),5254440,561263,560807,2024-03-22,UIC Flames,560807,UIC
4.841000089645384,47.91499996185303,302,TRUE,111874773,'2nd 02:47 : 3pt jump shot (outside left wing) made by Dais&#39;Ja Trotter(UIC),5254440,561263,560807,2024-03-22,UIC Flames,560807,UIC
25.521001434326166,26.0300006866455,661,FALSE,111874817,'2nd 02:28 : 2pt jump shot (inside center) missed by Triniti Ralston(USI),5254440,561263,560807,2024-03-22,Southern Ind. Screaming Eagles,561263,Southern Ind.
6.157000179290768,27.4950008392334,302,FALSE,111870975,'1st 04:28 : 2pt jump shot (under the basket) missed by Makiyah Williams(UIC),5254440,561263,560807,2024-03-22,UIC Flames,560807,UIC
2.782400035858152,1.2949981689453,302,FALSE,111871817,'1st 02:30 : 3pt jump shot (off turnover) (outside right wing) missed by Danyel Middleton(UIC),5254440,561263,560807,2024-03-22,UIC Flames,560807,UIC
12.313998565673828,2.7899999618530273,661,FALSE,111874281,'2nd 04:28 : 3pt jump shot (off turnover) (outside right) missed by Vanessa Shafford(USI),5254440,561263,560807,2024-03-22,Southern Ind. Screaming Eagles,561263,Southern Ind.
18.771801147460906,4.760000228881836,661,FALSE,111871882,'1st 02:09 : 3pt jump shot (outside right) missed by Vanessa Shafford(USI),5254440,561263,560807,2024-03-22,Southern Ind. Screaming Eagles,561263,Southern Ind.
24.05459655761716,41.0999984741211,661,FALSE,111874386,'2nd 03:56 : 3pt jump shot (off turnover) (outside left) missed by Ali Saunders(USI),5254440,561263,560807,2024-03-22,Southern Ind. Screaming Eagles,561263,Southern Ind.
7.623400573730507,27.1550006866455,661,FALSE,111874486,'2nd 03:25 : 2pt layup (off turnover) (under the basket) missed by Meredith Raley(USI),5254440,561263,560807,2024-03-22,Southern Ind. Screaming Eagles,561263,Southern Ind.
7.77380043029785,23.125,302,FALSE,111874507,'2nd 03:15 : 2pt layup (under the basket) missed by Danyel Middleton(UIC),5254440,561263,560807,2024-03-22,UIC Flames,560807,UIC
11.289402008056655,22.64999961853025,661,FALSE,111874877,'2nd 02:15 : 2pt layup (2nd chance) (in the paint) missed by Vanessa Shafford(USI),5254440,561263,560807,2024-03-22,Southern Ind. Screaming Eagles,561263,Southern Ind.
7.0405979919433435,22.36499977111815,661,TRUE,111874538,'2nd 03:07 : 2pt layup (fast break) (under the basket) made by Chloe Gannon(USI),5254440,561263,560807,2024-03-22,Southern Ind. Screaming Eagles,561263,Southern Ind.
21.996001434326175,23.35000038146975,661,TRUE,111872850,'2nd 08:45 : 2pt jump shot (off turnover) (inside center) made by Triniti Ralston(USI) 14-20',5254440,561263,560807,2024-03-22,Southern Ind. Screaming Eagles,561263,Southern Ind.
21.262800788879396,44.5349998474121,302,FALSE,111874953,'2nd 01:51 : 3pt jump shot (outside left) missed by Dais&#39;Ja Trotter(UIC),5254440,561263,560807,2024-03-22,UIC Flames,560807,UIC
8.798400573730504,28.13999938964845,661,FALSE,111875001,'2nd 01:33 : 2pt layup (in the paint) missed by Chloe Gannon(USI),5254440,561263,560807,2024-03-22,Southern Ind. Screaming Eagles,561263,Southern Ind.
6.598799982070919,21.7199993133545,302,TRUE,111875369,'2nd 00:47.90 : 2pt layup (2nd chance) (under the basket) made by Dais&#39;Ja Trotter(UIC) 28-31',5254440,561263,560807,2024-03-22,UIC Flames,560807,UIC
7.332002868652324,24.0550003051758,661,TRUE,111875410,'2nd 00:38.50 : 2pt (under the basket) made by USI 28-33',5254440,561263,560807,2024-03-22,Southern Ind. Screaming Eagles,561263,Southern Ind.
7.332002868652324,24.0550003051758,661,FALSE,111875411,'2nd 00:38.50 : 2pt driving layup (under the basket) missed by Triniti Ralston(USI),5254440,561263,560807,2024-03-22,Southern Ind. Screaming Eagles,561263,Southern Ind.
7.623399677276614,26.5049991607666,302,TRUE,111875446,'2nd 00:13.20 : 2pt layup (under the basket) made by Makiyah Williams(UIC),5254440,561263,560807,2024-03-22,UIC Flames,560807,UIC
23.31199928283687,43.55000019073485,302,FALSE,111870206,'1st 05:15 : 3pt jump shot (off turnover) (outside left) missed by Sara Zabrecky(UIC),5254440,561263,560807,2024-03-22,UIC Flames,560807,UIC
16.42180114746091,2.505000114440918,661,TRUE,111870333,'1st 04:56 : 3pt jump shot (outside right) made by Triniti Ralston(USI),5254440,561263,560807,2024-03-22,Southern Ind. Screaming Eagles,561263,Southern Ind.
21.845599784851107,18.47999954223635,302,FALSE,111871096,'1st 04:10 : 2pt jump shot (2nd chance) (inside center) missed by Sandra Frau-Garcia(UIC),5254440,561263,560807,2024-03-22,UIC Flames,560807,UIC
7.623400573730507,22.5049991607666,661,FALSE,111871260,'1st 03:50 : 2pt layup (under the basket) missed by Chloe Gannon(USI),5254440,561263,560807,2024-03-22,Southern Ind. Screaming Eagles,561263,Southern Ind.
15.980000000000004,26.72999954223635,661,FALSE,111871291,'1st 03:35 : 2pt layup (2nd chance) (in the paint) missed by Triniti Ralston(USI),5254440,561263,560807,2024-03-22,Southern Ind. Screaming Eagles,561263,Southern Ind.
9.240199928283687,26.22500038146975,302,FALSE,111871320,'1st 03:26 : 2pt layup (under the basket) missed by Makiyah Williams(UIC),5254440,561263,560807,2024-03-22,UIC Flames,560807,UIC
17.59679935455323,26.36499977111815,302,FALSE,111872729,'2nd 09:36 : 2pt jump shot (blocked) (in the paint) missed by Kristian Young(UIC),5254440,561263,560807,2024-03-22,UIC Flames,560807,UIC
6.890199928283687,9.32500076293945,302,FALSE,111872743,'2nd 09:28 : 2pt jump shot (2nd chance) (inside right) missed by Makiyah Williams(UIC),5254440,561263,560807,2024-03-22,UIC Flames,560807,UIC
9.531599426269494,27.01499938964845,661,FALSE,111872777,'2nd 09:06 : 2pt layup (in the paint) missed by Meredith Raley(USI),5254440,561263,560807,2024-03-22,Southern Ind. Screaming Eagles,561263,Southern Ind.
10.114400215148892,32.98500061035155,302,TRUE,111872998,'2nd 08:13 : 2pt jump shot (inside left) made by Kristian Young(UIC) 16-21',5254440,561263,560807,2024-03-22,UIC Flames,560807,UIC
7.623400573730507,22.79000091552735,661,TRUE,111873042,'2nd 07:57 : 2pt layup (under the basket) made by Madison Webb(USI),5254440,561263,560807,2024-03-22,Southern Ind. Screaming Eagles,561263,Southern Ind.
12.172997131347671,29.4099998474121,661,TRUE,111868951,'1st 09:40 : 2pt jump shot (in the paint) made by Madison Webb(USI) 0-2',5254440,561263,560807,2024-03-22,Southern Ind. Screaming Eagles,561263,Southern Ind.
3.515600008964536,47.91499996185303,302,TRUE,111869017,'1st 09:28 : 3pt jump shot (outside left wing) made by Sara Zabrecky(UIC),5254440,561263,560807,2024-03-22,UIC Flames,560807,UIC
13.639402008056663,30.39500045776365,661,TRUE,111869075,'1st 09:08 : 2pt turnaround jump shot (in the paint) made by Madison Webb(USI) 3-4',5254440,561263,560807,2024-03-22,Southern Ind. Screaming Eagles,561263,Southern Ind.
7.482399139404336,23.0699996948242,661,FALSE,111869165,'1st 08:48 : 2pt layup (off turnover) (under the basket) missed by Meredith Raley(USI),5254440,561263,560807,2024-03-22,Southern Ind. Screaming Eagles,561263,Southern Ind.
30.061199569702122,12.7050018310547,302,TRUE,111869263,'1st 08:36 : 3pt jump shot (outside right) made by Keimari Rimmer(UIC),5254440,561263,560807,2024-03-22,UIC Flames,560807,UIC
7.0405979919433435,11.944999694824197,661,TRUE,111869294,'1st 08:24 : 2pt jump shot (inside right) made by Madison Webb(USI),5254440,561263,560807,2024-03-22,Southern Ind. Screaming Eagles,561263,Southern Ind.
31.085799713134747,16.6500015258789,302,FALSE,111869386,'1st 07:57 : 3pt jump shot (outside center) missed by Sara Zabrecky(UIC),5254440,561263,560807,2024-03-22,UIC Flames,560807,UIC
5.423796844482425,23.91500091552735,661,TRUE,111869426,'1st 07:47 : 2pt driving layup (under the basket) made by Madison Webb(USI),5254440,561263,560807,2024-03-22,Southern Ind. Screaming Eagles,561263,Southern Ind.
30.061199569702122,35.10000038146975,302,FALSE,111869505,'1st 07:28 : 3pt jump shot (outside left) missed by Danyel Middleton(UIC),5254440,561263,560807,2024-03-22,UIC Flames,560807,UIC
6.598799982070919,23.125,302,TRUE,111869637,'1st 07:05 : 2pt layup (off turnover;fast break) (under the basket) made by Danyel Middleton(UIC) 8-8',5254440,561263,560807,2024-03-22,UIC Flames,560807,UIC
3.666000089645384,0.875,302,FALSE,111871911,'1st 01:58 : 3pt jump shot (outside right wing) missed by Danyel Middleton(UIC),5254440,561263,560807,2024-03-22,UIC Flames,560807,UIC
7.914798278808576,22.22500038146975,661,FALSE,111869693,'1st 06:39 : 2pt layup (under the basket) missed by Madison Webb(USI),5254440,561263,560807,2024-03-22,Southern Ind. Screaming Eagles,561263,Southern Ind.
13.488998565673825,40.1150016784668,661,TRUE,111869751,'1st 06:32 : 2pt jump shot (2nd chance) (inside left) made by Vanessa Shafford(USI) 8-10',5254440,561263,560807,2024-03-22,Southern Ind. Screaming Eagles,561263,Southern Ind.
9.682000179290807,33.82999992370605,302,FALSE,111869847,'1st 05:59 : 2pt jump shot (inside left) missed by Jaida McCloud(UIC),5254440,561263,560807,2024-03-22,UIC Flames,560807,UIC
12.614798278808578,29.9699993133545,661,FALSE,111870045,'1st 05:38 : 2pt jump shot (in the paint) missed by Chloe Gannon(USI) 8-10',5254440,561263,560807,2024-03-22,Southern Ind. Screaming Eagles,561263,Southern Ind.
13.780399856567374,22.70499992370605,302,FALSE,111870093,'1st 05:29 : 2pt jump shot (in the paint) missed by Sandra Frau-Garcia(UIC),5254440,561263,560807,2024-03-22,UIC Flames,560807,UIC
