Half,Clock,Play,Score,game_id,home_id,away_id,game_date
2,01:14,"Foul personal (one and one) (inside right) Giancarlo Bastianoni(UNG), foul on Peyton Gerald(CAT)",67 - 84,5253201,561523,561310,2024-03-18
2,01:28,"2pt layup (under the basket) made by Giancarlo Bastianoni(UNG), assist AJ White(UNG)",67 - 84,5253201,561523,561310,2024-03-18
2,01:44,"3pt jump shot (outside right) missed by Kaleb Wallace(CAT), rebound defensive Cayden Charles(UNG)",67 - 82,5253201,561523,561310,2024-03-18
2,01:53,"Free throw 1 of 1 (fast break;off turnover) missed by Greg Billups, Jr.(UNG), rebound defensive DeAngelo Epps(CAT)",67 - 82,5253201,561523,561310,2024-03-18
2,01:53,Foul personal (one and one) (back court) Peyton Gerald(CAT),67 - 82,5253201,561523,561310,2024-03-18
2,01:57,"Turnover lost ball (in the paint) Javeon Jones(CAT), steal Greg Billups, Jr.(UNG)",67 - 82,5253201,561523,561310,2024-03-18
2,02:06,Free throw 2 of 2 made by Frank Champion(UNG),67 - 82,5253201,561523,561310,2024-03-18
2,02:06,Substitution CAT: in Kris Robinson,67 - 81,5253201,561523,561310,2024-03-18
2,02:06,Substitution CAT: out Dre Nelson,67 - 81,5253201,561523,561310,2024-03-18
2,02:06,"Free throw 1 of 2 missed by Frank Champion(UNG), rebound offensive dead ball UNG",67 - 81,5253201,561523,561310,2024-03-18
2,02:06,Foul personal (shooting;2 free throws) (in the paint) Kaleb Wallace(CAT),67 - 81,5253201,561523,561310,2024-03-18
2,02:35,"2pt layup (under the basket) missed by Kaleb Wallace(CAT), rebound defensive Greg Billups, Jr.(UNG)",67 - 81,5253201,561523,561310,2024-03-18
2,02:44,"3pt jump shot (outside right) missed by AJ White(UNG), rebound defensive Dre Nelson(CAT)",67 - 81,5253201,561523,561310,2024-03-18
2,02:48,Substitution CAT: in Dre Nelson,67 - 81,5253201,561523,561310,2024-03-18
2,02:48,Substitution CAT: out Kris Robinson,67 - 81,5253201,561523,561310,2024-03-18
2,02:48,Timeout commercial,67 - 81,5253201,561523,561310,2024-03-18
2,03:11,"2pt layup (in the paint) missed by Javeon Jones(CAT), rebound defensive Frank Champion(UNG)",67 - 81,5253201,561523,561310,2024-03-18
2,03:33,"2pt layup (under the basket) made by Cayden Charles(UNG), assist Greg Billups, Jr.(UNG)",67 - 81,5253201,561523,561310,2024-03-18
2,03:52,"3pt jump shot (off turnover) (outside center) made by Kris Robinson(CAT), assist Javeon Jones(CAT)",67 - 79,5253201,561523,561310,2024-03-18
2,04:02,"Substitution UNG: in Greg Billups, Jr.",64 - 79,5253201,561523,561310,2024-03-18
2,04:02,Substitution UNG: out Hunter Shedenhelm,64 - 79,5253201,561523,561310,2024-03-18
2,04:02,Turnover lost ball (under the basket) Frank Champion(UNG),64 - 79,5253201,561523,561310,2024-03-18
2,04:23,"2pt layup (in the paint) missed by Javeon Jones(CAT), rebound defensive Giancarlo Bastianoni(UNG)",64 - 79,5253201,561523,561310,2024-03-18
2,04:38,"2pt layup (in the paint) made by Frank Champion(UNG), assist AJ White(UNG)",64 - 79,5253201,561523,561310,2024-03-18
2,05:12,2pt jump shot (inside right) made by Peyton Gerald(CAT),64 - 77,5253201,561523,561310,2024-03-18
2,05:30,"3pt jump shot (outside left) made by Cayden Charles(UNG), assist AJ White(UNG)",62 - 77,5253201,561523,561310,2024-03-18
2,05:56,2pt layup (in the paint) made by Peyton Gerald(CAT),62 - 74,5253201,561523,561310,2024-03-18
2,06:12,Substitution UNG: in Hunter Shedenhelm,60 - 74,5253201,561523,561310,2024-03-18
2,06:12,"Substitution UNG: out Greg Billups, Jr.",60 - 74,5253201,561523,561310,2024-03-18
2,06:15,2pt layup (off turnover;fast break) (under the basket) made by AJ White(UNG),60 - 74,5253201,561523,561310,2024-03-18
2,06:19,"Turnover bad pass (inside center) Kaleb Wallace(CAT), steal AJ White(UNG)",60 - 72,5253201,561523,561310,2024-03-18
2,06:31,Substitution CAT: in DeAngelo Epps,60 - 72,5253201,561523,561310,2024-03-18
2,06:31,Substitution CAT: out Dre Nelson,60 - 72,5253201,561523,561310,2024-03-18
2,06:31,Timeout full CAT,60 - 72,5253201,561523,561310,2024-03-18
2,06:35,2pt layup (off turnover;fast break) (under the basket) made by Cayden Charles(UNG),60 - 72,5253201,561523,561310,2024-03-18
2,06:39,"Turnover bad pass (in the paint) Dre Nelson(CAT), steal Cayden Charles(UNG)",60 - 70,5253201,561523,561310,2024-03-18
2,07:08,2pt layup (under the basket) made by AJ White(UNG),60 - 70,5253201,561523,561310,2024-03-18
2,07:22,2pt layup (2nd chance) (under the basket) made by Peyton Gerald(CAT),60 - 68,5253201,561523,561310,2024-03-18
2,07:28,"2pt layup (in the paint) missed by Dre Nelson(CAT), rebound offensive Peyton Gerald(CAT)",58 - 68,5253201,561523,561310,2024-03-18
2,07:46,Substitution UNG: in AJ White,58 - 68,5253201,561523,561310,2024-03-18
2,07:46,Substitution UNG: out Sutton Smith,58 - 68,5253201,561523,561310,2024-03-18
2,07:46,Timeout commercial,58 - 68,5253201,561523,561310,2024-03-18
2,07:46,"Foul personal (outside right) Sutton Smith(UNG), foul on Javeon Jones(CAT)",58 - 68,5253201,561523,561310,2024-03-18
2,07:52,"2pt dunk (blocked) (in the paint) missed by Giancarlo Bastianoni(UNG), block Dre Nelson(CAT), rebound defensive Javeon Jones(CAT)",58 - 68,5253201,561523,561310,2024-03-18
2,08:00,"3pt jump shot (outside left wing) missed by Dre Nelson(CAT), rebound defensive Sutton Smith(UNG)",58 - 68,5253201,561523,561310,2024-03-18
2,08:24,"2pt layup (in the paint) made by Cayden Charles(UNG), assist Greg Billups, Jr.(UNG)",58 - 68,5253201,561523,561310,2024-03-18
2,08:40,2pt layup (off turnover) (under the basket) made by Javeon Jones(CAT),58 - 66,5253201,561523,561310,2024-03-18
2,08:53,"Foul personal (back court) Frank Champion(UNG), foul on Peyton Gerald(CAT)",56 - 66,5253201,561523,561310,2024-03-18
2,08:54,Turnover lost ball (in the paint) Frank Champion(UNG),56 - 66,5253201,561523,561310,2024-03-18
2,09:10,Substitution CAT: in Kris Robinson,56 - 66,5253201,561523,561310,2024-03-18
2,09:10,Substitution CAT: out DeAngelo Epps,56 - 66,5253201,561523,561310,2024-03-18
2,09:13,"3pt jump shot (outside center) missed by Javeon Jones(CAT), rebound defensive (team) UNG",56 - 66,5253201,561523,561310,2024-03-18
2,09:30,"2pt layup (under the basket) made by Cayden Charles(UNG), assist Sutton Smith(UNG)",56 - 66,5253201,561523,561310,2024-03-18
2,09:51,"2pt layup (fast break) (under the basket) made by Kaleb Wallace(CAT), assist Dre Nelson(CAT)",56 - 64,5253201,561523,561310,2024-03-18
2,09:59,"3pt jump shot (outside left wing) missed by Sutton Smith(UNG), rebound defensive Peyton Gerald(CAT)",54 - 64,5253201,561523,561310,2024-03-18
2,10:23,"3pt jump shot (off turnover) (outside left wing) missed by Dre Nelson(CAT), rebound defensive (team) UNG",54 - 64,5253201,561523,561310,2024-03-18
2,10:30,Substitution UNG: in Sutton Smith,54 - 64,5253201,561523,561310,2024-03-18
2,10:30,Substitution UNG: in Giancarlo Bastianoni,54 - 64,5253201,561523,561310,2024-03-18
2,10:30,Substitution UNG: out Colin Turner,54 - 64,5253201,561523,561310,2024-03-18
2,10:30,Substitution UNG: out AJ White,54 - 64,5253201,561523,561310,2024-03-18
2,10:30,"Foul offensive (back court) Colin Turner(UNG), turnover offensive Colin Turner(UNG), foul on Peyton Gerald(CAT)",54 - 64,5253201,561523,561310,2024-03-18
2,10:37,"2pt layup (blocked) (in the paint) missed by Kaleb Wallace(CAT), block Colin Turner(UNG), rebound defensive Greg Billups, Jr.(UNG)",54 - 64,5253201,561523,561310,2024-03-18
2,10:44,"2pt layup (in the paint) made by Colin Turner(UNG), assist Greg Billups, Jr.(UNG)",54 - 64,5253201,561523,561310,2024-03-18
2,10:45,Substitution CAT: in Peyton Gerald,54 - 62,5253201,561523,561310,2024-03-18
2,10:45,Substitution CAT: out Shad Thomas,54 - 62,5253201,561523,561310,2024-03-18
2,10:45,Substitution UNG: in Cayden Charles,54 - 62,5253201,561523,561310,2024-03-18
2,10:45,Substitution UNG: in Frank Champion,54 - 62,5253201,561523,561310,2024-03-18
2,10:45,Substitution UNG: out Giancarlo Bastianoni,54 - 62,5253201,561523,561310,2024-03-18
2,10:45,Substitution UNG: out Hunter Shedenhelm,54 - 62,5253201,561523,561310,2024-03-18
2,11:08,2pt layup (2nd chance) (under the basket) made by Dre Nelson(CAT),54 - 62,5253201,561523,561310,2024-03-18
2,11:13,"3pt jump shot (outside right wing) missed by Kaleb Wallace(CAT), rebound offensive Dre Nelson(CAT)",52 - 62,5253201,561523,561310,2024-03-18
2,11:37,"3pt jump shot (off turnover) (outside left) missed by AJ White(UNG), rebound defensive Shad Thomas(CAT)",52 - 62,5253201,561523,561310,2024-03-18
2,12:00,Timeout commercial,52 - 62,5253201,561523,561310,2024-03-18
2,12:00,Turnover bad pass (inside left) Javeon Jones(CAT),52 - 62,5253201,561523,561310,2024-03-18
2,12:08,"Free throw 2 of 2 (fast break) made by Greg Billups, Jr.(UNG)",52 - 62,5253201,561523,561310,2024-03-18
2,12:08,"Free throw 1 of 2 (fast break) made by Greg Billups, Jr.(UNG)",52 - 61,5253201,561523,561310,2024-03-18
2,12:08,Foul personal (one and one) (back court) Dre Nelson(CAT),52 - 60,5253201,561523,561310,2024-03-18
2,12:12,"3pt jump shot (off turnover) (outside right) missed by DeAngelo Epps(CAT), rebound defensive Greg Billups, Jr.(UNG)",52 - 60,5253201,561523,561310,2024-03-18
2,12:13,Turnover 5sec (team) (back court) UNG,52 - 60,5253201,561523,561310,2024-03-18
2,12:13,Free throw 2 of 2 made by DeAngelo Epps(CAT),52 - 60,5253201,561523,561310,2024-03-18
2,12:13,Substitution CAT: in Javeon Jones,51 - 60,5253201,561523,561310,2024-03-18
2,12:13,Substitution CAT: out Montraivis White,51 - 60,5253201,561523,561310,2024-03-18
2,12:13,Substitution UNG: in Colin Turner,51 - 60,5253201,561523,561310,2024-03-18
2,12:13,"Substitution UNG: in Greg Billups, Jr.",51 - 60,5253201,561523,561310,2024-03-18
2,12:13,Substitution UNG: out Cayden Charles,51 - 60,5253201,561523,561310,2024-03-18
2,12:13,Substitution UNG: out Frank Champion,51 - 60,5253201,561523,561310,2024-03-18
2,12:13,Free throw 1 of 2 made by DeAngelo Epps(CAT),51 - 60,5253201,561523,561310,2024-03-18
2,12:13,Foul personal (shooting;2 free throws) (in the paint) Frank Champion(UNG),50 - 60,5253201,561523,561310,2024-03-18
2,12:38,2pt jump shot (inside center) made by AJ White(UNG),50 - 60,5253201,561523,561310,2024-03-18
2,12:55,2pt layup (2nd chance) (in the paint) made by Dre Nelson(CAT),50 - 58,5253201,561523,561310,2024-03-18
2,13:00,"2pt dunk (in the paint) missed by Shad Thomas(CAT), rebound offensive Dre Nelson(CAT)",48 - 58,5253201,561523,561310,2024-03-18
2,13:07,"2pt layup (under the basket) missed by Frank Champion(UNG), rebound defensive (team) CAT",48 - 58,5253201,561523,561310,2024-03-18
2,13:19,Substitution CAT: in DeAngelo Epps,48 - 58,5253201,561523,561310,2024-03-18
2,13:19,Substitution CAT: out Javeon Jones,48 - 58,5253201,561523,561310,2024-03-18
2,13:19,"Foul personal (outside left) Javeon Jones(CAT), foul on Cayden Charles(UNG)",48 - 58,5253201,561523,561310,2024-03-18
2,13:25,"3pt jump shot (outside center) missed by Javeon Jones(CAT), rebound defensive Hunter Shedenhelm(UNG)",48 - 58,5253201,561523,561310,2024-03-18
2,13:44,"3pt jump shot (outside right) made by AJ White(UNG), assist Frank Champion(UNG)",48 - 58,5253201,561523,561310,2024-03-18
2,13:51,Substitution CAT: in Shad Thomas,48 - 55,5253201,561523,561310,2024-03-18
2,13:51,Substitution CAT: out Justin Banks,48 - 55,5253201,561523,561310,2024-03-18
2,13:51,Substitution UNG: in Hunter Shedenhelm,48 - 55,5253201,561523,561310,2024-03-18
2,13:51,"Substitution UNG: out Greg Billups, Jr.",48 - 55,5253201,561523,561310,2024-03-18
2,13:51,"Foul personal (inside right) Justin Banks(CAT), foul on Frank Champion(UNG)",48 - 55,5253201,561523,561310,2024-03-18
2,14:15,"3pt jump shot (outside left wing) made by Kaleb Wallace(CAT), assist Dre Nelson(CAT)",48 - 55,5253201,561523,561310,2024-03-18
2,14:24,"Free throw 2 of 2 (off turnover) missed by Greg Billups, Jr.(UNG), rebound defensive Dre Nelson(CAT)",45 - 55,5253201,561523,561310,2024-03-18
2,14:24,Substitution CAT: in Montraivis White,45 - 55,5253201,561523,561310,2024-03-18
2,14:24,Substitution CAT: out O'Mazeon Tinsley,45 - 55,5253201,561523,561310,2024-03-18
2,14:24,"Free throw 1 of 2 (off turnover) missed by Greg Billups, Jr.(UNG), rebound offensive dead ball UNG",45 - 55,5253201,561523,561310,2024-03-18
2,14:24,Foul personal (shooting;2 free throws) (inside left) Justin Banks(CAT),45 - 55,5253201,561523,561310,2024-03-18
2,14:44,Substitution CAT: in Dre Nelson,45 - 55,5253201,561523,561310,2024-03-18
2,14:44,Substitution CAT: out DeAngelo Epps,45 - 55,5253201,561523,561310,2024-03-18
2,14:44,Substitution UNG: in Giancarlo Bastianoni,45 - 55,5253201,561523,561310,2024-03-18
2,14:44,Substitution UNG: out Colin Turner,45 - 55,5253201,561523,561310,2024-03-18
2,14:44,Turnover bad pass (inside left) Kaleb Wallace(CAT),45 - 55,5253201,561523,561310,2024-03-18
2,15:00,"2pt layup (off turnover) (in the paint) made by Frank Champion(UNG), assist Greg Billups, Jr.(UNG)",45 - 55,5253201,561523,561310,2024-03-18
2,15:17,Turnover out of bounds (inside right) Kaleb Wallace(CAT),45 - 53,5253201,561523,561310,2024-03-18
2,15:29,Free throw 1 of 1 (2nd chance) made by Cayden Charles(UNG),45 - 53,5253201,561523,561310,2024-03-18
2,15:29,Foul personal (shooting;1 free throw) (under the basket) Javeon Jones(CAT),45 - 52,5253201,561523,561310,2024-03-18
2,15:29,2pt layup (2nd chance) (under the basket) made by Cayden Charles(UNG),45 - 52,5253201,561523,561310,2024-03-18
2,15:37,"2pt dunk (blocked) (under the basket) missed by Colin Turner(UNG), block Justin Banks(CAT), rebound offensive Cayden Charles(UNG)",45 - 50,5253201,561523,561310,2024-03-18
2,15:54,2pt layup (in the paint) made by DeAngelo Epps(CAT),45 - 50,5253201,561523,561310,2024-03-18
2,15:58,Timeout commercial,43 - 50,5253201,561523,561310,2024-03-18
2,16:05,2pt layup (in the paint) made by Frank Champion(UNG),43 - 50,5253201,561523,561310,2024-03-18
2,16:22,Free throw 2 of 2 made by DeAngelo Epps(CAT),43 - 48,5253201,561523,561310,2024-03-18
2,16:22,Substitution CAT: in Justin Banks,42 - 48,5253201,561523,561310,2024-03-18
2,16:22,Substitution CAT: in Kaleb Wallace,42 - 48,5253201,561523,561310,2024-03-18
2,16:22,Substitution CAT: out Kris Robinson,42 - 48,5253201,561523,561310,2024-03-18
2,16:22,Substitution CAT: out Peyton Gerald,42 - 48,5253201,561523,561310,2024-03-18
2,16:22,Free throw 1 of 2 made by DeAngelo Epps(CAT),42 - 48,5253201,561523,561310,2024-03-18
2,16:22,Foul personal (shooting;2 free throws) (in the paint) Colin Turner(UNG),41 - 48,5253201,561523,561310,2024-03-18
2,16:42,2pt layup (fast break) (under the basket) made by AJ White(UNG),41 - 48,5253201,561523,561310,2024-03-18
2,16:50,"3pt jump shot (outside right) missed by Kris Robinson(CAT), rebound defensive Frank Champion(UNG)",41 - 46,5253201,561523,561310,2024-03-18
2,16:58,"2pt layup (off turnover) (in the paint) missed by Frank Champion(UNG), rebound defensive Kris Robinson(CAT)",41 - 46,5253201,561523,561310,2024-03-18
2,17:03,"Turnover lost ball (inside left) O'Mazeon Tinsley(CAT), steal AJ White(UNG)",41 - 46,5253201,561523,561310,2024-03-18
2,17:15,"Turnover out of bounds (outside left) Greg Billups, Jr.(UNG)",41 - 46,5253201,561523,561310,2024-03-18
2,17:29,2pt jump shot (inside left) made by O'Mazeon Tinsley(CAT),41 - 46,5253201,561523,561310,2024-03-18
2,17:41,"Foul personal (back court) Cayden Charles(UNG), foul on O'Mazeon Tinsley(CAT)",39 - 46,5253201,561523,561310,2024-03-18
2,17:50,Free throw 2 of 2 made by Colin Turner(UNG),39 - 46,5253201,561523,561310,2024-03-18
2,17:50,Free throw 1 of 2 made by Colin Turner(UNG),39 - 45,5253201,561523,561310,2024-03-18
2,17:50,Foul personal (shooting;2 free throws) (in the paint) DeAngelo Epps(CAT),39 - 44,5253201,561523,561310,2024-03-18
2,18:00,"2pt layup (in the paint) missed by Javeon Jones(CAT), rebound defensive AJ White(UNG)",39 - 44,5253201,561523,561310,2024-03-18
2,18:08,"3pt jump shot (outside right) missed by Greg Billups, Jr.(UNG), rebound defensive O'Mazeon Tinsley(CAT)",39 - 44,5253201,561523,561310,2024-03-18
2,18:31,2pt layup (in the paint) made by Peyton Gerald(CAT),39 - 44,5253201,561523,561310,2024-03-18
2,18:51,Free throw 2 of 2 made by Colin Turner(UNG),37 - 44,5253201,561523,561310,2024-03-18
2,18:51,"Free throw 1 of 2 missed by Colin Turner(UNG), rebound offensive dead ball UNG",37 - 43,5253201,561523,561310,2024-03-18
2,18:51,Foul personal (shooting;2 free throws) (under the basket) Peyton Gerald(CAT),37 - 43,5253201,561523,561310,2024-03-18
2,19:10,2pt pull up jump shot (in the paint) made by O'Mazeon Tinsley(CAT),37 - 43,5253201,561523,561310,2024-03-18
2,19:31,2pt layup (in the paint) made by Cayden Charles(UNG),35 - 43,5253201,561523,561310,2024-03-18
2,19:47,"2pt jump shot (inside center) missed by DeAngelo Epps(CAT), rebound defensive Colin Turner(UNG)",35 - 41,5253201,561523,561310,2024-03-18
2,20:00,Period start,35 - 41,5253201,561523,561310,2024-03-18
2,20:00,Substitution CAT: in Kris Robinson,35 - 41,5253201,561523,561310,2024-03-18
2,20:00,Substitution CAT: in DeAngelo Epps,35 - 41,5253201,561523,561310,2024-03-18
2,20:00,Substitution CAT: in O'Mazeon Tinsley,35 - 41,5253201,561523,561310,2024-03-18
2,20:00,Substitution CAT: out Justin Mitchell,35 - 41,5253201,561523,561310,2024-03-18
2,20:00,Substitution CAT: out Dre Nelson,35 - 41,5253201,561523,561310,2024-03-18
2,20:00,Substitution CAT: out Kaleb Wallace,35 - 41,5253201,561523,561310,2024-03-18
2,20:00,Substitution UNG: in Colin Turner,35 - 41,5253201,561523,561310,2024-03-18
2,20:00,Substitution UNG: in Cayden Charles,35 - 41,5253201,561523,561310,2024-03-18
2,20:00,Substitution UNG: out Giancarlo Bastianoni,35 - 41,5253201,561523,561310,2024-03-18
2,20:00,Substitution UNG: out Hunter Shedenhelm,35 - 41,5253201,561523,561310,2024-03-18
1,00:00.00,Period end (confirmed),35 - 41,5253201,561523,561310,2024-03-18
1,00:02.50,"2pt layup (blocked) (in the paint) missed by AJ White(UNG), block Peyton Gerald(CAT), rebound defensive (team) CAT",35 - 41,5253201,561523,561310,2024-03-18
1,00:09.10,"Free throw 2 of 2 missed by Peyton Gerald(CAT), rebound defensive Greg Billups, Jr.(UNG)",35 - 41,5253201,561523,561310,2024-03-18
1,00:09.10,"Free throw 1 of 2 missed by Peyton Gerald(CAT), rebound offensive dead ball CAT",35 - 41,5253201,561523,561310,2024-03-18
1,00:09.10,Substitution CAT: in Justin Mitchell,35 - 41,5253201,561523,561310,2024-03-18
1,00:09.10,Substitution CAT: out Kris Robinson,35 - 41,5253201,561523,561310,2024-03-18
1,00:09.10,Substitution UNG: in Hunter Shedenhelm,35 - 41,5253201,561523,561310,2024-03-18
1,00:09.10,Substitution UNG: out Cayden Charles,35 - 41,5253201,561523,561310,2024-03-18
1,00:09.10,"Foul personal (shooting;2 free throws) (inside right) Greg Billups, Jr.(UNG)",35 - 41,5253201,561523,561310,2024-03-18
1,00:33.20,Free throw 2 of 2 made by AJ White(UNG),35 - 41,5253201,561523,561310,2024-03-18
1,00:33.20,Substitution CAT: in Dre Nelson,35 - 40,5253201,561523,561310,2024-03-18
1,00:33.20,Substitution CAT: out Montraivis White,35 - 40,5253201,561523,561310,2024-03-18
1,00:33.20,Free throw 1 of 2 made by AJ White(UNG),35 - 40,5253201,561523,561310,2024-03-18
1,00:33.20,Foul personal (2 free throws) (back court) Montraivis White(CAT),35 - 39,5253201,561523,561310,2024-03-18
1,00:44.30,3pt jump shot (outside left) made by Kris Robinson(CAT),35 - 39,5253201,561523,561310,2024-03-18
1,00:54.20,Substitution CAT: in Kaleb Wallace,32 - 39,5253201,561523,561310,2024-03-18
1,00:54.20,Substitution CAT: out Shad Thomas,32 - 39,5253201,561523,561310,2024-03-18
1,00:54.20,Substitution UNG: in Cayden Charles,32 - 39,5253201,561523,561310,2024-03-18
1,00:54.20,Substitution UNG: out Hunter Shedenhelm,32 - 39,5253201,561523,561310,2024-03-18
1,00:54.20,Timeout short CAT,32 - 39,5253201,561523,561310,2024-03-18
1,00:57.80,"2pt layup (in the paint) made by Giancarlo Bastianoni(UNG), assist Frank Champion(UNG)",32 - 39,5253201,561523,561310,2024-03-18
1,01:09,Jump ball held ball UNG,32 - 37,5253201,561523,561310,2024-03-18
1,01:09,"2pt layup (in the paint) missed by Javeon Jones(CAT), rebound defensive Hunter Shedenhelm(UNG)",32 - 37,5253201,561523,561310,2024-03-18
1,01:13,"2pt layup (in the paint) missed by Javeon Jones(CAT), rebound defensive dead ball UNG",32 - 37,5253201,561523,561310,2024-03-18
1,01:30,"3pt jump shot (outside left wing) made by Hunter Shedenhelm(UNG), assist Frank Champion(UNG)",32 - 37,5253201,561523,561310,2024-03-18
1,01:44,"Free throw 2 of 2 missed by Shad Thomas(CAT), rebound defensive Greg Billups, Jr.(UNG)",32 - 34,5253201,561523,561310,2024-03-18
1,01:44,"Free throw 1 of 2 missed by Shad Thomas(CAT), rebound offensive dead ball CAT",32 - 34,5253201,561523,561310,2024-03-18
1,01:44,Foul personal (shooting;2 free throws) (under the basket) Hunter Shedenhelm(UNG),32 - 34,5253201,561523,561310,2024-03-18
1,02:03,"3pt jump shot (off turnover) (outside left) made by AJ White(UNG), assist Giancarlo Bastianoni(UNG)",32 - 34,5253201,561523,561310,2024-03-18
1,02:10,Substitution UNG: in Hunter Shedenhelm,32 - 31,5253201,561523,561310,2024-03-18
1,02:10,Substitution UNG: out Cayden Charles,32 - 31,5253201,561523,561310,2024-03-18
1,02:10,Turnover out of bounds (back court) Montraivis White(CAT),32 - 31,5253201,561523,561310,2024-03-18
1,02:15,Free throw 2 of 2 made by Frank Champion(UNG),32 - 31,5253201,561523,561310,2024-03-18
1,02:15,Substitution CAT: in Shad Thomas,32 - 30,5253201,561523,561310,2024-03-18
1,02:15,Substitution CAT: out Justin Banks,32 - 30,5253201,561523,561310,2024-03-18
1,02:15,Substitution UNG: in Cayden Charles,32 - 30,5253201,561523,561310,2024-03-18
1,02:15,Substitution UNG: out Hunter Shedenhelm,32 - 30,5253201,561523,561310,2024-03-18
1,02:15,Free throw 1 of 2 made by Frank Champion(UNG),32 - 30,5253201,561523,561310,2024-03-18
1,02:15,Foul personal (2 free throws) (inside left) Justin Banks(CAT),32 - 29,5253201,561523,561310,2024-03-18
1,02:44,2pt layup (off turnover) (in the paint) made by Justin Banks(CAT),32 - 29,5253201,561523,561310,2024-03-18
1,03:06,Turnover lost ball (in the paint) Frank Champion(UNG),30 - 29,5253201,561523,561310,2024-03-18
1,03:13,"2pt layup (in the paint) missed by Peyton Gerald(CAT), rebound defensive Frank Champion(UNG)",30 - 29,5253201,561523,561310,2024-03-18
1,03:29,Substitution UNG: in Hunter Shedenhelm,30 - 29,5253201,561523,561310,2024-03-18
1,03:29,Substitution UNG: out Cayden Charles,30 - 29,5253201,561523,561310,2024-03-18
1,03:29,Timeout commercial,30 - 29,5253201,561523,561310,2024-03-18
1,03:44,"2pt layup (off turnover) (in the paint) made by Justin Banks(CAT), assist Peyton Gerald(CAT)",30 - 29,5253201,561523,561310,2024-03-18
1,03:52,"Turnover bad pass (inside center) Cayden Charles(UNG), steal Peyton Gerald(CAT)",28 - 29,5253201,561523,561310,2024-03-18
1,04:18,Free throw 3 of 3 made by Kris Robinson(CAT),28 - 29,5253201,561523,561310,2024-03-18
1,04:18,Free throw 2 of 3 made by Kris Robinson(CAT),27 - 29,5253201,561523,561310,2024-03-18
1,04:18,Free throw 1 of 3 made by Kris Robinson(CAT),26 - 29,5253201,561523,561310,2024-03-18
1,04:18,Foul personal (shooting;3 free throws) (outside left) Cayden Charles(UNG),25 - 29,5253201,561523,561310,2024-03-18
1,04:38,Free throw 2 of 2 (fast break) made by Giancarlo Bastianoni(UNG),25 - 29,5253201,561523,561310,2024-03-18
1,04:38,Substitution CAT: in Kris Robinson,25 - 28,5253201,561523,561310,2024-03-18
1,04:38,Substitution CAT: out Dre Nelson,25 - 28,5253201,561523,561310,2024-03-18
1,04:38,Free throw 1 of 2 (fast break) made by Giancarlo Bastianoni(UNG),25 - 28,5253201,561523,561310,2024-03-18
1,04:38,Foul personal (2 free throws) (back court) Justin Banks(CAT),25 - 27,5253201,561523,561310,2024-03-18
1,04:42,"3pt jump shot (outside left) missed by Dre Nelson(CAT), rebound defensive Giancarlo Bastianoni(UNG)",25 - 27,5253201,561523,561310,2024-03-18
1,05:00,Free throw 2 of 2 (2nd chance) made by Giancarlo Bastianoni(UNG),25 - 27,5253201,561523,561310,2024-03-18
1,05:00,Substitution CAT: in Peyton Gerald,25 - 26,5253201,561523,561310,2024-03-18
1,05:00,Substitution CAT: in Justin Banks,25 - 26,5253201,561523,561310,2024-03-18
1,05:00,Substitution CAT: out Justin Mitchell,25 - 26,5253201,561523,561310,2024-03-18
1,05:00,Substitution CAT: out Shad Thomas,25 - 26,5253201,561523,561310,2024-03-18
1,05:00,Free throw 1 of 2 (2nd chance) made by Giancarlo Bastianoni(UNG),25 - 26,5253201,561523,561310,2024-03-18
1,05:00,Foul personal (shooting;2 free throws) (in the paint) Justin Mitchell(CAT),25 - 25,5253201,561523,561310,2024-03-18
1,05:02,"2pt jump shot (2nd chance) (inside left) missed by AJ White(UNG), rebound offensive Giancarlo Bastianoni(UNG)",25 - 25,5253201,561523,561310,2024-03-18
1,05:11,"2pt layup (in the paint) missed by Frank Champion(UNG), rebound offensive Giancarlo Bastianoni(UNG)",25 - 25,5253201,561523,561310,2024-03-18
1,05:22,"2pt layup (under the basket) missed by Javeon Jones(CAT), rebound defensive Frank Champion(UNG)",25 - 25,5253201,561523,561310,2024-03-18
1,05:32,"2pt jump shot (inside right) missed by Giancarlo Bastianoni(UNG), rebound defensive Javeon Jones(CAT)",25 - 25,5253201,561523,561310,2024-03-18
1,05:51,"3pt jump shot (outside right) missed by Javeon Jones(CAT), rebound defensive Cayden Charles(UNG)",25 - 25,5253201,561523,561310,2024-03-18
1,06:09,"Free throw 2 of 2 (fast break;off turnover) missed by Cayden Charles(UNG), rebound defensive Justin Mitchell(CAT)",25 - 25,5253201,561523,561310,2024-03-18
1,06:09,Free throw 1 of 2 (fast break;off turnover) made by Cayden Charles(UNG),25 - 25,5253201,561523,561310,2024-03-18
1,06:09,Foul personal (shooting;2 free throws) (under the basket) Dre Nelson(CAT),25 - 24,5253201,561523,561310,2024-03-18
1,06:12,"Turnover lost ball (outside center) Javeon Jones(CAT), steal Frank Champion(UNG)",25 - 24,5253201,561523,561310,2024-03-18
1,06:30,"2pt layup (in the paint) made by Frank Champion(UNG), assist Cayden Charles(UNG)",25 - 24,5253201,561523,561310,2024-03-18
1,06:47,"2pt layup (off turnover;blocked) (under the basket) missed by Dre Nelson(CAT), block Frank Champion(UNG), rebound defensive Cayden Charles(UNG)",25 - 22,5253201,561523,561310,2024-03-18
1,06:52,"Turnover bad pass (back court) Frank Champion(UNG), steal Dre Nelson(CAT)",25 - 22,5253201,561523,561310,2024-03-18
1,06:54,Free throw 1 of 1 (fast break;off turnover) made by Dre Nelson(CAT),25 - 22,5253201,561523,561310,2024-03-18
1,06:54,Foul personal (shooting;1 free throw) (under the basket) AJ White(UNG),24 - 22,5253201,561523,561310,2024-03-18
1,06:54,2pt layup (off turnover;fast break) (under the basket) made by Dre Nelson(CAT),24 - 22,5253201,561523,561310,2024-03-18
1,06:56,"Turnover bad pass (outside center) Cayden Charles(UNG), steal Dre Nelson(CAT)",22 - 22,5253201,561523,561310,2024-03-18
1,07:11,"2pt layup (in the paint) missed by Shad Thomas(CAT), rebound defensive Giancarlo Bastianoni(UNG)",22 - 22,5253201,561523,561310,2024-03-18
1,07:29,Free throw 2 of 2 (fast break) made by AJ White(UNG),22 - 22,5253201,561523,561310,2024-03-18
1,07:29,Free throw 1 of 2 (fast break) made by AJ White(UNG),22 - 21,5253201,561523,561310,2024-03-18
1,07:29,Substitution CAT: in Justin Mitchell,22 - 20,5253201,561523,561310,2024-03-18
1,07:29,Substitution CAT: in Montraivis White,22 - 20,5253201,561523,561310,2024-03-18
1,07:29,Substitution CAT: in Shad Thomas,22 - 20,5253201,561523,561310,2024-03-18
1,07:29,Substitution CAT: out Peyton Gerald,22 - 20,5253201,561523,561310,2024-03-18
1,07:29,Substitution CAT: out Kaleb Wallace,22 - 20,5253201,561523,561310,2024-03-18
1,07:29,Substitution CAT: out O'Mazeon Tinsley,22 - 20,5253201,561523,561310,2024-03-18
1,07:29,Substitution UNG: in Cayden Charles,22 - 20,5253201,561523,561310,2024-03-18
1,07:29,Substitution UNG: out Hunter Shedenhelm,22 - 20,5253201,561523,561310,2024-03-18
1,07:29,Timeout commercial,22 - 20,5253201,561523,561310,2024-03-18
1,07:29,Foul personal (one and one) (back court) O'Mazeon Tinsley(CAT),22 - 20,5253201,561523,561310,2024-03-18
1,07:34,"2pt layup (off turnover;fast break) (under the basket) made by Javeon Jones(CAT), assist O'Mazeon Tinsley(CAT)",22 - 20,5253201,561523,561310,2024-03-18
1,07:38,"Turnover lost ball (back court) Hunter Shedenhelm(UNG), steal Javeon Jones(CAT)",20 - 20,5253201,561523,561310,2024-03-18
1,07:49,2pt layup (under the basket) made by Javeon Jones(CAT),20 - 20,5253201,561523,561310,2024-03-18
1,08:12,"3pt jump shot (outside right) missed by AJ White(UNG), rebound defensive Kaleb Wallace(CAT)",18 - 20,5253201,561523,561310,2024-03-18
1,08:16,Substitution UNG: in Hunter Shedenhelm,18 - 20,5253201,561523,561310,2024-03-18
1,08:16,Substitution UNG: out Sutton Smith,18 - 20,5253201,561523,561310,2024-03-18
1,08:26,"3pt jump shot (outside left) missed by O'Mazeon Tinsley(CAT), rebound defensive Frank Champion(UNG)",18 - 20,5253201,561523,561310,2024-03-18
1,08:37,"Substitution UNG: in Greg Billups, Jr.",18 - 20,5253201,561523,561310,2024-03-18
1,08:37,Substitution UNG: out Cayden Charles,18 - 20,5253201,561523,561310,2024-03-18
1,08:37,"2pt jump shot (off turnover) (inside center) missed by AJ White(UNG), rebound defensive (team) CAT",18 - 20,5253201,561523,561310,2024-03-18
1,08:46,Substitution CAT: in Dre Nelson,18 - 20,5253201,561523,561310,2024-03-18
1,08:46,Substitution CAT: out DeAngelo Epps,18 - 20,5253201,561523,561310,2024-03-18
1,08:46,"Foul offensive (in the paint) DeAngelo Epps(CAT), turnover offensive DeAngelo Epps(CAT), foul on Giancarlo Bastianoni(UNG)",18 - 20,5253201,561523,561310,2024-03-18
1,09:05,"2pt layup (fast break) (in the paint) made by Giancarlo Bastianoni(UNG), assist AJ White(UNG)",18 - 20,5253201,561523,561310,2024-03-18
1,09:10,Free throw 1 of 1 (fast break;off turnover) made by Javeon Jones(CAT),18 - 18,5253201,561523,561310,2024-03-18
1,09:10,Substitution CAT: in O'Mazeon Tinsley,17 - 18,5253201,561523,561310,2024-03-18
1,09:10,Substitution CAT: out Kris Robinson,17 - 18,5253201,561523,561310,2024-03-18
1,09:10,Substitution UNG: in Sutton Smith,17 - 18,5253201,561523,561310,2024-03-18
1,09:10,Substitution UNG: out Hunter Shedenhelm,17 - 18,5253201,561523,561310,2024-03-18
1,09:10,Foul personal (shooting;1 free throw) (under the basket) Frank Champion(UNG),17 - 18,5253201,561523,561310,2024-03-18
1,09:10,2pt layup (off turnover;fast break) (under the basket) made by Javeon Jones(CAT),17 - 18,5253201,561523,561310,2024-03-18
1,09:13,"Turnover lost ball (back court) Giancarlo Bastianoni(UNG), steal Javeon Jones(CAT)",15 - 18,5253201,561523,561310,2024-03-18
1,09:32,Substitution UNG: in Hunter Shedenhelm,15 - 18,5253201,561523,561310,2024-03-18
1,09:32,Substitution UNG: out Sutton Smith,15 - 18,5253201,561523,561310,2024-03-18
1,09:32,Substitution CAT: in DeAngelo Epps,15 - 18,5253201,561523,561310,2024-03-18
1,09:32,Substitution CAT: in Javeon Jones,15 - 18,5253201,561523,561310,2024-03-18
1,09:32,Substitution CAT: out Dre Nelson,15 - 18,5253201,561523,561310,2024-03-18
1,09:32,Substitution CAT: out Montraivis White,15 - 18,5253201,561523,561310,2024-03-18
1,09:32,Substitution UNG: in Frank Champion,15 - 18,5253201,561523,561310,2024-03-18
1,09:32,Substitution UNG: out Case Roach,15 - 18,5253201,561523,561310,2024-03-18
1,09:32,Turnover lost ball (outside center) Montraivis White(CAT),15 - 18,5253201,561523,561310,2024-03-18
1,09:43,"2pt layup (under the basket) made by Giancarlo Bastianoni(UNG), assist Sutton Smith(UNG)",15 - 18,5253201,561523,561310,2024-03-18
1,10:19,"3pt jump shot (outside left) made by Kris Robinson(CAT), assist Montraivis White(CAT)",15 - 16,5253201,561523,561310,2024-03-18
1,10:30,"2pt layup (in the paint) made by Giancarlo Bastianoni(UNG), assist AJ White(UNG)",12 - 16,5253201,561523,561310,2024-03-18
1,10:49,"3pt jump shot (outside right wing) missed by Montraivis White(CAT), rebound defensive Cayden Charles(UNG)",12 - 14,5253201,561523,561310,2024-03-18
1,11:12,Free throw 2 of 2 (off turnover) made by Cayden Charles(UNG),12 - 14,5253201,561523,561310,2024-03-18
1,11:12,Free throw 1 of 2 (off turnover) made by Cayden Charles(UNG),12 - 13,5253201,561523,561310,2024-03-18
1,11:12,Foul personal (shooting;2 free throws) (under the basket) Kaleb Wallace(CAT),12 - 12,5253201,561523,561310,2024-03-18
1,11:22,Substitution CAT: in Peyton Gerald,12 - 12,5253201,561523,561310,2024-03-18
1,11:22,Substitution CAT: out Justin Banks,12 - 12,5253201,561523,561310,2024-03-18
1,11:22,Timeout commercial,12 - 12,5253201,561523,561310,2024-03-18
1,11:22,Turnover bad pass (inside center) Kaleb Wallace(CAT),12 - 12,5253201,561523,561310,2024-03-18
1,11:34,2pt floating jump shot (inside left) made by AJ White(UNG),12 - 12,5253201,561523,561310,2024-03-18
1,11:50,"3pt jump shot (off turnover) (outside center) missed by Kaleb Wallace(CAT), rebound defensive Giancarlo Bastianoni(UNG)",12 - 10,5253201,561523,561310,2024-03-18
1,12:09,Substitution UNG: in Case Roach,12 - 10,5253201,561523,561310,2024-03-18
1,12:09,Substitution UNG: in AJ White,12 - 10,5253201,561523,561310,2024-03-18
1,12:09,Substitution UNG: out Hunter Shedenhelm,12 - 10,5253201,561523,561310,2024-03-18
1,12:09,Substitution UNG: out Frank Champion,12 - 10,5253201,561523,561310,2024-03-18
1,12:09,Turnover travel (under the basket) Cayden Charles(UNG),12 - 10,5253201,561523,561310,2024-03-18
1,12:20,"3pt jump shot (outside left) missed by Dre Nelson(CAT), rebound defensive Cayden Charles(UNG)",12 - 10,5253201,561523,561310,2024-03-18
1,12:26,"2pt layup (off turnover;blocked) (in the paint) missed by Sutton Smith(UNG), block Kaleb Wallace(CAT), rebound defensive Kaleb Wallace(CAT)",12 - 10,5253201,561523,561310,2024-03-18
1,12:31,"Turnover lost ball (in the paint) Montraivis White(CAT), steal Sutton Smith(UNG)",12 - 10,5253201,561523,561310,2024-03-18
1,12:51,Substitution CAT: in Kris Robinson,12 - 10,5253201,561523,561310,2024-03-18
1,12:51,Substitution CAT: out Shad Thomas,12 - 10,5253201,561523,561310,2024-03-18
1,12:51,Turnover bad pass (in the paint) Hunter Shedenhelm(UNG),12 - 10,5253201,561523,561310,2024-03-18
1,13:17,2pt jump shot (inside left) made by Montraivis White(CAT),12 - 10,5253201,561523,561310,2024-03-18
1,13:22,Substitution UNG: in Sutton Smith,10 - 10,5253201,561523,561310,2024-03-18
1,13:22,Substitution UNG: out AJ White,10 - 10,5253201,561523,561310,2024-03-18
1,13:37,"2pt dunk (under the basket) made by Cayden Charles(UNG), assist Frank Champion(UNG)",10 - 10,5253201,561523,561310,2024-03-18
1,13:48,"3pt jump shot (outside left) missed by Montraivis White(CAT), rebound defensive Hunter Shedenhelm(UNG)",10 - 8,5253201,561523,561310,2024-03-18
1,14:04,"2pt layup (in the paint) missed by Frank Champion(UNG), rebound defensive Dre Nelson(CAT)",10 - 8,5253201,561523,561310,2024-03-18
1,14:13,Substitution CAT: in Justin Banks,10 - 8,5253201,561523,561310,2024-03-18
1,14:13,Substitution CAT: out Javeon Jones,10 - 8,5253201,561523,561310,2024-03-18
1,14:13,Substitution UNG: in Cayden Charles,10 - 8,5253201,561523,561310,2024-03-18
1,14:13,"Substitution UNG: out Greg Billups, Jr.",10 - 8,5253201,561523,561310,2024-03-18
1,14:26,"3pt jump shot (outside right wing) made by Kaleb Wallace(CAT), assist Javeon Jones(CAT)",10 - 8,5253201,561523,561310,2024-03-18
1,14:48,"2pt layup (under the basket) made by Hunter Shedenhelm(UNG), assist Greg Billups, Jr.(UNG)",7 - 8,5253201,561523,561310,2024-03-18
1,14:58,"3pt jump shot (outside left wing) missed by Kaleb Wallace(CAT), rebound defensive Greg Billups, Jr.(UNG)",7 - 6,5253201,561523,561310,2024-03-18
1,15:14,Free throw 2 of 2 (2nd chance) made by Frank Champion(UNG),7 - 6,5253201,561523,561310,2024-03-18
1,15:14,Free throw 1 of 2 (2nd chance) made by Frank Champion(UNG),7 - 5,5253201,561523,561310,2024-03-18
1,15:14,Substitution CAT: in Dre Nelson,7 - 4,5253201,561523,561310,2024-03-18
1,15:14,Substitution CAT: out DeAngelo Epps,7 - 4,5253201,561523,561310,2024-03-18
1,15:14,Timeout commercial,7 - 4,5253201,561523,561310,2024-03-18
1,15:14,Foul personal (shooting;2 free throws) (under the basket) DeAngelo Epps(CAT),7 - 4,5253201,561523,561310,2024-03-18
1,15:17,"2pt layup (under the basket) missed by Frank Champion(UNG), rebound offensive Frank Champion(UNG)",7 - 4,5253201,561523,561310,2024-03-18
1,15:41,"3pt jump shot (outside center) missed by DeAngelo Epps(CAT), rebound defensive Hunter Shedenhelm(UNG)",7 - 4,5253201,561523,561310,2024-03-18
1,16:01,"Free throw 2 of 2 (fast break) missed by Hunter Shedenhelm(UNG), rebound defensive Javeon Jones(CAT)",7 - 4,5253201,561523,561310,2024-03-18
1,16:01,Substitution CAT: in Montraivis White,7 - 4,5253201,561523,561310,2024-03-18
1,16:01,Substitution CAT: in Kaleb Wallace,7 - 4,5253201,561523,561310,2024-03-18
1,16:01,Substitution CAT: out Kris Robinson,7 - 4,5253201,561523,561310,2024-03-18
1,16:01,Substitution CAT: out O'Mazeon Tinsley,7 - 4,5253201,561523,561310,2024-03-18
1,16:01,Free throw 1 of 2 (fast break) made by Hunter Shedenhelm(UNG),7 - 4,5253201,561523,561310,2024-03-18
1,16:01,Foul personal (shooting;2 free throws) (in the paint) Kris Robinson(CAT),7 - 3,5253201,561523,561310,2024-03-18
1,16:07,"3pt jump shot (outside right) missed by Kris Robinson(CAT), rebound defensive Giancarlo Bastianoni(UNG)",7 - 3,5253201,561523,561310,2024-03-18
1,16:11,Substitution UNG: in Giancarlo Bastianoni,7 - 3,5253201,561523,561310,2024-03-18
1,16:11,Substitution UNG: out Colin Turner,7 - 3,5253201,561523,561310,2024-03-18
1,16:11,"Foul personal (in the paint) Colin Turner(UNG), foul on DeAngelo Epps(CAT)",7 - 3,5253201,561523,561310,2024-03-18
1,16:26,Substitution UNG: in Hunter Shedenhelm,7 - 3,5253201,561523,561310,2024-03-18
1,16:26,Substitution UNG: out Cayden Charles,7 - 3,5253201,561523,561310,2024-03-18
1,16:26,Free throw 2 of 2 (2nd chance) made by Cayden Charles(UNG),7 - 3,5253201,561523,561310,2024-03-18
1,16:26,Substitution CAT: in Shad Thomas,7 - 2,5253201,561523,561310,2024-03-18
1,16:26,Substitution CAT: out Peyton Gerald,7 - 2,5253201,561523,561310,2024-03-18
1,16:26,"Free throw 1 of 2 (2nd chance) missed by Cayden Charles(UNG), rebound offensive dead ball UNG",7 - 2,5253201,561523,561310,2024-03-18
1,16:26,Foul personal (shooting;2 free throws) (in the paint) Peyton Gerald(CAT),7 - 2,5253201,561523,561310,2024-03-18
1,16:30,"2pt layup (in the paint) missed by Greg Billups, Jr.(UNG), rebound offensive Cayden Charles(UNG)",7 - 2,5253201,561523,561310,2024-03-18
1,16:37,2pt jump shot (inside right) made by DeAngelo Epps(CAT),7 - 2,5253201,561523,561310,2024-03-18
1,16:42,"Foul personal (inside right) Greg Billups, Jr.(UNG), foul on Peyton Gerald(CAT)",5 - 2,5253201,561523,561310,2024-03-18
1,17:00,"2pt layup (in the paint) made by Colin Turner(UNG), assist Frank Champion(UNG)",5 - 2,5253201,561523,561310,2024-03-18
1,17:11,"3pt jump shot (outside left) missed by DeAngelo Epps(CAT), rebound defensive Frank Champion(UNG)",5 - 0,5253201,561523,561310,2024-03-18
1,17:28,"2pt layup (under the basket) missed by Cayden Charles(UNG), rebound defensive Javeon Jones(CAT)",5 - 0,5253201,561523,561310,2024-03-18
1,17:57,Free throw 2 of 2 (off turnover) made by Peyton Gerald(CAT),5 - 0,5253201,561523,561310,2024-03-18
1,17:57,"Free throw 1 of 2 (off turnover) missed by Peyton Gerald(CAT), rebound offensive dead ball CAT",4 - 0,5253201,561523,561310,2024-03-18
1,17:57,"Foul personal (shooting;2 free throws) (inside right) Colin Turner(UNG), foul on Peyton Gerald(CAT)",4 - 0,5253201,561523,561310,2024-03-18
1,18:12,Turnover lost ball (inside left) Frank Champion(UNG),4 - 0,5253201,561523,561310,2024-03-18
1,18:22,2pt jump shot (off turnover;fast break) (inside right) made by DeAngelo Epps(CAT),4 - 0,5253201,561523,561310,2024-03-18
1,18:29,"Turnover lost ball (in the paint) Greg Billups, Jr.(UNG), steal DeAngelo Epps(CAT)",2 - 0,5253201,561523,561310,2024-03-18
1,18:34,"2pt jump shot (inside right) missed by AJ White(UNG), rebound offensive Greg Billups, Jr.(UNG)",2 - 0,5253201,561523,561310,2024-03-18
1,18:36,"Foul personal (in the paint) Javeon Jones(CAT), foul on Greg Billups, Jr.(UNG)",2 - 0,5253201,561523,561310,2024-03-18
1,18:52,2pt layup (off turnover) (in the paint) made by Peyton Gerald(CAT),2 - 0,5253201,561523,561310,2024-03-18
1,19:12,Turnover bad pass (inside left) AJ White(UNG),0 - 0,5253201,561523,561310,2024-03-18
1,19:13,"Foul personal (in the paint) O'Mazeon Tinsley(CAT), foul on AJ White(UNG)",0 - 0,5253201,561523,561310,2024-03-18
1,19:21,"2pt jump shot (off turnover) (inside center) missed by Kris Robinson(CAT), rebound defensive Colin Turner(UNG)",0 - 0,5253201,561523,561310,2024-03-18
1,19:38,"Turnover lost ball Colin Turner(UNG), steal O'Mazeon Tinsley(CAT), steal Peyton Gerald(CAT)",0 - 0,5253201,561523,561310,2024-03-18
1,19:38,Jump ball held ball CAT,0 - 0,5253201,561523,561310,2024-03-18
1,19:38,Turnover (under the basket) Colin Turner(UNG),0 - 0,5253201,561523,561310,2024-03-18
1,20:00,"Jump ball start period, won Colin Turner(UNG), lost Peyton Gerald(CAT)",0 - 0,5253201,561523,561310,2024-03-18
1,20:00,Period start,0 - 0,5253201,561523,561310,2024-03-18
1,20:00,Game start,0 - 0,5253201,561523,561310,2024-03-18
2,07:37,"Foul personal (back court) JaMir Price(MSUM), foul on Elijah Hazekamp(MSU)",43 - 61,5253170,561766,561386,2024-03-18
2,07:46,2pt jump shot (in the paint) made by JaMir Price(MSUM),43 - 61,5253170,561766,561386,2024-03-18
2,07:58,Substitution MSUM: in JaMir Price,41 - 61,5253170,561766,561386,2024-03-18
2,07:58,Substitution MSUM: out Eddie Beeninga,41 - 61,5253170,561766,561386,2024-03-18
2,07:58,Timeout commercial,41 - 61,5253170,561766,561386,2024-03-18
2,07:58,"Foul personal (back court) Justin Eagins(MSU), foul on Ja'Kair Sanchez(MSUM)",41 - 61,5253170,561766,561386,2024-03-18
2,08:00,"2pt jump shot (in the paint) missed by Justin Eagins(MSU), rebound defensive Ja'Kair Sanchez(MSUM)",41 - 61,5253170,561766,561386,2024-03-18
2,08:26,"2pt layup (in the paint) made by Ja'Kair Sanchez(MSUM), assist Jacob Beeninga(MSUM)",41 - 61,5253170,561766,561386,2024-03-18
2,08:48,Substitution MSU: in Justin Eagins,39 - 61,5253170,561766,561386,2024-03-18
2,08:48,Substitution MSU: in Harrison Braudis,39 - 61,5253170,561766,561386,2024-03-18
2,08:48,Substitution MSU: out Brady Williams,39 - 61,5253170,561766,561386,2024-03-18
2,08:48,Substitution MSU: out Malik Willingham,39 - 61,5253170,561766,561386,2024-03-18
2,08:53,2pt dunk (in the paint) made by Dylan Peeters(MSU),39 - 61,5253170,561766,561386,2024-03-18
2,09:00,"Foul personal (in the paint) Dane Zimmer(MSUM), foul on Kyreese Willingham(MSU)",39 - 59,5253170,561766,561386,2024-03-18
2,09:09,"2pt jump shot (blocked) (inside right) missed by Jacob Beeninga(MSUM), block Malik Willingham(MSU), rebound defensive Malik Willingham(MSU)",39 - 59,5253170,561766,561386,2024-03-18
2,09:24,Substitution MSUM: in Eddie Beeninga,39 - 59,5253170,561766,561386,2024-03-18
2,09:24,Substitution MSUM: in Ja'Kair Sanchez,39 - 59,5253170,561766,561386,2024-03-18
2,09:24,Substitution MSUM: out Jacob Jennissen,39 - 59,5253170,561766,561386,2024-03-18
2,09:24,Substitution MSUM: out JaMir Price,39 - 59,5253170,561766,561386,2024-03-18
2,09:24,"Foul personal (inside left) Malik Willingham(MSU), foul on Dane Zimmer(MSUM)",39 - 59,5253170,561766,561386,2024-03-18
2,09:40,"3pt jump shot (outside right) made by Kyreese Willingham(MSU), assist Brady Williams(MSU)",39 - 59,5253170,561766,561386,2024-03-18
2,10:13,"2pt jump shot (in the paint) missed by JaMir Price(MSUM), rebound defensive Dylan Peeters(MSU)",39 - 56,5253170,561766,561386,2024-03-18
2,10:26,"3pt jump shot (outside left) missed by Malik Willingham(MSU), rebound defensive JaMir Price(MSUM)",39 - 56,5253170,561766,561386,2024-03-18
2,10:49,"3pt jump shot (outside left) missed by Dane Zimmer(MSUM), rebound defensive Kyreese Willingham(MSU)",39 - 56,5253170,561766,561386,2024-03-18
2,11:10,Free throw 3 of 3 (2nd chance) made by Elijah Hazekamp(MSU),39 - 56,5253170,561766,561386,2024-03-18
2,11:10,Free throw 2 of 3 (2nd chance) made by Elijah Hazekamp(MSU),39 - 55,5253170,561766,561386,2024-03-18
2,11:10,"Free throw 1 of 3 (2nd chance) missed by Elijah Hazekamp(MSU), rebound offensive dead ball MSU",39 - 54,5253170,561766,561386,2024-03-18
2,11:10,Timeout commercial,39 - 54,5253170,561766,561386,2024-03-18
2,11:10,Foul personal (shooting;3 free throws) (outside right) Logan Kinsey(MSUM),39 - 54,5253170,561766,561386,2024-03-18
2,11:11,Substitution MSUM: in Dane Zimmer,39 - 54,5253170,561766,561386,2024-03-18
2,11:11,Substitution MSUM: in Jacob Beeninga,39 - 54,5253170,561766,561386,2024-03-18
2,11:11,Substitution MSUM: out Eddie Beeninga,39 - 54,5253170,561766,561386,2024-03-18
2,11:11,Substitution MSUM: out Ja'Kair Sanchez,39 - 54,5253170,561766,561386,2024-03-18
2,11:11,Substitution MSU: in Elijah Hazekamp,39 - 54,5253170,561766,561386,2024-03-18
2,11:11,Substitution MSU: out Justin Eagins,39 - 54,5253170,561766,561386,2024-03-18
2,11:11,Timeout short MSU,39 - 54,5253170,561766,561386,2024-03-18
2,11:29,"3pt jump shot (outside right) missed by Malik Willingham(MSU), rebound offensive Dylan Peeters(MSU)",39 - 54,5253170,561766,561386,2024-03-18
2,11:39,"3pt jump shot (outside left) missed by Ja'Kair Sanchez(MSUM), rebound defensive Brady Williams(MSU)",39 - 54,5253170,561766,561386,2024-03-18
2,11:57,2pt dunk (off turnover;fast break) (in the paint) made by Kyreese Willingham(MSU),39 - 54,5253170,561766,561386,2024-03-18
2,12:01,"Turnover lost ball (back court) JaMir Price(MSUM), steal Kyreese Willingham(MSU)",39 - 52,5253170,561766,561386,2024-03-18
2,12:05,"2pt layup (under the basket) missed by Brady Williams(MSU), rebound defensive Jacob Jennissen(MSUM)",39 - 52,5253170,561766,561386,2024-03-18
2,12:23,"2pt dunk (in the paint) made by Logan Kinsey(MSUM), assist JaMir Price(MSUM)",39 - 52,5253170,561766,561386,2024-03-18
2,12:32,Substitution MSUM: in Logan Kinsey,37 - 52,5253170,561766,561386,2024-03-18
2,12:32,Substitution MSUM: out Dane Zimmer,37 - 52,5253170,561766,561386,2024-03-18
2,12:32,"Foul personal (in the paint) Kyreese Willingham(MSU), foul on Ja'Kair Sanchez(MSUM)",37 - 52,5253170,561766,561386,2024-03-18
2,13:04,"2pt layup (in the paint) made by Kyreese Willingham(MSU), assist Brady Williams(MSU)",37 - 52,5253170,561766,561386,2024-03-18
2,13:31,2pt layup (off turnover) (in the paint) made by Jacob Jennissen(MSUM),37 - 50,5253170,561766,561386,2024-03-18
2,14:00,Substitution MSU: in Kyreese Willingham,35 - 50,5253170,561766,561386,2024-03-18
2,14:00,Substitution MSU: out Elijah Hazekamp,35 - 50,5253170,561766,561386,2024-03-18
2,14:00,"Foul personal (outside right) Malik Willingham(MSU), foul on JaMir Price(MSUM)",35 - 50,5253170,561766,561386,2024-03-18
2,14:02,"Turnover bad pass (in the paint) Dylan Peeters(MSU), steal JaMir Price(MSUM)",35 - 50,5253170,561766,561386,2024-03-18
2,14:19,"3pt jump shot (off turnover) (outside left) made by JaMir Price(MSUM), assist Eddie Beeninga(MSUM)",35 - 50,5253170,561766,561386,2024-03-18
2,14:30,"Turnover lost ball (in the paint) Malik Willingham(MSU), steal Eddie Beeninga(MSUM)",32 - 50,5253170,561766,561386,2024-03-18
2,14:44,Turnover bad pass (inside right) Jacob Jennissen(MSUM),32 - 50,5253170,561766,561386,2024-03-18
2,14:50,"3pt jump shot (outside left) missed by Dane Zimmer(MSUM), rebound offensive Jacob Jennissen(MSUM)",32 - 50,5253170,561766,561386,2024-03-18
2,15:01,"3pt jump shot (outside right) missed by Justin Eagins(MSU), rebound defensive JaMir Price(MSUM)",32 - 50,5253170,561766,561386,2024-03-18
2,15:09,Substitution MSUM: in Jacob Jennissen,32 - 50,5253170,561766,561386,2024-03-18
2,15:09,Substitution MSUM: in Eddie Beeninga,32 - 50,5253170,561766,561386,2024-03-18
2,15:09,Substitution MSUM: out Logan Kinsey,32 - 50,5253170,561766,561386,2024-03-18
2,15:09,Substitution MSUM: out Jacob Beeninga,32 - 50,5253170,561766,561386,2024-03-18
2,15:09,Substitution MSU: in Brady Williams,32 - 50,5253170,561766,561386,2024-03-18
2,15:09,Substitution MSU: out Kyreese Willingham,32 - 50,5253170,561766,561386,2024-03-18
2,15:09,Timeout commercial,32 - 51,5253170,561766,561386,2024-03-18
2,15:16,"2pt layup (under the basket) missed by Dane Zimmer(MSUM), rebound defensive Kyreese Willingham(MSU)",32 - 51,5253170,561766,561386,2024-03-18
2,15:33,"2pt jump shot (inside right) made by Malik Willingham(MSU), assist Dylan Peeters(MSU)",32 - 51,5253170,561766,561386,2024-03-18
2,15:47,"3pt jump shot (outside left) missed by Jacob Beeninga(MSUM), rebound defensive Justin Eagins(MSU)",32 - 49,5253170,561766,561386,2024-03-18
2,16:02,"3pt jump shot (outside left) missed by Malik Willingham(MSU), rebound defensive Logan Kinsey(MSUM)",32 - 49,5253170,561766,561386,2024-03-18
2,16:16,"2pt layup (in the paint) made by Dane Zimmer(MSUM), assist Logan Kinsey(MSUM)",32 - 49,5253170,561766,561386,2024-03-18
2,16:32,"Free throw 2 of 2 (off turnover) missed by Kyreese Willingham(MSU), rebound defensive Ja'Kair Sanchez(MSUM)",30 - 49,5253170,561766,561386,2024-03-18
2,16:32,Free throw 1 of 2 (off turnover) made by Kyreese Willingham(MSU),30 - 49,5253170,561766,561386,2024-03-18
2,16:32,Foul personal (shooting;2 free throws) (in the paint) JaMir Price(MSUM),30 - 48,5253170,561766,561386,2024-03-18
2,16:36,"Turnover lost ball (in the paint) Jacob Beeninga(MSUM), steal Kyreese Willingham(MSU)",30 - 48,5253170,561766,561386,2024-03-18
2,16:51,"3pt jump shot (off turnover) (outside center) missed by Malik Willingham(MSU), rebound defensive Ja'Kair Sanchez(MSUM)",30 - 48,5253170,561766,561386,2024-03-18
2,17:01,"Turnover lost ball (in the paint) Ja'Kair Sanchez(MSUM), steal Malik Willingham(MSU)",30 - 48,5253170,561766,561386,2024-03-18
2,17:04,"2pt layup (2nd chance) (in the paint) missed by Dane Zimmer(MSUM), rebound offensive Logan Kinsey(MSUM)",30 - 48,5253170,561766,561386,2024-03-18
2,17:10,"2pt layup (in the paint) missed by Dane Zimmer(MSUM), rebound offensive Dane Zimmer(MSUM)",30 - 48,5253170,561766,561386,2024-03-18
2,17:34,2pt jump shot (inside right) made by Malik Willingham(MSU),32 - 50,5253170,561766,561386,2024-03-18
2,17:45,"3pt jump shot (outside right) missed by JaMir Price(MSUM), rebound defensive Malik Willingham(MSU)",30 - 45,5253170,561766,561386,2024-03-18
2,18:12,2pt jump shot (in the paint) made by Kyreese Willingham(MSU),30 - 45,5253170,561766,561386,2024-03-18
2,18:23,2pt layup (in the paint) made by JaMir Price(MSUM),30 - 43,5253170,561766,561386,2024-03-18
2,18:35,Free throw 2 of 2 made by Dylan Peeters(MSU),28 - 43,5253170,561766,561386,2024-03-18
2,18:35,Free throw 1 of 2 made by Dylan Peeters(MSU),28 - 42,5253170,561766,561386,2024-03-18
2,18:35,Foul personal (shooting;2 free throws) (in the paint) Dane Zimmer(MSUM),28 - 41,5253170,561766,561386,2024-03-18
2,18:43,"3pt jump shot (outside left) missed by Jacob Beeninga(MSUM), rebound defensive Malik Willingham(MSU)",28 - 41,5253170,561766,561386,2024-03-18
2,19:02,2pt jump shot (inside right) made by Malik Willingham(MSU),28 - 41,5253170,561766,561386,2024-03-18
2,19:25,"2pt layup (blocked) (in the paint) missed by Ja'Kair Sanchez(MSUM), block Kyreese Willingham(MSU), rebound defensive Dylan Peeters(MSU)",28 - 39,5253170,561766,561386,2024-03-18
2,19:51,"3pt jump shot (outside left) missed by Elijah Hazekamp(MSU), rebound defensive Dane Zimmer(MSUM)",28 - 39,5253170,561766,561386,2024-03-18
2,20:00,Period start,28 - 39,5253170,561766,561386,2024-03-18
2,20:00,Substitution MSU: in Dylan Peeters,28 - 39,5253170,561766,561386,2024-03-18
2,20:00,Substitution MSU: out Brady Williams,28 - 39,5253170,561766,561386,2024-03-18
1,00:00.00,Period end (confirmed),28 - 39,5253170,561766,561386,2024-03-18
1,00:06.30,"3pt jump shot (off turnover) (outside center) missed by Malik Willingham(MSU), rebound defensive Dane Zimmer(MSUM)",28 - 39,5253170,561766,561386,2024-03-18
1,00:12.20,"Turnover lost ball (in the paint) Ja'Kair Sanchez(MSUM), steal Justin Eagins(MSU)",28 - 39,5253170,561766,561386,2024-03-18
1,00:16.00,"2pt layup (blocked) (under the basket) missed by Dane Zimmer(MSUM), block Brady Williams(MSU), rebound offensive (team) MSUM",28 - 39,5253170,561766,561386,2024-03-18
1,00:41.50,"2pt layup (under the basket) missed by Malik Willingham(MSU), rebound defensive Ja'Kair Sanchez(MSUM)",28 - 39,5253170,561766,561386,2024-03-18
1,00:55.30,"2pt layup (2nd chance) (under the basket) made by Logan Kinsey(MSUM), assist Dane Zimmer(MSUM)",28 - 39,5253170,561766,561386,2024-03-18
1,01:01,"2pt jump shot (blocked) (in the paint) missed by Dane Zimmer(MSUM), block Brady Williams(MSU), rebound offensive Dane Zimmer(MSUM)",26 - 39,5253170,561766,561386,2024-03-18
1,01:16,"2pt jump shot (off turnover) (inside left) missed by Justin Eagins(MSU), rebound defensive Dane Zimmer(MSUM)",26 - 39,5253170,561766,561386,2024-03-18
1,01:29,Turnover bad pass (inside right) JaMir Price(MSUM),26 - 39,5253170,561766,561386,2024-03-18
1,01:54,2pt layup (2nd chance) (in the paint) made by Brady Williams(MSU),26 - 39,5253170,561766,561386,2024-03-18
1,01:58,"2pt layup (in the paint) missed by Kyreese Willingham(MSU), rebound offensive Brady Williams(MSU)",26 - 37,5253170,561766,561386,2024-03-18
1,02:19,2pt layup (2nd chance) (in the paint) made by Logan Kinsey(MSUM),26 - 37,5253170,561766,561386,2024-03-18
1,02:22,"2pt layup (in the paint) missed by Logan Kinsey(MSUM), rebound offensive Logan Kinsey(MSUM)",24 - 37,5253170,561766,561386,2024-03-18
1,02:37,2pt jump shot (inside right) made by Elijah Hazekamp(MSU),24 - 37,5253170,561766,561386,2024-03-18
1,02:48,"Free throw 2 of 2 (2nd chance) missed by Jacob Beeninga(MSUM), rebound defensive Kyreese Willingham(MSU)",24 - 35,5253170,561766,561386,2024-03-18
1,02:48,"Free throw 1 of 2 (2nd chance) missed by Jacob Beeninga(MSUM), rebound offensive dead ball MSUM",24 - 35,5253170,561766,561386,2024-03-18
1,02:48,Foul personal (shooting;2 free throws) (in the paint) Malik Willingham(MSU),24 - 35,5253170,561766,561386,2024-03-18
1,02:55,Timeout short MSUM,24 - 35,5253170,561766,561386,2024-03-18
1,02:58,"2pt jump shot (in the paint) missed by Logan Kinsey(MSUM), rebound offensive Logan Kinsey(MSUM)",24 - 35,5253170,561766,561386,2024-03-18
1,03:26,"3pt jump shot (fast break) (outside right) made by Malik Willingham(MSU), assist Elijah Hazekamp(MSU)",24 - 35,5253170,561766,561386,2024-03-18
1,03:32,"2pt layup (off turnover;blocked) (in the paint) missed by JaMir Price(MSUM), block Kyreese Willingham(MSU), rebound defensive Elijah Hazekamp(MSU)",24 - 32,5253170,561766,561386,2024-03-18
1,03:37,"Turnover lost ball (outside center) Malik Willingham(MSU), steal Logan Kinsey(MSUM)",24 - 32,5253170,561766,561386,2024-03-18
1,04:05,2pt jump shot (inside left) made by Logan Kinsey(MSUM),24 - 32,5253170,561766,561386,2024-03-18
1,04:22,Free throw 2 of 2 made by Kyreese Willingham(MSU),22 - 32,5253170,561766,561386,2024-03-18
1,04:22,Free throw 1 of 2 made by Kyreese Willingham(MSU),22 - 31,5253170,561766,561386,2024-03-18
1,04:22,Foul personal (shooting;2 free throws) (in the paint) Jacob Beeninga(MSUM),22 - 30,5253170,561766,561386,2024-03-18
1,04:28,"2pt jump shot (blocked) (inside left) missed by Ja'Kair Sanchez(MSUM), block Kyreese Willingham(MSU), rebound defensive Kyreese Willingham(MSU)",22 - 30,5253170,561766,561386,2024-03-18
1,04:44,Substitution MSUM: in Logan Kinsey,22 - 30,5253170,561766,561386,2024-03-18
1,04:44,Substitution MSUM: out Jacob Jennissen,22 - 30,5253170,561766,561386,2024-03-18
1,04:44,Timeout short MSUM,22 - 30,5253170,561766,561386,2024-03-18
1,04:46,2pt layup (fast break) (in the paint) made by Kyreese Willingham(MSU),22 - 30,5253170,561766,561386,2024-03-18
1,04:53,"3pt jump shot (outside left) missed by Jacob Beeninga(MSUM), rebound defensive Kyreese Willingham(MSU)",22 - 28,5253170,561766,561386,2024-03-18
1,05:18,2pt layup (in the paint) made by Malik Willingham(MSU),22 - 28,5253170,561766,561386,2024-03-18
1,05:28,"2pt jump shot (in the paint) missed by JaMir Price(MSUM), rebound defensive Brady Williams(MSU)",22 - 26,5253170,561766,561386,2024-03-18
1,05:44,Jump ball held ball MSUM,22 - 26,5253170,561766,561386,2024-03-18
1,05:59,2pt jump shot (inside right) made by Malik Willingham(MSU),22 - 26,5253170,561766,561386,2024-03-18
1,06:10,"2pt jump shot (2nd chance) (inside right) missed by Ja'Kair Sanchez(MSUM), rebound defensive Kyreese Willingham(MSU)",22 - 24,5253170,561766,561386,2024-03-18
1,06:13,"3pt jump shot (2nd chance;blocked) (outside right) missed by Jacob Beeninga(MSUM), block Malik Willingham(MSU), rebound offensive JaMir Price(MSUM)",22 - 24,5253170,561766,561386,2024-03-18
1,06:15,"2pt layup (2nd chance;blocked) (in the paint) missed by JaMir Price(MSUM), block Malik Willingham(MSU), rebound offensive (team) MSUM",22 - 24,5253170,561766,561386,2024-03-18
1,06:28,Substitution MSU: in Brady Williams,22 - 24,5253170,561766,561386,2024-03-18
1,06:28,Substitution MSU: out Dylan Peeters,22 - 24,5253170,561766,561386,2024-03-18
1,06:30,"Foul personal (outside center) Dylan Peeters(MSU), foul on JaMir Price(MSUM)",22 - 24,5253170,561766,561386,2024-03-18
1,06:39,"Foul personal (in the paint) Dylan Peeters(MSU), foul on Jacob Jennissen(MSUM)",22 - 24,5253170,561766,561386,2024-03-18
1,06:40,"2pt jump shot (2nd chance;blocked) (inside left) missed by Jacob Jennissen(MSUM), block Dylan Peeters(MSU), rebound offensive Jacob Jennissen(MSUM)",22 - 24,5253170,561766,561386,2024-03-18
1,06:43,"2pt jump shot (inside right) missed by Ja'Kair Sanchez(MSUM), rebound offensive Jacob Jennissen(MSUM)",22 - 24,5253170,561766,561386,2024-03-18
1,07:04,2pt jump shot (inside right) made by Malik Willingham(MSU),22 - 24,5253170,561766,561386,2024-03-18
1,07:18,Free throw 2 of 2 made by Dane Zimmer(MSUM),22 - 22,5253170,561766,561386,2024-03-18
1,07:18,Substitution MSUM: in Jacob Jennissen,21 - 22,5253170,561766,561386,2024-03-18
1,07:18,Substitution MSUM: out Logan Kinsey,21 - 22,5253170,561766,561386,2024-03-18
1,07:18,Free throw 1 of 2 made by Dane Zimmer(MSUM),21 - 22,5253170,561766,561386,2024-03-18
1,07:18,Foul personal (shooting;2 free throws) (in the paint) Elijah Hazekamp(MSU),20 - 22,5253170,561766,561386,2024-03-18
1,07:45,2pt layup (in the paint) made by Dylan Peeters(MSU),20 - 22,5253170,561766,561386,2024-03-18
1,07:53,"2pt layup (in the paint) missed by Logan Kinsey(MSUM), rebound defensive Malik Willingham(MSU)",20 - 20,5253170,561766,561386,2024-03-18
1,07:59,Timeout commercial,20 - 20,5253170,561766,561386,2024-03-18
1,08:25,"2pt layup (in the paint) made by Malik Willingham(MSU), assist Dylan Peeters(MSU)",20 - 20,5253170,561766,561386,2024-03-18
1,08:36,"Free throw 2 of 2 missed by Logan Kinsey(MSUM), rebound defensive Dylan Peeters(MSU)",20 - 18,5253170,561766,561386,2024-03-18
1,08:36,Substitution MSUM: in Jacob Beeninga,20 - 18,5253170,561766,561386,2024-03-18
1,08:36,Substitution MSUM: out Jacob Jennissen,20 - 18,5253170,561766,561386,2024-03-18
1,08:36,Substitution MSU: in Justin Eagins,20 - 18,5253170,561766,561386,2024-03-18
1,08:36,Substitution MSU: out Brady Williams,20 - 18,5253170,561766,561386,2024-03-18
1,08:36,"Free throw 1 of 2 missed by Logan Kinsey(MSUM), rebound offensive dead ball MSUM",20 - 18,5253170,561766,561386,2024-03-18
1,08:36,Foul personal (shooting;2 free throws) (in the paint) Elijah Hazekamp(MSU),20 - 18,5253170,561766,561386,2024-03-18
1,08:53,"3pt jump shot (outside right) missed by Malik Willingham(MSU), rebound defensive Logan Kinsey(MSUM)",20 - 18,5253170,561766,561386,2024-03-18
1,09:06,"3pt jump shot (outside left) made by JaMir Price(MSUM), assist Dane Zimmer(MSUM)",20 - 18,5253170,561766,561386,2024-03-18
1,09:23,"2pt jump shot (inside left) missed by Kyreese Willingham(MSU), rebound defensive Dane Zimmer(MSUM)",17 - 18,5253170,561766,561386,2024-03-18
1,09:39,2pt jump shot (in the paint) made by JaMir Price(MSUM),17 - 18,5253170,561766,561386,2024-03-18
1,09:57,"3pt jump shot (2nd chance) (outside left) made by Malik Willingham(MSU), assist Brady Williams(MSU)",15 - 18,5253170,561766,561386,2024-03-18
1,10:01,"2pt jump shot (inside left) missed by Malik Willingham(MSU), rebound offensive Brady Williams(MSU)",15 - 15,5253170,561766,561386,2024-03-18
1,10:13,Substitution MSU: in Kyreese Willingham,15 - 15,5253170,561766,561386,2024-03-18
1,10:13,Substitution MSU: out Harrison Braudis,15 - 15,5253170,561766,561386,2024-03-18
1,10:13,Free throw 2 of 2 (2nd chance) made by Dane Zimmer(MSUM),15 - 15,5253170,561766,561386,2024-03-18
1,10:13,Substitution MSUM: in Ja'Kair Sanchez,14 - 15,5253170,561766,561386,2024-03-18
1,10:13,Substitution MSUM: in JaMir Price,14 - 15,5253170,561766,561386,2024-03-18
1,10:13,Substitution MSUM: out Eddie Beeninga,14 - 15,5253170,561766,561386,2024-03-18
1,10:13,Substitution MSUM: out Jacob Beeninga,14 - 15,5253170,561766,561386,2024-03-18
1,10:13,Substitution MSU: in Dylan Peeters,14 - 15,5253170,561766,561386,2024-03-18
1,10:13,Substitution MSU: in Malik Willingham,14 - 15,5253170,561766,561386,2024-03-18
1,10:13,Substitution MSU: out Justin Eagins,14 - 15,5253170,561766,561386,2024-03-18
1,10:13,Substitution MSU: out Malcolm Jones,14 - 15,5253170,561766,561386,2024-03-18
1,10:13,Free throw 1 of 2 (2nd chance) made by Dane Zimmer(MSUM),14 - 15,5253170,561766,561386,2024-03-18
1,10:13,Foul personal (shooting;2 free throws) (in the paint) Brady Williams(MSU),13 - 15,5253170,561766,561386,2024-03-18
1,10:21,"2pt jump shot (inside right) missed by Jacob Jennissen(MSUM), rebound offensive Dane Zimmer(MSUM)",13 - 15,5253170,561766,561386,2024-03-18
1,10:44,"2pt layup (blocked) (in the paint) missed by Brady Williams(MSU), block Logan Kinsey(MSUM), rebound defensive Jacob Jennissen(MSUM)",13 - 15,5253170,561766,561386,2024-03-18
1,11:14,"3pt jump shot (outside left) made by Dane Zimmer(MSUM), assist Eddie Beeninga(MSUM)",13 - 15,5253170,561766,561386,2024-03-18
1,11:18,"2pt layup (in the paint) missed by Harrison Braudis(MSU), rebound defensive Dane Zimmer(MSUM)",10 - 15,5253170,561766,561386,2024-03-18
1,11:19,Substitution MSU: in Harrison Braudis,10 - 15,5253170,561766,561386,2024-03-18
1,11:19,Substitution MSU: out Dylan Peeters,10 - 15,5253170,561766,561386,2024-03-18
1,11:30,"2pt layup (blocked) (in the paint) missed by Jacob Beeninga(MSUM), block Elijah Hazekamp(MSU), rebound defensive Malcolm Jones(MSU)",10 - 15,5253170,561766,561386,2024-03-18
1,11:45,2pt layup (2nd chance) (in the paint) made by Brady Williams(MSU),10 - 15,5253170,561766,561386,2024-03-18
1,11:55,Substitution MSUM: in Dane Zimmer,10 - 13,5253170,561766,561386,2024-03-18
1,11:55,Substitution MSUM: out JaMir Price,10 - 13,5253170,561766,561386,2024-03-18
1,11:55,Substitution MSU: in Elijah Hazekamp,10 - 13,5253170,561766,561386,2024-03-18
1,11:55,Substitution MSU: in Dylan Peeters,10 - 13,5253170,561766,561386,2024-03-18
1,11:55,Substitution MSU: out Harrison Braudis,10 - 13,5253170,561766,561386,2024-03-18
1,11:55,Substitution MSU: out Kyreese Willingham,10 - 13,5253170,561766,561386,2024-03-18
1,11:55,Timeout commercial,10 - 13,5253170,561766,561386,2024-03-18
1,11:55,Foul personal (inside right) Logan Kinsey(MSUM),10 - 13,5253170,561766,561386,2024-03-18
1,11:55,"2pt jump shot (in the paint) missed by Justin Eagins(MSU), rebound offensive Kyreese Willingham(MSU)",10 - 13,5253170,561766,561386,2024-03-18
1,12:02,Substitution MSUM: in Eddie Beeninga,10 - 13,5253170,561766,561386,2024-03-18
1,12:02,Substitution MSUM: out Ja'Kair Sanchez,10 - 13,5253170,561766,561386,2024-03-18
1,12:02,Substitution MSU: in Harrison Braudis,10 - 13,5253170,561766,561386,2024-03-18
1,12:02,Substitution MSU: out Malik Willingham,10 - 13,5253170,561766,561386,2024-03-18
1,12:02,Foul personal (in the paint) JaMir Price(MSUM),22 - 30,5253170,561766,561386,2024-03-18
1,12:11,"2pt layup (off turnover) (in the paint) missed by JaMir Price(MSUM), rebound defensive Malcolm Jones(MSU)",10 - 13,5253170,561766,561386,2024-03-18
1,12:18,"Turnover bad pass (inside right) Malik Willingham(MSU), steal JaMir Price(MSUM)",10 - 13,5253170,561766,561386,2024-03-18
1,12:34,2pt layup (2nd chance) (under the basket) made by Jacob Jennissen(MSUM),10 - 13,5253170,561766,561386,2024-03-18
1,12:37,"2pt jump shot (inside left) missed by JaMir Price(MSUM), rebound offensive Jacob Jennissen(MSUM)",8 - 13,5253170,561766,561386,2024-03-18
1,13:05,"2pt layup (blocked) (in the paint) missed by Malik Willingham(MSU), block Jacob Jennissen(MSUM), rebound defensive Jacob Jennissen(MSUM)",8 - 13,5253170,561766,561386,2024-03-18
1,13:19,"2pt jump shot (inside left) missed by Ja'Kair Sanchez(MSUM), rebound defensive Brady Williams(MSU)",8 - 13,5253170,561766,561386,2024-03-18
1,13:39,3pt jump shot (outside right wing) made by Malik Willingham(MSU),8 - 13,5253170,561766,561386,2024-03-18
1,13:52,"2pt layup (under the basket) missed by Ja'Kair Sanchez(MSUM), rebound defensive Brady Williams(MSU)",8 - 10,5253170,561766,561386,2024-03-18
1,14:08,"2pt jump shot (off turnover) (inside right) missed by Kyreese Willingham(MSU), rebound defensive Jacob Beeninga(MSUM)",8 - 10,5253170,561766,561386,2024-03-18
1,14:32,"Turnover bad pass (under the basket) Jacob Beeninga(MSUM), steal Malcolm Jones(MSU)",8 - 10,5253170,561766,561386,2024-03-18
1,14:44,"2pt jump shot (off turnover) (inside right) missed by Logan Kinsey(MSUM), rebound offensive Jacob Jennissen(MSUM)",8 - 10,5253170,561766,561386,2024-03-18
1,14:55,Substitution MSUM: in Jacob Jennissen,8 - 10,5253170,561766,561386,2024-03-18
1,14:55,Substitution MSUM: out Dane Zimmer,8 - 10,5253170,561766,561386,2024-03-18
1,14:55,Substitution MSU: in Brady Williams,8 - 10,5253170,561766,561386,2024-03-18
1,14:55,Substitution MSU: in Malcolm Jones,8 - 10,5253170,561766,561386,2024-03-18
1,14:55,Substitution MSU: out Elijah Hazekamp,8 - 10,5253170,561766,561386,2024-03-18
1,14:55,Substitution MSU: out Dylan Peeters,8 - 10,5253170,561766,561386,2024-03-18
1,14:55,Timeout commercial,8 - 10,5253170,561766,561386,2024-03-18
1,14:55,Turnover lost ball (in the paint) Justin Eagins(MSU),8 - 10,5253170,561766,561386,2024-03-18
1,15:09,"2pt layup (in the paint) missed by JaMir Price(MSUM), rebound defensive Kyreese Willingham(MSU)",8 - 10,5253170,561766,561386,2024-03-18
1,15:36,"3pt jump shot (outside center) missed by Justin Eagins(MSU), rebound defensive Dane Zimmer(MSUM)",8 - 10,5253170,561766,561386,2024-03-18
1,15:48,"3pt jump shot (outside right wing) missed by JaMir Price(MSUM), rebound defensive Malik Willingham(MSU)",8 - 10,5253170,561766,561386,2024-03-18
1,16:06,3pt jump shot (outside center) made by Malik Willingham(MSU),8 - 10,5253170,561766,561386,2024-03-18
1,16:19,"2pt layup (in the paint) made by Dane Zimmer(MSUM), assist Ja'Kair Sanchez(MSUM)",8 - 7,5253170,561766,561386,2024-03-18
1,16:33,"2pt layup (under the basket) missed by Dylan Peeters(MSU), rebound defensive Dane Zimmer(MSUM)",6 - 7,5253170,561766,561386,2024-03-18
1,16:47,2pt jump shot (in the paint) made by JaMir Price(MSUM),6 - 7,5253170,561766,561386,2024-03-18
1,16:57,"2pt jump shot (in the paint) missed by Malik Willingham(MSU), rebound defensive Dane Zimmer(MSUM)",4 - 7,5253170,561766,561386,2024-03-18
1,17:14,2pt layup (2nd chance) (under the basket) made by JaMir Price(MSUM),4 - 7,5253170,561766,561386,2024-03-18
1,17:22,"3pt jump shot (outside left) missed by Ja'Kair Sanchez(MSUM), rebound offensive JaMir Price(MSUM)",2 - 7,5253170,561766,561386,2024-03-18
1,17:42,"3pt jump shot (fast break) (outside right) made by Kyreese Willingham(MSU), assist Malik Willingham(MSU)",2 - 7,5253170,561766,561386,2024-03-18
1,17:50,"3pt jump shot (outside right) missed by JaMir Price(MSUM), rebound defensive Elijah Hazekamp(MSU)",2 - 4,5253170,561766,561386,2024-03-18
1,18:04,2pt hook shot (in the paint) made by Dylan Peeters(MSU),2 - 4,5253170,561766,561386,2024-03-18
1,18:22,"2pt layup (in the paint) made by Dane Zimmer(MSUM), assist Ja'Kair Sanchez(MSUM)",2 - 2,5253170,561766,561386,2024-03-18
1,18:37,"2pt jump shot (inside left) missed by Malik Willingham(MSU), rebound defensive Dane Zimmer(MSUM)",0 - 2,5253170,561766,561386,2024-03-18
1,18:48,"3pt jump shot (outside left) missed by Ja'Kair Sanchez(MSUM), rebound defensive Justin Eagins(MSU)",0 - 2,5253170,561766,561386,2024-03-18
1,19:12,"2pt layup (in the paint) made by Kyreese Willingham(MSU), assist Malik Willingham(MSU)",0 - 2,5253170,561766,561386,2024-03-18
1,19:26,"3pt jump shot (outside center) missed by Jacob Beeninga(MSUM), rebound defensive (team) MSU",0 - 0,5253170,561766,561386,2024-03-18
1,19:49,"3pt jump shot (outside right) missed by Justin Eagins(MSU), rebound defensive JaMir Price(MSUM)",0 - 0,5253170,561766,561386,2024-03-18
1,20:00,"Jump ball start period, won Dylan Peeters(MSU), lost Logan Kinsey(MSUM)",0 - 0,5253170,561766,561386,2024-03-18
1,20:00,Period start,0 - 0,5253170,561766,561386,2024-03-18
1,20:00,Game start,0 - 0,5253170,561766,561386,2024-03-18
2,09:04,"3pt jump shot (2nd chance;off turnover) (outside left) made by Larry Wise(WTAMU), assist Ryland Holt(WTAMU)",43 - 45,5253199,561279,561331,2024-03-18
2,09:09,"2pt floating jump shot (off turnover) (under the basket) missed by Ryland Holt(WTAMU), rebound offensive (team) WTAMU",43 - 42,5253199,561279,561331,2024-03-18
2,09:23,Turnover lost ball (inside center) Ta'Jay Dunlap(DBU),43 - 42,5253199,561279,561331,2024-03-18
2,12:08,"3pt pull up jump shot (outside left wing) missed by Austin Garner(DBU), rebound offensive Justin Haire(DBU)",43 - 42,5253199,561279,561331,2024-03-18
2,09:41,Substitution DBU: in Ta'Jay Dunlap,43 - 42,5253199,561279,561331,2024-03-18
2,09:41,Substitution DBU: out Jaden Shelvin,43 - 42,5253199,561279,561331,2024-03-18
2,09:41,Substitution WTAMU: in Ryland Holt,43 - 42,5253199,561279,561331,2024-03-18
2,09:41,Substitution WTAMU: in Journee Phillips,43 - 42,5253199,561279,561331,2024-03-18
2,09:41,Substitution WTAMU: out Brock Mishak,43 - 42,5253199,561279,561331,2024-03-18
2,09:41,Substitution WTAMU: out Noah Pagotto,43 - 42,5253199,561279,561331,2024-03-18
2,09:41,2pt floating jump shot (fast break) (under the basket) made by Ahamed Mohammed(WTAMU),43 - 42,5253199,561279,561331,2024-03-18
2,09:47,"2pt floating jump shot (2nd chance) (in the paint) missed by Jaden Shelvin(DBU), rebound defensive Zach Toussaint(WTAMU)",43 - 40,5253199,561279,561331,2024-03-18
2,09:51,"2pt floating jump shot (in the paint) missed by Jaden Shelvin(DBU), rebound offensive Jaden Shelvin(DBU)",43 - 40,5253199,561279,561331,2024-03-18
2,10:14,2pt layup (under the basket) made by Larry Wise(WTAMU),43 - 40,5253199,561279,561331,2024-03-18
2,10:34,2pt dunk (off turnover;fast break) (under the basket) made by Jaden Shelvin(DBU),43 - 38,5253199,561279,561331,2024-03-18
2,10:38,Turnover bad pass (inside center) Larry Wise(WTAMU),41 - 38,5253199,561279,561331,2024-03-18
2,11:07,2pt driving layup (under the basket) made by Deng Dut(DBU),41 - 38,5253199,561279,561331,2024-03-18
2,11:20,"2pt floating jump shot (in the paint) missed by Larry Wise(WTAMU), rebound defensive Justin Haire(DBU)",39 - 38,5253199,561279,561331,2024-03-18
2,11:33,Substitution DBU: in Deng Dut,39 - 38,5253199,561279,561331,2024-03-18
2,11:33,Substitution DBU: out Ta'Jay Dunlap,39 - 38,5253199,561279,561331,2024-03-18
2,11:33,Free throw 1 of 1 made by Ta'Jay Dunlap(DBU),39 - 38,5253199,561279,561331,2024-03-18
2,11:33,Substitution DBU: in Isaac Bullard,38 - 38,5253199,561279,561331,2024-03-18
2,11:33,Substitution DBU: in Jaden Shelvin,38 - 38,5253199,561279,561331,2024-03-18
2,11:33,Substitution DBU: out David Bradley,38 - 38,5253199,561279,561331,2024-03-18
2,11:33,Substitution DBU: out Deng Dut,38 - 38,5253199,561279,561331,2024-03-18
2,11:33,Timeout commercial,38 - 38,5253199,561279,561331,2024-03-18
2,11:33,Foul personal (shooting;1 free throw) (in the paint) Noah Pagotto(WTAMU),38 - 38,5253199,561279,561331,2024-03-18
2,11:33,2pt floating jump shot (in the paint) made by Ta'Jay Dunlap(DBU),38 - 38,5253199,561279,561331,2024-03-18
2,11:43,"2pt driving layup (in the paint) missed by Larry Wise(WTAMU), rebound defensive David Bradley(DBU)",36 - 38,5253199,561279,561331,2024-03-18
2,11:58,2pt hook shot (2nd chance) (in the paint) missed by Justin Haire(DBU),43 - 42,5253199,561279,561331,2024-03-18
2,12:08,3pt jump shot (outside left wing) missed by Austin Garner(DBU),43 - 42,5253199,561279,561331,2024-03-18
2,12:25,Substitution WTAMU: in Larry Wise,36 - 38,5253199,561279,561331,2024-03-18
2,12:25,Substitution WTAMU: out Ryland Holt,36 - 38,5253199,561279,561331,2024-03-18
2,12:30,"3pt jump shot (outside left) missed by Brock Mishak(WTAMU), rebound defensive (team) DBU",36 - 38,5253199,561279,561331,2024-03-18
2,12:41,Jump ball held ball WTAMU,36 - 38,5253199,561279,561331,2024-03-18
2,12:43,"2pt floating jump shot (under the basket) missed by David Bradley(DBU), rebound defensive Brock Mishak(WTAMU)",36 - 38,5253199,561279,561331,2024-03-18
2,13:11,Substitution WTAMU: in Noah Pagotto,36 - 38,5253199,561279,561331,2024-03-18
2,13:11,Substitution WTAMU: out Kieran Elliott,36 - 38,5253199,561279,561331,2024-03-18
2,13:11,"Foul personal (back court) Kieran Elliott(WTAMU), foul on Justin Haire(DBU)",36 - 38,5253199,561279,561331,2024-03-18
2,13:11,"2pt floating jump shot (in the paint) missed by Kieran Elliott(WTAMU), rebound defensive Justin Haire(DBU)",36 - 38,5253199,561279,561331,2024-03-18
2,13:18,"2pt floating jump shot (inside right) missed by Austin Garner(DBU), rebound defensive Brock Mishak(WTAMU)",36 - 38,5253199,561279,561331,2024-03-18
2,13:40,"2pt floating jump shot (off turnover) (inside right) missed by Zach Toussaint(WTAMU), rebound defensive Austin Garner(DBU), rebound defensive David Bradley(DBU)",36 - 38,5253199,561279,561331,2024-03-18
2,13:54,Substitution DBU: in Justin Haire,36 - 38,5253199,561279,561331,2024-03-18
2,13:54,Substitution DBU: in Austin Garner,36 - 38,5253199,561279,561331,2024-03-18
2,13:54,Substitution DBU: in David Bradley,36 - 38,5253199,561279,561331,2024-03-18
2,13:54,Substitution DBU: out Isaac Bullard,36 - 38,5253199,561279,561331,2024-03-18
2,13:54,Substitution DBU: out Trevor Frank,36 - 38,5253199,561279,561331,2024-03-18
2,13:54,Substitution DBU: out Cameron Kahn,36 - 38,5253199,561279,561331,2024-03-18
2,13:54,Substitution WTAMU: in Zach Toussaint,36 - 38,5253199,561279,561331,2024-03-18
2,13:54,Substitution WTAMU: in Brock Mishak,36 - 38,5253199,561279,561331,2024-03-18
2,13:54,Substitution WTAMU: out Larry Wise,36 - 38,5253199,561279,561331,2024-03-18
2,13:54,Substitution WTAMU: out Journee Phillips,36 - 38,5253199,561279,561331,2024-03-18
2,13:54,Turnover dribbling (outside right) Deng Dut(DBU),36 - 38,5253199,561279,561331,2024-03-18
2,14:10,"3pt jump shot (outside right) missed by Larry Wise(WTAMU), rebound defensive Deng Dut(DBU)",36 - 38,5253199,561279,561331,2024-03-18
2,14:19,"2pt driving layup (off turnover) (in the paint) missed by Deng Dut(DBU), rebound defensive Ahamed Mohammed(WTAMU)",36 - 38,5253199,561279,561331,2024-03-18
2,14:25,"Turnover bad pass (in the paint) Ryland Holt(WTAMU), steal Ta'Jay Dunlap(DBU)",36 - 38,5253199,561279,561331,2024-03-18
2,14:36,"3pt jump shot (outside center) missed by Ta'Jay Dunlap(DBU), rebound defensive Ryland Holt(WTAMU)",36 - 38,5253199,561279,561331,2024-03-18
2,15:00,"2pt hook shot (under the basket) missed by Kieran Elliott(WTAMU), rebound defensive Cameron Kahn(DBU)",36 - 38,5253199,561279,561331,2024-03-18
2,15:22,"3pt jump shot (off turnover) (outside right) missed by Deng Dut(DBU), rebound defensive (team) WTAMU",36 - 38,5253199,561279,561331,2024-03-18
2,15:27,Turnover lost ball (inside center) Journee Phillips(WTAMU),36 - 38,5253199,561279,561331,2024-03-18
2,15:47,Substitution DBU: in Isaac Bullard,36 - 38,5253199,561279,561331,2024-03-18
2,15:47,Substitution DBU: in Trevor Frank,36 - 38,5253199,561279,561331,2024-03-18
2,15:47,Substitution DBU: out Austin Garner,36 - 38,5253199,561279,561331,2024-03-18
2,15:47,Substitution DBU: out Jaden Shelvin,36 - 38,5253199,561279,561331,2024-03-18
2,15:47,Substitution WTAMU: in Ahamed Mohammed,36 - 38,5253199,561279,561331,2024-03-18
2,15:47,Substitution WTAMU: out Zach Toussaint,36 - 38,5253199,561279,561331,2024-03-18
2,15:47,Timeout commercial,36 - 38,5253199,561279,561331,2024-03-18
2,15:47,"Foul offensive (under the basket) Jaden Shelvin(DBU), turnover offensive Jaden Shelvin(DBU), foul on Zach Toussaint(WTAMU)",36 - 38,5253199,561279,561331,2024-03-18
2,16:02,"2pt layup (off turnover;fast break) (under the basket) made by Kieran Elliott(WTAMU), assist Zach Toussaint(WTAMU)",36 - 38,5253199,561279,561331,2024-03-18
2,16:10,"Turnover bad pass (inside left) Austin Garner(DBU), steal Ryland Holt(WTAMU)",36 - 36,5253199,561279,561331,2024-03-18
2,16:30,2pt floating jump shot (in the paint) made by Journee Phillips(WTAMU),36 - 36,5253199,561279,561331,2024-03-18
2,16:44,Substitution DBU: in Cameron Kahn,36 - 34,5253199,561279,561331,2024-03-18
2,16:44,Substitution DBU: out Justin Haire,36 - 34,5253199,561279,561331,2024-03-18
2,16:44,"Foul personal (inside left) Austin Garner(DBU), foul on Ryland Holt(WTAMU)",36 - 34,5253199,561279,561331,2024-03-18
2,16:56,"Foul personal (in the paint) Justin Haire(DBU), foul on Kieran Elliott(WTAMU)",36 - 34,5253199,561279,561331,2024-03-18
2,17:22,3pt pull up jump shot (outside left) made by Deng Dut(DBU),36 - 34,5253199,561279,561331,2024-03-18
2,17:38,Substitution DBU: in Justin Haire,33 - 34,5253199,561279,561331,2024-03-18
2,17:38,Substitution DBU: out Cameron Kahn,33 - 34,5253199,561279,561331,2024-03-18
2,17:38,Substitution WTAMU: in Kieran Elliott,33 - 34,5253199,561279,561331,2024-03-18
2,17:38,Substitution WTAMU: in Journee Phillips,33 - 34,5253199,561279,561331,2024-03-18
2,17:38,Substitution WTAMU: out Ahamed Mohammed,33 - 34,5253199,561279,561331,2024-03-18
2,17:38,Substitution WTAMU: out Brock Mishak,33 - 34,5253199,561279,561331,2024-03-18
2,17:46,"3pt jump shot (2nd chance) (outside right) missed by Zach Toussaint(WTAMU), rebound defensive Austin Garner(DBU)",36 - 34,5253199,561279,561331,2024-03-18
2,17:52,"2pt floating jump shot (2nd chance) (under the basket) missed by Zach Toussaint(WTAMU), rebound offensive (team) WTAMU",33 - 34,5253199,561279,561331,2024-03-18
2,17:55,2pt floating jump shot (in the paint) missed by Zach Toussaint(WTAMU),33 - 34,5253199,561279,561331,2024-03-18
2,18:15,2pt floating jump shot (inside left) made by Deng Dut(DBU),33 - 34,5253199,561279,561331,2024-03-18
2,18:36,"3pt jump shot (2nd chance) (outside right) missed by Larry Wise(WTAMU), rebound defensive Cameron Kahn(DBU)",31 - 34,5253199,561279,561331,2024-03-18
2,18:42,"3pt jump shot (outside left) missed by Ryland Holt(WTAMU), rebound offensive Zach Toussaint(WTAMU)",31 - 34,5253199,561279,561331,2024-03-18
2,19:00,3pt step back jump shot (outside center) made by Deng Dut(DBU),31 - 34,5253199,561279,561331,2024-03-18
2,19:22,"3pt jump shot (outside left) made by Zach Toussaint(WTAMU), assist Ahamed Mohammed(WTAMU)",28 - 34,5253199,561279,561331,2024-03-18
2,19:32,"3pt jump shot (off turnover) (outside right) missed by Jaden Shelvin(DBU), rebound defensive Larry Wise(WTAMU)",28 - 31,5253199,561279,561331,2024-03-18
2,19:41,Turnover lost ball (inside right) Larry Wise(WTAMU),28 - 31,5253199,561279,561331,2024-03-18
2,19:50,"2pt hook shot (under the basket) missed by Cameron Kahn(DBU), rebound defensive Larry Wise(WTAMU)",28 - 31,5253199,561279,561331,2024-03-18
2,20:00,Period start,28 - 31,5253199,561279,561331,2024-03-18
2,20:00,Substitution DBU: in Austin Garner,28 - 31,5253199,561279,561331,2024-03-18
2,20:00,Substitution DBU: in Cameron Kahn,28 - 31,5253199,561279,561331,2024-03-18
2,20:00,Substitution DBU: out Justin Haire,28 - 31,5253199,561279,561331,2024-03-18
2,20:00,Substitution DBU: out Isaac Bullard,28 - 31,5253199,561279,561331,2024-03-18
2,20:00,Substitution WTAMU: in Brock Mishak,28 - 31,5253199,561279,561331,2024-03-18
2,20:00,Substitution WTAMU: out Mackenzie Morgan,28 - 31,5253199,561279,561331,2024-03-18
1,00:00.00,Period end (confirmed),28 - 31,5253199,561279,561331,2024-03-18
1,00:00.60,"2pt floating jump shot (2nd chance) (in the paint) missed by Ryland Holt(WTAMU), rebound offensive dead ball WTAMU",28 - 31,5253199,561279,561331,2024-03-18
1,00:01.50,Substitution DBU: in Jaden Shelvin,28 - 31,5253199,561279,561331,2024-03-18
1,00:01.50,Substitution DBU: out Trevor Frank,28 - 31,5253199,561279,561331,2024-03-18
1,00:01.50,Timeout short WTAMU,28 - 31,5253199,561279,561331,2024-03-18
1,00:01.50,Jump ball held ball WTAMU,28 - 31,5253199,561279,561331,2024-03-18
1,00:01.50,"2pt floating jump shot (under the basket) missed by Larry Wise(WTAMU), rebound offensive Larry Wise(WTAMU)",28 - 31,5253199,561279,561331,2024-03-18
1,00:35.10,"3pt jump shot (outside right) missed by Ta'Jay Dunlap(DBU), rebound defensive Larry Wise(WTAMU)",28 - 31,5253199,561279,561331,2024-03-18
1,00:46.60,"2pt floating jump shot (in the paint) missed by Larry Wise(WTAMU), rebound defensive Trevor Frank(DBU)",28 - 31,5253199,561279,561331,2024-03-18
1,01:07,"Free throw 1 of 1 (2nd chance) missed by Deng Dut(DBU), rebound defensive Larry Wise(WTAMU)",28 - 31,5253199,561279,561331,2024-03-18
1,01:11,Foul personal (one and one) (inside left) Mackenzie Morgan(WTAMU),28 - 31,5253199,561279,561331,2024-03-18
1,01:16,"2pt dunk (blocked) (in the paint) missed by Justin Haire(DBU), block Ryland Holt(WTAMU), rebound defensive (team) WTAMU, rebound offensive (team) DBU",28 - 31,5253199,561279,561331,2024-03-18
1,01:33,Substitution DBU: in Trevor Frank,28 - 31,5253199,561279,561331,2024-03-18
1,01:33,Substitution DBU: out Jaden Shelvin,28 - 31,5253199,561279,561331,2024-03-18
1,01:33,Substitution WTAMU: in Mackenzie Morgan,28 - 31,5253199,561279,561331,2024-03-18
1,01:33,Substitution WTAMU: out Journee Phillips,28 - 31,5253199,561279,561331,2024-03-18
1,01:33,Substitution DBU: in Justin Haire,28 - 31,5253199,561279,561331,2024-03-18
1,01:33,Substitution DBU: out Cameron Kahn,28 - 31,5253199,561279,561331,2024-03-18
1,01:33,Substitution WTAMU: in Zach Toussaint,28 - 31,5253199,561279,561331,2024-03-18
1,01:33,Substitution WTAMU: out Brock Mishak,28 - 31,5253199,561279,561331,2024-03-18
1,01:36,"3pt jump shot (outside right) missed by Ryland Holt(WTAMU), rebound defensive (team) DBU",28 - 31,5253199,561279,561331,2024-03-18
1,01:47,2pt floating jump shot (in the paint) made by Deng Dut(DBU),28 - 31,5253199,561279,561331,2024-03-18
1,02:19,2pt jump shot (inside left) made by Larry Wise(WTAMU),26 - 31,5253199,561279,561331,2024-03-18
1,02:36,"Free throw 2 of 2 missed by Cameron Kahn(DBU), rebound defensive Journee Phillips(WTAMU)",26 - 29,5253199,561279,561331,2024-03-18
1,02:37,Substitution DBU: in Isaac Bullard,26 - 29,5253199,561279,561331,2024-03-18
1,02:37,Substitution DBU: out Austin Garner,26 - 29,5253199,561279,561331,2024-03-18
1,02:37,Substitution WTAMU: in Larry Wise,26 - 29,5253199,561279,561331,2024-03-18
1,02:37,Substitution WTAMU: in Ahamed Mohammed,26 - 29,5253199,561279,561331,2024-03-18
1,02:37,Substitution WTAMU: out Zach Toussaint,26 - 29,5253199,561279,561331,2024-03-18
1,02:37,Substitution WTAMU: out Kieran Elliott,26 - 29,5253199,561279,561331,2024-03-18
1,02:37,Free throw 1 of 2 made by Cameron Kahn(DBU),26 - 29,5253199,561279,561331,2024-03-18
1,02:37,Foul personal (shooting;2 free throws) (under the basket) Kieran Elliott(WTAMU),25 - 29,5253199,561279,561331,2024-03-18
1,02:46,"3pt jump shot (2nd chance) (outside left) missed by Journee Phillips(WTAMU), rebound defensive Deng Dut(DBU)",25 - 29,5253199,561279,561331,2024-03-18
1,02:52,"2pt floating jump shot (blocked) (in the paint) missed by Zach Toussaint(WTAMU), block Deng Dut(DBU), rebound offensive Zach Toussaint(WTAMU), block Ta'Jay Dunlap(DBU)",25 - 29,5253199,561279,561331,2024-03-18
1,03:19,"2pt floating jump shot (in the paint) missed by Cameron Kahn(DBU), rebound defensive Ryland Holt(WTAMU)",25 - 29,5253199,561279,561331,2024-03-18
1,03:32,2pt pull up jump shot (off turnover) (in the paint) made by Journee Phillips(WTAMU),25 - 29,5253199,561279,561331,2024-03-18
1,03:58,Timeout commercial,25 - 27,5253199,561279,561331,2024-03-18
1,03:58,"Foul personal (back court) Jaden Shelvin(DBU), foul on Zach Toussaint(WTAMU)",25 - 27,5253199,561279,561331,2024-03-18
1,04:03,Substitution WTAMU: in Journee Phillips,25 - 27,5253199,561279,561331,2024-03-18
1,04:03,Substitution WTAMU: out Mackenzie Morgan,25 - 27,5253199,561279,561331,2024-03-18
1,04:03,Turnover travel (inside right) Austin Garner(DBU),25 - 27,5253199,561279,561331,2024-03-18
1,04:17,2pt layup (2nd chance) (in the paint) made by Kieran Elliott(WTAMU),25 - 27,5253199,561279,561331,2024-03-18
1,04:22,"3pt pull up jump shot (outside left) missed by Ryland Holt(WTAMU), rebound offensive Kieran Elliott(WTAMU)",25 - 25,5253199,561279,561331,2024-03-18
1,04:37,"3pt jump shot (outside right) made by Jaden Shelvin(DBU), assist Cameron Kahn(DBU)",25 - 25,5253199,561279,561331,2024-03-18
1,04:54,"2pt jump shot (inside right) made by Zach Toussaint(WTAMU), assist Brock Mishak(WTAMU)",22 - 25,5253199,561279,561331,2024-03-18
1,04:55,Substitution DBU: in Austin Garner,22 - 23,5253199,561279,561331,2024-03-18
1,04:55,Substitution DBU: in Cameron Kahn,22 - 23,5253199,561279,561331,2024-03-18
1,04:55,Substitution DBU: out Justin Haire,22 - 23,5253199,561279,561331,2024-03-18
1,04:55,Substitution DBU: out Trevor Frank,22 - 23,5253199,561279,561331,2024-03-18
1,04:55,Substitution WTAMU: in Ryland Holt,22 - 23,5253199,561279,561331,2024-03-18
1,04:55,Substitution WTAMU: in Brock Mishak,22 - 23,5253199,561279,561331,2024-03-18
1,04:55,Substitution WTAMU: out Larry Wise,22 - 23,5253199,561279,561331,2024-03-18
1,04:55,Substitution WTAMU: out Ahamed Mohammed,22 - 23,5253199,561279,561331,2024-03-18
1,04:55,"Foul personal (inside right) Trevor Frank(DBU), foul on Kieran Elliott(WTAMU)",22 - 23,5253199,561279,561331,2024-03-18
1,05:08,"2pt pull up jump shot (off turnover) (inside right) missed by Trevor Frank(DBU), rebound defensive Ahamed Mohammed(WTAMU)",22 - 23,5253199,561279,561331,2024-03-18
1,05:38,Substitution DBU: in Ta'Jay Dunlap,22 - 23,5253199,561279,561331,2024-03-18
1,05:38,Substitution DBU: in Jaden Shelvin,22 - 23,5253199,561279,561331,2024-03-18
1,05:38,Substitution DBU: out David Bradley,22 - 23,5253199,561279,561331,2024-03-18
1,05:38,Substitution DBU: out Isaac Bullard,22 - 23,5253199,561279,561331,2024-03-18
1,05:38,Substitution WTAMU: in Kieran Elliott,22 - 23,5253199,561279,561331,2024-03-18
1,05:38,Substitution WTAMU: out Ryland Holt,22 - 23,5253199,561279,561331,2024-03-18
1,05:38,"Turnover lost ball Larry Wise(WTAMU), steal Trevor Frank(DBU)",22 - 23,5253199,561279,561331,2024-03-18
1,05:38,Jump ball held ball DBU,22 - 23,5253199,561279,561331,2024-03-18
1,05:56,"3pt jump shot (outside left) missed by Trevor Frank(DBU), rebound defensive Mackenzie Morgan(WTAMU)",22 - 23,5253199,561279,561331,2024-03-18
1,06:08,"2pt turnaround jump shot (in the paint) missed by Zach Toussaint(WTAMU), rebound defensive Justin Haire(DBU)",22 - 23,5253199,561279,561331,2024-03-18
1,06:24,"3pt jump shot (outside center) missed by Deng Dut(DBU), rebound defensive Ryland Holt(WTAMU)",22 - 23,5253199,561279,561331,2024-03-18
1,06:42,Substitution DBU: in Justin Haire,22 - 23,5253199,561279,561331,2024-03-18
1,06:42,Substitution DBU: in David Bradley,22 - 23,5253199,561279,561331,2024-03-18
1,06:42,Substitution DBU: out Ta'Jay Dunlap,22 - 23,5253199,561279,561331,2024-03-18
1,06:42,Substitution DBU: out Cameron Kahn,22 - 23,5253199,561279,561331,2024-03-18
1,06:42,Substitution WTAMU: in Zach Toussaint,22 - 23,5253199,561279,561331,2024-03-18
1,06:42,Substitution WTAMU: out Journee Phillips,22 - 23,5253199,561279,561331,2024-03-18
1,06:42,Timeout commercial,22 - 23,5253199,561279,561331,2024-03-18
1,06:42,Timeout short DBU,22 - 23,5253199,561279,561331,2024-03-18
1,06:56,3pt pull up jump shot (fast break) (outside right) made by Ryland Holt(WTAMU),22 - 23,5253199,561279,561331,2024-03-18
1,07:03,"2pt floating jump shot (inside left) missed by Cameron Kahn(DBU), rebound defensive Journee Phillips(WTAMU)",22 - 20,5253199,561279,561331,2024-03-18
1,07:33,"3pt jump shot (2nd chance) (outside right) made by Ryland Holt(WTAMU), assist Ahamed Mohammed(WTAMU)",22 - 20,5253199,561279,561331,2024-03-18
1,07:37,"2pt floating jump shot (under the basket) missed by Journee Phillips(WTAMU), rebound offensive Ahamed Mohammed(WTAMU)",22 - 17,5253199,561279,561331,2024-03-18
1,07:47,"2pt floating jump shot (off turnover) (inside right) missed by Cameron Kahn(DBU), rebound defensive Journee Phillips(WTAMU)",22 - 17,5253199,561279,561331,2024-03-18
1,08:08,"Turnover lost ball (inside left) Mackenzie Morgan(WTAMU), steal Ta'Jay Dunlap(DBU)",22 - 17,5253199,561279,561331,2024-03-18
1,08:35,Substitution DBU: in Isaac Bullard,22 - 17,5253199,561279,561331,2024-03-18
1,08:35,Substitution DBU: out Jaden Shelvin,22 - 17,5253199,561279,561331,2024-03-18
1,08:35,Substitution WTAMU: in Ahamed Mohammed,22 - 17,5253199,561279,561331,2024-03-18
1,08:35,Substitution WTAMU: in Mackenzie Morgan,22 - 17,5253199,561279,561331,2024-03-18
1,08:35,Substitution WTAMU: in Ryland Holt,22 - 17,5253199,561279,561331,2024-03-18
1,08:35,Substitution WTAMU: out Zach Toussaint,22 - 17,5253199,561279,561331,2024-03-18
1,08:35,Substitution WTAMU: out Brock Mishak,22 - 17,5253199,561279,561331,2024-03-18
1,08:35,Substitution WTAMU: out Noah Pagotto,22 - 17,5253199,561279,561331,2024-03-18
1,08:39,"3pt jump shot (2nd chance;off turnover) (outside right) missed by Trevor Frank(DBU), rebound defensive Journee Phillips(WTAMU), rebound defensive (team) WTAMU",22 - 17,5253199,561279,561331,2024-03-18
1,08:42,"2pt floating jump shot (2nd chance;off turnover) (inside left) missed by Jaden Shelvin(DBU), rebound offensive Jaden Shelvin(DBU)",22 - 17,5253199,561279,561331,2024-03-18
1,08:46,"2pt layup (off turnover) (under the basket) missed by Trevor Frank(DBU), rebound offensive Ta'Jay Dunlap(DBU)",22 - 17,5253199,561279,561331,2024-03-18
1,08:52,"Turnover bad pass (inside right) Larry Wise(WTAMU), steal Deng Dut(DBU)",22 - 17,5253199,561279,561331,2024-03-18
1,09:15,Free throw 1 of 1 made by Cameron Kahn(DBU),22 - 17,5253199,561279,561331,2024-03-18
1,09:15,Substitution DBU: in Deng Dut,21 - 17,5253199,561279,561331,2024-03-18
1,09:15,Substitution DBU: out Austin Garner,21 - 17,5253199,561279,561331,2024-03-18
1,09:15,Foul personal (shooting;1 free throw) (in the paint) Noah Pagotto(WTAMU),21 - 17,5253199,561279,561331,2024-03-18
1,09:15,2pt floating jump shot (in the paint) made by Cameron Kahn(DBU),21 - 17,5253199,561279,561331,2024-03-18
1,09:35,2pt floating jump shot (2nd chance) (under the basket) made by Larry Wise(WTAMU),19 - 17,5253199,561279,561331,2024-03-18
1,09:39,Substitution DBU: in Cameron Kahn,19 - 15,5253199,561279,561331,2024-03-18
1,09:39,Substitution DBU: out Justin Haire,19 - 15,5253199,561279,561331,2024-03-18
1,09:39,"2pt floating jump shot (blocked) (in the paint) missed by Larry Wise(WTAMU), block Austin Garner(DBU), rebound offensive (team) WTAMU",19 - 15,5253199,561279,561331,2024-03-18
1,10:02,2pt floating jump shot (under the basket) made by Ta'Jay Dunlap(DBU),19 - 15,5253199,561279,561331,2024-03-18
1,10:24,Free throw 2 of 2 made by Zach Toussaint(WTAMU),17 - 15,5253199,561279,561331,2024-03-18
1,10:24,Free throw 1 of 2 made by Zach Toussaint(WTAMU),17 - 14,5253199,561279,561331,2024-03-18
1,10:24,Substitution DBU: in Justin Haire,17 - 13,5253199,561279,561331,2024-03-18
1,10:24,Substitution DBU: in Trevor Frank,17 - 13,5253199,561279,561331,2024-03-18
1,10:24,Substitution DBU: in Jaden Shelvin,17 - 13,5253199,561279,561331,2024-03-18
1,10:24,Substitution DBU: out Cody Stevens,17 - 13,5253199,561279,561331,2024-03-18
1,10:24,Substitution DBU: out Deng Dut,17 - 13,5253199,561279,561331,2024-03-18
1,10:24,Substitution DBU: out Cameron Kahn,17 - 13,5253199,561279,561331,2024-03-18
1,10:24,Substitution WTAMU: in Noah Pagotto,17 - 13,5253199,561279,561331,2024-03-18
1,10:24,Substitution WTAMU: in Journee Phillips,17 - 13,5253199,561279,561331,2024-03-18
1,10:24,Substitution WTAMU: out Ahamed Mohammed,17 - 13,5253199,561279,561331,2024-03-18
1,10:24,Substitution WTAMU: out Ryland Holt,17 - 13,5253199,561279,561331,2024-03-18
1,10:24,Timeout commercial,17 - 13,5253199,561279,561331,2024-03-18
1,10:24,Foul personal (shooting;2 free throws) (inside right) Austin Garner(DBU),17 - 13,5253199,561279,561331,2024-03-18
1,10:40,"2pt layup (under the basket) made by Austin Garner(DBU), assist Deng Dut(DBU)",17 - 13,5253199,561279,561331,2024-03-18
1,10:56,"3pt jump shot (fast break) (outside right) made by Brock Mishak(WTAMU), assist Ahamed Mohammed(WTAMU)",15 - 13,5253199,561279,561331,2024-03-18
1,11:03,"2pt hook shot (in the paint) missed by Cameron Kahn(DBU), rebound defensive Ryland Holt(WTAMU)",15 - 10,5253199,561279,561331,2024-03-18
1,11:28,"3pt jump shot (outside left) missed by Ahamed Mohammed(WTAMU), rebound defensive Cody Stevens(DBU)",15 - 10,5253199,561279,561331,2024-03-18
1,11:42,"2pt driving layup (under the basket) missed by Deng Dut(DBU), rebound defensive Ryland Holt(WTAMU)",15 - 10,5253199,561279,561331,2024-03-18
1,11:52,"2pt layup (2nd chance) (under the basket) missed by Larry Wise(WTAMU), rebound defensive Cameron Kahn(DBU)",15 - 10,5253199,561279,561331,2024-03-18
1,11:56,"2pt layup (in the paint) missed by Larry Wise(WTAMU), rebound offensive Larry Wise(WTAMU)",15 - 10,5253199,561279,561331,2024-03-18
1,12:16,2pt hook shot (off turnover) (in the paint) made by Austin Garner(DBU),15 - 10,5253199,561279,561331,2024-03-18
1,12:37,Substitution WTAMU: in Brock Mishak,13 - 10,5253199,561279,561331,2024-03-18
1,12:37,Substitution WTAMU: out Kieran Elliott,13 - 10,5253199,561279,561331,2024-03-18
1,12:37,"Foul personal (in the paint) Kieran Elliott(WTAMU), foul on Deng Dut(DBU)",13 - 10,5253199,561279,561331,2024-03-18
1,12:54,Substitution DBU: in Austin Garner,13 - 10,5253199,561279,561331,2024-03-18
1,12:54,Substitution DBU: in Cody Stevens,13 - 10,5253199,561279,561331,2024-03-18
1,12:54,Substitution DBU: out Isaac Bullard,13 - 10,5253199,561279,561331,2024-03-18
1,12:54,Substitution DBU: out Jaden Shelvin,13 - 10,5253199,561279,561331,2024-03-18
1,12:54,Substitution WTAMU: in Larry Wise,13 - 10,5253199,561279,561331,2024-03-18
1,12:54,Substitution WTAMU: out Journee Phillips,13 - 10,5253199,561279,561331,2024-03-18
1,12:54,"Foul offensive (back court) Kieran Elliott(WTAMU), turnover offensive Kieran Elliott(WTAMU), foul on Ta'Jay Dunlap(DBU)",13 - 10,5253199,561279,561331,2024-03-18
1,13:04,"3pt jump shot (outside left) missed by Ta'Jay Dunlap(DBU), rebound defensive Ahamed Mohammed(WTAMU)",13 - 10,5253199,561279,561331,2024-03-18
1,13:21,"Free throw 2 of 2 missed by Journee Phillips(WTAMU), rebound defensive Cameron Kahn(DBU)",13 - 10,5253199,561279,561331,2024-03-18
1,13:22,Substitution WTAMU: in Kieran Elliott,13 - 10,5253199,561279,561331,2024-03-18
1,13:22,Substitution WTAMU: out Brock Mishak,13 - 10,5253199,561279,561331,2024-03-18
1,13:22,Free throw 1 of 2 made by Journee Phillips(WTAMU),13 - 10,5253199,561279,561331,2024-03-18
1,13:22,Foul personal (shooting;2 free throws) (under the basket) Jaden Shelvin(DBU),13 - 9,5253199,561279,561331,2024-03-18
1,13:48,"3pt jump shot (outside center) missed by Deng Dut(DBU), rebound defensive Zach Toussaint(WTAMU)",13 - 9,5253199,561279,561331,2024-03-18
1,13:57,Substitution DBU: in Ta'Jay Dunlap,13 - 9,5253199,561279,561331,2024-03-18
1,13:57,Substitution DBU: in Jaden Shelvin,13 - 9,5253199,561279,561331,2024-03-18
1,13:57,Substitution DBU: out Austin Garner,13 - 9,5253199,561279,561331,2024-03-18
1,13:57,Substitution DBU: out Trevor Frank,13 - 9,5253199,561279,561331,2024-03-18
1,13:57,Substitution WTAMU: in Zach Toussaint,13 - 9,5253199,561279,561331,2024-03-18
1,13:57,Substitution WTAMU: out Issac Ayoubi,13 - 9,5253199,561279,561331,2024-03-18
1,13:57,"Foul personal (back court) Ryland Holt(WTAMU), foul on Austin Garner(DBU)",13 - 9,5253199,561279,561331,2024-03-18
1,13:57,"2pt driving layup (in the paint) missed by Ahamed Mohammed(WTAMU), rebound offensive dead ball WTAMU",13 - 9,5253199,561279,561331,2024-03-18
1,14:04,"2pt driving layup (under the basket) missed by Trevor Frank(DBU), rebound defensive Ahamed Mohammed(WTAMU)",13 - 9,5253199,561279,561331,2024-03-18
1,14:24,2pt driving layup (under the basket) made by Journee Phillips(WTAMU),13 - 9,5253199,561279,561331,2024-03-18
1,14:40,2pt floating jump shot (inside left) made by Isaac Bullard(DBU),13 - 7,5253199,561279,561331,2024-03-18
1,14:52,"2pt driving layup (off turnover) (under the basket) missed by Issac Ayoubi(WTAMU), rebound defensive Cameron Kahn(DBU)",11 - 7,5253199,561279,561331,2024-03-18
1,14:59,Substitution WTAMU: in Ahamed Mohammed,11 - 7,5253199,561279,561331,2024-03-18
1,14:59,Substitution WTAMU: out Larry Wise,11 - 7,5253199,561279,561331,2024-03-18
1,14:59,Substitution DBU: in Cameron Kahn,11 - 7,5253199,561279,561331,2024-03-18
1,14:59,Substitution DBU: out Justin Haire,11 - 7,5253199,561279,561331,2024-03-18
1,14:59,Substitution WTAMU: in Ryland Holt,11 - 7,5253199,561279,561331,2024-03-18
1,14:59,Substitution WTAMU: out Noah Pagotto,11 - 7,5253199,561279,561331,2024-03-18
1,14:59,Turnover out of bounds (inside left) Austin Garner(DBU),11 - 7,5253199,561279,561331,2024-03-18
1,15:08,"3pt jump shot (outside right) missed by Larry Wise(WTAMU), rebound defensive Austin Garner(DBU)",11 - 7,5253199,561279,561331,2024-03-18
1,15:23,2pt hook shot (inside right) made by Deng Dut(DBU),11 - 7,5253199,561279,561331,2024-03-18
1,15:52,Free throw 3 of 3 made by Larry Wise(WTAMU),9 - 7,5253199,561279,561331,2024-03-18
1,15:52,Free throw 2 of 3 made by Larry Wise(WTAMU),9 - 6,5253199,561279,561331,2024-03-18
1,15:52,Free throw 1 of 3 made by Larry Wise(WTAMU),9 - 5,5253199,561279,561331,2024-03-18
1,15:52,Substitution DBU: in Deng Dut,9 - 4,5253199,561279,561331,2024-03-18
1,15:52,Substitution DBU: out Ta'Jay Dunlap,9 - 4,5253199,561279,561331,2024-03-18
1,15:52,Timeout commercial,9 - 4,5253199,561279,561331,2024-03-18
1,15:52,Foul personal (shooting;3 free throws) (back court) Isaac Bullard(DBU),9 - 4,5253199,561279,561331,2024-03-18
1,16:28,2pt driving layup (off turnover) (under the basket) made by Austin Garner(DBU),9 - 4,5253199,561279,561331,2024-03-18
1,16:39,"Turnover lost ball (outside center) Larry Wise(WTAMU), steal Justin Haire(DBU)",7 - 4,5253199,561279,561331,2024-03-18
1,16:54,Free throw 2 of 2 (fast break) made by Ta'Jay Dunlap(DBU),7 - 4,5253199,561279,561331,2024-03-18
1,16:54,Substitution DBU: in Justin Haire,6 - 4,5253199,561279,561331,2024-03-18
1,16:54,Substitution DBU: in Isaac Bullard,6 - 4,5253199,561279,561331,2024-03-18
1,16:54,Substitution DBU: in Trevor Frank,6 - 4,5253199,561279,561331,2024-03-18
1,16:54,Substitution DBU: out Deng Dut,6 - 4,5253199,561279,561331,2024-03-18
1,16:54,Substitution DBU: out Cameron Kahn,6 - 4,5253199,561279,561331,2024-03-18
1,16:54,Substitution DBU: out Jaden Shelvin,6 - 4,5253199,561279,561331,2024-03-18
1,16:54,Substitution WTAMU: in Issac Ayoubi,6 - 4,5253199,561279,561331,2024-03-18
1,16:54,Substitution WTAMU: in Brock Mishak,6 - 4,5253199,561279,561331,2024-03-18
1,16:54,Substitution WTAMU: in Noah Pagotto,6 - 4,5253199,561279,561331,2024-03-18
1,16:54,Substitution WTAMU: in Journee Phillips,6 - 4,5253199,561279,561331,2024-03-18
1,16:54,Substitution WTAMU: out Ahamed Mohammed,6 - 4,5253199,561279,561331,2024-03-18
1,16:54,Substitution WTAMU: out Zach Toussaint,6 - 4,5253199,561279,561331,2024-03-18
1,16:54,Substitution WTAMU: out Ryland Holt,6 - 4,5253199,561279,561331,2024-03-18
1,16:54,Substitution WTAMU: out Kieran Elliott,6 - 4,5253199,561279,561331,2024-03-18
1,16:54,Free throw 1 of 2 (fast break) made by Ta'Jay Dunlap(DBU),6 - 4,5253199,561279,561331,2024-03-18
1,16:54,Foul personal (shooting;2 free throws) (in the paint) Ahamed Mohammed(WTAMU),5 - 4,5253199,561279,561331,2024-03-18
1,17:02,"3pt jump shot (2nd chance) (outside right) missed by Larry Wise(WTAMU), rebound defensive Ta'Jay Dunlap(DBU)",5 - 4,5253199,561279,561331,2024-03-18
1,17:05,"3pt jump shot (outside left) missed by Zach Toussaint(WTAMU), rebound offensive Ryland Holt(WTAMU)",5 - 4,5253199,561279,561331,2024-03-18
1,17:18,"2pt floating jump shot (in the paint) missed by Cameron Kahn(DBU), rebound defensive Kieran Elliott(WTAMU)",5 - 4,5253199,561279,561331,2024-03-18
1,17:26,2pt floating jump shot (2nd chance) (under the basket) made by Larry Wise(WTAMU),5 - 4,5253199,561279,561331,2024-03-18
1,17:43,"Foul personal (inside right) Austin Garner(DBU), foul on Ryland Holt(WTAMU)",5 - 2,5253199,561279,561331,2024-03-18
1,17:47,"3pt jump shot (outside right) missed by Ryland Holt(WTAMU), rebound offensive Ryland Holt(WTAMU)",5 - 2,5253199,561279,561331,2024-03-18
1,18:04,2pt floating jump shot (in the paint) made by Jaden Shelvin(DBU),5 - 2,5253199,561279,561331,2024-03-18
1,18:31,"2pt floating jump shot (under the basket) made by Kieran Elliott(WTAMU), assist Ahamed Mohammed(WTAMU)",3 - 2,5253199,561279,561331,2024-03-18
1,18:48,"2pt floating jump shot (in the paint) missed by Cameron Kahn(DBU), rebound defensive Kieran Elliott(WTAMU)",3 - 0,5253199,561279,561331,2024-03-18
1,19:00,"3pt jump shot (outside left) missed by Ryland Holt(WTAMU), rebound defensive Jaden Shelvin(DBU), rebound defensive Ta'Jay Dunlap(DBU)",3 - 0,5253199,561279,561331,2024-03-18
1,19:21,"3pt jump shot (outside right) made by Deng Dut(DBU), assist Jaden Shelvin(DBU)",3 - 0,5253199,561279,561331,2024-03-18
1,19:46,"2pt floating jump shot (in the paint) missed by Ryland Holt(WTAMU), rebound defensive Jaden Shelvin(DBU)",0 - 0,5253199,561279,561331,2024-03-18
1,20:00,"Jump ball start period, won Ryland Holt(WTAMU), lost Cameron Kahn(DBU)",0 - 0,5253199,561279,561331,2024-03-18
1,20:00,Period start,0 - 0,5253199,561279,561331,2024-03-18
1,20:00,Game start,0 - 0,5253199,561279,561331,2024-03-18
