Half,Clock,Play,Score,game_id,home_id,away_id
2,03:46,2pt (in the paint) missed by OSU,67 - 66,5252651,560955,561008
2,04:09,2pt driving layup (under the basket) made by Terrence Shannon Jr.(ILL),67 - 66,5252651,560955,561008
2,04:32,"2pt floating jump shot (in the paint) missed by Bruce Thornton(OSU), rebound defensive Dain Dainja(ILL)",67 - 64,5252651,560955,561008
2,04:54,"2pt hook shot (under the basket) made by Dain Dainja(ILL), assist Coleman Hawkins(ILL)",67 - 64,5252651,560955,561008
2,05:12,2pt turnaround jump shot (inside right) made by Jamison Battle(OSU),67 - 62,5252651,560955,561008
2,05:28,"Free throw 2 of 2 missed by Terrence Shannon Jr.(ILL), rebound defensive Felix Okpara(OSU)",65 - 62,5252651,560955,561008
2,05:28,Substitution OSU: in Felix Okpara,65 - 62,5252651,560955,561008
2,05:28,Substitution OSU: in Devin Royal,65 - 62,5252651,560955,561008
2,05:28,Substitution OSU: out Zed Key,65 - 62,5252651,560955,561008
2,05:28,Substitution OSU: out Dale Bonner,65 - 62,5252651,560955,561008
2,05:28,Free throw 1 of 2 made by Terrence Shannon Jr.(ILL),65 - 63,5252651,560955,561008
2,05:28,Foul personal (shooting;2 free throws) (inside left) Zed Key(OSU),65 - 61,5252651,560955,561008
2,05:43,Free throw 2 of 2 made by Jamison Battle(OSU),65 - 61,5252651,560955,561008
2,05:43,Free throw 1 of 2 made by Jamison Battle(OSU),64 - 61,5252651,560955,561008
2,05:43,Substitution ILL: in Coleman Hawkins,63 - 61,5252651,560955,561008
2,05:43,Substitution ILL: out Quincy Guerrier,63 - 61,5252651,560955,561008
2,05:43,Foul personal (one and one) (in the paint) Quincy Guerrier(ILL),63 - 61,5252651,560955,561008
2,06:00,Free throw 2 of 2 (fast break) made by Terrence Shannon Jr.(ILL),63 - 61,5252651,560955,561008
2,06:00,Free throw 1 of 2 (fast break) made by Terrence Shannon Jr.(ILL),63 - 60,5252651,560955,561008
2,06:00,Foul personal (shooting;2 free throws) (back court) Bruce Thornton(OSU),63 - 60,5252651,560955,561008
2,06:07,"2pt driving layup (under the basket) missed by Dale Bonner(OSU), rebound defensive Dain Dainja(ILL)",63 - 59,5252651,560955,561008
2,06:14,"2pt layup (2nd chance) (in the paint) missed by Terrence Shannon Jr.(ILL), rebound defensive Dale Bonner(OSU)",63 - 59,5252651,560955,561008
2,06:20,"2pt layup (blocked) (in the paint) missed by Terrence Shannon Jr.(ILL), block Zed Key(OSU), rebound offensive (team) ILL",63 - 59,5252651,560955,561008
2,06:27,Substitution ILL: in Terrence Shannon Jr.,63 - 59,5252651,560955,561008
2,06:27,Substitution ILL: out Dra Gibbs-Lawhorn,63 - 59,5252651,560955,561008
2,06:27,Timeout short ILL,63 - 59,5252651,560955,561008
2,06:28,"2pt layup (fast break) (under the basket) made by Jamison Battle(OSU), assist Roddy Gayle Jr.(OSU)",63 - 59,5252651,560955,561008
2,06:36,"2pt hook shot (inside left) missed by Dain Dainja(ILL), rebound defensive Roddy Gayle Jr.(OSU)",61 - 59,5252651,560955,561008
2,07:01,"2pt floating jump shot (off turnover) (in the paint) made by Dale Bonner(OSU), assist Bruce Thornton(OSU)",61 - 59,5252651,560955,561008
2,07:06,"Turnover bad pass (inside right) Marcus Domask(ILL), steal Bruce Thornton(OSU)",59 - 59,5252651,560955,561008
2,07:21,Jump ball held ball ILL,59 - 59,5252651,560955,561008
2,07:26,"2pt layup (in the paint) missed by Jamison Battle(OSU), rebound defensive Quincy Guerrier(ILL)",59 - 59,5252651,560955,561008
2,07:41,Free throw 1 of 1 (2nd chance) made by Dain Dainja(ILL),59 - 59,5252651,560955,561008
2,07:41,Timeout commercial,59 - 58,5252651,560955,561008
2,07:41,Foul personal (shooting;1 free throw) (under the basket) Roddy Gayle Jr.(OSU),59 - 58,5252651,560955,561008
2,07:41,2pt dunk (2nd chance) (under the basket) made by Dain Dainja(ILL),59 - 58,5252651,560955,561008
2,07:44,"2pt layup (under the basket) missed by Marcus Domask(ILL), rebound offensive Dain Dainja(ILL)",59 - 56,5252651,560955,561008
2,08:05,"2pt turnaround jump shot (in the paint) made by Jamison Battle(OSU), assist Bruce Thornton(OSU)",59 - 56,5252651,560955,561008
2,08:18,"Free throw 1 of 1 (2nd chance) missed by Dain Dainja(ILL), rebound defensive Bruce Thornton(OSU)",57 - 56,5252651,560955,561008
2,08:18,Substitution OSU: in Zed Key,57 - 56,5252651,560955,561008
2,08:18,Substitution OSU: out Felix Okpara,57 - 56,5252651,560955,561008
2,08:18,Foul personal (shooting;1 free throw) (under the basket) Felix Okpara(OSU),57 - 56,5252651,560955,561008
2,08:18,2pt layup (2nd chance) (under the basket) made by Dain Dainja(ILL),57 - 56,5252651,560955,561008
2,08:22,"2pt layup (blocked) (in the paint) missed by Dain Dainja(ILL), block Felix Okpara(OSU), rebound offensive Dain Dainja(ILL)",59 - 58,5252651,560955,561008
2,08:44,"2pt step back jump shot (blocked) (inside left) missed by Bruce Thornton(OSU), block Ty Rodgers(ILL), rebound defensive Quincy Guerrier(ILL)",57 - 54,5252651,560955,561008
2,09:03,Substitution OSU: in Jamison Battle,57 - 54,5252651,560955,561008
2,09:03,Substitution OSU: out Zed Key,57 - 54,5252651,560955,561008
2,09:03,Substitution ILL: in Marcus Domask,57 - 54,5252651,560955,561008
2,09:03,Substitution ILL: out Terrence Shannon Jr.,57 - 54,5252651,560955,561008
2,09:03,"Foul personal (outside left) Terrence Shannon Jr.(ILL), foul on Dale Bonner(OSU)",57 - 54,5252651,560955,561008
2,09:18,3pt step back jump shot (outside right) made by Terrence Shannon Jr.(ILL),57 - 54,5252651,560955,561008
2,09:32,"2pt jump shot (inside right) missed by Zed Key(OSU), rebound defensive Dain Dainja(ILL)",57 - 51,5252651,560955,561008
2,09:42,Substitution OSU: in Bruce Thornton,57 - 51,5252651,560955,561008
2,09:42,Substitution OSU: out Scotty Middleton,57 - 51,5252651,560955,561008
2,09:42,Free throw 2 of 2 made by Terrence Shannon Jr.(ILL),57 - 51,5252651,560955,561008
2,09:42,Free throw 1 of 2 made by Terrence Shannon Jr.(ILL),57 - 50,5252651,560955,561008
2,09:42,Foul personal (shooting;2 free throws) (in the paint) Roddy Gayle Jr.(OSU),57 - 49,5252651,560955,561008
2,09:49,"Foul personal (inside left) Felix Okpara(OSU), foul on Dain Dainja(ILL)",57 - 49,5252651,560955,561008
2,10:10,"Free throw 2 of 2 missed by Zed Key(OSU), rebound defensive Quincy Guerrier(ILL)",57 - 49,5252651,560955,561008
2,10:10,Substitution OSU: in Felix Okpara,57 - 49,5252651,560955,561008
2,10:10,Substitution OSU: out Evan Mahaffey,57 - 49,5252651,560955,561008
2,10:10,Free throw 1 of 2 made by Zed Key(OSU),57 - 49,5252651,560955,561008
2,10:10,Foul personal (shooting;2 free throws) (in the paint) Quincy Guerrier(ILL),56 - 49,5252651,560955,561008
2,10:29,"Free throw 1 of 1 (2nd chance) missed by Dain Dainja(ILL), rebound defensive Roddy Gayle Jr.(OSU)",56 - 49,5252651,560955,561008
2,10:29,Substitution OSU: in Evan Mahaffey,56 - 49,5252651,560955,561008
2,10:29,Substitution OSU: out Felix Okpara,56 - 49,5252651,560955,561008
2,10:29,Foul personal (shooting;1 free throw) (under the basket) Felix Okpara(OSU),56 - 49,5252651,560955,561008
2,10:29,"2pt driving layup (2nd chance) (under the basket) made by Dain Dainja(ILL), assist Terrence Shannon Jr.(ILL)",56 - 49,5252651,560955,561008
2,10:37,"Free throw 2 of 2 missed by Ty Rodgers(ILL), rebound offensive (team) ILL, rebound offensive (team) ILL",56 - 47,5252651,560955,561008
2,10:37,Substitution OSU: in Felix Okpara,56 - 47,5252651,560955,561008
2,10:37,Substitution OSU: in Dale Bonner,56 - 47,5252651,560955,561008
2,10:37,Substitution OSU: in Roddy Gayle Jr.,56 - 47,5252651,560955,561008
2,10:37,Substitution OSU: out Devin Royal,56 - 47,5252651,560955,561008
2,10:37,Substitution OSU: out Jamison Battle,56 - 47,5252651,560955,561008
2,10:37,Substitution OSU: out Bruce Thornton,56 - 47,5252651,560955,561008
2,10:37,Substitution ILL: in Dra Gibbs-Lawhorn,56 - 47,5252651,560955,561008
2,10:37,Substitution ILL: out Niccolo Moretti,56 - 47,5252651,560955,561008
2,10:37,Free throw 1 of 2 made by Ty Rodgers(ILL),56 - 47,5252651,560955,561008
2,10:37,Foul personal (shooting;2 free throws) (in the paint) Devin Royal(OSU),56 - 46,5252651,560955,561008
2,11:00,2pt pull up jump shot (off turnover) (in the paint) made by Bruce Thornton(OSU),56 - 46,5252651,560955,561008
2,11:16,Substitution ILL: in Dain Dainja,54 - 46,5252651,560955,561008
2,11:16,Substitution ILL: in Quincy Guerrier,54 - 46,5252651,560955,561008
2,11:16,Substitution ILL: in Niccolo Moretti,54 - 46,5252651,560955,561008
2,11:16,Substitution ILL: out Coleman Hawkins,54 - 46,5252651,560955,561008
2,11:16,Substitution ILL: out Justin Harmon,54 - 46,5252651,560955,561008
2,11:16,Substitution ILL: out Marcus Domask,54 - 46,5252651,560955,561008
2,11:16,"Turnover lost ball (inside right) Marcus Domask(ILL), steal Zed Key(OSU)",54 - 46,5252651,560955,561008
2,11:26,2pt dunk (2nd chance) (under the basket) made by Zed Key(OSU),54 - 46,5252651,560955,561008
2,11:31,"2pt turnaround jump shot (inside left) missed by Devin Royal(OSU), rebound offensive Zed Key(OSU)",52 - 46,5252651,560955,561008
2,11:51,2pt driving layup (under the basket) made by Marcus Domask(ILL),52 - 46,5252651,560955,561008
2,12:01,Timeout commercial,52 - 44,5252651,560955,561008
2,12:01,Timeout short OSU,52 - 44,5252651,560955,561008
2,12:01,2pt driving layup (2nd chance) (under the basket) made by Bruce Thornton(OSU),52 - 44,5252651,560955,561008
2,12:10,"2pt layup (2nd chance) (under the basket) missed by Zed Key(OSU), rebound offensive Devin Royal(OSU)",50 - 44,5252651,560955,561008
2,12:15,"2pt pull up jump shot (inside center) missed by Devin Royal(OSU), rebound offensive Zed Key(OSU)",50 - 44,5252651,560955,561008
2,12:34,"2pt layup (under the basket) made by Ty Rodgers(ILL), assist Marcus Domask(ILL)",50 - 44,5252651,560955,561008
2,12:51,"3pt jump shot (outside right) made by Scotty Middleton(OSU), assist Bruce Thornton(OSU)",50 - 42,5252651,560955,561008
2,13:14,2pt layup (under the basket) made by Ty Rodgers(ILL),47 - 42,5252651,560955,561008
2,13:38,"2pt floating jump shot (inside right) made by Scotty Middleton(OSU), assist Bruce Thornton(OSU)",47 - 40,5252651,560955,561008
2,13:55,"3pt jump shot (outside left) missed by Marcus Domask(ILL), rebound defensive Zed Key(OSU)",45 - 40,5252651,560955,561008
2,14:07,Free throw 1 of 1 made by Bruce Thornton(OSU),45 - 40,5252651,560955,561008
2,14:07,Substitution ILL: in Ty Rodgers,44 - 40,5252651,560955,561008
2,14:07,Substitution ILL: out Luke Goode,44 - 40,5252651,560955,561008
2,14:07,Foul personal (shooting;1 free throw) (under the basket) Justin Harmon(ILL),44 - 40,5252651,560955,561008
2,14:07,2pt driving layup (under the basket) made by Bruce Thornton(OSU),44 - 40,5252651,560955,561008
2,14:22,2pt driving layup (under the basket) made by Marcus Domask(ILL),42 - 40,5252651,560955,561008
2,14:35,"2pt turnaround jump shot (off turnover) (in the paint) made by Devin Royal(OSU), assist Bruce Thornton(OSU)",42 - 38,5252651,560955,561008
2,14:48,Turnover bad pass (inside left) Coleman Hawkins(ILL),40 - 38,5252651,560955,561008
2,14:48,Foul ILL,40 - 38,5252651,560955,561008
2,15:01,"3pt jump shot (outside right) missed by Luke Goode(ILL), rebound offensive (team) ILL",40 - 38,5252651,560955,561008
2,15:17,"2pt pull up jump shot (in the paint) made by Devin Royal(OSU), assist Bruce Thornton(OSU)",40 - 38,5252651,560955,561008
2,15:31,Free throw 2 of 2 made by Justin Harmon(ILL),38 - 38,5252651,560955,561008
2,15:31,Free throw 1 of 2 made by Justin Harmon(ILL),38 - 37,5252651,560955,561008
2,15:31,Substitution OSU: in Zed Key,38 - 36,5252651,560955,561008
2,15:31,Substitution OSU: in Scotty Middleton,38 - 36,5252651,560955,561008
2,15:31,Substitution OSU: out Felix Okpara,38 - 36,5252651,560955,561008
2,15:31,Substitution OSU: out Roddy Gayle Jr.,38 - 36,5252651,560955,561008
2,15:31,Timeout commercial,38 - 36,5252651,560955,561008
2,15:31,Foul personal (shooting;2 free throws) (under the basket) Felix Okpara(OSU),38 - 36,5252651,560955,561008
2,15:42,"2pt layup (2nd chance) (under the basket) missed by Jamison Battle(OSU), rebound defensive Marcus Domask(ILL)",38 - 36,5252651,560955,561008
2,15:47,"2pt driving layup (under the basket) missed by Roddy Gayle Jr.(OSU), rebound offensive Jamison Battle(OSU)",38 - 36,5252651,560955,561008
2,15:53,"2pt layup (off turnover;blocked) (under the basket) missed by Marcus Domask(ILL), block Felix Okpara(OSU), rebound defensive Felix Okpara(OSU)",38 - 36,5252651,560955,561008
2,16:07,Turnover bad pass (inside left) Roddy Gayle Jr.(OSU),38 - 36,5252651,560955,561008
2,16:32,"3pt jump shot (outside left) made by Marcus Domask(ILL), assist Coleman Hawkins(ILL)",38 - 36,5252651,560955,561008
2,16:49,"Free throw 2 of 2 (fast break) missed by Bruce Thornton(OSU), rebound offensive Jamison Battle(OSU), rebound defensive Luke Goode(ILL)",38 - 33,5252651,560955,561008
2,16:49,Substitution ILL: in Luke Goode,38 - 33,5252651,560955,561008
2,16:49,Substitution ILL: in Justin Harmon,38 - 33,5252651,560955,561008
2,16:49,Substitution ILL: out Ty Rodgers,38 - 33,5252651,560955,561008
2,16:49,Substitution ILL: out Quincy Guerrier,38 - 33,5252651,560955,561008
2,16:49,Free throw 1 of 2 (fast break) made by Bruce Thornton(OSU),38 - 33,5252651,560955,561008
2,16:49,Foul personal (shooting;2 free throws) (in the paint) Terrence Shannon Jr.(ILL),37 - 33,5252651,560955,561008
2,16:57,"3pt jump shot (outside left) missed by Terrence Shannon Jr.(ILL), rebound defensive Devin Royal(OSU)",37 - 33,5252651,560955,561008
2,16:58,Substitution OSU: in Devin Royal,37 - 33,5252651,560955,561008
2,16:58,Substitution OSU: out Evan Mahaffey,37 - 33,5252651,560955,561008
2,16:58,"Foul personal (inside left wing) Evan Mahaffey(OSU), foul on Terrence Shannon Jr.(ILL)",37 - 33,5252651,560955,561008
2,17:03,"3pt jump shot (outside left) missed by Jamison Battle(OSU), rebound defensive Coleman Hawkins(ILL)",37 - 33,5252651,560955,561008
2,17:16,"Foul personal (inside center) Terrence Shannon Jr.(ILL), foul on Jamison Battle(OSU)",37 - 33,5252651,560955,561008
2,19:17,Turnover lost ball (inside left) Terrence Shannon Jr.(ILL),37 - 33,5252651,560955,561008
2,17:29,Timeout commercial,37 - 33,5252651,560955,561008
2,17:29,Timeout short ILL,37 - 33,5252651,560955,561008
2,17:30,2pt layup (2nd chance) (under the basket) made by Ty Rodgers(ILL),37 - 33,5252651,560955,561008
2,17:36,"3pt jump shot (outside right) missed by Marcus Domask(ILL), rebound offensive Ty Rodgers(ILL)",37 - 31,5252651,560955,561008
2,18:08,"3pt pull up jump shot (outside center) missed by Bruce Thornton(OSU), rebound defensive Ty Rodgers(ILL)",37 - 31,5252651,560955,561008
2,18:25,"2pt driving layup (under the basket) missed by Marcus Domask(ILL), rebound defensive (team) OSU",37 - 31,5252651,560955,561008
2,18:38,"3pt step back jump shot (outside right) made by Bruce Thornton(OSU), assist Felix Okpara(OSU)",37 - 31,5252651,560955,561008
2,18:47,"3pt jump shot (outside right) missed by Terrence Shannon Jr.(ILL), rebound defensive Evan Mahaffey(OSU)",34 - 31,5252651,560955,561008
2,19:04,Free throw 1 of 1 made by Roddy Gayle Jr.(OSU),34 - 31,5252651,560955,561008
2,19:04,Foul personal (shooting;1 free throw) (in the paint) Ty Rodgers(ILL),33 - 31,5252651,560955,561008
2,19:04,2pt floating jump shot (off turnover) (in the paint) made by Roddy Gayle Jr.(OSU),37 - 33,5252651,560955,561008
2,19:18,2pt driving layup (under the basket) missed by Terrence Shannon Jr.(ILL),37 - 33,5252651,560955,561008
2,19:42,2pt step back jump shot (2nd chance) (inside right) made by Jamison Battle(OSU),31 - 31,5252651,560955,561008
2,19:49,"2pt layup (in the paint) missed by Jamison Battle(OSU), rebound offensive Jamison Battle(OSU)",29 - 31,5252651,560955,561008
2,20:00,Period start,29 - 31,5252651,560955,561008
2,20:00,Substitution OSU: in Evan Mahaffey,29 - 31,5252651,560955,561008
2,20:00,Substitution OSU: out Dale Bonner,29 - 31,5252651,560955,561008
2,20:00,Substitution ILL: in Quincy Guerrier,29 - 31,5252651,560955,561008
2,20:00,Substitution ILL: out Dain Dainja,29 - 31,5252651,560955,561008
1,00:00.00,Period end (confirmed),29 - 31,5252651,560955,561008
1,00:01.70,Substitution ILL: in Dain Dainja,29 - 31,5252651,560955,561008
1,00:01.70,Substitution ILL: out Luke Goode,29 - 31,5252651,560955,561008
1,00:01.70,Free throw 2 of 2 (2nd chance) made by Ty Rodgers(ILL),29 - 31,5252651,560955,561008
1,00:01.70,Substitution OSU: in Jamison Battle,29 - 30,5252651,560955,561008
1,00:01.70,Substitution OSU: out Zed Key,29 - 30,5252651,560955,561008
1,00:01.70,Timeout short OSU,29 - 30,5252651,560955,561008
1,00:01.70,"Free throw 1 of 2 (2nd chance) missed by Ty Rodgers(ILL), rebound offensive dead ball ILL",29 - 30,5252651,560955,561008
1,00:01.70,"Foul personal (loose ball;2 free throws) (in the paint) Bruce Thornton(OSU), foul on Ty Rodgers(ILL)",29 - 30,5252651,560955,561008
1,00:03.00,"2pt turnaround jump shot (inside left) missed by Marcus Domask(ILL), rebound offensive (team) ILL, rebound offensive (team) ILL",29 - 30,5252651,560955,561008
1,00:29.00,"2pt hook shot (in the paint) missed by Zed Key(OSU), rebound defensive Ty Rodgers(ILL)",29 - 30,5252651,560955,561008
1,00:46.00,"2pt driving layup (in the paint) missed by Marcus Domask(ILL), rebound defensive Dale Bonner(OSU)",29 - 30,5252651,560955,561008
1,00:46.00,2pt (in the paint) made by ILL,29 - 32,5252651,560955,561008
1,01:04,2pt pull up jump shot (in the paint) made by Bruce Thornton(OSU),29 - 30,5252651,560955,561008
1,01:26,"3pt jump shot (fast break) (outside left) made by Luke Goode(ILL), assist Terrence Shannon Jr.(ILL)",27 - 30,5252651,560955,561008
1,01:32,"2pt layup (2nd chance) (under the basket) missed by Dale Bonner(OSU), rebound defensive Ty Rodgers(ILL)",27 - 27,5252651,560955,561008
1,01:42,"3pt pull up jump shot (outside center) missed by Dale Bonner(OSU), rebound offensive Bruce Thornton(OSU)",27 - 27,5252651,560955,561008
1,01:59,"2pt turnaround jump shot (off turnover) (in the paint) missed by Marcus Domask(ILL), rebound defensive Felix Okpara(OSU)",27 - 27,5252651,560955,561008
1,02:16,Substitution OSU: in Roddy Gayle Jr.,27 - 27,5252651,560955,561008
1,02:16,Substitution OSU: out Scotty Middleton,27 - 27,5252651,560955,561008
1,02:16,Substitution ILL: in Coleman Hawkins,27 - 27,5252651,560955,561008
1,02:16,Substitution ILL: in Luke Goode,27 - 27,5252651,560955,561008
1,02:16,Substitution ILL: out Dain Dainja,27 - 27,5252651,560955,561008
1,02:16,Substitution ILL: out Quincy Guerrier,27 - 27,5252651,560955,561008
1,02:16,Timeout commercial,27 - 27,5252651,560955,561008
1,02:16,Turnover travel (in the paint) Bruce Thornton(OSU),27 - 27,5252651,560955,561008
1,02:32,2pt dunk (off turnover;fast break) (under the basket) made by Terrence Shannon Jr.(ILL),27 - 27,5252651,560955,561008
1,02:36,"Turnover bad pass (inside right) Zed Key(OSU), steal Terrence Shannon Jr.(ILL)",27 - 25,5252651,560955,561008
1,03:05,"2pt turnaround jump shot (2nd chance) (in the paint) missed by Marcus Domask(ILL), rebound defensive Zed Key(OSU)",27 - 25,5252651,560955,561008
1,03:25,"2pt dunk (blocked) (in the paint) missed by Quincy Guerrier(ILL), block Felix Okpara(OSU), rebound offensive Ty Rodgers(ILL)",27 - 25,5252651,560955,561008
1,03:36,"2pt hook shot (in the paint) missed by Felix Okpara(OSU), rebound defensive Quincy Guerrier(ILL)",27 - 25,5252651,560955,561008
1,03:58,"2pt floating jump shot (2nd chance) (in the paint) missed by Terrence Shannon Jr.(ILL), rebound defensive Zed Key(OSU)",27 - 25,5252651,560955,561008
1,04:03,"3pt jump shot (outside right) missed by Marcus Domask(ILL), rebound offensive Terrence Shannon Jr.(ILL)",27 - 25,5252651,560955,561008
1,04:21,"2pt alley oop (under the basket) made by Felix Okpara(OSU), assist Bruce Thornton(OSU)",27 - 25,5252651,560955,561008
1,04:41,"Free throw 2 of 2 missed by Quincy Guerrier(ILL), rebound defensive Felix Okpara(OSU)",25 - 25,5252651,560955,561008
1,04:41,Substitution OSU: in Felix Okpara,25 - 25,5252651,560955,561008
1,04:41,Substitution OSU: out Evan Mahaffey,25 - 25,5252651,560955,561008
1,04:41,Substitution ILL: in Ty Rodgers,25 - 25,5252651,560955,561008
1,04:41,Substitution ILL: out Justin Harmon,25 - 25,5252651,560955,561008
1,04:41,"Free throw 1 of 2 missed by Quincy Guerrier(ILL), rebound offensive dead ball ILL",25 - 25,5252651,560955,561008
1,04:41,Foul personal (loose ball;2 free throws) (back court) Evan Mahaffey(OSU),25 - 25,5252651,560955,561008
1,04:45,"2pt pull up jump shot (off turnover) (inside right) missed by Scotty Middleton(OSU), rebound defensive (team) ILL",25 - 25,5252651,560955,561008
1,04:56,Turnover travel (in the paint) Dain Dainja(ILL),25 - 25,5252651,560955,561008
1,05:17,Free throw 1 of 1 (2nd chance) made by Zed Key(OSU),25 - 25,5252651,560955,561008
1,05:17,Substitution ILL: in Quincy Guerrier,24 - 25,5252651,560955,561008
1,05:17,Substitution ILL: out Coleman Hawkins,24 - 25,5252651,560955,561008
1,05:17,Foul personal (shooting;1 free throw) (under the basket) Dain Dainja(ILL),24 - 25,5252651,560955,561008
1,05:17,2pt layup (2nd chance) (under the basket) made by Zed Key(OSU),24 - 25,5252651,560955,561008
1,05:19,"2pt layup (under the basket) missed by Evan Mahaffey(OSU), rebound offensive Zed Key(OSU)",22 - 25,5252651,560955,561008
1,05:41,"Free throw 1 of 1 (2nd chance) missed by Coleman Hawkins(ILL), rebound defensive Zed Key(OSU)",22 - 25,5252651,560955,561008
1,05:43,Substitution OSU: in Evan Mahaffey,22 - 25,5252651,560955,561008
1,05:43,Substitution OSU: in Dale Bonner,22 - 25,5252651,560955,561008
1,05:43,Substitution OSU: out Devin Royal,22 - 25,5252651,560955,561008
1,05:43,Substitution OSU: out Roddy Gayle Jr.,22 - 25,5252651,560955,561008
1,05:43,Foul personal (one and one) (in the paint) Devin Royal(OSU),22 - 25,5252651,560955,561008
1,05:44,"2pt pull up jump shot (in the paint) missed by Terrence Shannon Jr.(ILL), rebound offensive Coleman Hawkins(ILL)",22 - 25,5252651,560955,561008
1,05:59,"2pt dunk (off turnover;fast break) (under the basket) made by Roddy Gayle Jr.(OSU), assist Scotty Middleton(OSU)",22 - 25,5252651,560955,561008
1,06:04,"Turnover lost ball (outside center) Coleman Hawkins(ILL), steal Scotty Middleton(OSU)",20 - 25,5252651,560955,561008
1,06:14,"2pt pull up jump shot (inside right) missed by Justin Harmon(ILL), rebound offensive Terrence Shannon Jr.(ILL)",20 - 25,5252651,560955,561008
1,06:38,"2pt turnaround jump shot (off turnover) (in the paint) made by Devin Royal(OSU), assist Scotty Middleton(OSU), assist Bruce Thornton(OSU)",20 - 25,5252651,560955,561008
1,06:49,"Turnover lost ball (inside right) Terrence Shannon Jr.(ILL), steal Bruce Thornton(OSU)",18 - 25,5252651,560955,561008
1,06:58,"2pt pull up jump shot (in the paint) missed by Bruce Thornton(OSU), rebound defensive Dain Dainja(ILL)",18 - 25,5252651,560955,561008
1,07:14,Free throw 2 of 2 made by Dain Dainja(ILL),18 - 25,5252651,560955,561008
1,07:14,Free throw 1 of 2 made by Dain Dainja(ILL),18 - 24,5252651,560955,561008
1,07:14,Foul personal (shooting;2 free throws) (in the paint) Bruce Thornton(OSU),18 - 23,5252651,560955,561008
1,07:32,"Free throw 2 of 2 (2nd chance) missed by Zed Key(OSU), rebound defensive Marcus Domask(ILL)",18 - 23,5252651,560955,561008
1,07:32,Substitution ILL: in Marcus Domask,18 - 23,5252651,560955,561008
1,07:32,Substitution ILL: out Ty Rodgers,18 - 23,5252651,560955,561008
1,07:32,Free throw 1 of 2 (2nd chance) made by Zed Key(OSU),18 - 23,5252651,560955,561008
1,07:32,"Foul personal (shooting;2 free throws) (in the paint) Dain Dainja(ILL), foul on Zed Key(OSU)",18 - 23,5252651,560955,561008
1,07:39,Timeout commercial,17 - 23,5252651,560955,561008
1,07:42,"3pt jump shot (outside left) missed by Roddy Gayle Jr.(OSU), rebound offensive (team) OSU",17 - 23,5252651,560955,561008
1,07:49,"3pt jump shot (outside left) missed by Coleman Hawkins(ILL), rebound defensive Bruce Thornton(OSU)",17 - 23,5252651,560955,561008
1,07:57,"2pt turnaround jump shot (inside left) missed by Scotty Middleton(OSU), rebound defensive Dain Dainja(ILL)",17 - 23,5252651,560955,561008
1,08:16,Free throw 1 of 1 (fast break;off turnover) made by Terrence Shannon Jr.(ILL),17 - 23,5252651,560955,561008
1,08:16,Substitution OSU: in Devin Royal,17 - 22,5252651,560955,561008
1,08:16,Substitution OSU: out Evan Mahaffey,17 - 22,5252651,560955,561008
1,08:16,Substitution ILL: in Justin Harmon,17 - 22,5252651,560955,561008
1,08:16,Substitution ILL: out Marcus Domask,17 - 22,5252651,560955,561008
1,08:16,Foul personal (shooting;1 free throw) (under the basket) Evan Mahaffey(OSU),17 - 22,5252651,560955,561008
1,08:16,2pt driving layup (off turnover;fast break) (under the basket) made by Terrence Shannon Jr.(ILL),17 - 22,5252651,560955,561008
1,08:20,"Turnover bad pass (in the paint) Roddy Gayle Jr.(OSU), steal Terrence Shannon Jr.(ILL)",17 - 20,5252651,560955,561008
1,08:27,"Free throw 2 of 2 missed by Coleman Hawkins(ILL), rebound defensive Roddy Gayle Jr.(OSU)",17 - 20,5252651,560955,561008
1,08:28,Substitution OSU: in Zed Key,17 - 20,5252651,560955,561008
1,08:28,Substitution OSU: in Scotty Middleton,17 - 20,5252651,560955,561008
1,08:28,Substitution OSU: out Felix Okpara,17 - 20,5252651,560955,561008
1,08:28,Substitution OSU: out Jamison Battle,17 - 20,5252651,560955,561008
1,08:28,Substitution ILL: in Dain Dainja,17 - 20,5252651,560955,561008
1,08:28,Substitution ILL: out Quincy Guerrier,17 - 20,5252651,560955,561008
1,08:28,Free throw 1 of 2 made by Coleman Hawkins(ILL),17 - 20,5252651,560955,561008
1,08:28,Foul personal (shooting;2 free throws) (under the basket) Jamison Battle(OSU),17 - 19,5252651,560955,561008
1,08:38,"3pt jump shot (off turnover) (outside left) missed by Bruce Thornton(OSU), rebound defensive Terrence Shannon Jr.(ILL)",17 - 19,5252651,560955,561008
1,08:51,Turnover shot clock (team) (inside left) ILL,17 - 19,5252651,560955,561008
1,08:53,"3pt pull up jump shot (off turnover) (outside left) missed by Terrence Shannon Jr.(ILL), rebound offensive Coleman Hawkins(ILL)",17 - 19,5252651,560955,561008
1,09:12,Turnover travel (back court) Bruce Thornton(OSU),17 - 19,5252651,560955,561008
1,09:12,Turnover (in the paint) ILL,17 - 19,5252651,560955,561008
1,09:14,"2pt layup (off turnover) (under the basket) missed by Terrence Shannon Jr.(ILL), rebound defensive Felix Okpara(OSU), rebound defensive Felix Okpara(OSU)",17 - 19,5252651,560955,561008
1,09:25,"Foul offensive (back court) Evan Mahaffey(OSU), turnover offensive Evan Mahaffey(OSU), foul on Quincy Guerrier(ILL)",17 - 19,5252651,560955,561008
1,09:41,"Foul personal (outside right) Marcus Domask(ILL), foul on Jamison Battle(OSU)",17 - 19,5252651,560955,561008
1,09:42,Substitution OSU: in Bruce Thornton,17 - 19,5252651,560955,561008
1,09:42,Substitution OSU: out Dale Bonner,17 - 19,5252651,560955,561008
1,09:57,"2pt layup (off turnover) (under the basket) missed by Ty Rodgers(ILL), rebound defensive Felix Okpara(OSU)",17 - 19,5252651,560955,561008
1,10:10,Substitution OSU: in Evan Mahaffey,17 - 19,5252651,560955,561008
1,10:10,Substitution OSU: in Jamison Battle,17 - 19,5252651,560955,561008
1,10:10,Substitution OSU: out Devin Royal,17 - 19,5252651,560955,561008
1,10:10,Substitution OSU: out Scotty Middleton,17 - 19,5252651,560955,561008
1,10:10,"Foul offensive (outside left) Devin Royal(OSU), turnover offensive Devin Royal(OSU), foul on Terrence Shannon Jr.(ILL)",17 - 19,5252651,560955,561008
1,10:26,"3pt jump shot (outside left) made by Terrence Shannon Jr.(ILL), assist Ty Rodgers(ILL)",17 - 19,5252651,560955,561008
1,10:26,3pt (outside left) missed by ILL,17 - 16,5252651,560955,561008
1,10:46,"2pt pull up jump shot (inside left) made by Roddy Gayle Jr.(OSU), assist Scotty Middleton(OSU)",17 - 16,5252651,560955,561008
1,11:06,"2pt driving layup (under the basket) missed by Ty Rodgers(ILL), rebound defensive Scotty Middleton(OSU)",15 - 16,5252651,560955,561008
1,11:16,"2pt driving layup (2nd chance;off turnover) (under the basket) missed by Roddy Gayle Jr.(OSU), rebound defensive Ty Rodgers(ILL)",15 - 16,5252651,560955,561008
1,11:23,"2pt pull up jump shot (off turnover) (inside left) missed by Roddy Gayle Jr.(OSU), rebound offensive Felix Okpara(OSU)",15 - 16,5252651,560955,561008
1,11:34,Substitution ILL: in Ty Rodgers,15 - 16,5252651,560955,561008
1,11:34,Substitution ILL: in Quincy Guerrier,15 - 16,5252651,560955,561008
1,11:34,Substitution ILL: in Terrence Shannon Jr.,15 - 16,5252651,560955,561008
1,11:34,Substitution ILL: out Dain Dainja,15 - 16,5252651,560955,561008
1,11:34,Substitution ILL: out Luke Goode,15 - 16,5252651,560955,561008
1,11:34,Substitution ILL: out Justin Harmon,15 - 16,5252651,560955,561008
1,11:34,Timeout commercial,15 - 16,5252651,560955,561008
1,11:34,Turnover bad pass (back court) Justin Harmon(ILL),15 - 16,5252651,560955,561008
1,11:42,"3pt jump shot (outside center) missed by Felix Okpara(OSU), rebound defensive Justin Harmon(ILL)",15 - 16,5252651,560955,561008
1,11:51,"2pt hook shot (2nd chance;off turnover) (inside left) missed by Dain Dainja(ILL), rebound defensive Felix Okpara(OSU)",15 - 16,5252651,560955,561008
1,12:04,Substitution ILL: in Coleman Hawkins,15 - 16,5252651,560955,561008
1,12:04,Substitution ILL: out Ty Rodgers,15 - 16,5252651,560955,561008
1,12:04,Substitution OSU: in Roddy Gayle Jr.,15 - 16,5252651,560955,561008
1,12:04,Substitution OSU: out Bruce Thornton,15 - 16,5252651,560955,561008
1,12:04,Substitution ILL: in Marcus Domask,15 - 16,5252651,560955,561008
1,12:04,Substitution ILL: out Terrence Shannon Jr.,15 - 16,5252651,560955,561008
1,12:04,"Foul personal (in the paint) Devin Royal(OSU), foul on Ty Rodgers(ILL)",15 - 16,5252651,560955,561008
1,12:06,2pt pull up jump shot (off turnover) (inside right) missed by Terrence Shannon Jr.(ILL),15 - 16,5252651,560955,561008
1,12:20,Turnover travel (under the basket) Felix Okpara(OSU),15 - 16,5252651,560955,561008
1,12:43,"2pt driving layup (under the basket) made by Dain Dainja(ILL), assist Luke Goode(ILL)",15 - 16,5252651,560955,561008
1,12:47,Substitution OSU: in Felix Okpara,15 - 14,5252651,560955,561008
1,12:47,Substitution OSU: out Zed Key,15 - 14,5252651,560955,561008
1,12:47,"Foul personal (in the paint) Zed Key(OSU), foul on Dain Dainja(ILL)",15 - 14,5252651,560955,561008
1,12:57,"3pt jump shot (outside center) missed by Zed Key(OSU), rebound defensive Ty Rodgers(ILL)",15 - 14,5252651,560955,561008
1,13:14,2pt driving layup (under the basket) made by Terrence Shannon Jr.(ILL),15 - 14,5252651,560955,561008
1,13:29,Substitution OSU: in Dale Bonner,15 - 12,5252651,560955,561008
1,13:29,Substitution OSU: in Scotty Middleton,15 - 12,5252651,560955,561008
1,13:29,Substitution OSU: out Jamison Battle,15 - 12,5252651,560955,561008
1,13:29,Substitution OSU: out Roddy Gayle Jr.,15 - 12,5252651,560955,561008
1,13:29,Substitution ILL: in Ty Rodgers,15 - 12,5252651,560955,561008
1,13:29,Substitution ILL: out Marcus Domask,15 - 12,5252651,560955,561008
1,13:33,"2pt pull up jump shot (in the paint) made by Jamison Battle(OSU), assist Bruce Thornton(OSU)",15 - 12,5252651,560955,561008
1,13:48,2pt layup (under the basket) made by Dain Dainja(ILL),13 - 12,5252651,560955,561008
1,14:02,"3pt step back jump shot (outside right) missed by Jamison Battle(OSU), rebound defensive Dain Dainja(ILL)",13 - 10,5252651,560955,561008
1,14:21,Substitution ILL: in Dain Dainja,13 - 10,5252651,560955,561008
1,14:21,Substitution ILL: out Coleman Hawkins,13 - 10,5252651,560955,561008
1,14:21,"Foul personal (back court) Terrence Shannon Jr.(ILL), foul on Bruce Thornton(OSU)",13 - 10,5252651,560955,561008
1,14:21,Foul Terrence Shannon Jr.(ILL),13 - 10,5252651,560955,561008
1,14:40,"2pt layup (under the basket) made by Terrence Shannon Jr.(ILL), assist Luke Goode(ILL)",13 - 10,5252651,560955,561008
1,14:41,"Foul personal (outside center) Jamison Battle(OSU), foul on Terrence Shannon Jr.(ILL)",13 - 8,5252651,560955,561008
1,14:55,Free throw 2 of 2 made by Jamison Battle(OSU),13 - 8,5252651,560955,561008
1,14:55,Free throw 1 of 2 made by Jamison Battle(OSU),12 - 8,5252651,560955,561008
1,14:55,Substitution OSU: in Zed Key,11 - 8,5252651,560955,561008
1,14:55,Substitution OSU: in Devin Royal,11 - 8,5252651,560955,561008
1,14:55,Substitution OSU: out Felix Okpara,11 - 8,5252651,560955,561008
1,14:55,Substitution OSU: out Evan Mahaffey,11 - 8,5252651,560955,561008
1,14:55,Substitution ILL: in Luke Goode,11 - 8,5252651,560955,561008
1,14:55,Substitution ILL: in Justin Harmon,11 - 8,5252651,560955,561008
1,14:55,Substitution ILL: out Ty Rodgers,11 - 8,5252651,560955,561008
1,14:55,Substitution ILL: out Quincy Guerrier,11 - 8,5252651,560955,561008
1,14:55,Timeout commercial,11 - 8,5252651,560955,561008
1,14:55,Foul personal (shooting;2 free throws) (in the paint) Coleman Hawkins(ILL),11 - 8,5252651,560955,561008
1,15:15,2pt hook shot (2nd chance) (inside right) made by Ty Rodgers(ILL),11 - 8,5252651,560955,561008
1,15:24,"2pt floating jump shot (inside left) missed by Marcus Domask(ILL), rebound offensive Ty Rodgers(ILL)",11 - 6,5252651,560955,561008
1,15:41,"2pt dunk (under the basket) made by Felix Okpara(OSU), assist Evan Mahaffey(OSU)",11 - 6,5252651,560955,561008
1,15:50,"2pt turnaround jump shot (blocked) (in the paint) missed by Ty Rodgers(ILL), block Felix Okpara(OSU), rebound defensive Evan Mahaffey(OSU)",9 - 6,5252651,560955,561008
1,15:59,2pt hook shot (in the paint) made by Roddy Gayle Jr.(OSU),9 - 6,5252651,560955,561008
1,16:21,2pt driving layup (off turnover) (under the basket) made by Coleman Hawkins(ILL),7 - 6,5252651,560955,561008
1,16:50,Turnover lost ball (in the paint) Roddy Gayle Jr.(OSU),7 - 4,5252651,560955,561008
1,17:21,"3pt jump shot (outside center) missed by Terrence Shannon Jr.(ILL), rebound defensive Felix Okpara(OSU)",7 - 4,5252651,560955,561008
1,17:46,2pt driving layup (under the basket) made by Bruce Thornton(OSU),7 - 4,5252651,560955,561008
1,18:03,"2pt dunk (under the basket) made by Ty Rodgers(ILL), assist Terrence Shannon Jr.(ILL)",5 - 4,5252651,560955,561008
1,18:18,3pt step back jump shot (outside center) made by Bruce Thornton(OSU),5 - 2,5252651,560955,561008
1,18:27,"2pt dunk (under the basket) made by Terrence Shannon Jr.(ILL), assist Marcus Domask(ILL)",2 - 2,5252651,560955,561008
1,18:40,2pt turnaround jump shot (off turnover) (inside center) made by Jamison Battle(OSU),2 - 0,5252651,560955,561008
1,18:54,"Turnover lost ball (inside center) Marcus Domask(ILL), steal Evan Mahaffey(OSU)",0 - 0,5252651,560955,561008
1,18:54,Turnover (back court) OSU,0 - 0,5252651,560955,561008
1,19:20,Turnover 5sec (team) (inside right) OSU,0 - 0,5252651,560955,561008
1,19:20,Turnover (back court) ILL,0 - 0,5252651,560955,561008
1,19:20,"Foul personal (in the paint) Quincy Guerrier(ILL), foul on Felix Okpara(OSU)",0 - 0,5252651,560955,561008
1,19:22,"2pt pull up jump shot (in the paint) missed by Roddy Gayle Jr.(OSU), rebound defensive (team) ILL",0 - 0,5252651,560955,561008
1,19:49,"2pt jump shot (inside center) missed by Terrence Shannon Jr.(ILL), rebound defensive Roddy Gayle Jr.(OSU)",0 - 0,5252651,560955,561008
1,20:00,"Jump ball start period, won Quincy Guerrier(ILL), lost Felix Okpara(OSU)",0 - 0,5252651,560955,561008
1,20:00,Period start,0 - 0,5252651,560955,561008
1,20:00,Game start,0 - 0,5252651,560955,561008
2,03:54,"2pt layup (blocked) (under the basket) missed by Michael Houge(SPU), block Alexis Reyes(QUI), rebound offensive Marcus Randolph(SPU)",57 - 51,5252299,561047,561082
2,04:07,Free throw 2 of 2 (fast break) made by Paul Otieno(QUI),57 - 51,5252299,561047,561082
2,04:07,Substitution SPU: in Michael Houge,57 - 50,5252299,561047,561082
2,04:07,Substitution SPU: out Stephon Roberts,57 - 50,5252299,561047,561082
2,04:07,Substitution QUI: in Alexis Reyes,57 - 50,5252299,561047,561082
2,04:07,Substitution QUI: out Rihards Vavers,57 - 50,5252299,561047,561082
2,04:07,"Free throw 1 of 2 (fast break) missed by Paul Otieno(QUI), rebound offensive dead ball QUI",57 - 50,5252299,561047,561082
2,04:07,Foul personal (shooting;2 free throws) (in the paint) Stephon Roberts(SPU),57 - 50,5252299,561047,561082
2,04:14,2pt dunk (2nd chance) (under the basket) made by Corey Washington(SPU),57 - 50,5252299,561047,561082
2,04:21,"2pt jump shot (in the paint) missed by Latrell Reid(SPU), rebound offensive Corey Washington(SPU)",55 - 50,5252299,561047,561082
2,04:45,"Free throw 2 of 2 missed by Amarri Tice(QUI), rebound defensive Roy Clarke(SPU)",55 - 50,5252299,561047,561082
2,04:45,Substitution SPU: in Marcus Randolph,55 - 50,5252299,561047,561082
2,04:45,Substitution SPU: out Brent Bland,55 - 50,5252299,561047,561082
2,04:45,Free throw 1 of 2 made by Amarri Tice(QUI),55 - 50,5252299,561047,561082
2,04:45,"Foul personal (loose ball;2 free throws) (back court) Corey Washington(SPU), foul on Amarri Tice(QUI)",55 - 49,5252299,561047,561082
2,04:45,Foul (in the paint) QUI,55 - 49,5252299,561047,561082
2,04:45,"2pt floating jump shot (in the paint) missed by Roy Clarke(SPU), rebound offensive (team) SPU, rebound defensive (team) QUI",55 - 49,5252299,561047,561082
2,05:09,"Free throw 1 of 1 (2nd chance;off turnover) missed by Matt Balanc(QUI), rebound defensive Roy Clarke(SPU)",55 - 49,5252299,561047,561082
2,05:09,Foul personal (shooting;1 free throw) (under the basket) Stephon Roberts(SPU),55 - 49,5252299,561047,561082
2,05:09,"2pt driving layup (2nd chance;off turnover) (under the basket) made by Matt Balanc(QUI), assist Savion Lewis(QUI)",55 - 49,5252299,561047,561082
2,05:15,"2pt pull up jump shot (off turnover) (inside left) missed by Savion Lewis(QUI), rebound offensive Savion Lewis(QUI)",55 - 47,5252299,561047,561082
2,05:25,"Foul offensive (back court) Corey Washington(SPU), turnover offensive Corey Washington(SPU), foul on Savion Lewis(QUI)",55 - 47,5252299,561047,561082
2,05:42,Free throw 2 of 2 made by Savion Lewis(QUI),55 - 47,5252299,561047,561082
2,05:42,Free throw 1 of 2 made by Savion Lewis(QUI),55 - 46,5252299,561047,561082
2,05:42,Foul personal (shooting;2 free throws) (under the basket) Stephon Roberts(SPU),55 - 45,5252299,561047,561082
2,05:51,Free throw 2 of 2 (2nd chance;off turnover) made by Brent Bland(SPU),55 - 45,5252299,561047,561082
2,05:51,Substitution QUI: in Rihards Vavers,54 - 45,5252299,561047,561082
2,05:51,Substitution QUI: out Alexis Reyes,54 - 45,5252299,561047,561082
2,05:51,Free throw 1 of 2 (2nd chance;off turnover) made by Brent Bland(SPU),54 - 45,5252299,561047,561082
2,05:51,Foul personal (loose ball;one and one) (in the paint) Matt Balanc(QUI),53 - 45,5252299,561047,561082
2,05:54,"2pt pull up jump shot (off turnover) (inside right) missed by Latrell Reid(SPU), rebound offensive (team) SPU",53 - 45,5252299,561047,561082
2,06:17,"Turnover bad pass (outside center) Savion Lewis(QUI), steal Roy Clarke(SPU)",53 - 45,5252299,561047,561082
2,06:26,Turnover bad pass (inside center) Roy Clarke(SPU),53 - 45,5252299,561047,561082
2,06:58,"2pt pull up jump shot (inside right) made by Savion Lewis(QUI), assist Matt Balanc(QUI)",53 - 45,5252299,561047,561082
2,06:58,2pt (inside right) missed by QUI,53 - 43,5252299,561047,561082
2,07:22,"3pt jump shot (2nd chance) (outside right) made by Brent Bland(SPU), assist Latrell Reid(SPU)",53 - 43,5252299,561047,561082
2,07:33,Timeout commercial,50 - 43,5252299,561047,561082
2,07:37,"3pt pull up jump shot (outside left) missed by Brent Bland(SPU), rebound offensive (team) SPU",50 - 43,5252299,561047,561082
2,08:03,"Free throw 2 of 2 (2nd chance) missed by Paul Otieno(QUI), rebound defensive Latrell Reid(SPU)",50 - 43,5252299,561047,561082
2,08:03,Substitution SPU: in Stephon Roberts,50 - 43,5252299,561047,561082
2,08:03,Substitution SPU: out Mouhamed Sow,50 - 43,5252299,561047,561082
2,08:03,"Free throw 1 of 2 (2nd chance) missed by Paul Otieno(QUI), rebound offensive dead ball QUI",50 - 43,5252299,561047,561082
2,08:03,Foul personal (shooting;2 free throws) (in the paint) Mouhamed Sow(SPU),50 - 43,5252299,561047,561082
2,08:05,"2pt floating jump shot (blocked) (in the paint) missed by Amarri Tice(QUI), block Mouhamed Sow(SPU), rebound offensive Paul Otieno(QUI)",50 - 43,5252299,561047,561082
2,08:30,"2pt driving layup (2nd chance) (under the basket) missed by Corey Washington(SPU), rebound defensive Paul Otieno(QUI)",50 - 43,5252299,561047,561082
2,08:36,"3pt jump shot (outside right) missed by Corey Washington(SPU), rebound offensive Corey Washington(SPU)",50 - 43,5252299,561047,561082
2,09:01,"2pt driving layup (blocked) (under the basket) missed by Savion Lewis(QUI), block Brent Bland(SPU), rebound defensive Latrell Reid(SPU)",50 - 43,5252299,561047,561082
2,09:13,"Free throw 2 of 2 missed by Latrell Reid(SPU), rebound defensive Savion Lewis(QUI)",50 - 43,5252299,561047,561082
2,09:13,Free throw 1 of 2 made by Latrell Reid(SPU),50 - 43,5252299,561047,561082
2,09:13,Foul personal (one and one) (back court) Amarri Tice(QUI),49 - 43,5252299,561047,561082
2,09:13,Free throw 1 of 1 (2nd chance) made by Paul Otieno(QUI),49 - 43,5252299,561047,561082
2,09:13,Substitution SPU: in Brent Bland,49 - 42,5252299,561047,561082
2,09:13,Substitution SPU: out Michael Houge,49 - 42,5252299,561047,561082
2,09:13,Foul personal (shooting;1 free throw) (under the basket) Michael Houge(SPU),49 - 42,5252299,561047,561082
2,09:13,2pt layup (2nd chance) (under the basket) made by Paul Otieno(QUI),49 - 42,5252299,561047,561082
2,09:13,"2pt driving layup (under the basket) missed by Savion Lewis(QUI), rebound offensive Paul Otieno(QUI)",49 - 40,5252299,561047,561082
2,09:25,2pt layup (2nd chance) (under the basket) made by Roy Clarke(SPU),49 - 40,5252299,561047,561082
2,09:48,"3pt pull up jump shot (outside right) missed by Latrell Reid(SPU), rebound offensive Mouhamed Sow(SPU)",47 - 40,5252299,561047,561082
2,10:10,Free throw 2 of 2 made by Michael Houge(SPU),47 - 40,5252299,561047,561082
2,10:10,Free throw 1 of 2 made by Michael Houge(SPU),46 - 40,5252299,561047,561082
2,10:10,Foul personal (flagrant 1;2 free throws) (back court) Alexis Reyes(QUI),45 - 40,5252299,561047,561082
2,10:13,"2pt turnaround jump shot (under the basket) missed by Paul Otieno(QUI), rebound defensive Mouhamed Sow(SPU)",45 - 40,5252299,561047,561082
2,10:28,Substitution QUI: in Savion Lewis,45 - 40,5252299,561047,561082
2,10:28,Substitution QUI: out Doug Young,45 - 40,5252299,561047,561082
2,10:30,"2pt turnaround jump shot (inside left) missed by Corey Washington(SPU), rebound defensive (team) QUI",45 - 40,5252299,561047,561082
2,11:01,"2pt driving layup (2nd chance) (under the basket) missed by Matt Balanc(QUI), rebound defensive (team) SPU",45 - 40,5252299,561047,561082
2,11:14,"2pt layup (in the paint) missed by Matt Balanc(QUI), rebound offensive Paul Otieno(QUI)",45 - 40,5252299,561047,561082
2,11:30,Free throw 2 of 2 made by Latrell Reid(SPU),45 - 40,5252299,561047,561082
2,11:30,Substitution SPU: in Mouhamed Sow,44 - 40,5252299,561047,561082
2,11:30,Substitution SPU: out Brent Bland,44 - 40,5252299,561047,561082
2,11:30,"Free throw 1 of 2 missed by Latrell Reid(SPU), rebound offensive dead ball SPU",44 - 40,5252299,561047,561082
2,11:30,Foul personal (shooting;2 free throws) (in the paint) Doug Young(QUI),44 - 40,5252299,561047,561082
2,11:50,Substitution SPU: in Corey Washington,44 - 40,5252299,561047,561082
2,11:50,Substitution SPU: out Marcus Randolph,44 - 40,5252299,561047,561082
2,11:50,Substitution QUI: in Amarri Tice,44 - 40,5252299,561047,561082
2,11:50,Substitution QUI: in Doug Young,44 - 40,5252299,561047,561082
2,11:50,Substitution QUI: out Rihards Vavers,44 - 40,5252299,561047,561082
2,11:50,Substitution QUI: out Savion Lewis,44 - 40,5252299,561047,561082
2,11:50,Timeout commercial,44 - 40,5252299,561047,561082
2,11:50,"Foul personal (back court) Paul Otieno(QUI), foul on Marcus Randolph(SPU)",44 - 40,5252299,561047,561082
2,11:51,"2pt hook shot (in the paint) missed by Savion Lewis(QUI), rebound defensive Marcus Randolph(SPU)",44 - 40,5252299,561047,561082
2,12:10,2pt layup (under the basket) made by Michael Houge(SPU),44 - 40,5252299,561047,561082
2,12:33,"Foul personal (loose ball) (back court) Matt Balanc(QUI), foul on Roy Clarke(SPU)",42 - 40,5252299,561047,561082
2,12:35,"2pt layup (under the basket) missed by Matt Balanc(QUI), rebound defensive Roy Clarke(SPU)",42 - 40,5252299,561047,561082
2,12:49,Timeout commercial,42 - 40,5252299,561047,561082
2,12:49,Timeout short SPU,42 - 40,5252299,561047,561082
2,12:50,2pt floating jump shot (inside right) made by Marcus Randolph(SPU),42 - 40,5252299,561047,561082
2,13:09,2pt driving layup (under the basket) made by Savion Lewis(QUI),40 - 40,5252299,561047,561082
2,13:29,Substitution SPU: in Marcus Randolph,40 - 38,5252299,561047,561082
2,13:29,Substitution SPU: out Stephon Roberts,40 - 38,5252299,561047,561082
2,13:29,Free throw 2 of 2 (2nd chance) made by Stephon Roberts(SPU),40 - 38,5252299,561047,561082
2,13:29,Substitution SPU: in Michael Houge,39 - 38,5252299,561047,561082
2,13:29,Substitution SPU: in Roy Clarke,39 - 38,5252299,561047,561082
2,13:29,Substitution SPU: out Armoni Zeigler,39 - 38,5252299,561047,561082
2,13:29,Substitution SPU: out Corey Washington,39 - 38,5252299,561047,561082
2,13:29,Substitution QUI: in Rihards Vavers,39 - 38,5252299,561047,561082
2,13:29,Substitution QUI: out Amarri Tice,39 - 38,5252299,561047,561082
2,13:29,"Free throw 1 of 2 (2nd chance) missed by Stephon Roberts(SPU), rebound offensive dead ball SPU",39 - 38,5252299,561047,561082
2,13:29,Foul personal (shooting;2 free throws) (in the paint) Paul Otieno(QUI),39 - 38,5252299,561047,561082
2,13:31,"2pt pull up jump shot (inside left) missed by Armoni Zeigler(SPU), rebound offensive Stephon Roberts(SPU)",39 - 38,5252299,561047,561082
2,13:55,"2pt turnaround jump shot (off turnover) (inside right) made by Alexis Reyes(QUI), assist Amarri Tice(QUI)",39 - 38,5252299,561047,561082
2,14:10,"Turnover lost ball (inside right) Latrell Reid(SPU), steal Matt Balanc(QUI)",39 - 36,5252299,561047,561082
2,14:42,Turnover shot clock (team) (outside left wing) QUI,39 - 36,5252299,561047,561082
2,14:42,"3pt jump shot (off turnover) (outside left wing) missed by Matt Balanc(QUI), rebound offensive dead ball QUI",39 - 36,5252299,561047,561082
2,15:13,"Turnover lost ball (inside left) Corey Washington(SPU), steal Savion Lewis(QUI)",39 - 36,5252299,561047,561082
2,15:18,"3pt jump shot (outside center) missed by Brent Bland(SPU), rebound offensive Corey Washington(SPU)",39 - 36,5252299,561047,561082
2,15:33,"Free throw 2 of 2 (off turnover) missed by Alexis Reyes(QUI), rebound defensive Corey Washington(SPU)",39 - 36,5252299,561047,561082
2,15:33,Substitution SPU: in Armoni Zeigler,39 - 36,5252299,561047,561082
2,15:33,Substitution SPU: out Marcus Randolph,39 - 36,5252299,561047,561082
2,15:33,Free throw 1 of 2 (off turnover) made by Alexis Reyes(QUI),39 - 36,5252299,561047,561082
2,15:33,Foul personal (shooting;2 free throws) (under the basket) Stephon Roberts(SPU),39 - 35,5252299,561047,561082
2,16:35,Substitution QUI: in Alexis Reyes,39 - 35,5252299,561047,561082
2,16:35,Substitution QUI: out Doug Young,39 - 35,5252299,561047,561082
2,15:54,Timeout commercial,39 - 35,5252299,561047,561082
2,15:54,"Foul offensive (under the basket) Latrell Reid(SPU), turnover offensive Latrell Reid(SPU), foul on Paul Otieno(QUI)",39 - 35,5252299,561047,561082
2,16:14,"2pt layup (2nd chance) (under the basket) made by Matt Balanc(QUI), assist Savion Lewis(QUI)",39 - 35,5252299,561047,561082
2,16:17,Substitution QUI: in Alexis Reyes,39 - 33,5252299,561047,561082
2,16:17,Substitution QUI: out Doug Young,39 - 33,5252299,561047,561082
2,16:17,Jump ball held ball QUI,39 - 33,5252299,561047,561082
2,16:18,"2pt jump shot (in the paint) missed by Alexis Reyes(QUI), rebound offensive Savion Lewis(QUI)",39 - 33,5252299,561047,561082
2,16:35,Substitution SPU: in Stephon Roberts,39 - 33,5252299,561047,561082
2,16:35,Substitution SPU: out Mouhamed Sow,39 - 33,5252299,561047,561082
2,16:35,"Foul personal (inside center) Mouhamed Sow(SPU), foul on Matt Balanc(QUI)",39 - 33,5252299,561047,561082
2,16:48,2pt layup (under the basket) made by Latrell Reid(SPU),39 - 33,5252299,561047,561082
2,17:09,"Foul personal (loose ball) (back court) Doug Young(QUI), foul on Mouhamed Sow(SPU)",37 - 33,5252299,561047,561082
2,17:10,"2pt layup (blocked) (in the paint) missed by Doug Young(QUI), block Mouhamed Sow(SPU), rebound defensive Mouhamed Sow(SPU)",37 - 33,5252299,561047,561082
2,17:32,"3pt jump shot (outside right) made by Mouhamed Sow(SPU), assist Latrell Reid(SPU)",37 - 33,5252299,561047,561082
2,17:52,"Free throw 2 of 2 missed by Amarri Tice(QUI), rebound defensive Corey Washington(SPU)",34 - 33,5252299,561047,561082
2,17:52,Substitution SPU: in Brent Bland,34 - 33,5252299,561047,561082
2,17:52,Substitution SPU: out Michael Houge,34 - 33,5252299,561047,561082
2,17:52,Substitution QUI: in Doug Young,34 - 33,5252299,561047,561082
2,17:52,Substitution QUI: out Alexis Reyes,34 - 33,5252299,561047,561082
2,17:52,Free throw 1 of 2 made by Amarri Tice(QUI),34 - 33,5252299,561047,561082
2,17:52,Foul personal (shooting;2 free throws) (under the basket) Michael Houge(SPU),34 - 32,5252299,561047,561082
2,18:04,"3pt pull up jump shot (off turnover) (outside left) missed by Corey Washington(SPU), rebound defensive Alexis Reyes(QUI)",34 - 32,5252299,561047,561082
2,18:18,Turnover shot clock (team) (under the basket) QUI,34 - 32,5252299,561047,561082
2,18:18,"2pt layup (2nd chance) (under the basket) missed by Alexis Reyes(QUI), rebound offensive dead ball QUI",34 - 32,5252299,561047,561082
2,18:23,"3pt pull up jump shot (2nd chance) (outside center) missed by Matt Balanc(QUI), rebound offensive Alexis Reyes(QUI)",34 - 32,5252299,561047,561082
2,18:38,"2pt driving layup (blocked) (under the basket) missed by Amarri Tice(QUI), block Mouhamed Sow(SPU), rebound offensive Matt Balanc(QUI)",34 - 32,5252299,561047,561082
2,18:53,"2pt layup (under the basket) made by Michael Houge(SPU), assist Corey Washington(SPU)",34 - 32,5252299,561047,561082
2,19:14,"2pt layup (under the basket) made by Amarri Tice(QUI), assist Savion Lewis(QUI)",32 - 32,5252299,561047,561082
2,19:43,"3pt jump shot (outside left) made by Mouhamed Sow(SPU), assist Corey Washington(SPU)",32 - 30,5252299,561047,561082
2,20:00,Period start,29 - 30,5252299,561047,561082
2,20:00,Substitution SPU: in Mouhamed Sow,29 - 30,5252299,561047,561082
2,20:00,Substitution SPU: in Michael Houge,29 - 30,5252299,561047,561082
2,20:00,Substitution SPU: in Marcus Randolph,29 - 30,5252299,561047,561082
2,20:00,Substitution SPU: out Stephon Roberts,29 - 30,5252299,561047,561082
2,20:00,Substitution SPU: out Armoni Zeigler,29 - 30,5252299,561047,561082
2,20:00,Substitution SPU: out Brent Bland,29 - 30,5252299,561047,561082
2,20:00,Substitution QUI: in Amarri Tice,29 - 30,5252299,561047,561082
2,20:00,Substitution QUI: in Alexis Reyes,29 - 30,5252299,561047,561082
2,20:00,Substitution QUI: out Rihards Vavers,29 - 30,5252299,561047,561082
2,20:00,Substitution QUI: out Doug Young,29 - 30,5252299,561047,561082
1,00:00.00,Period end (confirmed),29 - 30,5252299,561047,561082
1,00:00.50,Turnover travel (outside right) Latrell Reid(SPU),29 - 30,5252299,561047,561082
1,00:08.60,"2pt floating jump shot (in the paint) made by Paul Otieno(QUI), assist Savion Lewis(QUI)",29 - 30,5252299,561047,561082
1,00:27.60,Substitution SPU: in Stephon Roberts,29 - 28,5252299,561047,561082
1,00:27.60,Substitution SPU: in Brent Bland,29 - 28,5252299,561047,561082
1,00:27.60,Substitution SPU: out Mouhamed Sow,29 - 28,5252299,561047,561082
1,00:27.60,Substitution SPU: out Roy Clarke,29 - 28,5252299,561047,561082
1,00:27.60,Substitution QUI: in Rihards Vavers,29 - 28,5252299,561047,561082
1,00:27.60,Substitution QUI: out Amarri Tice,29 - 28,5252299,561047,561082
1,00:27.60,Timeout short QUI,29 - 28,5252299,561047,561082
1,00:39.00,"3pt jump shot (outside right) made by Armoni Zeigler(SPU), assist Roy Clarke(SPU)",29 - 28,5252299,561047,561082
1,01:04,"2pt hook shot (in the paint) made by Paul Otieno(QUI), assist Savion Lewis(QUI)",26 - 28,5252299,561047,561082
1,01:26,"3pt jump shot (outside left) missed by Corey Washington(SPU), rebound defensive Matt Balanc(QUI)",26 - 26,5252299,561047,561082
1,01:46,Free throw 2 of 2 (off turnover) made by Savion Lewis(QUI),26 - 26,5252299,561047,561082
1,01:46,Free throw 1 of 2 (off turnover) made by Savion Lewis(QUI),26 - 25,5252299,561047,561082
1,01:46,Substitution SPU: in Corey Washington,26 - 24,5252299,561047,561082
1,01:46,Substitution SPU: out Marcus Randolph,26 - 24,5252299,561047,561082
1,01:46,Foul personal (2 free throws) (in the paint) Marcus Randolph(SPU),26 - 24,5252299,561047,561082
1,01:57,Turnover travel (inside left) Mouhamed Sow(SPU),26 - 24,5252299,561047,561082
1,02:13,Substitution SPU: in Latrell Reid,26 - 24,5252299,561047,561082
1,02:13,Substitution SPU: out Michael Houge,26 - 24,5252299,561047,561082
1,02:13,Timeout short SPU,26 - 24,5252299,561047,561082
1,02:22,2pt hook shot (off turnover) (in the paint) made by Paul Otieno(QUI),26 - 24,5252299,561047,561082
1,02:41,"Foul offensive (back court) Roy Clarke(SPU), turnover offensive Roy Clarke(SPU), foul on Amarri Tice(QUI)",26 - 22,5252299,561047,561082
1,03:03,Timeout commercial,26 - 22,5252299,561047,561082
1,03:03,Turnover travel (in the paint) Matt Balanc(QUI),26 - 22,5252299,561047,561082
1,03:18,"2pt layup (under the basket) made by Michael Houge(SPU), assist Armoni Zeigler(SPU)",26 - 22,5252299,561047,561082
1,03:41,2pt driving layup (under the basket) made by Savion Lewis(QUI),24 - 22,5252299,561047,561082
1,04:05,Free throw 2 of 2 (off turnover) made by Armoni Zeigler(SPU),24 - 20,5252299,561047,561082
1,04:05,Free throw 1 of 2 (off turnover) made by Armoni Zeigler(SPU),23 - 20,5252299,561047,561082
1,04:05,Foul personal (one and one) (in the paint) Savion Lewis(QUI),22 - 20,5252299,561047,561082
1,04:18,Substitution QUI: in Amarri Tice,22 - 20,5252299,561047,561082
1,04:18,Substitution QUI: in Doug Young,22 - 20,5252299,561047,561082
1,04:18,Substitution QUI: out Rihards Vavers,22 - 20,5252299,561047,561082
1,04:18,Substitution QUI: out Alexis Reyes,22 - 20,5252299,561047,561082
1,04:18,"Foul offensive (outside left) Alexis Reyes(QUI), turnover offensive Alexis Reyes(QUI), foul on Mouhamed Sow(SPU)",22 - 20,5252299,561047,561082
1,04:31,3pt jump shot (outside left) made by Roy Clarke(SPU),22 - 20,5252299,561047,561082
1,04:49,"2pt pull up jump shot (inside left) missed by Savion Lewis(QUI), rebound defensive Mouhamed Sow(SPU)",19 - 20,5252299,561047,561082
1,05:04,"3pt jump shot (off turnover) (outside right) made by Mouhamed Sow(SPU), assist Roy Clarke(SPU)",19 - 20,5252299,561047,561082
1,05:24,Turnover bad pass (inside right) Alexis Reyes(QUI),16 - 20,5252299,561047,561082
1,05:33,"2pt hook shot (in the paint) made by Mouhamed Sow(SPU), assist Roy Clarke(SPU)",16 - 20,5252299,561047,561082
1,06:02,"3pt jump shot (fast break) (outside right) made by Alexis Reyes(QUI), assist Savion Lewis(QUI)",14 - 20,5252299,561047,561082
1,06:09,Substitution SPU: in Michael Houge,14 - 17,5252299,561047,561082
1,06:09,Substitution SPU: out Corey Washington,14 - 17,5252299,561047,561082
1,06:09,Free throw 2 of 2 (fast break) made by Corey Washington(SPU),14 - 17,5252299,561047,561082
1,06:09,Free throw 1 of 2 (fast break) made by Corey Washington(SPU),13 - 17,5252299,561047,561082
1,06:09,Substitution SPU: in Armoni Zeigler,12 - 17,5252299,561047,561082
1,06:09,Substitution SPU: in Roy Clarke,12 - 17,5252299,561047,561082
1,06:09,Substitution SPU: out Brent Bland,12 - 17,5252299,561047,561082
1,06:09,Substitution SPU: out Latrell Reid,12 - 17,5252299,561047,561082
1,06:09,Substitution QUI: in Paul Otieno,12 - 17,5252299,561047,561082
1,06:09,Substitution QUI: in Savion Lewis,12 - 17,5252299,561047,561082
1,06:09,Substitution QUI: in Matt Balanc,12 - 17,5252299,561047,561082
1,06:09,Substitution QUI: out Amarri Tice,12 - 17,5252299,561047,561082
1,06:09,Substitution QUI: out Doug Young,12 - 17,5252299,561047,561082
1,06:09,Substitution QUI: out Richie Springs,12 - 17,5252299,561047,561082
1,06:09,Foul personal (shooting;2 free throws) (under the basket) Richie Springs(QUI),14 - 17,5252299,561047,561082
1,06:15,"2pt driving layup (under the basket) missed by Alexis Reyes(QUI), rebound defensive Brent Bland(SPU)",12 - 17,5252299,561047,561082
1,06:48,"2pt driving layup (off turnover) (under the basket) missed by Latrell Reid(SPU), rebound defensive Doug Young(QUI)",12 - 17,5252299,561047,561082
1,06:53,"Turnover lost ball (inside left) Alexis Reyes(QUI), steal Latrell Reid(SPU), steal Brent Bland(SPU)",12 - 17,5252299,561047,561082
1,07:00,"2pt floating jump shot (in the paint) missed by Marcus Randolph(SPU), rebound defensive Doug Young(QUI)",12 - 17,5252299,561047,561082
1,07:23,"3pt jump shot (outside center) missed by Rihards Vavers(QUI), rebound defensive Brent Bland(SPU)",12 - 17,5252299,561047,561082
1,07:31,"2pt floating jump shot (in the paint) missed by Latrell Reid(SPU), rebound defensive Rihards Vavers(QUI)",12 - 17,5252299,561047,561082
1,07:58,"3pt pull up jump shot (outside left) made by Rihards Vavers(QUI), assist Amarri Tice(QUI)",12 - 17,5252299,561047,561082
1,08:08,"3pt jump shot (2nd chance;off turnover) (outside left) missed by Corey Washington(SPU), rebound defensive Amarri Tice(QUI)",12 - 14,5252299,561047,561082
1,08:19,"2pt driving layup (off turnover) (under the basket) missed by Latrell Reid(SPU), rebound offensive Brent Bland(SPU)",12 - 14,5252299,561047,561082
1,08:24,"Turnover lost ball (outside center) Doug Young(QUI), steal Marcus Randolph(SPU)",12 - 14,5252299,561047,561082
1,08:42,Substitution SPU: in Brent Bland,12 - 14,5252299,561047,561082
1,08:42,Substitution SPU: out Roy Clarke,12 - 14,5252299,561047,561082
1,08:42,Substitution QUI: in Amarri Tice,12 - 14,5252299,561047,561082
1,08:42,Substitution QUI: in Rihards Vavers,12 - 14,5252299,561047,561082
1,08:42,Substitution QUI: out Savion Lewis,12 - 14,5252299,561047,561082
1,08:42,Substitution QUI: out Matt Balanc,12 - 14,5252299,561047,561082
1,08:44,"3pt jump shot (outside right) missed by Marcus Randolph(SPU), rebound defensive (team) QUI",12 - 14,5252299,561047,561082
1,09:05,"2pt driving layup (in the paint) missed by Doug Young(QUI), rebound defensive Roy Clarke(SPU)",12 - 14,5252299,561047,561082
1,09:34,"2pt hook shot (under the basket) made by Mouhamed Sow(SPU), assist Marcus Randolph(SPU)",12 - 14,5252299,561047,561082
1,10:01,2pt driving layup (under the basket) made by Savion Lewis(QUI),10 - 14,5252299,561047,561082
1,10:20,Substitution SPU: in Mouhamed Sow,10 - 12,5252299,561047,561082
1,10:20,Substitution SPU: out Stephon Roberts,10 - 12,5252299,561047,561082
1,10:21,"2pt jump shot (inside left) missed by Latrell Reid(SPU), rebound defensive (team) QUI",10 - 12,5252299,561047,561082
1,10:44,2pt pull up jump shot (inside right) made by Savion Lewis(QUI),10 - 12,5252299,561047,561082
1,11:02,"2pt layup (under the basket) missed by Corey Washington(SPU), rebound defensive Alexis Reyes(QUI)",10 - 10,5252299,561047,561082
1,11:30,"Free throw 1 of 1 missed by Savion Lewis(QUI), rebound defensive Stephon Roberts(SPU)",10 - 10,5252299,561047,561082
1,11:30,Substitution SPU: in Marcus Randolph,10 - 10,5252299,561047,561082
1,11:30,Substitution SPU: out Michael Houge,10 - 10,5252299,561047,561082
1,11:30,Substitution QUI: in Richie Springs,10 - 10,5252299,561047,561082
1,11:30,Substitution QUI: out Paul Otieno,10 - 10,5252299,561047,561082
1,11:30,Foul personal (loose ball;one and one) (in the paint) Michael Houge(SPU),10 - 10,5252299,561047,561082
1,11:33,"2pt jump shot (under the basket) missed by Michael Houge(SPU), rebound defensive Savion Lewis(QUI)",10 - 10,5252299,561047,561082
1,11:51,Free throw 2 of 2 made by Doug Young(QUI),10 - 10,5252299,561047,561082
1,11:51,Free throw 1 of 2 made by Doug Young(QUI),10 - 9,5252299,561047,561082
1,11:51,Substitution SPU: in Michael Houge,10 - 8,5252299,561047,561082
1,11:51,Substitution SPU: out Brent Bland,10 - 8,5252299,561047,561082
1,11:51,Substitution QUI: in Alexis Reyes,10 - 8,5252299,561047,561082
1,11:51,Substitution QUI: out Amarri Tice,10 - 8,5252299,561047,561082
1,11:51,Timeout commercial,10 - 8,5252299,561047,561082
1,11:51,Foul personal (one and one) (in the paint) Brent Bland(SPU),10 - 8,5252299,561047,561082
1,12:14,3pt turnaround jump shot (off turnover;fast break) (outside left) made by Corey Washington(SPU),10 - 8,5252299,561047,561082
1,12:21,"Turnover lost ball (in the paint) Amarri Tice(QUI), steal Stephon Roberts(SPU)",7 - 8,5252299,561047,561082
1,12:40,"Foul personal (loose ball) (back court) Brent Bland(SPU), foul on Paul Otieno(QUI)",7 - 8,5252299,561047,561082
1,12:42,"2pt floating jump shot (in the paint) missed by Latrell Reid(SPU), rebound defensive (team) QUI",7 - 8,5252299,561047,561082
1,13:05,"2pt floating jump shot (blocked) (inside left) missed by Doug Young(QUI), block Stephon Roberts(SPU), rebound defensive (team) SPU",7 - 8,5252299,561047,561082
1,13:14,"2pt turnaround jump shot (in the paint) made by Corey Washington(SPU), assist Latrell Reid(SPU)",7 - 8,5252299,561047,561082
1,13:28,"2pt driving layup (in the paint) missed by Amarri Tice(QUI), rebound defensive Brent Bland(SPU)",5 - 8,5252299,561047,561082
1,13:45,"3pt pull up jump shot (outside center) missed by Brent Bland(SPU), rebound defensive Doug Young(QUI)",5 - 8,5252299,561047,561082
1,13:50,Substitution QUI: in Doug Young,5 - 8,5252299,561047,561082
1,13:50,Substitution QUI: out Alexis Reyes,5 - 8,5252299,561047,561082
1,13:50,"Foul personal (in the paint) Matt Balanc(QUI), foul on Roy Clarke(SPU)",5 - 8,5252299,561047,561082
1,14:06,Free throw 2 of 2 made by Matt Balanc(QUI),5 - 8,5252299,561047,561082
1,14:06,Substitution SPU: in Brent Bland,5 - 7,5252299,561047,561082
1,14:06,Substitution SPU: out Marcus Randolph,5 - 7,5252299,561047,561082
1,14:06,Substitution SPU: in Stephon Roberts,5 - 7,5252299,561047,561082
1,14:06,Substitution SPU: out Mouhamed Sow,5 - 7,5252299,561047,561082
1,14:06,Free throw 1 of 2 made by Matt Balanc(QUI),5 - 7,5252299,561047,561082
1,14:06,Foul personal (shooting;2 free throws) (under the basket) Mouhamed Sow(SPU),5 - 6,5252299,561047,561082
1,14:17,"Foul personal (inside right) Marcus Randolph(SPU), foul on Paul Otieno(QUI)",5 - 6,5252299,561047,561082
1,14:28,"2pt pull up jump shot (inside left) missed by Corey Washington(SPU), rebound defensive Alexis Reyes(QUI)",5 - 6,5252299,561047,561082
1,14:46,"Free throw 2 of 2 (2nd chance) missed by Paul Otieno(QUI), rebound defensive Mouhamed Sow(SPU)",5 - 6,5252299,561047,561082
1,14:46,"Free throw 1 of 2 (2nd chance) missed by Paul Otieno(QUI), rebound offensive dead ball QUI",5 - 6,5252299,561047,561082
1,14:46,Substitution SPU: in Roy Clarke,5 - 6,5252299,561047,561082
1,14:46,Substitution SPU: out Michael Houge,5 - 6,5252299,561047,561082
1,14:46,Timeout commercial,5 - 6,5252299,561047,561082
1,14:46,Foul personal (shooting;2 free throws) (under the basket) Michael Houge(SPU),5 - 6,5252299,561047,561082
1,14:46,Timeout commercial,5 - 6,5252299,561047,561082
1,14:46,"2pt driving layup (blocked) (under the basket) missed by Amarri Tice(QUI), block Mouhamed Sow(SPU), rebound offensive Paul Otieno(QUI), rebound offensive Paul Otieno(QUI)",5 - 6,5252299,561047,561082
1,14:55,"2pt hook shot (in the paint) missed by Mouhamed Sow(SPU), rebound defensive Paul Otieno(QUI)",5 - 6,5252299,561047,561082
1,15:27,"2pt pull up jump shot (inside left) made by Matt Balanc(QUI), assist Alexis Reyes(QUI)",5 - 6,5252299,561047,561082
1,15:39,"2pt jump shot (off turnover) (inside right) missed by Michael Houge(SPU), rebound defensive Alexis Reyes(QUI)",5 - 4,5252299,561047,561082
1,16:06,"Turnover lost ball (inside right) Amarri Tice(QUI), steal Corey Washington(SPU)",5 - 4,5252299,561047,561082
1,16:10,"2pt driving layup (under the basket) missed by Matt Balanc(QUI), rebound offensive Amarri Tice(QUI)",5 - 4,5252299,561047,561082
1,16:31,2pt driving layup (2nd chance) (under the basket) made by Corey Washington(SPU),5 - 4,5252299,561047,561082
1,16:42,"2pt layup (blocked) (under the basket) missed by Michael Houge(SPU), block Amarri Tice(QUI), rebound offensive (team) SPU",3 - 4,5252299,561047,561082
1,16:59,Free throw 2 of 2 made by Amarri Tice(QUI),3 - 4,5252299,561047,561082
1,16:59,Free throw 1 of 2 made by Amarri Tice(QUI),3 - 3,5252299,561047,561082
1,16:59,Foul personal (shooting;2 free throws) (under the basket) Mouhamed Sow(SPU),3 - 2,5252299,561047,561082
1,17:10,"3pt jump shot (outside center) missed by Mouhamed Sow(SPU), rebound defensive Amarri Tice(QUI)",3 - 2,5252299,561047,561082
1,17:26,"2pt pull up jump shot (inside center) missed by Savion Lewis(QUI), rebound defensive Latrell Reid(SPU)",3 - 2,5252299,561047,561082
1,17:39,2pt floating jump shot (in the paint) made by Latrell Reid(SPU),3 - 2,5252299,561047,561082
1,17:47,"Foul personal (in the paint) Alexis Reyes(QUI), foul on Corey Washington(SPU)",1 - 2,5252299,561047,561082
1,18:02,"3pt jump shot (outside right) missed by Matt Balanc(QUI), rebound defensive (team) SPU",1 - 2,5252299,561047,561082
1,18:10,"Foul personal (inside right) Latrell Reid(SPU), foul on Matt Balanc(QUI)",1 - 2,5252299,561047,561082
1,18:22,"2pt turnaround jump shot (2nd chance) (in the paint) missed by Michael Houge(SPU), rebound defensive (team) QUI",1 - 2,5252299,561047,561082
1,18:37,"Foul personal (inside right) Amarri Tice(QUI), foul on Latrell Reid(SPU)",1 - 2,5252299,561047,561082
1,18:47,"2pt pull up jump shot (inside center) missed by Latrell Reid(SPU), rebound offensive (team) SPU",1 - 2,5252299,561047,561082
1,19:03,2pt driving layup (under the basket) made by Amarri Tice(QUI),1 - 2,5252299,561047,561082
1,19:17,"Free throw 2 of 2 missed by Latrell Reid(SPU), rebound defensive Amarri Tice(QUI)",1 - 0,5252299,561047,561082
1,19:17,Free throw 1 of 2 made by Latrell Reid(SPU),1 - 0,5252299,561047,561082
1,19:17,Foul personal (shooting;2 free throws) (under the basket) Savion Lewis(QUI),0 - 0,5252299,561047,561082
1,19:36,"3pt jump shot (2nd chance) (outside right wing) missed by Matt Balanc(QUI), rebound defensive Corey Washington(SPU)",0 - 0,5252299,561047,561082
1,19:45,"3pt jump shot (outside left) missed by Amarri Tice(QUI), rebound offensive Paul Otieno(QUI)",0 - 0,5252299,561047,561082
1,20:00,"Jump ball start period, won Paul Otieno(QUI), lost Mouhamed Sow(SPU)",0 - 0,5252299,561047,561082
1,20:00,Period start,0 - 0,5252299,561047,561082
1,20:00,Game start,0 - 0,5252299,561047,561082
2,15:03,2pt (off turnover) (in the paint) made by UNT,45 - 41,5252669,560901,560983
2,15:07,"Turnover bad pass (in the paint) Johnell Davis(FAU), steal Rondel Walker(UNT)",43 - 41,5252669,560901,560983
2,15:21,"2pt jump shot (inside right) missed by Rubin Jones(UNT), rebound defensive Johnell Davis(FAU)",43 - 41,5252669,560901,560983
2,15:36,"2pt layup (2nd chance;off turnover) (under the basket) missed by Brandon Weatherspoon(FAU), rebound defensive Rubin Jones(UNT)",43 - 41,5252669,560901,560983
2,15:41,"2pt floating jump shot (off turnover) (inside right) missed by Alijah Martin(FAU), rebound offensive Brandon Weatherspoon(FAU)",43 - 41,5252669,560901,560983
2,15:46,Timeout commercial,42 - 41,5252669,560901,560983
2,15:51,"Turnover lost ball (in the paint) Rubin Jones(UNT), steal Bryan Greenlee(FAU)",42 - 41,5252669,560901,560983
2,16:10,"3pt jump shot (outside center) missed by Bryan Greenlee(FAU), rebound defensive (team) UNT",42 - 41,5252669,560901,560983
2,16:18,Substitution UNT: in CJ Noland,42 - 41,5252669,560901,560983
2,16:18,Substitution UNT: in Robert Allen,42 - 41,5252669,560901,560983
2,16:18,Substitution UNT: out Moulaye Sissoko,42 - 41,5252669,560901,560983
2,16:18,Substitution UNT: out John Buggs III,42 - 41,5252669,560901,560983
2,16:18,Substitution FAU: in Bryan Greenlee,42 - 41,5252669,560901,560983
2,16:18,Substitution FAU: out Jalen Gaffney,42 - 41,5252669,560901,560983
2,16:18,"Foul personal (inside left) Rubin Jones(UNT), foul on Johnell Davis(FAU)",42 - 41,5252669,560901,560983
2,16:28,3pt jump shot (outside right) made by Rubin Jones(UNT),43 - 41,5252669,560901,560983
2,16:47,2pt floating jump shot (in the paint) made by Johnell Davis(FAU),40 - 41,5252669,560901,560983
2,17:02,2pt floating jump shot (in the paint) made by Rubin Jones(UNT),40 - 39,5252669,560901,560983
2,17:21,2pt jump shot (in the paint) made by Vladislav Goldin(FAU),38 - 39,5252669,560901,560983
2,17:24,"Foul personal (outside center) Rubin Jones(UNT), foul on Johnell Davis(FAU)",38 - 37,5252669,560901,560983
2,17:24,"Foul personal (inside left) Moulaye Sissoko(UNT), foul on Vladislav Goldin(FAU)",38 - 37,5252669,560901,560983
2,17:24,Foul (under the basket) FAU,38 - 37,5252669,560901,560983
2,17:43,2pt driving layup (under the basket) made by Jason Edwards(UNT),38 - 37,5252669,560901,560983
2,18:14,"2pt driving layup (in the paint) made by Johnell Davis(FAU), assist Brandon Weatherspoon(FAU)",36 - 37,5252669,560901,560983
2,18:39,"3pt jump shot (off turnover) (outside left) missed by John Buggs III(UNT), rebound defensive Jalen Gaffney(FAU)",36 - 35,5252669,560901,560983
2,18:56,Substitution UNT: in Rondel Walker,36 - 35,5252669,560901,560983
2,18:56,Substitution UNT: out Aaron Scott,36 - 35,5252669,560901,560983
2,18:56,"Foul offensive (outside left) Johnell Davis(FAU), turnover offensive Johnell Davis(FAU), foul on Moulaye Sissoko(UNT)",36 - 35,5252669,560901,560983
2,19:13,"3pt jump shot (off turnover) (outside left) made by Jason Edwards(UNT), assist John Buggs III(UNT)",36 - 35,5252669,560901,560983
2,19:28,"Turnover bad pass (outside center) Johnell Davis(FAU), steal Aaron Scott(UNT)",33 - 35,5252669,560901,560983
2,19:49,3pt jump shot (outside left wing) made by John Buggs III(UNT),33 - 35,5252669,560901,560983
2,20:00,Period start,30 - 35,5252669,560901,560983
2,20:00,Substitution UNT: in Aaron Scott,30 - 35,5252669,560901,560983
2,20:00,Substitution UNT: out Rondel Walker,30 - 35,5252669,560901,560983
2,20:00,Substitution FAU: in Jalen Gaffney,30 - 35,5252669,560901,560983
2,20:00,Substitution FAU: in Johnell Davis,30 - 35,5252669,560901,560983
2,20:00,Substitution FAU: out Bryan Greenlee,30 - 35,5252669,560901,560983
2,20:00,Substitution FAU: out Nick Boyd,30 - 35,5252669,560901,560983
1,00:00.00,Period end (confirmed),30 - 35,5252669,560901,560983
1,00:01.10,"2pt jump shot (inside left) missed by Nick Boyd(FAU), rebound defensive Jason Edwards(UNT)",30 - 35,5252669,560901,560983
1,00:14.40,Substitution UNT: in Rondel Walker,30 - 35,5252669,560901,560983
1,00:14.40,Substitution UNT: out Aaron Scott,30 - 35,5252669,560901,560983
1,00:14.40,Timeout short FAU,30 - 35,5252669,560901,560983
1,00:25.60,"3pt jump shot (outside left) missed by Jason Edwards(UNT), rebound defensive Nick Boyd(FAU)",30 - 35,5252669,560901,560983
1,00:49.10,Free throw 2 of 2 (2nd chance) made by Nick Boyd(FAU),30 - 35,5252669,560901,560983
1,00:49.10,Free throw 1 of 2 (2nd chance) made by Nick Boyd(FAU),30 - 34,5252669,560901,560983
1,00:49.10,Foul personal (shooting;2 free throws) (under the basket) Aaron Scott(UNT),30 - 33,5252669,560901,560983
1,00:50.30,"Free throw 2 of 2 missed by Vladislav Goldin(FAU), rebound offensive Nick Boyd(FAU)",30 - 33,5252669,560901,560983
1,00:50.30,Free throw 1 of 2 made by Vladislav Goldin(FAU),30 - 33,5252669,560901,560983
1,00:50.30,Foul personal (shooting;2 free throws) (under the basket) Aaron Scott(UNT),30 - 32,5252669,560901,560983
1,01:07,Free throw 2 of 2 made by Jason Edwards(UNT),30 - 32,5252669,560901,560983
1,01:07,Free throw 1 of 2 made by Jason Edwards(UNT),29 - 32,5252669,560901,560983
1,01:07,Substitution UNT: in Moulaye Sissoko,28 - 32,5252669,560901,560983
1,01:07,Substitution UNT: out Robert Allen,28 - 32,5252669,560901,560983
1,01:07,Substitution FAU: in Bryan Greenlee,28 - 32,5252669,560901,560983
1,01:07,Substitution FAU: out Johnell Davis,28 - 32,5252669,560901,560983
1,01:07,Foul personal (one and one) (back court) Johnell Davis(FAU),28 - 32,5252669,560901,560983
1,01:07,Foul (inside left) UNT,28 - 32,5252669,560901,560983
1,01:12,"2pt jump shot (blocked) (inside left) missed by Johnell Davis(FAU), block Robert Allen(UNT), rebound defensive Jason Edwards(UNT)",28 - 32,5252669,560901,560983
1,01:30,"3pt jump shot (outside left) made by John Buggs III(UNT), assist Rubin Jones(UNT)",28 - 32,5252669,560901,560983
1,01:51,3pt jump shot (fast break) (outside left) made by Alijah Martin(FAU),29 - 32,5252669,560901,560983
1,01:58,"2pt hook shot (in the paint) missed by Robert Allen(UNT), rebound defensive Nick Boyd(FAU)",25 - 29,5252669,560901,560983
1,02:18,"2pt driving layup (in the paint) made by Vladislav Goldin(FAU), assist Alijah Martin(FAU)",25 - 29,5252669,560901,560983
1,02:41,Substitution FAU: in Vladislav Goldin,25 - 27,5252669,560901,560983
1,02:41,Substitution FAU: out Giancarlo Rosado,25 - 27,5252669,560901,560983
1,02:41,Free throw 2 of 2 made by Aaron Scott(UNT),25 - 27,5252669,560901,560983
1,02:41,Free throw 1 of 2 made by Aaron Scott(UNT),24 - 27,5252669,560901,560983
1,02:41,Foul personal (shooting;2 free throws) (in the paint) Nick Boyd(FAU),23 - 27,5252669,560901,560983
1,03:00,2pt driving layup (off turnover) (under the basket) made by Nick Boyd(FAU),23 - 27,5252669,560901,560983
1,03:20,"Turnover lost ball (in the paint) John Buggs III(UNT), steal Brandon Weatherspoon(FAU)",23 - 25,5252669,560901,560983
1,03:27,Substitution FAU: in Brandon Weatherspoon,23 - 25,5252669,560901,560983
1,03:27,Substitution FAU: out Brenen Lorient,23 - 25,5252669,560901,560983
1,03:27,Timeout commercial,23 - 25,5252669,560901,560983
1,03:27,"Foul personal (inside left) Brenen Lorient(FAU), foul on Jason Edwards(UNT)",23 - 25,5252669,560901,560983
1,03:38,"2pt jump shot (blocked) (in the paint) missed by Rubin Jones(UNT), block Brenen Lorient(FAU), rebound offensive Rubin Jones(UNT)",23 - 25,5252669,560901,560983
1,03:52,2pt layup (under the basket) made by Johnell Davis(FAU),23 - 25,5252669,560901,560983
1,04:06,2pt dunk (off turnover) (under the basket) made by Robert Allen(UNT),23 - 23,5252669,560901,560983
1,04:24,Turnover out of bounds (inside left wing) Johnell Davis(FAU),21 - 23,5252669,560901,560983
1,04:28,Substitution UNT: in Aaron Scott,21 - 23,5252669,560901,560983
1,04:28,Substitution UNT: out CJ Noland,21 - 23,5252669,560901,560983
1,04:28,Substitution FAU: in Brenen Lorient,21 - 23,5252669,560901,560983
1,04:28,Substitution FAU: out Brandon Weatherspoon,21 - 23,5252669,560901,560983
1,04:28,"Foul personal (inside left wing) CJ Noland(UNT), foul on Nick Boyd(FAU)",21 - 23,5252669,560901,560983
1,04:36,"Turnover lost ball (inside center) Rubin Jones(UNT), steal Brandon Weatherspoon(FAU)",21 - 23,5252669,560901,560983
1,04:42,"2pt driving layup (in the paint) missed by Alijah Martin(FAU), rebound defensive CJ Noland(UNT)",21 - 23,5252669,560901,560983
1,05:00,2pt jump shot (in the paint) made by Rubin Jones(UNT),21 - 23,5252669,560901,560983
1,05:13,"3pt jump shot (fast break) (outside right) missed by Johnell Davis(FAU), rebound defensive Rubin Jones(UNT)",19 - 23,5252669,560901,560983
1,05:19,"2pt layup (2nd chance) (under the basket) missed by Robert Allen(UNT), rebound defensive Nick Boyd(FAU)",19 - 23,5252669,560901,560983
1,05:22,"2pt pull up jump shot (2nd chance) (inside right) missed by Jason Edwards(UNT), rebound offensive Robert Allen(UNT)",19 - 23,5252669,560901,560983
1,05:28,Substitution FAU: in Alijah Martin,19 - 23,5252669,560901,560983
1,05:28,Substitution FAU: in Nick Boyd,19 - 23,5252669,560901,560983
1,05:28,Substitution FAU: out Jalen Gaffney,19 - 23,5252669,560901,560983
1,05:28,Substitution FAU: out Bryan Greenlee,19 - 23,5252669,560901,560983
1,05:28,"Foul personal (under the basket) Giancarlo Rosado(FAU), foul on Robert Allen(UNT)",19 - 23,5252669,560901,560983
1,05:32,"2pt step back jump shot (inside left) missed by Jason Edwards(UNT), rebound offensive Robert Allen(UNT)",19 - 23,5252669,560901,560983
1,05:49,"3pt jump shot (outside left) missed by Jalen Gaffney(FAU), rebound defensive Rubin Jones(UNT)",19 - 23,5252669,560901,560983
1,05:58,Free throw 1 of 1 made by CJ Noland(UNT),19 - 23,5252669,560901,560983
1,05:58,Substitution FAU: in Giancarlo Rosado,18 - 23,5252669,560901,560983
1,05:58,Substitution FAU: out Vladislav Goldin,18 - 23,5252669,560901,560983
1,05:58,Foul personal (shooting;1 free throw) (in the paint) Vladislav Goldin(FAU),18 - 23,5252669,560901,560983
1,05:58,"2pt driving layup (in the paint) made by CJ Noland(UNT), assist Rubin Jones(UNT)",18 - 23,5252669,560901,560983
1,06:27,"2pt alley oop (under the basket) missed by Vladislav Goldin(FAU), rebound defensive (team) UNT",16 - 23,5252669,560901,560983
1,06:44,2pt jump shot (inside right) made by Jason Edwards(UNT),16 - 23,5252669,560901,560983
1,07:04,Substitution UNT: in Jason Edwards,14 - 23,5252669,560901,560983
1,07:04,Substitution UNT: out Rondel Walker,14 - 23,5252669,560901,560983
1,07:04,Timeout commercial,14 - 23,5252669,560901,560983
1,07:09,2pt layup (under the basket) made by Johnell Davis(FAU),14 - 23,5252669,560901,560983
1,07:36,2pt floating jump shot (2nd chance) (in the paint) made by CJ Noland(UNT),14 - 21,5252669,560901,560983
1,07:42,"2pt jump shot (in the paint) missed by CJ Noland(UNT), rebound offensive Robert Allen(UNT)",12 - 21,5252669,560901,560983
1,08:04,Free throw 1 of 1 made by Vladislav Goldin(FAU),12 - 21,5252669,560901,560983
1,08:04,Substitution FAU: in Bryan Greenlee,12 - 20,5252669,560901,560983
1,08:04,Substitution FAU: out Alijah Martin,12 - 20,5252669,560901,560983
1,08:04,Foul personal (shooting;1 free throw) (in the paint) Rondel Walker(UNT),12 - 20,5252669,560901,560983
1,08:04,2pt layup (in the paint) made by Vladislav Goldin(FAU),12 - 20,5252669,560901,560983
1,08:27,"3pt jump shot (outside right) made by CJ Noland(UNT), assist John Buggs III(UNT)",12 - 18,5252669,560901,560983
1,08:42,"Free throw 2 of 2 missed by Vladislav Goldin(FAU), rebound defensive Rubin Jones(UNT)",9 - 18,5252669,560901,560983
1,08:42,Substitution UNT: in Robert Allen,9 - 18,5252669,560901,560983
1,08:42,Substitution UNT: in Rondel Walker,9 - 18,5252669,560901,560983
1,08:42,Substitution UNT: out Moulaye Sissoko,9 - 18,5252669,560901,560983
1,08:42,Substitution UNT: out Aaron Scott,9 - 18,5252669,560901,560983
1,08:42,"Free throw 1 of 2 missed by Vladislav Goldin(FAU), rebound offensive dead ball FAU",9 - 18,5252669,560901,560983
1,08:42,Foul personal (shooting;2 free throws) (in the paint) Aaron Scott(UNT),43 - 41,5252669,560901,560983
1,09:09,Free throw 2 of 2 made by Aaron Scott(UNT),9 - 18,5252669,560901,560983
1,09:09,Substitution UNT: in John Buggs III,8 - 18,5252669,560901,560983
1,09:09,Substitution UNT: out Jason Edwards,8 - 18,5252669,560901,560983
1,09:09,Substitution FAU: in Brandon Weatherspoon,8 - 18,5252669,560901,560983
1,09:09,Substitution FAU: in Johnell Davis,8 - 18,5252669,560901,560983
1,09:09,Substitution FAU: out Nick Boyd,8 - 18,5252669,560901,560983
1,09:09,Substitution FAU: out Brenen Lorient,8 - 18,5252669,560901,560983
1,09:09,"Free throw 1 of 2 missed by Aaron Scott(UNT), rebound offensive dead ball UNT",8 - 18,5252669,560901,560983
1,09:09,Foul personal (shooting;2 free throws) (inside right) Brenen Lorient(FAU),8 - 18,5252669,560901,560983
1,09:39,"2pt jump shot (in the paint) made by Vladislav Goldin(FAU), assist Alijah Martin(FAU)",8 - 18,5252669,560901,560983
1,09:57,2pt jump shot (inside right) made by Jason Edwards(UNT),8 - 16,5252669,560901,560983
1,10:16,2pt layup (2nd chance;off turnover;fast break) (under the basket) made by Nick Boyd(FAU),6 - 16,5252669,560901,560983
1,10:19,2pt driving layup (off turnover;fast break) (under the basket) missed by Brenen Lorient(FAU),6 - 16,5252669,560901,560983
1,10:24,"Turnover lost ball (outside right) Rubin Jones(UNT), steal Vladislav Goldin(FAU)",6 - 14,5252669,560901,560983
1,10:37,Free throw 3 of 3 (off turnover) made by Alijah Martin(FAU),6 - 14,5252669,560901,560983
1,10:37,Substitution UNT: in Rubin Jones,6 - 13,5252669,560901,560983
1,10:37,Substitution UNT: out John Buggs III,6 - 13,5252669,560901,560983
1,10:37,"Free throw 2 of 3 (off turnover) missed by Alijah Martin(FAU), rebound offensive dead ball FAU",6 - 13,5252669,560901,560983
1,10:37,Free throw 1 of 3 (off turnover) made by Alijah Martin(FAU),6 - 13,5252669,560901,560983
1,10:37,Foul personal (shooting;3 free throws) (outside right) CJ Noland(UNT),6 - 12,5252669,560901,560983
1,11:02,Turnover travel (under the basket) Moulaye Sissoko(UNT),6 - 12,5252669,560901,560983
1,11:08,"3pt step back jump shot (off turnover) (outside center) missed by Jason Edwards(UNT), rebound offensive Moulaye Sissoko(UNT)",6 - 12,5252669,560901,560983
1,11:18,Substitution UNT: in Moulaye Sissoko,6 - 12,5252669,560901,560983
1,11:18,Substitution UNT: out Robert Allen,6 - 12,5252669,560901,560983
1,11:18,Substitution FAU: in Vladislav Goldin,6 - 12,5252669,560901,560983
1,11:18,Substitution FAU: in Jalen Gaffney,6 - 12,5252669,560901,560983
1,11:18,Substitution FAU: out Bryan Greenlee,6 - 12,5252669,560901,560983
1,11:18,Substitution FAU: out Giancarlo Rosado,6 - 12,5252669,560901,560983
1,11:18,Turnover bad pass (outside right) Bryan Greenlee(FAU),6 - 12,5252669,560901,560983
1,11:34,"3pt jump shot (outside left wing) missed by Jason Edwards(UNT), rebound defensive Brenen Lorient(FAU)",6 - 12,5252669,560901,560983
1,11:53,Substitution UNT: in CJ Noland,6 - 12,5252669,560901,560983
1,11:53,Substitution UNT: out Rubin Jones,6 - 12,5252669,560901,560983
1,11:53,Timeout commercial,6 - 12,5252669,560901,560983
1,11:59,"3pt jump shot (outside right) missed by Nick Boyd(FAU), rebound offensive Brenen Lorient(FAU), rebound defensive (team) UNT",6 - 12,5252669,560901,560983
1,12:15,2pt layup (2nd chance) (under the basket) made by Robert Allen(UNT),6 - 12,5252669,560901,560983
1,12:18,"3pt jump shot (outside right wing) missed by Rubin Jones(UNT), rebound offensive Robert Allen(UNT)",4 - 12,5252669,560901,560983
1,12:36,Foul personal (outside left) Brenen Lorient(FAU),4 - 12,5252669,560901,560983
1,12:36,Substitution UNT: in Jason Edwards,4 - 12,5252669,560901,560983
1,12:36,Substitution UNT: out CJ Noland,4 - 12,5252669,560901,560983
1,12:36,Substitution FAU: in Alijah Martin,4 - 12,5252669,560901,560983
1,12:36,Substitution FAU: out Johnell Davis,4 - 12,5252669,560901,560983
1,12:36,Jump ball held ball UNT,4 - 12,5252669,560901,560983
1,12:53,"2pt floating jump shot (inside right) missed by Nick Boyd(FAU), rebound defensive CJ Noland(UNT)",4 - 12,5252669,560901,560983
1,13:14,"3pt jump shot (outside left) missed by Aaron Scott(UNT), rebound defensive Bryan Greenlee(FAU)",4 - 12,5252669,560901,560983
1,13:33,Timeout short UNT,4 - 12,5252669,560901,560983
1,13:36,2pt layup (2nd chance) (under the basket) made by Brenen Lorient(FAU),4 - 12,5252669,560901,560983
1,13:39,"2pt hook shot (in the paint) missed by Giancarlo Rosado(FAU), rebound offensive Brenen Lorient(FAU)",4 - 10,5252669,560901,560983
1,13:59,"2pt turnaround jump shot (inside center) missed by Rubin Jones(UNT), rebound offensive (team) UNT, rebound defensive (team) FAU",4 - 10,5252669,560901,560983
1,14:24,Substitution FAU: in Brenen Lorient,4 - 10,5252669,560901,560983
1,14:24,Substitution FAU: out Alijah Martin,4 - 10,5252669,560901,560983
1,14:24,Free throw 1 of 1 made by Alijah Martin(FAU),6 - 12,5252669,560901,560983
1,14:24,Substitution UNT: in Rubin Jones,4 - 9,5252669,560901,560983
1,14:24,Substitution UNT: in Aaron Scott,4 - 9,5252669,560901,560983
1,14:24,Substitution UNT: out Rondel Walker,4 - 9,5252669,560901,560983
1,14:24,Substitution UNT: out Jason Edwards,4 - 9,5252669,560901,560983
1,14:24,Substitution FAU: in Giancarlo Rosado,4 - 9,5252669,560901,560983
1,14:24,Substitution FAU: in Nick Boyd,4 - 9,5252669,560901,560983
1,14:24,Substitution FAU: out Vladislav Goldin,4 - 9,5252669,560901,560983
1,14:24,Substitution FAU: out Brandon Weatherspoon,4 - 9,5252669,560901,560983
1,14:24,Foul personal (shooting;1 free throw) (in the paint) Rondel Walker(UNT),4 - 9,5252669,560901,560983
1,14:24,2pt floating jump shot (off turnover) (in the paint) made by Alijah Martin(FAU),6 - 12,5252669,560901,560983
1,14:42,"Turnover lost ball (in the paint) Jason Edwards(UNT), steal Johnell Davis(FAU), steal Brandon Weatherspoon(FAU)",4 - 7,5252669,560901,560983
1,15:08,"3pt jump shot (2nd chance) (outside left) missed by Brandon Weatherspoon(FAU), rebound defensive Robert Allen(UNT)",4 - 7,5252669,560901,560983
1,15:26,"3pt jump shot (2nd chance) (outside right) missed by Alijah Martin(FAU), rebound offensive Johnell Davis(FAU)",4 - 7,5252669,560901,560983
1,15:40,"2pt layup (blocked) (under the basket) missed by Vladislav Goldin(FAU), block Robert Allen(UNT), rebound offensive (team) FAU",4 - 7,5252669,560901,560983
1,15:54,Substitution UNT: in John Buggs III,4 - 7,5252669,560901,560983
1,15:54,Substitution UNT: out Rubin Jones,4 - 7,5252669,560901,560983
1,15:54,Substitution FAU: in Bryan Greenlee,4 - 7,5252669,560901,560983
1,15:54,Substitution FAU: out Jalen Gaffney,4 - 7,5252669,560901,560983
1,15:58,"2pt driving layup (off turnover;fast break) (under the basket) missed by CJ Noland(UNT), rebound defensive (team) FAU",4 - 7,5252669,560901,560983
1,16:01,"Turnover bad pass (outside center) Johnell Davis(FAU), steal CJ Noland(UNT)",4 - 7,5252669,560901,560983
1,16:09,"2pt layup (under the basket) missed by CJ Noland(UNT), rebound defensive Vladislav Goldin(FAU)",4 - 7,5252669,560901,560983
1,16:33,2pt layup (2nd chance) (under the basket) made by Vladislav Goldin(FAU),4 - 7,5252669,560901,560983
1,16:36,"2pt hook shot (in the paint) missed by Vladislav Goldin(FAU), rebound offensive Vladislav Goldin(FAU)",4 - 5,5252669,560901,560983
1,16:48,Substitution UNT: in Rondel Walker,4 - 5,5252669,560901,560983
1,16:48,Substitution UNT: out Aaron Scott,4 - 5,5252669,560901,560983
1,16:50,2pt hook shot (2nd chance) (in the paint) missed by Robert Allen(UNT),4 - 5,5252669,560901,560983
1,16:54,"2pt layup (under the basket) missed by CJ Noland(UNT), rebound offensive Robert Allen(UNT)",4 - 5,5252669,560901,560983
1,17:17,2pt layup (in the paint) made by Johnell Davis(FAU),4 - 5,5252669,560901,560983
1,17:33,Free throw 2 of 2 (fast break;off turnover) made by Jason Edwards(UNT),4 - 3,5252669,560901,560983
1,17:33,Substitution UNT: in CJ Noland,3 - 3,5252669,560901,560983
1,17:33,Substitution UNT: in Robert Allen,3 - 3,5252669,560901,560983
1,17:33,Substitution UNT: out Moulaye Sissoko,3 - 3,5252669,560901,560983
1,17:33,Substitution UNT: out John Buggs III,3 - 3,5252669,560901,560983
1,17:33,Free throw 1 of 2 (fast break;off turnover) made by Jason Edwards(UNT),3 - 3,5252669,560901,560983
1,17:33,Foul personal (shooting;2 free throws) (inside right) Jalen Gaffney(FAU),2 - 3,5252669,560901,560983
1,17:37,"Turnover bad pass (outside right) Brandon Weatherspoon(FAU), steal John Buggs III(UNT)",2 - 3,5252669,560901,560983
1,17:46,"3pt jump shot (outside left) missed by Rubin Jones(UNT), rebound defensive Johnell Davis(FAU)",2 - 3,5252669,560901,560983
1,18:03,"3pt jump shot (outside right) missed by Brandon Weatherspoon(FAU), rebound defensive Rubin Jones(UNT)",2 - 3,5252669,560901,560983
1,18:21,2pt turnaround jump shot (in the paint) made by Aaron Scott(UNT),2 - 3,5252669,560901,560983
1,18:53,"3pt step back jump shot (outside left) made by Jalen Gaffney(FAU), assist Vladislav Goldin(FAU)",0 - 3,5252669,560901,560983
1,19:25,"3pt jump shot (outside center) missed by Jason Edwards(UNT), rebound defensive Vladislav Goldin(FAU)",0 - 0,5252669,560901,560983
1,19:43,"3pt jump shot (outside left wing) missed by Alijah Martin(FAU), rebound defensive Moulaye Sissoko(UNT)",0 - 0,5252669,560901,560983
1,20:00,"Jump ball start period, won Vladislav Goldin(FAU), lost Moulaye Sissoko(UNT)",0 - 0,5252669,560901,560983
1,20:00,Period start,0 - 0,5252669,560901,560983
1,20:00,Game start,0 - 0,5252669,560901,560983
2,13:56,Timeout commercial,38 - 51,5251858,560945,561176
2,13:56,Timeout short Texas Tech,38 - 51,5251858,560945,561176
2,13:56,Turnover bad pass (outside center) Joe Toussaint(Texas Tech),38 - 51,5251858,560945,561176
2,14:17,"3pt step back jump shot (off turnover) (outside right) made by LJ Cryer(Houston), assist Jamal Shead(Houston)",38 - 51,5251858,560945,561176
2,14:19,Substitution Texas Tech: in Lamar Washington,38 - 48,5251858,560945,561176
2,14:19,Substitution Texas Tech: out Pop Isaacs,38 - 48,5251858,560945,561176
2,14:19,"Foul personal (in the paint) Pop Isaacs(Texas Tech), foul on Mylik Wilson(Houston)",38 - 48,5251858,560945,561176
2,14:30,Turnover out of bounds (in the paint) Eemeli Yalaho(Texas Tech),38 - 48,5251858,560945,561176
2,14:32,"2pt floating jump shot (blocked) (inside left) missed by Pop Isaacs(Texas Tech), block Ja'Vier Francis(Houston), rebound offensive Eemeli Yalaho(Texas Tech)",38 - 48,5251858,560945,561176
2,14:54,"2pt dunk (fast break) (under the basket) made by Mylik Wilson(Houston), assist Jamal Shead(Houston)",38 - 48,5251858,560945,561176
2,14:57,"2pt layup (2nd chance) (in the paint) missed by Joe Toussaint(Texas Tech), rebound defensive Jamal Shead(Houston)",38 - 46,5251858,560945,561176
2,15:02,"3pt jump shot (outside left) missed by Chance McMillian(Texas Tech), rebound offensive Joe Toussaint(Texas Tech)",38 - 46,5251858,560945,561176
2,15:24,2pt step back jump shot (off turnover) (inside left) made by Jamal Shead(Houston),38 - 46,5251858,560945,561176
2,15:37,"Foul personal (in the paint) Kerwin Walton(Texas Tech), foul on Jamal Shead(Houston)",38 - 44,5251858,560945,561176
2,15:42,"Turnover bad pass (inside right) Pop Isaacs(Texas Tech), steal Mylik Wilson(Houston)",38 - 44,5251858,560945,561176
2,15:57,Free throw 2 of 2 made by Jamal Shead(Houston),38 - 44,5251858,560945,561176
2,15:57,Free throw 1 of 2 made by Jamal Shead(Houston),38 - 43,5251858,560945,561176
2,15:57,Timeout commercial,38 - 42,5251858,560945,561176
2,15:57,Foul personal (shooting;2 free throws) (in the paint) Chance McMillian(Texas Tech),38 - 42,5251858,560945,561176
2,16:06,"2pt jump shot (inside left) missed by Eemeli Yalaho(Texas Tech), rebound defensive Ja'Vier Francis(Houston)",38 - 42,5251858,560945,561176
2,16:39,2pt jump shot (inside left) made by Mylik Wilson(Houston),38 - 42,5251858,560945,561176
2,16:53,Free throw 2 of 2 made by Eemeli Yalaho(Texas Tech),38 - 40,5251858,560945,561176
2,16:53,Substitution Houston: in Jamal Shead,37 - 40,5251858,560945,561176
2,16:53,Substitution Houston: out J'Wan Roberts,37 - 40,5251858,560945,561176
2,16:53,"Free throw 1 of 2 missed by Eemeli Yalaho(Texas Tech), rebound offensive dead ball Texas Tech",37 - 40,5251858,560945,561176
2,16:53,Foul personal (shooting;2 free throws) (under the basket) Ja'Vier Francis(Houston),37 - 40,5251858,560945,561176
2,17:23,"3pt jump shot (outside center) made by Emanuel Sharp(Houston), assist J'Wan Roberts(Houston), assist J'Wan Roberts(Houston)",37 - 40,5251858,560945,561176
2,17:40,Free throw 1 of 1 made by Pop Isaacs(Texas Tech),37 - 37,5251858,560945,561176
2,17:40,Substitution Texas Tech: in Eemeli Yalaho,36 - 37,5251858,560945,561176
2,17:40,Substitution Texas Tech: out Robert Jennings,36 - 37,5251858,560945,561176
2,17:40,Foul personal (shooting;1 free throw) (in the paint) Emanuel Sharp(Houston),36 - 37,5251858,560945,561176
2,17:40,2pt jump shot (in the paint) made by Pop Isaacs(Texas Tech),36 - 37,5251858,560945,561176
2,18:00,2pt hook shot (off turnover) (in the paint) made by J'Wan Roberts(Houston),34 - 37,5251858,560945,561176
2,18:20,Turnover bad pass (inside left) Robert Jennings(Texas Tech),34 - 35,5251858,560945,561176
2,18:43,"2pt jump shot (in the paint) missed by Emanuel Sharp(Houston), rebound defensive (team) Texas Tech",34 - 35,5251858,560945,561176
2,18:58,Free throw 1 of 1 (off turnover) made by Joe Toussaint(Texas Tech),34 - 35,5251858,560945,561176
2,18:58,Substitution Houston: in Mylik Wilson,33 - 35,5251858,560945,561176
2,18:58,Substitution Houston: out Jamal Shead,33 - 35,5251858,560945,561176
2,18:58,Foul personal (shooting;1 free throw) (inside left) Jamal Shead(Houston),33 - 35,5251858,560945,561176
2,18:58,2pt step back jump shot (off turnover) (inside left) made by Joe Toussaint(Texas Tech),33 - 35,5251858,560945,561176
2,19:13,"Turnover bad pass (outside right) Jamal Shead(Houston), steal Joe Toussaint(Texas Tech)",31 - 35,5251858,560945,561176
2,19:23,Free throw 2 of 2 made by Robert Jennings(Texas Tech),31 - 35,5251858,560945,561176
2,19:23,Free throw 1 of 2 made by Robert Jennings(Texas Tech),30 - 35,5251858,560945,561176
2,19:23,Foul personal (shooting;2 free throws) (under the basket) Ja'Vier Francis(Houston),29 - 35,5251858,560945,561176
2,19:47,"3pt jump shot (outside center) made by Emanuel Sharp(Houston), assist J'Wan Roberts(Houston)",29 - 35,5251858,560945,561176
2,20:00,Period start,29 - 32,5251858,560945,561176
2,20:00,Substitution Houston: in J'Wan Roberts,29 - 32,5251858,560945,561176
2,20:00,Substitution Houston: out Mylik Wilson,29 - 32,5251858,560945,561176
2,20:00,Substitution Texas Tech: in Robert Jennings,29 - 32,5251858,560945,561176
2,20:00,Substitution Texas Tech: in Joe Toussaint,29 - 32,5251858,560945,561176
2,20:00,Substitution Texas Tech: out Eemeli Yalaho,29 - 32,5251858,560945,561176
2,20:00,Substitution Texas Tech: out Lamar Washington,29 - 32,5251858,560945,561176
1,00:00.00,Period end (confirmed),29 - 32,5251858,560945,561176
1,00:00.80,"2pt turnaround jump shot (inside left) missed by Jamal Shead(Houston), rebound offensive Ja'Vier Francis(Houston)",29 - 32,5251858,560945,561176
1,00:11.50,2pt layup (in the paint) made by Eemeli Yalaho(Texas Tech),29 - 32,5251858,560945,561176
1,00:40.20,"3pt jump shot (outside left) made by LJ Cryer(Houston), assist Jamal Shead(Houston)",27 - 32,5251858,560945,561176
1,00:50.50,Free throw 2 of 2 (off turnover) made by Kerwin Walton(Texas Tech),27 - 29,5251858,560945,561176
1,00:50.50,Substitution Texas Tech: in Lamar Washington,26 - 29,5251858,560945,561176
1,00:50.50,Substitution Texas Tech: out Joe Toussaint,26 - 29,5251858,560945,561176
1,00:50.50,Substitution Houston: in Emanuel Sharp,26 - 29,5251858,560945,561176
1,00:50.50,Substitution Houston: out Damian Dunn,26 - 29,5251858,560945,561176
1,00:50.50,Free throw 1 of 2 (off turnover) made by Kerwin Walton(Texas Tech),26 - 29,5251858,560945,561176
1,00:50.50,Foul personal (one and one) (back court) Damian Dunn(Houston),25 - 29,5251858,560945,561176
1,00:50.50,"Turnover lost ball (inside right) Damian Dunn(Houston), steal Kerwin Walton(Texas Tech)",25 - 29,5251858,560945,561176
1,01:07,Substitution Texas Tech: in Joe Toussaint,25 - 29,5251858,560945,561176
1,01:07,Substitution Texas Tech: out Lamar Washington,25 - 29,5251858,560945,561176
1,01:07,Substitution Houston: in Mylik Wilson,25 - 29,5251858,560945,561176
1,01:07,Substitution Houston: out Emanuel Sharp,25 - 29,5251858,560945,561176
1,01:07,"Turnover lost ball (in the paint) Eemeli Yalaho(Texas Tech), steal LJ Cryer(Houston)",25 - 29,5251858,560945,561176
1,01:33,"2pt jump shot (off turnover) (inside center) made by Damian Dunn(Houston), assist Jamal Shead(Houston)",25 - 29,5251858,560945,561176
1,01:50,"Turnover bad pass (in the paint) Lamar Washington(Texas Tech), steal Damian Dunn(Houston)",25 - 27,5251858,560945,561176
1,02:02,"2pt jump shot (inside left) missed by Jamal Shead(Houston), rebound defensive Pop Isaacs(Texas Tech)",25 - 27,5251858,560945,561176
1,02:12,Timeout short Houston,25 - 27,5251858,560945,561176
1,02:12,"3pt jump shot (off turnover) (outside left wing) made by Eemeli Yalaho(Texas Tech), assist Lamar Washington(Texas Tech)",25 - 27,5251858,560945,561176
1,02:32,"Foul offensive (outside right) Emanuel Sharp(Houston), turnover offensive Emanuel Sharp(Houston)",25 - 27,5251858,560945,561176
1,02:32,"Foul personal (back court) Damian Dunn(Houston), foul on Chance McMillian(Texas Tech)",22 - 27,5251858,560945,561176
1,02:33,"2pt step back jump shot (inside right) missed by Emanuel Sharp(Houston), rebound defensive Chance McMillian(Texas Tech)",22 - 27,5251858,560945,561176
1,03:01,3pt pull up jump shot (off turnover;fast break) (outside right) made by Chance McMillian(Texas Tech),22 - 27,5251858,560945,561176
1,03:05,"Turnover bad pass (outside center) Jamal Shead(Houston), steal Chance McMillian(Texas Tech)",19 - 27,5251858,560945,561176
1,03:14,Free throw 2 of 2 made by Eemeli Yalaho(Texas Tech),29 - 32,5251858,560945,561176
1,03:14,Free throw 1 of 2 made by Eemeli Yalaho(Texas Tech),29 - 32,5251858,560945,561176
1,03:14,Substitution Houston: in Damian Dunn,17 - 27,5251858,560945,561176
1,03:14,Substitution Houston: in Ja'Vier Francis,17 - 27,5251858,560945,561176
1,03:14,Substitution Houston: out Mylik Wilson,17 - 27,5251858,560945,561176
1,03:14,Substitution Houston: out Cedric Lath,17 - 27,5251858,560945,561176
1,03:14,Timeout commercial,17 - 27,5251858,560945,561176
1,03:14,"Foul personal (one and one) (back court) Cedric Lath(Houston), foul on Eemeli Yalaho(Texas Tech)",17 - 27,5251858,560945,561176
1,03:17,"3pt jump shot (outside center) missed by LJ Cryer(Houston), rebound defensive Lamar Washington(Texas Tech)",17 - 27,5251858,560945,561176
1,03:37,"3pt jump shot (outside right) made by Chance McMillian(Texas Tech), assist Lamar Washington(Texas Tech)",17 - 27,5251858,560945,561176
1,03:49,"3pt jump shot (off turnover) (outside right) missed by Emanuel Sharp(Houston), rebound defensive Pop Isaacs(Texas Tech)",14 - 27,5251858,560945,561176
1,04:01,"Turnover lost ball (in the paint) Eemeli Yalaho(Texas Tech), steal Mylik Wilson(Houston)",14 - 27,5251858,560945,561176
1,04:10,"Foul personal (back court) Cedric Lath(Houston), foul on Eemeli Yalaho(Texas Tech)",14 - 27,5251858,560945,561176
1,04:12,"3pt jump shot (outside left wing) missed by LJ Cryer(Houston), rebound defensive Eemeli Yalaho(Texas Tech)",14 - 27,5251858,560945,561176
1,04:42,"2pt pull up jump shot (inside left) made by Chance McMillian(Texas Tech), assist Pop Isaacs(Texas Tech)",14 - 27,5251858,560945,561176
1,04:57,"2pt jump shot (off turnover) (in the paint) missed by Jamal Shead(Houston), rebound defensive Lamar Washington(Texas Tech)",12 - 27,5251858,560945,561176
1,05:19,Turnover shot clock (team) (in the paint) Texas Tech,12 - 27,5251858,560945,561176
1,05:55,Free throw 2 of 2 made by Jamal Shead(Houston),12 - 27,5251858,560945,561176
1,05:55,Substitution Texas Tech: in Kerwin Walton,12 - 26,5251858,560945,561176
1,05:55,Substitution Texas Tech: out Joe Toussaint,12 - 26,5251858,560945,561176
1,05:55,Free throw 1 of 2 made by Jamal Shead(Houston),12 - 26,5251858,560945,561176
1,05:55,Foul personal (shooting;2 free throws) (in the paint) Joe Toussaint(Texas Tech),12 - 25,5251858,560945,561176
1,06:01,"3pt jump shot (outside right) missed by Pop Isaacs(Texas Tech), rebound defensive (team) Houston",12 - 25,5251858,560945,561176
1,06:11,"2pt floating jump shot (inside left) missed by LJ Cryer(Houston), rebound defensive Chance McMillian(Texas Tech)",12 - 25,5251858,560945,561176
1,06:13,Substitution Houston: in Cedric Lath,12 - 25,5251858,560945,561176
1,06:13,Substitution Houston: out Ja'Vier Francis,12 - 25,5251858,560945,561176
1,06:13,"Foul personal (inside left) Lamar Washington(Texas Tech), foul on Mylik Wilson(Houston)",12 - 25,5251858,560945,561176
1,06:38,"2pt layup (off turnover;blocked) (in the paint) missed by Pop Isaacs(Texas Tech), block Ja'Vier Francis(Houston), rebound defensive Jamal Shead(Houston)",12 - 25,5251858,560945,561176
1,06:52,Turnover lost ball (inside left wing) Emanuel Sharp(Houston),12 - 25,5251858,560945,561176
1,07:05,"3pt jump shot (outside center) missed by Chance McMillian(Texas Tech), rebound defensive Mylik Wilson(Houston)",12 - 25,5251858,560945,561176
1,07:12,"2pt hook shot (off turnover) (in the paint) missed by Ja'Vier Francis(Houston), rebound defensive Lamar Washington(Texas Tech)",12 - 25,5251858,560945,561176
1,07:27,Substitution Houston: in LJ Cryer,12 - 25,5251858,560945,561176
1,07:27,Substitution Houston: out Damian Dunn,12 - 25,5251858,560945,561176
1,07:27,Timeout commercial,12 - 25,5251858,560945,561176
1,07:27,Turnover shot clock (team) (inside right) Texas Tech,12 - 25,5251858,560945,561176
1,07:28,"2pt jump shot (inside right) missed by Joe Toussaint(Texas Tech), rebound offensive dead ball Texas Tech",12 - 25,5251858,560945,561176
1,07:59,2pt dunk (2nd chance) (under the basket) made by Mylik Wilson(Houston),12 - 25,5251858,560945,561176
1,08:04,"3pt jump shot (outside center) missed by Jamal Shead(Houston), rebound offensive Mylik Wilson(Houston)",12 - 23,5251858,560945,561176
1,08:25,2pt layup (2nd chance) (in the paint) made by Chance McMillian(Texas Tech),12 - 23,5251858,560945,561176
1,08:25,"Free throw 1 of 1 (off turnover) missed by Lamar Washington(Texas Tech), rebound offensive Chance McMillian(Texas Tech)",10 - 23,5251858,560945,561176
1,08:25,Foul personal (shooting;1 free throw) (under the basket) Damian Dunn(Houston),10 - 23,5251858,560945,561176
1,08:25,"2pt layup (off turnover) (under the basket) made by Lamar Washington(Texas Tech), assist Joe Toussaint(Texas Tech)",10 - 23,5251858,560945,561176
1,08:39,Substitution Texas Tech: in Lamar Washington,8 - 23,5251858,560945,561176
1,08:39,Substitution Texas Tech: out Kerwin Walton,8 - 23,5251858,560945,561176
1,08:39,Turnover out of bounds (outside right) Mylik Wilson(Houston),8 - 23,5251858,560945,561176
1,08:46,"3pt jump shot (outside right) missed by Kerwin Walton(Texas Tech), rebound defensive Mylik Wilson(Houston)",8 - 23,5251858,560945,561176
1,09:02,"3pt jump shot (outside right) missed by Mylik Wilson(Houston), rebound defensive Pop Isaacs(Texas Tech)",8 - 23,5251858,560945,561176
1,09:18,"3pt jump shot (outside right) missed by Pop Isaacs(Texas Tech), rebound defensive Mylik Wilson(Houston)",8 - 23,5251858,560945,561176
1,09:26,"Foul personal (in the paint) Mylik Wilson(Houston), foul on Eemeli Yalaho(Texas Tech)",8 - 23,5251858,560945,561176
1,09:44,2pt jump shot (inside right) made by Jamal Shead(Houston),8 - 23,5251858,560945,561176
1,09:58,Substitution Texas Tech: in Eemeli Yalaho,8 - 21,5251858,560945,561176
1,09:58,Substitution Texas Tech: out Robert Jennings,8 - 21,5251858,560945,561176
1,09:58,Substitution Houston: in Jamal Shead,8 - 21,5251858,560945,561176
1,09:58,Substitution Houston: out LJ Cryer,8 - 21,5251858,560945,561176
1,09:58,"Foul personal (in the paint) Robert Jennings(Texas Tech), foul on Damian Dunn(Houston)",8 - 21,5251858,560945,561176
1,10:26,"3pt jump shot (outside center) made by Pop Isaacs(Texas Tech), assist Chance McMillian(Texas Tech)",8 - 21,5251858,560945,561176
1,10:48,Timeout short Texas Tech,5 - 21,5251858,560945,561176
1,10:55,2pt jump shot (2nd chance;off turnover) (in the paint) made by Emanuel Sharp(Houston),5 - 21,5251858,560945,561176
1,11:00,"2pt floating jump shot (off turnover) (inside left) missed by LJ Cryer(Houston), rebound offensive Emanuel Sharp(Houston)",5 - 19,5251858,560945,561176
1,11:11,Substitution Texas Tech: in Chance McMillian,5 - 19,5251858,560945,561176
1,11:11,Substitution Texas Tech: out Lamar Washington,5 - 19,5251858,560945,561176
1,11:11,Substitution Houston: in Ja'Vier Francis,5 - 19,5251858,560945,561176
1,11:11,Substitution Houston: out J'Wan Roberts,5 - 19,5251858,560945,561176
1,11:11,"Foul offensive (inside left) Lamar Washington(Texas Tech), turnover offensive Lamar Washington(Texas Tech), foul on Damian Dunn(Houston)",5 - 19,5251858,560945,561176
1,11:39,2pt jump shot (inside left) made by Damian Dunn(Houston),5 - 19,5251858,560945,561176
1,12:07,"2pt jump shot (inside left) missed by Kerwin Walton(Texas Tech), rebound defensive Emanuel Sharp(Houston)",5 - 17,5251858,560945,561176
1,12:28,Substitution Texas Tech: in Pop Isaacs,5 - 17,5251858,560945,561176
1,12:28,Substitution Texas Tech: out Chance McMillian,5 - 17,5251858,560945,561176
1,12:28,Substitution Houston: in Emanuel Sharp,5 - 17,5251858,560945,561176
1,12:28,Substitution Houston: in J'Wan Roberts,5 - 17,5251858,560945,561176
1,12:28,Substitution Houston: out Cedric Lath,5 - 17,5251858,560945,561176
1,12:28,Substitution Houston: out Jamal Shead,5 - 17,5251858,560945,561176
1,12:28,Timeout commercial,5 - 17,5251858,560945,561176
1,12:28,Timeout short Texas Tech,5 - 17,5251858,560945,561176
1,12:29,2pt layup (off turnover;fast break) (under the basket) made by Damian Dunn(Houston),5 - 17,5251858,560945,561176
1,12:34,"Turnover lost ball (outside center) Kerwin Walton(Texas Tech), steal Damian Dunn(Houston)",5 - 15,5251858,560945,561176
1,12:52,"3pt jump shot (off turnover) (outside right) missed by LJ Cryer(Houston), rebound defensive Joe Toussaint(Texas Tech)",5 - 15,5251858,560945,561176
1,13:07,Turnover shot clock (team) (outside left) Texas Tech,5 - 15,5251858,560945,561176
1,13:09,"3pt jump shot (2nd chance) (outside left) missed by Joe Toussaint(Texas Tech), rebound offensive dead ball Texas Tech",5 - 15,5251858,560945,561176
1,13:31,Jump ball held ball Texas Tech,5 - 15,5251858,560945,561176
1,13:37,"3pt jump shot (2nd chance) (outside center) missed by Joe Toussaint(Texas Tech), rebound offensive Lamar Washington(Texas Tech)",5 - 15,5251858,560945,561176
1,13:47,"Foul personal (inside right) Damian Dunn(Houston), foul on Kerwin Walton(Texas Tech)",5 - 15,5251858,560945,561176
1,13:56,Substitution Texas Tech: in Lamar Washington,5 - 15,5251858,560945,561176
1,13:56,Substitution Texas Tech: out Pop Isaacs,5 - 15,5251858,560945,561176
1,13:56,"Foul personal (in the paint) Cedric Lath(Houston), foul on Robert Jennings(Texas Tech)",5 - 15,5251858,560945,561176
1,13:57,3pt jump shot (2nd chance) (outside left wing) missed by Pop Isaacs(Texas Tech),5 - 15,5251858,560945,561176
1,14:03,"2pt driving layup (blocked) (in the paint) missed by Pop Isaacs(Texas Tech), block Cedric Lath(Houston), rebound offensive (team) Texas Tech",5 - 15,5251858,560945,561176
1,14:31,"3pt jump shot (off turnover) (outside center) made by LJ Cryer(Houston), assist Jamal Shead(Houston)",5 - 15,5251858,560945,561176
1,14:43,Substitution Texas Tech: in Robert Jennings,5 - 12,5251858,560945,561176
1,14:43,Substitution Texas Tech: out Eemeli Yalaho,5 - 12,5251858,560945,561176
1,14:43,Substitution Houston: in Mylik Wilson,5 - 12,5251858,560945,561176
1,14:43,Substitution Houston: in Cedric Lath,5 - 12,5251858,560945,561176
1,14:43,Substitution Houston: out Emanuel Sharp,5 - 12,5251858,560945,561176
1,14:43,Substitution Houston: out Ja'Vier Francis,5 - 12,5251858,560945,561176
1,14:43,Timeout commercial,5 - 12,5251858,560945,561176
1,14:43,Turnover travel (outside center) Joe Toussaint(Texas Tech),5 - 12,5251858,560945,561176
1,15:12,"3pt jump shot (outside right) made by LJ Cryer(Houston), assist Jamal Shead(Houston)",5 - 12,5251858,560945,561176
1,15:24,"2pt layup (under the basket) missed by Eemeli Yalaho(Texas Tech), rebound defensive Jamal Shead(Houston)",5 - 9,5251858,560945,561176
1,15:39,2pt layup (2nd chance) (under the basket) made by Damian Dunn(Houston),5 - 9,5251858,560945,561176
1,15:44,"3pt jump shot (2nd chance) (outside right) missed by Emanuel Sharp(Houston), rebound offensive Damian Dunn(Houston)",5 - 7,5251858,560945,561176
1,15:53,"3pt pull up jump shot (outside right) missed by LJ Cryer(Houston), rebound offensive Jamal Shead(Houston)",5 - 7,5251858,560945,561176
1,16:01,"3pt jump shot (outside right) missed by Pop Isaacs(Texas Tech), rebound defensive LJ Cryer(Houston)",5 - 7,5251858,560945,561176
1,16:11,"3pt jump shot (outside right) missed by Jamal Shead(Houston), rebound defensive Kerwin Walton(Texas Tech)",5 - 7,5251858,560945,561176
1,16:23,Free throw 3 of 3 (off turnover) made by Joe Toussaint(Texas Tech),5 - 7,5251858,560945,561176
1,16:23,Free throw 2 of 3 (off turnover) made by Joe Toussaint(Texas Tech),4 - 7,5251858,560945,561176
1,16:23,Free throw 1 of 3 (off turnover) made by Joe Toussaint(Texas Tech),3 - 7,5251858,560945,561176
1,16:23,Foul personal (shooting;3 free throws) (outside right) Emanuel Sharp(Houston),2 - 7,5251858,560945,561176
1,16:40,Substitution Texas Tech: in Eemeli Yalaho,2 - 7,5251858,560945,561176
1,16:40,Substitution Texas Tech: out Robert Jennings,2 - 7,5251858,560945,561176
1,16:41,Turnover travel (in the paint) Ja'Vier Francis(Houston),2 - 7,5251858,560945,561176
1,16:49,"2pt layup (in the paint) missed by Robert Jennings(Texas Tech), rebound defensive Ja'Vier Francis(Houston)",2 - 7,5251858,560945,561176
1,17:03,"3pt jump shot (outside right) missed by Damian Dunn(Houston), rebound defensive Joe Toussaint(Texas Tech)",2 - 7,5251858,560945,561176
1,17:20,Substitution Houston: in Damian Dunn,2 - 7,5251858,560945,561176
1,17:20,Substitution Houston: out J'Wan Roberts,2 - 7,5251858,560945,561176
1,17:24,"2pt driving layup (under the basket) missed by Pop Isaacs(Texas Tech), rebound defensive Ja'Vier Francis(Houston)",2 - 7,5251858,560945,561176
1,17:29,"2pt layup (2nd chance) (under the basket) missed by J'Wan Roberts(Houston), rebound defensive Robert Jennings(Texas Tech)",2 - 7,5251858,560945,561176
1,17:33,"2pt floating jump shot (in the paint) missed by LJ Cryer(Houston), rebound offensive J'Wan Roberts(Houston)",2 - 7,5251858,560945,561176
1,18:01,"2pt jump shot (inside center) missed by Pop Isaacs(Texas Tech), rebound defensive J'Wan Roberts(Houston)",2 - 7,5251858,560945,561176
1,18:17,"2pt layup (under the basket) made by Ja'Vier Francis(Houston), assist Emanuel Sharp(Houston)",2 - 7,5251858,560945,561176
1,18:22,"Foul personal (under the basket) Joe Toussaint(Texas Tech), foul on Ja'Vier Francis(Houston)",2 - 5,5251858,560945,561176
1,18:33,"2pt floating jump shot (in the paint) missed by Kerwin Walton(Texas Tech), rebound defensive Ja'Vier Francis(Houston)",2 - 5,5251858,560945,561176
1,18:51,Free throw 2 of 2 (fast break;off turnover) made by Ja'Vier Francis(Houston),2 - 5,5251858,560945,561176
1,18:51,Free throw 1 of 2 (fast break;off turnover) made by Ja'Vier Francis(Houston),2 - 4,5251858,560945,561176
1,18:51,Foul personal (shooting;2 free throws) (under the basket) Chance McMillian(Texas Tech),2 - 3,5251858,560945,561176
1,18:53,"Turnover bad pass (outside center) Chance McMillian(Texas Tech), steal Ja'Vier Francis(Houston)",2 - 3,5251858,560945,561176
1,19:09,"3pt jump shot (outside right) made by Emanuel Sharp(Houston), assist J'Wan Roberts(Houston)",2 - 3,5251858,560945,561176
1,19:30,"2pt dunk (under the basket) made by Robert Jennings(Texas Tech), assist Pop Isaacs(Texas Tech)",2 - 0,5251858,560945,561176
1,19:41,"2pt floating jump shot (in the paint) missed by Emanuel Sharp(Houston), rebound defensive Robert Jennings(Texas Tech)",0 - 0,5251858,560945,561176
1,20:00,"Jump ball start period, won Robert Jennings(Texas Tech), lost Ja'Vier Francis(Houston), won Ja'Vier Francis(Houston), lost Robert Jennings(Texas Tech)",0 - 0,5251858,560945,561176
1,20:00,Period start,0 - 0,5251858,560945,561176
1,20:00,Game start,0 - 0,5251858,560945,561176
2,14:59,2pt driving layup (under the basket) made by Tyrece Radford(TAMU),58 - 51,5252546,560583,561170
2,15:24,"3pt jump shot (off turnover) (outside left) missed by Rob Dillingham(UKY), rebound defensive Manny Obaseki(TAMU)",56 - 51,5252546,560583,561170
2,15:41,Turnover shot clock (team) (outside center) TAMU,56 - 51,5252546,560583,561170
2,15:47,Substitution UKY: in Zvonimir Ivisic,56 - 51,5252546,560583,561170
2,15:47,Substitution UKY: in Reed Sheppard,56 - 51,5252546,560583,561170
2,15:47,Substitution UKY: in Tre Mitchell,56 - 51,5252546,560583,561170
2,15:47,Substitution UKY: out Ugonna Onyenso,56 - 51,5252546,560583,561170
2,15:47,Substitution UKY: out Adou Thiero,56 - 51,5252546,560583,561170
2,15:47,Substitution UKY: out Justin Edwards,56 - 51,5252546,560583,561170
2,15:47,Timeout commercial,56 - 51,5252546,560583,561170
2,16:14,2pt jump shot (inside center) made by D.J. Wagner(UKY),56 - 51,5252546,560583,561170
2,16:36,"3pt jump shot (off turnover) (outside left) missed by Tyrece Radford(TAMU), rebound defensive Ugonna Onyenso(UKY)",56 - 49,5252546,560583,561170
2,16:40,"Turnover bad pass (in the paint) Rob Dillingham(UKY), steal Andersson Garcia(TAMU)",56 - 49,5252546,560583,561170
2,16:51,"2pt jump shot (in the paint) missed by Wade Taylor IV(TAMU), rebound defensive Adou Thiero(UKY)",56 - 49,5252546,560583,561170
2,17:02,"2pt jump shot (inside left) missed by Justin Edwards(UKY), rebound defensive Andersson Garcia(TAMU)",56 - 49,5252546,560583,561170
2,17:17,2pt dunk (2nd chance;off turnover) (under the basket) made by Manny Obaseki(TAMU),56 - 49,5252546,560583,561170
2,17:30,"2pt jump shot (2nd chance;off turnover;blocked) (in the paint) missed by Manny Obaseki(TAMU), block Adou Thiero(UKY), rebound offensive (team) TAMU",54 - 49,5252546,560583,561170
2,17:45,"3pt jump shot (off turnover) (outside left) missed by Wade Taylor IV(TAMU), rebound offensive Solomon Washington(TAMU)",54 - 49,5252546,560583,561170
2,17:55,Turnover out of bounds (inside left wing) Adou Thiero(UKY),54 - 49,5252546,560583,561170
2,18:16,Substitution UKY: in Rob Dillingham,54 - 49,5252546,560583,561170
2,18:16,Substitution UKY: out Antonio Reeves,54 - 49,5252546,560583,561170
2,18:16,Free throw 2 of 2 (2nd chance) made by Wade Taylor IV(TAMU),54 - 49,5252546,560583,561170
2,18:16,Free throw 1 of 2 (2nd chance) made by Wade Taylor IV(TAMU),53 - 49,5252546,560583,561170
2,18:16,Foul personal (shooting;2 free throws) (in the paint) Antonio Reeves(UKY),52 - 49,5252546,560583,561170
2,18:25,"2pt jump shot (blocked) (in the paint) missed by Tyrece Radford(TAMU), block Justin Edwards(UKY), rebound offensive (team) TAMU",52 - 49,5252546,560583,561170
2,18:36,Free throw 2 of 2 made by Adou Thiero(UKY),52 - 49,5252546,560583,561170
2,18:36,Substitution TAMU: in Andersson Garcia,52 - 48,5252546,560583,561170
2,18:36,Substitution TAMU: out Wildens Leveque,52 - 48,5252546,560583,561170
2,18:36,Free throw 1 of 2 made by Adou Thiero(UKY),52 - 48,5252546,560583,561170
2,18:36,Foul personal (shooting;2 free throws) (under the basket) Wildens Leveque(TAMU),52 - 47,5252546,560583,561170
2,18:48,2pt driving layup (under the basket) made by Tyrece Radford(TAMU),52 - 47,5252546,560583,561170
2,19:01,Free throw 2 of 2 made by Adou Thiero(UKY),50 - 47,5252546,560583,561170
2,19:01,Free throw 1 of 2 made by Adou Thiero(UKY),50 - 46,5252546,560583,561170
2,19:01,Foul personal (shooting;2 free throws) (under the basket) Manny Obaseki(TAMU),50 - 45,5252546,560583,561170
2,19:09,"Foul personal (outside center) Wade Taylor IV(TAMU), foul on D.J. Wagner(UKY)",50 - 45,5252546,560583,561170
2,19:18,2pt layup (2nd chance) (under the basket) made by Wildens Leveque(TAMU),50 - 45,5252546,560583,561170
2,19:22,"2pt jump shot (in the paint) missed by Wildens Leveque(TAMU), rebound offensive Wildens Leveque(TAMU)",48 - 45,5252546,560583,561170
2,19:41,"3pt jump shot (2nd chance) (outside left) made by Antonio Reeves(UKY), assist D.J. Wagner(UKY)",48 - 45,5252546,560583,561170
2,19:45,"2pt jump shot (in the paint) missed by Antonio Reeves(UKY), rebound offensive Justin Edwards(UKY)",48 - 42,5252546,560583,561170
2,20:00,Period start,48 - 42,5252546,560583,561170
2,20:00,Substitution TAMU: in Solomon Washington,48 - 42,5252546,560583,561170
2,20:00,Substitution TAMU: in Wildens Leveque,48 - 42,5252546,560583,561170
2,20:00,Substitution TAMU: out Henry Coleman III,48 - 42,5252546,560583,561170
2,20:00,Substitution TAMU: out Jace Carter,48 - 42,5252546,560583,561170
2,20:00,Substitution UKY: in Antonio Reeves,48 - 42,5252546,560583,561170
2,20:00,Substitution UKY: in Adou Thiero,48 - 42,5252546,560583,561170
2,20:00,Substitution UKY: in Justin Edwards,48 - 42,5252546,560583,561170
2,20:00,Substitution UKY: out Reed Sheppard,48 - 42,5252546,560583,561170
2,20:00,Substitution UKY: out Tre Mitchell,48 - 42,5252546,560583,561170
2,20:00,Substitution UKY: out Rob Dillingham,48 - 42,5252546,560583,561170
1,00:00.00,Period end (confirmed),48 - 42,5252546,560583,561170
1,00:00.10,"3pt jump shot (outside right) missed by D.J. Wagner(UKY), rebound defensive Tyrece Radford(TAMU)",48 - 42,5252546,560583,561170
1,00:10.70,"3pt jump shot (outside left) missed by Wade Taylor IV(TAMU), rebound defensive Rob Dillingham(UKY)",48 - 42,5252546,560583,561170
1,00:28.80,Free throw 2 of 2 made by Rob Dillingham(UKY),48 - 42,5252546,560583,561170
1,00:28.80,Substitution TAMU: in Tyrece Radford,48 - 41,5252546,560583,561170
1,00:28.80,Substitution TAMU: out Solomon Washington,48 - 41,5252546,560583,561170
1,00:28.80,Substitution UKY: in Ugonna Onyenso,48 - 41,5252546,560583,561170
1,00:28.80,Substitution UKY: out Zvonimir Ivisic,48 - 41,5252546,560583,561170
1,00:28.80,Free throw 1 of 2 made by Rob Dillingham(UKY),48 - 41,5252546,560583,561170
1,00:28.80,Foul personal (shooting;2 free throws) (in the paint) Solomon Washington(TAMU),48 - 40,5252546,560583,561170
1,00:53.20,Free throw 2 of 2 made by Solomon Washington(TAMU),48 - 40,5252546,560583,561170
1,00:53.20,Substitution TAMU: in Jace Carter,47 - 40,5252546,560583,561170
1,00:53.20,Substitution TAMU: out Tyrece Radford,47 - 40,5252546,560583,561170
1,00:53.20,Substitution UKY: in Tre Mitchell,47 - 40,5252546,560583,561170
1,00:53.20,Substitution UKY: out Adou Thiero,47 - 40,5252546,560583,561170
1,00:53.20,"Free throw 1 of 2 missed by Solomon Washington(TAMU), rebound offensive dead ball TAMU",47 - 40,5252546,560583,561170
1,00:53.20,Foul personal (2 free throws) (back court) Adou Thiero(UKY),47 - 40,5252546,560583,561170
1,00:53.40,"2pt layup (under the basket) missed by D.J. Wagner(UKY), rebound defensive Solomon Washington(TAMU)",47 - 40,5252546,560583,561170
1,01:09,"2pt driving layup (in the paint) missed by Tyrece Radford(TAMU), rebound defensive D.J. Wagner(UKY)",47 - 40,5252546,560583,561170
1,01:36,"Free throw 2 of 2 (fast break) missed by Reed Sheppard(UKY), rebound defensive Tyrece Radford(TAMU)",47 - 40,5252546,560583,561170
1,01:36,Free throw 1 of 2 (fast break) made by Reed Sheppard(UKY),47 - 40,5252546,560583,561170
1,01:36,Foul personal (shooting;2 free throws) (under the basket) Wade Taylor IV(TAMU),47 - 39,5252546,560583,561170
1,01:41,"3pt jump shot (outside left) missed by Solomon Washington(TAMU), rebound defensive Reed Sheppard(UKY)",47 - 39,5252546,560583,561170
1,01:58,"3pt jump shot (outside left) missed by Reed Sheppard(UKY), rebound defensive Solomon Washington(TAMU)",47 - 39,5252546,560583,561170
1,02:16,Free throw 2 of 2 made by Manny Obaseki(TAMU),47 - 39,5252546,560583,561170
1,02:16,"Free throw 1 of 2 missed by Manny Obaseki(TAMU), rebound offensive dead ball TAMU",46 - 39,5252546,560583,561170
1,02:16,Foul personal (shooting;2 free throws) (in the paint) Adou Thiero(UKY),46 - 39,5252546,560583,561170
1,02:34,2pt driving layup (under the basket) made by Rob Dillingham(UKY),46 - 39,5252546,560583,561170
1,02:44,"Free throw 2 of 2 missed by Tyrece Radford(TAMU), rebound defensive Reed Sheppard(UKY)",46 - 37,5252546,560583,561170
1,02:44,Free throw 1 of 2 made by Tyrece Radford(TAMU),46 - 37,5252546,560583,561170
1,02:44,Substitution UKY: in Adou Thiero,45 - 37,5252546,560583,561170
1,02:44,Substitution UKY: out Justin Edwards,45 - 37,5252546,560583,561170
1,02:44,Foul personal (one and one) (inside right) Justin Edwards(UKY),45 - 37,5252546,560583,561170
1,02:59,Free throw 1 of 1 made by D.J. Wagner(UKY),45 - 37,5252546,560583,561170
1,02:59,Substitution TAMU: in Henry Coleman III,45 - 36,5252546,560583,561170
1,02:59,Substitution TAMU: out Andersson Garcia,45 - 36,5252546,560583,561170
1,02:59,Substitution UKY: in Zvonimir Ivisic,45 - 36,5252546,560583,561170
1,02:59,Substitution UKY: in Justin Edwards,45 - 36,5252546,560583,561170
1,02:59,Substitution UKY: out Adou Thiero,45 - 36,5252546,560583,561170
1,02:59,Substitution UKY: out Ugonna Onyenso,45 - 36,5252546,560583,561170
1,02:59,Timeout commercial,45 - 36,5252546,560583,561170
1,02:59,Foul personal (shooting;1 free throw) (in the paint) Andersson Garcia(TAMU),45 - 36,5252546,560583,561170
1,02:59,2pt layup (in the paint) made by D.J. Wagner(UKY),45 - 36,5252546,560583,561170
1,03:08,2pt jump shot (inside left) made by Tyrece Radford(TAMU),45 - 34,5252546,560583,561170
1,03:40,"2pt jump shot (under the basket) missed by Ugonna Onyenso(UKY), rebound defensive Solomon Washington(TAMU)",43 - 34,5252546,560583,561170
1,04:02,"3pt jump shot (fast break) (outside right) made by Wade Taylor IV(TAMU), assist Tyrece Radford(TAMU)",43 - 34,5252546,560583,561170
1,04:08,"2pt layup (blocked) (under the basket) missed by Adou Thiero(UKY), block Solomon Washington(TAMU), rebound defensive Solomon Washington(TAMU)",40 - 34,5252546,560583,561170
1,04:13,"2pt jump shot (blocked) (in the paint) missed by Manny Obaseki(TAMU), block Adou Thiero(UKY), rebound defensive D.J. Wagner(UKY)",40 - 34,5252546,560583,561170
1,04:32,"3pt jump shot (outside center) missed by Rob Dillingham(UKY), rebound defensive Wade Taylor IV(TAMU)",40 - 34,5252546,560583,561170
1,04:44,"3pt jump shot (outside left) made by Solomon Washington(TAMU), assist Tyrece Radford(TAMU)",40 - 34,5252546,560583,561170
1,05:01,2pt layup (under the basket) made by Rob Dillingham(UKY),37 - 34,5252546,560583,561170
1,05:16,"2pt jump shot (inside right) missed by Wade Taylor IV(TAMU), rebound defensive Rob Dillingham(UKY)",37 - 32,5252546,560583,561170
1,05:33,"3pt jump shot (outside left wing) made by Reed Sheppard(UKY), assist Rob Dillingham(UKY)",37 - 32,5252546,560583,561170
1,05:42,Substitution UKY: in Adou Thiero,48 - 42,5252546,560583,561170
1,05:42,Substitution UKY: out Tre Mitchell,48 - 42,5252546,560583,561170
1,05:41,"Free throw 1 of 1 (2nd chance) missed by Tyrece Radford(TAMU), rebound defensive Adou Thiero(UKY)",37 - 29,5252546,560583,561170
1,05:42,Substitution UKY: in Reed Sheppard,48 - 42,5252546,560583,561170
1,05:42,Substitution UKY: out Antonio Reeves,48 - 42,5252546,560583,561170
1,05:43,"Foul personal (one and one) (in the paint) Antonio Reeves(UKY), foul on Tyrece Radford(TAMU)",48 - 42,5252546,560583,561170
1,05:43,"2pt step back jump shot (inside center) missed by Manny Obaseki(TAMU), rebound defensive dead ball UKY, rebound offensive dead ball TAMU, rebound offensive dead ball TAMU",37 - 29,5252546,560583,561170
1,06:06,2pt dunk (fast break) (under the basket) made by Ugonna Onyenso(UKY),37 - 29,5252546,560583,561170
1,06:16,"3pt jump shot (off turnover) (outside center) missed by Wade Taylor IV(TAMU), rebound defensive Tre Mitchell(UKY)",37 - 27,5252546,560583,561170
1,06:25,"Turnover lost ball (inside left) Tre Mitchell(UKY), steal Solomon Washington(TAMU)",37 - 27,5252546,560583,561170
1,06:43,Substitution UKY: in D.J. Wagner,37 - 27,5252546,560583,561170
1,06:43,Substitution UKY: out Reed Sheppard,37 - 27,5252546,560583,561170
1,06:45,"2pt layup (off turnover;fast break) (under the basket) made by Solomon Washington(TAMU), assist Tyrece Radford(TAMU)",37 - 27,5252546,560583,561170
1,06:50,"Turnover bad pass (back court) Reed Sheppard(UKY), steal Manny Obaseki(TAMU)",35 - 27,5252546,560583,561170
1,06:57,Free throw 2 of 2 (fast break;off turnover) made by Tyrece Radford(TAMU),35 - 27,5252546,560583,561170
1,06:57,Free throw 1 of 2 (fast break;off turnover) made by Tyrece Radford(TAMU),34 - 27,5252546,560583,561170
1,06:57,Substitution TAMU: in Solomon Washington,33 - 27,5252546,560583,561170
1,06:57,Substitution TAMU: out Henry Coleman III,33 - 27,5252546,560583,561170
1,06:57,Foul personal (one and one) (outside center) Reed Sheppard(UKY),33 - 27,5252546,560583,561170
1,06:59,"Turnover lost ball (inside right) Reed Sheppard(UKY), steal Tyrece Radford(TAMU)",33 - 27,5252546,560583,561170
1,07:02,Substitution TAMU: in Andersson Garcia,33 - 27,5252546,560583,561170
1,07:02,Substitution TAMU: out Solomon Washington,33 - 27,5252546,560583,561170
1,07:02,Substitution UKY: in Antonio Reeves,33 - 27,5252546,560583,561170
1,07:02,Substitution UKY: in Tre Mitchell,33 - 27,5252546,560583,561170
1,07:02,Substitution UKY: in Rob Dillingham,33 - 27,5252546,560583,561170
1,07:02,Substitution UKY: out D.J. Wagner,33 - 27,5252546,560583,561170
1,07:02,Substitution UKY: out Adou Thiero,33 - 27,5252546,560583,561170
1,07:02,Substitution UKY: out Justin Edwards,33 - 27,5252546,560583,561170
1,07:02,Timeout commercial,33 - 27,5252546,560583,561170
1,07:02,"Foul personal (in the paint) Tyrece Radford(TAMU), foul on Ugonna Onyenso(UKY)",33 - 27,5252546,560583,561170
1,07:14,2pt driving layup (in the paint) made by Wade Taylor IV(TAMU),33 - 27,5252546,560583,561170
1,07:32,2pt jump shot (inside left) made by Reed Sheppard(UKY),31 - 27,5252546,560583,561170
1,07:53,"2pt layup (fast break) (under the basket) made by Tyrece Radford(TAMU), assist Manny Obaseki(TAMU)",31 - 25,5252546,560583,561170
1,08:00,"2pt layup (off turnover) (under the basket) missed by Justin Edwards(UKY), rebound defensive Henry Coleman III(TAMU)",29 - 25,5252546,560583,561170
1,08:18,"Turnover bad pass (inside center) Wade Taylor IV(TAMU), steal D.J. Wagner(UKY)",29 - 25,5252546,560583,561170
1,08:40,"3pt jump shot (outside center) made by D.J. Wagner(UKY), assist Justin Edwards(UKY)",29 - 25,5252546,560583,561170
1,08:57,Substitution TAMU: in Henry Coleman III,29 - 22,5252546,560583,561170
1,08:57,Substitution TAMU: out Andersson Garcia,29 - 22,5252546,560583,561170
1,08:57,Substitution UKY: in Ugonna Onyenso,29 - 22,5252546,560583,561170
1,08:57,Substitution UKY: out Aaron Bradshaw,29 - 22,5252546,560583,561170
1,08:57,2pt layup (fast break) (under the basket) made by Wade Taylor IV(TAMU),29 - 22,5252546,560583,561170
1,09:04,"2pt jump shot (inside left) missed by D.J. Wagner(UKY), rebound defensive Solomon Washington(TAMU)",27 - 22,5252546,560583,561170
1,09:14,"3pt jump shot (outside center) missed by Wade Taylor IV(TAMU), rebound defensive D.J. Wagner(UKY)",27 - 22,5252546,560583,561170
1,09:20,"2pt layup (2nd chance) (under the basket) missed by Adou Thiero(UKY), rebound defensive Solomon Washington(TAMU)",27 - 22,5252546,560583,561170
1,09:28,"3pt jump shot (outside center) missed by Justin Edwards(UKY), rebound offensive Adou Thiero(UKY)",27 - 22,5252546,560583,561170
1,09:48,"3pt jump shot (2nd chance) (outside center) made by Wade Taylor IV(TAMU), assist Tyrece Radford(TAMU)",27 - 22,5252546,560583,561170
1,10:00,Substitution TAMU: in Manny Obaseki,24 - 22,5252546,560583,561170
1,10:00,Substitution TAMU: in Wade Taylor IV,24 - 22,5252546,560583,561170
1,10:00,Substitution TAMU: out Hayden Hefner,24 - 22,5252546,560583,561170
1,10:00,Substitution TAMU: out Jace Carter,24 - 22,5252546,560583,561170
1,10:00,Substitution UKY: in Adou Thiero,24 - 22,5252546,560583,561170
1,10:00,Substitution UKY: out Tre Mitchell,24 - 22,5252546,560583,561170
1,10:00,Jump ball held ball TAMU,24 - 22,5252546,560583,561170
1,10:05,"2pt jump shot (inside right) missed by Tyrece Radford(TAMU), rebound offensive Andersson Garcia(TAMU)",24 - 22,5252546,560583,561170
1,10:21,"3pt jump shot (outside left) made by Reed Sheppard(UKY), assist D.J. Wagner(UKY)",24 - 22,5252546,560583,561170
1,10:27,2pt layup (2nd chance) (under the basket) made by Hayden Hefner(TAMU),24 - 19,5252546,560583,561170
1,10:34,"2pt jump shot (blocked) (in the paint) missed by Solomon Washington(TAMU), block Aaron Bradshaw(UKY), rebound offensive Hayden Hefner(TAMU)",22 - 19,5252546,560583,561170
1,10:50,"3pt jump shot (outside left) made by Reed Sheppard(UKY), assist Justin Edwards(UKY)",22 - 19,5252546,560583,561170
1,11:11,Substitution TAMU: in Jace Carter,22 - 16,5252546,560583,561170
1,11:11,Substitution TAMU: out Manny Obaseki,22 - 16,5252546,560583,561170
1,11:11,Free throw 2 of 2 (2nd chance;off turnover) made by Tyrece Radford(TAMU),22 - 16,5252546,560583,561170
1,11:11,Substitution UKY: in Aaron Bradshaw,21 - 16,5252546,560583,561170
1,11:11,Substitution UKY: out Zvonimir Ivisic,21 - 16,5252546,560583,561170
1,11:11,Free throw 1 of 2 (2nd chance;off turnover) made by Tyrece Radford(TAMU),21 - 16,5252546,560583,561170
1,11:11,Foul personal (shooting;2 free throws) (in the paint) Justin Edwards(UKY),20 - 16,5252546,560583,561170
1,11:21,"2pt jump shot (off turnover;blocked) (in the paint) missed by Manny Obaseki(TAMU), block Zvonimir Ivisic(UKY), rebound offensive Andersson Garcia(TAMU)",20 - 16,5252546,560583,561170
1,11:38,Substitution UKY: in Justin Edwards,20 - 16,5252546,560583,561170
1,11:38,Substitution UKY: out Rob Dillingham,20 - 16,5252546,560583,561170
1,11:38,Timeout commercial,20 - 16,5252546,560583,561170
1,11:38,"Foul offensive (back court) D.J. Wagner(UKY), turnover offensive D.J. Wagner(UKY), foul on Andersson Garcia(TAMU)",20 - 16,5252546,560583,561170
1,11:48,"2pt layup (in the paint) missed by Tyrece Radford(TAMU), rebound defensive Reed Sheppard(UKY)",20 - 16,5252546,560583,561170
1,11:54,"2pt layup (under the basket) missed by Rob Dillingham(UKY), rebound defensive Tyrece Radford(TAMU)",20 - 16,5252546,560583,561170
1,12:01,"3pt jump shot (off turnover) (outside right) missed by Tyrece Radford(TAMU), rebound defensive Rob Dillingham(UKY)",20 - 16,5252546,560583,561170
1,12:06,"Turnover bad pass (in the paint) Rob Dillingham(UKY), steal Manny Obaseki(TAMU)",20 - 16,5252546,560583,561170
1,12:13,"Foul personal (outside center) Hayden Hefner(TAMU), foul on Rob Dillingham(UKY)",20 - 16,5252546,560583,561170
1,12:26,2pt driving layup (off turnover) (under the basket) made by Manny Obaseki(TAMU),20 - 16,5252546,560583,561170
1,12:39,Substitution TAMU: in Tyrece Radford,18 - 16,5252546,560583,561170
1,12:39,Substitution TAMU: in Hayden Hefner,18 - 16,5252546,560583,561170
1,12:39,Substitution TAMU: out Wade Taylor IV,18 - 16,5252546,560583,561170
1,12:39,Substitution TAMU: out Jace Carter,18 - 16,5252546,560583,561170
1,12:39,Substitution UKY: in D.J. Wagner,18 - 16,5252546,560583,561170
1,12:39,Substitution UKY: out Antonio Reeves,18 - 16,5252546,560583,561170
1,12:39,"Foul offensive (outside left) Antonio Reeves(UKY), turnover offensive Antonio Reeves(UKY), foul on Solomon Washington(TAMU)",18 - 16,5252546,560583,561170
1,12:56,"3pt jump shot (outside left) made by Solomon Washington(TAMU), assist Wade Taylor IV(TAMU)",18 - 16,5252546,560583,561170
1,13:07,Substitution TAMU: in Manny Obaseki,15 - 16,5252546,560583,561170
1,13:07,Substitution TAMU: in Andersson Garcia,15 - 16,5252546,560583,561170
1,13:07,Substitution TAMU: out Tyrece Radford,15 - 16,5252546,560583,561170
1,13:07,Substitution TAMU: out Henry Coleman III,15 - 16,5252546,560583,561170
1,13:07,Timeout short TAMU,15 - 16,5252546,560583,561170
1,13:15,"2pt layup (under the basket) made by Tre Mitchell(UKY), assist Rob Dillingham(UKY)",15 - 16,5252546,560583,561170
1,13:28,"2pt jump shot (inside left) missed by Wade Taylor IV(TAMU), rebound defensive Tre Mitchell(UKY)",15 - 14,5252546,560583,561170
1,13:44,2pt layup (off turnover;fast break) (under the basket) made by Reed Sheppard(UKY),15 - 14,5252546,560583,561170
1,13:48,"Turnover lost ball (outside center) Wade Taylor IV(TAMU), steal Reed Sheppard(UKY)",15 - 12,5252546,560583,561170
1,13:56,"Turnover lost ball (in the paint) Zvonimir Ivisic(UKY), steal Henry Coleman III(TAMU)",15 - 12,5252546,560583,561170
1,14:19,"2pt jump shot (blocked) (in the paint) missed by Tyrece Radford(TAMU), block Zvonimir Ivisic(UKY), rebound defensive (team) UKY",15 - 12,5252546,560583,561170
1,14:35,"2pt jump shot (fast break) (in the paint) made by Antonio Reeves(UKY), assist Zvonimir Ivisic(UKY), assist Reed Sheppard(UKY)",15 - 12,5252546,560583,561170
1,14:43,"3pt jump shot (outside right) missed by Wade Taylor IV(TAMU), rebound defensive Zvonimir Ivisic(UKY)",15 - 10,5252546,560583,561170
1,14:55,"Foul personal (back court) Tre Mitchell(UKY), foul on Henry Coleman III(TAMU)",15 - 10,5252546,560583,561170
1,14:55,Foul (inside right wing) TAMU,15 - 10,5252546,560583,561170
1,14:57,"3pt jump shot (outside center) missed by Rob Dillingham(UKY), rebound offensive Tre Mitchell(UKY), rebound defensive Henry Coleman III(TAMU)",15 - 10,5252546,560583,561170
1,14:59,Substitution TAMU: in Henry Coleman III,15 - 10,5252546,560583,561170
1,14:59,Substitution TAMU: out Andersson Garcia,15 - 10,5252546,560583,561170
1,14:59,"Foul personal (outside left) Andersson Garcia(TAMU), foul on Zvonimir Ivisic(UKY)",15 - 10,5252546,560583,561170
1,15:11,"Free throw 2 of 2 missed by Andersson Garcia(TAMU), rebound defensive Tre Mitchell(UKY)",15 - 10,5252546,560583,561170
1,15:11,Free throw 1 of 2 made by Andersson Garcia(TAMU),15 - 10,5252546,560583,561170
1,15:11,Foul personal (shooting;2 free throws) (under the basket) Zvonimir Ivisic(UKY),14 - 10,5252546,560583,561170
1,15:23,Substitution TAMU: in Solomon Washington,14 - 10,5252546,560583,561170
1,15:23,Substitution TAMU: out Manny Obaseki,14 - 10,5252546,560583,561170
1,15:23,"Foul personal (outside center) Rob Dillingham(UKY), foul on Wade Taylor IV(TAMU)",14 - 10,5252546,560583,561170
1,15:34,2pt driving layup (in the paint) made by Rob Dillingham(UKY),14 - 10,5252546,560583,561170
1,15:45,Substitution UKY: in Tre Mitchell,14 - 8,5252546,560583,561170
1,15:45,Substitution UKY: out Adou Thiero,14 - 8,5252546,560583,561170
1,15:45,Timeout commercial,14 - 8,5252546,560583,561170
1,15:51,"3pt jump shot (2nd chance) (outside left) missed by Jace Carter(TAMU), rebound defensive Adou Thiero(UKY)",14 - 8,5252546,560583,561170
1,15:56,"3pt jump shot (outside left) missed by Wade Taylor IV(TAMU), rebound offensive Andersson Garcia(TAMU)",14 - 8,5252546,560583,561170
1,16:18,"Free throw 2 of 2 missed by Adou Thiero(UKY), rebound defensive Andersson Garcia(TAMU)",14 - 8,5252546,560583,561170
1,16:18,Substitution TAMU: in Jace Carter,14 - 8,5252546,560583,561170
1,16:18,Substitution TAMU: out Solomon Washington,14 - 8,5252546,560583,561170
1,16:18,Substitution UKY: in Zvonimir Ivisic,14 - 8,5252546,560583,561170
1,16:18,Substitution UKY: out Ugonna Onyenso,14 - 8,5252546,560583,561170
1,16:18,Free throw 1 of 2 made by Adou Thiero(UKY),14 - 8,5252546,560583,561170
1,16:18,Foul personal (shooting;2 free throws) (in the paint) Manny Obaseki(TAMU),14 - 7,5252546,560583,561170
1,16:30,"3pt jump shot (outside center) made by Tyrece Radford(TAMU), assist Solomon Washington(TAMU)",14 - 7,5252546,560583,561170
1,16:47,"3pt jump shot (outside center) made by Rob Dillingham(UKY), assist Antonio Reeves(UKY)",11 - 7,5252546,560583,561170
1,16:58,"3pt jump shot (2nd chance) (outside left) made by Wade Taylor IV(TAMU), assist Andersson Garcia(TAMU)",11 - 4,5252546,560583,561170
1,17:04,2pt jump shot (blocked) (inside left) missed by Solomon Washington(TAMU),8 - 4,5252546,560583,561170
1,17:17,Substitution UKY: in Reed Sheppard,8 - 4,5252546,560583,561170
1,17:17,Substitution UKY: in Rob Dillingham,8 - 4,5252546,560583,561170
1,17:17,Substitution UKY: out D.J. Wagner,8 - 4,5252546,560583,561170
1,17:17,Substitution UKY: out Justin Edwards,8 - 4,5252546,560583,561170
1,17:20,"3pt jump shot (outside left) made by Antonio Reeves(UKY), assist D.J. Wagner(UKY)",8 - 4,5252546,560583,561170
1,17:39,"2pt jump shot (blocked) (inside left) missed by Andersson Garcia(TAMU), block Ugonna Onyenso(UKY), rebound defensive Adou Thiero(UKY)",8 - 1,5252546,560583,561170
1,17:54,"2pt jump shot (2nd chance) (inside left) missed by D.J. Wagner(UKY), rebound defensive Andersson Garcia(TAMU)",8 - 1,5252546,560583,561170
1,18:06,Substitution TAMU: in Andersson Garcia,8 - 1,5252546,560583,561170
1,18:06,Substitution TAMU: out Wildens Leveque,8 - 1,5252546,560583,561170
1,18:09,"3pt jump shot (outside right wing) missed by Justin Edwards(UKY), rebound offensive (team) UKY",8 - 1,5252546,560583,561170
1,18:17,Timeout short UKY,8 - 1,5252546,560583,561170
1,18:17,2pt jump shot (off turnover;fast break) (inside right) made by Wade Taylor IV(TAMU),8 - 1,5252546,560583,561170
1,18:25,"Turnover bad pass (inside left) Justin Edwards(UKY), steal Solomon Washington(TAMU)",6 - 1,5252546,560583,561170
1,18:40,3pt jump shot (fast break) (outside center) made by Wade Taylor IV(TAMU),6 - 1,5252546,560583,561170
1,18:47,"3pt jump shot (outside center) missed by Antonio Reeves(UKY), rebound defensive Wildens Leveque(TAMU)",3 - 1,5252546,560583,561170
1,19:03,"3pt jump shot (2nd chance) (outside right) made by Manny Obaseki(TAMU), assist Wade Taylor IV(TAMU)",3 - 1,5252546,560583,561170
1,19:09,"2pt jump shot (blocked) (in the paint) missed by Manny Obaseki(TAMU), block Ugonna Onyenso(UKY), rebound offensive Wildens Leveque(TAMU)",0 - 1,5252546,560583,561170
1,19:25,"Free throw 2 of 2 (2nd chance) missed by Antonio Reeves(UKY), rebound defensive Tyrece Radford(TAMU)",0 - 1,5252546,560583,561170
1,19:25,Free throw 1 of 2 (2nd chance) made by Antonio Reeves(UKY),0 - 1,5252546,560583,561170
1,19:25,Foul personal (shooting;2 free throws) (in the paint) Solomon Washington(TAMU),0 - 0,5252546,560583,561170
1,19:35,"3pt jump shot (outside left) missed by Justin Edwards(UKY), rebound offensive Ugonna Onyenso(UKY)",0 - 0,5252546,560583,561170
1,20:00,"Jump ball start period, won Ugonna Onyenso(UKY), lost Wildens Leveque(TAMU)",0 - 0,5252546,560583,561170
1,20:00,Period start,0 - 0,5252546,560583,561170
1,20:00,Game start,0 - 0,5252546,560583,561170
2,11:17,"2pt layup (in the paint) made by Jalen Washington(North Carolina), assist Seth Trimble(North Carolina)",47 - 52,5251827,560796,561033
2,11:28,"2pt pull up jump shot (inside right) missed by Jaland Lowe(Pittsburgh), rebound defensive Seth Trimble(North Carolina)",47 - 50,5251827,560796,561033
2,11:51,"2pt jump shot (inside left) missed by Harrison Ingram(North Carolina), rebound defensive Federiko Federiko (Pittsburgh), rebound defensive Federiko Federiko (Pittsburgh)",47 - 50,5251827,560796,561033
2,12:13,3pt step back jump shot (outside right) made by Carlton Carrington(Pittsburgh),47 - 50,5251827,560796,561033
2,12:40,2pt layup (fast break) (under the basket) made by Jalen Washington(North Carolina),44 - 50,5251827,560796,561033
2,12:49,2pt floating jump shot (in the paint) made by Jaland Lowe(Pittsburgh),44 - 48,5251827,560796,561033
2,13:13,Substitution North Carolina: in Harrison Ingram,42 - 48,5251827,560796,561033
2,13:13,Substitution North Carolina: in RJ Davis,42 - 48,5251827,560796,561033
2,13:13,Substitution North Carolina: out Cormac Ryan,42 - 48,5251827,560796,561033
2,13:13,Substitution North Carolina: out Elliot Cadeau,42 - 48,5251827,560796,561033
2,13:13,"Foul personal (back court) Cormac Ryan(North Carolina), foul on Ishmael Leggett(Pittsburgh)",42 - 48,5251827,560796,561033
2,13:13,Foul (under the basket) Pittsburgh,42 - 48,5251827,560796,561033
2,13:16,"3pt jump shot (outside left) missed by RJ Davis(North Carolina), rebound defensive Ishmael Leggett(Pittsburgh)",42 - 48,5251827,560796,561033
2,13:23,"2pt layup (under the basket) missed by Jaland Lowe(Pittsburgh), rebound defensive Jae'Lyn Withers(North Carolina)",42 - 48,5251827,560796,561033
2,13:38,2pt step back jump shot (off turnover) (inside left) made by RJ Davis(North Carolina),42 - 48,5251827,560796,561033
2,13:52,Substitution North Carolina: in Jalen Washington,42 - 46,5251827,560796,561033
2,13:52,Substitution North Carolina: in Elliot Cadeau,42 - 46,5251827,560796,561033
2,13:52,Substitution North Carolina: out Armando Bacot,42 - 46,5251827,560796,561033
2,13:52,Substitution North Carolina: out RJ Davis,42 - 46,5251827,560796,561033
2,13:52,Timeout commercial,42 - 46,5251827,560796,561033
2,13:52,Timeout short Pittsburgh,42 - 46,5251827,560796,561033
2,13:52,"Foul offensive (back court) Carlton Carrington(Pittsburgh), turnover offensive Carlton Carrington(Pittsburgh), foul on Seth Trimble(North Carolina)",42 - 46,5251827,560796,561033
2,14:11,"3pt jump shot (2nd chance) (outside right) missed by Cormac Ryan(North Carolina), rebound defensive Carlton Carrington(Pittsburgh)",42 - 46,5251827,560796,561033
2,14:15,"Free throw 2 of 2 (fast break) missed by Armando Bacot(North Carolina), rebound offensive Jae'Lyn Withers(North Carolina)",42 - 46,5251827,560796,561033
2,14:15,Substitution Pittsburgh: in Federiko Federiko,42 - 46,5251827,560796,561033
2,14:15,Substitution Pittsburgh: out Guillermo Diaz Graham,42 - 46,5251827,560796,561033
2,14:15,Substitution North Carolina: in Jae'Lyn Withers,42 - 46,5251827,560796,561033
2,14:15,Substitution North Carolina: out Harrison Ingram,42 - 46,5251827,560796,561033
2,14:15,Free throw 1 of 2 (fast break) made by Armando Bacot(North Carolina),42 - 46,5251827,560796,561033
2,14:15,Foul personal (shooting;2 free throws) (under the basket) Guillermo Diaz Graham(Pittsburgh),42 - 45,5251827,560796,561033
2,14:24,"3pt jump shot (outside right wing) missed by Blake Hinson(Pittsburgh), rebound defensive Seth Trimble(North Carolina)",42 - 45,5251827,560796,561033
2,14:41,2pt dunk (off turnover;fast break) (under the basket) made by Armando Bacot(North Carolina),42 - 45,5251827,560796,561033
2,14:44,"Turnover bad pass (outside center) Carlton Carrington(Pittsburgh), steal Armando Bacot(North Carolina)",42 - 43,5251827,560796,561033
2,14:45,Substitution North Carolina: in Seth Trimble,42 - 43,5251827,560796,561033
2,14:45,Substitution North Carolina: out Elliot Cadeau,42 - 43,5251827,560796,561033
2,14:45,"Foul personal (in the paint) Cormac Ryan(North Carolina), foul on Guillermo Diaz Graham(Pittsburgh)",42 - 43,5251827,560796,561033
2,14:47,3pt jump shot (outside center) missed by Jaland Lowe(Pittsburgh),42 - 43,5251827,560796,561033
2,15:06,Free throw 1 of 1 (fast break;off turnover) made by RJ Davis(North Carolina),42 - 43,5251827,560796,561033
2,15:06,Foul personal (shooting;1 free throw) (under the basket) Carlton Carrington(Pittsburgh),42 - 42,5251827,560796,561033
2,15:06,"2pt driving layup (off turnover;fast break) (under the basket) made by RJ Davis(North Carolina), assist Elliot Cadeau(North Carolina)",42 - 42,5251827,560796,561033
2,15:10,"Turnover bad pass (in the paint) Ishmael Leggett(Pittsburgh), steal Elliot Cadeau(North Carolina)",42 - 40,5251827,560796,561033
2,15:26,"3pt pull up jump shot (outside center) missed by RJ Davis(North Carolina), rebound defensive Jaland Lowe(Pittsburgh)",42 - 40,5251827,560796,561033
2,15:42,3pt jump shot (2nd chance) (outside center) made by Jaland Lowe(Pittsburgh),42 - 40,5251827,560796,561033
2,15:51,Substitution Pittsburgh: in Guillermo Diaz Graham,39 - 40,5251827,560796,561033
2,15:51,Substitution Pittsburgh: in Ishmael Leggett,39 - 40,5251827,560796,561033
2,15:51,Substitution Pittsburgh: out Zack Austin,39 - 40,5251827,560796,561033
2,15:51,Substitution Pittsburgh: out Federiko Federiko,39 - 40,5251827,560796,561033
2,15:51,Timeout commercial,39 - 40,5251827,560796,561033
2,15:55,"3pt jump shot (outside left) missed by Blake Hinson(Pittsburgh), rebound offensive Zack Austin(Pittsburgh)",39 - 40,5251827,560796,561033
2,16:05,"2pt layup (2nd chance) (under the basket) missed by Armando Bacot(North Carolina), rebound defensive Federiko Federiko (Pittsburgh)",39 - 40,5251827,560796,561033
2,16:07,"2pt layup (under the basket) missed by Cormac Ryan(North Carolina), rebound offensive Harrison Ingram(North Carolina), rebound offensive Armando Bacot(North Carolina)",39 - 40,5251827,560796,561033
2,16:19,"3pt jump shot (outside left) missed by Zack Austin(Pittsburgh), rebound defensive Cormac Ryan(North Carolina)",39 - 40,5251827,560796,561033
2,16:41,"3pt jump shot (outside left) made by RJ Davis(North Carolina), assist Armando Bacot(North Carolina)",39 - 40,5251827,560796,561033
2,16:54,Free throw 2 of 2 made by Jaland Lowe(Pittsburgh),39 - 37,5251827,560796,561033
2,16:54,Free throw 1 of 2 made by Jaland Lowe(Pittsburgh),38 - 37,5251827,560796,561033
2,16:54,Foul personal (shooting;2 free throws) (in the paint) RJ Davis(North Carolina),37 - 37,5251827,560796,561033
2,17:16,2pt driving layup (under the basket) made by Armando Bacot(North Carolina),37 - 37,5251827,560796,561033
2,17:34,"2pt layup (under the basket) missed by Federiko Federiko (Pittsburgh), rebound defensive Elliot Cadeau(North Carolina)",37 - 35,5251827,560796,561033
2,18:02,"2pt driving layup (under the basket) missed by Harrison Ingram(North Carolina), rebound defensive (team) Pittsburgh",37 - 35,5251827,560796,561033
2,18:20,2pt pull up jump shot (inside center) made by Carlton Carrington(Pittsburgh),37 - 35,5251827,560796,561033
2,18:38,"3pt jump shot (outside left) missed by Cormac Ryan(North Carolina), rebound defensive Carlton Carrington(Pittsburgh), rebound defensive Carlton Carrington(Pittsburgh)",35 - 35,5251827,560796,561033
2,18:49,"3pt jump shot (outside right) missed by Blake Hinson(Pittsburgh), rebound defensive Armando Bacot(North Carolina)",35 - 35,5251827,560796,561033
2,19:09,2pt driving layup (in the paint) made by Elliot Cadeau(North Carolina),35 - 35,5251827,560796,561033
2,19:24,"2pt jump shot (inside left) missed by Blake Hinson(Pittsburgh), rebound defensive Armando Bacot(North Carolina)",35 - 33,5251827,560796,561033
2,19:40,"2pt driving layup (under the basket) missed by Armando Bacot(North Carolina), rebound defensive Federiko Federiko (Pittsburgh)",35 - 33,5251827,560796,561033
2,20:00,Period start,35 - 33,5251827,560796,561033
2,20:00,Substitution Pittsburgh: in Zack Austin,35 - 33,5251827,560796,561033
2,20:00,Substitution Pittsburgh: in Federiko Federiko,35 - 33,5251827,560796,561033
2,20:00,Substitution Pittsburgh: out Guillermo Diaz Graham,35 - 33,5251827,560796,561033
2,20:00,Substitution Pittsburgh: out Ishmael Leggett,35 - 33,5251827,560796,561033
2,20:00,Substitution North Carolina: in Elliot Cadeau,35 - 33,5251827,560796,561033
2,20:00,Substitution North Carolina: out Seth Trimble,35 - 33,5251827,560796,561033
1,00:00.00,Period end (confirmed),35 - 33,5251827,560796,561033
1,00:01.00,"2pt driving layup (under the basket) missed by RJ Davis(North Carolina), rebound offensive dead ball North Carolina",35 - 33,5251827,560796,561033
1,00:22.60,2pt driving layup (in the paint) made by Guillermo Diaz Graham(Pittsburgh),35 - 33,5251827,560796,561033
1,00:42.00,"3pt jump shot (outside center) made by Harrison Ingram(North Carolina), assist RJ Davis(North Carolina)",33 - 33,5251827,560796,561033
1,00:55.00,2pt driving layup (under the basket) made by Jaland Lowe(Pittsburgh),33 - 30,5251827,560796,561033
1,01:18,"2pt layup (under the basket) made by Armando Bacot(North Carolina), assist Seth Trimble(North Carolina)",31 - 30,5251827,560796,561033
1,01:33,Substitution North Carolina: in Seth Trimble,31 - 28,5251827,560796,561033
1,01:33,Substitution North Carolina: out Elliot Cadeau,31 - 28,5251827,560796,561033
1,01:36,"2pt driving layup (under the basket) missed by Ishmael Leggett(Pittsburgh), rebound defensive (team) North Carolina",31 - 28,5251827,560796,561033
1,01:59,"2pt layup (under the basket) missed by Elliot Cadeau(North Carolina), rebound defensive Guillermo Diaz Graham(Pittsburgh)",31 - 28,5251827,560796,561033
1,02:16,3pt jump shot (2nd chance;off turnover) (outside center) made by Carlton Carrington(Pittsburgh),31 - 28,5251827,560796,561033
1,02:22,2pt driving layup (off turnover) (in the paint) missed by Carlton Carrington(Pittsburgh),28 - 28,5251827,560796,561033
1,02:33,Turnover travel (outside right) Elliot Cadeau(North Carolina),28 - 28,5251827,560796,561033
1,03:02,"3pt jump shot (off turnover) (outside right) missed by Carlton Carrington(Pittsburgh), rebound offensive (team) Pittsburgh, rebound defensive (team) North Carolina",28 - 28,5251827,560796,561033
1,03:15,"Turnover bad pass (inside center) Elliot Cadeau(North Carolina), steal Guillermo Diaz Graham(Pittsburgh)",28 - 28,5251827,560796,561033
1,03:30,2pt driving layup (in the paint) made by Jaland Lowe(Pittsburgh),28 - 28,5251827,560796,561033
1,03:46,Free throw 2 of 2 made by RJ Davis(North Carolina),26 - 28,5251827,560796,561033
1,03:46,Free throw 1 of 2 made by RJ Davis(North Carolina),26 - 27,5251827,560796,561033
1,03:46,Substitution Pittsburgh: in Guillermo Diaz Graham,26 - 26,5251827,560796,561033
1,03:46,Substitution Pittsburgh: in Ishmael Leggett,26 - 26,5251827,560796,561033
1,03:46,Substitution Pittsburgh: out Zack Austin,26 - 26,5251827,560796,561033
1,03:46,Substitution Pittsburgh: out William Jeffress,26 - 26,5251827,560796,561033
1,03:46,Substitution North Carolina: in Armando Bacot,26 - 26,5251827,560796,561033
1,03:46,Substitution North Carolina: out Jalen Washington,26 - 26,5251827,560796,561033
1,03:46,Timeout commercial,26 - 26,5251827,560796,561033
1,03:46,Foul personal (one and one) (in the paint) Zack Austin(Pittsburgh),26 - 26,5251827,560796,561033
1,03:55,"3pt jump shot (outside right) missed by William Jeffress(Pittsburgh), rebound defensive Harrison Ingram(North Carolina)",26 - 26,5251827,560796,561033
1,04:15,Free throw 2 of 2 made by Elliot Cadeau(North Carolina),35 - 33,5251827,560796,561033
1,04:15,Free throw 1 of 2 made by Elliot Cadeau(North Carolina),35 - 33,5251827,560796,561033
1,04:15,Substitution North Carolina: in Jalen Washington,26 - 24,5251827,560796,561033
1,04:15,Substitution North Carolina: out Armando Bacot,26 - 24,5251827,560796,561033
1,04:15,"Foul personal (one and one) (back court) William Jeffress(Pittsburgh), foul on Elliot Cadeau(North Carolina)",26 - 24,5251827,560796,561033
1,04:17,2pt layup (off turnover) (in the paint) missed by Blake Hinson(Pittsburgh),26 - 26,5251827,560796,561033
1,04:33,"Foul offensive (inside left) Armando Bacot(North Carolina), turnover offensive Armando Bacot(North Carolina), foul on William Jeffress(Pittsburgh)",26 - 24,5251827,560796,561033
1,04:41,2pt pull up jump shot (inside left) made by Carlton Carrington(Pittsburgh),26 - 24,5251827,560796,561033
1,05:08,2pt layup (2nd chance) (under the basket) made by Harrison Ingram(North Carolina),24 - 24,5251827,560796,561033
1,05:12,"2pt floating jump shot (2nd chance) (inside left) missed by Cormac Ryan(North Carolina), rebound offensive Harrison Ingram(North Carolina), rebound offensive Harrison Ingram(North Carolina)",24 - 22,5251827,560796,561033
1,05:26,"2pt driving layup (blocked) (under the basket) missed by Elliot Cadeau(North Carolina), block Zack Austin(Pittsburgh)",24 - 22,5251827,560796,561033
1,05:33,"3pt pull up jump shot (outside right) missed by Carlton Carrington(Pittsburgh), rebound defensive Elliot Cadeau(North Carolina)",24 - 22,5251827,560796,561033
1,05:48,2pt dunk (fast break) (under the basket) made by Armando Bacot(North Carolina),24 - 22,5251827,560796,561033
1,05:54,"3pt step back jump shot (outside left) missed by Jaland Lowe(Pittsburgh), rebound defensive Elliot Cadeau(North Carolina)",24 - 20,5251827,560796,561033
1,06:04,"Foul personal (inside left) Harrison Ingram(North Carolina), foul on Blake Hinson(Pittsburgh)",24 - 20,5251827,560796,561033
1,06:14,Substitution Pittsburgh: in Zack Austin,24 - 20,5251827,560796,561033
1,06:14,Substitution Pittsburgh: out Ishmael Leggett,24 - 20,5251827,560796,561033
1,06:14,"Foul personal (inside center) Cormac Ryan(North Carolina), foul on Carlton Carrington(Pittsburgh)",24 - 20,5251827,560796,561033
1,06:32,"Free throw 1 of 1 missed by RJ Davis(North Carolina), rebound defensive William Jeffress(Pittsburgh), rebound defensive William Jeffress(Pittsburgh)",24 - 20,5251827,560796,561033
1,06:32,Foul personal (shooting;1 free throw) (inside left) Ishmael Leggett(Pittsburgh),24 - 20,5251827,560796,561033
1,06:32,"2pt jump shot (inside left) made by RJ Davis(North Carolina), assist Elliot Cadeau(North Carolina)",24 - 20,5251827,560796,561033
1,06:43,Substitution Pittsburgh: in William Jeffress,24 - 18,5251827,560796,561033
1,06:43,Substitution Pittsburgh: out Federiko Federiko,24 - 18,5251827,560796,561033
1,06:43,Substitution North Carolina: in RJ Davis,24 - 18,5251827,560796,561033
1,06:43,Substitution North Carolina: out Seth Trimble,24 - 18,5251827,560796,561033
1,06:43,"Foul personal (back court) Federiko Federiko (Pittsburgh), foul on Cormac Ryan(North Carolina)",24 - 18,5251827,560796,561033
1,07:03,"2pt pull up jump shot (2nd chance) (inside right) missed by Elliot Cadeau(North Carolina), rebound defensive Blake Hinson(Pittsburgh)",24 - 18,5251827,560796,561033
1,07:19,"3pt jump shot (outside center) missed by Elliot Cadeau(North Carolina), rebound offensive Cormac Ryan(North Carolina)",24 - 18,5251827,560796,561033
1,07:31,2pt pull up jump shot (inside right) made by Carlton Carrington(Pittsburgh),24 - 18,5251827,560796,561033
1,07:58,"Free throw 2 of 2 missed by Harrison Ingram(North Carolina), rebound defensive (team) Pittsburgh",22 - 18,5251827,560796,561033
1,07:58,Free throw 1 of 2 made by Harrison Ingram(North Carolina),22 - 18,5251827,560796,561033
1,07:58,Substitution Pittsburgh: in Federiko Federiko,22 - 17,5251827,560796,561033
1,07:58,Substitution Pittsburgh: out Guillermo Diaz Graham,22 - 17,5251827,560796,561033
1,07:58,Timeout commercial,22 - 17,5251827,560796,561033
1,07:58,Foul personal (shooting;2 free throws) (under the basket) Guillermo Diaz Graham(Pittsburgh),22 - 17,5251827,560796,561033
1,08:19,"2pt layup (under the basket) missed by Guillermo Diaz Graham(Pittsburgh), rebound defensive Armando Bacot(North Carolina)",22 - 17,5251827,560796,561033
1,08:50,"3pt jump shot (outside center) made by Seth Trimble(North Carolina), assist Armando Bacot(North Carolina)",22 - 17,5251827,560796,561033
1,09:12,Free throw 2 of 2 (off turnover) made by Carlton Carrington(Pittsburgh),22 - 14,5251827,560796,561033
1,09:12,Substitution North Carolina: in Armando Bacot,21 - 14,5251827,560796,561033
1,09:12,Substitution North Carolina: in Cormac Ryan,21 - 14,5251827,560796,561033
1,09:12,Substitution North Carolina: out Jalen Washington,21 - 14,5251827,560796,561033
1,09:12,Substitution North Carolina: out RJ Davis,21 - 14,5251827,560796,561033
1,09:12,Free throw 1 of 2 (off turnover) made by Carlton Carrington(Pittsburgh),21 - 14,5251827,560796,561033
1,09:12,Foul personal (shooting;2 free throws) (under the basket) RJ Davis(North Carolina),20 - 14,5251827,560796,561033
1,09:29,Substitution Pittsburgh: in Jaland Lowe,20 - 14,5251827,560796,561033
1,09:29,Substitution Pittsburgh: out Zack Austin,20 - 14,5251827,560796,561033
1,09:29,Substitution North Carolina: in Elliot Cadeau,20 - 14,5251827,560796,561033
1,09:29,Substitution North Carolina: out Jae'Lyn Withers,20 - 14,5251827,560796,561033
1,09:29,Turnover bad pass (inside right) Jae'Lyn Withers(North Carolina),20 - 14,5251827,560796,561033
1,09:57,"3pt jump shot (outside left) made by Carlton Carrington(Pittsburgh), assist Guillermo Diaz Graham(Pittsburgh)",20 - 14,5251827,560796,561033
1,10:17,2pt driving layup (fast break) (under the basket) made by RJ Davis(North Carolina),17 - 14,5251827,560796,561033
1,10:17,2pt (under the basket) missed by North Carolina,17 - 12,5251827,560796,561033
1,10:24,"3pt jump shot (outside left) missed by Guillermo Diaz Graham(Pittsburgh), rebound defensive RJ Davis(North Carolina)",17 - 12,5251827,560796,561033
1,10:41,"2pt layup (in the paint) made by Jalen Washington(North Carolina), assist Seth Trimble(North Carolina)",17 - 12,5251827,560796,561033
1,11:12,"2pt pull up jump shot (off turnover) (inside center) missed by Ishmael Leggett(Pittsburgh), rebound defensive Jalen Washington(North Carolina)",17 - 10,5251827,560796,561033
1,11:31,Substitution Pittsburgh: in Zack Austin,17 - 10,5251827,560796,561033
1,11:31,Substitution Pittsburgh: out Jaland Lowe,17 - 10,5251827,560796,561033
1,11:31,Substitution North Carolina: in Harrison Ingram,17 - 10,5251827,560796,561033
1,11:31,Substitution North Carolina: in Jalen Washington,17 - 10,5251827,560796,561033
1,11:31,Substitution North Carolina: out Armando Bacot,17 - 10,5251827,560796,561033
1,11:31,Substitution North Carolina: out Cormac Ryan,17 - 10,5251827,560796,561033
1,11:31,Timeout commercial,17 - 10,5251827,560796,561033
1,11:31,"Foul offensive (back court) Jae'Lyn Withers(North Carolina), turnover offensive Jae'Lyn Withers(North Carolina), foul on Blake Hinson(Pittsburgh)",17 - 10,5251827,560796,561033
1,11:31,Foul (in the paint) Pittsburgh,17 - 10,5251827,560796,561033
1,11:45,"3pt jump shot (outside right) missed by Ishmael Leggett(Pittsburgh), rebound defensive Jae'Lyn Withers(North Carolina)",17 - 10,5251827,560796,561033
1,12:12,2pt step back jump shot (inside left) made by Jae'Lyn Withers(North Carolina),17 - 10,5251827,560796,561033
1,12:29,2pt driving layup (in the paint) made by Carlton Carrington(Pittsburgh),17 - 8,5251827,560796,561033
1,12:47,"2pt layup (under the basket) missed by Armando Bacot(North Carolina), rebound defensive Guillermo Diaz Graham(Pittsburgh)",15 - 8,5251827,560796,561033
1,12:56,"2pt driving layup (in the paint) missed by Jaland Lowe(Pittsburgh), rebound defensive Cormac Ryan(North Carolina)",15 - 8,5251827,560796,561033
1,13:08,"3pt pull up jump shot (outside center) missed by RJ Davis(North Carolina), rebound defensive Jaland Lowe(Pittsburgh)",15 - 8,5251827,560796,561033
1,13:25,2pt driving layup (in the paint) missed by Blake Hinson(Pittsburgh),15 - 8,5251827,560796,561033
1,13:52,"2pt driving layup (2nd chance;off turnover) (in the paint) missed by Cormac Ryan(North Carolina), rebound defensive Guillermo Diaz Graham(Pittsburgh)",15 - 8,5251827,560796,561033
1,13:59,"2pt driving layup (off turnover) (under the basket) missed by Armando Bacot(North Carolina), rebound offensive Jae'Lyn Withers(North Carolina)",15 - 8,5251827,560796,561033
1,14:17,Substitution Pittsburgh: in Ishmael Leggett,15 - 8,5251827,560796,561033
1,14:17,Substitution Pittsburgh: out Zack Austin,15 - 8,5251827,560796,561033
1,14:17,Substitution North Carolina: in Jae'Lyn Withers,15 - 8,5251827,560796,561033
1,14:17,Substitution North Carolina: in Seth Trimble,15 - 8,5251827,560796,561033
1,14:17,Substitution North Carolina: out Harrison Ingram,15 - 8,5251827,560796,561033
1,14:17,Substitution North Carolina: out Elliot Cadeau,15 - 8,5251827,560796,561033
1,14:17,Timeout commercial,15 - 8,5251827,560796,561033
1,14:17,"Foul offensive (back court) Guillermo Diaz Graham(Pittsburgh), turnover offensive Guillermo Diaz Graham(Pittsburgh), foul on Cormac Ryan(North Carolina)",15 - 8,5251827,560796,561033
1,14:31,"3pt jump shot (outside right) missed by RJ Davis(North Carolina), rebound defensive Zack Austin(Pittsburgh)",15 - 8,5251827,560796,561033
1,14:51,3pt jump shot (fast break) (outside right wing) made by Zack Austin(Pittsburgh),15 - 8,5251827,560796,561033
1,15:00,"3pt jump shot (outside left) missed by Cormac Ryan(North Carolina), rebound defensive Carlton Carrington(Pittsburgh)",12 - 8,5251827,560796,561033
1,15:22,2pt driving layup (under the basket) made by Jaland Lowe(Pittsburgh),12 - 8,5251827,560796,561033
1,15:37,"3pt jump shot (outside right wing) missed by Harrison Ingram(North Carolina), rebound defensive Guillermo Diaz Graham(Pittsburgh)",10 - 8,5251827,560796,561033
1,15:54,"3pt jump shot (outside center) made by Guillermo Diaz Graham(Pittsburgh), assist Jaland Lowe(Pittsburgh)",10 - 8,5251827,560796,561033
1,16:08,"3pt jump shot (blocked) (outside left) missed by Cormac Ryan(North Carolina), block Zack Austin(Pittsburgh), rebound defensive Guillermo Diaz Graham(Pittsburgh)",7 - 8,5251827,560796,561033
1,16:19,"3pt jump shot (outside left) made by Guillermo Diaz Graham(Pittsburgh), assist Jaland Lowe(Pittsburgh)",7 - 8,5251827,560796,561033
1,16:27,"3pt jump shot (outside left) missed by Elliot Cadeau(North Carolina), rebound defensive Jaland Lowe(Pittsburgh)",4 - 8,5251827,560796,561033
1,16:37,Substitution Pittsburgh: in Guillermo Diaz Graham,15 - 8,5251827,560796,561033
1,16:37,Substitution Pittsburgh: out Federiko Federiko,15 - 8,5251827,560796,561033
1,16:37,"Foul personal (in the paint) Federiko Federiko (Pittsburgh), foul on Armando Bacot(North Carolina), foul on Armando Bacot(North Carolina)",15 - 8,5251827,560796,561033
1,16:52,"2pt pull up jump shot (inside center) missed by Jaland Lowe(Pittsburgh), rebound defensive Cormac Ryan(North Carolina)",4 - 8,5251827,560796,561033
1,17:10,3pt jump shot (2nd chance) (outside center) made by Cormac Ryan(North Carolina),4 - 8,5251827,560796,561033
1,17:29,"2pt driving layup (in the paint) missed by Elliot Cadeau(North Carolina), rebound offensive Harrison Ingram(North Carolina)",4 - 5,5251827,560796,561033
1,17:38,"2pt layup (under the basket) made by Federiko Federiko (Pittsburgh), assist Carlton Carrington(Pittsburgh)",4 - 5,5251827,560796,561033
1,17:50,Free throw 1 of 1 made by Armando Bacot(North Carolina),2 - 5,5251827,560796,561033
1,17:50,Foul personal (shooting;1 free throw) (under the basket) Federiko Federiko (Pittsburgh),2 - 4,5251827,560796,561033
1,17:50,"2pt layup (under the basket) made by Armando Bacot(North Carolina), assist RJ Davis(North Carolina)",2 - 4,5251827,560796,561033
1,18:00,"3pt jump shot (outside right) missed by Zack Austin(Pittsburgh), rebound defensive Harrison Ingram(North Carolina)",2 - 2,5251827,560796,561033
1,18:20,"2pt driving layup (off turnover;fast break) (under the basket) made by Elliot Cadeau(North Carolina), assist Harrison Ingram(North Carolina)",2 - 2,5251827,560796,561033
1,18:25,"Turnover lost ball (inside right) Blake Hinson(Pittsburgh), steal Cormac Ryan(North Carolina)",2 - 0,5251827,560796,561033
1,18:29,"Foul personal (under the basket) Elliot Cadeau(North Carolina), foul on Zack Austin(Pittsburgh)",2 - 0,5251827,560796,561033
1,18:31,3pt pull up jump shot (2nd chance) (outside left) missed by Jaland Lowe(Pittsburgh),2 - 0,5251827,560796,561033
1,18:34,"2pt driving layup (blocked) (under the basket) missed by Zack Austin(Pittsburgh), block Armando Bacot(North Carolina), rebound offensive Jaland Lowe(Pittsburgh)",2 - 0,5251827,560796,561033
1,18:45,"3pt pull up jump shot (outside right) missed by RJ Davis(North Carolina), rebound defensive Zack Austin(Pittsburgh)",2 - 0,5251827,560796,561033
1,19:01,2pt pull up jump shot (off turnover) (in the paint) made by Carlton Carrington(Pittsburgh),2 - 0,5251827,560796,561033
1,19:14,Turnover bad pass (outside left) Harrison Ingram(North Carolina),0 - 0,5251827,560796,561033
1,19:42,"2pt pull up jump shot (in the paint) missed by Blake Hinson(Pittsburgh), rebound defensive Elliot Cadeau(North Carolina), rebound defensive Elliot Cadeau(North Carolina)",0 - 0,5251827,560796,561033
1,20:00,"Jump ball start period, won Federiko Federiko (Pittsburgh), lost Armando Bacot(North Carolina)",0 - 0,5251827,560796,561033
1,20:00,Period start,0 - 0,5251827,560796,561033
1,20:00,Game start,0 - 0,5251827,560796,561033
1,03:52,Timeout commercial,19 - 16,5251815,560651,561010
1,03:52,Turnover shot clock (team) (outside center) AKR,19 - 16,5251815,560651,561010
1,04:25,"3pt jump shot (off turnover) (outside center) made by AJ Clayton(OHIO), assist Shereef Mitchell(OHIO)",19 - 16,5251815,560651,561010
1,04:47,Substitution AKR: in Nate Johnson,16 - 16,5251815,560651,561010
1,04:47,Substitution AKR: out Ali Ali,16 - 16,5251815,560651,561010
1,04:47,Turnover out of bounds (in the paint) Enrique Freeman(AKR),16 - 16,5251815,560651,561010
1,04:52,"3pt jump shot (outside right) missed by AJ Clayton(OHIO), rebound defensive Kaleb Thornton(AKR)",16 - 16,5251815,560651,561010
1,05:12,2pt jump shot (in the paint) made by Shammah Scott(AKR),16 - 16,5251815,560651,561010
1,05:24,"Free throw 1 of 1 missed by AJ Clayton(OHIO), rebound defensive Enrique Freeman(AKR)",16 - 14,5251815,560651,561010
1,05:24,Substitution AKR: in Shammah Scott,16 - 14,5251815,560651,561010
1,05:24,Substitution AKR: out Nate Johnson,16 - 14,5251815,560651,561010
1,05:24,Foul personal (one and one) (back court) Enrique Freeman(AKR),16 - 14,5251815,560651,561010
1,05:25,"3pt jump shot (off turnover) (outside right) missed by Nate Johnson(AKR), rebound defensive dead ball OHIO",16 - 14,5251815,560651,561010
1,05:32,Substitution OHIO: in AJ Clayton,16 - 14,5251815,560651,561010
1,05:32,Substitution OHIO: out Gabe Wiznitzer,16 - 14,5251815,560651,561010
1,05:32,Substitution AKR: in Mikal Dawson,16 - 14,5251815,560651,561010
1,05:32,Substitution AKR: out Sammy Hunter,16 - 14,5251815,560651,561010
1,05:32,Turnover travel (inside center) Miles Brown(OHIO),16 - 14,5251815,560651,561010
1,05:35,"2pt layup (2nd chance) (in the paint) missed by Ali Ali(AKR), rebound defensive Gabe Wiznitzer(OHIO)",16 - 14,5251815,560651,561010
1,05:44,"2pt layup (blocked) (under the basket) missed by Ali Ali(AKR), block Miles Brown(OHIO), rebound offensive Ali Ali(AKR)",16 - 14,5251815,560651,561010
1,05:52,"2pt floating jump shot (in the paint) missed by Aidan Hadaway(OHIO), rebound defensive Enrique Freeman(AKR)",16 - 14,5251815,560651,561010
1,06:16,"2pt layup (under the basket) made by Enrique Freeman(AKR), assist Ali Ali(AKR)",16 - 14,5251815,560651,561010
1,06:28,Free throw 1 of 1 made by Miles Brown(OHIO),16 - 12,5251815,560651,561010
1,06:28,Foul personal (shooting;1 free throw) (under the basket) Kaleb Thornton(AKR),15 - 12,5251815,560651,561010
1,06:28,2pt layup (under the basket) made by Miles Brown(OHIO),15 - 12,5251815,560651,561010
1,06:49,2pt layup (under the basket) made by Nate Johnson(AKR),13 - 12,5251815,560651,561010
1,07:07,"Foul personal (outside left) Gabe Wiznitzer(OHIO), foul on Enrique Freeman(AKR)",13 - 10,5251815,560651,561010
1,07:17,Substitution AKR: in Kaleb Thornton,13 - 10,5251815,560651,561010
1,07:17,Substitution AKR: out Greg Tribble,13 - 10,5251815,560651,561010
1,07:34,2pt jump shot (off turnover) (under the basket) made by Shereef Mitchell(OHIO),13 - 10,5251815,560651,561010
1,07:59,Timeout commercial,11 - 10,5251815,560651,561010
1,07:59,"Foul offensive (back court) Greg Tribble(AKR), turnover offensive Greg Tribble(AKR), foul on Jaylin Hunter(OHIO)",11 - 10,5251815,560651,561010
1,08:19,Substitution OHIO: in Jaylin Hunter,11 - 10,5251815,560651,561010
1,08:19,Substitution OHIO: in Gabe Wiznitzer,11 - 10,5251815,560651,561010
1,08:19,Substitution OHIO: out AJ Clayton,11 - 10,5251815,560651,561010
1,08:19,Substitution OHIO: out Ajay Sheldon,11 - 10,5251815,560651,561010
1,08:19,Substitution AKR: in Ali Ali,11 - 10,5251815,560651,561010
1,08:19,Substitution AKR: out Tavari Johnson,11 - 10,5251815,560651,561010
1,08:19,Turnover travel (outside center) AJ Clayton(OHIO),11 - 10,5251815,560651,561010
1,08:20,"2pt jump shot (in the paint) missed by Enrique Freeman(AKR), rebound defensive AJ Clayton(OHIO)",11 - 10,5251815,560651,561010
1,08:37,"2pt layup (off turnover) (under the basket) made by Aidan Hadaway(OHIO), assist Shereef Mitchell(OHIO)",11 - 10,5251815,560651,561010
1,08:58,Turnover travel (in the paint) Enrique Freeman(AKR),9 - 10,5251815,560651,561010
1,09:16,Timeout short AKR,9 - 10,5251815,560651,561010
1,09:17,3pt jump shot (fast break) (outside center) made by Miles Brown(OHIO),9 - 10,5251815,560651,561010
1,09:25,"2pt jump shot (inside left) missed by Enrique Freeman(AKR), rebound defensive Aidan Hadaway(OHIO)",6 - 10,5251815,560651,561010
1,09:55,Substitution OHIO: in AJ Clayton,6 - 10,5251815,560651,561010
1,09:55,Substitution OHIO: in Aidan Hadaway,6 - 10,5251815,560651,561010
1,09:55,Substitution OHIO: in Miles Brown,6 - 10,5251815,560651,561010
1,09:55,Substitution OHIO: out Ike Cornish,6 - 10,5251815,560651,561010
1,09:55,Substitution OHIO: out Gabe Wiznitzer,6 - 10,5251815,560651,561010
1,09:55,Substitution OHIO: out Elmore James,6 - 10,5251815,560651,561010
1,09:55,Substitution AKR: in Nate Johnson,6 - 10,5251815,560651,561010
1,09:55,Substitution AKR: in Sammy Hunter,6 - 10,5251815,560651,561010
1,09:55,Substitution AKR: out Mikal Dawson,6 - 10,5251815,560651,561010
1,09:55,Substitution AKR: out Shammah Scott,6 - 10,5251815,560651,561010
1,09:55,"Foul personal (back court) Gabe Wiznitzer(OHIO), foul on Enrique Freeman(AKR)",6 - 10,5251815,560651,561010
1,09:56,"2pt layup (blocked) (under the basket) missed by Elmore James(OHIO), block Enrique Freeman(AKR), rebound defensive dead ball AKR",6 - 10,5251815,560651,561010
1,10:11,"2pt layup (under the basket) missed by Shammah Scott(AKR), rebound defensive Shereef Mitchell(OHIO)",6 - 10,5251815,560651,561010
1,10:18,"2pt layup (in the paint) missed by Shereef Mitchell(OHIO), rebound defensive Enrique Freeman(AKR)",6 - 10,5251815,560651,561010
1,10:26,"2pt jump shot (blocked) (in the paint) missed by Tavari Johnson(AKR), block Gabe Wiznitzer(OHIO), rebound defensive Shereef Mitchell(OHIO)",6 - 10,5251815,560651,561010
1,10:36,"2pt layup (in the paint) missed by Gabe Wiznitzer(OHIO), rebound defensive Enrique Freeman(AKR)",6 - 10,5251815,560651,561010
1,11:08,2pt jump shot (in the paint) made by Greg Tribble(AKR),6 - 10,5251815,560651,561010
1,11:32,"2pt layup (off turnover) (in the paint) missed by Shereef Mitchell(OHIO), rebound defensive Enrique Freeman(AKR)",6 - 8,5251815,560651,561010
1,11:46,Substitution AKR: in Tavari Johnson,6 - 8,5251815,560651,561010
1,11:46,Substitution AKR: out Ali Ali,6 - 8,5251815,560651,561010
1,11:46,Timeout commercial,6 - 8,5251815,560651,561010
1,11:46,"Foul offensive (back court) Ali Ali(AKR), turnover offensive Ali Ali(AKR), foul on Ajay Sheldon(OHIO)",6 - 8,5251815,560651,561010
1,11:48,"3pt jump shot (outside left) missed by Mikal Dawson(AKR), rebound defensive dead ball OHIO, rebound offensive dead ball AKR",6 - 8,5251815,560651,561010
1,12:03,"2pt jump shot (off turnover) (under the basket) missed by Gabe Wiznitzer(OHIO), rebound defensive Enrique Freeman(AKR)",6 - 8,5251815,560651,561010
1,12:19,Turnover bad pass (outside center) Enrique Freeman(AKR),6 - 8,5251815,560651,561010
1,12:25,"2pt jump shot (2nd chance;off turnover) (in the paint) missed by Enrique Freeman(AKR), rebound offensive (team) AKR",6 - 8,5251815,560651,561010
1,12:29,"2pt jump shot (off turnover) (in the paint) missed by Ali Ali(AKR), rebound offensive Enrique Freeman(AKR)",6 - 8,5251815,560651,561010
1,12:47,Substitution OHIO: in Ike Cornish,6 - 8,5251815,560651,561010
1,12:47,Substitution OHIO: in Shereef Mitchell,6 - 8,5251815,560651,561010
1,12:47,Substitution OHIO: out Jaylin Hunter,6 - 8,5251815,560651,561010
1,12:47,Substitution OHIO: out Aidan Hadaway,6 - 8,5251815,560651,561010
1,12:47,Substitution AKR: in Ali Ali,6 - 8,5251815,560651,561010
1,12:47,Substitution AKR: out Sammy Hunter,6 - 8,5251815,560651,561010
1,12:47,Turnover shot clock (team) (in the paint) OHIO,6 - 8,5251815,560651,561010
1,12:57,"3pt jump shot (outside left) missed by Aidan Hadaway(OHIO), rebound offensive Gabe Wiznitzer(OHIO)",6 - 8,5251815,560651,561010
1,13:17,Substitution AKR: in Greg Tribble,6 - 8,5251815,560651,561010
1,13:17,Substitution AKR: out Kaleb Thornton,6 - 8,5251815,560651,561010
1,13:17,"3pt jump shot (outside center) missed by Kaleb Thornton(AKR), rebound defensive (team) OHIO",6 - 8,5251815,560651,561010
1,13:35,"2pt jump shot (in the paint) missed by Elmore James(OHIO), rebound defensive Enrique Freeman(AKR)",6 - 8,5251815,560651,561010
1,13:46,"2pt layup (off turnover;blocked) (under the basket) missed by Kaleb Thornton(AKR), block Gabe Wiznitzer(OHIO), rebound defensive Ajay Sheldon(OHIO)",6 - 8,5251815,560651,561010
1,13:50,"Turnover lost ball (outside right) Jaylin Hunter(OHIO), steal Shammah Scott(AKR)",6 - 8,5251815,560651,561010
1,14:05,Substitution OHIO: in Elmore James,6 - 8,5251815,560651,561010
1,14:05,Substitution OHIO: out Miles Brown,6 - 8,5251815,560651,561010
1,14:05,"Foul personal (outside center) Mikal Dawson(AKR), foul on Miles Brown(OHIO)",6 - 8,5251815,560651,561010
1,14:12,Substitution AKR: in Enrique Freeman,6 - 8,5251815,560651,561010
1,14:12,Substitution AKR: out Ali Ali,6 - 8,5251815,560651,561010
1,14:12,Turnover out of bounds (back court) Shammah Scott(AKR),6 - 8,5251815,560651,561010
1,14:14,"Turnover bad pass (back court) Miles Brown(OHIO), steal Shammah Scott(AKR)",6 - 8,5251815,560651,561010
1,14:17,Turnover (outside center) AKR,6 - 8,5251815,560651,561010
1,14:22,"2pt layup (under the basket) missed by Ali Ali(AKR), rebound defensive Gabe Wiznitzer(OHIO)",6 - 8,5251815,560651,561010
1,14:38,Free throw 2 of 2 (off turnover) made by Jaylin Hunter(OHIO),6 - 8,5251815,560651,561010
1,14:38,Substitution OHIO: in Ajay Sheldon,5 - 8,5251815,560651,561010
1,14:38,Substitution OHIO: out Shereef Mitchell,5 - 8,5251815,560651,561010
1,14:38,Free throw 1 of 2 (off turnover) made by Jaylin Hunter(OHIO),5 - 8,5251815,560651,561010
1,14:38,Foul personal (shooting;2 free throws) (in the paint) Ali Ali(AKR),4 - 8,5251815,560651,561010
1,14:56,Substitution AKR: in Mikal Dawson,4 - 8,5251815,560651,561010
1,14:56,Substitution AKR: in Sammy Hunter,4 - 8,5251815,560651,561010
1,14:56,Substitution AKR: out Nate Johnson,4 - 8,5251815,560651,561010
1,14:56,Substitution AKR: out Enrique Freeman,4 - 8,5251815,560651,561010
1,14:56,Turnover travel (outside left) Nate Johnson(AKR),4 - 8,5251815,560651,561010
1,15:14,"2pt layup (fast break) (under the basket) made by Aidan Hadaway(OHIO), assist Miles Brown(OHIO)",4 - 8,5251815,560651,561010
1,15:20,"2pt jump shot (under the basket) missed by Enrique Freeman(AKR), rebound defensive Shereef Mitchell(OHIO)",2 - 8,5251815,560651,561010
1,15:31,"2pt layup (2nd chance) (under the basket) missed by Aidan Hadaway(OHIO), rebound defensive Enrique Freeman(AKR)",2 - 8,5251815,560651,561010
1,15:34,"3pt jump shot (outside right) missed by Aidan Hadaway(OHIO), rebound offensive Aidan Hadaway(OHIO)",2 - 8,5251815,560651,561010
1,15:53,"Free throw 1 of 1 missed by Enrique Freeman(AKR), rebound defensive Aidan Hadaway(OHIO)",2 - 8,5251815,560651,561010
1,15:53,Substitution OHIO: in Gabe Wiznitzer,2 - 8,5251815,560651,561010
1,15:53,Substitution OHIO: out AJ Clayton,2 - 8,5251815,560651,561010
1,15:53,Timeout commercial,2 - 8,5251815,560651,561010
1,15:53,Foul personal (shooting;1 free throw) (under the basket) AJ Clayton(OHIO),2 - 8,5251815,560651,561010
1,15:53,2pt jump shot (under the basket) made by Enrique Freeman(AKR),2 - 8,5251815,560651,561010
1,16:05,"3pt jump shot (outside left) missed by Jaylin Hunter(OHIO), rebound defensive Nate Johnson(AKR)",2 - 6,5251815,560651,561010
1,16:33,Substitution AKR: in Shammah Scott,2 - 6,5251815,560651,561010
1,16:33,Substitution AKR: out Sammy Hunter,2 - 6,5251815,560651,561010
1,16:33,Free throw 2 of 2 made by Enrique Freeman(AKR),2 - 6,5251815,560651,561010
1,16:33,Substitution AKR: in Kaleb Thornton,2 - 5,5251815,560651,561010
1,16:33,Substitution AKR: out Greg Tribble,2 - 5,5251815,560651,561010
1,16:33,Free throw 1 of 2 made by Enrique Freeman(AKR),2 - 5,5251815,560651,561010
1,16:33,Foul personal (shooting;2 free throws) (in the paint) Jaylin Hunter(OHIO),2 - 4,5251815,560651,561010
1,16:45,"3pt jump shot (outside left) missed by Shereef Mitchell(OHIO), rebound defensive Nate Johnson(AKR)",2 - 4,5251815,560651,561010
1,16:57,"2pt jump shot (in the paint) missed by Sammy Hunter(AKR), rebound defensive Aidan Hadaway(OHIO)",2 - 4,5251815,560651,561010
1,17:10,"3pt jump shot (off turnover) (outside left) missed by Jaylin Hunter(OHIO), rebound defensive Enrique Freeman(AKR)",2 - 4,5251815,560651,561010
1,17:28,Turnover travel (inside center) Enrique Freeman(AKR),2 - 4,5251815,560651,561010
1,17:46,"Foul offensive (back court) AJ Clayton(OHIO), turnover offensive AJ Clayton(OHIO), foul on Ali Ali(AKR)",2 - 4,5251815,560651,561010
1,17:59,"Foul personal (back court) Greg Tribble(AKR), foul on Jaylin Hunter(OHIO)",2 - 4,5251815,560651,561010
1,18:02,"3pt jump shot (outside center) made by Sammy Hunter(AKR), assist Nate Johnson(AKR)",2 - 4,5251815,560651,561010
1,18:11,"2pt jump shot (blocked) (in the paint) missed by Miles Brown(OHIO), block Enrique Freeman(AKR), rebound defensive Sammy Hunter(AKR)",2 - 1,5251815,560651,561010
1,18:30,Free throw 2 of 2 (fast break;off turnover) made by Greg Tribble(AKR),2 - 1,5251815,560651,561010
1,18:30,"Free throw 1 of 2 (fast break;off turnover) missed by Greg Tribble(AKR), rebound offensive dead ball AKR",2 - 0,5251815,560651,561010
1,18:30,Foul personal (shooting;2 free throws) (under the basket) Shereef Mitchell(OHIO),2 - 0,5251815,560651,561010
1,18:34,Turnover out of bounds (outside right) Jaylin Hunter(OHIO),2 - 0,5251815,560651,561010
1,18:35,"3pt jump shot (outside center) missed by Sammy Hunter(AKR), rebound defensive Jaylin Hunter(OHIO)",2 - 0,5251815,560651,561010
1,18:58,2pt layup (fast break) (under the basket) made by Miles Brown(OHIO),2 - 0,5251815,560651,561010
1,19:05,"3pt jump shot (outside left wing) missed by Nate Johnson(AKR), rebound defensive Miles Brown(OHIO)",0 - 0,5251815,560651,561010
1,19:38,"2pt jump shot (under the basket) missed by Jaylin Hunter(OHIO), rebound defensive Ali Ali(AKR)",0 - 0,5251815,560651,561010
1,20:00,"Jump ball start period, won AJ Clayton(OHIO), lost Enrique Freeman(AKR)",0 - 0,5251815,560651,561010
1,20:00,Period start,0 - 0,5251815,560651,561010
1,20:00,Game start,0 - 0,5251815,560651,561010
1,17:31,Foul personal (shooting;2 free throws) (under the basket) Rich Barron(PROV),5 - 7,5252380,560742,561042
1,17:42,"2pt layup (2nd chance) (under the basket) made by Devin Carter(PROV), assist Rich Barron(PROV)",5 - 7,5252380,560742,561042
1,17:47,"3pt jump shot (outside right) missed by Davonte Gaines(PROV), rebound offensive Rich Barron(PROV)",3 - 7,5252380,560742,561042
1,18:02,Substitution MARQ: in Ben Gold,3 - 7,5252380,560742,561042
1,18:02,Substitution MARQ: out Chase Ross,3 - 7,5252380,560742,561042
1,18:07,3pt jump shot (off turnover;fast break) (outside left) made by Stevie Mitchell(MARQ),3 - 7,5252380,560742,561042
1,18:13,"Turnover bad pass (in the paint) Devin Carter(PROV), steal Kam Jones(MARQ)",3 - 4,5252380,560742,561042
1,18:29,"2pt layup (under the basket) made by David Joplin(MARQ), assist Kam Jones(MARQ)",3 - 4,5252380,560742,561042
1,18:42,"3pt jump shot (outside center) made by Jayden Pierre(PROV), assist Rich Barron(PROV)",3 - 2,5252380,560742,561042
1,19:04,"2pt hook shot (in the paint) missed by Oso Ighodaro(MARQ), rebound defensive Davonte Gaines(PROV), rebound defensive Davonte Gaines(PROV)",0 - 2,5252380,560742,561042
1,19:16,"2pt driving layup (under the basket) missed by Jayden Pierre(PROV), rebound defensive Chase Ross(MARQ)",0 - 2,5252380,560742,561042
1,19:38,2pt floating jump shot (in the paint) made by Oso Ighodaro(MARQ),0 - 2,5252380,560742,561042
1,20:00,"Jump ball start period, won Oso Ighodaro(MARQ), lost Josh Oduro(PROV)",0 - 0,5252380,560742,561042
1,20:00,Period start,0 - 0,5252380,560742,561042
1,20:00,Game start,0 - 0,5252380,560742,561042
1,11:21,"Foul personal (back court) Brennan Rigsby(ORE), foul on Caleb Love(ARIZ)",13 - 18,5252632,560672,561022
1,11:25,"2pt step back jump shot (inside right) missed by Jackson Shelstad(ORE), rebound defensive Caleb Love(ARIZ)",13 - 18,5252632,560672,561022
1,11:46,2pt jump shot (2nd chance) (inside left) made by Jaden Bradley(ARIZ),13 - 18,5252632,560672,561022
1,11:50,"2pt hook shot (in the paint) missed by Motiejus Krivas(ARIZ), rebound offensive Jaden Bradley(ARIZ)",13 - 16,5252632,560672,561022
1,12:10,Free throw 2 of 2 made by Jackson Shelstad(ORE),13 - 16,5252632,560672,561022
1,12:10,Substitution ORE: in Brennan Rigsby,12 - 16,5252632,560672,561022
1,12:10,Substitution ORE: out Jadrian Tracey,12 - 16,5252632,560672,561022
1,12:10,Substitution ARIZ: in Motiejus Krivas,12 - 16,5252632,560672,561022
1,12:10,Substitution ARIZ: in Pelle Larsson,12 - 16,5252632,560672,561022
1,12:10,Substitution ARIZ: out Oumar Ballo,12 - 16,5252632,560672,561022
1,12:10,Substitution ARIZ: out KJ Lewis,12 - 16,5252632,560672,561022
1,12:10,Free throw 1 of 2 made by Jackson Shelstad(ORE),12 - 16,5252632,560672,561022
1,12:12,Foul personal (shooting;2 free throws) (inside center) KJ Lewis(ARIZ),11 - 16,5252632,560672,561022
1,12:38,"3pt jump shot (fast break) (outside right) made by Caleb Love(ARIZ), assist Jaden Bradley(ARIZ)",11 - 16,5252632,560672,561022
1,12:44,"2pt layup (2nd chance) (under the basket) made by Kwame Evans Jr.(ORE), assist Jadrian Tracey(ORE)",11 - 13,5252632,560672,561022
1,12:52,"3pt jump shot (outside center) missed by Kwame Evans Jr.(ORE), rebound offensive Jadrian Tracey(ORE)",9 - 13,5252632,560672,561022
1,13:06,"2pt layup (under the basket) made by Oumar Ballo(ARIZ), assist KJ Lewis(ARIZ)",9 - 13,5252632,560672,561022
1,13:23,"2pt hook shot (under the basket) made by Kwame Evans Jr.(ORE), assist Jermaine Couisnard(ORE)",9 - 11,5252632,560672,561022
1,13:25,Substitution ARIZ: in Jaden Bradley,7 - 11,5252632,560672,561022
1,13:25,Substitution ARIZ: out Kylan Boswell,7 - 11,5252632,560672,561022
1,13:25,"Foul personal (outside right) KJ Lewis(ARIZ), foul on Jermaine Couisnard(ORE)",7 - 11,5252632,560672,561022
1,13:33,"3pt jump shot (outside left) missed by KJ Lewis(ARIZ), rebound defensive Jadrian Tracey(ORE)",7 - 11,5252632,560672,561022
1,13:44,"3pt jump shot (outside right) missed by Jermaine Couisnard(ORE), rebound defensive Oumar Ballo(ARIZ)",7 - 11,5252632,560672,561022
1,14:09,2pt jump shot (inside left) made by Kylan Boswell(ARIZ),7 - 11,5252632,560672,561022
1,14:33,"3pt jump shot (outside right) missed by Jadrian Tracey(ORE), rebound defensive Oumar Ballo(ARIZ)",7 - 9,5252632,560672,561022
1,14:52,"Free throw 1 of 1 missed by Oumar Ballo(ARIZ), rebound defensive Jadrian Tracey(ORE)",7 - 9,5252632,560672,561022
1,14:52,Substitution ORE: in Kwame Evans Jr.,7 - 9,5252632,560672,561022
1,14:52,Substitution ORE: out Mahamadou Diawara,7 - 9,5252632,560672,561022
1,14:52,Foul personal (shooting;1 free throw) (in the paint) Mahamadou Diawara(ORE),7 - 9,5252632,560672,561022
1,14:52,"2pt layup (in the paint) made by Oumar Ballo(ARIZ), assist Caleb Love(ARIZ)",7 - 9,5252632,560672,561022
1,15:14,Substitution ARIZ: in KJ Lewis,7 - 7,5252632,560672,561022
1,15:14,Substitution ARIZ: out Pelle Larsson,7 - 7,5252632,560672,561022
1,15:14,"Foul personal (back court) Jadrian Tracey(ORE), foul on Oumar Ballo(ARIZ)",7 - 7,5252632,560672,561022
1,15:14,Foul (under the basket) ARIZ,7 - 7,5252632,560672,561022
1,15:17,"3pt jump shot (outside left) missed by Jackson Shelstad(ORE), rebound defensive Oumar Ballo(ARIZ)",7 - 7,5252632,560672,561022
1,15:45,"2pt dunk (under the basket) made by Oumar Ballo(ARIZ), assist Pelle Larsson(ARIZ)",7 - 7,5252632,560672,561022
1,15:52,Substitution ORE: in Kario Oquendo,7 - 5,5252632,560672,561022
1,15:52,Substitution ORE: out Kwame Evans Jr.,7 - 5,5252632,560672,561022
1,15:52,Timeout commercial,7 - 5,5252632,560672,561022
1,15:53,"3pt jump shot (outside right) missed by Kwame Evans Jr.(ORE), rebound defensive (team) ARIZ",7 - 5,5252632,560672,561022
1,16:18,"3pt jump shot (outside center) missed by Caleb Love(ARIZ), rebound defensive (team) ORE, rebound defensive Jackson Shelstad(ORE)",7 - 5,5252632,560672,561022
1,16:27,"2pt pull up jump shot (inside center) missed by Jermaine Couisnard(ORE), rebound defensive Oumar Ballo(ARIZ)",7 - 5,5252632,560672,561022
1,16:47,"2pt pull up jump shot (2nd chance) (inside left) missed by Kylan Boswell(ARIZ), rebound defensive Jadrian Tracey(ORE)",7 - 5,5252632,560672,561022
1,16:56,"Foul personal (in the paint) Jackson Shelstad(ORE), foul on Oumar Ballo(ARIZ)",7 - 5,5252632,560672,561022
1,17:02,"3pt jump shot (outside center) missed by Keshad Johnson(ARIZ), rebound offensive Oumar Ballo(ARIZ)",7 - 5,5252632,560672,561022
1,17:10,2pt driving layup (2nd chance) (under the basket) made by Jackson Shelstad(ORE),7 - 5,5252632,560672,561022
1,17:24,"2pt layup (blocked) (under the basket) missed by Jadrian Tracey(ORE), block Pelle Larsson(ARIZ), rebound offensive (team) ORE",5 - 5,5252632,560672,561022
1,17:32,"2pt floating jump shot (inside center) missed by Caleb Love(ARIZ), rebound defensive Jadrian Tracey(ORE)",5 - 5,5252632,560672,561022
1,17:51,"3pt jump shot (outside right) missed by Jackson Shelstad(ORE), rebound defensive (team) ARIZ",5 - 5,5252632,560672,561022
1,18:21,"3pt jump shot (outside left) made by Pelle Larsson(ARIZ), assist Keshad Johnson(ARIZ)",5 - 5,5252632,560672,561022
1,18:34,"3pt jump shot (outside left) made by Jermaine Couisnard(ORE), assist Jackson Shelstad(ORE)",5 - 2,5252632,560672,561022
1,18:58,Substitution ORE: in Mahamadou Diawara,2 - 2,5252632,560672,561022
1,18:58,Substitution ORE: out N'Faly Dante,2 - 2,5252632,560672,561022
1,19:02,"2pt dunk (under the basket) made by Oumar Ballo(ARIZ), assist Keshad Johnson(ARIZ)",2 - 2,5252632,560672,561022
1,19:13,"2pt hook shot (in the paint) made by N'Faly Dante(ORE), assist Jermaine Couisnard(ORE)",2 - 0,5252632,560672,561022
1,19:26,"3pt jump shot (2nd chance) (outside right) missed by Caleb Love(ARIZ), rebound defensive Kwame Evans Jr.(ORE)",0 - 0,5252632,560672,561022
1,19:39,"2pt jump shot (2nd chance;blocked) (inside left) missed by Caleb Love(ARIZ), block Jackson Shelstad(ORE), rebound offensive (team) ARIZ",0 - 0,5252632,560672,561022
1,19:41,"2pt layup (blocked) (in the paint) missed by Kylan Boswell(ARIZ), block Jackson Shelstad(ORE), rebound offensive (team) ARIZ",0 - 0,5252632,560672,561022
1,20:00,"Jump ball start period, won Oumar Ballo(ARIZ), lost N'Faly Dante(ORE)",0 - 0,5252632,560672,561022
1,20:00,Period start,0 - 0,5252632,560672,561022
1,20:00,Game start,0 - 0,5252632,560672,561022
