Period,Clock,Play,Score,game_id,home_id,away_id,game_date
3,03:38,"Foul personal (back court) Lauren Gustin(BYU), foul on Lara Edmanson(Santa Clara)",35 - 35,5254256,561076,560627,2024-03-22
3,03:38,Foul personal (in the paint) Amari Whiting(BYU),35 - 35,5254256,561076,560627,2024-03-22
3,03:38,"3pt jump shot (2nd chance) (outside center) missed by Keeley Frawley(Santa Clara), rebound offensive dead ball Santa Clara",35 - 35,5254256,561076,560627,2024-03-22
3,03:42,"2pt layup (2nd chance) (under the basket) missed by Lara Edmanson(Santa Clara), rebound offensive Emma Shaffer(Santa Clara)",35 - 35,5254256,561076,560627,2024-03-22
3,03:51,"2pt layup (blocked) (under the basket) missed by Tess Heal(Santa Clara), block Emma Calvert(BYU), rebound offensive Emma Shaffer(Santa Clara)",35 - 35,5254256,561076,560627,2024-03-22
3,04:04,Substitution BYU: in Lauren Gustin,35 - 35,5254256,561076,560627,2024-03-22
3,04:04,Substitution BYU: out Rose Bubakar,35 - 35,5254256,561076,560627,2024-03-22
3,04:04,"3pt jump shot (outside center) missed by Amari Whiting(BYU), rebound defensive (team) Santa Clara",35 - 35,5254256,561076,560627,2024-03-22
3,04:24,2pt hook shot (2nd chance) (in the paint) made by Tess Heal(Santa Clara),35 - 35,5254256,561076,560627,2024-03-22
3,04:27,2pt jump shot (in the paint) missed by Tess Heal(Santa Clara),35 - 35,5254256,561076,560627,2024-03-22
3,04:55,"2pt layup (blocked) (under the basket) missed by Rose Bubakar(BYU), block Emma Shaffer(Santa Clara), rebound defensive Emma Shaffer(Santa Clara)",35 - 33,5254256,561076,560627,2024-03-22
3,05:03,"2pt layup (under the basket) missed by Tess Heal(Santa Clara), rebound defensive Emma Calvert(BYU)",35 - 33,5254256,561076,560627,2024-03-22
3,05:27,"2pt jump shot (in the paint) missed by Amari Whiting(BYU), rebound defensive Emma Shaffer(Santa Clara)",35 - 33,5254256,561076,560627,2024-03-22
3,05:41,Substitution BYU: in Rose Bubakar,35 - 33,5254256,561076,560627,2024-03-22
3,05:41,Substitution BYU: out Lauren Gustin,35 - 33,5254256,561076,560627,2024-03-22
3,05:41,Timeout commercial,35 - 33,5254256,561076,560627,2024-03-22
3,05:41,Timeout short BYU,35 - 33,5254256,561076,560627,2024-03-22
3,05:42,"3pt jump shot (outside right) made by Keeley Frawley(Santa Clara), assist Lara Edmanson(Santa Clara)",35 - 33,5254256,561076,560627,2024-03-22
3,05:55,"3pt jump shot (outside left) missed by Lauren Gustin(BYU), rebound defensive Ashley Hiraki(Santa Clara)",35 - 30,5254256,561076,560627,2024-03-22
3,06:15,2pt layup (off turnover;fast break) (under the basket) made by Ashley Hiraki(Santa Clara),35 - 30,5254256,561076,560627,2024-03-22
3,06:20,"Turnover bad pass (in the paint) Lauren Gustin(BYU), steal Ashley Hiraki(Santa Clara)",35 - 28,5254256,561076,560627,2024-03-22
3,06:27,"3pt jump shot (off turnover) (outside center) missed by Lara Edmanson(Santa Clara), rebound defensive Emma Calvert(BYU)",35 - 28,5254256,561076,560627,2024-03-22
3,06:41,Turnover lost ball (under the basket) Lauren Gustin(BYU),35 - 28,5254256,561076,560627,2024-03-22
3,07:14,"3pt jump shot (outside left) made by Lara Edmanson(Santa Clara), assist Tess Heal(Santa Clara)",35 - 28,5254256,561076,560627,2024-03-22
3,07:27,"Foul personal (back court) Kaylee Smiler(BYU), foul on Tess Heal(Santa Clara)",35 - 25,5254256,561076,560627,2024-03-22
3,07:27,"Free throw 2 of 2 (off turnover) missed by Kaylee Smiler(BYU), rebound defensive Tess Heal(Santa Clara)",35 - 25,5254256,561076,560627,2024-03-22
3,07:27,Foul (back court) BYU,35 - 25,5254256,561076,560627,2024-03-22
3,07:27,Free throw 1 of 2 (off turnover) made by Kaylee Smiler(BYU),35 - 25,5254256,561076,560627,2024-03-22
3,07:27,Substitution BYU: in Emma Calvert,34 - 25,5254256,561076,560627,2024-03-22
3,07:27,Substitution BYU: out Rose Bubakar,34 - 25,5254256,561076,560627,2024-03-22
3,07:27,Foul personal (shooting;2 free throws) (under the basket) Keeley Frawley(Santa Clara),35 - 25,5254256,561076,560627,2024-03-22
3,07:38,Substitution Santa Clara: in Emma Shaffer,34 - 25,5254256,561076,560627,2024-03-22
3,07:38,Substitution Santa Clara: out Olivia Pollerd,34 - 25,5254256,561076,560627,2024-03-22
3,07:38,"Foul offensive (back court) Olivia Pollerd(Santa Clara), turnover offensive Olivia Pollerd(Santa Clara), foul on Kaylee Smiler(BYU)",34 - 25,5254256,561076,560627,2024-03-22
3,07:53,"2pt jump shot (inside left) missed by Olivia Pollerd(Santa Clara), rebound offensive (team) Santa Clara",34 - 25,5254256,561076,560627,2024-03-22
3,08:13,Free throw 1 of 1 made by Amari Whiting(BYU),34 - 25,5254256,561076,560627,2024-03-22
3,08:13,Foul personal (shooting;1 free throw) (in the paint) Lara Edmanson(Santa Clara),33 - 25,5254256,561076,560627,2024-03-22
3,08:13,"2pt jump shot (in the paint) made by Amari Whiting(BYU), assist Rose Bubakar(BYU)",33 - 25,5254256,561076,560627,2024-03-22
3,08:35,"2pt layup (under the basket) made by Lara Edmanson(Santa Clara), assist Olivia Pollerd(Santa Clara)",31 - 25,5254256,561076,560627,2024-03-22
3,08:44,Timeout commercial,31 - 23,5254256,561076,560627,2024-03-22
3,08:44,Timeout short Santa Clara,31 - 23,5254256,561076,560627,2024-03-22
3,08:52,2pt driving layup (fast break) (under the basket) made by Amari Whiting(BYU),31 - 23,5254256,561076,560627,2024-03-22
3,08:59,"2pt layup (off turnover) (under the basket) missed by Tess Heal(Santa Clara), rebound defensive Kaylee Smiler(BYU), rebound defensive Amari Whiting(BYU)",29 - 23,5254256,561076,560627,2024-03-22
3,09:04,"Turnover lost ball (in the paint) Kaylee Smiler(BYU), steal Tess Heal(Santa Clara)",29 - 23,5254256,561076,560627,2024-03-22
3,09:11,"2pt layup (under the basket) missed by Tess Heal(Santa Clara), rebound defensive Lauren Gustin(BYU)",29 - 23,5254256,561076,560627,2024-03-22
3,09:23,2pt driving layup (2nd chance) (under the basket) made by Amari Whiting(BYU),29 - 23,5254256,561076,560627,2024-03-22
3,09:32,"2pt jump shot (inside right) missed by Rose Bubakar(BYU), rebound offensive Lauren Gustin(BYU)",27 - 23,5254256,561076,560627,2024-03-22
3,09:45,"3pt jump shot (2nd chance) (outside left) missed by Olivia Pollerd(Santa Clara), rebound defensive Amari Whiting(BYU)",27 - 23,5254256,561076,560627,2024-03-22
3,09:48,"2pt layup (under the basket) missed by Tess Heal(Santa Clara), rebound offensive (team) Santa Clara",27 - 23,5254256,561076,560627,2024-03-22
3,10:00,Period start,27 - 23,5254256,561076,560627,2024-03-22
3,10:00,Substitution BYU: in Lauren Davenport,27 - 23,5254256,561076,560627,2024-03-22
3,10:00,Substitution BYU: in Kaylee Smiler,27 - 23,5254256,561076,560627,2024-03-22
3,10:00,Substitution BYU: in Amari Whiting,27 - 23,5254256,561076,560627,2024-03-22
3,10:00,Substitution BYU: out Heather Hamson,27 - 23,5254256,561076,560627,2024-03-22
3,10:00,Substitution BYU: out Marina Mata,27 - 23,5254256,561076,560627,2024-03-22
3,10:00,Substitution BYU: out McKinley Willardson,27 - 23,5254256,561076,560627,2024-03-22
2,00:00.00,Period end (confirmed),27 - 23,5254256,561076,560627,2024-03-22
2,00:02.20,Substitution BYU: in Heather Hamson,27 - 23,5254256,561076,560627,2024-03-22
2,00:02.20,Substitution BYU: in Marina Mata,27 - 23,5254256,561076,560627,2024-03-22
2,00:02.20,Substitution BYU: in McKinley Willardson,27 - 23,5254256,561076,560627,2024-03-22
2,00:02.20,Substitution BYU: out Lauren Davenport,27 - 23,5254256,561076,560627,2024-03-22
2,00:02.20,Substitution BYU: out Kaylee Smiler,27 - 23,5254256,561076,560627,2024-03-22
2,00:02.20,Substitution BYU: out Amari Whiting,27 - 23,5254256,561076,560627,2024-03-22
2,00:02.20,Substitution Santa Clara: in Tess Heal,27 - 23,5254256,561076,560627,2024-03-22
2,00:02.20,Substitution Santa Clara: in Olivia Pollerd,27 - 23,5254256,561076,560627,2024-03-22
2,00:02.20,Substitution Santa Clara: out Emma Shaffer,27 - 23,5254256,561076,560627,2024-03-22
2,00:02.20,Substitution Santa Clara: out Madison Naro,27 - 23,5254256,561076,560627,2024-03-22
2,00:02.20,"Foul offensive (back court) Lauren Davenport(BYU), turnover offensive Lauren Davenport(BYU), foul on Ashley Hiraki(Santa Clara)",27 - 23,5254256,561076,560627,2024-03-22
2,00:06.80,Substitution BYU: in Rose Bubakar,27 - 23,5254256,561076,560627,2024-03-22
2,00:06.80,Substitution BYU: in Kaylee Smiler,27 - 23,5254256,561076,560627,2024-03-22
2,00:06.80,Substitution BYU: in Amari Whiting,27 - 23,5254256,561076,560627,2024-03-22
2,00:06.80,Substitution BYU: out Heather Hamson,27 - 23,5254256,561076,560627,2024-03-22
2,00:06.80,Substitution BYU: out Marina Mata,27 - 23,5254256,561076,560627,2024-03-22
2,00:06.80,Substitution BYU: out McKinley Willardson,27 - 23,5254256,561076,560627,2024-03-22
2,00:06.80,Substitution Santa Clara: in Lara Edmanson,27 - 23,5254256,561076,560627,2024-03-22
2,00:06.80,Substitution Santa Clara: in Madison Naro,27 - 23,5254256,561076,560627,2024-03-22
2,00:06.80,Substitution Santa Clara: out Tess Heal,27 - 23,5254256,561076,560627,2024-03-22
2,00:06.80,Substitution Santa Clara: out Olivia Pollerd,27 - 23,5254256,561076,560627,2024-03-22
2,00:06.80,Turnover travel (back court) Tess Heal(Santa Clara),27 - 23,5254256,561076,560627,2024-03-22
2,00:08.90,"Free throw 2 of 2 missed by Lauren Davenport(BYU), rebound defensive Tess Heal(Santa Clara)",27 - 23,5254256,561076,560627,2024-03-22
2,00:08.90,"Free throw 1 of 2 missed by Lauren Davenport(BYU), rebound offensive dead ball BYU",27 - 23,5254256,561076,560627,2024-03-22
2,00:08.90,Substitution BYU: in Heather Hamson,27 - 23,5254256,561076,560627,2024-03-22
2,00:08.90,Substitution BYU: in McKinley Willardson,27 - 23,5254256,561076,560627,2024-03-22
2,00:08.90,Substitution BYU: out Kaylee Smiler,27 - 23,5254256,561076,560627,2024-03-22
2,00:08.90,Substitution BYU: out Amari Whiting,27 - 23,5254256,561076,560627,2024-03-22
2,00:08.90,Substitution Santa Clara: in Ashley Hiraki,27 - 23,5254256,561076,560627,2024-03-22
2,00:08.90,Substitution Santa Clara: out Malia Latu,27 - 23,5254256,561076,560627,2024-03-22
2,00:08.90,Foul personal (2 free throws) (inside left) Malia Latu(Santa Clara),27 - 23,5254256,561076,560627,2024-03-22
2,00:36.00,"2pt layup (under the basket) missed by Malia Latu(Santa Clara), rebound defensive Marina Mata(BYU)",27 - 23,5254256,561076,560627,2024-03-22
2,00:54.40,"2pt layup (under the basket) made by Lauren Davenport(BYU), assist Amari Whiting(BYU)",27 - 23,5254256,561076,560627,2024-03-22
2,01:19,2pt driving layup (2nd chance) (under the basket) made by Tess Heal(Santa Clara),25 - 23,5254256,561076,560627,2024-03-22
2,01:29,Substitution Santa Clara: in Emma Shaffer,25 - 21,5254256,561076,560627,2024-03-22
2,01:29,Substitution Santa Clara: out Lara Edmanson,25 - 21,5254256,561076,560627,2024-03-22
2,01:29,"Foul personal (under the basket) Kaylee Smiler(BYU), foul on Tess Heal(Santa Clara)",25 - 21,5254256,561076,560627,2024-03-22
2,01:33,"Foul personal (in the paint) Marina Mata(BYU), foul on Tess Heal(Santa Clara)",25 - 21,5254256,561076,560627,2024-03-22
2,01:39,"2pt jump shot (inside right) missed by Tess Heal(Santa Clara), rebound defensive (team) BYU, rebound offensive (team) Santa Clara",25 - 21,5254256,561076,560627,2024-03-22
2,01:54,"3pt jump shot (outside left) made by Lauren Davenport(BYU), assist Marina Mata(BYU)",25 - 21,5254256,561076,560627,2024-03-22
2,02:05,"3pt jump shot (outside right) missed by Olivia Pollerd(Santa Clara), rebound defensive Marina Mata(BYU)",22 - 21,5254256,561076,560627,2024-03-22
2,02:24,Free throw 1 of 1 made by Kaylee Smiler(BYU),22 - 21,5254256,561076,560627,2024-03-22
2,02:24,Foul personal (shooting;1 free throw) (under the basket) Malia Latu(Santa Clara),21 - 21,5254256,561076,560627,2024-03-22
2,02:24,2pt driving layup (under the basket) made by Kaylee Smiler(BYU),21 - 21,5254256,561076,560627,2024-03-22
2,02:33,Substitution Santa Clara: in Tess Heal,19 - 21,5254256,561076,560627,2024-03-22
2,02:33,Substitution Santa Clara: in Malia Latu,19 - 21,5254256,561076,560627,2024-03-22
2,02:33,Substitution Santa Clara: out Ashley Hiraki,19 - 21,5254256,561076,560627,2024-03-22
2,02:33,Substitution Santa Clara: out Jayde Cadee,19 - 21,5254256,561076,560627,2024-03-22
2,02:33,Timeout commercial,19 - 21,5254256,561076,560627,2024-03-22
2,02:33,"Foul personal (in the paint) Ashley Hiraki(Santa Clara), foul on Kaylee Smiler(BYU)",19 - 22,5254256,561076,560627,2024-03-22
2,02:41,"3pt jump shot (outside right) missed by Ashley Hiraki(Santa Clara), rebound defensive Lauren Davenport(BYU)",19 - 22,5254256,561076,560627,2024-03-22
2,03:14,"2pt layup (under the basket) made by Marina Mata(BYU), assist Kaylee Smiler(BYU)",19 - 22,5254256,561076,560627,2024-03-22
2,03:44,2pt jump shot (inside right) made by Jayde Cadee(Santa Clara),19 - 21,5254256,561076,560627,2024-03-22
2,04:03,3pt jump shot (outside right) made by Kaylee Smiler(BYU),17 - 19,5254256,561076,560627,2024-03-22
2,04:32,"3pt jump shot (outside center) made by Olivia Pollerd(Santa Clara), assist Ashley Hiraki(Santa Clara)",14 - 19,5254256,561076,560627,2024-03-22
2,04:49,2pt floating jump shot (in the paint) made by Amari Whiting(BYU),14 - 16,5254256,561076,560627,2024-03-22
2,04:59,"2pt layup (off turnover) (under the basket) missed by Ashley Hiraki(Santa Clara), rebound defensive Lauren Gustin(BYU)",12 - 16,5254256,561076,560627,2024-03-22
2,05:13,"Foul personal (outside center) Amari Whiting(BYU), foul on Ashley Hiraki(Santa Clara)",12 - 16,5254256,561076,560627,2024-03-22
2,05:23,Substitution BYU: in Marina Mata,12 - 16,5254256,561076,560627,2024-03-22
2,05:23,Substitution BYU: out Emma Calvert,12 - 16,5254256,561076,560627,2024-03-22
2,05:23,"Foul offensive (back court) Emma Calvert(BYU), turnover offensive Emma Calvert(BYU), foul on Olivia Pollerd(Santa Clara)",12 - 16,5254256,561076,560627,2024-03-22
2,05:44,Substitution BYU: in Kaylee Smiler,12 - 16,5254256,561076,560627,2024-03-22
2,05:44,Substitution BYU: out Rose Bubakar,12 - 16,5254256,561076,560627,2024-03-22
2,05:44,Substitution Santa Clara: in Keeley Frawley,12 - 16,5254256,561076,560627,2024-03-22
2,05:44,Substitution Santa Clara: out Madison Naro,12 - 16,5254256,561076,560627,2024-03-22
2,05:44,"Foul personal (back court) Lara Edmanson(Santa Clara), foul on Lauren Davenport(BYU)",12 - 16,5254256,561076,560627,2024-03-22
2,05:44,"2pt layup (under the basket) missed by Madison Naro(Santa Clara), rebound defensive Lauren Davenport(BYU), rebound defensive Lauren Davenport(BYU)",12 - 16,5254256,561076,560627,2024-03-22
2,06:02,2pt driving layup (under the basket) made by Amari Whiting(BYU),12 - 16,5254256,561076,560627,2024-03-22
2,06:22,"3pt jump shot (outside center) missed by Olivia Pollerd(Santa Clara), rebound defensive Emma Calvert(BYU)",10 - 16,5254256,561076,560627,2024-03-22
2,06:38,"3pt jump shot (outside right) missed by Amari Whiting(BYU), rebound defensive Madison Naro(Santa Clara)",10 - 16,5254256,561076,560627,2024-03-22
2,06:42,Substitution BYU: in Amari Whiting,10 - 16,5254256,561076,560627,2024-03-22
2,06:42,Substitution BYU: out Kaylee Smiler,10 - 16,5254256,561076,560627,2024-03-22
2,06:42,Substitution Santa Clara: in Ashley Hiraki,10 - 16,5254256,561076,560627,2024-03-22
2,06:42,Substitution Santa Clara: in Jayde Cadee,10 - 16,5254256,561076,560627,2024-03-22
2,06:42,Substitution Santa Clara: in Olivia Pollerd,10 - 16,5254256,561076,560627,2024-03-22
2,06:42,Substitution Santa Clara: out Emma Shaffer,10 - 16,5254256,561076,560627,2024-03-22
2,06:42,Substitution Santa Clara: out Tess Heal,10 - 16,5254256,561076,560627,2024-03-22
2,06:42,Substitution Santa Clara: out Malia Latu,10 - 16,5254256,561076,560627,2024-03-22
2,06:42,"Foul personal (in the paint) Tess Heal(Santa Clara), foul on Lauren Davenport(BYU)",10 - 16,5254256,561076,560627,2024-03-22
2,06:49,"2pt layup (under the basket) missed by Emma Shaffer(Santa Clara), rebound defensive Lauren Gustin(BYU)",10 - 16,5254256,561076,560627,2024-03-22
2,06:57,2pt layup (under the basket) missed by Lauren Gustin(BYU),10 - 16,5254256,561076,560627,2024-03-22
2,07:06,"2pt jump shot (under the basket) missed by Tess Heal(Santa Clara), rebound defensive Emma Calvert(BYU)",10 - 16,5254256,561076,560627,2024-03-22
2,07:15,"3pt jump shot (outside right) missed by Lauren Davenport(BYU), rebound defensive Tess Heal(Santa Clara)",10 - 16,5254256,561076,560627,2024-03-22
2,07:39,"2pt layup (2nd chance;blocked) (under the basket) missed by Madison Naro(Santa Clara), block Emma Calvert(BYU), rebound defensive Lauren Davenport(BYU)",10 - 16,5254256,561076,560627,2024-03-22
2,07:42,"2pt layup (blocked) (in the paint) missed by Madison Naro(Santa Clara), block Emma Calvert(BYU), rebound offensive Madison Naro(Santa Clara)",10 - 16,5254256,561076,560627,2024-03-22
2,08:10,Substitution BYU: in Lauren Davenport,10 - 16,5254256,561076,560627,2024-03-22
2,08:10,Substitution BYU: out Amari Whiting,10 - 16,5254256,561076,560627,2024-03-22
2,08:10,Free throw 2 of 2 made by Lauren Gustin(BYU),10 - 16,5254256,561076,560627,2024-03-22
2,08:10,"Free throw 1 of 2 missed by Lauren Gustin(BYU), rebound offensive dead ball BYU",9 - 16,5254256,561076,560627,2024-03-22
2,08:10,Foul personal (shooting;2 free throws) (under the basket) Emma Shaffer(Santa Clara),9 - 16,5254256,561076,560627,2024-03-22
2,08:27,"2pt jump shot (2nd chance;off turnover) (inside left) made by Madison Naro(Santa Clara), assist Tess Heal(Santa Clara)",9 - 16,5254256,561076,560627,2024-03-22
2,08:40,"2pt layup (2nd chance;off turnover) (under the basket) missed by Emma Shaffer(Santa Clara), rebound offensive Emma Shaffer(Santa Clara)",9 - 14,5254256,561076,560627,2024-03-22
2,08:44,"2pt layup (off turnover) (under the basket) missed by Tess Heal(Santa Clara), rebound offensive Emma Shaffer(Santa Clara)",9 - 14,5254256,561076,560627,2024-03-22
2,08:58,Turnover 3sec (under the basket) Emma Calvert(BYU),9 - 14,5254256,561076,560627,2024-03-22
2,09:10,"2pt jump shot (in the paint) missed by Malia Latu(Santa Clara), rebound defensive Kaylee Smiler(BYU), rebound defensive Amari Whiting(BYU)",9 - 14,5254256,561076,560627,2024-03-22
2,09:23,"2pt layup (off turnover;blocked) (under the basket) missed by Lauren Gustin(BYU), block Malia Latu(Santa Clara), rebound defensive Emma Shaffer(Santa Clara)",9 - 14,5254256,561076,560627,2024-03-22
2,09:52,Turnover travel (in the paint) Tess Heal(Santa Clara),9 - 14,5254256,561076,560627,2024-03-22
2,10:00,Period start,9 - 14,5254256,561076,560627,2024-03-22
2,10:00,Substitution Santa Clara: in Tess Heal,9 - 14,5254256,561076,560627,2024-03-22
2,10:00,Substitution Santa Clara: out Ashley Hiraki,9 - 14,5254256,561076,560627,2024-03-22
1,00:00.00,Period end (confirmed),9 - 14,5254256,561076,560627,2024-03-22
1,00:05.10,Turnover travel (under the basket) Amari Whiting(BYU),9 - 14,5254256,561076,560627,2024-03-22
1,00:24.30,"Free throw 2 of 2 missed by Emma Shaffer(Santa Clara), rebound defensive Emma Calvert(BYU)",9 - 14,5254256,561076,560627,2024-03-22
1,00:24.30,Free throw 1 of 2 made by Emma Shaffer(Santa Clara),9 - 14,5254256,561076,560627,2024-03-22
1,00:24.30,Substitution BYU: in Rose Bubakar,9 - 13,5254256,561076,560627,2024-03-22
1,00:24.30,Substitution BYU: out Marina Mata,9 - 13,5254256,561076,560627,2024-03-22
1,00:24.30,Foul personal (shooting;2 free throws) (under the basket) Marina Mata(BYU),9 - 13,5254256,561076,560627,2024-03-22
1,00:35.80,Substitution BYU: in Emma Calvert,9 - 13,5254256,561076,560627,2024-03-22
1,00:35.80,Substitution BYU: out Rose Bubakar,9 - 13,5254256,561076,560627,2024-03-22
1,00:35.80,Substitution Santa Clara: in Malia Latu,9 - 13,5254256,561076,560627,2024-03-22
1,00:35.80,Substitution Santa Clara: out Tess Heal,9 - 13,5254256,561076,560627,2024-03-22
1,00:35.80,Substitution Santa Clara: in Emma Shaffer,9 - 13,5254256,561076,560627,2024-03-22
1,00:35.80,Substitution Santa Clara: out Keeley Frawley,9 - 13,5254256,561076,560627,2024-03-22
1,00:54.00,"2pt jump shot (in the paint) missed by Rose Bubakar(BYU), rebound defensive Keeley Frawley(Santa Clara)",9 - 13,5254256,561076,560627,2024-03-22
1,01:22,"2pt layup (in the paint) missed by Lara Edmanson(Santa Clara), rebound defensive Kaylee Smiler(BYU)",9 - 13,5254256,561076,560627,2024-03-22
1,01:41,2pt layup (off turnover;fast break) (under the basket) made by Rose Bubakar(BYU),9 - 13,5254256,561076,560627,2024-03-22
1,01:46,"Turnover bad pass (outside center) Keeley Frawley(Santa Clara), steal Rose Bubakar(BYU)",7 - 13,5254256,561076,560627,2024-03-22
1,02:08,"3pt jump shot (off turnover) (outside left) missed by Kaylee Smiler(BYU), rebound defensive Ashley Hiraki(Santa Clara)",7 - 13,5254256,561076,560627,2024-03-22
1,02:12,Substitution Santa Clara: in Madison Naro,7 - 13,5254256,561076,560627,2024-03-22
1,02:12,Substitution Santa Clara: out Jayde Cadee,7 - 13,5254256,561076,560627,2024-03-22
1,02:12,"Foul personal (in the paint) Jayde Cadee(Santa Clara), foul on Kaylee Smiler(BYU)",7 - 13,5254256,561076,560627,2024-03-22
1,02:20,"Turnover bad pass (inside center) Ashley Hiraki(Santa Clara), steal Kaylee Smiler(BYU)",7 - 13,5254256,561076,560627,2024-03-22
1,02:33,Turnover travel (under the basket) Lauren Gustin(BYU),7 - 13,5254256,561076,560627,2024-03-22
1,02:46,Free throw 2 of 2 (off turnover) made by Lara Edmanson(Santa Clara),7 - 13,5254256,561076,560627,2024-03-22
1,02:46,Free throw 1 of 2 (off turnover) made by Lara Edmanson(Santa Clara),7 - 12,5254256,561076,560627,2024-03-22
1,02:46,Substitution BYU: in Marina Mata,7 - 11,5254256,561076,560627,2024-03-22
1,02:46,Substitution BYU: out Lauren Davenport,7 - 11,5254256,561076,560627,2024-03-22
1,02:46,Substitution BYU: out Emma Calvert,7 - 11,5254256,561076,560627,2024-03-22
1,02:46,Substitution BYU: in Rose Bubakar,7 - 11,5254256,561076,560627,2024-03-22
1,02:46,Substitution BYU: out Lauren Davenport,7 - 11,5254256,561076,560627,2024-03-22
1,02:46,Foul personal (2 free throws) (inside center) Lauren Davenport(BYU),7 - 11,5254256,561076,560627,2024-03-22
1,03:00,"Foul offensive (back court) Emma Calvert(BYU), turnover offensive Emma Calvert(BYU), foul on Jayde Cadee(Santa Clara)",7 - 11,5254256,561076,560627,2024-03-22
1,03:10,Substitution Santa Clara: in Ashley Hiraki,7 - 11,5254256,561076,560627,2024-03-22
1,03:10,Substitution Santa Clara: out Emma Shaffer,7 - 11,5254256,561076,560627,2024-03-22
1,03:10,Free throw 2 of 2 (off turnover) made by Tess Heal(Santa Clara),7 - 11,5254256,561076,560627,2024-03-22
1,03:10,"Free throw 1 of 2 (off turnover) missed by Tess Heal(Santa Clara), rebound offensive dead ball Santa Clara",7 - 10,5254256,561076,560627,2024-03-22
1,03:10,Foul personal (shooting;2 free throws) (under the basket) Lauren Davenport(BYU),7 - 10,5254256,561076,560627,2024-03-22
1,03:29,Turnover travel (outside left) Emma Calvert(BYU),7 - 10,5254256,561076,560627,2024-03-22
1,03:36,"3pt jump shot (outside left) missed by Jayde Cadee(Santa Clara), rebound defensive Amari Whiting(BYU)",7 - 10,5254256,561076,560627,2024-03-22
1,03:57,"Foul personal (inside center) Amari Whiting(BYU), foul on Tess Heal(Santa Clara)",7 - 10,5254256,561076,560627,2024-03-22
1,03:57,Foul (back court) Santa Clara,7 - 10,5254256,561076,560627,2024-03-22
1,04:06,Substitution BYU: in Emma Calvert,7 - 10,5254256,561076,560627,2024-03-22
1,04:06,Substitution BYU: out Rose Bubakar,7 - 10,5254256,561076,560627,2024-03-22
1,04:07,"3pt jump shot (off turnover) (outside left) missed by Rose Bubakar(BYU), rebound defensive (team) Santa Clara",7 - 10,5254256,561076,560627,2024-03-22
1,04:24,Substitution Santa Clara: in Lara Edmanson,7 - 10,5254256,561076,560627,2024-03-22
1,04:24,Substitution Santa Clara: out Olivia Pollerd,7 - 10,5254256,561076,560627,2024-03-22
1,04:24,"Foul offensive (outside left) Olivia Pollerd(Santa Clara), turnover offensive Olivia Pollerd(Santa Clara), foul on Lauren Davenport(BYU)",7 - 10,5254256,561076,560627,2024-03-22
1,04:41,3pt jump shot (off turnover) (outside left) made by Kaylee Smiler(BYU),7 - 10,5254256,561076,560627,2024-03-22
1,05:00,Substitution Santa Clara: in Jayde Cadee,4 - 10,5254256,561076,560627,2024-03-22
1,05:00,Substitution Santa Clara: out Ashley Hiraki,4 - 10,5254256,561076,560627,2024-03-22
1,05:00,Timeout commercial,4 - 10,5254256,561076,560627,2024-03-22
1,05:00,Turnover travel (under the basket) Tess Heal(Santa Clara),4 - 10,5254256,561076,560627,2024-03-22
1,05:14,"3pt jump shot (outside center) made by Amari Whiting(BYU), assist Lauren Gustin(BYU)",4 - 10,5254256,561076,560627,2024-03-22
1,05:34,"3pt jump shot (off turnover) (outside right) made by Ashley Hiraki(Santa Clara), assist Keeley Frawley(Santa Clara)",1 - 10,5254256,561076,560627,2024-03-22
1,05:49,Turnover lane violation (under the basket) Kaylee Smiler(BYU),1 - 7,5254256,561076,560627,2024-03-22
1,05:49,"Free throw 2 of 2 missed by Rose Bubakar(BYU), rebound defensive dead ball Santa Clara, rebound offensive dead ball BYU",1 - 7,5254256,561076,560627,2024-03-22
1,05:49,Free throw 1 of 2 made by Rose Bubakar(BYU),1 - 7,5254256,561076,560627,2024-03-22
1,05:49,Foul personal (shooting;2 free throws) (outside right) Olivia Pollerd(Santa Clara),1 - 7,5254256,561076,560627,2024-03-22
1,06:10,"3pt jump shot (outside left) made by Keeley Frawley(Santa Clara), assist Tess Heal(Santa Clara)",0 - 7,5254256,561076,560627,2024-03-22
1,06:17,Substitution Santa Clara: in Emma Shaffer,0 - 4,5254256,561076,560627,2024-03-22
1,06:17,Substitution Santa Clara: out Lara Edmanson,0 - 4,5254256,561076,560627,2024-03-22
1,06:17,"Foul personal (inside center) Kaylee Smiler(BYU), foul on Ashley Hiraki(Santa Clara)",0 - 4,5254256,561076,560627,2024-03-22
1,06:17,Foul (back court) Santa Clara,0 - 4,5254256,561076,560627,2024-03-22
1,06:31,"2pt layup (in the paint) missed by Lauren Gustin(BYU), rebound defensive Olivia Pollerd(Santa Clara)",0 - 4,5254256,561076,560627,2024-03-22
1,06:55,"2pt layup (under the basket) missed by Tess Heal(Santa Clara), rebound defensive (team) BYU",0 - 4,5254256,561076,560627,2024-03-22
1,07:07,"Free throw 2 of 2 missed by Amari Whiting(BYU), rebound defensive Olivia Pollerd(Santa Clara)",0 - 4,5254256,561076,560627,2024-03-22
1,07:07,"Free throw 1 of 2 missed by Amari Whiting(BYU), rebound offensive dead ball BYU",0 - 4,5254256,561076,560627,2024-03-22
1,07:07,Foul personal (shooting;2 free throws) (under the basket) Tess Heal(Santa Clara),0 - 4,5254256,561076,560627,2024-03-22
1,07:26,2pt layup (under the basket) made by Tess Heal(Santa Clara),0 - 4,5254256,561076,560627,2024-03-22
1,07:42,"2pt jump shot (inside right) missed by Kaylee Smiler(BYU), rebound defensive Keeley Frawley(Santa Clara)",0 - 2,5254256,561076,560627,2024-03-22
1,08:11,2pt driving layup (under the basket) made by Keeley Frawley(Santa Clara),0 - 2,5254256,561076,560627,2024-03-22
1,08:24,"2pt layup (under the basket) missed by Kaylee Smiler(BYU), rebound defensive Tess Heal(Santa Clara)",0 - 0,5254256,561076,560627,2024-03-22
1,08:36,"2pt layup (2nd chance;off turnover) (under the basket) missed by Tess Heal(Santa Clara), rebound defensive Amari Whiting(BYU)",0 - 0,5254256,561076,560627,2024-03-22
1,08:51,"2pt jump shot (off turnover) (in the paint) missed by Tess Heal(Santa Clara), rebound offensive Lara Edmanson(Santa Clara)",0 - 0,5254256,561076,560627,2024-03-22
1,09:16,"Turnover bad pass (under the basket) Lauren Gustin(BYU), steal Ashley Hiraki(Santa Clara)",0 - 0,5254256,561076,560627,2024-03-22
1,09:20,"2pt layup (blocked) (under the basket) missed by Lauren Gustin(BYU), block Lara Edmanson(Santa Clara), rebound offensive Lauren Gustin(BYU), block Olivia Pollerd(Santa Clara)",0 - 0,5254256,561076,560627,2024-03-22
1,09:35,2pt layup (blocked) (under the basket) missed by Tess Heal(Santa Clara),0 - 0,5254256,561076,560627,2024-03-22
1,09:49,"3pt jump shot (outside right) missed by Lauren Davenport(BYU), rebound defensive Ashley Hiraki(Santa Clara)",0 - 0,5254256,561076,560627,2024-03-22
1,10:00,"Jump ball start period, won Rose Bubakar(BYU), lost Lara Edmanson(Santa Clara)",0 - 0,5254256,561076,560627,2024-03-22
1,10:00,Period start,0 - 0,5254256,561076,560627,2024-03-22
1,10:00,Game start,0 - 0,5254256,561076,560627,2024-03-22
4,07:34,Timeout commercial,42 - 53,5254255,561203,560841,2024-03-22
4,07:34,Timeout short LAMAR,42 - 53,5254255,561203,560841,2024-03-22
4,07:34,"3pt jump shot (fast break) (outside right) made by Tara Wallack(WSU), assist Eleonora Villa(WSU)",42 - 53,5254255,561203,560841,2024-03-22
4,07:38,"2pt layup (off turnover) (in the paint) missed by Malay McQueen(LAMAR), rebound defensive Beyonce Bea(WSU)",42 - 50,5254255,561203,560841,2024-03-22
4,07:42,"Turnover lost ball (back court) Beyonce Bea(WSU), steal Taliah Hill(LAMAR)",42 - 50,5254255,561203,560841,2024-03-22
4,07:42,2pt (inside right) missed by LAMAR,42 - 50,5254255,561203,560841,2024-03-22
4,07:46,"2pt jump shot (inside left) missed by Sabria Dean(LAMAR), rebound defensive Beyonce Bea(WSU)",42 - 50,5254255,561203,560841,2024-03-22
4,08:08,"3pt jump shot (outside right) made by Tara Wallack(WSU), assist Astera Tuhina(WSU)",42 - 50,5254255,561203,560841,2024-03-22
4,08:17,"2pt jump shot (off turnover;blocked) (inside right) missed by Jacei Denley(LAMAR), block Bella Murekatete(WSU), rebound defensive Bella Murekatete(WSU)",42 - 47,5254255,561203,560841,2024-03-22
4,08:40,"Foul offensive (back court) Eleonora Villa(WSU), turnover offensive Eleonora Villa(WSU), foul on Akasha Davis(LAMAR)",42 - 47,5254255,561203,560841,2024-03-22
4,08:49,"2pt jump shot (off turnover) (inside center) missed by Sabria Dean(LAMAR), rebound defensive Eleonora Villa(WSU)",42 - 47,5254255,561203,560841,2024-03-22
4,08:59,"Turnover bad pass (outside right) Astera Tuhina(WSU), steal Akasha Davis(LAMAR)",42 - 47,5254255,561203,560841,2024-03-22
4,09:15,Substitution WSU: in Beyonce Bea,42 - 47,5254255,561203,560841,2024-03-22
4,09:15,Substitution WSU: out Kyra Gardner,42 - 47,5254255,561203,560841,2024-03-22
4,09:15,"Foul personal (inside center) Jacei Denley(LAMAR), foul on Bella Murekatete(WSU)",42 - 47,5254255,561203,560841,2024-03-22
4,09:29,2pt layup (off turnover) (under the basket) made by Jacei Denley(LAMAR),42 - 47,5254255,561203,560841,2024-03-22
4,09:38,"Turnover bad pass (in the paint) Tara Wallack(WSU), steal Akasha Davis(LAMAR)",40 - 47,5254255,561203,560841,2024-03-22
4,10:00,Period start,40 - 47,5254255,561203,560841,2024-03-22
4,10:00,Substitution WSU: in Bella Murekatete,40 - 47,5254255,561203,560841,2024-03-22
4,10:00,Substitution WSU: out Alex Covill,40 - 47,5254255,561203,560841,2024-03-22
3,00:00.00,Period end (confirmed),40 - 47,5254255,561203,560841,2024-03-22
3,00:02.10,3pt jump shot (off turnover) (outside center) missed by Astera Tuhina(WSU),40 - 47,5254255,561203,560841,2024-03-22
3,00:34.10,Substitution WSU: in Kyra Gardner,40 - 47,5254255,561203,560841,2024-03-22
3,00:34.10,Substitution WSU: out Jenna Villa,40 - 47,5254255,561203,560841,2024-03-22
3,00:34.10,Turnover bad pass (inside left) Sabria Dean(LAMAR),40 - 47,5254255,561203,560841,2024-03-22
3,00:48.40,"2pt layup (2nd chance;blocked) (under the basket) missed by Akasha Davis(LAMAR), block Alex Covill(WSU), rebound offensive Akasha Davis(LAMAR)",40 - 47,5254255,561203,560841,2024-03-22
3,00:50.60,"2pt jump shot (inside left) missed by Sabria Dean(LAMAR), rebound offensive Akasha Davis(LAMAR)",40 - 47,5254255,561203,560841,2024-03-22
3,01:15,"3pt jump shot (outside right) made by Jenna Villa(WSU), assist Tara Wallack(WSU)",40 - 47,5254255,561203,560841,2024-03-22
3,01:40,2pt layup (off turnover) (under the basket) made by Malay McQueen(LAMAR),40 - 44,5254255,561203,560841,2024-03-22
3,01:51,"Turnover lost ball (back court) Tara Wallack(WSU), steal Malay McQueen(LAMAR)",38 - 44,5254255,561203,560841,2024-03-22
3,01:54,"3pt jump shot (outside right) missed by Malay McQueen(LAMAR), rebound defensive Jenna Villa(WSU)",38 - 44,5254255,561203,560841,2024-03-22
3,02:05,"2pt jump shot (inside right) missed by Astera Tuhina(WSU), rebound offensive Eleonora Villa(WSU), rebound defensive Malay McQueen(LAMAR)",38 - 44,5254255,561203,560841,2024-03-22
3,02:28,"2pt layup (off turnover) (in the paint) made by Akasha Davis(LAMAR), assist Jacei Denley(LAMAR)",38 - 44,5254255,561203,560841,2024-03-22
3,02:44,"Foul offensive (outside right) Eleonora Villa(WSU), turnover offensive Eleonora Villa(WSU), foul on Sabria Dean(LAMAR)",36 - 44,5254255,561203,560841,2024-03-22
3,03:03,"3pt jump shot (outside right) made by Malay McQueen(LAMAR), assist Taliah Hill(LAMAR)",36 - 44,5254255,561203,560841,2024-03-22
3,03:12,Substitution LAMAR: in Malay McQueen,33 - 44,5254255,561203,560841,2024-03-22
3,03:12,Substitution LAMAR: out R'Mani Taylor,33 - 44,5254255,561203,560841,2024-03-22
3,03:12,Substitution WSU: in Alex Covill,33 - 44,5254255,561203,560841,2024-03-22
3,03:12,Substitution WSU: in Tara Wallack,33 - 44,5254255,561203,560841,2024-03-22
3,03:12,Substitution WSU: out Bella Murekatete,33 - 44,5254255,561203,560841,2024-03-22
3,03:12,Substitution WSU: out Beyonce Bea,33 - 44,5254255,561203,560841,2024-03-22
3,03:12,"Foul personal (in the paint) Bella Murekatete(WSU), foul on Akasha Davis(LAMAR)",33 - 44,5254255,561203,560841,2024-03-22
3,03:20,"2pt layup (blocked) (in the paint) missed by Bella Murekatete(WSU), block Akasha Davis(LAMAR), rebound defensive R'Mani Taylor(LAMAR)",33 - 44,5254255,561203,560841,2024-03-22
3,03:33,"2pt jump shot (inside right) missed by Jacei Denley(LAMAR), rebound defensive Bella Murekatete(WSU)",33 - 44,5254255,561203,560841,2024-03-22
3,03:45,"3pt jump shot (off turnover) (outside right) missed by Jenna Villa(WSU), rebound defensive Akasha Davis(LAMAR)",33 - 44,5254255,561203,560841,2024-03-22
3,03:53,Turnover shot clock (team) (in the paint) LAMAR,33 - 44,5254255,561203,560841,2024-03-22
3,03:58,"2pt jump shot (inside right) missed by R'Mani Taylor(LAMAR), rebound offensive Akasha Davis(LAMAR)",33 - 44,5254255,561203,560841,2024-03-22
3,04:27,2pt jump shot (inside left) made by Astera Tuhina(WSU),33 - 44,5254255,561203,560841,2024-03-22
3,04:40,"2pt jump shot (inside right) missed by Sabria Dean(LAMAR), rebound defensive Beyonce Bea(WSU)",33 - 42,5254255,561203,560841,2024-03-22
3,04:43,Substitution LAMAR: in Jacei Denley,33 - 42,5254255,561203,560841,2024-03-22
3,04:43,Substitution LAMAR: out Brooklyn Mitchell,33 - 42,5254255,561203,560841,2024-03-22
3,04:43,"Foul personal (in the paint) Bella Murekatete(WSU), foul on Akasha Davis(LAMAR)",33 - 42,5254255,561203,560841,2024-03-22
3,05:01,"2pt layup (fast break) (under the basket) made by Eleonora Villa(WSU), assist Astera Tuhina(WSU)",33 - 42,5254255,561203,560841,2024-03-22
3,05:08,"2pt jump shot (inside center) missed by R'Mani Taylor(LAMAR), rebound defensive Bella Murekatete(WSU)",33 - 40,5254255,561203,560841,2024-03-22
3,05:33,Free throw 2 of 2 made by Astera Tuhina(WSU),33 - 40,5254255,561203,560841,2024-03-22
3,05:33,Free throw 1 of 2 made by Astera Tuhina(WSU),33 - 39,5254255,561203,560841,2024-03-22
3,05:33,Substitution LAMAR: in R'Mani Taylor,33 - 38,5254255,561203,560841,2024-03-22
3,05:33,Substitution LAMAR: in Taliah Hill,33 - 38,5254255,561203,560841,2024-03-22
3,05:33,Substitution LAMAR: in Sabria Dean,33 - 38,5254255,561203,560841,2024-03-22
3,05:33,Substitution LAMAR: out Malay McQueen,33 - 38,5254255,561203,560841,2024-03-22
3,05:33,Substitution LAMAR: out Jacei Denley,33 - 38,5254255,561203,560841,2024-03-22
3,05:33,Substitution LAMAR: out T'aliyah Miner,33 - 38,5254255,561203,560841,2024-03-22
3,05:33,Foul personal (shooting;2 free throws) (in the paint) T'aliyah Miner(LAMAR),33 - 38,5254255,561203,560841,2024-03-22
3,05:54,2pt layup (in the paint) made by Akasha Davis(LAMAR),33 - 38,5254255,561203,560841,2024-03-22
3,06:16,"3pt jump shot (2nd chance) (outside left) missed by Astera Tuhina(WSU), rebound offensive Eleonora Villa(WSU), rebound defensive Malay McQueen(LAMAR)",31 - 38,5254255,561203,560841,2024-03-22
3,06:20,"2pt layup (2nd chance) (in the paint) missed by Beyonce Bea(WSU), rebound offensive Beyonce Bea(WSU)",31 - 38,5254255,561203,560841,2024-03-22
3,06:32,"3pt jump shot (outside right) missed by Eleonora Villa(WSU), rebound offensive Beyonce Bea(WSU)",31 - 38,5254255,561203,560841,2024-03-22
3,06:43,"2pt layup (under the basket) missed by Jacei Denley(LAMAR), rebound defensive Beyonce Bea(WSU)",31 - 38,5254255,561203,560841,2024-03-22
3,07:01,Substitution WSU: in Jenna Villa,31 - 38,5254255,561203,560841,2024-03-22
3,07:01,Substitution WSU: out Tara Wallack,31 - 38,5254255,561203,560841,2024-03-22
3,07:01,Free throw 2 of 2 (2nd chance) made by Tara Wallack(WSU),31 - 38,5254255,561203,560841,2024-03-22
3,07:01,Free throw 1 of 2 (2nd chance) made by Tara Wallack(WSU),31 - 37,5254255,561203,560841,2024-03-22
3,07:01,Foul personal (shooting;2 free throws) (in the paint) T'aliyah Miner(LAMAR),31 - 36,5254255,561203,560841,2024-03-22
3,07:16,"3pt jump shot (outside right) missed by Tara Wallack(WSU), rebound offensive Beyonce Bea(WSU)",31 - 36,5254255,561203,560841,2024-03-22
3,07:16,3pt (outside right) made by WSU,31 - 39,5254255,561203,560841,2024-03-22
3,07:32,2pt layup (2nd chance;off turnover) (under the basket) made by T'aliyah Miner(LAMAR),31 - 36,5254255,561203,560841,2024-03-22
3,07:35,"3pt jump shot (off turnover) (outside left) missed by T'aliyah Miner(LAMAR), rebound offensive T'aliyah Miner(LAMAR)",29 - 36,5254255,561203,560841,2024-03-22
3,07:48,"Turnover lost ball (in the paint) Astera Tuhina(WSU), steal Akasha Davis(LAMAR)",29 - 36,5254255,561203,560841,2024-03-22
3,08:06,3pt jump shot (outside left) made by Brooklyn Mitchell(LAMAR),29 - 36,5254255,561203,560841,2024-03-22
3,08:17,"2pt layup (off turnover) (under the basket) missed by Bella Murekatete(WSU), rebound defensive T'aliyah Miner(LAMAR)",26 - 36,5254255,561203,560841,2024-03-22
3,08:34,"Turnover bad pass (outside right) Jacei Denley(LAMAR), steal Beyonce Bea(WSU)",26 - 36,5254255,561203,560841,2024-03-22
3,08:43,Free throw 2 of 2 made by Beyonce Bea(WSU),26 - 36,5254255,561203,560841,2024-03-22
3,08:43,Free throw 1 of 2 made by Beyonce Bea(WSU),26 - 35,5254255,561203,560841,2024-03-22
3,08:43,Substitution LAMAR: in Brooklyn Mitchell,26 - 34,5254255,561203,560841,2024-03-22
3,08:43,Substitution LAMAR: in T'aliyah Miner,26 - 34,5254255,561203,560841,2024-03-22
3,08:43,Substitution LAMAR: out R'Mani Taylor,26 - 34,5254255,561203,560841,2024-03-22
3,08:43,Substitution LAMAR: out NJ Weems,26 - 34,5254255,561203,560841,2024-03-22
3,08:43,Foul personal (shooting;2 free throws) (in the paint) NJ Weems(LAMAR),26 - 34,5254255,561203,560841,2024-03-22
3,08:43,Foul (back court) WSU,26 - 34,5254255,561203,560841,2024-03-22
3,08:53,2pt layup (off turnover) (in the paint) missed by R'Mani Taylor(LAMAR),26 - 34,5254255,561203,560841,2024-03-22
3,09:00,"Turnover lost ball (inside center) Tara Wallack(WSU), steal Malay McQueen(LAMAR)",26 - 34,5254255,561203,560841,2024-03-22
3,09:09,2pt jump shot (in the paint) made by Jacei Denley(LAMAR),26 - 34,5254255,561203,560841,2024-03-22
3,09:17,"2pt jump shot (inside center) missed by Bella Murekatete(WSU), rebound defensive Malay McQueen(LAMAR)",24 - 34,5254255,561203,560841,2024-03-22
3,09:40,"2pt layup (under the basket) missed by NJ Weems(LAMAR), rebound defensive Eleonora Villa(WSU)",24 - 34,5254255,561203,560841,2024-03-22
3,10:00,Period start,24 - 34,5254255,561203,560841,2024-03-22
3,10:00,Substitution LAMAR: in NJ Weems,24 - 34,5254255,561203,560841,2024-03-22
3,10:00,Substitution LAMAR: in Malay McQueen,24 - 34,5254255,561203,560841,2024-03-22
3,10:00,Substitution LAMAR: out Taliah Hill,24 - 34,5254255,561203,560841,2024-03-22
3,10:00,Substitution LAMAR: out Brooklyn Mitchell,24 - 34,5254255,561203,560841,2024-03-22
3,10:00,Substitution WSU: in Bella Murekatete,24 - 34,5254255,561203,560841,2024-03-22
3,10:00,Substitution WSU: in Eleonora Villa,24 - 34,5254255,561203,560841,2024-03-22
3,10:00,Substitution WSU: out Alex Covill,24 - 34,5254255,561203,560841,2024-03-22
3,10:00,Substitution WSU: out Kyra Gardner,24 - 34,5254255,561203,560841,2024-03-22
2,00:00.00,Period end (confirmed),24 - 34,5254255,561203,560841,2024-03-22
2,00:00.30,"2pt layup (2nd chance;blocked) (under the basket) missed by Alex Covill(WSU), block Taliah Hill(LAMAR), rebound defensive Jacei Denley(LAMAR)",24 - 34,5254255,561203,560841,2024-03-22
2,00:02.70,"3pt jump shot (outside left) missed by Astera Tuhina(WSU), rebound offensive Alex Covill(WSU)",24 - 34,5254255,561203,560841,2024-03-22
2,00:25.50,2pt jump shot (inside center) made by Jacei Denley(LAMAR),24 - 34,5254255,561203,560841,2024-03-22
2,00:46.20,"3pt jump shot (outside left) missed by Kyra Gardner(WSU), rebound defensive Akasha Davis(LAMAR)",22 - 34,5254255,561203,560841,2024-03-22
2,01:05,"2pt jump shot (off turnover) (inside right) missed by Jacei Denley(LAMAR), rebound defensive Tara Wallack(WSU)",22 - 34,5254255,561203,560841,2024-03-22
2,01:17,Turnover 3sec (in the paint) Alex Covill(WSU),22 - 34,5254255,561203,560841,2024-03-22
2,01:17,Foul (back court) Alex Covill(WSU),22 - 34,5254255,561203,560841,2024-03-22
2,01:30,Free throw 2 of 2 made by Akasha Davis(LAMAR),22 - 34,5254255,561203,560841,2024-03-22
2,01:30,Free throw 1 of 2 made by Akasha Davis(LAMAR),21 - 34,5254255,561203,560841,2024-03-22
2,01:30,Substitution LAMAR: in Jacei Denley,20 - 34,5254255,561203,560841,2024-03-22
2,01:30,Substitution LAMAR: out Sabria Dean,20 - 34,5254255,561203,560841,2024-03-22
2,01:30,Substitution WSU: in Alex Covill,20 - 34,5254255,561203,560841,2024-03-22
2,01:30,Substitution WSU: out Eleonora Villa,20 - 34,5254255,561203,560841,2024-03-22
2,01:30,Foul personal (shooting;2 free throws) (in the paint) Beyonce Bea(WSU),20 - 34,5254255,561203,560841,2024-03-22
2,01:58,"3pt jump shot (outside left) made by Kyra Gardner(WSU), assist Beyonce Bea(WSU)",20 - 34,5254255,561203,560841,2024-03-22
2,02:24,2pt jump shot (inside left) made by R'Mani Taylor(LAMAR),20 - 31,5254255,561203,560841,2024-03-22
2,02:48,2pt jump shot (inside center) made by Kyra Gardner(WSU),18 - 31,5254255,561203,560841,2024-03-22
2,03:11,"2pt jump shot (inside center) missed by Akasha Davis(LAMAR), rebound defensive Kyra Gardner(WSU)",18 - 29,5254255,561203,560841,2024-03-22
2,03:42,"3pt jump shot (off turnover) (outside left) made by Astera Tuhina(WSU), assist Kyra Gardner(WSU)",18 - 29,5254255,561203,560841,2024-03-22
2,03:56,Substitution LAMAR: in Sabria Dean,18 - 26,5254255,561203,560841,2024-03-22
2,03:56,Substitution LAMAR: out Malay McQueen,18 - 26,5254255,561203,560841,2024-03-22
2,03:56,"Foul offensive (outside left wing) Akasha Davis(LAMAR), turnover offensive Akasha Davis(LAMAR), foul on Eleonora Villa(WSU)",18 - 26,5254255,561203,560841,2024-03-22
2,04:06,"3pt jump shot (off turnover) (outside left wing) made by Kyra Gardner(WSU), assist Tara Wallack(WSU)",18 - 26,5254255,561203,560841,2024-03-22
2,04:23,"Turnover lost ball (inside left) Malay McQueen(LAMAR), steal Kyra Gardner(WSU)",18 - 23,5254255,561203,560841,2024-03-22
2,04:36,Substitution LAMAR: in R'Mani Taylor,18 - 23,5254255,561203,560841,2024-03-22
2,04:36,Substitution LAMAR: out Jacei Denley,18 - 23,5254255,561203,560841,2024-03-22
2,04:36,"Foul personal (back court) Tara Wallack(WSU), foul on Taliah Hill(LAMAR)",18 - 23,5254255,561203,560841,2024-03-22
2,04:36,"2pt layup (in the paint) missed by Eleonora Villa(WSU), rebound defensive (team) LAMAR",18 - 23,5254255,561203,560841,2024-03-22
2,04:59,2pt jump shot (off turnover) (in the paint) made by Jacei Denley(LAMAR),18 - 23,5254255,561203,560841,2024-03-22
2,05:17,Substitution WSU: in Tara Wallack,16 - 23,5254255,561203,560841,2024-03-22
2,05:17,Substitution WSU: out Bella Murekatete,16 - 23,5254255,561203,560841,2024-03-22
2,05:17,Turnover travel (outside center) Bella Murekatete(WSU),16 - 23,5254255,561203,560841,2024-03-22
2,05:24,"2pt layup (in the paint) missed by Akasha Davis(LAMAR), rebound defensive Astera Tuhina(WSU)",16 - 23,5254255,561203,560841,2024-03-22
2,05:35,"2pt jump shot (in the paint) missed by Bella Murekatete(WSU), rebound defensive Taliah Hill(LAMAR)",16 - 23,5254255,561203,560841,2024-03-22
2,05:49,Substitution LAMAR: in Akasha Davis,16 - 23,5254255,561203,560841,2024-03-22
2,05:49,Substitution LAMAR: out NJ Weems,16 - 23,5254255,561203,560841,2024-03-22
2,05:49,"Foul personal (in the paint) NJ Weems(LAMAR), foul on Bella Murekatete(WSU)",16 - 23,5254255,561203,560841,2024-03-22
2,06:06,2pt jump shot (inside right) made by Jacei Denley(LAMAR),16 - 23,5254255,561203,560841,2024-03-22
2,06:38,"2pt layup (in the paint) missed by Kyra Gardner(WSU), rebound defensive NJ Weems(LAMAR)",14 - 23,5254255,561203,560841,2024-03-22
2,06:45,Substitution LAMAR: in Taliah Hill,14 - 23,5254255,561203,560841,2024-03-22
2,06:45,Substitution LAMAR: out Akasha Davis,14 - 23,5254255,561203,560841,2024-03-22
2,06:45,Substitution WSU: in Bella Murekatete,14 - 23,5254255,561203,560841,2024-03-22
2,06:45,Substitution WSU: in Astera Tuhina,14 - 23,5254255,561203,560841,2024-03-22
2,06:45,Substitution WSU: out Jenna Villa,14 - 23,5254255,561203,560841,2024-03-22
2,06:45,Substitution WSU: out Jessica Clarke,14 - 23,5254255,561203,560841,2024-03-22
2,06:45,Jump ball held ball WSU,14 - 23,5254255,561203,560841,2024-03-22
2,06:46,"2pt jump shot (inside right) missed by Malay McQueen(LAMAR), rebound defensive Eleonora Villa(WSU)",14 - 23,5254255,561203,560841,2024-03-22
2,06:53,"2pt jump shot (inside center) missed by Jessica Clarke(WSU), rebound defensive Malay McQueen(LAMAR)",14 - 23,5254255,561203,560841,2024-03-22
2,07:14,"3pt jump shot (2nd chance) (outside left wing) missed by Malay McQueen(LAMAR), rebound defensive Eleonora Villa(WSU)",14 - 23,5254255,561203,560841,2024-03-22
2,07:19,"3pt jump shot (outside right) missed by Brooklyn Mitchell(LAMAR), rebound offensive Akasha Davis(LAMAR)",14 - 23,5254255,561203,560841,2024-03-22
2,07:38,Substitution LAMAR: in Brooklyn Mitchell,14 - 23,5254255,561203,560841,2024-03-22
2,07:38,Substitution LAMAR: out R'Mani Taylor,14 - 23,5254255,561203,560841,2024-03-22
2,07:38,Substitution WSU: in Beyonce Bea,14 - 23,5254255,561203,560841,2024-03-22
2,07:38,Substitution WSU: out Tara Wallack,14 - 23,5254255,561203,560841,2024-03-22
2,07:38,"Foul personal (back court) Jessica Clarke(WSU), foul on NJ Weems(LAMAR)",14 - 23,5254255,561203,560841,2024-03-22
2,07:38,"2pt jump shot (inside left) missed by Eleonora Villa(WSU), rebound defensive (team) LAMAR",14 - 23,5254255,561203,560841,2024-03-22
2,07:52,2pt jump shot (off turnover) (in the paint) made by Jacei Denley(LAMAR),14 - 23,5254255,561203,560841,2024-03-22
2,08:01,"Turnover lost ball (back court) Kyra Gardner(WSU), steal R'Mani Taylor(LAMAR)",12 - 23,5254255,561203,560841,2024-03-22
2,08:01,Turnover (back court) LAMAR,12 - 23,5254255,561203,560841,2024-03-22
2,08:05,"Turnover lost ball (in the paint) Akasha Davis(LAMAR), steal Kyra Gardner(WSU)",12 - 23,5254255,561203,560841,2024-03-22
2,08:29,"2pt layup (in the paint) made by Jessica Clarke(WSU), assist Jenna Villa(WSU)",12 - 23,5254255,561203,560841,2024-03-22
2,08:59,2pt jump shot (off turnover) (inside right) made by Malay McQueen(LAMAR),12 - 21,5254255,561203,560841,2024-03-22
2,09:23,Turnover travel (in the paint) Jessica Clarke(WSU),10 - 21,5254255,561203,560841,2024-03-22
2,09:32,2pt layup (2nd chance) (in the paint) made by Akasha Davis(LAMAR),10 - 21,5254255,561203,560841,2024-03-22
2,09:37,"2pt jump shot (inside center) missed by Jacei Denley(LAMAR), rebound offensive Akasha Davis(LAMAR)",8 - 21,5254255,561203,560841,2024-03-22
2,10:00,Period start,8 - 21,5254255,561203,560841,2024-03-22
2,10:00,Substitution LAMAR: in Akasha Davis,8 - 21,5254255,561203,560841,2024-03-22
2,10:00,Substitution LAMAR: in NJ Weems,8 - 21,5254255,561203,560841,2024-03-22
2,10:00,Substitution LAMAR: in Jacei Denley,8 - 21,5254255,561203,560841,2024-03-22
2,10:00,Substitution LAMAR: out Taliah Hill,8 - 21,5254255,561203,560841,2024-03-22
2,10:00,Substitution LAMAR: out Brooklyn Mitchell,8 - 21,5254255,561203,560841,2024-03-22
2,10:00,Substitution LAMAR: out T'aliyah Miner,8 - 21,5254255,561203,560841,2024-03-22
2,10:00,Substitution WSU: in Jessica Clarke,8 - 21,5254255,561203,560841,2024-03-22
2,10:00,Substitution WSU: in Kyra Gardner,8 - 21,5254255,561203,560841,2024-03-22
2,10:00,Substitution WSU: out Bella Murekatete,8 - 21,5254255,561203,560841,2024-03-22
2,10:00,Substitution WSU: out Astera Tuhina,8 - 21,5254255,561203,560841,2024-03-22
1,00:00.00,Period end (confirmed),8 - 21,5254255,561203,560841,2024-03-22
1,00:01.50,"2pt jump shot (inside left) missed by Eleonora Villa(WSU), rebound defensive Taliah Hill(LAMAR)",8 - 21,5254255,561203,560841,2024-03-22
1,00:09.00,"2pt jump shot (blocked) (inside right) missed by R'Mani Taylor(LAMAR), block Bella Murekatete(WSU), rebound defensive Bella Murekatete(WSU)",8 - 21,5254255,561203,560841,2024-03-22
1,00:38.40,"3pt jump shot (fast break) (outside right) made by Jenna Villa(WSU), assist Astera Tuhina(WSU)",8 - 21,5254255,561203,560841,2024-03-22
1,00:46.40,"2pt layup (off turnover) (in the paint) missed by Taliah Hill(LAMAR), rebound defensive Tara Wallack(WSU)",8 - 18,5254255,561203,560841,2024-03-22
1,01:07,Turnover lost ball (under the basket) Eleonora Villa(WSU),8 - 18,5254255,561203,560841,2024-03-22
1,01:10,"Turnover bad pass (in the paint) Brooklyn Mitchell(LAMAR), steal Astera Tuhina(WSU)",8 - 18,5254255,561203,560841,2024-03-22
1,01:41,Turnover lost ball (outside right) Bella Murekatete(WSU),8 - 18,5254255,561203,560841,2024-03-22
1,01:51,"3pt jump shot (2nd chance) (outside right) missed by Malay McQueen(LAMAR), rebound defensive (team) WSU",8 - 18,5254255,561203,560841,2024-03-22
1,02:10,Substitution LAMAR: in Taliah Hill,8 - 18,5254255,561203,560841,2024-03-22
1,02:10,Substitution LAMAR: out Akasha Davis,8 - 18,5254255,561203,560841,2024-03-22
1,02:10,"2pt layup (blocked) (in the paint) missed by R'Mani Taylor(LAMAR), block Eleonora Villa(WSU), rebound offensive (team) LAMAR",8 - 18,5254255,561203,560841,2024-03-22
1,02:16,"2pt layup (blocked) (in the paint) missed by Bella Murekatete(WSU), block Akasha Davis(LAMAR), rebound defensive Akasha Davis(LAMAR)",8 - 18,5254255,561203,560841,2024-03-22
1,02:24,Substitution WSU: in Eleonora Villa,8 - 18,5254255,561203,560841,2024-03-22
1,02:24,Substitution WSU: out Alex Covill,8 - 18,5254255,561203,560841,2024-03-22
1,02:24,"2pt layup (blocked) (in the paint) missed by Akasha Davis(LAMAR), block Alex Covill(WSU), rebound defensive (team) WSU",8 - 18,5254255,561203,560841,2024-03-22
1,02:51,2pt layup (in the paint) made by Bella Murekatete(WSU),8 - 18,5254255,561203,560841,2024-03-22
1,03:05,2pt jump shot (off turnover;fast break) (in the paint) made by R'Mani Taylor(LAMAR),8 - 16,5254255,561203,560841,2024-03-22
1,03:11,"Turnover bad pass (back court) Astera Tuhina(WSU), steal R'Mani Taylor(LAMAR)",6 - 16,5254255,561203,560841,2024-03-22
1,03:21,2pt layup (off turnover;fast break) (in the paint) made by Malay McQueen(LAMAR),6 - 16,5254255,561203,560841,2024-03-22
1,03:25,"Turnover bad pass (inside right) Alex Covill(WSU), steal Malay McQueen(LAMAR)",4 - 16,5254255,561203,560841,2024-03-22
1,03:29,Substitution LAMAR: in R'Mani Taylor,4 - 16,5254255,561203,560841,2024-03-22
1,03:29,Substitution LAMAR: out Sabria Dean,4 - 16,5254255,561203,560841,2024-03-22
1,03:29,"Foul personal (in the paint) T'aliyah Miner(LAMAR), foul on Bella Murekatete(WSU)",4 - 16,5254255,561203,560841,2024-03-22
1,03:47,"3pt jump shot (outside left) missed by Brooklyn Mitchell(LAMAR), rebound defensive Astera Tuhina(WSU)",4 - 16,5254255,561203,560841,2024-03-22
1,04:01,Free throw 2 of 2 made by Astera Tuhina(WSU),4 - 16,5254255,561203,560841,2024-03-22
1,04:01,Free throw 1 of 2 made by Astera Tuhina(WSU),4 - 15,5254255,561203,560841,2024-03-22
1,04:01,Substitution LAMAR: in Malay McQueen,4 - 14,5254255,561203,560841,2024-03-22
1,04:01,Substitution LAMAR: in Brooklyn Mitchell,4 - 14,5254255,561203,560841,2024-03-22
1,04:01,Substitution LAMAR: in T'aliyah Miner,4 - 14,5254255,561203,560841,2024-03-22
1,04:01,Substitution LAMAR: out R'Mani Taylor,4 - 14,5254255,561203,560841,2024-03-22
1,04:01,Substitution LAMAR: out NJ Weems,4 - 14,5254255,561203,560841,2024-03-22
1,04:01,Substitution LAMAR: out Jacei Denley,4 - 14,5254255,561203,560841,2024-03-22
1,04:01,Substitution WSU: in Bella Murekatete,4 - 14,5254255,561203,560841,2024-03-22
1,04:01,Substitution WSU: in Jenna Villa,4 - 14,5254255,561203,560841,2024-03-22
1,04:01,Substitution WSU: out Beyonce Bea,4 - 14,5254255,561203,560841,2024-03-22
1,04:01,Substitution WSU: out Eleonora Villa,4 - 14,5254255,561203,560841,2024-03-22
1,04:01,Foul personal (shooting;2 free throws) (in the paint) R'Mani Taylor(LAMAR),4 - 14,5254255,561203,560841,2024-03-22
1,04:15,2pt layup (in the paint) made by NJ Weems(LAMAR),4 - 14,5254255,561203,560841,2024-03-22
1,04:35,3pt jump shot (outside center) made by Eleonora Villa(WSU),2 - 14,5254255,561203,560841,2024-03-22
1,04:51,"2pt layup (2nd chance;blocked) (in the paint) missed by Akasha Davis(LAMAR), block Alex Covill(WSU), rebound defensive Alex Covill(WSU)",2 - 11,5254255,561203,560841,2024-03-22
1,04:55,"2pt jump shot (inside right) missed by R'Mani Taylor(LAMAR), rebound offensive Akasha Davis(LAMAR)",2 - 11,5254255,561203,560841,2024-03-22
1,05:29,2pt jump shot (2nd chance) (inside left) made by Alex Covill(WSU),2 - 11,5254255,561203,560841,2024-03-22
1,05:32,"2pt layup (in the paint) missed by Tara Wallack(WSU), rebound offensive Alex Covill(WSU)",2 - 9,5254255,561203,560841,2024-03-22
1,05:56,"2pt jump shot (inside center) missed by NJ Weems(LAMAR), rebound defensive Beyonce Bea(WSU)",2 - 9,5254255,561203,560841,2024-03-22
1,06:25,"3pt jump shot (outside left) made by Eleonora Villa(WSU), assist Astera Tuhina(WSU)",2 - 9,5254255,561203,560841,2024-03-22
1,06:55,"3pt jump shot (off turnover) (outside center) missed by Sabria Dean(LAMAR), rebound defensive Alex Covill(WSU)",2 - 6,5254255,561203,560841,2024-03-22
1,07:09,Substitution WSU: in Alex Covill,2 - 6,5254255,561203,560841,2024-03-22
1,07:09,Substitution WSU: out Bella Murekatete,2 - 6,5254255,561203,560841,2024-03-22
1,07:09,Turnover bad pass (outside center) Bella Murekatete(WSU),2 - 6,5254255,561203,560841,2024-03-22
1,07:18,"3pt jump shot (outside left) missed by R'Mani Taylor(LAMAR), rebound defensive Bella Murekatete(WSU)",2 - 6,5254255,561203,560841,2024-03-22
1,07:26,"2pt layup (off turnover) (in the paint) missed by Bella Murekatete(WSU), rebound defensive Sabria Dean(LAMAR)",2 - 6,5254255,561203,560841,2024-03-22
1,07:32,"Turnover bad pass (inside center) Jacei Denley(LAMAR), steal Eleonora Villa(WSU)",2 - 6,5254255,561203,560841,2024-03-22
1,07:54,Free throw 2 of 2 made by Tara Wallack(WSU),2 - 6,5254255,561203,560841,2024-03-22
1,07:54,Free throw 1 of 2 made by Tara Wallack(WSU),2 - 5,5254255,561203,560841,2024-03-22
1,07:54,Foul personal (shooting;2 free throws) (in the paint) NJ Weems(LAMAR),2 - 4,5254255,561203,560841,2024-03-22
1,07:54,Foul (inside left) WSU,2 - 4,5254255,561203,560841,2024-03-22
1,08:01,"2pt jump shot (off turnover) (inside left) made by NJ Weems(LAMAR), assist Sabria Dean(LAMAR)",2 - 4,5254255,561203,560841,2024-03-22
1,08:10,"Turnover lost ball (in the paint) Beyonce Bea(WSU), steal Sabria Dean(LAMAR)",0 - 4,5254255,561203,560841,2024-03-22
1,08:22,"Turnover bad pass (outside center) Jacei Denley(LAMAR), steal Bella Murekatete(WSU)",0 - 4,5254255,561203,560841,2024-03-22
1,08:37,"3pt jump shot (outside right) missed by Eleonora Villa(WSU), rebound defensive (team) LAMAR",0 - 4,5254255,561203,560841,2024-03-22
1,08:53,"3pt jump shot (outside right) missed by Jacei Denley(LAMAR), rebound defensive Eleonora Villa(WSU)",0 - 4,5254255,561203,560841,2024-03-22
1,09:21,"2pt layup (off turnover;fast break) (in the paint) made by Tara Wallack(WSU), assist Eleonora Villa(WSU)",0 - 4,5254255,561203,560841,2024-03-22
1,09:25,"Turnover lost ball (outside left) R'Mani Taylor(LAMAR), steal Tara Wallack(WSU)",0 - 2,5254255,561203,560841,2024-03-22
1,09:44,2pt layup (in the paint) made by Eleonora Villa(WSU),0 - 2,5254255,561203,560841,2024-03-22
1,10:00,"Jump ball start period, won Bella Murekatete(WSU), lost NJ Weems(LAMAR)",0 - 0,5254255,561203,560841,2024-03-22
1,10:00,Period start,0 - 0,5254255,561203,560841,2024-03-22
1,10:00,Game start,0 - 0,5254255,561203,560841,2024-03-22
3,00:05.10,Free throw 1 of 2 made by Elizabeth Elliott(Pacific),31 - 40,5254406,561009,560640,2024-03-22
3,00:05.10,Substitution Cal Poly: in Jordan Hoffman,31 - 39,5254406,561009,560640,2024-03-22
3,00:05.10,Substitution Cal Poly: out Amanda Olinger,31 - 39,5254406,561009,560640,2024-03-22
3,00:05.10,Foul personal (2 free throws) (inside right) Amanda Olinger(Cal Poly),31 - 39,5254406,561009,560640,2024-03-22
3,00:23.70,"3pt jump shot (off turnover) (outside right) made by Mary Carter(Cal Poly), assist Annika Shah(Cal Poly)",31 - 39,5254406,561009,560640,2024-03-22
3,00:46.80,Substitution Cal Poly: out Sidney Richards,28 - 39,5254406,561009,560640,2024-03-22
3,00:34.30,"Foul personal (back court) Nyah Lowery(Pacific), foul on Annika Shah(Cal Poly), foul on Ania McNicholas(Cal Poly)",28 - 39,5254406,561009,560640,2024-03-22
3,00:35.60,Turnover travel (inside left) Liz Smith(Pacific),28 - 39,5254406,561009,560640,2024-03-22
3,00:46.80,Substitution Cal Poly: in Annika Shah,28 - 39,5254406,561009,560640,2024-03-22
3,00:46.80,Substitution Cal Poly: out Ania McNicholas,28 - 39,5254406,561009,560640,2024-03-22
3,00:46.80,"Foul offensive (back court) Sidney Richards(Cal Poly), turnover offensive Sidney Richards(Cal Poly), foul on Liz Smith(Pacific)",28 - 39,5254406,561009,560640,2024-03-22
3,00:46.80,Turnover (in the paint) Cal Poly,28 - 39,5254406,561009,560640,2024-03-22
3,01:21,"3pt jump shot (off turnover) (outside left) missed by Cecilia Holmberg(Pacific), rebound defensive Ania McNicholas(Cal Poly)",28 - 39,5254406,561009,560640,2024-03-22
3,01:33,Substitution Cal Poly: in Sydney Bourland,28 - 39,5254406,561009,560640,2024-03-22
3,01:33,Substitution Cal Poly: out Sierra Lichtie,28 - 39,5254406,561009,560640,2024-03-22
3,01:33,Substitution Pacific: in Liz Smith,28 - 39,5254406,561009,560640,2024-03-22
3,01:33,Substitution Pacific: out Kadie Deaton,28 - 39,5254406,561009,560640,2024-03-22
3,01:33,Turnover travel (in the paint) Mary Carter(Cal Poly),28 - 39,5254406,561009,560640,2024-03-22
3,01:46,"3pt jump shot (outside left) missed by Ania McNicholas(Cal Poly), rebound offensive Amanda Olinger(Cal Poly)",28 - 39,5254406,561009,560640,2024-03-22
3,01:46,Foul (back court) Cal Poly,28 - 39,5254406,561009,560640,2024-03-22
3,02:07,"2pt layup (blocked) (under the basket) missed by Kadie Deaton(Pacific), block Mary Carter(Cal Poly), rebound defensive Mary Carter(Cal Poly)",28 - 39,5254406,561009,560640,2024-03-22
3,02:19,"3pt jump shot (outside center) missed by Sidney Richards(Cal Poly), rebound defensive Elizabeth Elliott(Pacific)",28 - 39,5254406,561009,560640,2024-03-22
3,02:40,"3pt jump shot (outside left wing) made by Kadie Deaton(Pacific), assist Elizabeth Elliott(Pacific)",28 - 39,5254406,561009,560640,2024-03-22
3,02:53,Substitution Pacific: in Cecilia Holmberg,28 - 36,5254406,561009,560640,2024-03-22
3,02:53,Substitution Pacific: out Madelene Ennis,28 - 36,5254406,561009,560640,2024-03-22
3,02:53,"Foul personal (back court) Sierra Lichtie(Cal Poly), foul on Anaya James(Pacific)",28 - 36,5254406,561009,560640,2024-03-22
3,02:56,"3pt jump shot (off turnover) (outside right wing) missed by Amanda Olinger(Cal Poly), rebound defensive Anaya James(Pacific)",28 - 36,5254406,561009,560640,2024-03-22
3,03:10,Substitution Cal Poly: in Amanda Olinger,28 - 36,5254406,561009,560640,2024-03-22
3,03:10,Substitution Cal Poly: out Annika Shah,28 - 36,5254406,561009,560640,2024-03-22
3,03:10,"Foul offensive (back court) Madelene Ennis(Pacific), turnover offensive Madelene Ennis(Pacific), foul on Ania McNicholas(Cal Poly)",28 - 36,5254406,561009,560640,2024-03-22
3,03:15,"2pt layup (off turnover;blocked) (under the basket) missed by Annika Shah(Cal Poly), block Elizabeth Elliott(Pacific), rebound defensive Kadie Deaton(Pacific)",28 - 36,5254406,561009,560640,2024-03-22
3,03:28,"Turnover bad pass (in the paint) Annika Shah(Cal Poly), steal Kadie Deaton(Pacific)",28 - 36,5254406,561009,560640,2024-03-22
3,03:41,"Turnover lost ball (inside left) Kadie Deaton(Pacific), steal Sidney Richards(Cal Poly)",28 - 36,5254406,561009,560640,2024-03-22
3,03:51,Substitution Pacific: in Elizabeth Elliott,28 - 36,5254406,561009,560640,2024-03-22
3,03:51,Substitution Pacific: in Anaya James,28 - 36,5254406,561009,560640,2024-03-22
3,03:51,Substitution Pacific: out Liz Smith,28 - 36,5254406,561009,560640,2024-03-22
3,03:51,Substitution Pacific: out Rosie Schweizer,28 - 36,5254406,561009,560640,2024-03-22
3,03:51,"Turnover lost ball Sierra Lichtie(Cal Poly), steal Madelene Ennis(Pacific)",28 - 36,5254406,561009,560640,2024-03-22
3,03:51,Jump ball held ball Pacific,28 - 36,5254406,561009,560640,2024-03-22
3,03:59,"2pt layup (off turnover;blocked) (under the basket) missed by Sidney Richards(Cal Poly), block Nyah Lowery(Pacific), rebound offensive (team) Cal Poly",28 - 36,5254406,561009,560640,2024-03-22
3,03:59,2pt layup (off turnover) (under the basket) missed by Sidney Richards(Cal Poly),28 - 36,5254406,561009,560640,2024-03-22
3,04:17,Turnover bad pass (inside right) Madelene Ennis(Pacific),28 - 36,5254406,561009,560640,2024-03-22
3,04:17,Turnover (back court) Cal Poly,28 - 36,5254406,561009,560640,2024-03-22
3,04:25,"2pt layup (under the basket) missed by Rosie Schweizer(Pacific), rebound offensive (team) Pacific",28 - 36,5254406,561009,560640,2024-03-22
3,04:50,3pt jump shot (outside center) made by Mary Carter(Cal Poly),28 - 36,5254406,561009,560640,2024-03-22
3,04:55,Timeout commercial,25 - 36,5254406,561009,560640,2024-03-22
3,04:55,"Foul personal (in the paint) Rosie Schweizer(Pacific), foul on Mary Carter(Cal Poly)",25 - 36,5254406,561009,560640,2024-03-22
3,05:08,Free throw 2 of 2 (2nd chance) made by Kadie Deaton(Pacific),25 - 36,5254406,561009,560640,2024-03-22
3,05:08,Free throw 1 of 2 (2nd chance) made by Kadie Deaton(Pacific),25 - 35,5254406,561009,560640,2024-03-22
3,05:08,Substitution Cal Poly: in Sierra Lichtie,25 - 34,5254406,561009,560640,2024-03-22
3,05:08,Substitution Cal Poly: out Amanda Olinger,25 - 34,5254406,561009,560640,2024-03-22
3,05:08,Foul personal (shooting;2 free throws) (in the paint) Sidney Richards(Cal Poly),25 - 34,5254406,561009,560640,2024-03-22
3,05:18,"2pt jump shot (inside right) missed by Nyah Lowery(Pacific), rebound offensive Madelene Ennis(Pacific)",25 - 34,5254406,561009,560640,2024-03-22
3,05:41,"2pt layup (2nd chance;off turnover) (under the basket) made by Annika Shah(Cal Poly), assist Ania McNicholas(Cal Poly)",25 - 34,5254406,561009,560640,2024-03-22
3,05:48,"2pt jump shot (off turnover) (inside left) missed by Ania McNicholas(Cal Poly), rebound offensive (team) Cal Poly",23 - 34,5254406,561009,560640,2024-03-22
3,05:51,Turnover lost ball (back court) Kadie Deaton(Pacific),23 - 34,5254406,561009,560640,2024-03-22
3,05:51,Turnover (under the basket) Cal Poly,23 - 34,5254406,561009,560640,2024-03-22
3,05:54,"2pt jump shot (2nd chance) (inside right) missed by Amanda Olinger(Cal Poly), rebound offensive (team) Cal Poly, rebound defensive Nyah Lowery(Pacific), rebound defensive Kadie Deaton(Pacific)",23 - 34,5254406,561009,560640,2024-03-22
3,05:55,Substitution Cal Poly: in Sidney Richards,23 - 34,5254406,561009,560640,2024-03-22
3,05:55,Substitution Cal Poly: out Sydney Bourland,23 - 34,5254406,561009,560640,2024-03-22
3,05:55,Substitution Pacific: in Madelene Ennis,23 - 34,5254406,561009,560640,2024-03-22
3,05:55,Substitution Pacific: in Rosie Schweizer,23 - 34,5254406,561009,560640,2024-03-22
3,05:55,Substitution Pacific: in Kadie Deaton,23 - 34,5254406,561009,560640,2024-03-22
3,05:55,Substitution Pacific: out Elizabeth Elliott,23 - 34,5254406,561009,560640,2024-03-22
3,05:55,Substitution Pacific: out Cecilia Holmberg,23 - 34,5254406,561009,560640,2024-03-22
3,05:55,Substitution Pacific: out Anaya James,23 - 34,5254406,561009,560640,2024-03-22
3,05:55,"2pt layup (blocked) (under the basket) missed by Sydney Bourland(Cal Poly), block Cecilia Holmberg(Pacific), rebound offensive (team) Cal Poly",23 - 34,5254406,561009,560640,2024-03-22
3,06:02,"2pt jump shot (blocked) (inside left) missed by Cecilia Holmberg(Pacific), block Mary Carter(Cal Poly), rebound defensive Mary Carter(Cal Poly)",23 - 34,5254406,561009,560640,2024-03-22
3,06:15,"3pt jump shot (outside right) missed by Annika Shah(Cal Poly), rebound defensive Elizabeth Elliott(Pacific)",23 - 34,5254406,561009,560640,2024-03-22
3,06:36,2pt layup (off turnover;fast break) (under the basket) made by Nyah Lowery(Pacific),23 - 34,5254406,561009,560640,2024-03-22
3,06:41,"Turnover lost ball (in the paint) Sydney Bourland(Cal Poly), steal Nyah Lowery(Pacific)",23 - 32,5254406,561009,560640,2024-03-22
3,06:59,"2pt jump shot (in the paint) missed by Anaya James(Pacific), rebound defensive Mary Carter(Cal Poly)",23 - 32,5254406,561009,560640,2024-03-22
3,07:08,"Foul personal (under the basket) Amanda Olinger(Cal Poly), foul on Elizabeth Elliott(Pacific)",23 - 32,5254406,561009,560640,2024-03-22
3,07:16,"3pt jump shot (outside left) missed by Mary Carter(Cal Poly), rebound defensive Nyah Lowery(Pacific)",23 - 32,5254406,561009,560640,2024-03-22
3,07:20,Substitution Cal Poly: in Mary Carter,23 - 32,5254406,561009,560640,2024-03-22
3,07:20,Substitution Cal Poly: out Sierra Lichtie,23 - 32,5254406,561009,560640,2024-03-22
3,07:35,"2pt jump shot (2nd chance) (in the paint) made by Cecilia Holmberg(Pacific), assist Anaya James(Pacific)",23 - 32,5254406,561009,560640,2024-03-22
3,07:36,"Foul personal (in the paint) Sierra Lichtie(Cal Poly), foul on Cecilia Holmberg(Pacific)",23 - 30,5254406,561009,560640,2024-03-22
3,07:39,"2pt layup (under the basket) missed by Cecilia Holmberg(Pacific), rebound offensive (team) Pacific",23 - 30,5254406,561009,560640,2024-03-22
3,07:50,"3pt jump shot (outside left) missed by Sierra Lichtie(Cal Poly), rebound defensive Liz Smith(Pacific)",23 - 30,5254406,561009,560640,2024-03-22
3,08:07,Jump ball held ball Cal Poly,23 - 30,5254406,561009,560640,2024-03-22
3,08:07,Foul (in the paint) Cal Poly,23 - 30,5254406,561009,560640,2024-03-22
3,08:11,"2pt jump shot (inside right) missed by Elizabeth Elliott(Pacific), rebound defensive Sierra Lichtie(Cal Poly)",23 - 30,5254406,561009,560640,2024-03-22
3,08:25,"2pt jump shot (2nd chance;off turnover) (under the basket) missed by Annika Shah(Cal Poly), rebound defensive Elizabeth Elliott(Pacific)",23 - 30,5254406,561009,560640,2024-03-22
3,08:28,"3pt jump shot (off turnover;blocked) (outside left) missed by Amanda Olinger(Cal Poly), block Elizabeth Elliott(Pacific), rebound offensive (team) Cal Poly",23 - 30,5254406,561009,560640,2024-03-22
3,08:51,"Turnover bad pass (inside right) Anaya James(Pacific), steal Ania McNicholas(Cal Poly)",23 - 30,5254406,561009,560640,2024-03-22
3,08:55,"2pt jump shot (inside right) missed by Anaya James(Pacific), rebound offensive (team) Pacific",23 - 30,5254406,561009,560640,2024-03-22
3,09:13,2pt layup (off turnover) (under the basket) missed by Sierra Lichtie(Cal Poly),23 - 30,5254406,561009,560640,2024-03-22
3,09:21,Substitution Pacific: in Nyah Lowery,23 - 30,5254406,561009,560640,2024-03-22
3,09:21,Substitution Pacific: out Kadie Deaton,23 - 30,5254406,561009,560640,2024-03-22
3,09:21,Foul personal (inside center) Kadie Deaton(Pacific),23 - 30,5254406,561009,560640,2024-03-22
3,09:38,"Turnover lost ball (inside left) Kadie Deaton(Pacific), steal Sydney Bourland(Cal Poly)",23 - 30,5254406,561009,560640,2024-03-22
3,10:00,Period start,23 - 30,5254406,561009,560640,2024-03-22
3,10:00,Substitution Cal Poly: in Ania McNicholas,23 - 30,5254406,561009,560640,2024-03-22
3,10:00,Substitution Cal Poly: out Sidney Richards,23 - 30,5254406,561009,560640,2024-03-22
3,10:00,Substitution Pacific: in Liz Smith,23 - 30,5254406,561009,560640,2024-03-22
3,10:00,Substitution Pacific: in Elizabeth Elliott,23 - 30,5254406,561009,560640,2024-03-22
3,10:00,Substitution Pacific: out Lauren Glazier,23 - 30,5254406,561009,560640,2024-03-22
3,10:00,Substitution Pacific: out Nyah Lowery,23 - 30,5254406,561009,560640,2024-03-22
2,00:00.00,Period end (confirmed),23 - 30,5254406,561009,560640,2024-03-22
2,00:00.10,2pt layup (2nd chance;off turnover) (under the basket) made by Sydney Bourland(Cal Poly),23 - 30,5254406,561009,560640,2024-03-22
2,00:01.10,"2pt layup (off turnover) (under the basket) missed by Sidney Richards(Cal Poly), rebound offensive Sydney Bourland(Cal Poly), rebound offensive Sydney Bourland(Cal Poly)",21 - 30,5254406,561009,560640,2024-03-22
2,00:05.90,"Turnover lost ball (outside right) Anaya James(Pacific), steal Sidney Richards(Cal Poly)",21 - 30,5254406,561009,560640,2024-03-22
2,00:24.00,3pt jump shot (off turnover) (outside right) made by Annika Shah(Cal Poly),21 - 30,5254406,561009,560640,2024-03-22
2,00:34.40,Substitution Pacific: in Anaya James,18 - 30,5254406,561009,560640,2024-03-22
2,00:34.40,Substitution Pacific: out Liz Smith,18 - 30,5254406,561009,560640,2024-03-22
2,00:34.40,"Turnover lost ball Kadie Deaton(Pacific), steal Sydney Bourland(Cal Poly)",18 - 30,5254406,561009,560640,2024-03-22
2,00:34.40,Jump ball held ball Cal Poly,18 - 30,5254406,561009,560640,2024-03-22
2,00:49.00,"3pt jump shot (outside right) missed by Amanda Olinger(Cal Poly), rebound defensive Cecilia Holmberg(Pacific)",18 - 30,5254406,561009,560640,2024-03-22
2,01:05,"3pt jump shot (outside left wing) missed by Nyah Lowery(Pacific), rebound defensive Sydney Bourland(Cal Poly)",18 - 30,5254406,561009,560640,2024-03-22
2,01:13,2pt layup (off turnover) (under the basket) made by Amanda Olinger(Cal Poly),18 - 30,5254406,561009,560640,2024-03-22
2,01:13,2pt (off turnover) (under the basket) missed by Cal Poly,16 - 30,5254406,561009,560640,2024-03-22
2,01:31,"Foul offensive (back court) Liz Smith(Pacific), turnover offensive Liz Smith(Pacific), foul on Sierra Lichtie(Cal Poly)",16 - 30,5254406,561009,560640,2024-03-22
2,01:41,"3pt jump shot (outside left) missed by Sierra Lichtie(Cal Poly), rebound defensive Kadie Deaton(Pacific)",16 - 30,5254406,561009,560640,2024-03-22
2,02:00,"3pt jump shot (outside left) missed by Liz Smith(Pacific), rebound defensive Sydney Bourland(Cal Poly)",16 - 30,5254406,561009,560640,2024-03-22
2,02:08,"Free throw 2 of 2 missed by Sidney Richards(Cal Poly), rebound defensive Kadie Deaton(Pacific)",16 - 30,5254406,561009,560640,2024-03-22
2,02:08,Free throw 1 of 2 made by Sidney Richards(Cal Poly),16 - 30,5254406,561009,560640,2024-03-22
2,02:08,Foul personal (shooting;2 free throws) (under the basket) Nyah Lowery(Pacific),15 - 30,5254406,561009,560640,2024-03-22
2,02:21,Substitution Cal Poly: in Sierra Lichtie,15 - 30,5254406,561009,560640,2024-03-22
2,02:21,Substitution Cal Poly: out Jordan Hoffman,15 - 30,5254406,561009,560640,2024-03-22
2,02:21,Substitution Pacific: in Nyah Lowery,15 - 30,5254406,561009,560640,2024-03-22
2,02:21,Substitution Pacific: out Anaya James,15 - 30,5254406,561009,560640,2024-03-22
2,02:21,Timeout short Cal Poly,15 - 30,5254406,561009,560640,2024-03-22
2,02:27,"3pt jump shot (outside left) made by Cecilia Holmberg(Pacific), assist Anaya James(Pacific)",15 - 30,5254406,561009,560640,2024-03-22
2,02:45,"3pt jump shot (outside left) missed by Annika Shah(Cal Poly), rebound defensive Lauren Glazier(Pacific)",15 - 27,5254406,561009,560640,2024-03-22
2,03:02,2pt layup (2nd chance;off turnover) (under the basket) made by Lauren Glazier(Pacific),15 - 27,5254406,561009,560640,2024-03-22
2,03:07,"3pt jump shot (off turnover) (outside left) missed by Liz Smith(Pacific), rebound offensive Lauren Glazier(Pacific)",15 - 25,5254406,561009,560640,2024-03-22
2,03:14,"Turnover bad pass (under the basket) Jordan Hoffman(Cal Poly), steal Liz Smith(Pacific)",15 - 25,5254406,561009,560640,2024-03-22
2,03:33,"Free throw 1 of 1 missed by Anaya James(Pacific), rebound defensive Amanda Olinger(Cal Poly)",15 - 25,5254406,561009,560640,2024-03-22
2,03:33,Foul personal (shooting;1 free throw) (under the basket) Annika Shah(Cal Poly),15 - 25,5254406,561009,560640,2024-03-22
2,03:33,2pt layup (under the basket) made by Anaya James(Pacific),15 - 25,5254406,561009,560640,2024-03-22
2,03:33,Foul (under the basket) Cal Poly,15 - 23,5254406,561009,560640,2024-03-22
2,04:21,Substitution Cal Poly: out Sierra Lichtie,15 - 23,5254406,561009,560640,2024-03-22
2,03:41,"2pt layup (under the basket) missed by Sydney Bourland(Cal Poly), rebound defensive Lauren Glazier(Pacific)",15 - 23,5254406,561009,560640,2024-03-22
2,04:01,"2pt jump shot (off turnover) (inside right) made by Lauren Glazier(Pacific), assist Cecilia Holmberg(Pacific)",15 - 23,5254406,561009,560640,2024-03-22
2,04:16,Turnover travel (outside left wing) Jordan Hoffman(Cal Poly),15 - 21,5254406,561009,560640,2024-03-22
2,04:21,Substitution Cal Poly: in Jordan Hoffman,15 - 21,5254406,561009,560640,2024-03-22
2,04:21,Substitution Cal Poly: out Amanda Olinger,15 - 21,5254406,561009,560640,2024-03-22
2,04:17,Turnover (outside left wing) Cal Poly,15 - 21,5254406,561009,560640,2024-03-22
2,04:21,Substitution Pacific: in Lauren Glazier,15 - 21,5254406,561009,560640,2024-03-22
2,04:21,Substitution Pacific: out Elizabeth Elliott,15 - 21,5254406,561009,560640,2024-03-22
2,04:21,Free throw 2 of 2 made by Elizabeth Elliott(Pacific),15 - 21,5254406,561009,560640,2024-03-22
2,04:21,Free throw 1 of 2 made by Elizabeth Elliott(Pacific),15 - 20,5254406,561009,560640,2024-03-22
2,04:21,Substitution Pacific: in Cecilia Holmberg,15 - 19,5254406,561009,560640,2024-03-22
2,04:21,Substitution Pacific: out Sydney Ward,15 - 19,5254406,561009,560640,2024-03-22
2,04:21,Substitution Pacific: in Kadie Deaton,15 - 19,5254406,561009,560640,2024-03-22
2,04:21,Substitution Pacific: out Madelene Ennis,15 - 19,5254406,561009,560640,2024-03-22
2,04:21,Timeout commercial,15 - 19,5254406,561009,560640,2024-03-22
2,04:21,Foul personal (shooting;2 free throws) (under the basket) Amanda Olinger(Cal Poly),15 - 19,5254406,561009,560640,2024-03-22
2,04:35,"3pt jump shot (outside left wing) made by Sierra Lichtie(Cal Poly), assist Sidney Richards(Cal Poly)",15 - 19,5254406,561009,560640,2024-03-22
2,04:48,"3pt jump shot (outside right) missed by Liz Smith(Pacific), rebound defensive Sydney Bourland(Cal Poly)",12 - 19,5254406,561009,560640,2024-03-22
2,05:07,"3pt jump shot (outside center) missed by Annika Shah(Cal Poly), rebound defensive Liz Smith(Pacific)",12 - 19,5254406,561009,560640,2024-03-22
2,05:26,"2pt jump shot (inside right) missed by Anaya James(Pacific), rebound defensive Sydney Bourland(Cal Poly)",12 - 19,5254406,561009,560640,2024-03-22
2,05:34,2pt layup (off turnover) (under the basket) missed by Sierra Lichtie(Cal Poly),12 - 19,5254406,561009,560640,2024-03-22
2,05:49,Turnover travel (outside right) Sydney Ward(Pacific),12 - 19,5254406,561009,560640,2024-03-22
2,06:07,2pt jump shot (inside left) made by Sierra Lichtie(Cal Poly),12 - 19,5254406,561009,560640,2024-03-22
2,06:26,2pt jump shot (inside left) made by Liz Smith(Pacific),10 - 19,5254406,561009,560640,2024-03-22
2,06:52,"3pt jump shot (outside right wing) made by Annika Shah(Cal Poly), assist Amanda Olinger(Cal Poly), assist Sydney Bourland(Cal Poly)",10 - 17,5254406,561009,560640,2024-03-22
2,07:03,Free throw 2 of 2 made by Madelene Ennis(Pacific),7 - 17,5254406,561009,560640,2024-03-22
2,07:03,"Free throw 1 of 2 missed by Madelene Ennis(Pacific), rebound offensive dead ball Pacific",7 - 16,5254406,561009,560640,2024-03-22
2,07:03,Substitution Pacific: in Sydney Ward,7 - 16,5254406,561009,560640,2024-03-22
2,07:03,Substitution Pacific: out Kadie Deaton,7 - 16,5254406,561009,560640,2024-03-22
2,07:03,Foul personal (shooting;2 free throws) (in the paint) Sydney Bourland(Cal Poly),7 - 16,5254406,561009,560640,2024-03-22
2,07:25,"2pt layup (in the paint) missed by Amanda Olinger(Cal Poly), rebound defensive Elizabeth Elliott(Pacific)",7 - 16,5254406,561009,560640,2024-03-22
2,07:57,"2pt jump shot (inside left) made by Liz Smith(Pacific), assist Elizabeth Elliott(Pacific)",7 - 16,5254406,561009,560640,2024-03-22
2,08:03,Substitution Cal Poly: in Amanda Olinger,7 - 14,5254406,561009,560640,2024-03-22
2,08:03,Substitution Cal Poly: out Mary Carter,7 - 14,5254406,561009,560640,2024-03-22
2,08:03,"Foul personal (inside left) Mary Carter(Cal Poly), foul on Elizabeth Elliott(Pacific)",7 - 14,5254406,561009,560640,2024-03-22
2,08:14,3pt jump shot (outside center) made by Mary Carter(Cal Poly),7 - 14,5254406,561009,560640,2024-03-22
2,08:27,Substitution Pacific: in Madelene Ennis,4 - 14,5254406,561009,560640,2024-03-22
2,08:27,Substitution Pacific: out Cecilia Holmberg,4 - 14,5254406,561009,560640,2024-03-22
2,08:27,"Foul personal (back court) Liz Smith(Pacific), foul on Sierra Lichtie(Cal Poly)",4 - 14,5254406,561009,560640,2024-03-22
2,08:31,"2pt jump shot (inside center) missed by Cecilia Holmberg(Pacific), rebound defensive Sierra Lichtie(Cal Poly)",4 - 14,5254406,561009,560640,2024-03-22
2,08:38,"3pt jump shot (2nd chance;off turnover) (outside center) missed by Annika Shah(Cal Poly), rebound defensive Kadie Deaton(Pacific)",4 - 14,5254406,561009,560640,2024-03-22
2,08:53,2pt jump shot (off turnover) (under the basket) missed by Mary Carter(Cal Poly),4 - 14,5254406,561009,560640,2024-03-22
2,09:10,Turnover travel (inside left) Cecilia Holmberg(Pacific),4 - 14,5254406,561009,560640,2024-03-22
2,09:21,Substitution Cal Poly: in Sidney Richards,4 - 14,5254406,561009,560640,2024-03-22
2,09:21,Substitution Cal Poly: out Ania McNicholas,4 - 14,5254406,561009,560640,2024-03-22
2,09:21,"Foul personal (in the paint) Ania McNicholas(Cal Poly), foul on Kadie Deaton(Pacific)",4 - 14,5254406,561009,560640,2024-03-22
2,09:33,Turnover travel (inside center) Mary Carter(Cal Poly),4 - 14,5254406,561009,560640,2024-03-22
2,09:50,Turnover travel (outside left wing) Kadie Deaton(Pacific),4 - 14,5254406,561009,560640,2024-03-22
2,10:00,Period start,4 - 14,5254406,561009,560640,2024-03-22
2,10:00,Substitution Pacific: in Elizabeth Elliott,4 - 14,5254406,561009,560640,2024-03-22
2,10:00,Substitution Pacific: in Cecilia Holmberg,4 - 14,5254406,561009,560640,2024-03-22
2,10:00,Substitution Pacific: in Anaya James,4 - 14,5254406,561009,560640,2024-03-22
2,10:00,Substitution Pacific: in Kadie Deaton,4 - 14,5254406,561009,560640,2024-03-22
2,10:00,Substitution Pacific: out Madelene Ennis,4 - 14,5254406,561009,560640,2024-03-22
2,10:00,Substitution Pacific: out Lauren Glazier,4 - 14,5254406,561009,560640,2024-03-22
2,10:00,Substitution Pacific: out Kenlee Durrill,4 - 14,5254406,561009,560640,2024-03-22
2,10:00,Substitution Pacific: out Nyah Lowery,4 - 14,5254406,561009,560640,2024-03-22
1,00:00.00,Period end (confirmed),4 - 14,5254406,561009,560640,2024-03-22
1,00:00.10,2pt layup (2nd chance;off turnover) (under the basket) made by Madelene Ennis(Pacific),4 - 14,5254406,561009,560640,2024-03-22
1,00:01.70,"2pt jump shot (off turnover) (inside left) missed by Nyah Lowery(Pacific), rebound offensive Madelene Ennis(Pacific)",4 - 12,5254406,561009,560640,2024-03-22
1,00:29.60,"Foul offensive (back court) Ania McNicholas(Cal Poly), foul on Liz Smith(Pacific), turnover offensive Ania McNicholas(Cal Poly)",4 - 12,5254406,561009,560640,2024-03-22
1,00:35.40,Substitution Cal Poly: in Mary Carter,4 - 12,5254406,561009,560640,2024-03-22
1,00:35.40,Substitution Cal Poly: out Amanda Olinger,4 - 12,5254406,561009,560640,2024-03-22
1,00:51.30,"2pt jump shot (off turnover;fast break) (inside right) made by Lauren Glazier(Pacific), assist Kenlee Durrill(Pacific)",4 - 12,5254406,561009,560640,2024-03-22
1,00:59.20,"Turnover bad pass (in the paint) Annika Shah(Cal Poly), steal Kenlee Durrill(Pacific)",4 - 10,5254406,561009,560640,2024-03-22
1,01:18,"2pt jump shot (inside center) missed by Lauren Glazier(Pacific), rebound defensive Sydney Bourland(Cal Poly)",4 - 10,5254406,561009,560640,2024-03-22
1,01:32,Substitution Cal Poly: in Annika Shah,4 - 10,5254406,561009,560640,2024-03-22
1,01:32,Substitution Cal Poly: out Sidney Richards,4 - 10,5254406,561009,560640,2024-03-22
1,01:32,"Foul personal (back court) Sidney Richards(Cal Poly), foul on Liz Smith(Pacific)",4 - 10,5254406,561009,560640,2024-03-22
1,01:32,Foul (under the basket) Pacific,4 - 10,5254406,561009,560640,2024-03-22
1,01:36,"3pt jump shot (off turnover) (outside right) missed by Ania McNicholas(Cal Poly), rebound defensive (team) Pacific",4 - 10,5254406,561009,560640,2024-03-22
1,01:48,"Turnover lost ball Liz Smith(Pacific), steal Sidney Richards(Cal Poly)",4 - 10,5254406,561009,560640,2024-03-22
1,01:48,Jump ball held ball Cal Poly,4 - 10,5254406,561009,560640,2024-03-22
1,02:01,"2pt layup (off turnover) (under the basket) missed by Sydney Bourland(Cal Poly), rebound defensive Liz Smith(Pacific)",4 - 10,5254406,561009,560640,2024-03-22
1,02:10,Substitution Cal Poly: in Sydney Bourland,4 - 10,5254406,561009,560640,2024-03-22
1,02:10,Substitution Cal Poly: in Sierra Lichtie,4 - 10,5254406,561009,560640,2024-03-22
1,02:10,Substitution Cal Poly: out Jordan Hoffman,4 - 10,5254406,561009,560640,2024-03-22
1,02:10,Substitution Cal Poly: out Mary Carter,4 - 10,5254406,561009,560640,2024-03-22
1,02:10,Substitution Pacific: in Lauren Glazier,4 - 10,5254406,561009,560640,2024-03-22
1,02:10,Substitution Pacific: in Liz Smith,4 - 10,5254406,561009,560640,2024-03-22
1,02:10,Substitution Pacific: out Rosie Schweizer,4 - 10,5254406,561009,560640,2024-03-22
1,02:10,Substitution Pacific: out Anaya James,4 - 10,5254406,561009,560640,2024-03-22
1,02:10,"Foul offensive (back court) Madelene Ennis(Pacific), turnover offensive Madelene Ennis(Pacific), foul on Amanda Olinger(Cal Poly)",4 - 10,5254406,561009,560640,2024-03-22
1,02:36,"3pt jump shot (outside center) missed by Mary Carter(Cal Poly), rebound defensive Kenlee Durrill(Pacific)",4 - 10,5254406,561009,560640,2024-03-22
1,02:42,"2pt jump shot (in the paint) missed by Rosie Schweizer(Pacific), rebound defensive Mary Carter(Cal Poly)",4 - 10,5254406,561009,560640,2024-03-22
1,03:06,"3pt jump shot (off turnover) (outside center) missed by Sidney Richards(Cal Poly), rebound defensive Rosie Schweizer(Pacific)",4 - 10,5254406,561009,560640,2024-03-22
1,03:23,"Foul personal (under the basket) Anaya James(Pacific), foul on Ania McNicholas(Cal Poly)",4 - 10,5254406,561009,560640,2024-03-22
1,03:23,Foul (back court) Cal Poly,4 - 10,5254406,561009,560640,2024-03-22
1,03:33,Substitution Pacific: in Kenlee Durrill,4 - 10,5254406,561009,560640,2024-03-22
1,03:33,Substitution Pacific: out Liz Smith,4 - 10,5254406,561009,560640,2024-03-22
1,03:33,Turnover travel (outside left) Nyah Lowery(Pacific),4 - 10,5254406,561009,560640,2024-03-22
1,03:43,"3pt jump shot (outside left) missed by Anaya James(Pacific), rebound offensive Madelene Ennis(Pacific)",4 - 10,5254406,561009,560640,2024-03-22
1,04:00,2pt layup (2nd chance) (under the basket) made by Amanda Olinger(Cal Poly),4 - 10,5254406,561009,560640,2024-03-22
1,04:04,"2pt jump shot (in the paint) missed by Sidney Richards(Cal Poly), rebound offensive Amanda Olinger(Cal Poly)",2 - 10,5254406,561009,560640,2024-03-22
1,04:31,"3pt jump shot (off turnover) (outside left) made by Nyah Lowery(Pacific), assist Liz Smith(Pacific)",2 - 10,5254406,561009,560640,2024-03-22
1,04:51,Turnover bad pass (inside left) Jordan Hoffman(Cal Poly),2 - 7,5254406,561009,560640,2024-03-22
1,04:59,Substitution Cal Poly: in Ania McNicholas,2 - 7,5254406,561009,560640,2024-03-22
1,04:59,Substitution Cal Poly: out Annika Shah,2 - 7,5254406,561009,560640,2024-03-22
1,04:59,Substitution Pacific: in Nyah Lowery,2 - 7,5254406,561009,560640,2024-03-22
1,04:59,Substitution Pacific: out Kadie Deaton,2 - 7,5254406,561009,560640,2024-03-22
1,04:59,Timeout commercial,2 - 7,5254406,561009,560640,2024-03-22
1,05:04,"Turnover bad pass (in the paint) Kadie Deaton(Pacific), steal Mary Carter(Cal Poly)",2 - 7,5254406,561009,560640,2024-03-22
1,05:27,"2pt jump shot (off turnover) (in the paint) missed by Annika Shah(Cal Poly), rebound defensive Madelene Ennis(Pacific)",2 - 7,5254406,561009,560640,2024-03-22
1,05:36,Substitution Cal Poly: in Jordan Hoffman,2 - 7,5254406,561009,560640,2024-03-22
1,05:36,Substitution Cal Poly: out Sydney Bourland,2 - 7,5254406,561009,560640,2024-03-22
1,05:36,Substitution Pacific: in Madelene Ennis,2 - 7,5254406,561009,560640,2024-03-22
1,05:36,Substitution Pacific: out Cecilia Holmberg,2 - 7,5254406,561009,560640,2024-03-22
1,05:36,Turnover bad pass (outside center) Anaya James(Pacific),2 - 7,5254406,561009,560640,2024-03-22
1,05:40,"2pt layup (under the basket) missed by Amanda Olinger(Cal Poly), rebound defensive Anaya James(Pacific)",2 - 7,5254406,561009,560640,2024-03-22
1,06:04,"2pt jump shot (inside left) missed by Rosie Schweizer(Pacific), rebound defensive Sydney Bourland(Cal Poly)",2 - 7,5254406,561009,560640,2024-03-22
1,06:14,"2pt layup (under the basket) missed by Sydney Bourland(Cal Poly), rebound defensive Liz Smith(Pacific)",2 - 7,5254406,561009,560640,2024-03-22
1,06:30,"3pt jump shot (off turnover) (outside center) missed by Cecilia Holmberg(Pacific), rebound defensive Sydney Bourland(Cal Poly)",2 - 7,5254406,561009,560640,2024-03-22
1,06:37,"Turnover lost ball Amanda Olinger(Cal Poly), steal Rosie Schweizer(Pacific), steal Cecilia Holmberg(Pacific)",2 - 7,5254406,561009,560640,2024-03-22
1,06:37,Jump ball held ball Pacific,2 - 7,5254406,561009,560640,2024-03-22
1,06:41,"2pt layup (under the basket) missed by Sydney Bourland(Cal Poly), rebound offensive Amanda Olinger(Cal Poly)",2 - 7,5254406,561009,560640,2024-03-22
1,06:43,Substitution Cal Poly: in Amanda Olinger,2 - 7,5254406,561009,560640,2024-03-22
1,06:43,Substitution Cal Poly: out Sierra Lichtie,2 - 7,5254406,561009,560640,2024-03-22
1,06:43,Substitution Pacific: in Rosie Schweizer,2 - 7,5254406,561009,560640,2024-03-22
1,06:43,Substitution Pacific: out Elizabeth Elliott,2 - 7,5254406,561009,560640,2024-03-22
1,06:43,Free throw 2 of 2 made by Elizabeth Elliott(Pacific),2 - 7,5254406,561009,560640,2024-03-22
1,06:43,Free throw 1 of 2 made by Elizabeth Elliott(Pacific),2 - 6,5254406,561009,560640,2024-03-22
1,06:43,Foul personal (shooting;2 free throws) (under the basket) Mary Carter(Cal Poly),2 - 5,5254406,561009,560640,2024-03-22
1,06:55,2pt layup (under the basket) made by Sydney Bourland(Cal Poly),2 - 5,5254406,561009,560640,2024-03-22
1,07:10,"2pt jump shot (in the paint) missed by Elizabeth Elliott(Pacific), rebound defensive Mary Carter(Cal Poly)",0 - 5,5254406,561009,560640,2024-03-22
1,07:19,"2pt layup (off turnover) (under the basket) missed by Sierra Lichtie(Cal Poly), rebound defensive Kadie Deaton(Pacific)",0 - 5,5254406,561009,560640,2024-03-22
1,07:32,Substitution Cal Poly: out Ania McNicholas,0 - 5,5254406,561009,560640,2024-03-22
1,07:32,Substitution Cal Poly: in Mary Carter,0 - 5,5254406,561009,560640,2024-03-22
1,07:32,Substitution Cal Poly: in Sidney Richards,0 - 5,5254406,561009,560640,2024-03-22
1,07:32,Substitution Cal Poly: out Amanda Olinger,0 - 5,5254406,561009,560640,2024-03-22
1,07:32,Substitution Cal Poly: out Annika Shah,0 - 5,5254406,561009,560640,2024-03-22
1,07:32,Turnover bad pass (in the paint) Kadie Deaton(Pacific),0 - 5,5254406,561009,560640,2024-03-22
1,07:40,"2pt jump shot (in the paint) missed by Annika Shah(Cal Poly), rebound defensive Kadie Deaton(Pacific)",0 - 5,5254406,561009,560640,2024-03-22
1,08:00,"3pt jump shot (2nd chance;off turnover) (outside center) made by Kadie Deaton(Pacific), assist Liz Smith(Pacific)",0 - 5,5254406,561009,560640,2024-03-22
1,08:06,"2pt jump shot (off turnover) (inside right) missed by Cecilia Holmberg(Pacific), rebound offensive Liz Smith(Pacific)",0 - 2,5254406,561009,560640,2024-03-22
1,08:23,Turnover bad pass (outside left) Ania McNicholas(Cal Poly),0 - 2,5254406,561009,560640,2024-03-22
1,08:31,"2pt layup (off turnover) (under the basket) missed by Elizabeth Elliott(Pacific), rebound defensive Amanda Olinger(Cal Poly)",0 - 2,5254406,561009,560640,2024-03-22
1,08:51,Turnover travel (outside right) Annika Shah(Cal Poly),0 - 2,5254406,561009,560640,2024-03-22
1,08:52,"Turnover bad pass (inside left) Anaya James(Pacific), steal Ania McNicholas(Cal Poly)",0 - 2,5254406,561009,560640,2024-03-22
1,08:52,"Foul offensive (back court) Sierra Lichtie(Cal Poly), turnover offensive Sierra Lichtie(Cal Poly), foul on Anaya James(Pacific)",0 - 2,5254406,561009,560640,2024-03-22
1,08:52,Foul (inside right) Pacific,0 - 2,5254406,561009,560640,2024-03-22
1,09:08,"2pt jump shot (off turnover) (inside right) missed by Liz Smith(Pacific), rebound defensive Annika Shah(Cal Poly)",0 - 2,5254406,561009,560640,2024-03-22
1,09:12,"Turnover bad pass (outside center) Sierra Lichtie(Cal Poly), steal Liz Smith(Pacific)",0 - 2,5254406,561009,560640,2024-03-22
1,09:22,"2pt layup (under the basket) made by Elizabeth Elliott(Pacific), assist Anaya James(Pacific)",0 - 2,5254406,561009,560640,2024-03-22
1,09:36,3pt jump shot (outside left wing) missed by Ania McNicholas(Cal Poly),0 - 0,5254406,561009,560640,2024-03-22
1,09:40,3pt (outside left wing) missed by Pacific,0 - 0,5254406,561009,560640,2024-03-22
1,10:00,"Jump ball start period, won Amanda Olinger(Cal Poly), lost Cecilia Holmberg(Pacific)",0 - 0,5254406,561009,560640,2024-03-22
1,10:00,Period start,0 - 0,5254406,561009,560640,2024-03-22
1,10:00,Game start,0 - 0,5254406,561009,560640,2024-03-22
3,02:39,"Foul offensive (outside left) Lexi Rubel(UTM), turnover offensive Lexi Rubel(UTM), foul on Simone Foreman(HC)",31 - 57,5254156,560790,561144,2024-03-22
3,03:03,"3pt jump shot (outside left) made by Kaitlyn Flanagan(HC), assist Janelle Allen(HC)",31 - 57,5254156,560790,561144,2024-03-22
3,03:17,2pt driving layup (off turnover) (under the basket) made by Love Mays(UTM),31 - 54,5254156,560790,561144,2024-03-22
3,03:25,"Turnover bad pass (in the paint) Bronagh Power-Cassidy(HC), steal Kenley McCarn(UTM)",29 - 54,5254156,560790,561144,2024-03-22
3,03:40,Substitution HC: in Janelle Allen,29 - 54,5254156,560790,561144,2024-03-22
3,03:40,Substitution HC: in Callie Wright,29 - 54,5254156,560790,561144,2024-03-22
3,03:40,Substitution HC: out Lindsay Berger,29 - 54,5254156,560790,561144,2024-03-22
3,03:40,Substitution HC: out Cara McCormack,29 - 54,5254156,560790,561144,2024-03-22
3,03:40,Free throw 2 of 2 (2nd chance) made by Lexi Rubel(UTM),29 - 54,5254156,560790,561144,2024-03-22
3,03:40,"Free throw 1 of 2 (2nd chance) missed by Lexi Rubel(UTM), rebound offensive dead ball UTM",28 - 54,5254156,560790,561144,2024-03-22
3,03:40,Foul personal (shooting;2 free throws) (under the basket) Bronagh Power-Cassidy(HC),28 - 54,5254156,560790,561144,2024-03-22
3,03:45,"3pt jump shot (outside center) missed by Kenley McCarn(UTM), rebound offensive Lexi Rubel(UTM)",28 - 54,5254156,560790,561144,2024-03-22
3,04:03,"2pt layup (2nd chance) (under the basket) missed by Lindsay Berger(HC), rebound defensive Anaya Brown(UTM)",28 - 54,5254156,560790,561144,2024-03-22
3,04:19,"2pt jump shot (inside left) missed by Bronagh Power-Cassidy(HC), rebound offensive Bronagh Power-Cassidy(HC)",28 - 54,5254156,560790,561144,2024-03-22
3,04:41,"3pt jump shot (outside left) missed by Lexi Rubel(UTM), rebound defensive Simone Foreman(HC)",28 - 54,5254156,560790,561144,2024-03-22
3,04:47,Substitution HC: in Kaitlyn Flanagan,28 - 54,5254156,560790,561144,2024-03-22
3,04:47,Substitution HC: out Janelle Allen,28 - 54,5254156,560790,561144,2024-03-22
3,04:47,Timeout commercial,28 - 54,5254156,560790,561144,2024-03-22
3,05:04,2pt jump shot (inside left) made by Bronagh Power-Cassidy(HC),28 - 54,5254156,560790,561144,2024-03-22
3,05:25,2pt layup (2nd chance) (under the basket) made by Anaya Brown(UTM),28 - 52,5254156,560790,561144,2024-03-22
3,05:30,"2pt turnaround jump shot (in the paint) missed by Lexi Rubel(UTM), rebound offensive Anaya Brown(UTM)",26 - 52,5254156,560790,561144,2024-03-22
3,05:48,"2pt layup (under the basket) missed by Simone Foreman(HC), rebound defensive Lexi Rubel(UTM)",26 - 52,5254156,560790,561144,2024-03-22
3,06:12,"2pt layup (2nd chance) (under the basket) missed by Anaya Brown(UTM), rebound defensive Cara McCormack(HC)",26 - 52,5254156,560790,561144,2024-03-22
3,06:17,"2pt jump shot (inside left) missed by Kenley McCarn(UTM), rebound offensive Anaya Brown(UTM)",26 - 52,5254156,560790,561144,2024-03-22
3,06:28,"2pt jump shot (inside right) made by Lindsay Berger(HC), assist Bronagh Power-Cassidy(HC)",26 - 52,5254156,560790,561144,2024-03-22
3,06:50,"2pt jump shot (off turnover) (in the paint) missed by Kenley McCarn(UTM), rebound offensive (team) UTM, rebound defensive (team) HC",26 - 50,5254156,560790,561144,2024-03-22
3,06:56,"Foul personal (inside right) Simone Foreman(HC), foul on Kenley McCarn(UTM)",26 - 50,5254156,560790,561144,2024-03-22
3,07:09,Substitution HC: in Lindsay Berger,26 - 50,5254156,560790,561144,2024-03-22
3,07:09,Substitution HC: in Simone Foreman,26 - 50,5254156,560790,561144,2024-03-22
3,07:09,Substitution HC: out Kaitlyn Flanagan,26 - 50,5254156,560790,561144,2024-03-22
3,07:09,Substitution HC: out Callie Wright,26 - 50,5254156,560790,561144,2024-03-22
3,07:09,"Foul offensive (back court) Janelle Allen(HC), turnover offensive Janelle Allen(HC), foul on Josie Storey(UTM)",26 - 50,5254156,560790,561144,2024-03-22
3,07:32,"2pt jump shot (inside right) missed by Anaya Brown(UTM), rebound defensive Bronagh Power-Cassidy(HC)",26 - 50,5254156,560790,561144,2024-03-22
3,07:50,"3pt jump shot (outside left) missed by Bronagh Power-Cassidy(HC), rebound defensive Kenley McCarn(UTM)",26 - 50,5254156,560790,561144,2024-03-22
3,08:07,"3pt jump shot (off turnover) (outside right wing) missed by Lexi Rubel(UTM), rebound defensive Bronagh Power-Cassidy(HC)",26 - 50,5254156,560790,561144,2024-03-22
3,08:23,Turnover lost ball (inside left wing) Kaitlyn Flanagan(HC),26 - 50,5254156,560790,561144,2024-03-22
3,08:30,"2pt layup (under the basket) missed by Anaya Brown(UTM), rebound defensive Callie Wright(HC)",26 - 50,5254156,560790,561144,2024-03-22
3,08:54,3pt pull up jump shot (outside left) made by Cara McCormack(HC),26 - 50,5254156,560790,561144,2024-03-22
3,09:20,Free throw 2 of 2 made by Anaya Brown(UTM),26 - 47,5254156,560790,561144,2024-03-22
3,09:20,Free throw 1 of 2 made by Anaya Brown(UTM),25 - 47,5254156,560790,561144,2024-03-22
3,09:20,Foul personal (shooting;2 free throws) (under the basket) Janelle Allen(HC),24 - 47,5254156,560790,561144,2024-03-22
3,09:40,"2pt layup (under the basket) made by Callie Wright(HC), assist Kaitlyn Flanagan(HC)",24 - 47,5254156,560790,561144,2024-03-22
3,10:00,Period start,24 - 45,5254156,560790,561144,2024-03-22
3,10:00,Substitution UTM: in Josie Storey,24 - 45,5254156,560790,561144,2024-03-22
3,10:00,Substitution UTM: out Tori Rubel,24 - 45,5254156,560790,561144,2024-03-22
2,00:01.10,"2pt layup (under the basket) missed by Love Mays(UTM), rebound defensive Cara McCormack(HC), rebound defensive Cara McCormack(HC)",24 - 45,5254156,560790,561144,2024-03-22
2,00:00.00,Period end (confirmed),24 - 45,5254156,560790,561144,2024-03-22
2,00:09.10,"3pt jump shot (outside left wing) missed by Bronagh Power-Cassidy(HC), rebound defensive Tori Rubel(UTM)",24 - 45,5254156,560790,561144,2024-03-22
2,00:29.70,"2pt turnaround jump shot (in the paint) missed by Kenley McCarn(UTM), rebound defensive Cara McCormack(HC)",24 - 45,5254156,560790,561144,2024-03-22
2,00:52.50,"3pt jump shot (off turnover) (outside left wing) made by Cara McCormack(HC), assist Kaitlyn Flanagan(HC)",24 - 45,5254156,560790,561144,2024-03-22
2,00:57.60,"Foul personal (inside center) Kenley McCarn(UTM), foul on Kaitlyn Flanagan(HC)",24 - 42,5254156,560790,561144,2024-03-22
2,01:03,"Turnover bad pass (inside right) Love Mays(UTM), steal Janelle Allen(HC)",24 - 42,5254156,560790,561144,2024-03-22
2,01:25,"3pt jump shot (outside left) missed by Bronagh Power-Cassidy(HC), rebound defensive Love Mays(UTM)",24 - 42,5254156,560790,561144,2024-03-22
2,01:41,Free throw 2 of 2 (off turnover) made by Love Mays(UTM),24 - 42,5254156,560790,561144,2024-03-22
2,01:41,"Free throw 1 of 2 (off turnover) missed by Love Mays(UTM), rebound offensive dead ball UTM",23 - 42,5254156,560790,561144,2024-03-22
2,01:41,Substitution HC: in Bronagh Power-Cassidy,23 - 42,5254156,560790,561144,2024-03-22
2,01:41,Substitution HC: out Simone Foreman,23 - 42,5254156,560790,561144,2024-03-22
2,01:41,Foul personal (shooting;2 free throws) (in the paint) Kaitlyn Flanagan(HC),23 - 42,5254156,560790,561144,2024-03-22
2,02:00,Turnover bad pass (in the paint) Kaitlyn Flanagan(HC),23 - 42,5254156,560790,561144,2024-03-22
2,02:15,Substitution HC: in Callie Wright,23 - 42,5254156,560790,561144,2024-03-22
2,02:15,Substitution HC: out Meg Cahalan,23 - 42,5254156,560790,561144,2024-03-22
2,02:15,Free throw 2 of 2 (off turnover) made by Love Mays(UTM),23 - 42,5254156,560790,561144,2024-03-22
2,02:15,Free throw 1 of 2 (off turnover) made by Love Mays(UTM),22 - 42,5254156,560790,561144,2024-03-22
2,02:15,Substitution UTM: in Tori Rubel,21 - 42,5254156,560790,561144,2024-03-22
2,02:15,Substitution UTM: out Josie Storey,21 - 42,5254156,560790,561144,2024-03-22
2,02:15,Foul personal (shooting;2 free throws) (under the basket) Cara McCormack(HC),21 - 42,5254156,560790,561144,2024-03-22
2,02:20,"Turnover lost ball (in the paint) Simone Foreman(HC), steal Love Mays(UTM)",21 - 42,5254156,560790,561144,2024-03-22
2,02:26,"2pt layup (off turnover) (in the paint) missed by Anaya Brown(UTM), rebound defensive Janelle Allen(HC)",21 - 42,5254156,560790,561144,2024-03-22
2,02:42,Substitution HC: in Cara McCormack,21 - 42,5254156,560790,561144,2024-03-22
2,02:42,Substitution HC: in Janelle Allen,21 - 42,5254156,560790,561144,2024-03-22
2,02:42,Substitution HC: out Lindsay Berger,21 - 42,5254156,560790,561144,2024-03-22
2,02:42,Substitution HC: out Bronagh Power-Cassidy,21 - 42,5254156,560790,561144,2024-03-22
2,02:42,Turnover travel (in the paint) Lindsay Berger(HC),21 - 42,5254156,560790,561144,2024-03-22
2,02:57,"2pt jump shot (inside center) missed by Kenley McCarn(UTM), rebound defensive Simone Foreman(HC)",21 - 42,5254156,560790,561144,2024-03-22
2,03:09,"2pt layup (under the basket) made by Simone Foreman(HC), assist Kaitlyn Flanagan(HC)",21 - 42,5254156,560790,561144,2024-03-22
2,03:19,Free throw 2 of 2 made by Anaya Brown(UTM),21 - 40,5254156,560790,561144,2024-03-22
2,03:19,Free throw 1 of 2 made by Anaya Brown(UTM),20 - 40,5254156,560790,561144,2024-03-22
2,03:19,Substitution HC: in Kaitlyn Flanagan,19 - 40,5254156,560790,561144,2024-03-22
2,03:19,Substitution HC: out Cara McCormack,19 - 40,5254156,560790,561144,2024-03-22
2,03:19,Foul personal (shooting;2 free throws) (under the basket) Lindsay Berger(HC),19 - 40,5254156,560790,561144,2024-03-22
2,03:33,"3pt jump shot (outside right) missed by Cara McCormack(HC), rebound defensive Kenley McCarn(UTM)",19 - 40,5254156,560790,561144,2024-03-22
2,03:52,"3pt jump shot (outside center) missed by Josie Storey(UTM), rebound defensive Lindsay Berger(HC)",19 - 40,5254156,560790,561144,2024-03-22
2,04:08,"2pt jump shot (inside right) missed by Simone Foreman(HC), rebound defensive Josie Storey(UTM)",19 - 40,5254156,560790,561144,2024-03-22
2,04:14,"2pt layup (under the basket) missed by Anaya Brown(UTM), rebound defensive Cara McCormack(HC)",19 - 40,5254156,560790,561144,2024-03-22
2,04:32,"3pt jump shot (2nd chance) (outside left) missed by Cara McCormack(HC), rebound defensive (team) UTM",19 - 40,5254156,560790,561144,2024-03-22
2,04:38,"3pt jump shot (outside right) missed by Meg Cahalan(HC), rebound offensive Simone Foreman(HC)",19 - 40,5254156,560790,561144,2024-03-22
2,04:47,"2pt jump shot (in the paint) missed by Kenley McCarn(UTM), rebound defensive Cara McCormack(HC)",19 - 40,5254156,560790,561144,2024-03-22
2,04:52,Substitution HC: in Meg Cahalan,19 - 40,5254156,560790,561144,2024-03-22
2,04:52,Substitution HC: out Janelle Allen,19 - 40,5254156,560790,561144,2024-03-22
2,04:52,"Foul personal (outside left) Simone Foreman(HC), foul on Kenley McCarn(UTM)",19 - 40,5254156,560790,561144,2024-03-22
2,05:13,2pt pull up jump shot (in the paint) made by Bronagh Power-Cassidy(HC),19 - 40,5254156,560790,561144,2024-03-22
2,05:28,"2pt layup (2nd chance) (under the basket) made by Love Mays(UTM), assist Kenley McCarn(UTM)",19 - 38,5254156,560790,561144,2024-03-22
2,05:31,"2pt driving layup (blocked) (under the basket) missed by Anaya Brown(UTM), block Janelle Allen(HC), rebound offensive (team) UTM",17 - 38,5254156,560790,561144,2024-03-22
2,05:48,2pt jump shot (2nd chance) (inside right) made by Simone Foreman(HC),17 - 38,5254156,560790,561144,2024-03-22
2,06:00,"2pt layup (2nd chance) (under the basket) missed by Janelle Allen(HC), rebound offensive Cara McCormack(HC)",17 - 36,5254156,560790,561144,2024-03-22
2,06:05,"2pt pull up jump shot (in the paint) missed by Simone Foreman(HC), rebound offensive Janelle Allen(HC)",17 - 36,5254156,560790,561144,2024-03-22
2,06:15,"2pt jump shot (in the paint) made by Kenley McCarn(UTM), assist Lexi Rubel(UTM)",17 - 36,5254156,560790,561144,2024-03-22
2,06:33,"3pt jump shot (off turnover) (outside right) made by Cara McCormack(HC), assist Janelle Allen(HC)",15 - 36,5254156,560790,561144,2024-03-22
2,06:46,Turnover shot clock (team) (inside right) UTM,15 - 33,5254156,560790,561144,2024-03-22
2,07:07,Substitution HC: in Lindsay Berger,15 - 33,5254156,560790,561144,2024-03-22
2,07:07,Substitution HC: in Simone Foreman,15 - 33,5254156,560790,561144,2024-03-22
2,07:07,Substitution HC: out Kaitlyn Flanagan,15 - 33,5254156,560790,561144,2024-03-22
2,07:07,Substitution HC: out Callie Wright,15 - 33,5254156,560790,561144,2024-03-22
2,07:07,"Foul personal (outside center) Kaitlyn Flanagan(HC), foul on Kenley McCarn(UTM)",15 - 33,5254156,560790,561144,2024-03-22
2,07:28,"2pt layup (under the basket) made by Callie Wright(HC), assist Janelle Allen(HC)",15 - 33,5254156,560790,561144,2024-03-22
2,07:46,2pt pull up jump shot (2nd chance) (in the paint) made by Anaya Brown(UTM),15 - 31,5254156,560790,561144,2024-03-22
2,07:52,"2pt layup (blocked) (under the basket) missed by Kenley McCarn(UTM), block Janelle Allen(HC), rebound offensive (team) UTM",13 - 31,5254156,560790,561144,2024-03-22
2,08:03,Substitution UTM: in Anaya Brown,13 - 31,5254156,560790,561144,2024-03-22
2,08:03,Substitution UTM: out Tori Rubel,13 - 31,5254156,560790,561144,2024-03-22
2,08:03,Timeout short UTM,13 - 31,5254156,560790,561144,2024-03-22
2,08:09,"3pt jump shot (outside center) made by Cara McCormack(HC), assist Janelle Allen(HC)",13 - 31,5254156,560790,561144,2024-03-22
2,08:31,"3pt jump shot (outside left) missed by Josie Storey(UTM), rebound defensive Janelle Allen(HC)",13 - 28,5254156,560790,561144,2024-03-22
2,08:47,"3pt jump shot (outside right) made by Bronagh Power-Cassidy(HC), assist Kaitlyn Flanagan(HC)",13 - 28,5254156,560790,561144,2024-03-22
2,09:02,Substitution UTM: in Tori Rubel,13 - 25,5254156,560790,561144,2024-03-22
2,09:02,Substitution UTM: out Anaya Brown,13 - 25,5254156,560790,561144,2024-03-22
2,09:02,"Foul personal (outside right) Love Mays(UTM), foul on Cara McCormack(HC)",13 - 25,5254156,560790,561144,2024-03-22
2,09:09,"2pt layup (under the basket) missed by Anaya Brown(UTM), rebound defensive Callie Wright(HC)",13 - 25,5254156,560790,561144,2024-03-22
2,09:28,"3pt jump shot (outside right) made by Cara McCormack(HC), assist Callie Wright(HC)",13 - 25,5254156,560790,561144,2024-03-22
2,09:43,"2pt pull up jump shot (inside left) missed by Kenley McCarn(UTM), rebound defensive Janelle Allen(HC)",13 - 22,5254156,560790,561144,2024-03-22
2,10:00,Period start,13 - 22,5254156,560790,561144,2024-03-22
2,10:00,Substitution UTM: in Josie Storey,13 - 22,5254156,560790,561144,2024-03-22
2,10:00,Substitution UTM: out Tori Rubel,13 - 22,5254156,560790,561144,2024-03-22
2,10:00,Substitution HC: in Bronagh Power-Cassidy,13 - 22,5254156,560790,561144,2024-03-22
2,10:00,Substitution HC: in Callie Wright,13 - 22,5254156,560790,561144,2024-03-22
2,10:00,Substitution HC: out Lindsay Berger,13 - 22,5254156,560790,561144,2024-03-22
2,10:00,Substitution HC: out Grace Munt,13 - 22,5254156,560790,561144,2024-03-22
1,00:00.00,Period end (confirmed),13 - 22,5254156,560790,561144,2024-03-22
1,00:03.50,"2pt jump shot (inside center) made by Janelle Allen(HC), assist Cara McCormack(HC)",13 - 22,5254156,560790,561144,2024-03-22
1,00:18.00,2pt layup (under the basket) made by Lexi Rubel(UTM),13 - 20,5254156,560790,561144,2024-03-22
1,00:34.50,"Free throw 2 of 2 (2nd chance) missed by Lindsay Berger(HC), rebound defensive Anaya Brown(UTM)",11 - 20,5254156,560790,561144,2024-03-22
1,00:34.50,Free throw 1 of 2 (2nd chance) made by Lindsay Berger(HC),11 - 20,5254156,560790,561144,2024-03-22
1,00:34.50,Foul personal (shooting;2 free throws) (under the basket) Lexi Rubel(UTM),11 - 19,5254156,560790,561144,2024-03-22
1,00:36.10,"2pt layup (under the basket) missed by Janelle Allen(HC), rebound offensive Lindsay Berger(HC)",11 - 19,5254156,560790,561144,2024-03-22
1,00:41.30,Substitution UTM: in Tori Rubel,11 - 19,5254156,560790,561144,2024-03-22
1,00:41.30,Substitution UTM: out Josie Storey,11 - 19,5254156,560790,561144,2024-03-22
1,00:41.30,Substitution HC: in Cara McCormack,11 - 19,5254156,560790,561144,2024-03-22
1,00:41.30,Substitution HC: in Janelle Allen,11 - 19,5254156,560790,561144,2024-03-22
1,00:41.30,Substitution HC: out Simone Foreman,11 - 19,5254156,560790,561144,2024-03-22
1,00:41.30,Substitution HC: out Bronagh Power-Cassidy,11 - 19,5254156,560790,561144,2024-03-22
1,00:41.30,"Foul personal (inside right) Josie Storey(UTM), foul on Lindsay Berger(HC)",11 - 19,5254156,560790,561144,2024-03-22
1,00:52.00,"2pt jump shot (inside center) made by Kenley McCarn(UTM), assist Josie Storey(UTM)",11 - 19,5254156,560790,561144,2024-03-22
1,01:15,"3pt jump shot (outside right) missed by Simone Foreman(HC), rebound defensive Josie Storey(UTM)",9 - 19,5254156,560790,561144,2024-03-22
1,01:33,"3pt jump shot (off turnover) (outside right) missed by Love Mays(UTM), rebound defensive Simone Foreman(HC), rebound defensive Simone Foreman(HC)",9 - 19,5254156,560790,561144,2024-03-22
1,01:44,"Turnover lost ball (outside center) Simone Foreman(HC), steal Kenley McCarn(UTM)",9 - 19,5254156,560790,561144,2024-03-22
1,01:49,"3pt jump shot (blocked) (outside right) missed by Josie Storey(UTM), block Bronagh Power-Cassidy(HC), rebound defensive Simone Foreman(HC)",9 - 19,5254156,560790,561144,2024-03-22
1,02:08,"3pt jump shot (outside left) missed by Kaitlyn Flanagan(HC), rebound defensive Love Mays(UTM)",9 - 19,5254156,560790,561144,2024-03-22
1,02:29,"3pt jump shot (outside left) missed by Josie Storey(UTM), rebound defensive Lindsay Berger(HC)",9 - 19,5254156,560790,561144,2024-03-22
1,02:53,"3pt jump shot (outside left) made by Kaitlyn Flanagan(HC), assist Bronagh Power-Cassidy(HC)",9 - 19,5254156,560790,561144,2024-03-22
1,03:15,"3pt jump shot (outside right) made by Love Mays(UTM), assist Anaya Brown(UTM)",9 - 16,5254156,560790,561144,2024-03-22
1,03:37,"3pt jump shot (outside center) missed by Bronagh Power-Cassidy(HC), rebound defensive Kenley McCarn(UTM)",6 - 16,5254156,560790,561144,2024-03-22
1,03:44,"3pt jump shot (off turnover) (outside left) missed by Kenley McCarn(UTM), rebound defensive Simone Foreman(HC)",6 - 16,5254156,560790,561144,2024-03-22
1,03:49,"Turnover bad pass (inside right) Lindsay Berger(HC), steal Kenley McCarn(UTM)",6 - 16,5254156,560790,561144,2024-03-22
1,03:59,"3pt jump shot (off turnover) (outside left) missed by Bronagh Power-Cassidy(HC), rebound offensive Simone Foreman(HC)",6 - 16,5254156,560790,561144,2024-03-22
1,04:17,Turnover bad pass (in the paint) Kenley McCarn(UTM),6 - 16,5254156,560790,561144,2024-03-22
1,04:35,"2pt layup (2nd chance) (under the basket) made by Lindsay Berger(HC), assist Kaitlyn Flanagan(HC)",6 - 16,5254156,560790,561144,2024-03-22
1,04:47,Substitution HC: in Grace Munt,6 - 14,5254156,560790,561144,2024-03-22
1,04:47,Substitution HC: in Kaitlyn Flanagan,6 - 14,5254156,560790,561144,2024-03-22
1,04:47,Substitution HC: out Cara McCormack,6 - 14,5254156,560790,561144,2024-03-22
1,04:47,Substitution HC: out Janelle Allen,6 - 14,5254156,560790,561144,2024-03-22
1,04:47,Timeout commercial,6 - 14,5254156,560790,561144,2024-03-22
1,04:47,"Foul personal (in the paint) Anaya Brown(UTM), foul on Lindsay Berger(HC)",6 - 14,5254156,560790,561144,2024-03-22
1,04:50,"2pt jump shot (inside center) missed by Janelle Allen(HC), rebound offensive Lindsay Berger(HC)",6 - 14,5254156,560790,561144,2024-03-22
1,05:02,"2pt jump shot (2nd chance) (inside left) missed by Anaya Brown(UTM), rebound defensive Janelle Allen(HC)",6 - 14,5254156,560790,561144,2024-03-22
1,05:07,"3pt jump shot (outside center) missed by Anaya Brown(UTM), rebound offensive Lexi Rubel(UTM)",6 - 14,5254156,560790,561144,2024-03-22
1,05:27,3pt jump shot (outside right) made by Bronagh Power-Cassidy(HC),6 - 14,5254156,560790,561144,2024-03-22
1,05:36,"2pt layup (under the basket) missed by Anaya Brown(UTM), rebound defensive Janelle Allen(HC)",6 - 11,5254156,560790,561144,2024-03-22
1,05:55,"3pt jump shot (outside center) made by Cara McCormack(HC), assist Janelle Allen(HC)",6 - 11,5254156,560790,561144,2024-03-22
1,06:10,2pt jump shot (in the paint) made by Anaya Brown(UTM),6 - 8,5254156,560790,561144,2024-03-22
1,06:33,"2pt jump shot (inside center) missed by Bronagh Power-Cassidy(HC), rebound defensive Love Mays(UTM)",4 - 8,5254156,560790,561144,2024-03-22
1,06:47,2pt pull up jump shot (inside right) made by Anaya Brown(UTM),4 - 8,5254156,560790,561144,2024-03-22
1,07:07,"3pt jump shot (outside right) made by Cara McCormack(HC), assist Janelle Allen(HC)",2 - 8,5254156,560790,561144,2024-03-22
1,07:07,Substitution HC: in Lindsay Berger,2 - 5,5254156,560790,561144,2024-03-22
1,07:07,Substitution HC: in Simone Foreman,2 - 5,5254156,560790,561144,2024-03-22
1,07:07,Substitution HC: out Kaitlyn Flanagan,2 - 5,5254156,560790,561144,2024-03-22
1,07:07,Substitution HC: out Callie Wright,2 - 5,5254156,560790,561144,2024-03-22
1,07:18,"3pt jump shot (outside right) missed by Love Mays(UTM), rebound defensive Callie Wright(HC)",2 - 5,5254156,560790,561144,2024-03-22
1,07:38,"2pt jump shot (inside center) made by Janelle Allen(HC), assist Callie Wright(HC)",2 - 5,5254156,560790,561144,2024-03-22
1,07:49,2pt driving layup (under the basket) made by Kenley McCarn(UTM),2 - 3,5254156,560790,561144,2024-03-22
1,08:01,"3pt jump shot (outside left wing) missed by Bronagh Power-Cassidy(HC), rebound defensive Love Mays(UTM)",0 - 3,5254156,560790,561144,2024-03-22
1,08:33,"2pt jump shot (in the paint) missed by Kenley McCarn(UTM), rebound defensive (team) HC",0 - 3,5254156,560790,561144,2024-03-22
1,08:51,"2pt layup (under the basket) missed by Janelle Allen(HC), rebound defensive Kenley McCarn(UTM)",0 - 3,5254156,560790,561144,2024-03-22
1,09:16,"3pt jump shot (outside center) missed by Anaya Brown(UTM), rebound defensive Cara McCormack(HC)",0 - 3,5254156,560790,561144,2024-03-22
1,09:22,3pt jump shot (2nd chance) (outside right) made by Bronagh Power-Cassidy(HC),0 - 3,5254156,560790,561144,2024-03-22
1,09:24,Jump ball held ball HC,0 - 0,5254156,560790,561144,2024-03-22
1,09:24,"3pt jump shot (outside center) missed by Cara McCormack(HC), rebound offensive Janelle Allen(HC)",0 - 0,5254156,560790,561144,2024-03-22
1,09:34,"3pt jump shot (outside left) missed by Love Mays(UTM), rebound defensive Callie Wright(HC)",0 - 0,5254156,560790,561144,2024-03-22
1,09:42,3pt (outside left) missed by HC,0 - 0,5254156,560790,561144,2024-03-22
1,10:00,"Jump ball start period, won Anaya Brown(UTM), lost Janelle Allen(HC)",0 - 0,5254156,560790,561144,2024-03-22
1,10:00,Period start,0 - 0,5254156,560790,561144,2024-03-22
1,10:00,Game start,0 - 0,5254156,560790,561144,2024-03-22
1,00:15.10,2pt (off turnover) (under the basket) made by Kelsey Ransom(GU),15 - 14,5254254,561205,560766,2024-03-22
1,00:37.40,Substitution WASH: in Elle Ladine,13 - 14,5254254,561205,560766,2024-03-22
1,00:37.40,Substitution WASH: out Lauren Schwartz,13 - 14,5254254,561205,560766,2024-03-22
1,00:37.40,Turnover shot clock (team) (inside left) WASH,13 - 14,5254254,561205,560766,2024-03-22
1,00:39.30,"2pt jump shot (inside left) missed by Lauren Schwartz(WASH), rebound offensive dead ball WASH",13 - 14,5254254,561205,560766,2024-03-22
1,01:08,"2pt driving layup (under the basket) missed by Jada Claude(GU), rebound defensive Hannah Stines(WASH)",13 - 14,5254254,561205,560766,2024-03-22
1,01:26,2pt layup (2nd chance) (under the basket) made by Lauren Schwartz(WASH),13 - 14,5254254,561205,560766,2024-03-22
1,01:26,2pt (2nd chance) (under the basket) missed by WASH,13 - 12,5254254,561205,560766,2024-03-22
1,01:31,"2pt driving layup (in the paint) missed by Lauren Schwartz(WASH), rebound offensive Lauren Schwartz(WASH)",13 - 12,5254254,561205,560766,2024-03-22
1,01:56,Free throw 2 of 2 (2nd chance) made by Graceann Bennett(GU),13 - 12,5254254,561205,560766,2024-03-22
1,01:56,"Free throw 1 of 2 (2nd chance) missed by Graceann Bennett(GU), rebound offensive dead ball GU",12 - 12,5254254,561205,560766,2024-03-22
1,01:56,Substitution WASH: in Teagan Brown,12 - 12,5254254,561205,560766,2024-03-22
1,01:56,Substitution WASH: out Elle Ladine,12 - 12,5254254,561205,560766,2024-03-22
1,01:56,"Foul personal (shooting;2 free throws) (under the basket) Hannah Stines(WASH), foul on Graceann Bennett(GU)",12 - 12,5254254,561205,560766,2024-03-22
1,02:07,"3pt jump shot (outside right) missed by Jada Claude(GU), rebound offensive Mya Bembry(GU)",12 - 12,5254254,561205,560766,2024-03-22
1,02:36,"2pt turnaround jump shot (inside left) missed by Elle Ladine(WASH), rebound defensive (team) GU",12 - 12,5254254,561205,560766,2024-03-22
1,03:07,"2pt jump shot (2nd chance) (in the paint) missed by Mya Bembry(GU), rebound defensive Lauren Schwartz(WASH)",12 - 12,5254254,561205,560766,2024-03-22
1,03:12,Substitution GU: in Graceann Bennett,12 - 12,5254254,561205,560766,2024-03-22
1,03:12,Substitution GU: out Kaliyah Myricks,12 - 12,5254254,561205,560766,2024-03-22
1,03:12,Timeout commercial,12 - 12,5254254,561205,560766,2024-03-22
1,03:12,"2pt layup (2nd chance;blocked) (under the basket) missed by Kaliyah Myricks(GU), block Olivia Anderson(WASH), rebound offensive (team) GU",12 - 12,5254254,561205,560766,2024-03-22
1,03:29,"3pt jump shot (outside left) missed by Jada Claude(GU), rebound offensive Alex Cowan(GU)",12 - 12,5254254,561205,560766,2024-03-22
1,03:58,2pt layup (under the basket) made by Elle Ladine(WASH),12 - 12,5254254,561205,560766,2024-03-22
1,04:26,2pt turnaround jump shot (in the paint) made by Jada Claude(GU),12 - 10,5254254,561205,560766,2024-03-22
1,04:55,2pt jump shot (off turnover) (in the paint) made by Olivia Anderson(WASH),10 - 10,5254254,561205,560766,2024-03-22
1,05:20,Turnover bad pass (outside center) Jada Claude(GU),10 - 8,5254254,561205,560766,2024-03-22
1,05:30,Free throw 1 of 1 missed by Elle Ladine(WASH),12 - 12,5254254,561205,560766,2024-03-22
1,05:30,Substitution GU: in Jada Claude,10 - 8,5254254,561205,560766,2024-03-22
1,05:30,Substitution GU: in Kaliyah Myricks,10 - 8,5254254,561205,560766,2024-03-22
1,05:30,Substitution GU: out Graceann Bennett,10 - 8,5254254,561205,560766,2024-03-22
1,05:30,Substitution GU: out Victoria Rivera,10 - 8,5254254,561205,560766,2024-03-22
1,05:30,Substitution WASH: in Chloe Briggs,10 - 8,5254254,561205,560766,2024-03-22
1,05:30,Substitution WASH: out Sayvia Sellers,10 - 8,5254254,561205,560766,2024-03-22
1,05:30,Foul personal (shooting;1 free throw) (in the paint) Kelsey Ransom(GU),10 - 8,5254254,561205,560766,2024-03-22
1,05:30,2pt driving layup (in the paint) made by Elle Ladine(WASH),10 - 8,5254254,561205,560766,2024-03-22
1,05:51,2pt layup (under the basket) missed by Graceann Bennett(GU),10 - 6,5254254,561205,560766,2024-03-22
1,06:07,"3pt jump shot (outside right) missed by Hannah Stines(WASH), rebound defensive Mya Bembry(GU)",10 - 6,5254254,561205,560766,2024-03-22
1,06:25,2pt layup (in the paint) made by Graceann Bennett(GU),10 - 6,5254254,561205,560766,2024-03-22
1,06:25,2pt (in the paint) missed by GU,8 - 6,5254254,561205,560766,2024-03-22
1,06:51,"3pt jump shot (outside left) missed by Sayvia Sellers(WASH), rebound defensive Mya Bembry(GU)",8 - 6,5254254,561205,560766,2024-03-22
1,07:16,"2pt pull up jump shot (in the paint) missed by Kelsey Ransom(GU), rebound defensive Olivia Anderson(WASH)",8 - 6,5254254,561205,560766,2024-03-22
1,07:29,2pt jump shot (in the paint) made by Hannah Stines(WASH),8 - 6,5254254,561205,560766,2024-03-22
1,07:42,"3pt jump shot (outside left wing) made by Kelsey Ransom(GU), assist Graceann Bennett(GU)",8 - 4,5254254,561205,560766,2024-03-22
1,07:44,"Foul personal (in the paint) Sayvia Sellers(WASH), foul on Graceann Bennett(GU)",5 - 4,5254254,561205,560766,2024-03-22
1,07:58,Free throw 2 of 2 made by Sayvia Sellers(WASH),5 - 4,5254254,561205,560766,2024-03-22
1,07:58,Free throw 1 of 2 made by Sayvia Sellers(WASH),5 - 3,5254254,561205,560766,2024-03-22
1,07:58,Substitution GU: in Mya Bembry,5 - 2,5254254,561205,560766,2024-03-22
1,07:58,Substitution GU: out Ariel Jenkins,5 - 2,5254254,561205,560766,2024-03-22
1,07:58,Foul personal (shooting;2 free throws) (in the paint) Ariel Jenkins(GU),5 - 2,5254254,561205,560766,2024-03-22
1,08:08,"3pt jump shot (2nd chance) (outside left) missed by Victoria Rivera(GU), rebound defensive Hannah Stines(WASH)",5 - 2,5254254,561205,560766,2024-03-22
1,08:12,"Free throw 2 of 2 (2nd chance;off turnover) missed by Ariel Jenkins(GU), rebound offensive Victoria Rivera(GU)",5 - 2,5254254,561205,560766,2024-03-22
1,08:12,Free throw 1 of 2 (2nd chance;off turnover) made by Ariel Jenkins(GU),5 - 2,5254254,561205,560766,2024-03-22
1,08:12,Substitution WASH: in Olivia Anderson,4 - 2,5254254,561205,560766,2024-03-22
1,08:12,Substitution WASH: out Dalayah Daniels,4 - 2,5254254,561205,560766,2024-03-22
1,08:12,Foul personal (shooting;2 free throws) (under the basket) Dalayah Daniels(WASH),4 - 2,5254254,561205,560766,2024-03-22
1,08:13,"2pt driving layup (off turnover) (under the basket) missed by Kelsey Ransom(GU), rebound offensive Ariel Jenkins(GU)",4 - 2,5254254,561205,560766,2024-03-22
1,08:18,Turnover lost ball (back court) Elle Ladine(WASH),4 - 2,5254254,561205,560766,2024-03-22
1,08:20,"Turnover lost ball (inside right) Graceann Bennett(GU), steal Elle Ladine(WASH)",4 - 2,5254254,561205,560766,2024-03-22
1,08:37,Free throw 2 of 2 (2nd chance) made by Dalayah Daniels(WASH),4 - 2,5254254,561205,560766,2024-03-22
1,08:37,Free throw 1 of 2 (2nd chance) made by Dalayah Daniels(WASH),4 - 1,5254254,561205,560766,2024-03-22
1,08:37,Foul personal (shooting;2 free throws) (under the basket) Ariel Jenkins(GU),4 - 0,5254254,561205,560766,2024-03-22
1,08:38,"2pt layup (in the paint) missed by Dalayah Daniels(WASH), rebound offensive Dalayah Daniels(WASH)",4 - 0,5254254,561205,560766,2024-03-22
1,09:07,"2pt jump shot (off turnover) (inside center) made by Ariel Jenkins(GU), assist Graceann Bennett(GU)",4 - 0,5254254,561205,560766,2024-03-22
1,09:22,Turnover bad pass (under the basket) Dalayah Daniels(WASH),2 - 0,5254254,561205,560766,2024-03-22
1,09:26,"2pt layup (in the paint) missed by Dalayah Daniels(WASH), rebound offensive Dalayah Daniels(WASH)",2 - 0,5254254,561205,560766,2024-03-22
1,09:49,"2pt jump shot (in the paint) made by Graceann Bennett(GU), assist Kelsey Ransom(GU)",2 - 0,5254254,561205,560766,2024-03-22
1,10:00,"Jump ball start period, won Ariel Jenkins(GU), lost Dalayah Daniels(WASH)",0 - 0,5254254,561205,560766,2024-03-22
1,10:00,Period start,0 - 0,5254254,561205,560766,2024-03-22
1,10:00,Game start,0 - 0,5254254,561205,560766,2024-03-22
1,00:00.00,Period end (confirmed),18 - 13,5254262,560656,560786,2024-03-22
1,00:00.10,3pt jump shot (back court) missed by Leilani McIntosh(California),18 - 13,5254262,560656,560786,2024-03-22
1,00:06.70,"3pt jump shot (outside right) missed by MeiLani McBee(Hawaii), rebound defensive Kemery Martin(California)",18 - 13,5254262,560656,560786,2024-03-22
1,00:14.00,"2pt driving layup (under the basket) missed by Ugonne Onyiah(California), rebound defensive Kelsie Imai(Hawaii)",18 - 13,5254262,560656,560786,2024-03-22
1,00:14.00,2pt (under the basket) made by California,18 - 15,5254262,560656,560786,2024-03-22
1,00:34.70,"2pt turnaround jump shot (off turnover) (in the paint) made by Brooklyn Rewers(Hawaii), assist Olivia Davies(Hawaii)",18 - 13,5254262,560656,560786,2024-03-22
1,00:47.70,"Turnover bad pass (outside left) Mia Mastrov(California), steal MeiLani McBee(Hawaii)",16 - 13,5254262,560656,560786,2024-03-22
1,01:01,Free throw 2 of 2 (2nd chance;off turnover) made by MeiLani McBee(Hawaii),16 - 13,5254262,560656,560786,2024-03-22
1,01:01,"Free throw 1 of 2 (2nd chance;off turnover) missed by MeiLani McBee(Hawaii), rebound offensive dead ball Hawaii",15 - 13,5254262,560656,560786,2024-03-22
1,01:01,Substitution California: in Claudia Langarita,15 - 13,5254262,560656,560786,2024-03-22
1,01:01,Substitution California: in Kemery Martin,15 - 13,5254262,560656,560786,2024-03-22
1,01:01,Substitution California: out Ioanna Krimili,15 - 13,5254262,560656,560786,2024-03-22
1,01:01,Substitution California: out Marta Suárez,15 - 13,5254262,560656,560786,2024-03-22
1,01:01,"Foul personal (shooting;2 free throws) (under the basket) Ioanna Krimili(California), foul on MeiLani McBee(Hawaii)",16 - 13,5254262,560656,560786,2024-03-22
1,01:05,"2pt driving layup (off turnover) (under the basket) missed by MeiLani McBee(Hawaii), rebound offensive Brooklyn Rewers(Hawaii)",15 - 13,5254262,560656,560786,2024-03-22
1,01:24,Substitution Hawaii: in Kelsie Imai,15 - 13,5254262,560656,560786,2024-03-22
1,01:24,Substitution Hawaii: out Lily Wahinekapu,15 - 13,5254262,560656,560786,2024-03-22
1,01:24,Substitution California: in Ioanna Krimili,15 - 13,5254262,560656,560786,2024-03-22
1,01:24,Substitution California: in Leilani McIntosh,15 - 13,5254262,560656,560786,2024-03-22
1,01:24,Substitution California: out Kemery Martin,15 - 13,5254262,560656,560786,2024-03-22
1,01:24,Substitution California: out Lulu Laditan-Twidale,15 - 13,5254262,560656,560786,2024-03-22
1,01:24,Turnover out of bounds (back court) Marta Suárez(California),15 - 13,5254262,560656,560786,2024-03-22
1,01:26,3pt pull up jump shot (outside right) made by Olivia Davies(Hawaii),15 - 13,5254262,560656,560786,2024-03-22
1,01:46,2pt jump shot (inside left) made by Lulu Laditan-Twidale(California),12 - 13,5254262,560656,560786,2024-03-22
1,02:03,2pt layup (2nd chance) (under the basket) made by Lily Wahinekapu(Hawaii),12 - 11,5254262,560656,560786,2024-03-22
1,02:24,"3pt jump shot (outside left) missed by Imani Perez(Hawaii), rebound offensive Brooklyn Rewers(Hawaii)",10 - 11,5254262,560656,560786,2024-03-22
1,02:34,"2pt turnaround jump shot (inside left) missed by Marta Suárez(California), rebound defensive Lily Wahinekapu(Hawaii)",10 - 11,5254262,560656,560786,2024-03-22
1,02:51,2pt layup (under the basket) made by Brooklyn Rewers(Hawaii),10 - 11,5254262,560656,560786,2024-03-22
1,03:12,"2pt layup (under the basket) missed by Ugonne Onyiah(California), rebound defensive Brooklyn Rewers(Hawaii)",8 - 11,5254262,560656,560786,2024-03-22
1,03:28,"2pt driving layup (under the basket) missed by Lily Wahinekapu(Hawaii), rebound defensive Ugonne Onyiah(California)",8 - 11,5254262,560656,560786,2024-03-22
1,03:45,Substitution Hawaii: in Olivia Davies,8 - 11,5254262,560656,560786,2024-03-22
1,03:45,Substitution Hawaii: in MeiLani McBee,8 - 11,5254262,560656,560786,2024-03-22
1,03:45,Substitution Hawaii: in Brooklyn Rewers,8 - 11,5254262,560656,560786,2024-03-22
1,03:45,Substitution Hawaii: in Imani Perez,8 - 11,5254262,560656,560786,2024-03-22
1,03:45,Substitution Hawaii: in Lily Wahinekapu,8 - 11,5254262,560656,560786,2024-03-22
1,03:45,Substitution Hawaii: out Jacque David,8 - 11,5254262,560656,560786,2024-03-22
1,03:45,Substitution Hawaii: out Jade Peacock,8 - 11,5254262,560656,560786,2024-03-22
1,03:45,Substitution Hawaii: out Daejah Phillips,8 - 11,5254262,560656,560786,2024-03-22
1,03:45,Substitution Hawaii: out Ashley Thoms,8 - 11,5254262,560656,560786,2024-03-22
1,03:45,Substitution Hawaii: out Kelsie Imai,8 - 11,5254262,560656,560786,2024-03-22
1,03:45,Substitution California: in Mia Mastrov,8 - 11,5254262,560656,560786,2024-03-22
1,03:45,Substitution California: in Marta Suárez,8 - 11,5254262,560656,560786,2024-03-22
1,03:45,Substitution California: in Ugonne Onyiah,8 - 11,5254262,560656,560786,2024-03-22
1,03:45,Substitution California: out Ioanna Krimili,8 - 11,5254262,560656,560786,2024-03-22
1,03:45,Substitution California: out Ila Lane,8 - 11,5254262,560656,560786,2024-03-22
1,03:45,Substitution California: out Leilani McIntosh,8 - 11,5254262,560656,560786,2024-03-22
1,03:45,Timeout commercial,8 - 11,5254262,560656,560786,2024-03-22
1,03:45,"Foul personal (outside right) Ioanna Krimili(California), foul on Kelsie Imai(Hawaii)",8 - 11,5254262,560656,560786,2024-03-22
1,04:05,2pt pull up jump shot (inside right) made by Kemery Martin(California),8 - 11,5254262,560656,560786,2024-03-22
1,04:23,"2pt hook shot (in the paint) missed by Daejah Phillips(Hawaii), rebound defensive Kemery Martin(California)",8 - 9,5254262,560656,560786,2024-03-22
1,04:43,"3pt jump shot (off turnover) (outside right) missed by Lulu Laditan-Twidale(California), rebound defensive Daejah Phillips(Hawaii)",8 - 9,5254262,560656,560786,2024-03-22
1,04:52,"Turnover lost ball (in the paint) Kelsie Imai(Hawaii), steal Leilani McIntosh(California)",8 - 9,5254262,560656,560786,2024-03-22
1,05:11,3pt jump shot (outside right) made by Kemery Martin(California),8 - 9,5254262,560656,560786,2024-03-22
1,05:32,2pt driving layup (under the basket) made by Kelsie Imai(Hawaii),8 - 6,5254262,560656,560786,2024-03-22
1,05:59,"2pt hook shot (under the basket) made by Ila Lane(California), assist Leilani McIntosh(California)",6 - 6,5254262,560656,560786,2024-03-22
1,06:11,"3pt jump shot (outside left) missed by Jacque David(Hawaii), rebound defensive Lulu Laditan-Twidale(California)",6 - 4,5254262,560656,560786,2024-03-22
1,06:26,Substitution Hawaii: in Jade Peacock,6 - 4,5254262,560656,560786,2024-03-22
1,06:26,Substitution Hawaii: out MeiLani McBee,6 - 4,5254262,560656,560786,2024-03-22
1,06:26,Substitution California: in Lulu Laditan-Twidale,6 - 4,5254262,560656,560786,2024-03-22
1,06:26,Substitution California: out Marta Suárez,6 - 4,5254262,560656,560786,2024-03-22
1,06:26,"Foul personal (back court) Marta Suárez(California), foul on MeiLani McBee(Hawaii)",6 - 4,5254262,560656,560786,2024-03-22
1,06:26,"3pt jump shot (outside left) missed by Ioanna Krimili(California), rebound defensive (team) Hawaii",6 - 4,5254262,560656,560786,2024-03-22
1,06:34,"2pt layup (off turnover) (under the basket) missed by Jacque David(Hawaii), rebound defensive Ioanna Krimili(California)",6 - 4,5254262,560656,560786,2024-03-22
1,06:57,Turnover travel (in the paint) Marta Suárez(California),6 - 4,5254262,560656,560786,2024-03-22
1,07:02,"3pt jump shot (outside right) missed by Leilani McIntosh(California), rebound offensive Marta Suárez(California)",6 - 4,5254262,560656,560786,2024-03-22
1,07:17,Substitution Hawaii: in Daejah Phillips,6 - 4,5254262,560656,560786,2024-03-22
1,07:17,Substitution Hawaii: out Olivia Davies,6 - 4,5254262,560656,560786,2024-03-22
1,07:17,Free throw 2 of 2 (2nd chance) made by Olivia Davies(Hawaii),6 - 4,5254262,560656,560786,2024-03-22
1,07:17,Free throw 1 of 2 (2nd chance) made by Olivia Davies(Hawaii),5 - 4,5254262,560656,560786,2024-03-22
1,07:17,Substitution Hawaii: in Jacque David,4 - 4,5254262,560656,560786,2024-03-22
1,07:17,Substitution Hawaii: in Kelsie Imai,4 - 4,5254262,560656,560786,2024-03-22
1,07:17,Substitution Hawaii: out Imani Perez,4 - 4,5254262,560656,560786,2024-03-22
1,07:17,Substitution Hawaii: out Lily Wahinekapu,4 - 4,5254262,560656,560786,2024-03-22
1,07:17,Substitution California: in Ila Lane,4 - 4,5254262,560656,560786,2024-03-22
1,07:17,Substitution California: out Ugonne Onyiah,4 - 4,5254262,560656,560786,2024-03-22
1,07:17,"Foul personal (shooting;2 free throws) (under the basket) Kemery Martin(California), foul on Olivia Davies(Hawaii)",6 - 4,5254262,560656,560786,2024-03-22
1,07:28,"2pt driving layup (under the basket) missed by Olivia Davies(Hawaii), rebound offensive Olivia Davies(Hawaii)",4 - 4,5254262,560656,560786,2024-03-22
1,07:38,"3pt jump shot (outside left) missed by Ioanna Krimili(California), rebound defensive Imani Perez(Hawaii)",4 - 4,5254262,560656,560786,2024-03-22
1,07:51,2pt layup (2nd chance;off turnover) (under the basket) made by Lily Wahinekapu(Hawaii),4 - 4,5254262,560656,560786,2024-03-22
1,07:55,"2pt layup (off turnover) (under the basket) missed by MeiLani McBee(Hawaii), rebound offensive Lily Wahinekapu(Hawaii)",2 - 4,5254262,560656,560786,2024-03-22
1,08:10,Turnover travel (in the paint) Ugonne Onyiah(California),2 - 4,5254262,560656,560786,2024-03-22
1,08:25,"2pt jump shot (inside right) missed by Marta Suárez(California), rebound offensive (team) California",2 - 4,5254262,560656,560786,2024-03-22
1,08:37,"3pt jump shot (outside left) missed by MeiLani McBee(Hawaii), rebound defensive Kemery Martin(California)",2 - 4,5254262,560656,560786,2024-03-22
1,09:00,2pt layup (2nd chance) (under the basket) made by Ugonne Onyiah(California),2 - 4,5254262,560656,560786,2024-03-22
1,09:03,"2pt layup (under the basket) missed by Ugonne Onyiah(California), rebound offensive Ugonne Onyiah(California)",2 - 2,5254262,560656,560786,2024-03-22
1,09:18,2pt layup (under the basket) made by MeiLani McBee(Hawaii),2 - 2,5254262,560656,560786,2024-03-22
1,09:45,"2pt layup (under the basket) made by Ugonne Onyiah(California), assist Marta Suárez(California)",0 - 2,5254262,560656,560786,2024-03-22
1,10:00,"Jump ball start period, won Ugonne Onyiah(California), lost Imani Perez(Hawaii)",0 - 0,5254262,560656,560786,2024-03-22
1,10:00,Period start,0 - 0,5254262,560656,560786,2024-03-22
1,10:00,Game start,0 - 0,5254262,560656,560786,2024-03-22
