Period,Clock,Play,Score,game_id,home_id,away_id,game_date
4,05:03,Timeout commercial,71 - 71,5254448,560952,561728,2024-03-23
4,05:03,Timeout full LEM,71 - 71,5254448,560952,561728,2024-03-23
4,05:03,"Foul personal (back court) Kaia Goode(LEM), foul on Aaliyah Parker(NIA)",71 - 71,5254448,560952,561728,2024-03-23
4,05:05,"2pt layup (blocked) (under the basket) missed by Lytoya Baker(LEM), block Saige Glover(NIA), rebound defensive Aaliyah Parker(NIA)",71 - 71,5254448,560952,561728,2024-03-23
4,05:05,Substitution LEM: in Haedyn Roberts,71 - 71,5254448,560952,561728,2024-03-23
4,05:05,Substitution LEM: out Leah Middleton,71 - 71,5254448,560952,561728,2024-03-23
4,05:05,Free throw 2 of 2 made by Aaliyah Parker(NIA),71 - 71,5254448,560952,561728,2024-03-23
4,05:05,Free throw 1 of 2 made by Aaliyah Parker(NIA),71 - 70,5254448,560952,561728,2024-03-23
4,05:08,Foul personal (shooting;2 free throws) (under the basket) Lytoya Baker(LEM),71 - 69,5254448,560952,561728,2024-03-23
4,05:27,2pt layup (under the basket) made by Lytoya Baker(LEM),71 - 69,5254448,560952,561728,2024-03-23
4,05:44,Free throw 2 of 2 made by Aaliyah Parker(NIA),69 - 69,5254448,560952,561728,2024-03-23
4,05:44,Free throw 1 of 2 made by Aaliyah Parker(NIA),69 - 68,5254448,560952,561728,2024-03-23
4,05:44,Foul personal (shooting;2 free throws) (under the basket) Kaia Goode(LEM),69 - 67,5254448,560952,561728,2024-03-23
4,05:58,2pt layup (off turnover) (under the basket) made by Sydney Lusher(LEM),69 - 67,5254448,560952,561728,2024-03-23
4,06:04,"Turnover bad pass (in the paint) Aaliyah Parker(NIA), steal Sydney Lusher(LEM)",67 - 67,5254448,560952,561728,2024-03-23
4,06:11,Substitution LEM: in Sydney Lusher,67 - 67,5254448,560952,561728,2024-03-23
4,06:11,Substitution LEM: out Emily Florvil,67 - 67,5254448,560952,561728,2024-03-23
4,06:11,"Foul personal (inside center) Emily Florvil(LEM), foul on Chardonnay Hartley(NIA)",67 - 67,5254448,560952,561728,2024-03-23
4,06:34,Substitution LEM: in Emily Florvil,67 - 67,5254448,560952,561728,2024-03-23
4,06:34,Substitution LEM: out Sydney Lusher,67 - 67,5254448,560952,561728,2024-03-23
4,06:34,Free throw 2 of 2 made by Sydney Lusher(LEM),67 - 67,5254448,560952,561728,2024-03-23
4,06:34,Free throw 1 of 2 made by Sydney Lusher(LEM),66 - 67,5254448,560952,561728,2024-03-23
4,06:34,Substitution NIA: in Saige Glover,65 - 67,5254448,560952,561728,2024-03-23
4,06:34,Substitution NIA: out Alyssa Rossignol,65 - 67,5254448,560952,561728,2024-03-23
4,06:34,Foul personal (2 free throws) (inside right) Alyssa Rossignol(NIA),65 - 67,5254448,560952,561728,2024-03-23
4,06:43,"Foul personal (back court) Chardonnay Hartley(NIA), foul on Kaia Goode(LEM)",65 - 67,5254448,560952,561728,2024-03-23
4,06:51,2pt layup (under the basket) made by Destiny Strother(NIA),65 - 67,5254448,560952,561728,2024-03-23
4,07:02,"2pt jump shot (blocked) (inside left) missed by Kaia Goode(LEM), block Alyssa Rossignol(NIA), rebound defensive Alyssa Rossignol(NIA)",65 - 67,5254448,560952,561728,2024-03-23
4,07:11,Substitution LEM: in Leah Middleton,65 - 65,5254448,560952,561728,2024-03-23
4,07:11,Substitution LEM: out Haedyn Roberts,65 - 65,5254448,560952,561728,2024-03-23
4,07:11,Substitution NIA: in Chardonnay Hartley,65 - 65,5254448,560952,561728,2024-03-23
4,07:11,Substitution NIA: out Angel Parker,65 - 65,5254448,560952,561728,2024-03-23
4,07:11,"Foul personal (back court) Alyssa Rossignol(NIA), foul on Lytoya Baker(LEM)",65 - 65,5254448,560952,561728,2024-03-23
4,07:13,"3pt jump shot (outside left) missed by Destiny Strother(NIA), rebound defensive Sierra Linnin(LEM)",65 - 65,5254448,560952,561728,2024-03-23
4,07:27,"2pt layup (under the basket) made by Haedyn Roberts(LEM), assist Kaia Goode(LEM)",65 - 65,5254448,560952,561728,2024-03-23
4,07:41,"3pt jump shot (outside left) made by Aaliyah Parker(NIA), assist Ary Hicks(NIA)",63 - 65,5254448,560952,561728,2024-03-23
4,07:48,Free throw 2 of 2 (fast break;off turnover) made by Sierra Linnin(LEM),63 - 62,5254448,560952,561728,2024-03-23
4,07:48,Free throw 1 of 2 (fast break;off turnover) made by Sierra Linnin(LEM),62 - 62,5254448,560952,561728,2024-03-23
4,07:48,Substitution NIA: in Ary Hicks,61 - 62,5254448,560952,561728,2024-03-23
4,07:48,Substitution NIA: out Marlie Dickerson,61 - 62,5254448,560952,561728,2024-03-23
4,07:48,Foul personal (shooting;2 free throws) (under the basket) Marlie Dickerson(NIA),61 - 62,5254448,560952,561728,2024-03-23
4,07:52,"Turnover bad pass (outside left) Destiny Strother(NIA), steal Sierra Linnin(LEM)",61 - 62,5254448,560952,561728,2024-03-23
4,08:16,"2pt layup (off turnover) (in the paint) missed by Sydney Lusher(LEM), rebound defensive Aaliyah Parker(NIA)",61 - 62,5254448,560952,561728,2024-03-23
4,08:23,"Turnover bad pass (inside right) Marlie Dickerson(NIA), steal Kaia Goode(LEM)",61 - 62,5254448,560952,561728,2024-03-23
4,08:32,Substitution NIA: in Alyssa Rossignol,61 - 62,5254448,560952,561728,2024-03-23
4,08:32,Substitution NIA: in Aaliyah Parker,61 - 62,5254448,560952,561728,2024-03-23
4,08:32,Substitution NIA: out Saige Glover,61 - 62,5254448,560952,561728,2024-03-23
4,08:32,Substitution NIA: out Amelia Strong,61 - 62,5254448,560952,561728,2024-03-23
4,08:32,Jump ball held ball NIA,61 - 62,5254448,560952,561728,2024-03-23
4,08:32,"3pt jump shot (outside center) missed by Angel Parker(NIA), rebound offensive Saige Glover(NIA)",61 - 62,5254448,560952,561728,2024-03-23
4,08:46,2pt driving layup (under the basket) made by Sydney Lusher(LEM),61 - 62,5254448,560952,561728,2024-03-23
4,08:56,"2pt jump shot (under the basket) made by Amelia Strong(NIA), assist Destiny Strother(NIA), assist Angel Parker(NIA)",59 - 62,5254448,560952,561728,2024-03-23
4,09:08,"Free throw 2 of 2 missed by Lytoya Baker(LEM), rebound defensive Destiny Strother(NIA)",59 - 60,5254448,560952,561728,2024-03-23
4,09:08,"Free throw 1 of 2 missed by Lytoya Baker(LEM), rebound offensive dead ball LEM",59 - 60,5254448,560952,561728,2024-03-23
4,09:08,Foul personal (shooting;2 free throws) (in the paint) Amelia Strong(NIA),59 - 60,5254448,560952,561728,2024-03-23
4,09:35,"2pt layup (off turnover) (under the basket) made by Amelia Strong(NIA), assist Marlie Dickerson(NIA)",59 - 60,5254448,560952,561728,2024-03-23
4,09:50,"Turnover bad pass (outside center) Sydney Lusher(LEM), steal Marlie Dickerson(NIA)",59 - 58,5254448,560952,561728,2024-03-23
4,10:00,Period start,59 - 58,5254448,560952,561728,2024-03-23
4,10:00,Substitution LEM: in Haedyn Roberts,59 - 58,5254448,560952,561728,2024-03-23
4,10:00,Substitution LEM: out Brianna Williams,59 - 58,5254448,560952,561728,2024-03-23
4,10:00,Substitution NIA: in Destiny Strother,59 - 58,5254448,560952,561728,2024-03-23
4,10:00,Substitution NIA: out Ary Hicks,59 - 58,5254448,560952,561728,2024-03-23
3,00:00.00,Period end (confirmed),59 - 58,5254448,560952,561728,2024-03-23
3,00:07.90,Free throw 2 of 2 made by Amelia Strong(NIA),59 - 58,5254448,560952,561728,2024-03-23
3,00:07.90,Free throw 1 of 2 made by Amelia Strong(NIA),59 - 57,5254448,560952,561728,2024-03-23
3,00:07.90,Foul personal (2 free throws) (under the basket) Sydney Lusher(LEM),59 - 56,5254448,560952,561728,2024-03-23
3,00:19.70,2pt driving layup (under the basket) made by Lytoya Baker(LEM),59 - 56,5254448,560952,561728,2024-03-23
3,00:24.80,"Free throw 2 of 2 (fast break) missed by Amelia Strong(NIA), rebound defensive Lytoya Baker(LEM)",57 - 56,5254448,560952,561728,2024-03-23
3,00:24.80,Free throw 1 of 2 (fast break) made by Amelia Strong(NIA),57 - 56,5254448,560952,561728,2024-03-23
3,00:24.80,Foul personal (2 free throws) (back court) Brianna Williams(LEM),57 - 55,5254448,560952,561728,2024-03-23
3,00:24.80,"Free throw 2 of 2 (fast break;off turnover) missed by Lytoya Baker(LEM), rebound defensive Amelia Strong(NIA)",57 - 55,5254448,560952,561728,2024-03-23
3,00:24.80,Free throw 1 of 2 (fast break;off turnover) made by Lytoya Baker(LEM),57 - 55,5254448,560952,561728,2024-03-23
3,00:24.80,Substitution NIA: in Saige Glover,56 - 55,5254448,560952,561728,2024-03-23
3,00:24.80,Substitution NIA: out Aaliyah Parker,56 - 55,5254448,560952,561728,2024-03-23
3,00:24.80,Foul personal (2 free throws) (in the paint) Aaliyah Parker(NIA),56 - 55,5254448,560952,561728,2024-03-23
3,00:25.60,"Turnover lost ball (back court) Angel Parker(NIA), steal Sydney Lusher(LEM)",56 - 55,5254448,560952,561728,2024-03-23
3,00:29.20,"3pt jump shot (outside left) missed by Sierra Linnin(LEM), rebound defensive Angel Parker(NIA)",56 - 55,5254448,560952,561728,2024-03-23
3,00:42.70,"2pt jump shot (off turnover) (in the paint) missed by Angel Parker(NIA), rebound defensive Lytoya Baker(LEM)",56 - 55,5254448,560952,561728,2024-03-23
3,01:00,Turnover travel (under the basket) Brianna Williams(LEM),56 - 55,5254448,560952,561728,2024-03-23
3,01:09,"2pt jump shot (in the paint) missed by Aaliyah Parker(NIA), rebound defensive Sierra Linnin(LEM)",56 - 55,5254448,560952,561728,2024-03-23
3,01:25,Free throw 2 of 2 made by Kaia Goode(LEM),56 - 55,5254448,560952,561728,2024-03-23
3,01:25,"Free throw 1 of 2 missed by Kaia Goode(LEM), rebound offensive dead ball LEM",55 - 55,5254448,560952,561728,2024-03-23
3,01:25,Substitution LEM: in Brianna Williams,55 - 55,5254448,560952,561728,2024-03-23
3,01:25,Substitution LEM: out Haedyn Roberts,55 - 55,5254448,560952,561728,2024-03-23
3,01:25,Foul personal (2 free throws) (inside left) Marlie Dickerson(NIA),55 - 55,5254448,560952,561728,2024-03-23
3,01:34,"2pt layup (in the paint) missed by Amelia Strong(NIA), rebound defensive dead ball LEM",55 - 55,5254448,560952,561728,2024-03-23
3,01:46,"3pt jump shot (off turnover) (outside right) made by Sierra Linnin(LEM), assist Lytoya Baker(LEM)",55 - 55,5254448,560952,561728,2024-03-23
3,01:53,"Turnover lost ball (in the paint) Amelia Strong(NIA), steal Haedyn Roberts(LEM)",52 - 55,5254448,560952,561728,2024-03-23
3,02:04,"Free throw 1 of 1 (2nd chance;off turnover) missed by Aaliyah Parker(NIA), rebound offensive Amelia Strong(NIA)",52 - 55,5254448,560952,561728,2024-03-23
3,02:04,Substitution LEM: in Kaia Goode,52 - 55,5254448,560952,561728,2024-03-23
3,02:04,Substitution LEM: out Emily Florvil,52 - 55,5254448,560952,561728,2024-03-23
3,02:04,Foul personal (shooting;1 free throw) (under the basket) Emily Florvil(LEM),52 - 55,5254448,560952,561728,2024-03-23
3,02:04,"2pt layup (2nd chance;off turnover) (under the basket) made by Aaliyah Parker(NIA), assist Angel Parker(NIA)",52 - 55,5254448,560952,561728,2024-03-23
3,02:06,"Foul personal (under the basket) Emily Florvil(LEM), foul on Aaliyah Parker(NIA)",52 - 53,5254448,560952,561728,2024-03-23
3,02:08,"2pt jump shot (off turnover) (inside left) missed by Angel Parker(NIA), rebound offensive Aaliyah Parker(NIA)",52 - 53,5254448,560952,561728,2024-03-23
3,02:18,Substitution LEM: in Lytoya Baker,52 - 53,5254448,560952,561728,2024-03-23
3,02:18,Substitution LEM: out Leah Middleton,52 - 53,5254448,560952,561728,2024-03-23
3,02:18,Turnover bad pass (in the paint) Emily Florvil(LEM),52 - 53,5254448,560952,561728,2024-03-23
3,02:23,"Turnover lost ball (back court) Angel Parker(NIA), steal Emily Florvil(LEM)",52 - 53,5254448,560952,561728,2024-03-23
3,02:30,"Foul offensive (outside right) Sydney Lusher(LEM), turnover offensive Sydney Lusher(LEM), foul on Angel Parker(NIA)",52 - 53,5254448,560952,561728,2024-03-23
3,02:44,2pt jump shot (inside right) made by Angel Parker(NIA),52 - 53,5254448,560952,561728,2024-03-23
3,02:49,Timeout commercial,52 - 51,5254448,560952,561728,2024-03-23
3,02:49,Timeout short NIA,52 - 51,5254448,560952,561728,2024-03-23
3,03:07,Free throw 2 of 2 made by Leah Middleton(LEM),52 - 51,5254448,560952,561728,2024-03-23
3,03:07,Free throw 1 of 2 made by Leah Middleton(LEM),51 - 51,5254448,560952,561728,2024-03-23
3,03:07,Substitution LEM: in Sydney Lusher,50 - 51,5254448,560952,561728,2024-03-23
3,03:07,Substitution LEM: out Lytoya Baker,50 - 51,5254448,560952,561728,2024-03-23
3,03:07,Substitution NIA: in Marlie Dickerson,50 - 51,5254448,560952,561728,2024-03-23
3,03:07,Substitution NIA: in Angel Parker,50 - 51,5254448,560952,561728,2024-03-23
3,03:07,Substitution NIA: in Amelia Strong,50 - 51,5254448,560952,561728,2024-03-23
3,03:07,Substitution NIA: in Aaliyah Parker,50 - 51,5254448,560952,561728,2024-03-23
3,03:07,Substitution NIA: out Saige Glover,50 - 51,5254448,560952,561728,2024-03-23
3,03:07,Substitution NIA: out Alyssa Rossignol,50 - 51,5254448,560952,561728,2024-03-23
3,03:07,Substitution NIA: out Destiny Strother,50 - 51,5254448,560952,561728,2024-03-23
3,03:07,Substitution NIA: out Chardonnay Hartley,50 - 51,5254448,560952,561728,2024-03-23
3,03:07,Foul personal (2 free throws) (outside right) Chardonnay Hartley(NIA),50 - 51,5254448,560952,561728,2024-03-23
3,03:27,"2pt jump shot (inside left) missed by Saige Glover(NIA), rebound defensive Sierra Linnin(LEM)",50 - 51,5254448,560952,561728,2024-03-23
3,03:50,"3pt jump shot (outside left wing) made by Sierra Linnin(LEM), assist Emily Florvil(LEM)",50 - 51,5254448,560952,561728,2024-03-23
3,04:00,"3pt jump shot (outside left) missed by Destiny Strother(NIA), rebound defensive Haedyn Roberts(LEM)",47 - 51,5254448,560952,561728,2024-03-23
3,04:21,"3pt jump shot (outside left) made by Sierra Linnin(LEM), assist Haedyn Roberts(LEM)",47 - 51,5254448,560952,561728,2024-03-23
3,04:43,"2pt layup (off turnover) (in the paint) missed by Destiny Strother(NIA), rebound defensive Emily Florvil(LEM)",44 - 51,5254448,560952,561728,2024-03-23
3,04:47,"Turnover bad pass (back court) Lytoya Baker(LEM), steal Destiny Strother(NIA)",44 - 51,5254448,560952,561728,2024-03-23
3,04:55,Free throw 2 of 2 (2nd chance) made by Saige Glover(NIA),44 - 51,5254448,560952,561728,2024-03-23
3,04:55,Free throw 1 of 2 (2nd chance) made by Saige Glover(NIA),44 - 50,5254448,560952,561728,2024-03-23
3,04:55,Substitution NIA: in Alyssa Rossignol,44 - 49,5254448,560952,561728,2024-03-23
3,04:55,Substitution NIA: out Amelia Strong,44 - 49,5254448,560952,561728,2024-03-23
3,04:55,Timeout commercial,44 - 49,5254448,560952,561728,2024-03-23
3,04:55,Foul personal (shooting;2 free throws) (under the basket) Leah Middleton(LEM),44 - 49,5254448,560952,561728,2024-03-23
3,04:55,"2pt layup (in the paint) missed by Amelia Strong(NIA), rebound offensive Saige Glover(NIA)",44 - 49,5254448,560952,561728,2024-03-23
3,05:09,"Free throw 1 of 1 missed by Haedyn Roberts(LEM), rebound defensive Amelia Strong(NIA)",44 - 49,5254448,560952,561728,2024-03-23
3,05:09,Substitution LEM: in Leah Middleton,44 - 49,5254448,560952,561728,2024-03-23
3,05:09,Substitution LEM: out Kaia Goode,44 - 49,5254448,560952,561728,2024-03-23
3,05:09,Substitution NIA: in Chardonnay Hartley,44 - 49,5254448,560952,561728,2024-03-23
3,05:09,Substitution NIA: out Angel Parker,44 - 49,5254448,560952,561728,2024-03-23
3,05:09,Foul personal (shooting;1 free throw) (under the basket) Amelia Strong(NIA),44 - 49,5254448,560952,561728,2024-03-23
3,05:09,"2pt layup (under the basket) made by Haedyn Roberts(LEM), assist Kaia Goode(LEM)",44 - 49,5254448,560952,561728,2024-03-23
3,05:25,"3pt jump shot (outside left) made by Destiny Strother(NIA), assist Amelia Strong(NIA)",42 - 49,5254448,560952,561728,2024-03-23
3,05:46,"2pt layup (under the basket) made by Lytoya Baker(LEM), assist Emily Florvil(LEM)",42 - 46,5254448,560952,561728,2024-03-23
3,05:56,Substitution LEM: in Sierra Linnin,40 - 46,5254448,560952,561728,2024-03-23
3,05:56,Substitution LEM: out Michelina Lombardi,40 - 46,5254448,560952,561728,2024-03-23
3,05:56,Substitution NIA: in Saige Glover,40 - 46,5254448,560952,561728,2024-03-23
3,05:56,Substitution NIA: out Aaliyah Parker,40 - 46,5254448,560952,561728,2024-03-23
3,05:56,"Foul personal (back court) Aaliyah Parker(NIA), foul on Emily Florvil(LEM)",40 - 46,5254448,560952,561728,2024-03-23
3,06:07,2pt layup (off turnover;fast break) (under the basket) made by Aaliyah Parker(NIA),40 - 46,5254448,560952,561728,2024-03-23
3,06:10,"Turnover lost ball (back court) Michelina Lombardi(LEM), steal Aaliyah Parker(NIA)",40 - 44,5254448,560952,561728,2024-03-23
3,06:21,"2pt layup (fast break) (under the basket) made by Amelia Strong(NIA), assist Ary Hicks(NIA)",40 - 44,5254448,560952,561728,2024-03-23
3,06:26,Substitution LEM: in Emily Florvil,40 - 42,5254448,560952,561728,2024-03-23
3,06:26,Substitution LEM: out Sydney Lusher,40 - 42,5254448,560952,561728,2024-03-23
3,06:26,Free throw 2 of 2 made by Sydney Lusher(LEM),40 - 42,5254448,560952,561728,2024-03-23
3,06:26,Free throw 1 of 2 made by Sydney Lusher(LEM),39 - 42,5254448,560952,561728,2024-03-23
3,06:26,Substitution LEM: in Michelina Lombardi,38 - 42,5254448,560952,561728,2024-03-23
3,06:26,Substitution LEM: out Sierra Linnin,38 - 42,5254448,560952,561728,2024-03-23
3,06:26,Substitution NIA: in Ary Hicks,38 - 42,5254448,560952,561728,2024-03-23
3,06:26,Substitution NIA: out Marlie Dickerson,38 - 42,5254448,560952,561728,2024-03-23
3,06:26,Foul personal (shooting;2 free throws) (in the paint) Destiny Strother(NIA),38 - 42,5254448,560952,561728,2024-03-23
3,06:35,"2pt layup (2nd chance;off turnover) (under the basket) missed by Amelia Strong(NIA), rebound defensive dead ball LEM",38 - 42,5254448,560952,561728,2024-03-23
3,06:38,"3pt jump shot (off turnover) (outside right) missed by Angel Parker(NIA), rebound offensive Amelia Strong(NIA)",38 - 42,5254448,560952,561728,2024-03-23
3,06:47,Jump ball held ball NIA,38 - 42,5254448,560952,561728,2024-03-23
3,07:01,Substitution LEM: in Haedyn Roberts,38 - 42,5254448,560952,561728,2024-03-23
3,07:01,Substitution LEM: out Brianna Williams,38 - 42,5254448,560952,561728,2024-03-23
3,07:01,Turnover lost ball (inside left) Kaia Goode(LEM),38 - 42,5254448,560952,561728,2024-03-23
3,07:09,"2pt jump shot (inside right) missed by Brianna Williams(LEM), rebound offensive Lytoya Baker(LEM)",38 - 42,5254448,560952,561728,2024-03-23
3,07:20,Free throw 1 of 1 made by Aaliyah Parker(NIA),38 - 42,5254448,560952,561728,2024-03-23
3,07:20,Foul personal (shooting;1 free throw) (under the basket) Sierra Linnin(LEM),38 - 41,5254448,560952,561728,2024-03-23
3,07:20,"2pt layup (under the basket) made by Aaliyah Parker(NIA), assist Angel Parker(NIA)",38 - 41,5254448,560952,561728,2024-03-23
3,07:33,2pt jump shot (2nd chance) (inside left) made by Sydney Lusher(LEM),38 - 39,5254448,560952,561728,2024-03-23
3,07:37,Jump ball held ball LEM,36 - 39,5254448,560952,561728,2024-03-23
3,07:39,"3pt jump shot (outside left) missed by Sierra Linnin(LEM), rebound offensive Sydney Lusher(LEM)",36 - 39,5254448,560952,561728,2024-03-23
3,07:55,"2pt layup (2nd chance) (in the paint) missed by Amelia Strong(NIA), rebound defensive Brianna Williams(LEM)",36 - 39,5254448,560952,561728,2024-03-23
3,08:13,"3pt jump shot (blocked) (outside left) missed by Destiny Strother(NIA), block Lytoya Baker(LEM), rebound offensive dead ball NIA",36 - 39,5254448,560952,561728,2024-03-23
3,08:18,"2pt layup (under the basket) missed by Brianna Williams(LEM), rebound defensive Angel Parker(NIA)",36 - 39,5254448,560952,561728,2024-03-23
3,08:22,Foul personal (back court) Brianna Williams(LEM),36 - 39,5254448,560952,561728,2024-03-23
3,08:30,"2pt jump shot (inside right) missed by Aaliyah Parker(NIA), rebound defensive Lytoya Baker(LEM)",36 - 39,5254448,560952,561728,2024-03-23
3,08:51,2pt driving layup (in the paint) made by Sydney Lusher(LEM),36 - 39,5254448,560952,561728,2024-03-23
3,09:05,"3pt jump shot (outside left wing) made by Destiny Strother(NIA), assist Angel Parker(NIA)",34 - 39,5254448,560952,561728,2024-03-23
3,09:17,2pt layup (2nd chance) (under the basket) made by Lytoya Baker(LEM),34 - 36,5254448,560952,561728,2024-03-23
3,09:22,"Foul personal (inside right) Aaliyah Parker(NIA), foul on Sydney Lusher(LEM)",32 - 36,5254448,560952,561728,2024-03-23
3,09:26,"2pt floating jump shot (in the paint) missed by Sydney Lusher(LEM), rebound offensive dead ball LEM",32 - 36,5254448,560952,561728,2024-03-23
3,09:45,"2pt layup (under the basket) made by Amelia Strong(NIA), assist Aaliyah Parker(NIA)",32 - 36,5254448,560952,561728,2024-03-23
3,10:00,Period start,32 - 34,5254448,560952,561728,2024-03-23
3,10:00,Substitution LEM: in Brianna Williams,32 - 34,5254448,560952,561728,2024-03-23
3,10:00,Substitution LEM: out Haedyn Roberts,32 - 34,5254448,560952,561728,2024-03-23
3,10:00,Substitution NIA: in Destiny Strother,32 - 34,5254448,560952,561728,2024-03-23
3,10:00,Substitution NIA: in Amelia Strong,32 - 34,5254448,560952,561728,2024-03-23
3,10:00,Substitution NIA: in Aaliyah Parker,32 - 34,5254448,560952,561728,2024-03-23
3,10:00,Substitution NIA: out Saige Glover,32 - 34,5254448,560952,561728,2024-03-23
3,10:00,Substitution NIA: out Lore Porter,32 - 34,5254448,560952,561728,2024-03-23
3,10:00,Substitution NIA: out Ary Hicks,32 - 34,5254448,560952,561728,2024-03-23
2,00:00.00,Period end (confirmed),32 - 34,5254448,560952,561728,2024-03-23
2,00:06.10,"3pt jump shot (outside center) missed by Angel Parker(NIA), rebound offensive Lore Porter(NIA)",32 - 34,5254448,560952,561728,2024-03-23
2,00:36.50,"2pt jump shot (2nd chance) (in the paint) missed by Kaia Goode(LEM), rebound defensive Lore Porter(NIA)",32 - 34,5254448,560952,561728,2024-03-23
2,00:39.20,"2pt layup (in the paint) missed by Sierra Linnin(LEM), rebound offensive Kaia Goode(LEM)",32 - 34,5254448,560952,561728,2024-03-23
2,01:07,Free throw 1 of 1 (off turnover) made by Angel Parker(NIA),32 - 34,5254448,560952,561728,2024-03-23
2,01:07,Substitution NIA: in Lore Porter,32 - 33,5254448,560952,561728,2024-03-23
2,01:07,Substitution NIA: out Aaliyah Parker,32 - 33,5254448,560952,561728,2024-03-23
2,01:07,Foul personal (shooting;1 free throw) (inside center) Haedyn Roberts(LEM),32 - 33,5254448,560952,561728,2024-03-23
2,01:07,2pt jump shot (off turnover) (inside center) made by Angel Parker(NIA),32 - 33,5254448,560952,561728,2024-03-23
2,01:16,"Turnover bad pass (inside left) Sydney Lusher(LEM), steal Marlie Dickerson(NIA)",32 - 31,5254448,560952,561728,2024-03-23
2,01:21,"Turnover bad pass (inside right) Ary Hicks(NIA), steal Sydney Lusher(LEM)",32 - 31,5254448,560952,561728,2024-03-23
2,01:36,"3pt jump shot (outside center) missed by Haedyn Roberts(LEM), rebound defensive Saige Glover(NIA)",32 - 31,5254448,560952,561728,2024-03-23
2,01:49,"3pt jump shot (outside left wing) missed by Aaliyah Parker(NIA), rebound defensive Haedyn Roberts(LEM)",32 - 31,5254448,560952,561728,2024-03-23
2,01:59,"3pt jump shot (blocked) (outside right wing) missed by Sierra Linnin(LEM), block Aaliyah Parker(NIA), rebound defensive Angel Parker(NIA)",32 - 31,5254448,560952,561728,2024-03-23
2,02:07,Free throw 1 of 1 (2nd chance) made by Aaliyah Parker(NIA),32 - 31,5254448,560952,561728,2024-03-23
2,02:07,Substitution LEM: in Sierra Linnin,32 - 30,5254448,560952,561728,2024-03-23
2,02:07,Substitution LEM: out Leah Middleton,32 - 30,5254448,560952,561728,2024-03-23
2,02:07,Foul personal (shooting;1 free throw) (under the basket) Leah Middleton(LEM),32 - 30,5254448,560952,561728,2024-03-23
2,02:07,2pt layup (2nd chance) (under the basket) made by Aaliyah Parker(NIA),32 - 30,5254448,560952,561728,2024-03-23
2,02:08,"2pt layup (under the basket) missed by Aaliyah Parker(NIA), rebound offensive Aaliyah Parker(NIA)",32 - 28,5254448,560952,561728,2024-03-23
2,02:23,Free throw 2 of 2 (fast break) made by Kaia Goode(LEM),32 - 28,5254448,560952,561728,2024-03-23
2,02:23,"Free throw 1 of 2 (fast break) missed by Kaia Goode(LEM), rebound offensive dead ball LEM",31 - 28,5254448,560952,561728,2024-03-23
2,02:23,Substitution LEM: in Lytoya Baker,31 - 28,5254448,560952,561728,2024-03-23
2,02:23,Substitution LEM: out Emily Florvil,31 - 28,5254448,560952,561728,2024-03-23
2,02:23,Substitution LEM: in Haedyn Roberts,31 - 28,5254448,560952,561728,2024-03-23
2,02:23,Substitution LEM: out Brianna Williams,31 - 28,5254448,560952,561728,2024-03-23
2,02:23,Substitution NIA: in Aaliyah Parker,31 - 28,5254448,560952,561728,2024-03-23
2,02:23,Substitution NIA: out Kylie Buckley,31 - 28,5254448,560952,561728,2024-03-23
2,02:23,Foul personal (2 free throws) (back court) Ary Hicks(NIA),31 - 28,5254448,560952,561728,2024-03-23
2,02:31,2pt layup (2nd chance;off turnover) (under the basket) made by Saige Glover(NIA),31 - 28,5254448,560952,561728,2024-03-23
2,02:34,"3pt jump shot (off turnover) (outside center) missed by Angel Parker(NIA), rebound offensive Saige Glover(NIA)",31 - 26,5254448,560952,561728,2024-03-23
2,02:59,Substitution LEM: in Kaia Goode,31 - 26,5254448,560952,561728,2024-03-23
2,02:59,Substitution LEM: out Michelina Lombardi,31 - 26,5254448,560952,561728,2024-03-23
2,02:59,Turnover other (team) (back court) LEM,31 - 26,5254448,560952,561728,2024-03-23
2,03:15,Substitution NIA: in Marlie Dickerson,31 - 26,5254448,560952,561728,2024-03-23
2,03:15,Substitution NIA: out Chardonnay Hartley,31 - 26,5254448,560952,561728,2024-03-23
2,03:15,"Foul personal (inside center) Chardonnay Hartley(NIA), foul on Emily Florvil(LEM)",31 - 26,5254448,560952,561728,2024-03-23
2,03:23,Jump ball held ball LEM,31 - 26,5254448,560952,561728,2024-03-23
2,03:25,"3pt jump shot (outside left wing) missed by Chardonnay Hartley(NIA), rebound defensive Leah Middleton(LEM)",31 - 26,5254448,560952,561728,2024-03-23
2,03:41,2pt jump shot (in the paint) made by Emily Florvil(LEM),31 - 26,5254448,560952,561728,2024-03-23
2,03:50,"2pt layup (under the basket) missed by Saige Glover(NIA), rebound defensive Brianna Williams(LEM)",29 - 26,5254448,560952,561728,2024-03-23
2,03:57,"2pt layup (under the basket) missed by Michelina Lombardi(LEM), rebound defensive Ary Hicks(NIA)",29 - 26,5254448,560952,561728,2024-03-23
2,04:06,Substitution NIA: in Kylie Buckley,29 - 26,5254448,560952,561728,2024-03-23
2,04:06,Substitution NIA: out Alyssa Rossignol,29 - 26,5254448,560952,561728,2024-03-23
2,04:06,"Foul personal (back court) Alyssa Rossignol(NIA), foul on Leah Middleton(LEM)",29 - 26,5254448,560952,561728,2024-03-23
2,04:16,2pt jump shot (off turnover) (inside center) made by Chardonnay Hartley(NIA),29 - 26,5254448,560952,561728,2024-03-23
2,04:22,Turnover lane violation (inside left) Emily Florvil(LEM),29 - 24,5254448,560952,561728,2024-03-23
2,04:22,Foul LEM,29 - 24,5254448,560952,561728,2024-03-23
2,04:22,Free throw 1 of 1 (off turnover) made by Emily Florvil(LEM),29 - 26,5254448,560952,561728,2024-03-23
2,04:22,Foul personal (shooting;1 free throw) (under the basket) Angel Parker(NIA),29 - 26,5254448,560952,561728,2024-03-23
2,04:36,Substitution NIA: in Saige Glover,28 - 24,5254448,560952,561728,2024-03-23
2,04:36,Substitution NIA: in Angel Parker,28 - 24,5254448,560952,561728,2024-03-23
2,04:36,Substitution NIA: out Destiny Strother,28 - 24,5254448,560952,561728,2024-03-23
2,04:36,Substitution NIA: out Aaliyah Parker,28 - 24,5254448,560952,561728,2024-03-23
2,04:36,Turnover bad pass (inside right) Aaliyah Parker(NIA),28 - 24,5254448,560952,561728,2024-03-23
2,04:51,Substitution LEM: in Sydney Lusher,28 - 24,5254448,560952,561728,2024-03-23
2,04:51,Substitution LEM: out Lytoya Baker,28 - 24,5254448,560952,561728,2024-03-23
2,04:51,Substitution NIA: in Alyssa Rossignol,28 - 24,5254448,560952,561728,2024-03-23
2,04:51,Substitution NIA: out Kylie Buckley,28 - 24,5254448,560952,561728,2024-03-23
2,04:51,Turnover lost ball (back court) Emily Florvil(LEM),28 - 24,5254448,560952,561728,2024-03-23
2,04:59,"3pt jump shot (off turnover) (outside right) missed by Destiny Strother(NIA), rebound defensive Emily Florvil(LEM)",28 - 24,5254448,560952,561728,2024-03-23
2,05:08,Turnover bad pass (inside left) Emily Florvil(LEM),28 - 24,5254448,560952,561728,2024-03-23
2,05:23,"2pt layup (off turnover) (under the basket) made by Kylie Buckley(NIA), assist Ary Hicks(NIA)",28 - 24,5254448,560952,561728,2024-03-23
2,05:31,"Turnover bad pass (inside right) Lytoya Baker(LEM), steal Ary Hicks(NIA)",28 - 22,5254448,560952,561728,2024-03-23
2,05:40,"2pt layup (off turnover) (under the basket) missed by Kylie Buckley(NIA), rebound defensive Leah Middleton(LEM)",28 - 22,5254448,560952,561728,2024-03-23
2,05:43,"Foul personal (inside left) Emily Florvil(LEM), foul on Chardonnay Hartley(NIA)",28 - 22,5254448,560952,561728,2024-03-23
2,05:43,"Turnover bad pass (back court) Lytoya Baker(LEM), steal Chardonnay Hartley(NIA)",28 - 22,5254448,560952,561728,2024-03-23
2,05:45,Substitution LEM: in Leah Middleton,28 - 22,5254448,560952,561728,2024-03-23
2,05:45,Substitution LEM: in Emily Florvil,28 - 22,5254448,560952,561728,2024-03-23
2,05:45,Substitution LEM: in Michelina Lombardi,28 - 22,5254448,560952,561728,2024-03-23
2,05:45,Substitution LEM: out Sydney Lusher,28 - 22,5254448,560952,561728,2024-03-23
2,05:45,Substitution LEM: out Sierra Linnin,28 - 22,5254448,560952,561728,2024-03-23
2,05:45,Substitution LEM: out Kaia Goode,28 - 22,5254448,560952,561728,2024-03-23
2,05:45,"3pt jump shot (outside left wing) missed by Destiny Strother(NIA), rebound defensive dead ball LEM",28 - 22,5254448,560952,561728,2024-03-23
2,05:54,"2pt layup (blocked) (under the basket) missed by Lytoya Baker(LEM), block Aaliyah Parker(NIA), rebound defensive Aaliyah Parker(NIA)",28 - 22,5254448,560952,561728,2024-03-23
2,06:12,"3pt jump shot (outside center) missed by Chardonnay Hartley(NIA), rebound defensive Lytoya Baker(LEM)",28 - 22,5254448,560952,561728,2024-03-23
2,06:26,Substitution LEM: in Brianna Williams,28 - 22,5254448,560952,561728,2024-03-23
2,06:26,Substitution LEM: out Haedyn Roberts,28 - 22,5254448,560952,561728,2024-03-23
2,06:41,"3pt jump shot (off turnover) (outside right) made by Sierra Linnin(LEM), assist Lytoya Baker(LEM)",28 - 22,5254448,560952,561728,2024-03-23
2,06:59,Turnover travel (inside left) Aaliyah Parker(NIA),25 - 22,5254448,560952,561728,2024-03-23
2,07:24,Substitution NIA: in Kylie Buckley,25 - 22,5254448,560952,561728,2024-03-23
2,07:24,Substitution NIA: in Chardonnay Hartley,25 - 22,5254448,560952,561728,2024-03-23
2,07:24,Substitution NIA: out Angel Parker,25 - 22,5254448,560952,561728,2024-03-23
2,07:24,Substitution NIA: out Amelia Strong,25 - 22,5254448,560952,561728,2024-03-23
2,07:24,Timeout commercial,25 - 22,5254448,560952,561728,2024-03-23
2,07:24,Timeout short NIA,25 - 22,5254448,560952,561728,2024-03-23
2,07:27,2pt layup (under the basket) made by Lytoya Baker(LEM),25 - 22,5254448,560952,561728,2024-03-23
2,07:36,"3pt jump shot (2nd chance) (outside left) missed by Destiny Strother(NIA), rebound defensive dead ball LEM",23 - 22,5254448,560952,561728,2024-03-23
2,07:41,"3pt jump shot (outside right) missed by Angel Parker(NIA), rebound offensive Destiny Strother(NIA)",23 - 22,5254448,560952,561728,2024-03-23
2,08:01,"3pt jump shot (outside right wing) missed by Sierra Linnin(LEM), rebound defensive Amelia Strong(NIA)",23 - 22,5254448,560952,561728,2024-03-23
2,08:06,"Foul offensive (back court) Amelia Strong(NIA), turnover offensive Amelia Strong(NIA)",23 - 22,5254448,560952,561728,2024-03-23
2,08:10,"Turnover lost ball (back court) Sierra Linnin(LEM), steal Angel Parker(NIA)",23 - 22,5254448,560952,561728,2024-03-23
2,08:14,"Turnover lost ball (in the paint) Aaliyah Parker(NIA), steal Sierra Linnin(LEM)",23 - 22,5254448,560952,561728,2024-03-23
2,08:30,Substitution NIA: in Aaliyah Parker,23 - 22,5254448,560952,561728,2024-03-23
2,08:30,Substitution NIA: in Ary Hicks,23 - 22,5254448,560952,561728,2024-03-23
2,08:30,Substitution NIA: out Saige Glover,23 - 22,5254448,560952,561728,2024-03-23
2,08:30,Substitution NIA: out Marlie Dickerson,23 - 22,5254448,560952,561728,2024-03-23
2,08:30,Turnover bad pass (inside right) Lytoya Baker(LEM),23 - 22,5254448,560952,561728,2024-03-23
2,08:39,"2pt layup (blocked) (under the basket) missed by Saige Glover(NIA), block Haedyn Roberts(LEM), rebound defensive Haedyn Roberts(LEM)",23 - 22,5254448,560952,561728,2024-03-23
2,09:08,"2pt layup (off turnover) (in the paint) made by Sierra Linnin(LEM), assist Lytoya Baker(LEM)",23 - 22,5254448,560952,561728,2024-03-23
2,09:21,Turnover travel (under the basket) Saige Glover(NIA),21 - 22,5254448,560952,561728,2024-03-23
2,09:31,"2pt layup (2nd chance) (under the basket) missed by Sydney Lusher(LEM), rebound defensive Marlie Dickerson(NIA)",21 - 22,5254448,560952,561728,2024-03-23
2,09:34,"2pt jump shot (inside left) missed by Sydney Lusher(LEM), rebound offensive Sydney Lusher(LEM)",21 - 22,5254448,560952,561728,2024-03-23
2,09:47,"2pt jump shot (inside left) missed by Angel Parker(NIA), rebound defensive Haedyn Roberts(LEM)",21 - 22,5254448,560952,561728,2024-03-23
2,10:00,Period start,21 - 22,5254448,560952,561728,2024-03-23
2,10:00,Substitution LEM: in Haedyn Roberts,21 - 22,5254448,560952,561728,2024-03-23
2,10:00,Substitution LEM: in Sydney Lusher,21 - 22,5254448,560952,561728,2024-03-23
2,10:00,Substitution LEM: in Kaia Goode,21 - 22,5254448,560952,561728,2024-03-23
2,10:00,Substitution LEM: in Lytoya Baker,21 - 22,5254448,560952,561728,2024-03-23
2,10:00,Substitution LEM: out Brianna Williams,21 - 22,5254448,560952,561728,2024-03-23
2,10:00,Substitution LEM: out Leah Middleton,21 - 22,5254448,560952,561728,2024-03-23
2,10:00,Substitution LEM: out Emily Florvil,21 - 22,5254448,560952,561728,2024-03-23
2,10:00,Substitution LEM: out Michelina Lombardi,21 - 22,5254448,560952,561728,2024-03-23
1,00:00.00,Period end (confirmed),21 - 22,5254448,560952,561728,2024-03-23
1,00:07.60,2pt layup (2nd chance) (under the basket) made by Leah Middleton(LEM),21 - 22,5254448,560952,561728,2024-03-23
1,00:12.50,"3pt jump shot (outside right) missed by Sierra Linnin(LEM), rebound offensive Leah Middleton(LEM)",19 - 22,5254448,560952,561728,2024-03-23
1,00:26.70,2pt driving layup (fast break) (under the basket) made by Angel Parker(NIA),19 - 22,5254448,560952,561728,2024-03-23
1,00:32.40,Free throw 2 of 2 (off turnover) made by Emily Florvil(LEM),19 - 20,5254448,560952,561728,2024-03-23
1,00:32.40,Free throw 1 of 2 (off turnover) made by Emily Florvil(LEM),18 - 20,5254448,560952,561728,2024-03-23
1,00:32.40,Substitution LEM: in Michelina Lombardi,17 - 20,5254448,560952,561728,2024-03-23
1,00:32.40,Substitution LEM: out Kaia Goode,17 - 20,5254448,560952,561728,2024-03-23
1,00:32.40,Foul personal (2 free throws) (inside center) Angel Parker(NIA),17 - 20,5254448,560952,561728,2024-03-23
1,00:37.60,"Foul offensive (back court) Amelia Strong(NIA), turnover offensive Amelia Strong(NIA), foul on Emily Florvil(LEM)",17 - 20,5254448,560952,561728,2024-03-23
1,00:44.00,"2pt layup (off turnover) (under the basket) missed by Emily Florvil(LEM), rebound defensive Saige Glover(NIA)",17 - 20,5254448,560952,561728,2024-03-23
1,00:50.90,"Turnover lost ball (outside right) Destiny Strother(NIA), steal Emily Florvil(LEM)",17 - 20,5254448,560952,561728,2024-03-23
1,00:53.20,Substitution LEM: in Brianna Williams,17 - 20,5254448,560952,561728,2024-03-23
1,00:53.20,Substitution LEM: in Leah Middleton,17 - 20,5254448,560952,561728,2024-03-23
1,00:53.20,Substitution LEM: in Emily Florvil,17 - 20,5254448,560952,561728,2024-03-23
1,00:53.20,Substitution LEM: out Sydney Lusher,17 - 20,5254448,560952,561728,2024-03-23
1,00:53.20,Substitution LEM: out Michelina Lombardi,17 - 20,5254448,560952,561728,2024-03-23
1,00:53.20,Substitution LEM: out Lytoya Baker,17 - 20,5254448,560952,561728,2024-03-23
1,00:53.20,Substitution NIA: in Saige Glover,17 - 20,5254448,560952,561728,2024-03-23
1,00:53.20,Substitution NIA: in Marlie Dickerson,17 - 20,5254448,560952,561728,2024-03-23
1,00:53.20,Substitution NIA: in Destiny Strother,17 - 20,5254448,560952,561728,2024-03-23
1,00:53.20,Substitution NIA: out Aaliyah Parker,17 - 20,5254448,560952,561728,2024-03-23
1,00:53.20,Substitution NIA: out Ary Hicks,17 - 20,5254448,560952,561728,2024-03-23
1,00:53.20,Substitution NIA: out Shelby Fiddler,17 - 20,5254448,560952,561728,2024-03-23
1,00:53.20,"Foul personal (outside right) Sierra Linnin(LEM), foul on Shelby Fiddler(NIA)",17 - 20,5254448,560952,561728,2024-03-23
1,01:09,"2pt jump shot (in the paint) made by Sydney Lusher(LEM), assist Kaia Goode(LEM)",17 - 20,5254448,560952,561728,2024-03-23
1,01:27,"2pt layup (blocked) (under the basket) missed by Amelia Strong(NIA), block Sydney Lusher(LEM), rebound defensive Sydney Lusher(LEM)",15 - 20,5254448,560952,561728,2024-03-23
1,01:42,2pt layup (2nd chance) (in the paint) made by Sydney Lusher(LEM),15 - 20,5254448,560952,561728,2024-03-23
1,01:46,"3pt jump shot (outside left) missed by Sierra Linnin(LEM), rebound offensive Sydney Lusher(LEM)",13 - 20,5254448,560952,561728,2024-03-23
1,01:58,"2pt layup (2nd chance;blocked) (under the basket) missed by Amelia Strong(NIA), block Sydney Lusher(LEM), rebound defensive Sydney Lusher(LEM)",13 - 20,5254448,560952,561728,2024-03-23
1,02:01,"2pt layup (under the basket) missed by Amelia Strong(NIA), rebound offensive Amelia Strong(NIA)",13 - 20,5254448,560952,561728,2024-03-23
1,02:22,2pt driving layup (off turnover;fast break) (in the paint) made by Kaia Goode(LEM),13 - 20,5254448,560952,561728,2024-03-23
1,02:27,"Turnover bad pass (inside left) Ary Hicks(NIA), steal Kaia Goode(LEM)",11 - 20,5254448,560952,561728,2024-03-23
1,02:39,"Turnover lost ball (inside center) Sydney Lusher(LEM), steal Shelby Fiddler(NIA)",11 - 20,5254448,560952,561728,2024-03-23
1,02:51,2pt layup (2nd chance) (under the basket) made by Amelia Strong(NIA),11 - 20,5254448,560952,561728,2024-03-23
1,02:54,"3pt jump shot (2nd chance) (outside right) missed by Shelby Fiddler(NIA), rebound offensive Amelia Strong(NIA)",11 - 18,5254448,560952,561728,2024-03-23
1,03:02,Substitution LEM: in Sydney Lusher,11 - 18,5254448,560952,561728,2024-03-23
1,03:02,Substitution LEM: in Sierra Linnin,11 - 18,5254448,560952,561728,2024-03-23
1,03:02,Substitution LEM: out Leah Middleton,11 - 18,5254448,560952,561728,2024-03-23
1,03:02,Substitution LEM: out Haedyn Roberts,11 - 18,5254448,560952,561728,2024-03-23
1,03:02,Substitution NIA: in Amelia Strong,11 - 18,5254448,560952,561728,2024-03-23
1,03:02,Substitution NIA: out Saige Glover,11 - 18,5254448,560952,561728,2024-03-23
1,03:02,"Foul personal (inside right) Leah Middleton(LEM), foul on Saige Glover(NIA)",11 - 18,5254448,560952,561728,2024-03-23
1,03:02,"3pt jump shot (outside right) missed by Aaliyah Parker(NIA), rebound offensive dead ball NIA",11 - 18,5254448,560952,561728,2024-03-23
1,03:22,2pt driving layup (fast break) (under the basket) made by Michelina Lombardi(LEM),11 - 18,5254448,560952,561728,2024-03-23
1,03:27,"2pt layup (2nd chance;off turnover) (under the basket) missed by Saige Glover(NIA), rebound defensive Haedyn Roberts(LEM)",9 - 18,5254448,560952,561728,2024-03-23
1,03:30,"3pt jump shot (off turnover) (outside center) missed by Angel Parker(NIA), rebound offensive Saige Glover(NIA)",9 - 18,5254448,560952,561728,2024-03-23
1,03:43,"Turnover bad pass (outside left) Haedyn Roberts(LEM), steal Angel Parker(NIA)",9 - 18,5254448,560952,561728,2024-03-23
1,03:56,Free throw 2 of 2 made by Saige Glover(NIA),9 - 18,5254448,560952,561728,2024-03-23
1,03:56,"Free throw 1 of 2 missed by Saige Glover(NIA), rebound offensive dead ball NIA",9 - 17,5254448,560952,561728,2024-03-23
1,03:56,Foul personal (shooting;2 free throws) (in the paint) Lytoya Baker(LEM),9 - 17,5254448,560952,561728,2024-03-23
1,04:02,Substitution LEM: in Michelina Lombardi,9 - 17,5254448,560952,561728,2024-03-23
1,04:02,Substitution LEM: out Emily Florvil,9 - 17,5254448,560952,561728,2024-03-23
1,04:02,Substitution NIA: in Angel Parker,9 - 17,5254448,560952,561728,2024-03-23
1,04:02,Substitution NIA: out Chardonnay Hartley,9 - 17,5254448,560952,561728,2024-03-23
1,04:11,"3pt jump shot (outside left wing) missed by Leah Middleton(LEM), rebound defensive Chardonnay Hartley(NIA)",9 - 17,5254448,560952,561728,2024-03-23
1,04:20,"3pt jump shot (outside right) missed by Shelby Fiddler(NIA), rebound defensive Kaia Goode(LEM)",9 - 17,5254448,560952,561728,2024-03-23
1,04:26,"2pt layup (off turnover;blocked) (under the basket) missed by Emily Florvil(LEM), block Aaliyah Parker(NIA), rebound defensive Saige Glover(NIA)",9 - 17,5254448,560952,561728,2024-03-23
1,04:31,"Turnover bad pass (back court) Aaliyah Parker(NIA), steal Emily Florvil(LEM)",9 - 17,5254448,560952,561728,2024-03-23
1,04:32,Free throw 2 of 2 (2nd chance;fast break) made by Haedyn Roberts(LEM),9 - 17,5254448,560952,561728,2024-03-23
1,04:32,Free throw 1 of 2 (2nd chance;fast break) made by Haedyn Roberts(LEM),8 - 17,5254448,560952,561728,2024-03-23
1,04:32,Foul personal (shooting;2 free throws) (under the basket) Aaliyah Parker(NIA),7 - 17,5254448,560952,561728,2024-03-23
1,04:34,"2pt layup (under the basket) missed by Lytoya Baker(LEM), rebound offensive Haedyn Roberts(LEM)",7 - 17,5254448,560952,561728,2024-03-23
1,04:38,"2pt jump shot (off turnover) (inside left) missed by Ary Hicks(NIA), rebound defensive Lytoya Baker(LEM)",7 - 17,5254448,560952,561728,2024-03-23
1,04:59,Turnover travel (inside right) Lytoya Baker(LEM),7 - 17,5254448,560952,561728,2024-03-23
1,05:05,Substitution LEM: in Kaia Goode,7 - 17,5254448,560952,561728,2024-03-23
1,05:05,Substitution LEM: out Sydney Lusher,7 - 17,5254448,560952,561728,2024-03-23
1,05:05,Substitution NIA: in Shelby Fiddler,7 - 17,5254448,560952,561728,2024-03-23
1,05:05,Substitution NIA: out Destiny Strother,7 - 17,5254448,560952,561728,2024-03-23
1,05:05,Substitution NIA: in Aaliyah Parker,7 - 17,5254448,560952,561728,2024-03-23
1,05:05,Substitution NIA: out Alyssa Rossignol,7 - 17,5254448,560952,561728,2024-03-23
1,05:05,"Foul personal (back court) Alyssa Rossignol(NIA), foul on Sydney Lusher(LEM)",7 - 17,5254448,560952,561728,2024-03-23
1,05:16,"3pt jump shot (fast break) (outside right) made by Destiny Strother(NIA), assist Ary Hicks(NIA)",7 - 17,5254448,560952,561728,2024-03-23
1,05:24,"2pt jump shot (2nd chance;off turnover) (in the paint) missed by Leah Middleton(LEM), rebound defensive Saige Glover(NIA)",7 - 14,5254448,560952,561728,2024-03-23
1,05:30,"3pt jump shot (off turnover) (outside left wing) missed by Leah Middleton(LEM), rebound offensive dead ball LEM",7 - 14,5254448,560952,561728,2024-03-23
1,05:38,Substitution LEM: in Leah Middleton,7 - 14,5254448,560952,561728,2024-03-23
1,05:38,Substitution LEM: in Lytoya Baker,7 - 14,5254448,560952,561728,2024-03-23
1,05:38,Substitution LEM: out Sierra Linnin,7 - 14,5254448,560952,561728,2024-03-23
1,05:38,Substitution LEM: out Kaia Goode,7 - 14,5254448,560952,561728,2024-03-23
1,05:38,Substitution NIA: in Chardonnay Hartley,7 - 14,5254448,560952,561728,2024-03-23
1,05:38,Substitution NIA: out Marlie Dickerson,7 - 14,5254448,560952,561728,2024-03-23
1,05:38,Timeout short NIA,7 - 14,5254448,560952,561728,2024-03-23
1,05:38,"Foul personal (inside center) Alyssa Rossignol(NIA), foul on Kaia Goode(LEM)",7 - 14,5254448,560952,561728,2024-03-23
1,05:47,"Turnover lost ball (in the paint) Ary Hicks(NIA), steal Emily Florvil(LEM)",7 - 14,5254448,560952,561728,2024-03-23
1,05:52,2pt layup (off turnover) (under the basket) made by Sydney Lusher(LEM),7 - 14,5254448,560952,561728,2024-03-23
1,05:57,"Turnover lost ball (back court) Saige Glover(NIA), steal Sydney Lusher(LEM)",5 - 14,5254448,560952,561728,2024-03-23
1,06:00,"2pt layup (in the paint) missed by Sydney Lusher(LEM), rebound defensive Saige Glover(NIA)",5 - 14,5254448,560952,561728,2024-03-23
1,06:12,Substitution LEM: in Haedyn Roberts,5 - 14,5254448,560952,561728,2024-03-23
1,06:12,Substitution LEM: out Lytoya Baker,5 - 14,5254448,560952,561728,2024-03-23
1,06:12,Jump ball held ball LEM,5 - 14,5254448,560952,561728,2024-03-23
1,06:13,"2pt layup (under the basket) missed by Marlie Dickerson(NIA), rebound defensive Sierra Linnin(LEM)",5 - 14,5254448,560952,561728,2024-03-23
1,06:19,"2pt layup (2nd chance;off turnover) (under the basket) missed by Lytoya Baker(LEM), rebound defensive Alyssa Rossignol(NIA)",5 - 14,5254448,560952,561728,2024-03-23
1,06:23,"2pt layup (2nd chance;off turnover) (under the basket) missed by Kaia Goode(LEM), rebound offensive Lytoya Baker(LEM)",5 - 14,5254448,560952,561728,2024-03-23
1,06:33,Substitution NIA: in Saige Glover,5 - 14,5254448,560952,561728,2024-03-23
1,06:33,Substitution NIA: in Alyssa Rossignol,5 - 14,5254448,560952,561728,2024-03-23
1,06:33,Substitution NIA: in Ary Hicks,5 - 14,5254448,560952,561728,2024-03-23
1,06:33,Substitution NIA: out Angel Parker,5 - 14,5254448,560952,561728,2024-03-23
1,06:33,Substitution NIA: out Amelia Strong,5 - 14,5254448,560952,561728,2024-03-23
1,06:33,Substitution NIA: out Aaliyah Parker,5 - 14,5254448,560952,561728,2024-03-23
1,06:38,"2pt layup (off turnover) (in the paint) missed by Kaia Goode(LEM), rebound offensive Emily Florvil(LEM)",5 - 14,5254448,560952,561728,2024-03-23
1,06:45,"Turnover lost ball (inside left) Aaliyah Parker(NIA), steal Lytoya Baker(LEM)",5 - 14,5254448,560952,561728,2024-03-23
1,07:02,"3pt jump shot (outside right) made by Sierra Linnin(LEM), assist Lytoya Baker(LEM)",5 - 14,5254448,560952,561728,2024-03-23
1,07:21,2pt driving layup (under the basket) made by Amelia Strong(NIA),2 - 14,5254448,560952,561728,2024-03-23
1,07:27,2pt layup (under the basket) made by Sydney Lusher(LEM),2 - 12,5254448,560952,561728,2024-03-23
1,07:34,"2pt layup (off turnover) (under the basket) missed by Amelia Strong(NIA), rebound defensive dead ball LEM",0 - 12,5254448,560952,561728,2024-03-23
1,07:37,Turnover bad pass (back court) Lytoya Baker(LEM),0 - 12,5254448,560952,561728,2024-03-23
1,07:42,"2pt layup (off turnover) (under the basket) made by Amelia Strong(NIA), assist Aaliyah Parker(NIA)",0 - 12,5254448,560952,561728,2024-03-23
1,08:00,Substitution LEM: in Emily Florvil,0 - 10,5254448,560952,561728,2024-03-23
1,08:00,Substitution LEM: out Brianna Williams,0 - 10,5254448,560952,561728,2024-03-23
1,08:00,Turnover travel (inside left) Sierra Linnin(LEM),0 - 10,5254448,560952,561728,2024-03-23
1,08:22,2pt jump shot (off turnover) (inside left) made by Angel Parker(NIA),0 - 10,5254448,560952,561728,2024-03-23
1,08:33,Turnover lost ball (back court) Kaia Goode(LEM),0 - 8,5254448,560952,561728,2024-03-23
1,08:34,Timeout commercial,0 - 8,5254448,560952,561728,2024-03-23
1,08:34,Timeout short LEM,0 - 8,5254448,560952,561728,2024-03-23
1,08:36,3pt jump shot (off turnover;fast break) (outside left) made by Angel Parker(NIA),0 - 8,5254448,560952,561728,2024-03-23
1,08:41,"Turnover lost ball (inside right) Brianna Williams(LEM), steal Angel Parker(NIA)",0 - 5,5254448,560952,561728,2024-03-23
1,08:47,"2pt layup (2nd chance) (under the basket) missed by Lytoya Baker(LEM), rebound offensive Brianna Williams(LEM)",0 - 5,5254448,560952,561728,2024-03-23
1,08:47,2pt (2nd chance) (under the basket) made by LEM,2 - 5,5254448,560952,561728,2024-03-23
1,08:51,"2pt jump shot (inside left) missed by Kaia Goode(LEM), rebound offensive Lytoya Baker(LEM)",0 - 5,5254448,560952,561728,2024-03-23
1,09:19,"3pt jump shot (off turnover) (outside right wing) made by Destiny Strother(NIA), assist Aaliyah Parker(NIA), assist Marlie Dickerson(NIA)",0 - 5,5254448,560952,561728,2024-03-23
1,09:39,"Turnover bad pass (back court) Lytoya Baker(LEM), steal Destiny Strother(NIA)",0 - 2,5254448,560952,561728,2024-03-23
1,09:52,2pt driving layup (fast break) (in the paint) made by Angel Parker(NIA),0 - 2,5254448,560952,561728,2024-03-23
1,10:00,"Jump ball start period, won Amelia Strong(NIA), lost Lytoya Baker(LEM)",0 - 0,5254448,560952,561728,2024-03-23
1,10:00,Period start,0 - 0,5254448,560952,561728,2024-03-23
1,10:00,Game start,0 - 0,5254448,560952,561728,2024-03-23
4,01:42,"2pt driving layup (under the basket) missed by Paris Locke(Aggies), rebound defensive Isys Grady(UNCG)",49 - 52,5254444,560959,560930,2024-03-23
4,01:51,"2pt jump shot (2nd chance) (inside left) missed by Isys Grady(UNCG), rebound defensive Paris Locke(Aggies)",49 - 52,5254444,560959,560930,2024-03-23
4,02:00,"2pt driving layup (under the basket) missed by Nia Howard(UNCG), rebound offensive (team) UNCG",49 - 52,5254444,560959,560930,2024-03-23
4,02:08,"3pt jump shot (2nd chance;off turnover) (outside center) missed by Chaniya Clark(Aggies), rebound defensive Ayanna Khalfani(UNCG)",49 - 52,5254444,560959,560930,2024-03-23
4,02:26,"3pt jump shot (off turnover) (outside left) missed by D’Mya Tucker(Aggies), rebound offensive D’Mya Tucker(Aggies)",49 - 52,5254444,560959,560930,2024-03-23
4,02:38,Turnover out of bounds (back court) Isys Grady(UNCG),49 - 52,5254444,560959,560930,2024-03-23
4,02:38,Free throw 2 of 2 made by Jordyn Dorsey(Aggies),49 - 52,5254444,560959,560930,2024-03-23
4,02:38,Free throw 1 of 2 made by Jordyn Dorsey(Aggies),49 - 51,5254444,560959,560930,2024-03-23
4,02:38,Foul personal (shooting;2 free throws) (under the basket) Nia Howard(UNCG),49 - 50,5254444,560959,560930,2024-03-23
4,03:09,"2pt jump shot (inside center) made by Isys Grady(UNCG), assist Jayde Gamble(UNCG)",49 - 50,5254444,560959,560930,2024-03-23
4,03:32,"2pt layup (blocked) (under the basket) missed by Chaniya Clark(Aggies), block Ayanna Khalfani(UNCG), rebound defensive (team) UNCG",47 - 50,5254444,560959,560930,2024-03-23
4,03:46,2pt driving layup (under the basket) made by Nia Howard(UNCG),47 - 50,5254444,560959,560930,2024-03-23
4,03:55,Timeout full Aggies,45 - 50,5254444,560959,560930,2024-03-23
4,03:55,Free throw 2 of 2 (2nd chance;off turnover) made by Jordyn Dorsey(Aggies),45 - 50,5254444,560959,560930,2024-03-23
4,03:55,Free throw 1 of 2 (2nd chance;off turnover) made by Jordyn Dorsey(Aggies),45 - 49,5254444,560959,560930,2024-03-23
4,03:55,Foul personal (shooting;2 free throws) (in the paint) Jayde Gamble(UNCG),45 - 48,5254444,560959,560930,2024-03-23
4,03:58,"3pt jump shot (off turnover) (outside right wing) missed by Paris Locke(Aggies), rebound offensive Jordyn Dorsey(Aggies)",45 - 48,5254444,560959,560930,2024-03-23
4,04:18,Substitution UNCG: in Nia Howard,45 - 48,5254444,560959,560930,2024-03-23
4,04:18,Substitution UNCG: out Kelly Boyle,45 - 48,5254444,560959,560930,2024-03-23
4,04:18,Turnover travel (in the paint) Jayde Gamble(UNCG),45 - 48,5254444,560959,560930,2024-03-23
4,04:41,"2pt hook shot (off turnover) (under the basket) made by Chaniya Clark(Aggies), assist Maleia Bracone(Aggies)",45 - 48,5254444,560959,560930,2024-03-23
4,05:07,Substitution UNCG: in Ayanna Khalfani,45 - 46,5254444,560959,560930,2024-03-23
4,05:07,Substitution UNCG: in Khalis Cain,45 - 46,5254444,560959,560930,2024-03-23
4,05:07,Substitution UNCG: out Makiah Asidanya,45 - 46,5254444,560959,560930,2024-03-23
4,05:07,Substitution UNCG: out Antoniette Emma-Nnopu,45 - 46,5254444,560959,560930,2024-03-23
4,05:07,Timeout short UNCG,45 - 46,5254444,560959,560930,2024-03-23
4,05:07,Turnover travel (inside left) Isys Grady(UNCG),45 - 46,5254444,560959,560930,2024-03-23
4,05:35,"2pt layup (in the paint) made by Chaniya Clark(Aggies), assist Paris Locke(Aggies)",45 - 46,5254444,560959,560930,2024-03-23
4,05:47,Substitution UNCG: in Isys Grady,45 - 44,5254444,560959,560930,2024-03-23
4,05:47,Substitution UNCG: out Khalis Cain,45 - 44,5254444,560959,560930,2024-03-23
4,05:47,Free throw 2 of 2 (2nd chance;off turnover) made by Khalis Cain(UNCG),45 - 44,5254444,560959,560930,2024-03-23
4,05:47,"Free throw 1 of 2 (2nd chance;off turnover) missed by Khalis Cain(UNCG), rebound offensive dead ball UNCG",44 - 44,5254444,560959,560930,2024-03-23
4,05:47,Substitution UNCG: in Kelly Boyle,44 - 44,5254444,560959,560930,2024-03-23
4,05:47,Substitution UNCG: out Nia Howard,44 - 44,5254444,560959,560930,2024-03-23
4,05:47,Substitution Aggies: in Chaniya Clark,44 - 44,5254444,560959,560930,2024-03-23
4,05:47,Substitution Aggies: out Laila Acox,44 - 44,5254444,560959,560930,2024-03-23
4,05:47,Foul personal (shooting;2 free throws) (under the basket) Laila Acox(Aggies),44 - 44,5254444,560959,560930,2024-03-23
4,05:47,"2pt layup (off turnover) (in the paint) missed by Khalis Cain(UNCG), rebound offensive Khalis Cain(UNCG)",44 - 44,5254444,560959,560930,2024-03-23
4,06:07,Turnover travel (inside right) Paris Locke(Aggies),44 - 44,5254444,560959,560930,2024-03-23
4,06:22,"2pt hook shot (in the paint) made by Antoniette Emma-Nnopu(UNCG), assist Makiah Asidanya(UNCG)",44 - 44,5254444,560959,560930,2024-03-23
4,06:52,"2pt jump shot (in the paint) made by Paris Locke(Aggies), assist Jordyn Dorsey(Aggies)",42 - 44,5254444,560959,560930,2024-03-23
4,07:04,Free throw 2 of 2 (2nd chance) made by Khalis Cain(UNCG),42 - 42,5254444,560959,560930,2024-03-23
4,07:04,"Free throw 1 of 2 (2nd chance) missed by Khalis Cain(UNCG), rebound offensive dead ball UNCG",41 - 42,5254444,560959,560930,2024-03-23
4,07:04,Substitution UNCG: in Makiah Asidanya,41 - 42,5254444,560959,560930,2024-03-23
4,07:04,Substitution UNCG: out Ayanna Khalfani,41 - 42,5254444,560959,560930,2024-03-23
4,07:04,Foul personal (shooting;2 free throws) (under the basket) Jordyn Dorsey(Aggies),41 - 42,5254444,560959,560930,2024-03-23
4,07:06,"2pt layup (2nd chance) (under the basket) missed by Khalis Cain(UNCG), rebound offensive Khalis Cain(UNCG)",41 - 42,5254444,560959,560930,2024-03-23
4,07:11,"3pt jump shot (outside center) missed by Jayde Gamble(UNCG), rebound offensive Khalis Cain(UNCG)",41 - 42,5254444,560959,560930,2024-03-23
4,07:34,Substitution Aggies: in Paris Locke,41 - 42,5254444,560959,560930,2024-03-23
4,07:34,Substitution Aggies: out Talia Davis,41 - 42,5254444,560959,560930,2024-03-23
4,07:34,Free throw 2 of 2 made by D’Mya Tucker(Aggies),41 - 42,5254444,560959,560930,2024-03-23
4,07:34,Free throw 1 of 2 made by D’Mya Tucker(Aggies),41 - 41,5254444,560959,560930,2024-03-23
4,07:34,Foul personal (shooting;2 free throws) (under the basket) Ayanna Khalfani(UNCG),41 - 40,5254444,560959,560930,2024-03-23
4,07:57,"2pt jump shot (off turnover) (inside right) missed by Ayanna Khalfani(UNCG), rebound defensive (team) Aggies",41 - 40,5254444,560959,560930,2024-03-23
4,08:22,Substitution Aggies: in Laila Acox,41 - 40,5254444,560959,560930,2024-03-23
4,08:22,Substitution Aggies: out Chaniya Clark,41 - 40,5254444,560959,560930,2024-03-23
4,08:23,Turnover travel (back court) Chaniya Clark(Aggies),41 - 40,5254444,560959,560930,2024-03-23
4,08:23,Substitution UNCG: in Khalis Cain,41 - 40,5254444,560959,560930,2024-03-23
4,08:23,Substitution UNCG: out Isys Grady,41 - 40,5254444,560959,560930,2024-03-23
4,08:23,"Foul personal (under the basket) Antoniette Emma-Nnopu(UNCG), foul on Chaniya Clark(Aggies)",41 - 40,5254444,560959,560930,2024-03-23
4,08:26,"Foul personal (under the basket) Isys Grady(UNCG), foul on Talia Davis(Aggies)",41 - 40,5254444,560959,560930,2024-03-23
4,08:39,Substitution UNCG: in Antoniette Emma-Nnopu,41 - 40,5254444,560959,560930,2024-03-23
4,08:39,Substitution UNCG: out Khalis Cain,41 - 40,5254444,560959,560930,2024-03-23
4,08:39,Substitution UNCG: in Jayde Gamble,41 - 40,5254444,560959,560930,2024-03-23
4,08:39,Substitution UNCG: out Makiah Asidanya,41 - 40,5254444,560959,560930,2024-03-23
4,08:39,Turnover travel (in the paint) Khalis Cain(UNCG),41 - 40,5254444,560959,560930,2024-03-23
4,08:50,"2pt jump shot (inside left) missed by Jordyn Dorsey(Aggies), rebound defensive Ayanna Khalfani(UNCG)",41 - 40,5254444,560959,560930,2024-03-23
4,09:15,Free throw 2 of 2 made by Makiah Asidanya(UNCG),41 - 40,5254444,560959,560930,2024-03-23
4,09:15,"Free throw 1 of 2 missed by Makiah Asidanya(UNCG), rebound offensive dead ball UNCG",40 - 40,5254444,560959,560930,2024-03-23
4,09:15,Substitution Aggies: in Maleia Bracone,40 - 40,5254444,560959,560930,2024-03-23
4,09:15,Substitution Aggies: out Paris Locke,40 - 40,5254444,560959,560930,2024-03-23
4,09:15,Foul personal (shooting;2 free throws) (inside right) Paris Locke(Aggies),40 - 40,5254444,560959,560930,2024-03-23
4,09:40,"2pt jump shot (blocked) (inside left) missed by D’Mya Tucker(Aggies), block Ayanna Khalfani(UNCG), rebound defensive Khalis Cain(UNCG)",40 - 40,5254444,560959,560930,2024-03-23
4,10:00,Substitution UNCG: in Ayanna Khalfani,40 - 40,5254444,560959,560930,2024-03-23
4,10:00,Substitution UNCG: in Isys Grady,40 - 40,5254444,560959,560930,2024-03-23
4,10:00,Substitution UNCG: out Jailah Clark-Jones,40 - 40,5254444,560959,560930,2024-03-23
4,10:00,Substitution UNCG: out Jayde Gamble,40 - 40,5254444,560959,560930,2024-03-23
4,10:00,Period start,40 - 40,5254444,560959,560930,2024-03-23
3,00:00.00,Period end (confirmed),40 - 40,5254444,560959,560930,2024-03-23
3,00:01.00,"2pt layup (2nd chance) (in the paint) missed by Paris Locke(Aggies), rebound offensive Chaniya Clark(Aggies)",40 - 40,5254444,560959,560930,2024-03-23
3,00:01.00,"2pt driving layup (blocked) (in the paint) missed by Jordyn Dorsey(Aggies), block Khalis Cain(UNCG), rebound offensive Paris Locke(Aggies)",40 - 40,5254444,560959,560930,2024-03-23
3,00:07.20,Free throw 2 of 2 (fast break) made by Makiah Asidanya(UNCG),40 - 40,5254444,560959,560930,2024-03-23
3,00:07.20,Free throw 1 of 2 (fast break) made by Makiah Asidanya(UNCG),39 - 40,5254444,560959,560930,2024-03-23
3,00:07.20,Substitution Aggies: in Talia Davis,38 - 40,5254444,560959,560930,2024-03-23
3,00:07.20,Substitution Aggies: out Maleia Bracone,38 - 40,5254444,560959,560930,2024-03-23
3,00:07.20,Foul personal (shooting;2 free throws) (back court) Maleia Bracone(Aggies),38 - 40,5254444,560959,560930,2024-03-23
3,00:08.80,"2pt layup (in the paint) missed by D’Mya Tucker(Aggies), rebound defensive Makiah Asidanya(UNCG)",38 - 40,5254444,560959,560930,2024-03-23
3,00:16.80,"3pt jump shot (outside left) missed by Makiah Asidanya(UNCG), rebound defensive D’Mya Tucker(Aggies)",38 - 40,5254444,560959,560930,2024-03-23
3,00:42.60,Free throw 2 of 2 (2nd chance;off turnover) made by Paris Locke(Aggies),38 - 40,5254444,560959,560930,2024-03-23
3,00:42.60,Free throw 1 of 2 (2nd chance;off turnover) made by Paris Locke(Aggies),38 - 39,5254444,560959,560930,2024-03-23
3,00:42.60,Substitution UNCG: in Jailah Clark-Jones,38 - 38,5254444,560959,560930,2024-03-23
3,00:42.60,Substitution UNCG: out Isys Grady,38 - 38,5254444,560959,560930,2024-03-23
3,00:42.60,Foul personal (shooting;2 free throws) (under the basket) Isys Grady(UNCG),38 - 38,5254444,560959,560930,2024-03-23
3,00:42.60,"2pt driving layup (off turnover) (under the basket) missed by Maleia Bracone(Aggies), rebound offensive Jordyn Dorsey(Aggies)",38 - 38,5254444,560959,560930,2024-03-23
3,01:02,Turnover travel (in the paint) Makiah Asidanya(UNCG),38 - 38,5254444,560959,560930,2024-03-23
3,01:27,"2pt driving layup (fast break) (under the basket) made by Maleia Bracone(Aggies), assist Paris Locke(Aggies)",38 - 38,5254444,560959,560930,2024-03-23
3,01:33,"Free throw 2 of 2 missed by Nia Howard(UNCG), rebound defensive Paris Locke(Aggies)",38 - 36,5254444,560959,560930,2024-03-23
3,01:33,Free throw 1 of 2 made by Nia Howard(UNCG),38 - 36,5254444,560959,560930,2024-03-23
3,01:33,Foul personal (shooting;2 free throws) (inside right) Chaniya Clark(Aggies),37 - 36,5254444,560959,560930,2024-03-23
3,01:56,Free throw 2 of 2 (off turnover) made by Chaniya Clark(Aggies),37 - 36,5254444,560959,560930,2024-03-23
3,01:56,Free throw 1 of 2 (off turnover) made by Chaniya Clark(Aggies),37 - 35,5254444,560959,560930,2024-03-23
3,01:56,Foul personal (shooting;2 free throws) (under the basket) Khalis Cain(UNCG),37 - 34,5254444,560959,560930,2024-03-23
3,02:13,Substitution UNCG: in Nia Howard,37 - 34,5254444,560959,560930,2024-03-23
3,02:13,Substitution UNCG: out Ayanna Khalfani,37 - 34,5254444,560959,560930,2024-03-23
3,02:13,"Foul offensive (under the basket) Makiah Asidanya(UNCG), turnover offensive Makiah Asidanya(UNCG), foul on Maleia Bracone(Aggies)",37 - 34,5254444,560959,560930,2024-03-23
3,02:20,2pt layup (2nd chance) (under the basket) made by Paris Locke(Aggies),37 - 34,5254444,560959,560930,2024-03-23
3,02:27,"3pt jump shot (outside right wing) missed by Maleia Bracone(Aggies), rebound offensive Paris Locke(Aggies)",37 - 32,5254444,560959,560930,2024-03-23
3,02:52,2pt layup (2nd chance) (under the basket) made by Ayanna Khalfani(UNCG),37 - 32,5254444,560959,560930,2024-03-23
3,02:57,"2pt jump shot (2nd chance) (inside right) missed by Jayde Gamble(UNCG), rebound offensive Ayanna Khalfani(UNCG)",35 - 32,5254444,560959,560930,2024-03-23
3,03:07,"2pt jump shot (blocked) (inside right) missed by Jayde Gamble(UNCG), block Maleia Bracone(Aggies), rebound offensive Jayde Gamble(UNCG)",35 - 32,5254444,560959,560930,2024-03-23
3,03:28,2pt driving layup (off turnover;fast break) (under the basket) made by Paris Locke(Aggies),35 - 32,5254444,560959,560930,2024-03-23
3,03:37,"Turnover lost ball (inside left) Ayanna Khalfani(UNCG), steal Maleia Bracone(Aggies)",35 - 30,5254444,560959,560930,2024-03-23
3,03:58,"Foul personal (under the basket) Paris Locke(Aggies), foul on Ayanna Khalfani(UNCG)",35 - 30,5254444,560959,560930,2024-03-23
3,03:58,"Free throw 2 of 2 missed by Jayde Gamble(UNCG), rebound offensive (team) UNCG",35 - 30,5254444,560959,560930,2024-03-23
3,03:58,"Free throw 1 of 2 missed by Jayde Gamble(UNCG), rebound offensive dead ball UNCG",35 - 30,5254444,560959,560930,2024-03-23
3,03:58,Substitution UNCG: in Makiah Asidanya,35 - 30,5254444,560959,560930,2024-03-23
3,03:58,Substitution UNCG: out Nia Howard,35 - 30,5254444,560959,560930,2024-03-23
3,03:58,Substitution Aggies: in Chaniya Clark,35 - 30,5254444,560959,560930,2024-03-23
3,03:58,Substitution Aggies: out Laila Acox,35 - 30,5254444,560959,560930,2024-03-23
3,03:58,Foul personal (shooting;2 free throws) (under the basket) Laila Acox(Aggies),35 - 30,5254444,560959,560930,2024-03-23
3,04:18,"Free throw 2 of 2 missed by Jordyn Dorsey(Aggies), rebound defensive Khalis Cain(UNCG)",35 - 30,5254444,560959,560930,2024-03-23
3,04:18,"Free throw 1 of 2 missed by Jordyn Dorsey(Aggies), rebound offensive dead ball Aggies",35 - 30,5254444,560959,560930,2024-03-23
3,04:18,Substitution UNCG: in Khalis Cain,35 - 30,5254444,560959,560930,2024-03-23
3,04:18,Substitution UNCG: out Antoniette Emma-Nnopu,35 - 30,5254444,560959,560930,2024-03-23
3,04:18,"Foul offensive (2 free throws) (under the basket) Antoniette Emma-Nnopu(UNCG), turnover offensive Antoniette Emma-Nnopu(UNCG)",40 - 40,5254444,560959,560930,2024-03-23
3,04:18,Free throw 2 of 2 made by Maleia Bracone(Aggies),35 - 30,5254444,560959,560930,2024-03-23
3,04:18,Free throw 1 of 2 made by Maleia Bracone(Aggies),35 - 29,5254444,560959,560930,2024-03-23
3,04:18,Foul personal (shooting;2 free throws) (under the basket) Antoniette Emma-Nnopu(UNCG),35 - 28,5254444,560959,560930,2024-03-23
3,04:38,"2pt jump shot (in the paint) made by Isys Grady(UNCG), assist Ayanna Khalfani(UNCG)",35 - 28,5254444,560959,560930,2024-03-23
3,04:58,Free throw 2 of 2 (off turnover) made by Laila Acox(Aggies),33 - 28,5254444,560959,560930,2024-03-23
3,04:58,Free throw 1 of 2 (off turnover) made by Laila Acox(Aggies),33 - 27,5254444,560959,560930,2024-03-23
3,04:58,Substitution UNCG: in Antoniette Emma-Nnopu,33 - 26,5254444,560959,560930,2024-03-23
3,04:58,Substitution UNCG: out Khalis Cain,33 - 26,5254444,560959,560930,2024-03-23
3,04:58,Timeout commercial,33 - 26,5254444,560959,560930,2024-03-23
3,04:58,Foul personal (shooting;2 free throws) (under the basket) Khalis Cain(UNCG),33 - 26,5254444,560959,560930,2024-03-23
3,05:13,Turnover out of bounds (outside center) Ayanna Khalfani(UNCG),33 - 26,5254444,560959,560930,2024-03-23
3,05:28,"Free throw 2 of 2 missed by Paris Locke(Aggies), rebound defensive Ayanna Khalfani(UNCG)",33 - 26,5254444,560959,560930,2024-03-23
3,05:28,"Free throw 1 of 2 missed by Paris Locke(Aggies), rebound offensive dead ball Aggies",33 - 26,5254444,560959,560930,2024-03-23
3,05:28,Substitution Aggies: in Jordyn Dorsey,33 - 26,5254444,560959,560930,2024-03-23
3,05:28,Substitution Aggies: out Talia Davis,33 - 26,5254444,560959,560930,2024-03-23
3,05:28,Substitution Aggies: in Laila Acox,33 - 26,5254444,560959,560930,2024-03-23
3,05:28,Substitution Aggies: out Chaniya Clark,33 - 26,5254444,560959,560930,2024-03-23
3,05:28,Timeout short UNCG,33 - 26,5254444,560959,560930,2024-03-23
3,05:28,Foul personal (shooting;2 free throws) (under the basket) Nia Howard(UNCG),33 - 26,5254444,560959,560930,2024-03-23
3,05:28,Foul (back court) Aggies,33 - 26,5254444,560959,560930,2024-03-23
3,05:28,Timeout commercial,33 - 26,5254444,560959,560930,2024-03-23
3,05:28,"Foul personal (shooting) (in the paint) Nia Howard(UNCG), foul on Paris Locke(Aggies)",33 - 26,5254444,560959,560930,2024-03-23
3,05:37,"3pt jump shot (outside left) missed by Isys Grady(UNCG), rebound defensive Paris Locke(Aggies)",33 - 26,5254444,560959,560930,2024-03-23
3,06:01,Substitution Aggies: in Paris Locke,33 - 26,5254444,560959,560930,2024-03-23
3,06:01,Substitution Aggies: out Jordyn Dorsey,33 - 26,5254444,560959,560930,2024-03-23
3,06:01,Free throw 2 of 2 (fast break) made by Jordyn Dorsey(Aggies),33 - 26,5254444,560959,560930,2024-03-23
3,06:01,"Free throw 1 of 2 (fast break) missed by Jordyn Dorsey(Aggies), rebound offensive dead ball Aggies",33 - 25,5254444,560959,560930,2024-03-23
3,06:01,Foul personal (shooting;2 free throws) (under the basket) Isys Grady(UNCG),33 - 25,5254444,560959,560930,2024-03-23
3,06:08,"2pt driving layup (under the basket) missed by Jayde Gamble(UNCG), rebound defensive Talia Davis(Aggies)",33 - 25,5254444,560959,560930,2024-03-23
3,06:19,"2pt floating jump shot (2nd chance) (in the paint) made by Jordyn Dorsey(Aggies), assist Chaniya Clark(Aggies)",33 - 25,5254444,560959,560930,2024-03-23
3,06:31,"2pt driving layup (blocked) (under the basket) missed by D’Mya Tucker(Aggies), block Khalis Cain(UNCG), rebound offensive (team) Aggies",33 - 23,5254444,560959,560930,2024-03-23
3,06:52,"2pt jump shot (inside right wing) made by Isys Grady(UNCG), assist Jayde Gamble(UNCG)",33 - 23,5254444,560959,560930,2024-03-23
3,07:16,Free throw 2 of 2 (fast break) made by Jordyn Dorsey(Aggies),31 - 23,5254444,560959,560930,2024-03-23
3,07:16,Free throw 1 of 2 (fast break) made by Jordyn Dorsey(Aggies),31 - 22,5254444,560959,560930,2024-03-23
3,07:16,Foul personal (shooting;2 free throws) (under the basket) Nia Howard(UNCG),31 - 21,5254444,560959,560930,2024-03-23
3,07:23,"2pt driving layup (in the paint) made by Nia Howard(UNCG), assist Jayde Gamble(UNCG)",31 - 21,5254444,560959,560930,2024-03-23
3,07:50,2pt driving layup (off turnover) (in the paint) made by Maleia Bracone(Aggies),29 - 21,5254444,560959,560930,2024-03-23
3,08:08,Turnover 5sec (team) (inside left) UNCG,29 - 19,5254444,560959,560930,2024-03-23
3,08:16,"Free throw 2 of 2 missed by Ayanna Khalfani(UNCG), rebound offensive Khalis Cain(UNCG)",29 - 19,5254444,560959,560930,2024-03-23
3,08:16,Free throw 1 of 2 made by Ayanna Khalfani(UNCG),29 - 19,5254444,560959,560930,2024-03-23
3,08:16,Foul personal (shooting;2 free throws) (inside right) Maleia Bracone(Aggies),28 - 19,5254444,560959,560930,2024-03-23
3,08:41,"2pt jump shot (off turnover) (inside left) missed by Jordyn Dorsey(Aggies), rebound defensive Jayde Gamble(UNCG)",28 - 19,5254444,560959,560930,2024-03-23
3,08:50,Turnover shot clock (team) (inside left) UNCG,28 - 19,5254444,560959,560930,2024-03-23
3,09:19,"Free throw 2 of 2 missed by Chaniya Clark(Aggies), rebound defensive Khalis Cain(UNCG)",28 - 19,5254444,560959,560930,2024-03-23
3,09:19,"Free throw 1 of 2 missed by Chaniya Clark(Aggies), rebound offensive dead ball Aggies",28 - 19,5254444,560959,560930,2024-03-23
3,09:19,Foul personal (shooting;2 free throws) (under the basket) Khalis Cain(UNCG),28 - 19,5254444,560959,560930,2024-03-23
3,09:40,"2pt jump shot (inside left) missed by Isys Grady(UNCG), rebound defensive Chaniya Clark(Aggies)",28 - 19,5254444,560959,560930,2024-03-23
3,10:00,Substitution UNCG: in Ayanna Khalfani,28 - 19,5254444,560959,560930,2024-03-23
3,10:00,Substitution UNCG: in Khalis Cain,28 - 19,5254444,560959,560930,2024-03-23
3,10:00,Substitution UNCG: out Makiah Asidanya,28 - 19,5254444,560959,560930,2024-03-23
3,10:00,Substitution UNCG: out Kelly Boyle,28 - 19,5254444,560959,560930,2024-03-23
3,10:00,Substitution Aggies: in Chaniya Clark,28 - 19,5254444,560959,560930,2024-03-23
3,10:00,Substitution Aggies: in Talia Davis,28 - 19,5254444,560959,560930,2024-03-23
3,10:00,Substitution Aggies: out Keona Curtis,28 - 19,5254444,560959,560930,2024-03-23
3,10:00,Substitution Aggies: out Paris Locke,28 - 19,5254444,560959,560930,2024-03-23
3,10:00,Period start,28 - 19,5254444,560959,560930,2024-03-23
2,00:00.10,"3pt jump shot (blocked) (outside left) missed by Nia Howard(UNCG), block Jordyn Dorsey(Aggies)",28 - 19,5254444,560959,560930,2024-03-23
2,00:00.00,Period end (confirmed),28 - 19,5254444,560959,560930,2024-03-23
2,00:05.70,Free throw 2 of 2 made by Jordyn Dorsey(Aggies),28 - 19,5254444,560959,560930,2024-03-23
2,00:05.70,Free throw 1 of 2 made by Jordyn Dorsey(Aggies),28 - 18,5254444,560959,560930,2024-03-23
2,00:05.70,Substitution UNCG: in Makiah Asidanya,28 - 17,5254444,560959,560930,2024-03-23
2,00:05.70,Substitution UNCG: out Jay'lin Hastings,28 - 17,5254444,560959,560930,2024-03-23
2,00:05.70,Foul personal (shooting;2 free throws) (under the basket) Jay'lin Hastings(UNCG),28 - 17,5254444,560959,560930,2024-03-23
2,00:20.70,"2pt jump shot (inside right) missed by Jay'lin Hastings(UNCG), rebound defensive Paris Locke(Aggies)",28 - 17,5254444,560959,560930,2024-03-23
2,00:48.50,Substitution Aggies: in Keona Curtis,28 - 17,5254444,560959,560930,2024-03-23
2,00:48.50,Substitution Aggies: out Chaniya Clark,28 - 17,5254444,560959,560930,2024-03-23
2,00:48.50,Free throw 2 of 2 made by Paris Locke(Aggies),28 - 17,5254444,560959,560930,2024-03-23
2,00:48.50,Free throw 1 of 2 made by Paris Locke(Aggies),28 - 16,5254444,560959,560930,2024-03-23
2,00:48.50,Foul personal (shooting;2 free throws) (under the basket) Isys Grady(UNCG),28 - 15,5254444,560959,560930,2024-03-23
2,01:10,"2pt driving layup (under the basket) made by Nia Howard(UNCG), assist Jayde Gamble(UNCG)",28 - 15,5254444,560959,560930,2024-03-23
2,01:21,Substitution UNCG: in Jay'lin Hastings,26 - 15,5254444,560959,560930,2024-03-23
2,01:21,Substitution UNCG: out Antoniette Emma-Nnopu,26 - 15,5254444,560959,560930,2024-03-23
2,01:21,Substitution Aggies: in Chaniya Clark,26 - 15,5254444,560959,560930,2024-03-23
2,01:21,Substitution Aggies: out Laila Acox,26 - 15,5254444,560959,560930,2024-03-23
2,01:21,"Foul personal (outside center) Laila Acox(Aggies), foul on Antoniette Emma-Nnopu(UNCG)",26 - 15,5254444,560959,560930,2024-03-23
2,01:33,"2pt driving layup (off turnover;fast break) (under the basket) made by D’Mya Tucker(Aggies), assist Jordyn Dorsey(Aggies)",26 - 15,5254444,560959,560930,2024-03-23
2,01:39,Turnover travel (back court) Jayde Gamble(UNCG),26 - 13,5254444,560959,560930,2024-03-23
2,01:49,Substitution UNCG: in Antoniette Emma-Nnopu,26 - 13,5254444,560959,560930,2024-03-23
2,01:49,Substitution UNCG: out Khalis Cain,26 - 13,5254444,560959,560930,2024-03-23
2,01:49,Substitution Aggies: in Laila Acox,26 - 13,5254444,560959,560930,2024-03-23
2,01:49,Substitution Aggies: out Chaniya Clark,26 - 13,5254444,560959,560930,2024-03-23
2,01:49,Turnover travel (under the basket) Chaniya Clark(Aggies),26 - 13,5254444,560959,560930,2024-03-23
2,02:19,"3pt jump shot (outside right wing) made by Kelly Boyle(UNCG), assist Nia Howard(UNCG)",26 - 13,5254444,560959,560930,2024-03-23
2,02:38,"Foul personal (back court) Maleia Bracone(Aggies), foul on Jayde Gamble(UNCG)",23 - 13,5254444,560959,560930,2024-03-23
2,02:38,"Free throw 2 of 2 (fast break;off turnover) missed by Jordyn Dorsey(Aggies), rebound defensive (team) UNCG",23 - 13,5254444,560959,560930,2024-03-23
2,02:38,"Free throw 1 of 2 (fast break;off turnover) missed by Jordyn Dorsey(Aggies), rebound offensive dead ball Aggies",23 - 13,5254444,560959,560930,2024-03-23
2,02:38,Substitution UNCG: in Jayde Gamble,23 - 13,5254444,560959,560930,2024-03-23
2,02:38,Substitution UNCG: out Ayanna Khalfani,23 - 13,5254444,560959,560930,2024-03-23
2,02:38,Foul personal (shooting;2 free throws) (under the basket) Ayanna Khalfani(UNCG),23 - 13,5254444,560959,560930,2024-03-23
2,02:39,"Turnover lost ball (back court) Ayanna Khalfani(UNCG), steal Jordyn Dorsey(Aggies)",23 - 13,5254444,560959,560930,2024-03-23
2,02:43,Substitution UNCG: in Kelly Boyle,23 - 13,5254444,560959,560930,2024-03-23
2,02:43,Substitution UNCG: out Makiah Asidanya,23 - 13,5254444,560959,560930,2024-03-23
2,02:43,Substitution Aggies: in Maleia Bracone,23 - 13,5254444,560959,560930,2024-03-23
2,02:43,Substitution Aggies: out Nahndi Smith,23 - 13,5254444,560959,560930,2024-03-23
2,02:46,Turnover shot clock (team) (outside left) Aggies,23 - 13,5254444,560959,560930,2024-03-23
2,02:51,"2pt jump shot (inside center) missed by D’Mya Tucker(Aggies), rebound offensive Jordyn Dorsey(Aggies)",23 - 13,5254444,560959,560930,2024-03-23
2,03:26,"2pt jump shot (inside right) made by Khalis Cain(UNCG), assist Makiah Asidanya(UNCG)",23 - 13,5254444,560959,560930,2024-03-23
2,03:45,"2pt jump shot (inside center) missed by Nahndi Smith(Aggies), rebound defensive Makiah Asidanya(UNCG)",21 - 13,5254444,560959,560930,2024-03-23
2,03:59,"3pt jump shot (outside right) missed by Makiah Asidanya(UNCG), rebound defensive Nahndi Smith(Aggies)",21 - 13,5254444,560959,560930,2024-03-23
2,04:12,"3pt jump shot (outside center) missed by Jordyn Dorsey(Aggies), rebound defensive Makiah Asidanya(UNCG)",21 - 13,5254444,560959,560930,2024-03-23
2,04:21,Substitution UNCG: in Ayanna Khalfani,21 - 13,5254444,560959,560930,2024-03-23
2,04:21,Substitution UNCG: out Jayde Gamble,21 - 13,5254444,560959,560930,2024-03-23
2,04:24,"3pt jump shot (outside left) missed by Jayde Gamble(UNCG), rebound defensive (team) Aggies",21 - 13,5254444,560959,560930,2024-03-23
2,04:43,"3pt jump shot (outside center) missed by Chaniya Clark(Aggies), rebound defensive Jayde Gamble(UNCG)",21 - 13,5254444,560959,560930,2024-03-23
2,04:55,"2pt jump shot (inside right) missed by Nia Howard(UNCG), rebound defensive Chaniya Clark(Aggies)",21 - 13,5254444,560959,560930,2024-03-23
2,05:00,Substitution Aggies: in Nahndi Smith,21 - 13,5254444,560959,560930,2024-03-23
2,05:00,Substitution Aggies: out Maleia Bracone,21 - 13,5254444,560959,560930,2024-03-23
2,05:21,"2pt jump shot (off turnover) (inside left) missed by Paris Locke(Aggies), rebound defensive Nia Howard(UNCG)",21 - 13,5254444,560959,560930,2024-03-23
2,05:35,Substitution Aggies: in Paris Locke,21 - 13,5254444,560959,560930,2024-03-23
2,05:35,Substitution Aggies: out Talia Davis,21 - 13,5254444,560959,560930,2024-03-23
2,05:35,"Foul offensive (back court) Jayde Gamble(UNCG), turnover offensive Jayde Gamble(UNCG)",28 - 19,5254444,560959,560930,2024-03-23
2,05:48,"Turnover lost ball (in the paint) Maleia Bracone(Aggies), steal Khalis Cain(UNCG)",21 - 13,5254444,560959,560930,2024-03-23
2,06:13,2pt driving layup (off turnover) (under the basket) made by Makiah Asidanya(UNCG),21 - 13,5254444,560959,560930,2024-03-23
2,06:39,Substitution Aggies: in Chaniya Clark,19 - 13,5254444,560959,560930,2024-03-23
2,06:39,Substitution Aggies: in Jordyn Dorsey,19 - 13,5254444,560959,560930,2024-03-23
2,06:39,Substitution Aggies: out Paris Locke,19 - 13,5254444,560959,560930,2024-03-23
2,06:39,Substitution Aggies: out Laila Acox,19 - 13,5254444,560959,560930,2024-03-23
2,06:39,"Foul offensive (in the paint) Laila Acox(Aggies), turnover offensive Laila Acox(Aggies), foul on Khalis Cain(UNCG)",19 - 13,5254444,560959,560930,2024-03-23
2,06:39,Turnover (inside right) Aggies,19 - 13,5254444,560959,560930,2024-03-23
2,06:48,2pt driving layup (off turnover) (in the paint) made by Jayde Gamble(UNCG),19 - 13,5254444,560959,560930,2024-03-23
2,07:04,Turnover travel (inside right) D’Mya Tucker(Aggies),17 - 13,5254444,560959,560930,2024-03-23
2,07:34,"3pt jump shot (outside left) made by Nia Howard(UNCG), assist Makiah Asidanya(UNCG)",17 - 13,5254444,560959,560930,2024-03-23
2,07:59,Free throw 2 of 2 made by D’Mya Tucker(Aggies),14 - 13,5254444,560959,560930,2024-03-23
2,07:59,Substitution UNCG: in Nia Howard,14 - 12,5254444,560959,560930,2024-03-23
2,07:59,Substitution UNCG: out Ayanna Khalfani,14 - 12,5254444,560959,560930,2024-03-23
2,07:59,Free throw 1 of 2 made by D’Mya Tucker(Aggies),14 - 12,5254444,560959,560930,2024-03-23
2,07:59,Substitution UNCG: in Isys Grady,14 - 11,5254444,560959,560930,2024-03-23
2,07:59,Substitution UNCG: out Jailah Clark-Jones,14 - 11,5254444,560959,560930,2024-03-23
2,07:59,Substitution Aggies: in Maleia Bracone,14 - 11,5254444,560959,560930,2024-03-23
2,07:59,Substitution Aggies: out Jordyn Dorsey,14 - 11,5254444,560959,560930,2024-03-23
2,07:59,Foul personal (shooting;2 free throws) (under the basket) Ayanna Khalfani(UNCG),14 - 11,5254444,560959,560930,2024-03-23
2,08:23,"2pt jump shot (in the paint) missed by Makiah Asidanya(UNCG), rebound defensive Talia Davis(Aggies)",14 - 11,5254444,560959,560930,2024-03-23
2,08:32,"2pt driving layup (under the basket) missed by Jordyn Dorsey(Aggies), rebound defensive Ayanna Khalfani(UNCG)",14 - 11,5254444,560959,560930,2024-03-23
2,08:46,"2pt jump shot (inside right) missed by Jayde Gamble(UNCG), rebound defensive Laila Acox(Aggies)",14 - 11,5254444,560959,560930,2024-03-23
2,09:10,"2pt driving layup (under the basket) missed by Jordyn Dorsey(Aggies), rebound defensive Khalis Cain(UNCG)",14 - 11,5254444,560959,560930,2024-03-23
2,09:42,2pt driving layup (under the basket) made by Jayde Gamble(UNCG),14 - 11,5254444,560959,560930,2024-03-23
2,09:57,"2pt layup (fast break) (under the basket) made by Laila Acox(Aggies), assist D’Mya Tucker(Aggies)",12 - 11,5254444,560959,560930,2024-03-23
2,10:00,Period start,12 - 9,5254444,560959,560930,2024-03-23
2,10:00,Substitution UNCG: in Jayde Gamble,12 - 9,5254444,560959,560930,2024-03-23
2,10:00,Substitution UNCG: out Nia Howard,12 - 9,5254444,560959,560930,2024-03-23
2,10:00,Substitution Aggies: in Laila Acox,12 - 9,5254444,560959,560930,2024-03-23
2,10:00,Substitution Aggies: out Chaniya Clark,12 - 9,5254444,560959,560930,2024-03-23
1,00:00.00,Period end (confirmed),12 - 9,5254444,560959,560930,2024-03-23
1,00:00.30,"2pt jump shot (inside center) missed by Ayanna Khalfani(UNCG), rebound offensive Khalis Cain(UNCG)",12 - 9,5254444,560959,560930,2024-03-23
1,00:17.40,Substitution Aggies: in Talia Davis,12 - 9,5254444,560959,560930,2024-03-23
1,00:17.40,Substitution Aggies: out Maleia Bracone,12 - 9,5254444,560959,560930,2024-03-23
1,00:17.40,Free throw 2 of 2 (2nd chance;off turnover) made by Maleia Bracone(Aggies),12 - 9,5254444,560959,560930,2024-03-23
1,00:17.40,"Free throw 1 of 2 (2nd chance;off turnover) missed by Maleia Bracone(Aggies), rebound offensive dead ball Aggies",12 - 8,5254444,560959,560930,2024-03-23
1,00:17.40,Substitution UNCG: in Makiah Asidanya,12 - 8,5254444,560959,560930,2024-03-23
1,00:17.40,Substitution UNCG: out Jayde Gamble,12 - 8,5254444,560959,560930,2024-03-23
1,00:17.40,Foul personal (shooting;2 free throws) (under the basket) Ayanna Khalfani(UNCG),12 - 8,5254444,560959,560930,2024-03-23
1,00:20.00,"3pt jump shot (off turnover) (outside left) missed by Chaniya Clark(Aggies), rebound offensive Maleia Bracone(Aggies)",12 - 8,5254444,560959,560930,2024-03-23
1,00:38.50,Turnover travel (inside right) Nia Howard(UNCG),12 - 8,5254444,560959,560930,2024-03-23
1,00:44.90,"2pt driving layup (blocked) (under the basket) missed by Paris Locke(Aggies), block Khalis Cain(UNCG), rebound defensive Khalis Cain(UNCG)",12 - 8,5254444,560959,560930,2024-03-23
1,00:55.00,"3pt jump shot (off turnover) (outside right) missed by Jayde Gamble(UNCG), rebound defensive D’Mya Tucker(Aggies)",12 - 8,5254444,560959,560930,2024-03-23
1,01:07,Turnover bad pass (outside left) Jordyn Dorsey(Aggies),12 - 8,5254444,560959,560930,2024-03-23
1,01:17,"Foul personal (inside right) Jailah Clark-Jones(UNCG), foul on Paris Locke(Aggies)",12 - 8,5254444,560959,560930,2024-03-23
1,01:33,Substitution UNCG: in Jailah Clark-Jones,12 - 8,5254444,560959,560930,2024-03-23
1,01:33,Substitution UNCG: in Khalis Cain,12 - 8,5254444,560959,560930,2024-03-23
1,01:33,Substitution UNCG: out Isys Grady,12 - 8,5254444,560959,560930,2024-03-23
1,01:33,Substitution UNCG: out Antoniette Emma-Nnopu,12 - 8,5254444,560959,560930,2024-03-23
1,01:33,Substitution Aggies: in Chaniya Clark,12 - 8,5254444,560959,560930,2024-03-23
1,01:33,Substitution Aggies: out Laila Acox,12 - 8,5254444,560959,560930,2024-03-23
1,01:33,Turnover out of bounds (under the basket) Ayanna Khalfani(UNCG),12 - 8,5254444,560959,560930,2024-03-23
1,01:51,2pt driving layup (under the basket) made by Laila Acox(Aggies),12 - 8,5254444,560959,560930,2024-03-23
1,02:13,"3pt jump shot (outside right) missed by Jayde Gamble(UNCG), rebound defensive (team) Aggies",12 - 6,5254444,560959,560930,2024-03-23
1,02:32,Free throw 2 of 2 made by Laila Acox(Aggies),12 - 6,5254444,560959,560930,2024-03-23
1,02:32,"Free throw 1 of 2 missed by Laila Acox(Aggies), rebound offensive dead ball Aggies",12 - 5,5254444,560959,560930,2024-03-23
1,02:32,Foul personal (shooting;2 free throws) (under the basket) Jayde Gamble(UNCG),33 - 26,5254444,560959,560930,2024-03-23
1,02:54,2pt turnaround jump shot (under the basket) made by Isys Grady(UNCG),12 - 5,5254444,560959,560930,2024-03-23
1,03:04,"3pt jump shot (outside left) missed by D’Mya Tucker(Aggies), rebound defensive Isys Grady(UNCG)",10 - 5,5254444,560959,560930,2024-03-23
1,03:18,2pt driving layup (fast break) (under the basket) made by Jayde Gamble(UNCG),10 - 5,5254444,560959,560930,2024-03-23
1,03:26,"3pt jump shot (outside left) made by Jordyn Dorsey(Aggies), assist Paris Locke(Aggies)",8 - 5,5254444,560959,560930,2024-03-23
1,03:44,"2pt layup (off turnover) (in the paint) made by Antoniette Emma-Nnopu(UNCG), assist Ayanna Khalfani(UNCG)",8 - 2,5254444,560959,560930,2024-03-23
1,04:12,Turnover travel (inside right) Paris Locke(Aggies),6 - 2,5254444,560959,560930,2024-03-23
1,04:34,2pt jump shot (off turnover) (in the paint) made by Jayde Gamble(UNCG),6 - 2,5254444,560959,560930,2024-03-23
1,04:57,"Foul offensive (back court) Paris Locke(Aggies), turnover offensive Paris Locke(Aggies), foul on Ayanna Khalfani(UNCG)",4 - 2,5254444,560959,560930,2024-03-23
1,05:07,Turnover 5sec (team) (inside right) UNCG,4 - 2,5254444,560959,560930,2024-03-23
1,05:07,Turnover (inside right) Ayanna Khalfani(UNCG),4 - 2,5254444,560959,560930,2024-03-23
1,05:21,Substitution UNCG: in Antoniette Emma-Nnopu,4 - 2,5254444,560959,560930,2024-03-23
1,05:21,Substitution UNCG: out Khalis Cain,4 - 2,5254444,560959,560930,2024-03-23
1,05:21,Substitution Aggies: in Paris Locke,4 - 2,5254444,560959,560930,2024-03-23
1,05:21,Substitution Aggies: in Laila Acox,4 - 2,5254444,560959,560930,2024-03-23
1,05:21,Substitution Aggies: out Chaniya Clark,4 - 2,5254444,560959,560930,2024-03-23
1,05:21,Substitution Aggies: out Talia Davis,4 - 2,5254444,560959,560930,2024-03-23
1,05:21,Turnover 3sec (inside left) Talia Davis(Aggies),4 - 2,5254444,560959,560930,2024-03-23
1,05:41,"2pt layup (under the basket) missed by Chaniya Clark(Aggies), rebound offensive Jordyn Dorsey(Aggies), rebound offensive Maleia Bracone(Aggies)",4 - 2,5254444,560959,560930,2024-03-23
1,05:59,"2pt layup (2nd chance;blocked) (under the basket) missed by Khalis Cain(UNCG), block Chaniya Clark(Aggies), rebound defensive Chaniya Clark(Aggies)",4 - 2,5254444,560959,560930,2024-03-23
1,06:03,"3pt jump shot (outside left) missed by Jayde Gamble(UNCG), rebound offensive Khalis Cain(UNCG)",4 - 2,5254444,560959,560930,2024-03-23
1,06:11,"2pt jump shot (inside left) missed by D’Mya Tucker(Aggies), rebound defensive Isys Grady(UNCG)",4 - 2,5254444,560959,560930,2024-03-23
1,06:40,"Free throw 2 of 2 (fast break;off turnover) missed by Ayanna Khalfani(UNCG), rebound defensive Chaniya Clark(Aggies)",4 - 2,5254444,560959,560930,2024-03-23
1,06:40,"Free throw 1 of 2 (fast break;off turnover) missed by Ayanna Khalfani(UNCG), rebound offensive dead ball UNCG",4 - 2,5254444,560959,560930,2024-03-23
1,06:40,Foul personal (shooting;2 free throws) (in the paint) Jordyn Dorsey(Aggies),4 - 2,5254444,560959,560930,2024-03-23
1,06:43,"Turnover lost ball (outside left) Jordyn Dorsey(Aggies), steal Ayanna Khalfani(UNCG)",4 - 2,5254444,560959,560930,2024-03-23
1,06:55,Free throw 2 of 2 (2nd chance) made by Isys Grady(UNCG),4 - 2,5254444,560959,560930,2024-03-23
1,06:55,Free throw 1 of 2 (2nd chance) made by Isys Grady(UNCG),3 - 2,5254444,560959,560930,2024-03-23
1,06:55,Foul personal (shooting;2 free throws) (under the basket) Chaniya Clark(Aggies),2 - 2,5254444,560959,560930,2024-03-23
1,06:57,"2pt driving layup (under the basket) missed by Nia Howard(UNCG), rebound offensive Isys Grady(UNCG)",2 - 2,5254444,560959,560930,2024-03-23
1,07:05,"3pt jump shot (outside left) missed by Maleia Bracone(Aggies), rebound defensive Khalis Cain(UNCG)",2 - 2,5254444,560959,560930,2024-03-23
1,07:27,"2pt driving layup (in the paint) missed by Isys Grady(UNCG), rebound defensive (team) Aggies",2 - 2,5254444,560959,560930,2024-03-23
1,07:33,"2pt jump shot (2nd chance;off turnover) (inside left) missed by Jordyn Dorsey(Aggies), rebound defensive Ayanna Khalfani(UNCG)",2 - 2,5254444,560959,560930,2024-03-23
1,07:50,"3pt jump shot (off turnover) (outside right) missed by Chaniya Clark(Aggies), rebound offensive Talia Davis(Aggies)",2 - 2,5254444,560959,560930,2024-03-23
1,08:13,"Turnover lost ball (inside left) Jayde Gamble(UNCG), steal Maleia Bracone(Aggies)",2 - 2,5254444,560959,560930,2024-03-23
1,08:34,"2pt jump shot (inside right) missed by Chaniya Clark(Aggies), rebound defensive Ayanna Khalfani(UNCG)",2 - 2,5254444,560959,560930,2024-03-23
1,08:55,"2pt layup (under the basket) made by Ayanna Khalfani(UNCG), assist Isys Grady(UNCG)",2 - 2,5254444,560959,560930,2024-03-23
1,09:17,2pt jump shot (off turnover) (inside left) made by Chaniya Clark(Aggies),0 - 2,5254444,560959,560930,2024-03-23
1,09:34,Turnover shot clock (team) (inside left) UNCG,0 - 0,5254444,560959,560930,2024-03-23
1,10:00,"Jump ball start period, won Isys Grady(UNCG), lost Chaniya Clark(Aggies)",0 - 0,5254444,560959,560930,2024-03-23
1,10:00,Period start,0 - 0,5254444,560959,560930,2024-03-23
1,10:00,Game start,0 - 0,5254444,560959,560930,2024-03-23
3,02:32,Substitution Drake: in Katie Dinnebier,53 - 71,5254178,560690,560720,2024-03-23
3,02:32,Substitution Drake: out Taylor McAulay,53 - 71,5254178,560690,560720,2024-03-23
3,02:32,Substitution Colorado: in Jaylyn Sherrod,53 - 71,5254178,560690,560720,2024-03-23
3,02:32,Substitution Colorado: out Tameiya Sadler,53 - 71,5254178,560690,560720,2024-03-23
3,00:00.00,Period end (confirmed),53 - 71,5254178,560690,560720,2024-03-23
3,00:01.00,2pt layup (2nd chance) (under the basket) made by Kindyll Wetta(Colorado),53 - 71,5254178,560690,560720,2024-03-23
3,00:01.70,"3pt jump shot (outside left) missed by Maddie Nolan(Colorado), rebound offensive Kindyll Wetta(Colorado)",53 - 69,5254178,560690,560720,2024-03-23
3,00:29.60,Free throw 2 of 2 made by Taylor McAulay(Drake),53 - 69,5254178,560690,560720,2024-03-23
3,00:29.60,Free throw 1 of 2 made by Taylor McAulay(Drake),52 - 69,5254178,560690,560720,2024-03-23
3,00:29.60,Foul personal (2 free throws) (outside center) Jaylyn Sherrod(Colorado),51 - 69,5254178,560690,560720,2024-03-23
3,00:42.30,2pt driving layup (under the basket) made by Jaylyn Sherrod(Colorado),51 - 69,5254178,560690,560720,2024-03-23
3,01:03,"2pt layup (under the basket) made by Taylor McAulay(Drake), assist Courtney Becker(Drake)",51 - 67,5254178,560690,560720,2024-03-23
3,01:18,Substitution Drake: in Shannon Fornshell,49 - 67,5254178,560690,560720,2024-03-23
3,01:18,Substitution Drake: in Taylor McAulay,49 - 67,5254178,560690,560720,2024-03-23
3,01:18,Substitution Drake: out Grace Berg,49 - 67,5254178,560690,560720,2024-03-23
3,01:18,Substitution Drake: out Anna Miller,49 - 67,5254178,560690,560720,2024-03-23
3,01:18,Substitution Colorado: in Quay Miller,49 - 67,5254178,560690,560720,2024-03-23
3,01:18,Substitution Colorado: out Aaronette Vonleh,49 - 67,5254178,560690,560720,2024-03-23
3,01:26,"2pt layup (fast break) (under the basket) made by Maddie Nolan(Colorado), assist Kindyll Wetta(Colorado)",49 - 67,5254178,560690,560720,2024-03-23
3,01:31,"2pt layup (under the basket) missed by Katie Dinnebier(Drake), rebound defensive Aaronette Vonleh(Colorado)",49 - 65,5254178,560690,560720,2024-03-23
3,01:43,"2pt layup (off turnover) (under the basket) made by Kindyll Wetta(Colorado), assist Jaylyn Sherrod(Colorado)",49 - 65,5254178,560690,560720,2024-03-23
3,01:57,Substitution Drake: in Megan Meyer,49 - 63,5254178,560690,560720,2024-03-23
3,01:57,Substitution Drake: out Ava Hawthorne,49 - 63,5254178,560690,560720,2024-03-23
3,01:57,Turnover bad pass (outside center) Courtney Becker(Drake),49 - 63,5254178,560690,560720,2024-03-23
3,02:09,3pt jump shot (outside left wing) made by Sara-Rose Smith(Colorado),49 - 63,5254178,560690,560720,2024-03-23
3,02:24,"Foul personal (in the paint) Katie Dinnebier(Drake), foul on Jaylyn Sherrod(Colorado)",49 - 60,5254178,560690,560720,2024-03-23
3,02:32,Substitution Colorado: in Sara-Rose Smith,53 - 71,5254178,560690,560720,2024-03-23
3,02:32,Substitution Colorado: out Quay Miller,53 - 71,5254178,560690,560720,2024-03-23
3,02:32,Free throw 2 of 2 missed by Anna Miller(Drake),49 - 63,5254178,560690,560720,2024-03-23
3,02:32,"Free throw 1 of 2 missed by Anna Miller(Drake), rebound offensive dead ball Drake",49 - 63,5254178,560690,560720,2024-03-23
3,03:12,Substitution Colorado: in Maddie Nolan,49 - 60,5254178,560690,560720,2024-03-23
3,03:12,Substitution Colorado: out Frida Formann,49 - 60,5254178,560690,560720,2024-03-23
3,02:32,Substitution Colorado: in Jaylyn Sherrod,49 - 60,5254178,560690,560720,2024-03-23
3,02:32,Substitution Colorado: out Tameiya Sadler,49 - 60,5254178,560690,560720,2024-03-23
3,03:12,Substitution Colorado: in Quay Miller,49 - 60,5254178,560690,560720,2024-03-23
3,03:12,Substitution Colorado: out Sara-Rose Smith,49 - 60,5254178,560690,560720,2024-03-23
3,02:32,Substitution Drake: in Katie Dinnebier,49 - 60,5254178,560690,560720,2024-03-23
3,02:32,Substitution Drake: out Taylor McAulay,49 - 60,5254178,560690,560720,2024-03-23
3,02:32,"Foul personal (2 free throws) (back court) Aaronette Vonleh(Colorado), foul on Anna Miller(Drake)",49 - 65,5254178,560690,560720,2024-03-23
3,02:34,"2pt driving layup (under the basket) missed by Kindyll Wetta(Colorado), rebound defensive Anna Miller(Drake)",49 - 60,5254178,560690,560720,2024-03-23
3,02:46,"Foul personal (back court) Grace Berg(Drake), foul on Maddie Nolan(Colorado)",49 - 60,5254178,560690,560720,2024-03-23
3,02:52,"3pt jump shot (outside right) missed by Taylor McAulay(Drake), rebound defensive Maddie Nolan(Colorado)",49 - 60,5254178,560690,560720,2024-03-23
3,02:59,"2pt pull up jump shot (inside left) missed by Tameiya Sadler(Colorado), rebound defensive Grace Berg(Drake)",49 - 60,5254178,560690,560720,2024-03-23
3,03:12,Substitution Colorado: in Sara-Rose Smith,49 - 60,5254178,560690,560720,2024-03-23
3,03:12,Substitution Colorado: out Quay Miller,49 - 60,5254178,560690,560720,2024-03-23
3,03:12,Free throw 2 of 2 (off turnover) made by Courtney Becker(Drake),49 - 60,5254178,560690,560720,2024-03-23
3,03:12,Free throw 1 of 2 (off turnover) made by Courtney Becker(Drake),49 - 60,5254178,560690,560720,2024-03-23
3,03:11,Substitution Colorado: in Maddie Nolan,47 - 60,5254178,560690,560720,2024-03-23
3,03:11,Substitution Colorado: out Frida Formann,47 - 60,5254178,560690,560720,2024-03-23
3,03:13,"Foul personal (2 free throws) (in the paint) Frida Formann(Colorado), foul on Courtney Becker(Drake)",49 - 60,5254178,560690,560720,2024-03-23
3,03:18,"Foul personal (outside center) Quay Miller(Colorado), foul on Grace Berg(Drake)",47 - 60,5254178,560690,560720,2024-03-23
3,03:25,Substitution Drake: in Courtney Becker,47 - 60,5254178,560690,560720,2024-03-23
3,03:25,Substitution Drake: in Ava Hawthorne,47 - 60,5254178,560690,560720,2024-03-23
3,03:25,Substitution Drake: out Megan Meyer,47 - 60,5254178,560690,560720,2024-03-23
3,03:25,Substitution Drake: out Katie Dinnebier,47 - 60,5254178,560690,560720,2024-03-23
3,03:25,Substitution Colorado: in Aaronette Vonleh,47 - 60,5254178,560690,560720,2024-03-23
3,03:25,Substitution Colorado: in Kindyll Wetta,47 - 60,5254178,560690,560720,2024-03-23
3,03:25,Substitution Colorado: out Charlotte Whittaker,47 - 60,5254178,560690,560720,2024-03-23
3,03:25,Substitution Colorado: out Jaylyn Sherrod,47 - 60,5254178,560690,560720,2024-03-23
3,03:26,Turnover bad pass (in the paint) Jaylyn Sherrod(Colorado),47 - 60,5254178,560690,560720,2024-03-23
3,03:33,"3pt jump shot (off turnover) (outside right) missed by Megan Meyer(Drake), rebound defensive Jaylyn Sherrod(Colorado)",47 - 60,5254178,560690,560720,2024-03-23
3,03:50,Turnover travel (inside right) Frida Formann(Colorado),47 - 60,5254178,560690,560720,2024-03-23
3,04:10,"3pt jump shot (off turnover;fast break) (outside left) made by Megan Meyer(Drake), assist Katie Dinnebier(Drake)",47 - 60,5254178,560690,560720,2024-03-23
3,04:16,"Turnover bad pass (outside center) Jaylyn Sherrod(Colorado), steal Taylor McAulay(Drake)",44 - 60,5254178,560690,560720,2024-03-23
3,04:25,"3pt jump shot (off turnover) (outside left) missed by Jaylyn Sherrod(Colorado), rebound offensive Tameiya Sadler(Colorado)",44 - 60,5254178,560690,560720,2024-03-23
3,04:29,Substitution Colorado: in Quay Miller,44 - 60,5254178,560690,560720,2024-03-23
3,04:29,Substitution Colorado: out Sara-Rose Smith,44 - 60,5254178,560690,560720,2024-03-23
3,04:56,Substitution Drake: in Grace Berg,44 - 60,5254178,560690,560720,2024-03-23
3,04:56,Substitution Drake: in Anna Miller,44 - 60,5254178,560690,560720,2024-03-23
3,04:56,Substitution Drake: out Courtney Becker,44 - 60,5254178,560690,560720,2024-03-23
3,04:56,Substitution Drake: out Shannon Fornshell,44 - 60,5254178,560690,560720,2024-03-23
3,04:56,Substitution Colorado: in Frida Formann,44 - 60,5254178,560690,560720,2024-03-23
3,04:56,Substitution Colorado: out Kindyll Wetta,44 - 60,5254178,560690,560720,2024-03-23
3,04:56,Timeout commercial,44 - 60,5254178,560690,560720,2024-03-23
3,05:03,Turnover travel (inside center) Courtney Becker(Drake),44 - 60,5254178,560690,560720,2024-03-23
3,05:14,2pt driving layup (off turnover) (under the basket) made by Jaylyn Sherrod(Colorado),44 - 60,5254178,560690,560720,2024-03-23
3,05:19,Substitution Drake: in Megan Meyer,44 - 58,5254178,560690,560720,2024-03-23
3,05:19,Substitution Drake: out Ava Hawthorne,44 - 58,5254178,560690,560720,2024-03-23
3,05:19,Substitution Colorado: in Charlotte Whittaker,44 - 58,5254178,560690,560720,2024-03-23
3,05:19,Substitution Colorado: out Aaronette Vonleh,44 - 58,5254178,560690,560720,2024-03-23
3,05:19,Turnover lost ball (under the basket) Courtney Becker(Drake),44 - 60,5254178,560690,560720,2024-03-23
3,05:24,"3pt jump shot (off turnover) (outside left) missed by Taylor McAulay(Drake), rebound offensive Shannon Fornshell(Drake)",44 - 58,5254178,560690,560720,2024-03-23
3,05:30,"Turnover lost ball (back court) Sara-Rose Smith(Colorado), steal Courtney Becker(Drake)",44 - 58,5254178,560690,560720,2024-03-23
3,05:35,"2pt layup (under the basket) missed by Katie Dinnebier(Drake), rebound defensive Sara-Rose Smith(Colorado)",44 - 58,5254178,560690,560720,2024-03-23
3,05:59,2pt pull up jump shot (off turnover) (inside left) made by Kindyll Wetta(Colorado),44 - 58,5254178,560690,560720,2024-03-23
3,06:28,Substitution Drake: in Taylor McAulay,44 - 56,5254178,560690,560720,2024-03-23
3,06:28,Substitution Drake: out Grace Berg,44 - 56,5254178,560690,560720,2024-03-23
3,06:28,Turnover lost ball (inside left) Grace Berg(Drake),44 - 56,5254178,560690,560720,2024-03-23
3,06:34,Substitution Colorado: in Tameiya Sadler,44 - 56,5254178,560690,560720,2024-03-23
3,06:34,Substitution Colorado: out Frida Formann,44 - 56,5254178,560690,560720,2024-03-23
3,06:34,"Foul personal (outside center) Kindyll Wetta(Colorado), foul on Grace Berg(Drake)",44 - 56,5254178,560690,560720,2024-03-23
3,06:42,"2pt layup (fast break) (under the basket) made by Kindyll Wetta(Colorado), assist Jaylyn Sherrod(Colorado)",44 - 56,5254178,560690,560720,2024-03-23
3,06:48,"Free throw 2 of 2 (2nd chance) missed by Grace Berg(Drake), rebound defensive Aaronette Vonleh(Colorado)",44 - 54,5254178,560690,560720,2024-03-23
3,06:48,Free throw 1 of 2 (2nd chance) made by Grace Berg(Drake),44 - 54,5254178,560690,560720,2024-03-23
3,06:48,Foul personal (shooting;2 free throws) (in the paint) Sara-Rose Smith(Colorado),43 - 54,5254178,560690,560720,2024-03-23
3,06:58,Substitution Drake: in Ava Hawthorne,43 - 54,5254178,560690,560720,2024-03-23
3,06:58,Substitution Drake: in Shannon Fornshell,43 - 54,5254178,560690,560720,2024-03-23
3,06:58,Substitution Drake: out Anna Miller,43 - 54,5254178,560690,560720,2024-03-23
3,06:58,Substitution Drake: out Taylor McAulay,43 - 54,5254178,560690,560720,2024-03-23
3,06:58,Substitution Colorado: in Kindyll Wetta,43 - 54,5254178,560690,560720,2024-03-23
3,06:58,Substitution Colorado: in Sara-Rose Smith,43 - 54,5254178,560690,560720,2024-03-23
3,06:58,Substitution Colorado: out Maddie Nolan,43 - 54,5254178,560690,560720,2024-03-23
3,06:58,Substitution Colorado: out Quay Miller,43 - 54,5254178,560690,560720,2024-03-23
3,06:58,"2pt driving layup (blocked) (under the basket) missed by Anna Miller(Drake), block Aaronette Vonleh(Colorado), rebound offensive (team) Drake",43 - 54,5254178,560690,560720,2024-03-23
3,07:16,"2pt layup (under the basket) made by Quay Miller(Colorado), assist Jaylyn Sherrod(Colorado)",43 - 54,5254178,560690,560720,2024-03-23
3,07:40,"2pt layup (fast break) (under the basket) made by Courtney Becker(Drake), assist Katie Dinnebier(Drake)",43 - 52,5254178,560690,560720,2024-03-23
3,07:46,"2pt layup (under the basket) made by Aaronette Vonleh(Colorado), assist Quay Miller(Colorado)",41 - 52,5254178,560690,560720,2024-03-23
3,08:01,"3pt jump shot (off turnover) (outside center) missed by Anna Miller(Drake), rebound defensive Quay Miller(Colorado)",41 - 50,5254178,560690,560720,2024-03-23
3,08:09,"Turnover bad pass (outside right) Frida Formann(Colorado), steal Anna Miller(Drake)",41 - 50,5254178,560690,560720,2024-03-23
3,08:17,"2pt layup (in the paint) missed by Grace Berg(Drake), rebound defensive Quay Miller(Colorado)",41 - 50,5254178,560690,560720,2024-03-23
3,08:23,"Foul personal (in the paint) Maddie Nolan(Colorado), foul on Anna Miller(Drake)",41 - 50,5254178,560690,560720,2024-03-23
3,08:32,2pt driving layup (under the basket) made by Jaylyn Sherrod(Colorado),41 - 50,5254178,560690,560720,2024-03-23
3,08:51,"2pt layup (under the basket) missed by Grace Berg(Drake), rebound defensive (team) Colorado",41 - 48,5254178,560690,560720,2024-03-23
3,09:08,2pt layup (2nd chance;off turnover) (under the basket) made by Aaronette Vonleh(Colorado),41 - 48,5254178,560690,560720,2024-03-23
3,09:12,"2pt driving layup (off turnover) (under the basket) missed by Aaronette Vonleh(Colorado), rebound offensive Aaronette Vonleh(Colorado)",41 - 46,5254178,560690,560720,2024-03-23
3,09:29,"Turnover bad pass (outside center) Courtney Becker(Drake), steal Aaronette Vonleh(Colorado)",41 - 46,5254178,560690,560720,2024-03-23
3,09:37,"Turnover bad pass (inside left) Aaronette Vonleh(Colorado), steal Courtney Becker(Drake)",41 - 46,5254178,560690,560720,2024-03-23
3,10:00,Period start,41 - 46,5254178,560690,560720,2024-03-23
3,10:00,Substitution Drake: in Courtney Becker,41 - 46,5254178,560690,560720,2024-03-23
3,10:00,Substitution Drake: in Taylor McAulay,41 - 46,5254178,560690,560720,2024-03-23
3,10:00,Substitution Drake: out Brooklin Dailey,41 - 46,5254178,560690,560720,2024-03-23
3,10:00,Substitution Drake: out Ava Hawthorne,41 - 46,5254178,560690,560720,2024-03-23
3,10:00,Substitution Colorado: in Maddie Nolan,41 - 46,5254178,560690,560720,2024-03-23
3,10:00,Substitution Colorado: in Frida Formann,41 - 46,5254178,560690,560720,2024-03-23
3,10:00,Substitution Colorado: out Brianna McLeod,41 - 46,5254178,560690,560720,2024-03-23
3,10:00,Substitution Colorado: out Tameiya Sadler,41 - 46,5254178,560690,560720,2024-03-23
2,00:00.00,Period end (confirmed),41 - 46,5254178,560690,560720,2024-03-23
2,00:00.80,Turnover travel (back court) Katie Dinnebier(Drake),41 - 46,5254178,560690,560720,2024-03-23
2,00:03.10,Free throw 2 of 2 (off turnover) made by Jaylyn Sherrod(Colorado),41 - 46,5254178,560690,560720,2024-03-23
2,00:03.10,"Free throw 1 of 2 (off turnover) missed by Jaylyn Sherrod(Colorado), rebound offensive dead ball Colorado",41 - 45,5254178,560690,560720,2024-03-23
2,00:03.10,Substitution Colorado: in Brianna McLeod,41 - 45,5254178,560690,560720,2024-03-23
2,00:03.10,Substitution Colorado: out Maddie Nolan,41 - 45,5254178,560690,560720,2024-03-23
2,00:03.10,Foul personal (2 free throws) (under the basket) Anna Miller(Drake),41 - 45,5254178,560690,560720,2024-03-23
2,00:22.00,Substitution Drake: in Ava Hawthorne,41 - 45,5254178,560690,560720,2024-03-23
2,00:22.00,Substitution Drake: out Taylor McAulay,41 - 45,5254178,560690,560720,2024-03-23
2,00:22.00,"Foul personal (inside right) Taylor McAulay(Drake), foul on Tameiya Sadler(Colorado)",41 - 45,5254178,560690,560720,2024-03-23
2,00:42.80,"Foul offensive (back court) Taylor McAulay(Drake), turnover offensive Taylor McAulay(Drake), foul on Maddie Nolan(Colorado)",41 - 45,5254178,560690,560720,2024-03-23
2,01:02,"Turnover bad pass (outside center) Quay Miller(Colorado), steal Taylor McAulay(Drake)",41 - 45,5254178,560690,560720,2024-03-23
2,01:14,Turnover lost ball (under the basket) Grace Berg(Drake),41 - 45,5254178,560690,560720,2024-03-23
2,02:28,Substitution Drake: in Brooklin Dailey,41 - 45,5254178,560690,560720,2024-03-23
2,02:28,Substitution Drake: out Courtney Becker,41 - 45,5254178,560690,560720,2024-03-23
2,01:33,Timeout short Drake,41 - 45,5254178,560690,560720,2024-03-23
2,01:34,"Foul personal (back court) Maddie Nolan(Colorado), foul on Brooklin Dailey(Drake)",41 - 45,5254178,560690,560720,2024-03-23
2,01:34,"Free throw 2 of 2 missed by Aaronette Vonleh(Colorado), rebound defensive dead ball Drake",41 - 45,5254178,560690,560720,2024-03-23
2,01:34,Free throw 1 of 2 made by Aaronette Vonleh(Colorado),41 - 45,5254178,560690,560720,2024-03-23
2,01:34,Substitution Drake: in Brooklin Dailey,41 - 44,5254178,560690,560720,2024-03-23
2,01:34,Substitution Drake: out Courtney Becker,41 - 44,5254178,560690,560720,2024-03-23
2,01:34,Foul personal (shooting;2 free throws) (under the basket) Courtney Becker(Drake),41 - 44,5254178,560690,560720,2024-03-23
2,01:47,"3pt jump shot (outside right) missed by Katie Dinnebier(Drake), rebound defensive Quay Miller(Colorado)",41 - 44,5254178,560690,560720,2024-03-23
2,02:00,2pt jump shot (2nd chance) (inside center) made by Quay Miller(Colorado),41 - 44,5254178,560690,560720,2024-03-23
2,02:09,Substitution Colorado: in Jaylyn Sherrod,41 - 42,5254178,560690,560720,2024-03-23
2,02:09,Substitution Colorado: out Kindyll Wetta,41 - 42,5254178,560690,560720,2024-03-23
2,02:20,"3pt jump shot (outside right) missed by Maddie Nolan(Colorado), rebound offensive Aaronette Vonleh(Colorado)",41 - 42,5254178,560690,560720,2024-03-23
2,02:28,Substitution Drake: in Courtney Becker,41 - 42,5254178,560690,560720,2024-03-23
2,02:28,Substitution Drake: out Brooklin Dailey,41 - 42,5254178,560690,560720,2024-03-23
2,02:32,2pt layup (under the basket) made by Grace Berg(Drake),41 - 42,5254178,560690,560720,2024-03-23
2,02:49,"2pt layup (under the basket) made by Aaronette Vonleh(Colorado), assist Tameiya Sadler(Colorado)",39 - 42,5254178,560690,560720,2024-03-23
2,03:49,Substitution Drake: out Brooklin Dailey,39 - 40,5254178,560690,560720,2024-03-23
2,03:09,Substitution Colorado: in Kindyll Wetta,39 - 40,5254178,560690,560720,2024-03-23
2,03:09,Substitution Colorado: out Jaylyn Sherrod,39 - 40,5254178,560690,560720,2024-03-23
2,03:11,"3pt jump shot (off turnover) (outside center) made by Katie Dinnebier(Drake), assist Taylor McAulay(Drake)",39 - 40,5254178,560690,560720,2024-03-23
2,03:39,Substitution Colorado: in Aaronette Vonleh,36 - 40,5254178,560690,560720,2024-03-23
2,03:39,Substitution Colorado: out Charlotte Whittaker,36 - 40,5254178,560690,560720,2024-03-23
2,03:39,Turnover travel (inside left) Charlotte Whittaker(Colorado),36 - 40,5254178,560690,560720,2024-03-23
2,03:49,Substitution Drake: in Grace Berg,36 - 40,5254178,560690,560720,2024-03-23
2,03:49,Substitution Drake: in Anna Miller,36 - 40,5254178,560690,560720,2024-03-23
2,03:49,Substitution Drake: in Taylor McAulay,36 - 40,5254178,560690,560720,2024-03-23
2,03:49,Substitution Drake: out Courtney Becker,36 - 40,5254178,560690,560720,2024-03-23
2,03:49,Substitution Drake: out Megan Meyer,36 - 40,5254178,560690,560720,2024-03-23
2,03:49,Substitution Drake: out Shannon Fornshell,36 - 40,5254178,560690,560720,2024-03-23
2,03:49,Substitution Colorado: in Charlotte Whittaker,36 - 40,5254178,560690,560720,2024-03-23
2,03:49,Substitution Colorado: in Tameiya Sadler,36 - 40,5254178,560690,560720,2024-03-23
2,03:49,Substitution Colorado: out Brianna McLeod,36 - 40,5254178,560690,560720,2024-03-23
2,03:49,Substitution Colorado: out Kindyll Wetta,36 - 40,5254178,560690,560720,2024-03-23
2,03:49,Timeout commercial,36 - 40,5254178,560690,560720,2024-03-23
2,03:58,"3pt pull up jump shot (outside right) missed by Katie Dinnebier(Drake), rebound defensive Maddie Nolan(Colorado)",36 - 40,5254178,560690,560720,2024-03-23
2,04:07,"3pt jump shot (outside center) missed by Kindyll Wetta(Colorado), rebound defensive Megan Meyer(Drake)",36 - 40,5254178,560690,560720,2024-03-23
2,04:25,2pt driving layup (off turnover) (under the basket) made by Courtney Becker(Drake),36 - 40,5254178,560690,560720,2024-03-23
2,04:40,"Turnover bad pass (in the paint) Jaylyn Sherrod(Colorado), steal Courtney Becker(Drake)",34 - 40,5254178,560690,560720,2024-03-23
2,04:47,2pt driving layup (under the basket) made by Katie Dinnebier(Drake),34 - 40,5254178,560690,560720,2024-03-23
2,05:19,2pt driving layup (fast break) (under the basket) made by Jaylyn Sherrod(Colorado),32 - 40,5254178,560690,560720,2024-03-23
2,05:27,3pt pull up jump shot (outside left) made by Katie Dinnebier(Drake),32 - 38,5254178,560690,560720,2024-03-23
2,05:55,"3pt jump shot (outside right) missed by Quay Miller(Colorado), rebound defensive Courtney Becker(Drake)",29 - 38,5254178,560690,560720,2024-03-23
2,06:08,Free throw 1 of 1 made by Katie Dinnebier(Drake),29 - 38,5254178,560690,560720,2024-03-23
2,06:08,Substitution Drake: in Brooklin Dailey,28 - 38,5254178,560690,560720,2024-03-23
2,06:08,Substitution Drake: in Megan Meyer,28 - 38,5254178,560690,560720,2024-03-23
2,06:08,Substitution Drake: out Grace Berg,28 - 38,5254178,560690,560720,2024-03-23
2,06:08,Substitution Drake: out Ava Hawthorne,28 - 38,5254178,560690,560720,2024-03-23
2,06:08,Foul personal (shooting;1 free throw) (under the basket) Brianna McLeod(Colorado),28 - 38,5254178,560690,560720,2024-03-23
2,06:08,2pt driving layup (under the basket) made by Katie Dinnebier(Drake),28 - 38,5254178,560690,560720,2024-03-23
2,06:27,Free throw 2 of 2 made by Brianna McLeod(Colorado),26 - 38,5254178,560690,560720,2024-03-23
2,06:27,Free throw 1 of 2 made by Brianna McLeod(Colorado),26 - 37,5254178,560690,560720,2024-03-23
2,06:27,Substitution Colorado: in Kindyll Wetta,26 - 36,5254178,560690,560720,2024-03-23
2,06:27,Substitution Colorado: in Quay Miller,26 - 36,5254178,560690,560720,2024-03-23
2,06:27,Substitution Colorado: out Aaronette Vonleh,26 - 36,5254178,560690,560720,2024-03-23
2,06:27,Substitution Colorado: out Tameiya Sadler,26 - 36,5254178,560690,560720,2024-03-23
2,06:27,Foul personal (shooting;2 free throws) (under the basket) Grace Berg(Drake),26 - 36,5254178,560690,560720,2024-03-23
2,06:55,"2pt layup (under the basket) made by Courtney Becker(Drake), assist Shannon Fornshell(Drake)",26 - 36,5254178,560690,560720,2024-03-23
2,07:09,2pt driving layup (off turnover;fast break) (under the basket) made by Jaylyn Sherrod(Colorado),24 - 36,5254178,560690,560720,2024-03-23
2,07:14,"Turnover bad pass (in the paint) Katie Dinnebier(Drake), steal Jaylyn Sherrod(Colorado)",24 - 34,5254178,560690,560720,2024-03-23
2,07:24,"3pt jump shot (off turnover) (outside right wing) made by Tameiya Sadler(Colorado), assist Jaylyn Sherrod(Colorado)",24 - 34,5254178,560690,560720,2024-03-23
2,07:50,Substitution Drake: in Ava Hawthorne,24 - 31,5254178,560690,560720,2024-03-23
2,07:50,Substitution Drake: in Shannon Fornshell,24 - 31,5254178,560690,560720,2024-03-23
2,07:50,Substitution Drake: out Anna Miller,24 - 31,5254178,560690,560720,2024-03-23
2,07:50,Substitution Drake: out Taylor McAulay,24 - 31,5254178,560690,560720,2024-03-23
2,07:52,Turnover travel (inside right) Taylor McAulay(Drake),24 - 31,5254178,560690,560720,2024-03-23
2,08:05,2pt layup (2nd chance) (under the basket) made by Aaronette Vonleh(Colorado),24 - 31,5254178,560690,560720,2024-03-23
2,08:09,"2pt jump shot (under the basket) missed by Aaronette Vonleh(Colorado), rebound offensive Aaronette Vonleh(Colorado)",24 - 29,5254178,560690,560720,2024-03-23
2,08:30,"3pt jump shot (off turnover) (outside left) made by Katie Dinnebier(Drake), assist Courtney Becker(Drake)",24 - 29,5254178,560690,560720,2024-03-23
2,08:40,Substitution Drake: in Courtney Becker,21 - 29,5254178,560690,560720,2024-03-23
2,08:40,Substitution Drake: out Ashley IIams,21 - 29,5254178,560690,560720,2024-03-23
2,08:40,Substitution Colorado: in Brianna McLeod,21 - 29,5254178,560690,560720,2024-03-23
2,08:40,Substitution Colorado: out Sara-Rose Smith,21 - 29,5254178,560690,560720,2024-03-23
2,08:40,"Foul personal (back court) Sara-Rose Smith(Colorado), foul on Katie Dinnebier(Drake)",24 - 31,5254178,560690,560720,2024-03-23
2,08:42,"Turnover bad pass (back court) Jaylyn Sherrod(Colorado), steal Taylor McAulay(Drake)",24 - 29,5254178,560690,560720,2024-03-23
2,08:45,"2pt driving layup (under the basket) missed by Anna Miller(Drake), rebound defensive Jaylyn Sherrod(Colorado)",21 - 29,5254178,560690,560720,2024-03-23
2,08:53,Substitution Colorado: in Sara-Rose Smith,21 - 29,5254178,560690,560720,2024-03-23
2,08:53,Substitution Colorado: out Frida Formann,21 - 29,5254178,560690,560720,2024-03-23
2,08:54,"Foul personal (in the paint) Frida Formann(Colorado), foul on Grace Berg(Drake)",21 - 29,5254178,560690,560720,2024-03-23
2,09:07,"3pt jump shot (off turnover) (outside left wing) made by Maddie Nolan(Colorado), assist Jaylyn Sherrod(Colorado)",21 - 29,5254178,560690,560720,2024-03-23
2,09:23,Turnover bad pass (outside left) Katie Dinnebier(Drake),21 - 26,5254178,560690,560720,2024-03-23
2,09:23,2pt layup (2nd chance) (under the basket) made by Aaronette Vonleh(Colorado),21 - 26,5254178,560690,560720,2024-03-23
2,09:30,"2pt layup (2nd chance;blocked) (in the paint) missed by Aaronette Vonleh(Colorado), block Anna Miller(Drake), rebound offensive Aaronette Vonleh(Colorado)",21 - 24,5254178,560690,560720,2024-03-23
2,09:35,"2pt layup (under the basket) missed by Aaronette Vonleh(Colorado), rebound offensive Aaronette Vonleh(Colorado)",21 - 24,5254178,560690,560720,2024-03-23
2,10:00,Period start,21 - 24,5254178,560690,560720,2024-03-23
2,10:00,Substitution Drake: in Ashley IIams,21 - 24,5254178,560690,560720,2024-03-23
2,10:00,Substitution Drake: in Taylor McAulay,21 - 24,5254178,560690,560720,2024-03-23
2,10:00,Substitution Drake: out Courtney Becker,21 - 24,5254178,560690,560720,2024-03-23
2,10:00,Substitution Drake: out Megan Meyer,21 - 24,5254178,560690,560720,2024-03-23
1,00:00.00,Period end (confirmed),21 - 24,5254178,560690,560720,2024-03-23
1,00:01.00,2pt driving layup (off turnover;fast break) (under the basket) made by Tameiya Sadler(Colorado),21 - 24,5254178,560690,560720,2024-03-23
1,00:03.20,"Turnover bad pass (in the paint) Anna Miller(Drake), steal Tameiya Sadler(Colorado)",21 - 22,5254178,560690,560720,2024-03-23
1,00:19.10,"2pt layup (under the basket) made by Maddie Nolan(Colorado), assist Aaronette Vonleh(Colorado)",21 - 22,5254178,560690,560720,2024-03-23
1,00:39.00,"Free throw 2 of 2 missed by Anna Miller(Drake), rebound defensive Aaronette Vonleh(Colorado)",21 - 20,5254178,560690,560720,2024-03-23
1,00:39.00,Free throw 1 of 2 made by Anna Miller(Drake),21 - 20,5254178,560690,560720,2024-03-23
1,00:39.00,Substitution Drake: in Megan Meyer,20 - 20,5254178,560690,560720,2024-03-23
1,00:39.00,Substitution Drake: in Katie Dinnebier,20 - 20,5254178,560690,560720,2024-03-23
1,00:39.00,Substitution Drake: out Ava Hawthorne,20 - 20,5254178,560690,560720,2024-03-23
1,00:39.00,Substitution Drake: out Taylor McAulay,20 - 20,5254178,560690,560720,2024-03-23
1,00:39.00,Substitution Colorado: in Frida Formann,20 - 20,5254178,560690,560720,2024-03-23
1,00:39.00,Substitution Colorado: in Jaylyn Sherrod,20 - 20,5254178,560690,560720,2024-03-23
1,00:39.00,Substitution Colorado: out Kindyll Wetta,20 - 20,5254178,560690,560720,2024-03-23
1,00:39.00,Substitution Colorado: out Quay Miller,20 - 20,5254178,560690,560720,2024-03-23
1,00:39.00,Foul personal (2 free throws) (in the paint) Kindyll Wetta(Colorado),20 - 20,5254178,560690,560720,2024-03-23
1,00:51.50,"2pt jump shot (2nd chance) (inside center) missed by Aaronette Vonleh(Colorado), rebound defensive Taylor McAulay(Drake)",20 - 20,5254178,560690,560720,2024-03-23
1,01:04,"3pt jump shot (outside left) missed by Maddie Nolan(Colorado), rebound offensive Quay Miller(Colorado)",20 - 20,5254178,560690,560720,2024-03-23
1,01:22,"3pt jump shot (outside center) made by Ava Hawthorne(Drake), assist Grace Berg(Drake)",20 - 20,5254178,560690,560720,2024-03-23
1,01:42,"3pt jump shot (outside left) made by Maddie Nolan(Colorado), assist Quay Miller(Colorado)",17 - 20,5254178,560690,560720,2024-03-23
1,01:58,Substitution Drake: in Anna Miller,17 - 17,5254178,560690,560720,2024-03-23
1,01:58,Substitution Drake: out Shannon Fornshell,17 - 17,5254178,560690,560720,2024-03-23
1,01:58,Substitution Colorado: in Kindyll Wetta,17 - 17,5254178,560690,560720,2024-03-23
1,01:58,Substitution Colorado: out Jaylyn Sherrod,17 - 17,5254178,560690,560720,2024-03-23
1,02:00,"Foul personal (back court) Courtney Becker(Drake), foul on Jaylyn Sherrod(Colorado)",17 - 17,5254178,560690,560720,2024-03-23
1,02:00,"3pt jump shot (outside right) missed by Shannon Fornshell(Drake), rebound defensive dead ball Colorado",17 - 17,5254178,560690,560720,2024-03-23
1,02:20,"2pt pull up jump shot (inside center) missed by Jaylyn Sherrod(Colorado), rebound defensive Taylor McAulay(Drake)",17 - 17,5254178,560690,560720,2024-03-23
1,02:39,"2pt driving layup (off turnover) (under the basket) missed by Grace Berg(Drake), rebound defensive Maddie Nolan(Colorado)",17 - 17,5254178,560690,560720,2024-03-23
1,02:54,"Turnover bad pass (inside right) Quay Miller(Colorado), steal Grace Berg(Drake)",17 - 17,5254178,560690,560720,2024-03-23
1,03:06,Substitution Drake: in Taylor McAulay,17 - 17,5254178,560690,560720,2024-03-23
1,03:06,Substitution Drake: out Katie Dinnebier,17 - 17,5254178,560690,560720,2024-03-23
1,03:06,Free throw 2 of 2 made by Katie Dinnebier(Drake),17 - 17,5254178,560690,560720,2024-03-23
1,03:06,Free throw 1 of 2 made by Katie Dinnebier(Drake),16 - 17,5254178,560690,560720,2024-03-23
1,03:06,Substitution Colorado: in Tameiya Sadler,15 - 17,5254178,560690,560720,2024-03-23
1,03:06,Substitution Colorado: out Kindyll Wetta,15 - 17,5254178,560690,560720,2024-03-23
1,03:06,Foul personal (2 free throws) (outside center) Kindyll Wetta(Colorado),15 - 17,5254178,560690,560720,2024-03-23
1,03:20,"2pt layup (off turnover) (under the basket) made by Aaronette Vonleh(Colorado), assist Kindyll Wetta(Colorado)",15 - 17,5254178,560690,560720,2024-03-23
1,03:37,Turnover lost ball (back court) Katie Dinnebier(Drake),15 - 15,5254178,560690,560720,2024-03-23
1,03:38,Substitution Drake: in Grace Berg,15 - 15,5254178,560690,560720,2024-03-23
1,03:38,Substitution Drake: in Ava Hawthorne,15 - 15,5254178,560690,560720,2024-03-23
1,03:38,Substitution Drake: out Megan Meyer,15 - 15,5254178,560690,560720,2024-03-23
1,03:38,Substitution Drake: out Taylor McAulay,15 - 15,5254178,560690,560720,2024-03-23
1,03:42,"3pt jump shot (outside right) missed by Jaylyn Sherrod(Colorado), rebound defensive (team) Drake",15 - 15,5254178,560690,560720,2024-03-23
1,04:04,"Free throw 2 of 2 missed by Taylor McAulay(Drake), rebound defensive Quay Miller(Colorado)",15 - 15,5254178,560690,560720,2024-03-23
1,04:04,Free throw 1 of 2 made by Taylor McAulay(Drake),15 - 15,5254178,560690,560720,2024-03-23
1,04:04,Substitution Drake: in Shannon Fornshell,14 - 15,5254178,560690,560720,2024-03-23
1,04:04,Substitution Drake: out Anna Miller,14 - 15,5254178,560690,560720,2024-03-23
1,04:04,Substitution Colorado: in Maddie Nolan,14 - 15,5254178,560690,560720,2024-03-23
1,04:04,Substitution Colorado: in Aaronette Vonleh,14 - 15,5254178,560690,560720,2024-03-23
1,04:04,Substitution Colorado: in Quay Miller,14 - 15,5254178,560690,560720,2024-03-23
1,04:04,Substitution Colorado: out Charlotte Whittaker,14 - 15,5254178,560690,560720,2024-03-23
1,04:04,Substitution Colorado: out Sara-Rose Smith,14 - 15,5254178,560690,560720,2024-03-23
1,04:04,Substitution Colorado: out Frida Formann,14 - 15,5254178,560690,560720,2024-03-23
1,04:04,Foul personal (shooting;2 free throws) (in the paint) Frida Formann(Colorado),14 - 15,5254178,560690,560720,2024-03-23
1,04:16,"2pt layup (under the basket) made by Frida Formann(Colorado), assist Jaylyn Sherrod(Colorado)",14 - 15,5254178,560690,560720,2024-03-23
1,04:38,"3pt jump shot (off turnover) (outside left) made by Taylor McAulay(Drake), assist Anna Miller(Drake)",14 - 13,5254178,560690,560720,2024-03-23
1,04:51,"Turnover lost ball Charlotte Whittaker(Colorado), steal Courtney Becker(Drake)",11 - 13,5254178,560690,560720,2024-03-23
1,04:51,Jump ball held ball Drake,11 - 13,5254178,560690,560720,2024-03-23
1,05:00,Timeout commercial,11 - 13,5254178,560690,560720,2024-03-23
1,05:00,Jump ball held ball Colorado,11 - 13,5254178,560690,560720,2024-03-23
1,05:02,"2pt jump shot (off turnover) (inside center) missed by Charlotte Whittaker(Colorado), rebound offensive Frida Formann(Colorado), rebound offensive Kindyll Wetta(Colorado)",11 - 13,5254178,560690,560720,2024-03-23
1,05:20,Substitution Drake: in Courtney Becker,11 - 13,5254178,560690,560720,2024-03-23
1,05:20,Substitution Drake: out Grace Berg,11 - 13,5254178,560690,560720,2024-03-23
1,05:20,Substitution Colorado: in Charlotte Whittaker,11 - 13,5254178,560690,560720,2024-03-23
1,05:20,Substitution Colorado: out Aaronette Vonleh,11 - 13,5254178,560690,560720,2024-03-23
1,05:22,"Turnover bad pass (back court) Grace Berg(Drake), steal Kindyll Wetta(Colorado)",11 - 13,5254178,560690,560720,2024-03-23
1,05:25,Free throw 1 of 1 (fast break) made by Jaylyn Sherrod(Colorado),11 - 13,5254178,560690,560720,2024-03-23
1,05:25,Foul personal (shooting;1 free throw) (in the paint) Katie Dinnebier(Drake),11 - 12,5254178,560690,560720,2024-03-23
1,05:27,"2pt pull up jump shot (fast break) (in the paint) made by Jaylyn Sherrod(Colorado), assist Aaronette Vonleh(Colorado)",11 - 12,5254178,560690,560720,2024-03-23
1,05:32,"2pt hook shot (blocked) (under the basket) missed by Anna Miller(Drake), block Aaronette Vonleh(Colorado), rebound defensive Aaronette Vonleh(Colorado)",11 - 10,5254178,560690,560720,2024-03-23
1,05:50,Substitution Drake: in Megan Meyer,11 - 10,5254178,560690,560720,2024-03-23
1,05:50,Substitution Drake: out Ava Hawthorne,11 - 10,5254178,560690,560720,2024-03-23
1,05:50,Substitution Colorado: in Jaylyn Sherrod,11 - 10,5254178,560690,560720,2024-03-23
1,05:50,Substitution Colorado: out Maddie Nolan,11 - 10,5254178,560690,560720,2024-03-23
1,05:50,"Foul personal (back court) Sara-Rose Smith(Colorado), foul on Anna Miller(Drake)",11 - 10,5254178,560690,560720,2024-03-23
1,05:51,"2pt pull up jump shot (in the paint) missed by Sara-Rose Smith(Colorado), rebound defensive Anna Miller(Drake)",11 - 10,5254178,560690,560720,2024-03-23
1,06:04,"3pt jump shot (outside center) missed by Katie Dinnebier(Drake), rebound defensive Kindyll Wetta(Colorado)",11 - 10,5254178,560690,560720,2024-03-23
1,06:17,2pt layup (2nd chance;off turnover) (under the basket) made by Sara-Rose Smith(Colorado),11 - 10,5254178,560690,560720,2024-03-23
1,06:20,"2pt layup (off turnover) (under the basket) missed by Aaronette Vonleh(Colorado), rebound offensive Sara-Rose Smith(Colorado)",11 - 8,5254178,560690,560720,2024-03-23
1,06:35,Substitution Drake: in Anna Miller,11 - 8,5254178,560690,560720,2024-03-23
1,06:35,Substitution Drake: out Shannon Fornshell,11 - 8,5254178,560690,560720,2024-03-23
1,06:36,Turnover travel (in the paint) Grace Berg(Drake),11 - 8,5254178,560690,560720,2024-03-23
1,06:49,"2pt hook shot (off turnover) (under the basket) made by Aaronette Vonleh(Colorado), assist Maddie Nolan(Colorado)",11 - 8,5254178,560690,560720,2024-03-23
1,07:01,Substitution Drake: in Taylor McAulay,11 - 6,5254178,560690,560720,2024-03-23
1,07:01,Substitution Drake: out Courtney Becker,11 - 6,5254178,560690,560720,2024-03-23
1,07:02,Turnover bad pass (outside center) Shannon Fornshell(Drake),11 - 6,5254178,560690,560720,2024-03-23
1,07:13,Free throw 1 of 1 made by Aaronette Vonleh(Colorado),11 - 6,5254178,560690,560720,2024-03-23
1,07:13,Foul personal (shooting;1 free throw) (under the basket) Shannon Fornshell(Drake),11 - 5,5254178,560690,560720,2024-03-23
1,07:13,2pt layup (2nd chance) (under the basket) made by Aaronette Vonleh(Colorado),11 - 6,5254178,560690,560720,2024-03-23
1,07:13,"2pt layup (blocked) (under the basket) missed by Aaronette Vonleh(Colorado), block Courtney Becker(Drake), rebound offensive Aaronette Vonleh(Colorado)",11 - 3,5254178,560690,560720,2024-03-23
1,07:26,Timeout commercial,11 - 3,5254178,560690,560720,2024-03-23
1,07:26,Timeout short Colorado,11 - 3,5254178,560690,560720,2024-03-23
1,07:27,"2pt layup (under the basket) made by Shannon Fornshell(Drake), assist Ava Hawthorne(Drake)",11 - 3,5254178,560690,560720,2024-03-23
1,07:32,Substitution Drake: in Ava Hawthorne,9 - 3,5254178,560690,560720,2024-03-23
1,07:32,Substitution Drake: in Shannon Fornshell,9 - 3,5254178,560690,560720,2024-03-23
1,07:32,Substitution Drake: out Anna Miller,9 - 3,5254178,560690,560720,2024-03-23
1,07:32,Substitution Drake: out Taylor McAulay,9 - 3,5254178,560690,560720,2024-03-23
1,07:32,Substitution Colorado: in Kindyll Wetta,9 - 3,5254178,560690,560720,2024-03-23
1,07:32,Substitution Colorado: in Sara-Rose Smith,9 - 3,5254178,560690,560720,2024-03-23
1,07:32,Substitution Colorado: out Quay Miller,9 - 3,5254178,560690,560720,2024-03-23
1,07:32,Substitution Colorado: out Jaylyn Sherrod,9 - 3,5254178,560690,560720,2024-03-23
1,07:32,"Foul personal (in the paint) Jaylyn Sherrod(Colorado), foul on Katie Dinnebier(Drake)",9 - 3,5254178,560690,560720,2024-03-23
1,07:44,"3pt jump shot (outside right) made by Quay Miller(Colorado), assist Frida Formann(Colorado)",9 - 3,5254178,560690,560720,2024-03-23
1,08:04,"2pt layup (under the basket) made by Grace Berg(Drake), assist Katie Dinnebier(Drake)",9 - 0,5254178,560690,560720,2024-03-23
1,08:23,2pt hook shot (blocked) (under the basket) missed by Aaronette Vonleh(Colorado),7 - 0,5254178,560690,560720,2024-03-23
1,08:31,"2pt layup (under the basket) made by Katie Dinnebier(Drake), assist Taylor McAulay(Drake)",7 - 0,5254178,560690,560720,2024-03-23
1,08:37,"Foul personal (inside left) Quay Miller(Colorado), foul on Grace Berg(Drake)",5 - 0,5254178,560690,560720,2024-03-23
1,08:49,"3pt jump shot (outside left wing) missed by Maddie Nolan(Colorado), rebound defensive Grace Berg(Drake)",5 - 0,5254178,560690,560720,2024-03-23
1,09:03,2pt layup (2nd chance;off turnover) (under the basket) made by Courtney Becker(Drake),5 - 0,5254178,560690,560720,2024-03-23
1,09:07,"3pt jump shot (off turnover) (outside right) missed by Taylor McAulay(Drake), rebound offensive Courtney Becker(Drake)",3 - 0,5254178,560690,560720,2024-03-23
1,09:20,"Turnover bad pass (outside left) Jaylyn Sherrod(Colorado), steal Courtney Becker(Drake)",3 - 0,5254178,560690,560720,2024-03-23
1,09:37,"3pt jump shot (outside right wing) missed by Quay Miller(Colorado), rebound offensive Maddie Nolan(Colorado)",3 - 0,5254178,560690,560720,2024-03-23
1,09:53,"3pt jump shot (outside center) made by Courtney Becker(Drake), assist Katie Dinnebier(Drake)",3 - 0,5254178,560690,560720,2024-03-23
1,10:00,"Jump ball start period, won Grace Berg(Drake), lost Aaronette Vonleh(Colorado), won Anna Miller(Drake), lost Aaronette Vonleh(Colorado)",0 - 0,5254178,560690,560720,2024-03-23
1,10:00,Period start,0 - 0,5254178,560690,560720,2024-03-23
1,10:00,Game start,0 - 0,5254178,560690,560720,2024-03-23
3,02:50,2pt (under the basket) made by ISU,61 - 61,5254172,560816,560876,2024-03-23
3,03:02,Free throw 2 of 2 made by Bri McDaniel(UMD),61 - 59,5254172,560816,560876,2024-03-23
3,03:02,Free throw 1 of 2 made by Bri McDaniel(UMD),60 - 59,5254172,560816,560876,2024-03-23
3,03:02,Substitution UMD: in Jakia Brown-Turner,59 - 59,5254172,560816,560876,2024-03-23
3,03:02,Substitution UMD: out Brinae Alexander,59 - 59,5254172,560816,560876,2024-03-23
3,03:02,Substitution ISU: in Hannah Belanger,59 - 59,5254172,560816,560876,2024-03-23
3,03:02,Substitution ISU: out Addy Brown,59 - 59,5254172,560816,560876,2024-03-23
3,03:02,Foul personal (shooting;2 free throws) (in the paint) Addy Brown(ISU),59 - 59,5254172,560816,560876,2024-03-23
3,03:20,"3pt jump shot (outside right) made by Kelsey Joens(ISU), assist Emily Ryan(ISU)",59 - 59,5254172,560816,560876,2024-03-23
3,03:29,"2pt layup (in the paint) missed by Shyanne Sellers(UMD), rebound defensive Audi Crooks(ISU)",59 - 56,5254172,560816,560876,2024-03-23
3,03:45,Free throw 2 of 2 made by Addy Brown(ISU),59 - 56,5254172,560816,560876,2024-03-23
3,03:45,"Free throw 1 of 2 missed by Addy Brown(ISU), rebound offensive dead ball ISU",59 - 55,5254172,560816,560876,2024-03-23
3,03:45,Substitution UMD: in Bri McDaniel,59 - 55,5254172,560816,560876,2024-03-23
3,03:45,Substitution UMD: out Jakia Brown-Turner,59 - 55,5254172,560816,560876,2024-03-23
3,03:45,Foul personal (2 free throws) (under the basket) Jakia Brown-Turner(UMD),59 - 55,5254172,560816,560876,2024-03-23
3,03:57,"3pt jump shot (outside left) missed by Jakia Brown-Turner(UMD), rebound defensive Audi Crooks(ISU)",59 - 55,5254172,560816,560876,2024-03-23
3,04:17,"2pt layup (under the basket) made by Audi Crooks(ISU), assist Emily Ryan(ISU)",59 - 55,5254172,560816,560876,2024-03-23
3,04:27,"2pt jump shot (in the paint) missed by Jakia Brown-Turner(UMD), rebound defensive Kelsey Joens(ISU)",59 - 53,5254172,560816,560876,2024-03-23
3,04:48,Free throw 2 of 2 made by Kelsey Joens(ISU),59 - 53,5254172,560816,560876,2024-03-23
3,04:48,Free throw 1 of 2 made by Kelsey Joens(ISU),59 - 52,5254172,560816,560876,2024-03-23
3,04:48,Substitution ISU: in Addy Brown,59 - 51,5254172,560816,560876,2024-03-23
3,04:48,Substitution ISU: out Hannah Belanger,59 - 51,5254172,560816,560876,2024-03-23
3,04:48,Timeout commercial,59 - 51,5254172,560816,560876,2024-03-23
3,04:48,"Foul personal (shooting;2 free throws) (under the basket) Faith Masonius(UMD), foul on Kelsey Joens(ISU)",59 - 51,5254172,560816,560876,2024-03-23
3,05:03,"3pt jump shot (outside right) missed by Faith Masonius(UMD), rebound defensive Nyamer Diew(ISU)",59 - 51,5254172,560816,560876,2024-03-23
3,05:29,"2pt layup (in the paint) made by Audi Crooks(ISU), assist Kelsey Joens(ISU)",59 - 51,5254172,560816,560876,2024-03-23
3,05:57,"2pt jump shot (inside center) made by Allie Kubek(UMD), assist Shyanne Sellers(UMD)",59 - 49,5254172,560816,560876,2024-03-23
3,06:14,Substitution ISU: in Nyamer Diew,57 - 49,5254172,560816,560876,2024-03-23
3,06:14,Substitution ISU: out Addy Brown,57 - 49,5254172,560816,560876,2024-03-23
3,06:14,Timeout commercial,57 - 49,5254172,560816,560876,2024-03-23
3,06:14,Timeout short UMD,57 - 49,5254172,560816,560876,2024-03-23
3,06:17,"3pt jump shot (outside right) made by Kelsey Joens(ISU), assist Emily Ryan(ISU)",57 - 49,5254172,560816,560876,2024-03-23
3,06:27,"3pt jump shot (outside right) missed by Allie Kubek(UMD), rebound defensive Emily Ryan(ISU)",57 - 46,5254172,560816,560876,2024-03-23
3,06:39,"3pt jump shot (2nd chance) (outside center) missed by Hannah Belanger(ISU), rebound defensive Allie Kubek(UMD)",57 - 46,5254172,560816,560876,2024-03-23
3,06:46,"Foul personal (in the paint) Faith Masonius(UMD), foul on Kelsey Joens(ISU)",57 - 46,5254172,560816,560876,2024-03-23
3,06:48,"3pt jump shot (outside right) missed by Addy Brown(ISU), rebound offensive dead ball ISU",57 - 46,5254172,560816,560876,2024-03-23
3,06:59,"Foul personal (inside left) Shyanne Sellers(UMD), foul on Kelsey Joens(ISU), foul on Emily Ryan(ISU)",57 - 46,5254172,560816,560876,2024-03-23
3,07:09,2pt layup (under the basket) made by Shyanne Sellers(UMD),57 - 46,5254172,560816,560876,2024-03-23
3,07:11,"Foul personal (in the paint) Hannah Belanger(ISU), foul on Shyanne Sellers(UMD)",55 - 46,5254172,560816,560876,2024-03-23
3,07:17,Jump ball held ball UMD,55 - 46,5254172,560816,560876,2024-03-23
3,07:35,"2pt layup (blocked) (in the paint) missed by Addy Brown(ISU), block Faith Masonius(UMD), rebound defensive Shyanne Sellers(UMD)",55 - 46,5254172,560816,560876,2024-03-23
3,07:43,"2pt jump shot (blocked) (in the paint) missed by Jakia Brown-Turner(UMD), block Hannah Belanger(ISU), rebound defensive Addy Brown(ISU)",55 - 46,5254172,560816,560876,2024-03-23
3,07:52,2pt driving layup (under the basket) made by Emily Ryan(ISU),55 - 46,5254172,560816,560876,2024-03-23
3,07:57,Substitution UMD: in Allie Kubek,55 - 44,5254172,560816,560876,2024-03-23
3,07:57,Substitution UMD: out Bri McDaniel,55 - 44,5254172,560816,560876,2024-03-23
3,07:57,Substitution ISU: in Kelsey Joens,55 - 44,5254172,560816,560876,2024-03-23
3,07:57,Substitution ISU: out Arianna Jackson,55 - 44,5254172,560816,560876,2024-03-23
3,07:57,"Foul personal (outside right) Bri McDaniel(UMD), foul on Audi Crooks(ISU), foul on Emily Ryan(ISU)",55 - 44,5254172,560816,560876,2024-03-23
3,08:07,"2pt floating jump shot (in the paint) missed by Bri McDaniel(UMD), rebound defensive Addy Brown(ISU)",55 - 44,5254172,560816,560876,2024-03-23
3,08:22,"2pt jump shot (in the paint) made by Audi Crooks(ISU), assist Addy Brown(ISU)",55 - 44,5254172,560816,560876,2024-03-23
3,08:37,Free throw 2 of 2 made by Jakia Brown-Turner(UMD),55 - 42,5254172,560816,560876,2024-03-23
3,08:37,"Free throw 1 of 2 missed by Jakia Brown-Turner(UMD), rebound offensive dead ball UMD",54 - 42,5254172,560816,560876,2024-03-23
3,08:37,Foul personal (shooting;2 free throws) (in the paint) Addy Brown(ISU),54 - 42,5254172,560816,560876,2024-03-23
3,08:51,"3pt jump shot (outside left) made by Emily Ryan(ISU), assist Addy Brown(ISU)",54 - 42,5254172,560816,560876,2024-03-23
3,09:09,"2pt layup (off turnover) (under the basket) made by Faith Masonius(UMD), assist Bri McDaniel(UMD)",54 - 39,5254172,560816,560876,2024-03-23
3,09:15,"Turnover bad pass (in the paint) Addy Brown(ISU), steal Faith Masonius(UMD)",52 - 39,5254172,560816,560876,2024-03-23
3,09:27,"2pt jump shot (inside center) missed by Bri McDaniel(UMD), rebound defensive Arianna Jackson(ISU)",52 - 39,5254172,560816,560876,2024-03-23
3,09:48,"3pt jump shot (outside left) made by Hannah Belanger(ISU), assist Emily Ryan(ISU)",52 - 39,5254172,560816,560876,2024-03-23
3,10:00,Period start,52 - 36,5254172,560816,560876,2024-03-23
3,10:00,Substitution UMD: in Brinae Alexander,52 - 36,5254172,560816,560876,2024-03-23
3,10:00,Substitution UMD: in Shyanne Sellers,52 - 36,5254172,560816,560876,2024-03-23
3,10:00,Substitution UMD: out Emily Fisher,52 - 36,5254172,560816,560876,2024-03-23
3,10:00,Substitution UMD: out Allie Kubek,52 - 36,5254172,560816,560876,2024-03-23
3,10:00,Substitution ISU: in Arianna Jackson,52 - 36,5254172,560816,560876,2024-03-23
3,10:00,Substitution ISU: out Nyamer Diew,52 - 36,5254172,560816,560876,2024-03-23
2,00:00.00,Period end (confirmed),52 - 36,5254172,560816,560876,2024-03-23
1,04:35,Substitution ISU: in Addy Brown,52 - 36,5254172,560816,560876,2024-03-23
1,04:35,Substitution ISU: out Kelsey Joens,52 - 36,5254172,560816,560876,2024-03-23
2,00:02.10,"Foul offensive (back court) Audi Crooks(ISU), turnover offensive Audi Crooks(ISU), foul on Bri McDaniel(UMD)",52 - 36,5254172,560816,560876,2024-03-23
2,00:26.30,"Foul offensive (outside left) Faith Masonius(UMD), turnover offensive Faith Masonius(UMD), foul on Nyamer Diew(ISU)",52 - 36,5254172,560816,560876,2024-03-23
2,00:43.40,"3pt jump shot (outside left) made by Hannah Belanger(ISU), assist Emily Ryan(ISU)",52 - 36,5254172,560816,560876,2024-03-23
2,00:54.20,"2pt jump shot (inside center) made by Emily Fisher(UMD), assist Allie Kubek(UMD)",52 - 33,5254172,560816,560876,2024-03-23
2,01:14,Free throw 1 of 1 (2nd chance) made by Audi Crooks(ISU),50 - 33,5254172,560816,560876,2024-03-23
2,01:14,Foul personal (shooting;1 free throw) (under the basket) Bri McDaniel(UMD),50 - 32,5254172,560816,560876,2024-03-23
2,01:14,2pt layup (2nd chance) (under the basket) made by Audi Crooks(ISU),50 - 32,5254172,560816,560876,2024-03-23
2,01:15,"2pt layup (in the paint) missed by Emily Ryan(ISU), rebound offensive Audi Crooks(ISU)",50 - 30,5254172,560816,560876,2024-03-23
2,01:28,Free throw 2 of 2 made by Allie Kubek(UMD),50 - 30,5254172,560816,560876,2024-03-23
2,01:28,Free throw 1 of 2 made by Allie Kubek(UMD),49 - 30,5254172,560816,560876,2024-03-23
2,01:28,Foul personal (shooting;2 free throws) (in the paint) Addy Brown(ISU),48 - 30,5254172,560816,560876,2024-03-23
2,01:44,Free throw 2 of 2 made by Hannah Belanger(ISU),48 - 30,5254172,560816,560876,2024-03-23
2,01:44,"Free throw 1 of 2 missed by Hannah Belanger(ISU), rebound offensive dead ball ISU",48 - 29,5254172,560816,560876,2024-03-23
2,01:44,Foul personal (2 free throws) (in the paint) Emily Fisher(UMD),48 - 29,5254172,560816,560876,2024-03-23
2,01:59,2pt layup (2nd chance) (under the basket) made by Jakia Brown-Turner(UMD),48 - 29,5254172,560816,560876,2024-03-23
2,02:04,"3pt jump shot (outside right) missed by Bri McDaniel(UMD), rebound offensive Jakia Brown-Turner(UMD)",46 - 29,5254172,560816,560876,2024-03-23
2,02:10,Substitution UMD: in Emily Fisher,46 - 29,5254172,560816,560876,2024-03-23
2,02:10,Substitution UMD: out Shyanne Sellers,46 - 29,5254172,560816,560876,2024-03-23
2,02:10,Substitution ISU: in Hannah Belanger,46 - 29,5254172,560816,560876,2024-03-23
2,02:10,Substitution ISU: out Jalynn Bristow,46 - 29,5254172,560816,560876,2024-03-23
2,02:18,"3pt jump shot (off turnover) (outside right) missed by Jalynn Bristow(ISU), rebound defensive Shyanne Sellers(UMD)",46 - 29,5254172,560816,560876,2024-03-23
2,02:36,Substitution UMD: in Faith Masonius,46 - 29,5254172,560816,560876,2024-03-23
2,02:36,Substitution UMD: out Brinae Alexander,46 - 29,5254172,560816,560876,2024-03-23
2,02:36,"Foul offensive (back court) Brinae Alexander(UMD), turnover offensive Brinae Alexander(UMD), foul on Nyamer Diew(ISU)",46 - 29,5254172,560816,560876,2024-03-23
2,02:46,Turnover travel (in the paint) Addy Brown(ISU),46 - 29,5254172,560816,560876,2024-03-23
2,03:06,"3pt jump shot (outside right) made by Allie Kubek(UMD), assist Shyanne Sellers(UMD)",46 - 29,5254172,560816,560876,2024-03-23
2,03:18,"3pt jump shot (outside right) missed by Nyamer Diew(ISU), rebound defensive (team) UMD",43 - 29,5254172,560816,560876,2024-03-23
2,03:45,Free throw 2 of 2 (off turnover) made by Shyanne Sellers(UMD),43 - 29,5254172,560816,560876,2024-03-23
2,03:45,Free throw 1 of 2 (off turnover) made by Shyanne Sellers(UMD),42 - 29,5254172,560816,560876,2024-03-23
2,03:45,Substitution ISU: in Jalynn Bristow,41 - 29,5254172,560816,560876,2024-03-23
2,03:45,Substitution ISU: out Kelsey Joens,41 - 29,5254172,560816,560876,2024-03-23
2,03:45,Substitution ISU: in Audi Crooks,41 - 29,5254172,560816,560876,2024-03-23
2,03:45,Substitution ISU: out Hannah Belanger,41 - 29,5254172,560816,560876,2024-03-23
2,03:45,Foul personal (shooting;2 free throws) (in the paint) Nyamer Diew(ISU),41 - 29,5254172,560816,560876,2024-03-23
2,03:55,Turnover shot clock (team) (in the paint) ISU,41 - 29,5254172,560816,560876,2024-03-23
2,04:10,"2pt layup (blocked) (under the basket) missed by Hannah Belanger(ISU), block Jakia Brown-Turner(UMD), rebound offensive (team) ISU",41 - 29,5254172,560816,560876,2024-03-23
2,04:27,Substitution UMD: in Shyanne Sellers,41 - 29,5254172,560816,560876,2024-03-23
2,04:27,Substitution UMD: out Emily Fisher,41 - 29,5254172,560816,560876,2024-03-23
2,04:27,Substitution ISU: in Addy Brown,41 - 29,5254172,560816,560876,2024-03-23
2,04:27,Substitution ISU: in Kelsey Joens,41 - 29,5254172,560816,560876,2024-03-23
2,04:27,Substitution ISU: out Audi Crooks,41 - 29,5254172,560816,560876,2024-03-23
2,04:27,Substitution ISU: out Arianna Jackson,41 - 29,5254172,560816,560876,2024-03-23
1,02:59,Substitution UMD: in Faith Masonius,41 - 29,5254172,560816,560876,2024-03-23
1,02:59,Substitution UMD: out Allie Kubek,41 - 29,5254172,560816,560876,2024-03-23
1,02:59,Substitution ISU: in Arianna Jackson,41 - 29,5254172,560816,560876,2024-03-23
1,02:59,Substitution ISU: in Jalynn Bristow,41 - 29,5254172,560816,560876,2024-03-23
1,02:59,Substitution ISU: out Audi Crooks,41 - 29,5254172,560816,560876,2024-03-23
1,02:59,Substitution ISU: out Emily Ryan,41 - 29,5254172,560816,560876,2024-03-23
2,04:27,Timeout commercial,41 - 29,5254172,560816,560876,2024-03-23
2,04:32,"3pt jump shot (outside left) made by Allie Kubek(UMD), assist Bri McDaniel(UMD)",41 - 29,5254172,560816,560876,2024-03-23
2,04:49,"2pt layup (under the basket) made by Audi Crooks(ISU), assist Nyamer Diew(ISU)",38 - 29,5254172,560816,560876,2024-03-23
2,05:14,Substitution UMD: in Jakia Brown-Turner,38 - 27,5254172,560816,560876,2024-03-23
2,05:14,Substitution UMD: out Faith Masonius,38 - 27,5254172,560816,560876,2024-03-23
2,05:14,"Foul personal (back court) Bri McDaniel(UMD), foul on Audi Crooks(ISU)",38 - 27,5254172,560816,560876,2024-03-23
2,05:16,"3pt jump shot (outside left) missed by Emily Fisher(UMD), rebound offensive Brinae Alexander(UMD), rebound defensive Audi Crooks(ISU)",38 - 27,5254172,560816,560876,2024-03-23
2,05:30,2pt layup (off turnover;fast break) (in the paint) made by Nyamer Diew(ISU),38 - 27,5254172,560816,560876,2024-03-23
2,05:37,Turnover bad pass (inside center) Bri McDaniel(UMD),38 - 27,5254172,560816,560876,2024-03-23
2,05:57,2pt layup (2nd chance) (under the basket) made by Audi Crooks(ISU),38 - 25,5254172,560816,560876,2024-03-23
2,06:02,"3pt jump shot (outside center) missed by Nyamer Diew(ISU), rebound offensive Audi Crooks(ISU)",38 - 23,5254172,560816,560876,2024-03-23
2,06:22,"3pt jump shot (outside center) missed by Bri McDaniel(UMD), rebound defensive Hannah Belanger(ISU)",38 - 23,5254172,560816,560876,2024-03-23
2,06:37,Free throw 2 of 2 (2nd chance;off turnover) made by Audi Crooks(ISU),38 - 23,5254172,560816,560876,2024-03-23
2,06:37,"Free throw 1 of 2 (2nd chance;off turnover) missed by Audi Crooks(ISU), rebound offensive dead ball ISU",38 - 22,5254172,560816,560876,2024-03-23
2,06:37,Substitution UMD: in Allie Kubek,38 - 22,5254172,560816,560876,2024-03-23
2,06:37,Substitution UMD: out Shyanne Sellers,38 - 22,5254172,560816,560876,2024-03-23
2,06:37,Foul personal (shooting;2 free throws) (under the basket) Shyanne Sellers(UMD),38 - 22,5254172,560816,560876,2024-03-23
2,06:39,"2pt layup (off turnover) (under the basket) missed by Audi Crooks(ISU), rebound offensive Audi Crooks(ISU)",38 - 22,5254172,560816,560876,2024-03-23
2,06:53,Substitution UMD: in Emily Fisher,38 - 22,5254172,560816,560876,2024-03-23
2,06:53,Substitution UMD: out Allie Kubek,38 - 22,5254172,560816,560876,2024-03-23
2,06:53,Substitution ISU: in Audi Crooks,38 - 22,5254172,560816,560876,2024-03-23
2,06:53,Substitution ISU: out Addy Brown,38 - 22,5254172,560816,560876,2024-03-23
2,06:53,Turnover lost ball (inside left) Bri McDaniel(UMD),38 - 22,5254172,560816,560876,2024-03-23
2,07:12,"3pt jump shot (outside right) missed by Addy Brown(ISU), rebound defensive Allie Kubek(UMD)",38 - 22,5254172,560816,560876,2024-03-23
2,07:26,"2pt layup (off turnover) (in the paint) missed by Faith Masonius(UMD), rebound defensive Arianna Jackson(ISU)",38 - 22,5254172,560816,560876,2024-03-23
2,07:44,Substitution UMD: in Bri McDaniel,38 - 22,5254172,560816,560876,2024-03-23
2,07:44,Substitution UMD: out Jakia Brown-Turner,38 - 22,5254172,560816,560876,2024-03-23
2,07:44,Substitution ISU: in Nyamer Diew,38 - 22,5254172,560816,560876,2024-03-23
2,07:44,Substitution ISU: in Arianna Jackson,38 - 22,5254172,560816,560876,2024-03-23
2,07:44,Substitution ISU: out Audi Crooks,38 - 22,5254172,560816,560876,2024-03-23
2,07:44,Substitution ISU: out Kelsey Joens,38 - 22,5254172,560816,560876,2024-03-23
2,07:44,Turnover lost ball (in the paint) Kelsey Joens(ISU),38 - 22,5254172,560816,560876,2024-03-23
2,08:06,"3pt jump shot (outside left) made by Brinae Alexander(UMD), assist Shyanne Sellers(UMD)",38 - 22,5254172,560816,560876,2024-03-23
2,08:11,"2pt layup (2nd chance) (under the basket) missed by Addy Brown(ISU), rebound defensive Jakia Brown-Turner(UMD)",35 - 22,5254172,560816,560876,2024-03-23
2,08:17,"3pt jump shot (outside right) missed by Kelsey Joens(ISU), rebound offensive Addy Brown(ISU)",35 - 22,5254172,560816,560876,2024-03-23
2,08:28,"2pt jump shot (2nd chance) (inside right) missed by Jakia Brown-Turner(UMD), rebound defensive Audi Crooks(ISU)",35 - 22,5254172,560816,560876,2024-03-23
2,08:44,"2pt floating jump shot (in the paint) missed by Jakia Brown-Turner(UMD), rebound offensive Jakia Brown-Turner(UMD)",35 - 22,5254172,560816,560876,2024-03-23
2,08:53,"2pt layup (under the basket) made by Audi Crooks(ISU), assist Addy Brown(ISU)",35 - 22,5254172,560816,560876,2024-03-23
2,09:01,"2pt jump shot (off turnover) (in the paint) missed by Shyanne Sellers(UMD), rebound defensive Addy Brown(ISU)",35 - 20,5254172,560816,560876,2024-03-23
2,09:21,Substitution ISU: in Kelsey Joens,35 - 20,5254172,560816,560876,2024-03-23
2,09:21,Substitution ISU: out Jalynn Bristow,35 - 20,5254172,560816,560876,2024-03-23
2,09:21,Turnover dribbling (inside left) Jalynn Bristow(ISU),35 - 20,5254172,560816,560876,2024-03-23
2,09:30,Substitution ISU: in Hannah Belanger,35 - 20,5254172,560816,560876,2024-03-23
2,09:30,Substitution ISU: in Emily Ryan,35 - 20,5254172,560816,560876,2024-03-23
2,09:30,Substitution ISU: out Kelsey Joens,35 - 20,5254172,560816,560876,2024-03-23
2,09:30,Substitution ISU: out Arianna Jackson,35 - 20,5254172,560816,560876,2024-03-23
2,09:30,"Foul personal (in the paint) Shyanne Sellers(UMD), foul on Audi Crooks(ISU)",35 - 20,5254172,560816,560876,2024-03-23
2,09:30,Foul (in the paint) ISU,35 - 20,5254172,560816,560876,2024-03-23
2,09:55,"2pt jump shot (in the paint) made by Allie Kubek(UMD), assist Brinae Alexander(UMD)",35 - 20,5254172,560816,560876,2024-03-23
2,10:00,Period start,33 - 20,5254172,560816,560876,2024-03-23
1,00:00.00,Period end (confirmed),33 - 20,5254172,560816,560876,2024-03-23
1,00:00.10,Substitution UMD: in Brinae Alexander,52 - 36,5254172,560816,560876,2024-03-23
1,00:00.10,Substitution UMD: in Shyanne Sellers,52 - 36,5254172,560816,560876,2024-03-23
1,00:00.10,Substitution UMD: out Emily Fisher,52 - 36,5254172,560816,560876,2024-03-23
1,00:00.10,Substitution UMD: out Bri McDaniel,52 - 36,5254172,560816,560876,2024-03-23
1,04:30,Turnover other (team) (outside right) UMD,33 - 20,5254172,560816,560876,2024-03-23
1,00:00.10,Turnover other (team) (back court) UMD,33 - 20,5254172,560816,560876,2024-03-23
1,00:06.60,2pt driving layup (in the paint) made by Kelsey Joens(ISU),33 - 20,5254172,560816,560876,2024-03-23
1,00:35.40,Substitution ISU: in Arianna Jackson,33 - 18,5254172,560816,560876,2024-03-23
1,00:35.40,Substitution ISU: out Emily Ryan,33 - 18,5254172,560816,560876,2024-03-23
1,00:35.40,Free throw 2 of 2 (2nd chance;off turnover) made by Emily Fisher(UMD),33 - 18,5254172,560816,560876,2024-03-23
1,00:35.40,"Free throw 1 of 2 (2nd chance;off turnover) missed by Emily Fisher(UMD), rebound offensive dead ball UMD",32 - 18,5254172,560816,560876,2024-03-23
1,00:35.40,Foul personal (shooting;2 free throws) (in the paint) Emily Ryan(ISU),32 - 18,5254172,560816,560876,2024-03-23
1,00:36.90,"2pt jump shot (off turnover) (inside center) missed by Faith Masonius(UMD), rebound offensive Emily Fisher(UMD)",32 - 18,5254172,560816,560876,2024-03-23
1,00:59.50,"Turnover bad pass (in the paint) Addy Brown(ISU), steal Allie Kubek(UMD)",32 - 18,5254172,560816,560876,2024-03-23
1,01:05,Substitution UMD: in Emily Fisher,32 - 18,5254172,560816,560876,2024-03-23
1,01:05,Substitution UMD: in Allie Kubek,32 - 18,5254172,560816,560876,2024-03-23
1,01:05,Substitution UMD: out Brinae Alexander,32 - 18,5254172,560816,560876,2024-03-23
1,01:05,Substitution UMD: out Shyanne Sellers,32 - 18,5254172,560816,560876,2024-03-23
1,01:05,Substitution ISU: in Audi Crooks,32 - 18,5254172,560816,560876,2024-03-23
1,01:05,Substitution ISU: in Kelsey Joens,32 - 18,5254172,560816,560876,2024-03-23
1,01:05,Substitution ISU: in Emily Ryan,32 - 18,5254172,560816,560876,2024-03-23
1,01:05,Substitution ISU: out Hannah Belanger,32 - 18,5254172,560816,560876,2024-03-23
1,01:05,Substitution ISU: out Nyamer Diew,32 - 18,5254172,560816,560876,2024-03-23
1,01:05,Substitution ISU: out Arianna Jackson,32 - 18,5254172,560816,560876,2024-03-23
1,01:05,"Foul personal (in the paint) Brinae Alexander(UMD), foul on Jalynn Bristow(ISU)",32 - 18,5254172,560816,560876,2024-03-23
1,01:23,2pt hook shot (in the paint) made by Faith Masonius(UMD),32 - 18,5254172,560816,560876,2024-03-23
1,01:32,"2pt layup (in the paint) made by Nyamer Diew(ISU), assist Addy Brown(ISU)",30 - 18,5254172,560816,560876,2024-03-23
1,01:55,2pt layup (2nd chance) (under the basket) made by Faith Masonius(UMD),30 - 16,5254172,560816,560876,2024-03-23
1,01:59,"2pt layup (blocked) (in the paint) missed by Bri McDaniel(UMD), block Addy Brown(ISU), rebound offensive Faith Masonius(UMD)",33 - 20,5254172,560816,560876,2024-03-23
1,02:08,"2pt layup (in the paint) missed by Nyamer Diew(ISU), rebound defensive Shyanne Sellers(UMD)",28 - 16,5254172,560816,560876,2024-03-23
1,02:36,3pt jump shot (outside center) made by Brinae Alexander(UMD),28 - 16,5254172,560816,560876,2024-03-23
1,02:59,Substitution ISU: in Addy Brown,41 - 29,5254172,560816,560876,2024-03-23
1,02:59,Substitution ISU: out Kelsey Joens,41 - 29,5254172,560816,560876,2024-03-23
1,02:49,"3pt jump shot (outside center) missed by Addy Brown(ISU), rebound defensive Shyanne Sellers(UMD)",25 - 16,5254172,560816,560876,2024-03-23
1,02:59,2pt layup (2nd chance) (under the basket) made by Shyanne Sellers(UMD),25 - 16,5254172,560816,560876,2024-03-23
1,03:03,"2pt jump shot (inside left) missed by Faith Masonius(UMD), rebound offensive Shyanne Sellers(UMD)",23 - 16,5254172,560816,560876,2024-03-23
1,03:22,"Free throw 2 of 2 missed by Nyamer Diew(ISU), rebound defensive Shyanne Sellers(UMD)",23 - 16,5254172,560816,560876,2024-03-23
1,03:22,Free throw 1 of 2 made by Nyamer Diew(ISU),23 - 16,5254172,560816,560876,2024-03-23
1,03:22,Substitution UMD: in Jakia Brown-Turner,23 - 15,5254172,560816,560876,2024-03-23
1,03:22,Substitution UMD: out Allie Kubek,23 - 15,5254172,560816,560876,2024-03-23
1,03:22,Substitution ISU: in Arianna Jackson,23 - 15,5254172,560816,560876,2024-03-23
1,03:22,Substitution ISU: in Jalynn Bristow,23 - 15,5254172,560816,560876,2024-03-23
1,03:22,Substitution ISU: out Audi Crooks,23 - 15,5254172,560816,560876,2024-03-23
1,03:22,Substitution ISU: out Emily Ryan,23 - 15,5254172,560816,560876,2024-03-23
1,03:22,Foul personal (shooting;2 free throws) (in the paint) Allie Kubek(UMD),23 - 15,5254172,560816,560876,2024-03-23
1,03:43,"3pt jump shot (off turnover) (outside left) made by Allie Kubek(UMD), assist Bri McDaniel(UMD)",23 - 15,5254172,560816,560876,2024-03-23
1,03:57,Substitution UMD: in Faith Masonius,20 - 15,5254172,560816,560876,2024-03-23
1,03:57,Substitution UMD: out Jakia Brown-Turner,20 - 15,5254172,560816,560876,2024-03-23
1,03:57,"Foul offensive (back court) Emily Ryan(ISU), turnover offensive Emily Ryan(ISU), foul on Shyanne Sellers(UMD)",20 - 15,5254172,560816,560876,2024-03-23
1,04:07,Turnover travel (inside right) Allie Kubek(UMD),20 - 15,5254172,560816,560876,2024-03-23
1,04:30,"3pt jump shot (off turnover) (outside right) made by Emily Ryan(ISU), assist Addy Brown(ISU)",33 - 20,5254172,560816,560876,2024-03-23
1,04:35,Substitution UMD: in Brinae Alexander,20 - 12,5254172,560816,560876,2024-03-23
1,04:35,Substitution UMD: out Emily Fisher,20 - 12,5254172,560816,560876,2024-03-23
1,04:35,Timeout commercial,33 - 20,5254172,560816,560876,2024-03-23
1,04:35,Turnover other (team) (back court) UMD,20 - 12,5254172,560816,560876,2024-03-23
1,04:35,2pt layup (2nd chance) (under the basket) made by Audi Crooks(ISU),20 - 12,5254172,560816,560876,2024-03-23
1,04:39,"2pt jump shot (inside left) missed by Kelsey Joens(ISU), rebound offensive Audi Crooks(ISU)",20 - 10,5254172,560816,560876,2024-03-23
1,04:56,Free throw 2 of 2 (fast break) made by Shyanne Sellers(UMD),20 - 10,5254172,560816,560876,2024-03-23
1,05:12,Free throw 1 of 2 (fast break) made by Shyanne Sellers(UMD),19 - 10,5254172,560816,560876,2024-03-23
1,05:12,Substitution UMD: in Emily Fisher,20 - 12,5254172,560816,560876,2024-03-23
1,05:12,Substitution UMD: out Faith Masonius,20 - 12,5254172,560816,560876,2024-03-23
1,05:12,"Foul personal (shooting;2 free throws) (under the basket) Nyamer Diew(ISU), foul on Shyanne Sellers(UMD)",20 - 12,5254172,560816,560876,2024-03-23
1,05:51,"2pt layup (in the paint) made by Audi Crooks(ISU), assist Emily Ryan(ISU)",18 - 10,5254172,560816,560876,2024-03-23
1,05:51,3pt jump shot (outside center) made by Allie Kubek(UMD),18 - 8,5254172,560816,560876,2024-03-23
1,05:51,"2pt layup (under the basket) made by Audi Crooks(ISU), assist Nyamer Diew(ISU)",15 - 8,5254172,560816,560876,2024-03-23
1,05:51,"3pt jump shot (off turnover) (outside right) made by Allie Kubek(UMD), assist Shyanne Sellers(UMD)",15 - 6,5254172,560816,560876,2024-03-23
1,05:51,Substitution UMD: in Faith Masonius,12 - 6,5254172,560816,560876,2024-03-23
1,06:04,Substitution UMD: out Faith Masonius,12 - 6,5254172,560816,560876,2024-03-23
1,06:04,Substitution UMD: in Allie Kubek,12 - 6,5254172,560816,560876,2024-03-23
1,06:04,Substitution UMD: out Brinae Alexander,12 - 6,5254172,560816,560876,2024-03-23
1,06:04,Substitution ISU: in Audi Crooks,12 - 6,5254172,560816,560876,2024-03-23
1,06:04,Substitution ISU: in Kelsey Joens,12 - 6,5254172,560816,560876,2024-03-23
1,06:04,Substitution ISU: in Nyamer Diew,12 - 6,5254172,560816,560876,2024-03-23
1,06:04,Substitution ISU: out Addy Brown,12 - 6,5254172,560816,560876,2024-03-23
1,06:04,Substitution ISU: out Arianna Jackson,12 - 6,5254172,560816,560876,2024-03-23
1,06:04,Substitution ISU: out Isnelle Natabou,12 - 6,5254172,560816,560876,2024-03-23
1,06:04,"Foul offensive (back court) Isnelle Natabou(ISU), turnover offensive Isnelle Natabou(ISU), foul on Brinae Alexander(UMD), foul on Faith Masonius(UMD)",12 - 6,5254172,560816,560876,2024-03-23
1,06:09,"2pt jump shot (inside right) missed by Bri McDaniel(UMD), rebound defensive Hannah Belanger(ISU)",12 - 6,5254172,560816,560876,2024-03-23
1,06:21,"3pt jump shot (outside left) missed by Hannah Belanger(ISU), rebound defensive Shyanne Sellers(UMD)",12 - 6,5254172,560816,560876,2024-03-23
1,06:44,2pt driving layup (under the basket) made by Faith Masonius(UMD),12 - 6,5254172,560816,560876,2024-03-23
1,06:55,"2pt layup (in the paint) missed by Isnelle Natabou(ISU), rebound defensive Jakia Brown-Turner(UMD)",10 - 6,5254172,560816,560876,2024-03-23
1,07:20,"2pt layup (in the paint) made by Faith Masonius(UMD), assist Bri McDaniel(UMD)",10 - 6,5254172,560816,560876,2024-03-23
1,07:34,"2pt layup (in the paint) made by Addy Brown(ISU), assist Emily Ryan(ISU)",8 - 6,5254172,560816,560876,2024-03-23
1,07:56,Substitution ISU: in Isnelle Natabou,8 - 4,5254172,560816,560876,2024-03-23
1,07:56,Substitution ISU: out Audi Crooks,8 - 4,5254172,560816,560876,2024-03-23
1,07:56,"3pt jump shot (outside right) missed by Shyanne Sellers(UMD), rebound defensive (team) ISU",8 - 4,5254172,560816,560876,2024-03-23
1,08:07,"3pt jump shot (outside right) missed by Addy Brown(ISU), rebound defensive Bri McDaniel(UMD)",8 - 4,5254172,560816,560876,2024-03-23
1,08:23,"3pt jump shot (outside right) made by Bri McDaniel(UMD), assist Faith Masonius(UMD)",8 - 4,5254172,560816,560876,2024-03-23
1,08:31,"2pt layup (in the paint) made by Audi Crooks(ISU), assist Addy Brown(ISU)",5 - 4,5254172,560816,560876,2024-03-23
1,08:43,3pt jump shot (outside right) made by Shyanne Sellers(UMD),5 - 2,5254172,560816,560876,2024-03-23
1,08:55,"2pt layup (2nd chance) (under the basket) missed by Audi Crooks(ISU), rebound offensive Hannah Belanger(ISU), rebound defensive Faith Masonius(UMD)",2 - 2,5254172,560816,560876,2024-03-23
1,09:02,"2pt jump shot (in the paint) missed by Emily Ryan(ISU), rebound offensive Hannah Belanger(ISU), rebound offensive Audi Crooks(ISU)",2 - 2,5254172,560816,560876,2024-03-23
1,09:36,2pt pull up jump shot (inside right) made by Bri McDaniel(UMD),2 - 2,5254172,560816,560876,2024-03-23
1,09:48,"2pt layup (in the paint) made by Addy Brown(ISU), assist Emily Ryan(ISU)",0 - 2,5254172,560816,560876,2024-03-23
1,10:00,"Jump ball start period, won Audi Crooks(ISU), lost Faith Masonius(UMD)",0 - 0,5254172,560816,560876,2024-03-23
1,10:00,Period start,0 - 0,5254172,560816,560876,2024-03-23
1,10:00,Game start,0 - 0,5254172,560816,560876,2024-03-23
3,10:00,Substitution UCR: in Matehya Bryant,34 - 37,5254415,561093,560663,2024-03-23
3,10:00,Substitution UCR: in Makayla Jackson,34 - 37,5254415,561093,560663,2024-03-23
3,10:00,Substitution UCR: out Jordyn Marshall,34 - 37,5254415,561093,560663,2024-03-23
3,10:00,Substitution UCR: out Zoe Tillery,34 - 37,5254415,561093,560663,2024-03-23
3,10:00,Substitution USD: in Natalie Mazurek,34 - 37,5254415,561093,560663,2024-03-23
3,10:00,Substitution USD: in Carley Duffney,34 - 37,5254415,561093,560663,2024-03-23
3,10:00,Substitution USD: out Tori DePerry,34 - 37,5254415,561093,560663,2024-03-23
3,10:00,Substitution USD: out Olivia Kieffer,34 - 37,5254415,561093,560663,2024-03-23
2,00:00.00,Period end (confirmed),34 - 37,5254415,561093,560663,2024-03-23
2,00:00.40,3pt jump shot (outside right wing) missed by Nicole Avila-Ambrosi(USD),34 - 37,5254415,561093,560663,2024-03-23
2,00:12.90,2pt pull up jump shot (inside center) made by Zoe Tillery(UCR),34 - 37,5254415,561093,560663,2024-03-23
2,00:39.70,"2pt layup (2nd chance) (under the basket) missed by Alexi Hempe(USD), rebound defensive Zoe Tillery(UCR)",32 - 37,5254415,561093,560663,2024-03-23
2,00:42.20,Substitution UCR: in Jordyn Marshall,32 - 37,5254415,561093,560663,2024-03-23
2,00:42.20,Substitution UCR: out Makayla Jackson,32 - 37,5254415,561093,560663,2024-03-23
2,00:42.20,Substitution USD: in Tori DePerry,32 - 37,5254415,561093,560663,2024-03-23
2,00:42.20,Substitution USD: out Natalie Mazurek,32 - 37,5254415,561093,560663,2024-03-23
2,00:42.20,"2pt layup (2nd chance) (under the basket) missed by Natalie Mazurek(USD), rebound offensive (team) USD",32 - 37,5254415,561093,560663,2024-03-23
2,00:45.70,"3pt jump shot (outside right) missed by Alexi Hempe(USD), rebound offensive Natalie Mazurek(USD)",32 - 37,5254415,561093,560663,2024-03-23
2,01:15,"3pt jump shot (outside left) missed by Jordan Webster(UCR), rebound defensive Grace Larkins(USD)",32 - 37,5254415,561093,560663,2024-03-23
2,01:23,"3pt jump shot (off turnover) (outside center) missed by Natalie Mazurek(USD), rebound defensive Makayla Jackson(UCR)",32 - 37,5254415,561093,560663,2024-03-23
2,01:30,"Turnover lost ball (inside left) Makayla Jackson(UCR), steal Grace Larkins(USD)",32 - 37,5254415,561093,560663,2024-03-23
2,01:44,"Turnover lost ball Alexi Hempe(USD), steal Zoe Tillery(UCR)",32 - 37,5254415,561093,560663,2024-03-23
2,01:44,Jump ball held ball UCR,32 - 37,5254415,561093,560663,2024-03-23
2,01:48,"3pt jump shot (outside left) missed by Grace Larkins(USD), rebound offensive Alexi Hempe(USD)",32 - 37,5254415,561093,560663,2024-03-23
2,01:55,2pt layup (2nd chance) (under the basket) made by Esther Matarranz(UCR),32 - 37,5254415,561093,560663,2024-03-23
2,02:02,"2pt hook shot (in the paint) missed by Esther Matarranz(UCR), rebound offensive Esther Matarranz(UCR)",30 - 37,5254415,561093,560663,2024-03-23
2,02:22,Substitution UCR: in Esther Matarranz,30 - 37,5254415,561093,560663,2024-03-23
2,02:22,Substitution UCR: out Matehya Bryant,30 - 37,5254415,561093,560663,2024-03-23
2,02:22,Substitution USD: in Nicole Avila-Ambrosi,30 - 37,5254415,561093,560663,2024-03-23
2,02:22,Substitution USD: out Morgan Hansen,30 - 37,5254415,561093,560663,2024-03-23
2,02:24,"3pt jump shot (outside left) missed by Alexi Hempe(USD), rebound defensive (team) UCR",30 - 37,5254415,561093,560663,2024-03-23
2,02:34,"2pt layup (off turnover;fast break) (in the paint) made by Jordan Webster(UCR), assist Matehya Bryant(UCR)",30 - 37,5254415,561093,560663,2024-03-23
2,02:37,"Turnover lost ball (back court) Olivia Kieffer(USD), steal Matehya Bryant(UCR)",28 - 37,5254415,561093,560663,2024-03-23
2,02:45,"2pt jump shot (inside left) missed by Matehya Bryant(UCR), rebound defensive Olivia Kieffer(USD)",28 - 37,5254415,561093,560663,2024-03-23
2,03:00,"2pt jump shot (2nd chance) (in the paint) made by Alexi Hempe(USD), assist Olivia Kieffer(USD)",28 - 37,5254415,561093,560663,2024-03-23
2,03:13,"3pt jump shot (2nd chance) (outside right) missed by Alexi Hempe(USD), rebound offensive Olivia Kieffer(USD)",28 - 35,5254415,561093,560663,2024-03-23
2,03:19,Timeout short USD,28 - 35,5254415,561093,560663,2024-03-23
2,03:31,"3pt jump shot (outside left) missed by Grace Larkins(USD), rebound offensive Olivia Kieffer(USD)",28 - 35,5254415,561093,560663,2024-03-23
2,03:57,Substitution UCR: in Zoe Tillery,28 - 35,5254415,561093,560663,2024-03-23
2,03:57,Substitution UCR: out Jordyn Marshall,28 - 35,5254415,561093,560663,2024-03-23
2,03:57,Substitution UCR: in RyAnne Walters,28 - 35,5254415,561093,560663,2024-03-23
2,03:57,Substitution UCR: out Maya Chocano,28 - 35,5254415,561093,560663,2024-03-23
2,03:57,Substitution USD: in Natalie Mazurek,28 - 35,5254415,561093,560663,2024-03-23
2,03:57,Substitution USD: out Tori DePerry,28 - 35,5254415,561093,560663,2024-03-23
2,03:57,"2pt layup (in the paint) missed by Makayla Jackson(UCR), rebound defensive Alexi Hempe(USD)",28 - 35,5254415,561093,560663,2024-03-23
2,04:18,"3pt jump shot (outside center) made by Morgan Hansen(USD), assist Tori DePerry(USD)",28 - 35,5254415,561093,560663,2024-03-23
2,04:34,"3pt jump shot (outside right) missed by Makayla Jackson(UCR), rebound defensive Alexi Hempe(USD)",28 - 32,5254415,561093,560663,2024-03-23
2,04:48,Substitution USD: in Alexi Hempe,28 - 32,5254415,561093,560663,2024-03-23
2,04:48,Substitution USD: out Carley Duffney,28 - 32,5254415,561093,560663,2024-03-23
2,04:48,"Foul personal (inside left) Carley Duffney(USD), foul on Jordan Webster(UCR)",28 - 32,5254415,561093,560663,2024-03-23
2,04:58,"Foul personal (under the basket) Carley Duffney(USD), foul on Jordan Webster(UCR)",28 - 32,5254415,561093,560663,2024-03-23
2,05:10,"3pt jump shot (off turnover) (outside left wing) made by Morgan Hansen(USD), assist Olivia Kieffer(USD)",28 - 32,5254415,561093,560663,2024-03-23
2,05:21,Substitution USD: in Olivia Kieffer,28 - 29,5254415,561093,560663,2024-03-23
2,05:21,Substitution USD: out Nicole Avila-Ambrosi,28 - 29,5254415,561093,560663,2024-03-23
2,05:21,"Foul personal (inside right) Matehya Bryant(UCR), foul on Nicole Avila-Ambrosi(USD)",28 - 29,5254415,561093,560663,2024-03-23
2,05:30,"Turnover bad pass (outside right) Jordyn Marshall(UCR), steal Grace Larkins(USD)",28 - 29,5254415,561093,560663,2024-03-23
2,05:39,"2pt step back jump shot (in the paint) missed by Tori DePerry(USD), rebound defensive Jordan Webster(UCR)",28 - 29,5254415,561093,560663,2024-03-23
2,06:12,"3pt jump shot (outside right) missed by Jordan Webster(UCR), rebound defensive Tori DePerry(USD)",28 - 29,5254415,561093,560663,2024-03-23
2,06:24,Substitution UCR: in Jordan Webster,28 - 29,5254415,561093,560663,2024-03-23
2,06:24,Substitution UCR: out RyAnne Walters,28 - 29,5254415,561093,560663,2024-03-23
2,06:24,Substitution USD: in Tori DePerry,28 - 29,5254415,561093,560663,2024-03-23
2,06:24,Substitution USD: in Morgan Hansen,28 - 29,5254415,561093,560663,2024-03-23
2,06:24,Substitution USD: out Alexi Hempe,28 - 29,5254415,561093,560663,2024-03-23
2,06:24,Substitution USD: out Natalie Mazurek,28 - 29,5254415,561093,560663,2024-03-23
2,06:24,Timeout commercial,28 - 29,5254415,561093,560663,2024-03-23
2,06:24,Timeout short UCR,28 - 29,5254415,561093,560663,2024-03-23
2,06:34,"2pt layup (under the basket) made by Natalie Mazurek(USD), assist Grace Larkins(USD)",28 - 29,5254415,561093,560663,2024-03-23
2,06:49,"2pt layup (under the basket) made by Makayla Jackson(UCR), assist Matehya Bryant(UCR)",28 - 27,5254415,561093,560663,2024-03-23
2,07:21,"2pt layup (under the basket) made by Carley Duffney(USD), assist Natalie Mazurek(USD)",26 - 27,5254415,561093,560663,2024-03-23
2,07:32,"3pt jump shot (outside right) missed by Maya Chocano(UCR), rebound defensive Grace Larkins(USD)",26 - 25,5254415,561093,560663,2024-03-23
2,08:01,"2pt layup (2nd chance) (under the basket) missed by Natalie Mazurek(USD), rebound defensive Jordyn Marshall(UCR)",26 - 25,5254415,561093,560663,2024-03-23
2,08:03,"2pt layup (under the basket) missed by Nicole Avila-Ambrosi(USD), rebound offensive Natalie Mazurek(USD)",26 - 25,5254415,561093,560663,2024-03-23
2,08:13,Substitution UCR: in Makayla Jackson,26 - 25,5254415,561093,560663,2024-03-23
2,08:13,Substitution UCR: out Jordan Webster,26 - 25,5254415,561093,560663,2024-03-23
2,08:24,"2pt jump shot (inside left) missed by Matehya Bryant(UCR), rebound defensive Grace Larkins(USD)",26 - 25,5254415,561093,560663,2024-03-23
2,08:41,"3pt jump shot (off turnover) (outside right) made by Natalie Mazurek(USD), assist Grace Larkins(USD)",26 - 25,5254415,561093,560663,2024-03-23
2,09:00,Substitution USD: in Nicole Avila-Ambrosi,26 - 22,5254415,561093,560663,2024-03-23
2,09:00,Substitution USD: out Coral Mason,26 - 22,5254415,561093,560663,2024-03-23
2,09:00,Turnover bad pass (outside right) Maya Chocano(UCR),26 - 22,5254415,561093,560663,2024-03-23
2,09:09,"2pt layup (under the basket) made by Carley Duffney(USD), assist Alexi Hempe(USD)",26 - 22,5254415,561093,560663,2024-03-23
2,09:26,"2pt step back jump shot (off turnover) (in the paint) made by Matehya Bryant(UCR), assist Jordyn Marshall(UCR)",26 - 20,5254415,561093,560663,2024-03-23
2,09:48,Turnover 3sec (under the basket) Natalie Mazurek(USD),24 - 20,5254415,561093,560663,2024-03-23
2,10:00,Period start,24 - 20,5254415,561093,560663,2024-03-23
1,00:00.00,Period end (confirmed),24 - 20,5254415,561093,560663,2024-03-23
1,00:00.40,"3pt jump shot (outside left) made by Jordan Webster(UCR), assist Jordyn Marshall(UCR)",24 - 20,5254415,561093,560663,2024-03-23
1,00:12.00,"2pt layup (2nd chance) (under the basket) made by Natalie Mazurek(USD), assist Carley Duffney(USD)",21 - 20,5254415,561093,560663,2024-03-23
1,00:24.30,"3pt jump shot (outside center) missed by Alexi Hempe(USD), rebound offensive Natalie Mazurek(USD)",21 - 18,5254415,561093,560663,2024-03-23
1,00:39.60,"2pt layup (under the basket) made by Matehya Bryant(UCR), assist Maya Chocano(UCR)",21 - 18,5254415,561093,560663,2024-03-23
1,00:54.80,Substitution USD: in Coral Mason,19 - 18,5254415,561093,560663,2024-03-23
1,00:54.80,Substitution USD: out Olivia Kieffer,19 - 18,5254415,561093,560663,2024-03-23
1,00:54.80,Free throw 2 of 2 made by Olivia Kieffer(USD),19 - 18,5254415,561093,560663,2024-03-23
1,00:54.80,Free throw 1 of 2 made by Olivia Kieffer(USD),19 - 17,5254415,561093,560663,2024-03-23
1,00:54.80,Substitution USD: in Grace Larkins,19 - 16,5254415,561093,560663,2024-03-23
1,00:54.80,Substitution USD: out Nicole Avila-Ambrosi,19 - 16,5254415,561093,560663,2024-03-23
1,00:54.80,Foul personal (2 free throws) (back court) Jordyn Marshall(UCR),19 - 16,5254415,561093,560663,2024-03-23
1,01:00,2pt pull up jump shot (2nd chance) (inside right) made by Jordyn Marshall(UCR),19 - 16,5254415,561093,560663,2024-03-23
1,01:08,"2pt jump shot (inside center) missed by Matehya Bryant(UCR), rebound offensive Jordyn Marshall(UCR)",17 - 16,5254415,561093,560663,2024-03-23
1,01:15,"2pt layup (2nd chance) (under the basket) missed by Natalie Mazurek(USD), rebound defensive Matehya Bryant(UCR)",17 - 16,5254415,561093,560663,2024-03-23
1,01:24,"2pt layup (in the paint) missed by Carley Duffney(USD), rebound offensive Natalie Mazurek(USD)",17 - 16,5254415,561093,560663,2024-03-23
1,01:41,2pt driving layup (off turnover) (under the basket) made by Jordan Webster(UCR),17 - 16,5254415,561093,560663,2024-03-23
1,01:54,"Foul personal (in the paint) Natalie Mazurek(USD), foul on Matehya Bryant(UCR)",15 - 16,5254415,561093,560663,2024-03-23
1,02:06,Substitution UCR: in Maya Chocano,15 - 16,5254415,561093,560663,2024-03-23
1,02:06,Substitution UCR: out Julia Stenberg,15 - 16,5254415,561093,560663,2024-03-23
1,02:06,Substitution USD: in Alexi Hempe,15 - 16,5254415,561093,560663,2024-03-23
1,02:06,Substitution USD: in Natalie Mazurek,15 - 16,5254415,561093,560663,2024-03-23
1,02:06,Substitution USD: in Carley Duffney,15 - 16,5254415,561093,560663,2024-03-23
1,02:06,Substitution USD: out Grace Larkins,15 - 16,5254415,561093,560663,2024-03-23
1,02:06,Substitution USD: out Tori DePerry,15 - 16,5254415,561093,560663,2024-03-23
1,02:06,Substitution USD: out Morgan Hansen,15 - 16,5254415,561093,560663,2024-03-23
1,02:06,"Foul offensive (inside right) Morgan Hansen(USD), turnover offensive Morgan Hansen(USD), foul on Jordyn Marshall(UCR)",15 - 16,5254415,561093,560663,2024-03-23
1,02:13,2pt pull up jump shot (inside right) made by Jordyn Marshall(UCR),15 - 16,5254415,561093,560663,2024-03-23
1,02:36,"3pt jump shot (outside left) missed by Olivia Kieffer(USD), rebound defensive Matehya Bryant(UCR)",13 - 16,5254415,561093,560663,2024-03-23
1,02:47,"2pt pull up jump shot (in the paint) missed by Matehya Bryant(UCR), rebound defensive Tori DePerry(USD)",13 - 16,5254415,561093,560663,2024-03-23
1,03:03,"2pt turnaround jump shot (under the basket) made by Nicole Avila-Ambrosi(USD), assist Morgan Hansen(USD)",13 - 16,5254415,561093,560663,2024-03-23
1,03:21,Substitution UCR: in Matehya Bryant,13 - 14,5254415,561093,560663,2024-03-23
1,03:21,Substitution UCR: out Esther Matarranz,13 - 14,5254415,561093,560663,2024-03-23
1,03:21,"Foul personal (back court) Esther Matarranz(UCR), foul on Grace Larkins(USD)",13 - 14,5254415,561093,560663,2024-03-23
1,03:23,"3pt pull up jump shot (outside left) missed by Jordan Webster(UCR), rebound defensive Grace Larkins(USD)",13 - 14,5254415,561093,560663,2024-03-23
1,03:32,"3pt jump shot (outside left) made by Morgan Hansen(USD), assist Olivia Kieffer(USD)",13 - 14,5254415,561093,560663,2024-03-23
1,03:52,"2pt layup (off turnover;fast break) (under the basket) made by Esther Matarranz(UCR), assist Jordan Webster(UCR)",13 - 11,5254415,561093,560663,2024-03-23
1,03:58,"Turnover lost ball (inside left) Tori DePerry(USD), steal RyAnne Walters(UCR)",11 - 11,5254415,561093,560663,2024-03-23
1,04:01,"2pt layup (off turnover) (in the paint) missed by Grace Larkins(USD), rebound offensive Tori DePerry(USD)",11 - 11,5254415,561093,560663,2024-03-23
1,04:16,Substitution UCR: in Esther Matarranz,11 - 11,5254415,561093,560663,2024-03-23
1,04:16,Substitution UCR: in RyAnne Walters,11 - 11,5254415,561093,560663,2024-03-23
1,04:16,Substitution UCR: out Matehya Bryant,11 - 11,5254415,561093,560663,2024-03-23
1,04:16,Substitution UCR: out Makayla Jackson,11 - 11,5254415,561093,560663,2024-03-23
1,04:16,Substitution USD: in Morgan Hansen,11 - 11,5254415,561093,560663,2024-03-23
1,04:16,Substitution USD: in Nicole Avila-Ambrosi,11 - 11,5254415,561093,560663,2024-03-23
1,04:16,Substitution USD: out Alexi Hempe,11 - 11,5254415,561093,560663,2024-03-23
1,04:16,Substitution USD: out Carley Duffney,11 - 11,5254415,561093,560663,2024-03-23
1,04:16,Timeout commercial,11 - 11,5254415,561093,560663,2024-03-23
1,04:16,"Foul offensive (under the basket) Julia Stenberg(UCR), turnover offensive Julia Stenberg(UCR), foul on Carley Duffney(USD)",11 - 11,5254415,561093,560663,2024-03-23
1,04:24,"2pt layup (under the basket) made by Grace Larkins(USD), assist Carley Duffney(USD)",11 - 11,5254415,561093,560663,2024-03-23
1,04:43,"2pt layup (under the basket) made by Jordyn Marshall(UCR), assist Matehya Bryant(UCR)",11 - 9,5254415,561093,560663,2024-03-23
1,05:02,"2pt step back jump shot (in the paint) missed by Tori DePerry(USD), rebound defensive Matehya Bryant(UCR)",9 - 9,5254415,561093,560663,2024-03-23
1,05:14,"3pt jump shot (outside left) missed by Makayla Jackson(UCR), rebound defensive Olivia Kieffer(USD)",9 - 9,5254415,561093,560663,2024-03-23
1,05:21,"2pt driving layup (in the paint) missed by Olivia Kieffer(USD), rebound defensive Jordan Webster(UCR)",9 - 9,5254415,561093,560663,2024-03-23
1,05:31,"2pt driving layup (under the basket) missed by Makayla Jackson(UCR), rebound defensive Carley Duffney(USD)",9 - 9,5254415,561093,560663,2024-03-23
1,05:56,Free throw 2 of 2 (off turnover) made by Grace Larkins(USD),9 - 9,5254415,561093,560663,2024-03-23
1,05:56,Free throw 1 of 2 (off turnover) made by Grace Larkins(USD),9 - 8,5254415,561093,560663,2024-03-23
1,05:56,Substitution UCR: in Julia Stenberg,9 - 7,5254415,561093,560663,2024-03-23
1,05:56,Substitution UCR: out Esther Matarranz,9 - 7,5254415,561093,560663,2024-03-23
1,05:56,Foul personal (shooting;2 free throws) (under the basket) Esther Matarranz(UCR),9 - 7,5254415,561093,560663,2024-03-23
1,06:09,Substitution UCR: in Jordyn Marshall,9 - 7,5254415,561093,560663,2024-03-23
1,06:09,Substitution UCR: out RyAnne Walters,9 - 7,5254415,561093,560663,2024-03-23
1,06:09,Substitution USD: in Tori DePerry,9 - 7,5254415,561093,560663,2024-03-23
1,06:09,Substitution USD: in Olivia Kieffer,9 - 7,5254415,561093,560663,2024-03-23
1,06:09,Substitution USD: out Natalie Mazurek,9 - 7,5254415,561093,560663,2024-03-23
1,06:09,Substitution USD: out Nicole Avila-Ambrosi,9 - 7,5254415,561093,560663,2024-03-23
1,06:09,Turnover travel (back court) Makayla Jackson(UCR),9 - 7,5254415,561093,560663,2024-03-23
1,06:09,"Turnover lost ball (outside left) Nicole Avila-Ambrosi(USD), steal Makayla Jackson(UCR)",9 - 7,5254415,561093,560663,2024-03-23
1,06:21,2pt hook shot (off turnover) (inside right) made by Esther Matarranz(UCR),9 - 7,5254415,561093,560663,2024-03-23
1,06:40,Turnover bad pass (inside left) Grace Larkins(USD),9 - 7,5254415,561093,560663,2024-03-23
1,06:44,"3pt jump shot (outside center) missed by Natalie Mazurek(USD), rebound offensive Nicole Avila-Ambrosi(USD)",7 - 7,5254415,561093,560663,2024-03-23
1,06:54,"2pt layup (blocked) (in the paint) missed by Jordan Webster(UCR), block Alexi Hempe(USD), rebound defensive Alexi Hempe(USD)",7 - 7,5254415,561093,560663,2024-03-23
1,07:07,Free throw 2 of 2 made by Carley Duffney(USD),7 - 7,5254415,561093,560663,2024-03-23
1,07:07,Free throw 1 of 2 made by Carley Duffney(USD),7 - 6,5254415,561093,560663,2024-03-23
1,07:07,Foul personal (shooting;2 free throws) (in the paint) Makayla Jackson(UCR),7 - 5,5254415,561093,560663,2024-03-23
1,07:22,2pt turnaround jump shot (2nd chance;off turnover) (inside right) made by Matehya Bryant(UCR),7 - 5,5254415,561093,560663,2024-03-23
1,07:28,"2pt hook shot (off turnover) (in the paint) missed by Esther Matarranz(UCR), rebound offensive Matehya Bryant(UCR)",5 - 5,5254415,561093,560663,2024-03-23
1,07:35,"Turnover lost ball (back court) Nicole Avila-Ambrosi(USD), steal RyAnne Walters(UCR)",5 - 5,5254415,561093,560663,2024-03-23
1,07:41,"2pt jump shot (inside left) missed by Jordan Webster(UCR), rebound defensive Nicole Avila-Ambrosi(USD)",5 - 5,5254415,561093,560663,2024-03-23
1,08:11,"3pt jump shot (outside right) made by Natalie Mazurek(USD), assist Grace Larkins(USD)",5 - 5,5254415,561093,560663,2024-03-23
1,08:40,"3pt jump shot (2nd chance) (outside right) made by Jordan Webster(UCR), assist RyAnne Walters(UCR)",5 - 2,5254415,561093,560663,2024-03-23
1,08:45,"2pt driving layup (under the basket) missed by Makayla Jackson(UCR), rebound offensive (team) UCR",2 - 2,5254415,561093,560663,2024-03-23
1,09:02,"2pt layup (under the basket) made by Grace Larkins(USD), assist Nicole Avila-Ambrosi(USD)",2 - 2,5254415,561093,560663,2024-03-23
1,09:29,"2pt jump shot (inside left) made by Matehya Bryant(UCR), assist Esther Matarranz(UCR)",2 - 0,5254415,561093,560663,2024-03-23
1,10:00,"Jump ball start period, won Matehya Bryant(UCR), lost Carley Duffney(USD)",0 - 0,5254415,561093,560663,2024-03-23
1,10:00,Period start,0 - 0,5254415,561093,560663,2024-03-23
1,10:00,Game start,0 - 0,5254415,561093,560663,2024-03-23
2,00:00.00,Period end (confirmed),27 - 39,5254187,561005,560741,2024-03-23
2,00:01.40,"2pt layup (under the basket) missed by Jaydia Martin(Eastern Wash.), rebound defensive AJ Marotte(Oregon St.)",27 - 39,5254187,561005,560741,2024-03-23
2,00:04.40,"Foul personal (outside center) Kennedie Shuler(Oregon St.), foul on Ellie Boni(Eastern Wash.)",27 - 39,5254187,561005,560741,2024-03-23
2,00:26.50,"2pt layup (under the basket) made by Raegan Beers(Oregon St.), assist Dominika Paurova(Oregon St.)",27 - 39,5254187,561005,560741,2024-03-23
2,00:46.10,"3pt jump shot (2nd chance;off turnover) (outside left) missed by Aaliyah Alexander(Eastern Wash.), rebound defensive AJ Marotte(Oregon St.)",27 - 37,5254187,561005,560741,2024-03-23
2,00:53.60,"3pt jump shot (2nd chance;off turnover) (outside center) missed by Jaydia Martin(Eastern Wash.), rebound offensive Aaliyah Alexander(Eastern Wash.), rebound offensive Aaliyah Alexander(Eastern Wash.)",27 - 37,5254187,561005,560741,2024-03-23
2,01:00,"3pt jump shot (off turnover) (outside center) missed by Jaydia Martin(Eastern Wash.), rebound offensive Jacinta Buckley(Eastern Wash.)",27 - 37,5254187,561005,560741,2024-03-23
2,01:02,Turnover bad pass (outside right) AJ Marotte(Oregon St.),27 - 37,5254187,561005,560741,2024-03-23
2,01:33,3pt step back jump shot (off turnover) (outside center) made by Jacinta Buckley(Eastern Wash.),27 - 37,5254187,561005,560741,2024-03-23
2,01:48,Substitution Eastern Wash.: in Jacinta Buckley,24 - 37,5254187,561005,560741,2024-03-23
2,01:48,Substitution Eastern Wash.: out Bella Hays,24 - 37,5254187,561005,560741,2024-03-23
2,01:48,Substitution Oregon St.: in Kelsey Rees,24 - 37,5254187,561005,560741,2024-03-23
2,01:48,Substitution Oregon St.: in Raegan Beers,24 - 37,5254187,561005,560741,2024-03-23
2,01:48,Substitution Oregon St.: in Kennedie Shuler,24 - 37,5254187,561005,560741,2024-03-23
2,01:48,Substitution Oregon St.: out Sela Heide,24 - 37,5254187,561005,560741,2024-03-23
2,01:48,Substitution Oregon St.: out Timea Gardiner,24 - 37,5254187,561005,560741,2024-03-23
2,01:48,Substitution Oregon St.: out Talia von Oelhoffen,24 - 37,5254187,561005,560741,2024-03-23
2,01:48,"Foul offensive (back court) Sela Heide(Oregon St.), turnover offensive Sela Heide(Oregon St.), foul on Bella Hays(Eastern Wash.)",24 - 37,5254187,561005,560741,2024-03-23
2,02:11,"3pt jump shot (2nd chance;off turnover) (outside left) missed by Jaydia Martin(Eastern Wash.), rebound defensive Dominika Paurova(Oregon St.)",24 - 37,5254187,561005,560741,2024-03-23
2,02:19,"2pt step back jump shot (off turnover) (inside center) missed by Aaliyah Alexander(Eastern Wash.), rebound offensive Bella Hays(Eastern Wash.)",24 - 37,5254187,561005,560741,2024-03-23
2,02:40,"Foul offensive (back court) Dominika Paurova(Oregon St.), turnover offensive Dominika Paurova(Oregon St.), foul on Jamie Loera(Eastern Wash.)",24 - 37,5254187,561005,560741,2024-03-23
2,03:02,"2pt step back jump shot (2nd chance) (in the paint) missed by Jamie Loera(Eastern Wash.), rebound defensive Timea Gardiner(Oregon St.), rebound defensive Timea Gardiner(Oregon St.)",24 - 37,5254187,561005,560741,2024-03-23
2,03:14,"2pt driving layup (2nd chance) (under the basket) missed by Aaliyah Alexander(Eastern Wash.), rebound offensive Bella Hays(Eastern Wash.)",24 - 37,5254187,561005,560741,2024-03-23
2,03:20,"2pt pull up jump shot (inside center) missed by Aaliyah Alexander(Eastern Wash.), rebound offensive Jamie Loera(Eastern Wash.)",24 - 37,5254187,561005,560741,2024-03-23
2,03:34,Substitution Eastern Wash.: in Bella Hays,24 - 37,5254187,561005,560741,2024-03-23
2,03:34,Substitution Eastern Wash.: in Aaliyah Alexander,24 - 37,5254187,561005,560741,2024-03-23
2,03:34,Substitution Eastern Wash.: in Ellie Boni,24 - 37,5254187,561005,560741,2024-03-23
2,03:34,Substitution Eastern Wash.: out Milly Knowles,24 - 37,5254187,561005,560741,2024-03-23
2,03:34,Substitution Eastern Wash.: out Jacinta Buckley,24 - 37,5254187,561005,560741,2024-03-23
2,03:34,Substitution Eastern Wash.: out Alexis Pettis,24 - 37,5254187,561005,560741,2024-03-23
2,03:34,Substitution Oregon St.: in Sela Heide,24 - 37,5254187,561005,560741,2024-03-23
2,03:34,Substitution Oregon St.: out Raegan Beers,24 - 37,5254187,561005,560741,2024-03-23
2,03:34,Timeout commercial,24 - 37,5254187,561005,560741,2024-03-23
2,03:38,"2pt layup (off turnover;fast break) (under the basket) made by Talia von Oelhoffen(Oregon St.), assist Dominika Paurova(Oregon St.)",24 - 37,5254187,561005,560741,2024-03-23
2,03:43,"Turnover bad pass (outside left) Jaydia Martin(Eastern Wash.), steal Dominika Paurova(Oregon St.)",24 - 35,5254187,561005,560741,2024-03-23
2,03:57,"3pt jump shot (outside right wing) missed by AJ Marotte(Oregon St.), rebound defensive Milly Knowles(Eastern Wash.), rebound defensive Milly Knowles(Eastern Wash.)",24 - 35,5254187,561005,560741,2024-03-23
2,04:08,"2pt pull up jump shot (inside center) missed by Jamie Loera(Eastern Wash.), rebound defensive Timea Gardiner(Oregon St.), rebound defensive Timea Gardiner(Oregon St.)",24 - 35,5254187,561005,560741,2024-03-23
2,04:18,"2pt layup (under the basket) made by Raegan Beers(Oregon St.), assist Timea Gardiner(Oregon St.)",24 - 35,5254187,561005,560741,2024-03-23
2,04:41,"2pt jump shot (inside center) made by Milly Knowles(Eastern Wash.), assist Jaydia Martin(Eastern Wash.)",24 - 33,5254187,561005,560741,2024-03-23
2,04:59,3pt jump shot (fast break) (outside left) made by Dominika Paurova(Oregon St.),22 - 33,5254187,561005,560741,2024-03-23
2,05:07,"3pt step back jump shot (outside right) missed by Jacinta Buckley(Eastern Wash.), rebound defensive Raegan Beers(Oregon St.)",22 - 30,5254187,561005,560741,2024-03-23
2,05:23,"Free throw 1 of 1 missed by Raegan Beers(Oregon St.), rebound defensive Jacinta Buckley(Eastern Wash.)",22 - 30,5254187,561005,560741,2024-03-23
2,05:23,Substitution Eastern Wash.: in Alexis Pettis,22 - 30,5254187,561005,560741,2024-03-23
2,05:23,Substitution Eastern Wash.: out Jaleesa Lawrence,22 - 30,5254187,561005,560741,2024-03-23
2,05:23,Foul personal (shooting;1 free throw) (under the basket) Jaleesa Lawrence(Eastern Wash.),22 - 30,5254187,561005,560741,2024-03-23
2,05:23,"2pt layup (under the basket) made by Raegan Beers(Oregon St.), assist Talia von Oelhoffen(Oregon St.)",22 - 30,5254187,561005,560741,2024-03-23
2,05:36,"2pt hook shot (off turnover) (in the paint) missed by Milly Knowles(Eastern Wash.), rebound defensive Raegan Beers(Oregon St.), rebound defensive Raegan Beers(Oregon St.)",22 - 28,5254187,561005,560741,2024-03-23
2,05:54,"Turnover lost ball (inside left) Dominika Paurova(Oregon St.), steal Jaydia Martin(Eastern Wash.)",22 - 28,5254187,561005,560741,2024-03-23
2,06:15,2pt pull up jump shot (inside center) made by Jamie Loera(Eastern Wash.),22 - 28,5254187,561005,560741,2024-03-23
2,06:23,Substitution Eastern Wash.: in Jaleesa Lawrence,20 - 28,5254187,561005,560741,2024-03-23
2,06:23,Substitution Eastern Wash.: in Milly Knowles,20 - 28,5254187,561005,560741,2024-03-23
2,06:23,Substitution Eastern Wash.: out Bella Hays,20 - 28,5254187,561005,560741,2024-03-23
2,06:23,Substitution Eastern Wash.: out Aaliyah Alexander,20 - 28,5254187,561005,560741,2024-03-23
2,06:23,Timeout commercial,20 - 28,5254187,561005,560741,2024-03-23
2,06:23,Timeout short Eastern Wash.,20 - 28,5254187,561005,560741,2024-03-23
2,06:24,2pt driving layup (off turnover;fast break) (under the basket) made by Dominika Paurova(Oregon St.),20 - 28,5254187,561005,560741,2024-03-23
2,06:28,"Turnover bad pass (in the paint) Aaliyah Alexander(Eastern Wash.), steal Dominika Paurova(Oregon St.)",20 - 26,5254187,561005,560741,2024-03-23
2,06:46,"3pt jump shot (2nd chance) (outside center) made by Timea Gardiner(Oregon St.), assist Dominika Paurova(Oregon St.)",20 - 26,5254187,561005,560741,2024-03-23
2,07:01,"3pt jump shot (outside left wing) missed by Dominika Paurova(Oregon St.), rebound offensive Raegan Beers(Oregon St.), rebound offensive Raegan Beers(Oregon St.)",20 - 23,5254187,561005,560741,2024-03-23
2,07:14,"3pt jump shot (outside right) missed by Aaliyah Alexander(Eastern Wash.), rebound defensive Timea Gardiner(Oregon St.), rebound defensive Timea Gardiner(Oregon St.)",20 - 23,5254187,561005,560741,2024-03-23
2,07:36,"3pt jump shot (off turnover) (outside right) made by Dominika Paurova(Oregon St.), assist Raegan Beers(Oregon St.)",20 - 23,5254187,561005,560741,2024-03-23
2,07:47,"Turnover bad pass (in the paint) Jamie Loera(Eastern Wash.), steal Raegan Beers(Oregon St.)",20 - 20,5254187,561005,560741,2024-03-23
2,07:52,Substitution Oregon St.: in AJ Marotte,20 - 20,5254187,561005,560741,2024-03-23
2,07:52,Substitution Oregon St.: out Donovyn Hunter,20 - 20,5254187,561005,560741,2024-03-23
2,07:52,"Foul personal (inside left) Donovyn Hunter(Oregon St.), foul on Jamie Loera(Eastern Wash.)",20 - 20,5254187,561005,560741,2024-03-23
2,08:01,Free throw 2 of 2 made by Timea Gardiner(Oregon St.),20 - 20,5254187,561005,560741,2024-03-23
2,08:01,"Free throw 1 of 2 missed by Timea Gardiner(Oregon St.), rebound offensive dead ball Oregon St.",20 - 19,5254187,561005,560741,2024-03-23
2,08:01,Foul personal (shooting;2 free throws) (inside right) Jamie Loera(Eastern Wash.),20 - 19,5254187,561005,560741,2024-03-23
2,08:17,"3pt step back jump shot (outside center) missed by Jamie Loera(Eastern Wash.), rebound defensive Talia von Oelhoffen(Oregon St.), rebound defensive Talia von Oelhoffen(Oregon St.)",20 - 19,5254187,561005,560741,2024-03-23
2,08:33,Substitution Eastern Wash.: in Bella Hays,20 - 19,5254187,561005,560741,2024-03-23
2,08:33,Substitution Eastern Wash.: out Milly Knowles,20 - 19,5254187,561005,560741,2024-03-23
2,08:33,Substitution Eastern Wash.: in Jaydia Martin,20 - 19,5254187,561005,560741,2024-03-23
2,08:33,Substitution Eastern Wash.: out Alexis Pettis,20 - 19,5254187,561005,560741,2024-03-23
2,08:49,"2pt layup (under the basket) missed by Raegan Beers(Oregon St.), rebound defensive Jamie Loera(Eastern Wash.), rebound defensive Jamie Loera(Eastern Wash.)",20 - 19,5254187,561005,560741,2024-03-23
2,09:03,"2pt pull up jump shot (blocked) (inside right) missed by Aaliyah Alexander(Eastern Wash.), block Talia von Oelhoffen(Oregon St.), rebound defensive Raegan Beers(Oregon St.), rebound defensive Raegan Beers(Oregon St.), rebound defensive Raegan Beers(Oregon St.)",20 - 19,5254187,561005,560741,2024-03-23
2,09:18,"2pt layup (under the basket) made by Raegan Beers(Oregon St.), assist Timea Gardiner(Oregon St.)",20 - 19,5254187,561005,560741,2024-03-23
2,09:34,2pt pull up jump shot (in the paint) made by Aaliyah Alexander(Eastern Wash.),20 - 17,5254187,561005,560741,2024-03-23
2,09:48,Free throw 2 of 2 made by Raegan Beers(Oregon St.),18 - 17,5254187,561005,560741,2024-03-23
2,09:48,Free throw 1 of 2 made by Raegan Beers(Oregon St.),18 - 16,5254187,561005,560741,2024-03-23
2,09:48,Foul personal (shooting;2 free throws) (under the basket) Milly Knowles(Eastern Wash.),18 - 15,5254187,561005,560741,2024-03-23
2,10:00,Period start,18 - 15,5254187,561005,560741,2024-03-23
2,10:00,Substitution Eastern Wash.: in Aaliyah Alexander,18 - 15,5254187,561005,560741,2024-03-23
2,10:00,Substitution Eastern Wash.: out Jaydia Martin,18 - 15,5254187,561005,560741,2024-03-23
1,00:00.00,Period end (confirmed),18 - 15,5254187,561005,560741,2024-03-23
1,00:10.20,"2pt layup (2nd chance) (under the basket) made by Raegan Beers(Oregon St.), assist Donovyn Hunter(Oregon St.)",18 - 15,5254187,561005,560741,2024-03-23
1,00:18.00,"2pt layup (blocked) (under the basket) missed by Raegan Beers(Oregon St.), block Jaydia Martin(Eastern Wash.), rebound offensive (team) Oregon St., rebound offensive (team) Oregon St., rebound offensive (team) Oregon St.",18 - 13,5254187,561005,560741,2024-03-23
1,00:36.10,"2pt jump shot (off turnover) (in the paint) missed by Jamie Loera(Eastern Wash.), rebound defensive Timea Gardiner(Oregon St.), rebound defensive Timea Gardiner(Oregon St.)",18 - 13,5254187,561005,560741,2024-03-23
1,00:40.10,Substitution Eastern Wash.: in Jacinta Buckley,18 - 13,5254187,561005,560741,2024-03-23
1,00:40.10,Substitution Eastern Wash.: in Alexis Pettis,18 - 13,5254187,561005,560741,2024-03-23
1,00:40.10,Substitution Eastern Wash.: out Aaliyah Alexander,18 - 13,5254187,561005,560741,2024-03-23
1,00:40.10,Substitution Eastern Wash.: out Jaleesa Lawrence,18 - 13,5254187,561005,560741,2024-03-23
1,00:40.10,Jump ball held ball Eastern Wash.,18 - 13,5254187,561005,560741,2024-03-23
1,00:52.20,"Turnover bad pass (in the paint) Dominika Paurova(Oregon St.), steal Jaleesa Lawrence(Eastern Wash.)",18 - 13,5254187,561005,560741,2024-03-23
1,01:00,"Turnover lost ball (inside center) Aaliyah Alexander(Eastern Wash.), steal Raegan Beers(Oregon St.)",18 - 13,5254187,561005,560741,2024-03-23
1,01:22,"3pt jump shot (outside right) made by Dominika Paurova(Oregon St.), assist Donovyn Hunter(Oregon St.)",18 - 13,5254187,561005,560741,2024-03-23
1,01:35,2pt jump shot (inside right) made by Jamie Loera(Eastern Wash.),18 - 10,5254187,561005,560741,2024-03-23
1,01:39,Substitution Oregon St.: in Raegan Beers,16 - 10,5254187,561005,560741,2024-03-23
1,01:39,Substitution Oregon St.: in Donovyn Hunter,16 - 10,5254187,561005,560741,2024-03-23
1,01:39,Substitution Oregon St.: out Kelsey Rees,16 - 10,5254187,561005,560741,2024-03-23
1,01:39,Substitution Oregon St.: out Kennedie Shuler,16 - 10,5254187,561005,560741,2024-03-23
1,01:39,"Foul personal (inside right) Timea Gardiner(Oregon St.), foul on Jaleesa Lawrence(Eastern Wash.)",16 - 10,5254187,561005,560741,2024-03-23
1,01:48,"2pt pull up jump shot (blocked) (inside center) missed by Talia von Oelhoffen(Oregon St.), block Milly Knowles(Eastern Wash.), rebound defensive Jaleesa Lawrence(Eastern Wash.), rebound defensive Jaleesa Lawrence(Eastern Wash.)",16 - 10,5254187,561005,560741,2024-03-23
1,02:04,"3pt jump shot (off turnover) (outside right) made by Jaydia Martin(Eastern Wash.), assist Jamie Loera(Eastern Wash.)",16 - 10,5254187,561005,560741,2024-03-23
1,02:17,Substitution Eastern Wash.: in Jaleesa Lawrence,13 - 10,5254187,561005,560741,2024-03-23
1,02:17,Substitution Eastern Wash.: out Jacinta Buckley,13 - 10,5254187,561005,560741,2024-03-23
1,02:17,Turnover travel (inside right) Dominika Paurova(Oregon St.),13 - 10,5254187,561005,560741,2024-03-23
1,02:31,2pt pull up jump shot (inside center) made by Jamie Loera(Eastern Wash.),13 - 10,5254187,561005,560741,2024-03-23
1,02:49,2pt driving layup (under the basket) made by Dominika Paurova(Oregon St.),11 - 10,5254187,561005,560741,2024-03-23
1,03:02,2pt driving layup (2nd chance;off turnover) (under the basket) made by Jamie Loera(Eastern Wash.),11 - 8,5254187,561005,560741,2024-03-23
1,03:06,Substitution Eastern Wash.: in Jaydia Martin,9 - 8,5254187,561005,560741,2024-03-23
1,03:06,Substitution Eastern Wash.: out Jaleesa Lawrence,9 - 8,5254187,561005,560741,2024-03-23
1,03:07,"2pt driving layup (off turnover) (under the basket) missed by Jamie Loera(Eastern Wash.), rebound offensive (team) Eastern Wash.",9 - 8,5254187,561005,560741,2024-03-23
1,03:29,"Turnover bad pass (inside left wing) Talia von Oelhoffen(Oregon St.), steal Milly Knowles(Eastern Wash.)",9 - 8,5254187,561005,560741,2024-03-23
1,03:30,Substitution Oregon St.: in Timea Gardiner,9 - 8,5254187,561005,560741,2024-03-23
1,03:30,Substitution Oregon St.: in Talia von Oelhoffen,9 - 8,5254187,561005,560741,2024-03-23
1,03:30,Substitution Oregon St.: in Dominika Paurova,9 - 8,5254187,561005,560741,2024-03-23
1,03:30,Substitution Oregon St.: out Raegan Beers,9 - 8,5254187,561005,560741,2024-03-23
1,03:30,Substitution Oregon St.: out AJ Marotte,9 - 8,5254187,561005,560741,2024-03-23
1,03:30,Substitution Oregon St.: out Lily Hansford,9 - 8,5254187,561005,560741,2024-03-23
1,03:30,"Foul personal (in the paint) Jaleesa Lawrence(Eastern Wash.), foul on AJ Marotte(Oregon St.)",9 - 8,5254187,561005,560741,2024-03-23
1,03:44,Substitution Eastern Wash.: in Milly Knowles,9 - 8,5254187,561005,560741,2024-03-23
1,03:44,Substitution Eastern Wash.: out Bella Hays,9 - 8,5254187,561005,560741,2024-03-23
1,03:44,Turnover travel (in the paint) Aaliyah Alexander(Eastern Wash.),9 - 8,5254187,561005,560741,2024-03-23
1,04:14,2pt turnaround jump shot (in the paint) made by AJ Marotte(Oregon St.),9 - 8,5254187,561005,560741,2024-03-23
1,04:39,"2pt pull up jump shot (blocked) (inside left) missed by Jacinta Buckley(Eastern Wash.), rebound defensive Lily Hansford(Oregon St.)",9 - 6,5254187,561005,560741,2024-03-23
1,04:50,Substitution Eastern Wash.: in Jaleesa Lawrence,9 - 6,5254187,561005,560741,2024-03-23
1,04:50,Substitution Eastern Wash.: out Alexis Pettis,9 - 6,5254187,561005,560741,2024-03-23
1,04:55,"3pt jump shot (blocked) (outside right wing) missed by Lily Hansford(Oregon St.), block Jamie Loera(Eastern Wash.), rebound defensive Jamie Loera(Eastern Wash.), rebound defensive Jacinta Buckley(Eastern Wash.)",9 - 6,5254187,561005,560741,2024-03-23
1,04:57,Substitution Eastern Wash.: in Aaliyah Alexander,9 - 6,5254187,561005,560741,2024-03-23
1,04:57,Substitution Eastern Wash.: out Jaydia Martin,9 - 6,5254187,561005,560741,2024-03-23
1,04:57,Substitution Oregon St.: in Lily Hansford,9 - 6,5254187,561005,560741,2024-03-23
1,04:57,Substitution Oregon St.: in Kennedie Shuler,9 - 6,5254187,561005,560741,2024-03-23
1,04:57,Substitution Oregon St.: out Talia von Oelhoffen,9 - 6,5254187,561005,560741,2024-03-23
1,04:57,Substitution Oregon St.: out Donovyn Hunter,9 - 6,5254187,561005,560741,2024-03-23
1,04:57,Timeout commercial,9 - 6,5254187,561005,560741,2024-03-23
1,04:57,"Foul personal (inside right) Bella Hays(Eastern Wash.), foul on Raegan Beers(Oregon St.)",9 - 6,5254187,561005,560741,2024-03-23
1,05:13,2pt pull up jump shot (off turnover;fast break) (inside center) made by Alexis Pettis(Eastern Wash.),9 - 6,5254187,561005,560741,2024-03-23
1,05:18,"Turnover bad pass (outside center) Donovyn Hunter(Oregon St.), steal Jamie Loera(Eastern Wash.)",7 - 6,5254187,561005,560741,2024-03-23
1,05:28,"Turnover bad pass (in the paint) Alexis Pettis(Eastern Wash.), steal Raegan Beers(Oregon St.)",7 - 6,5254187,561005,560741,2024-03-23
1,05:45,Turnover bad pass (inside center) Talia von Oelhoffen(Oregon St.),7 - 6,5254187,561005,560741,2024-03-23
1,05:55,"2pt step back jump shot (in the paint) missed by Jamie Loera(Eastern Wash.), rebound defensive Talia von Oelhoffen(Oregon St.), rebound defensive Talia von Oelhoffen(Oregon St.)",7 - 6,5254187,561005,560741,2024-03-23
1,06:01,Substitution Eastern Wash.: in Bella Hays,7 - 6,5254187,561005,560741,2024-03-23
1,06:01,Substitution Eastern Wash.: in Jacinta Buckley,7 - 6,5254187,561005,560741,2024-03-23
1,06:01,Substitution Eastern Wash.: out Aaliyah Alexander,7 - 6,5254187,561005,560741,2024-03-23
1,06:01,Substitution Eastern Wash.: out Milly Knowles,7 - 6,5254187,561005,560741,2024-03-23
1,06:01,"Foul personal (outside center) Donovyn Hunter(Oregon St.), foul on Jamie Loera(Eastern Wash.)",7 - 6,5254187,561005,560741,2024-03-23
1,06:12,2pt layup (2nd chance) (under the basket) made by Raegan Beers(Oregon St.),7 - 6,5254187,561005,560741,2024-03-23
1,06:14,"2pt jump shot (inside left) missed by Talia von Oelhoffen(Oregon St.), rebound offensive Raegan Beers(Oregon St.), rebound offensive Raegan Beers(Oregon St.)",7 - 4,5254187,561005,560741,2024-03-23
1,06:15,"Foul personal (in the paint) Jaydia Martin(Eastern Wash.), foul on Kelsey Rees(Oregon St.)",7 - 4,5254187,561005,560741,2024-03-23
1,06:22,"3pt jump shot (off turnover) (outside right) missed by Alexis Pettis(Eastern Wash.), rebound defensive Raegan Beers(Oregon St.)",7 - 4,5254187,561005,560741,2024-03-23
1,06:28,"Turnover bad pass (outside center) AJ Marotte(Oregon St.), steal Jamie Loera(Eastern Wash.), steal Milly Knowles(Eastern Wash.)",7 - 4,5254187,561005,560741,2024-03-23
1,06:39,Substitution Eastern Wash.: in Jaydia Martin,7 - 4,5254187,561005,560741,2024-03-23
1,06:39,Substitution Eastern Wash.: in Alexis Pettis,7 - 4,5254187,561005,560741,2024-03-23
1,06:39,Substitution Eastern Wash.: out Jaleesa Lawrence,7 - 4,5254187,561005,560741,2024-03-23
1,06:39,Substitution Eastern Wash.: out Jacinta Buckley,7 - 4,5254187,561005,560741,2024-03-23
1,06:39,Substitution Oregon St.: in Kelsey Rees,7 - 4,5254187,561005,560741,2024-03-23
1,06:39,Substitution Oregon St.: out Timea Gardiner,7 - 4,5254187,561005,560741,2024-03-23
1,06:44,"3pt jump shot (outside right) missed by Timea Gardiner(Oregon St.), rebound offensive Donovyn Hunter(Oregon St.)",7 - 4,5254187,561005,560741,2024-03-23
1,06:58,2pt pull up jump shot (in the paint) made by Jamie Loera(Eastern Wash.),7 - 4,5254187,561005,560741,2024-03-23
1,07:23,"2pt pull up jump shot (inside right) missed by AJ Marotte(Oregon St.), rebound defensive Jamie Loera(Eastern Wash.), rebound defensive Jamie Loera(Eastern Wash.)",5 - 4,5254187,561005,560741,2024-03-23
1,07:37,"3pt jump shot (off turnover) (outside left) made by Jamie Loera(Eastern Wash.), assist Milly Knowles(Eastern Wash.)",5 - 4,5254187,561005,560741,2024-03-23
1,07:48,"Turnover bad pass (inside right) Talia von Oelhoffen(Oregon St.), steal Milly Knowles(Eastern Wash.)",2 - 4,5254187,561005,560741,2024-03-23
1,08:11,"3pt jump shot (off turnover) (outside left) missed by Jacinta Buckley(Eastern Wash.), rebound defensive Donovyn Hunter(Oregon St.), rebound defensive Donovyn Hunter(Oregon St.)",2 - 4,5254187,561005,560741,2024-03-23
1,08:25,Turnover bad pass (inside left) AJ Marotte(Oregon St.),2 - 4,5254187,561005,560741,2024-03-23
1,08:35,"2pt layup (in the paint) missed by Jamie Loera(Eastern Wash.), rebound defensive Talia von Oelhoffen(Oregon St.)",2 - 4,5254187,561005,560741,2024-03-23
1,09:07,"2pt layup (under the basket) made by Raegan Beers(Oregon St.), assist AJ Marotte(Oregon St.)",2 - 4,5254187,561005,560741,2024-03-23
1,09:18,2pt layup (in the paint) made by Aaliyah Alexander(Eastern Wash.),2 - 2,5254187,561005,560741,2024-03-23
1,09:44,2pt layup (under the basket) made by Raegan Beers(Oregon St.),0 - 2,5254187,561005,560741,2024-03-23
1,10:00,"Jump ball start period, won Raegan Beers(Oregon St.), lost Jacinta Buckley(Eastern Wash.)",0 - 0,5254187,561005,560741,2024-03-23
1,10:00,Period start,0 - 0,5254187,561005,560741,2024-03-23
1,10:00,Game start,0 - 0,5254187,561005,560741,2024-03-23
