Half,Clock,Play,Score,game_id,home_id,away_id,game_date
2,11:41,2pt layup (under the basket) made by GianFranco Grafals(NSU),44 - 54,5253196,561502,561458,2024-03-18
2,11:53,"2pt layup (2nd chance) (under the basket) missed by Danny Sully(ERAU), rebound defensive Alex Mangold(NSU)",44 - 52,5253196,561502,561458,2024-03-18
2,11:58,"2pt jump shot (2nd chance) (inside left) missed by Jon Alessandro(ERAU), rebound offensive Danny Sully(ERAU)",44 - 52,5253196,561502,561458,2024-03-18
2,12:04,"2pt jump shot (inside right) missed by Jon Alessandro(ERAU), rebound offensive (team) ERAU",44 - 52,5253196,561502,561458,2024-03-18
2,12:11,Substitution ERAU: in Cameron Shockley-Okeke,44 - 52,5253196,561502,561458,2024-03-18
2,12:11,Substitution ERAU: out Dru Nickson,44 - 52,5253196,561502,561458,2024-03-18
2,12:17,"2pt jump shot (2nd chance;off turnover) (inside right) missed by GianFranco Grafals(NSU), rebound defensive Danny Sully(ERAU)",44 - 52,5253196,561502,561458,2024-03-18
2,12:17,2pt (2nd chance;off turnover) (inside right) made by NSU,44 - 54,5253196,561502,561458,2024-03-18
2,12:24,"2pt layup (2nd chance;off turnover) (under the basket) missed by GianFranco Grafals(NSU), rebound offensive GianFranco Grafals(NSU)",44 - 52,5253196,561502,561458,2024-03-18
2,12:25,"Free throw 2 of 2 (fast break;off turnover) missed by GianFranco Grafals(NSU), rebound offensive GianFranco Grafals(NSU)",44 - 52,5253196,561502,561458,2024-03-18
2,12:25,"Free throw 1 of 2 (fast break;off turnover) missed by GianFranco Grafals(NSU), rebound offensive dead ball NSU",44 - 52,5253196,561502,561458,2024-03-18
2,12:25,Foul personal (shooting;2 free throws) (inside right) Jerry Bracey II(ERAU),44 - 52,5253196,561502,561458,2024-03-18
2,12:26,"Turnover bad pass (back court) Dru Nickson(ERAU), steal GianFranco Grafals(NSU)",44 - 52,5253196,561502,561458,2024-03-18
2,12:36,Substitution ERAU: in Danny Sully,44 - 52,5253196,561502,561458,2024-03-18
2,12:36,Substitution ERAU: out Nikola Jerotic,44 - 52,5253196,561502,561458,2024-03-18
2,12:36,Substitution NSU: in Ryan Walsh,44 - 52,5253196,561502,561458,2024-03-18
2,12:36,Substitution NSU: in GianFranco Grafals,44 - 52,5253196,561502,561458,2024-03-18
2,12:36,Substitution NSU: in Alex Mangold,44 - 52,5253196,561502,561458,2024-03-18
2,12:36,Substitution NSU: in Trey Doomes,44 - 52,5253196,561502,561458,2024-03-18
2,12:36,Substitution NSU: in Mike Moore,44 - 52,5253196,561502,561458,2024-03-18
2,12:36,Substitution NSU: out Shane Hunter,44 - 52,5253196,561502,561458,2024-03-18
2,12:36,Substitution NSU: out MJ Iraldi,44 - 52,5253196,561502,561458,2024-03-18
2,12:36,Substitution NSU: out Ryker Cisarik,44 - 52,5253196,561502,561458,2024-03-18
2,12:36,Substitution NSU: out Ryan Davis,44 - 52,5253196,561502,561458,2024-03-18
2,12:36,Substitution NSU: out Isaiah Fuller,44 - 52,5253196,561502,561458,2024-03-18
2,12:36,"Foul offensive (back court) Isaiah Fuller(NSU), turnover offensive Isaiah Fuller(NSU), foul on Jon Alessandro(ERAU)",44 - 52,5253196,561502,561458,2024-03-18
2,12:45,"3pt jump shot (outside center) missed by Dru Nickson(ERAU), rebound defensive MJ Iraldi(NSU)",44 - 52,5253196,561502,561458,2024-03-18
2,12:58,"3pt jump shot (outside left) made by MJ Iraldi(NSU), assist Ryker Cisarik(NSU)",44 - 52,5253196,561502,561458,2024-03-18
2,13:15,"3pt jump shot (outside left) made by Jon Alessandro(ERAU), assist Dru Nickson(ERAU)",44 - 49,5253196,561502,561458,2024-03-18
2,13:27,Free throw 2 of 2 (2nd chance) made by Isaiah Fuller(NSU),41 - 49,5253196,561502,561458,2024-03-18
2,13:27,Substitution ERAU: in Jon Alessandro,41 - 48,5253196,561502,561458,2024-03-18
2,13:27,Substitution ERAU: out Michael McCalister,41 - 48,5253196,561502,561458,2024-03-18
2,13:27,Free throw 1 of 2 (2nd chance) made by Isaiah Fuller(NSU),41 - 48,5253196,561502,561458,2024-03-18
2,13:27,Foul personal (shooting;2 free throws) (under the basket) Nikola Jerotic(ERAU),41 - 47,5253196,561502,561458,2024-03-18
2,13:29,Foul (in the paint) Nikola Jerotic(ERAU),41 - 47,5253196,561502,561458,2024-03-18
2,13:29,"2pt layup (under the basket) missed by Isaiah Fuller(NSU), rebound offensive Isaiah Fuller(NSU)",41 - 47,5253196,561502,561458,2024-03-18
2,13:32,"Foul personal (inside right) Malcolm Whitlow(ERAU), foul on Shane Hunter(NSU)",41 - 47,5253196,561502,561458,2024-03-18
2,13:40,"3pt jump shot (off turnover) (outside right) missed by Michael McCalister(ERAU), rebound defensive Shane Hunter(NSU)",41 - 47,5253196,561502,561458,2024-03-18
2,14:01,"Turnover lost ball (in the paint) Isaiah Fuller(NSU), steal Dru Nickson(ERAU)",41 - 47,5253196,561502,561458,2024-03-18
2,14:07,"2pt layup (2nd chance;off turnover) (under the basket) missed by Jerry Bracey II(ERAU), rebound defensive MJ Iraldi(NSU)",41 - 47,5253196,561502,561458,2024-03-18
2,14:10,"3pt jump shot (off turnover) (outside center) missed by Malcolm Whitlow(ERAU), rebound offensive Jerry Bracey II(ERAU)",41 - 47,5253196,561502,561458,2024-03-18
2,14:31,"Turnover lost ball (in the paint) Shane Hunter(NSU), steal Malcolm Whitlow(ERAU)",41 - 47,5253196,561502,561458,2024-03-18
2,14:39,"Turnover lost ball (under the basket) Ryan Davis(NSU), steal Jerry Bracey II(ERAU)",41 - 47,5253196,561502,561458,2024-03-18
2,14:41,"2pt layup (under the basket) missed by Ryan Davis(NSU), rebound offensive Ryan Davis(NSU)",41 - 47,5253196,561502,561458,2024-03-18
2,15:05,2pt jump shot (under the basket) made by Michael McCalister(ERAU),41 - 47,5253196,561502,561458,2024-03-18
2,15:29,Substitution ERAU: in Nikola Jerotic,39 - 47,5253196,561502,561458,2024-03-18
2,15:29,Substitution ERAU: out Danny Sully,39 - 47,5253196,561502,561458,2024-03-18
2,15:29,Substitution NSU: in Shane Hunter,39 - 47,5253196,561502,561458,2024-03-18
2,15:29,Substitution NSU: in MJ Iraldi,39 - 47,5253196,561502,561458,2024-03-18
2,15:29,Substitution NSU: in Ryker Cisarik,39 - 47,5253196,561502,561458,2024-03-18
2,15:29,Substitution NSU: in Ryan Davis,39 - 47,5253196,561502,561458,2024-03-18
2,15:29,Substitution NSU: in Isaiah Fuller,39 - 47,5253196,561502,561458,2024-03-18
2,15:29,Substitution NSU: out Ryan Walsh,39 - 47,5253196,561502,561458,2024-03-18
2,15:29,Substitution NSU: out GianFranco Grafals,39 - 47,5253196,561502,561458,2024-03-18
2,15:29,Substitution NSU: out Alex Mangold,39 - 47,5253196,561502,561458,2024-03-18
2,15:29,Substitution NSU: out Trey Doomes,39 - 47,5253196,561502,561458,2024-03-18
2,15:29,Substitution NSU: out Mike Moore,39 - 47,5253196,561502,561458,2024-03-18
2,15:29,Timeout commercial,39 - 47,5253196,561502,561458,2024-03-18
2,15:29,"Foul personal (back court) Ryan Walsh(NSU), foul on Malcolm Whitlow(ERAU)",39 - 47,5253196,561502,561458,2024-03-18
2,15:29,Foul (under the basket) ERAU,39 - 47,5253196,561502,561458,2024-03-18
2,15:30,2pt layup (2nd chance) (under the basket) made by GianFranco Grafals(NSU),39 - 47,5253196,561502,561458,2024-03-18
2,15:34,"2pt layup (under the basket) missed by Trey Doomes(NSU), rebound offensive GianFranco Grafals(NSU)",39 - 45,5253196,561502,561458,2024-03-18
2,15:45,3pt jump shot (outside right) made by Dru Nickson(ERAU),39 - 45,5253196,561502,561458,2024-03-18
2,16:03,"2pt hook shot (in the paint) missed by Trey Doomes(NSU), rebound defensive Jerry Bracey II(ERAU)",36 - 45,5253196,561502,561458,2024-03-18
2,16:14,"Foul personal (loose ball) (back court) Jerry Bracey II(ERAU), foul on Trey Doomes(NSU)",36 - 45,5253196,561502,561458,2024-03-18
2,16:15,"2pt layup (2nd chance) (under the basket) missed by Danny Sully(ERAU), rebound defensive Trey Doomes(NSU)",36 - 45,5253196,561502,561458,2024-03-18
2,16:22,"Free throw 2 of 2 (2nd chance) missed by Danny Sully(ERAU), rebound offensive (team) ERAU",36 - 45,5253196,561502,561458,2024-03-18
2,16:22,"Free throw 1 of 2 (2nd chance) missed by Danny Sully(ERAU), rebound offensive dead ball ERAU",36 - 45,5253196,561502,561458,2024-03-18
2,16:22,Foul personal (shooting;2 free throws) (in the paint) GianFranco Grafals(NSU),36 - 45,5253196,561502,561458,2024-03-18
2,16:23,"3pt jump shot (outside right) missed by Malcolm Whitlow(ERAU), rebound offensive Danny Sully(ERAU)",36 - 45,5253196,561502,561458,2024-03-18
2,16:38,Substitution ERAU: in Jerry Bracey II,36 - 45,5253196,561502,561458,2024-03-18
2,16:38,Substitution ERAU: out Cameron Shockley-Okeke,36 - 45,5253196,561502,561458,2024-03-18
2,16:38,"Foul personal (back court) Ryan Walsh(NSU), foul on Malcolm Whitlow(ERAU)",36 - 45,5253196,561502,561458,2024-03-18
2,16:46,2pt layup (off turnover) (in the paint) made by GianFranco Grafals(NSU),36 - 45,5253196,561502,561458,2024-03-18
2,17:04,"Foul personal (back court) Cameron Shockley-Okeke(ERAU), foul on GianFranco Grafals(NSU)",36 - 43,5253196,561502,561458,2024-03-18
2,17:04,"Turnover lost ball (in the paint) Cameron Shockley-Okeke(ERAU), steal GianFranco Grafals(NSU)",36 - 43,5253196,561502,561458,2024-03-18
2,17:06,"2pt layup (off turnover) (under the basket) missed by Cameron Shockley-Okeke(ERAU), rebound offensive Cameron Shockley-Okeke(ERAU)",36 - 43,5253196,561502,561458,2024-03-18
2,17:17,"Turnover bad pass (in the paint) Ryan Walsh(NSU), steal Cameron Shockley-Okeke(ERAU)",36 - 43,5253196,561502,561458,2024-03-18
2,17:24,2pt layup (off turnover) (under the basket) made by Dru Nickson(ERAU),36 - 43,5253196,561502,561458,2024-03-18
2,17:32,Substitution NSU: in Ryan Walsh,34 - 43,5253196,561502,561458,2024-03-18
2,17:32,Substitution NSU: in GianFranco Grafals,34 - 43,5253196,561502,561458,2024-03-18
2,17:32,Substitution NSU: in Alex Mangold,34 - 43,5253196,561502,561458,2024-03-18
2,17:32,Substitution NSU: in Trey Doomes,34 - 43,5253196,561502,561458,2024-03-18
2,17:32,Substitution NSU: in Mike Moore,34 - 43,5253196,561502,561458,2024-03-18
2,17:32,Substitution NSU: out Shane Hunter,34 - 43,5253196,561502,561458,2024-03-18
2,17:32,Substitution NSU: out MJ Iraldi,34 - 43,5253196,561502,561458,2024-03-18
2,17:32,Substitution NSU: out Ryker Cisarik,34 - 43,5253196,561502,561458,2024-03-18
2,17:32,Substitution NSU: out Ryan Davis,34 - 43,5253196,561502,561458,2024-03-18
2,17:32,Substitution NSU: out Isaiah Fuller,34 - 43,5253196,561502,561458,2024-03-18
2,17:32,Turnover bad pass (back court) Ryker Cisarik(NSU),34 - 43,5253196,561502,561458,2024-03-18
2,17:36,"2pt jump shot (in the paint) missed by Dru Nickson(ERAU), rebound defensive Ryker Cisarik(NSU)",34 - 43,5253196,561502,561458,2024-03-18
2,17:55,"3pt jump shot (outside right) made by MJ Iraldi(NSU), assist Shane Hunter(NSU)",34 - 43,5253196,561502,561458,2024-03-18
2,18:05,2pt layup (2nd chance) (under the basket) made by Malcolm Whitlow(ERAU),34 - 40,5253196,561502,561458,2024-03-18
2,18:19,"3pt jump shot (outside right) missed by Malcolm Whitlow(ERAU), rebound offensive Danny Sully(ERAU)",32 - 40,5253196,561502,561458,2024-03-18
2,18:38,2pt layup (under the basket) made by MJ Iraldi(NSU),32 - 40,5253196,561502,561458,2024-03-18
2,18:51,"2pt jump shot (inside right) missed by Malcolm Whitlow(ERAU), rebound defensive Shane Hunter(NSU)",32 - 38,5253196,561502,561458,2024-03-18
2,19:06,2pt hook shot (inside right) made by Ryker Cisarik(NSU),32 - 38,5253196,561502,561458,2024-03-18
2,19:26,2pt layup (under the basket) made by Malcolm Whitlow(ERAU),32 - 36,5253196,561502,561458,2024-03-18
2,19:49,"2pt jump shot (inside right) missed by Shane Hunter(NSU), rebound defensive Cameron Shockley-Okeke(ERAU)",30 - 36,5253196,561502,561458,2024-03-18
2,20:00,Period start,30 - 36,5253196,561502,561458,2024-03-18
2,20:00,Substitution ERAU: in Danny Sully,30 - 36,5253196,561502,561458,2024-03-18
2,20:00,Substitution ERAU: in Michael McCalister,30 - 36,5253196,561502,561458,2024-03-18
2,20:00,Substitution ERAU: in Malcolm Whitlow,30 - 36,5253196,561502,561458,2024-03-18
2,20:00,Substitution ERAU: out Jerry Bracey II,30 - 36,5253196,561502,561458,2024-03-18
2,20:00,Substitution ERAU: out Jon Alessandro,30 - 36,5253196,561502,561458,2024-03-18
2,20:00,Substitution ERAU: out Nikola Jerotic,30 - 36,5253196,561502,561458,2024-03-18
1,00:00.00,Period end (confirmed),30 - 36,5253196,561502,561458,2024-03-18
1,00:00.10,2pt jump shot (2nd chance) (inside left) made by MJ Iraldi(NSU),30 - 36,5253196,561502,561458,2024-03-18
1,00:02.90,"2pt jump shot (under the basket) missed by Shane Hunter(NSU), rebound offensive MJ Iraldi(NSU)",30 - 34,5253196,561502,561458,2024-03-18
1,00:19.10,Timeout short NSU,30 - 34,5253196,561502,561458,2024-03-18
1,00:24.00,2pt dunk (under the basket) made by Cameron Shockley-Okeke(ERAU),30 - 34,5253196,561502,561458,2024-03-18
1,00:50.50,"3pt jump shot (outside left) made by Ryker Cisarik(NSU), assist Shane Hunter(NSU)",28 - 34,5253196,561502,561458,2024-03-18
1,01:06,"3pt jump shot (outside center) made by Jon Alessandro(ERAU), assist Jerry Bracey II(ERAU)",28 - 31,5253196,561502,561458,2024-03-18
1,01:30,"2pt floating jump shot (under the basket) missed by Isaiah Fuller(NSU), rebound defensive Cameron Shockley-Okeke(ERAU)",25 - 31,5253196,561502,561458,2024-03-18
1,01:42,Free throw 2 of 2 made by Cameron Shockley-Okeke(ERAU),25 - 31,5253196,561502,561458,2024-03-18
1,01:42,Free throw 1 of 2 made by Cameron Shockley-Okeke(ERAU),24 - 31,5253196,561502,561458,2024-03-18
1,01:42,Substitution ERAU: in Jon Alessandro,23 - 31,5253196,561502,561458,2024-03-18
1,01:42,Substitution ERAU: out Michael McCalister,23 - 31,5253196,561502,561458,2024-03-18
1,01:42,Foul personal (one and one) (in the paint) Shane Hunter(NSU),23 - 31,5253196,561502,561458,2024-03-18
1,01:54,"2pt layup (under the basket) made by Isaiah Fuller(NSU), assist Ryan Davis(NSU)",23 - 31,5253196,561502,561458,2024-03-18
1,02:00,"2pt jump shot (blocked) (inside left) missed by Dru Nickson(ERAU), block Ryan Davis(NSU), rebound defensive Ryker Cisarik(NSU)",23 - 29,5253196,561502,561458,2024-03-18
1,02:06,Turnover (in the paint) Jerry Bracey II(ERAU),23 - 29,5253196,561502,561458,2024-03-18
1,02:19,"2pt layup (in the paint) missed by Ryan Davis(NSU), rebound defensive Dru Nickson(ERAU)",23 - 29,5253196,561502,561458,2024-03-18
1,02:31,"Foul personal (inside right) Michael McCalister(ERAU), foul on MJ Iraldi(NSU)",23 - 29,5253196,561502,561458,2024-03-18
1,02:44,Free throw 2 of 2 made by Cameron Shockley-Okeke(ERAU),23 - 29,5253196,561502,561458,2024-03-18
1,02:44,Free throw 1 of 2 made by Cameron Shockley-Okeke(ERAU),22 - 29,5253196,561502,561458,2024-03-18
1,02:44,Substitution ERAU: in Jerry Bracey II,21 - 29,5253196,561502,561458,2024-03-18
1,02:44,Substitution ERAU: in Michael McCalister,21 - 29,5253196,561502,561458,2024-03-18
1,02:44,Substitution ERAU: in Nikola Jerotic,21 - 29,5253196,561502,561458,2024-03-18
1,02:44,Substitution ERAU: out Danny Sully,21 - 29,5253196,561502,561458,2024-03-18
1,02:44,Substitution ERAU: out Malcolm Whitlow,21 - 29,5253196,561502,561458,2024-03-18
1,02:44,Substitution ERAU: out Jon Alessandro,21 - 29,5253196,561502,561458,2024-03-18
1,02:44,Foul personal (one and one) (back court) MJ Iraldi(NSU),21 - 29,5253196,561502,561458,2024-03-18
1,02:58,"2pt layup (fast break) (under the basket) made by MJ Iraldi(NSU), assist Isaiah Fuller(NSU)",21 - 29,5253196,561502,561458,2024-03-18
1,03:04,"3pt jump shot (2nd chance;off turnover) (outside center) missed by Dru Nickson(ERAU), rebound defensive Ryker Cisarik(NSU)",21 - 27,5253196,561502,561458,2024-03-18
1,03:23,"3pt jump shot (off turnover) (outside left) missed by Jon Alessandro(ERAU), rebound offensive Jon Alessandro(ERAU)",21 - 27,5253196,561502,561458,2024-03-18
1,03:44,"Turnover bad pass (inside center) Shane Hunter(NSU), steal Danny Sully(ERAU)",21 - 27,5253196,561502,561458,2024-03-18
1,03:58,Substitution ERAU: in Malcolm Whitlow,21 - 27,5253196,561502,561458,2024-03-18
1,03:58,Substitution ERAU: out Jerry Bracey II,21 - 27,5253196,561502,561458,2024-03-18
1,03:58,Substitution NSU: in Shane Hunter,21 - 27,5253196,561502,561458,2024-03-18
1,03:58,Substitution NSU: in MJ Iraldi,21 - 27,5253196,561502,561458,2024-03-18
1,03:58,Substitution NSU: in Ryker Cisarik,21 - 27,5253196,561502,561458,2024-03-18
1,03:58,Substitution NSU: in Ryan Davis,21 - 27,5253196,561502,561458,2024-03-18
1,03:58,Substitution NSU: in Isaiah Fuller,21 - 27,5253196,561502,561458,2024-03-18
1,03:58,Substitution NSU: out Ryan Walsh,21 - 27,5253196,561502,561458,2024-03-18
1,03:58,Substitution NSU: out GianFranco Grafals,21 - 27,5253196,561502,561458,2024-03-18
1,03:58,Substitution NSU: out Alex Mangold,21 - 27,5253196,561502,561458,2024-03-18
1,03:58,Substitution NSU: out Trey Doomes,21 - 27,5253196,561502,561458,2024-03-18
1,03:58,Substitution NSU: out Mike Moore,21 - 27,5253196,561502,561458,2024-03-18
1,03:58,Timeout commercial,21 - 27,5253196,561502,561458,2024-03-18
1,03:58,"Turnover lost ball (in the paint) Cameron Shockley-Okeke(ERAU), steal Mike Moore(NSU)",21 - 27,5253196,561502,561458,2024-03-18
1,04:20,Free throw 2 of 2 made by GianFranco Grafals(NSU),21 - 27,5253196,561502,561458,2024-03-18
1,04:20,Substitution ERAU: in Jon Alessandro,21 - 26,5253196,561502,561458,2024-03-18
1,04:20,Substitution ERAU: out Michael McCalister,21 - 26,5253196,561502,561458,2024-03-18
1,04:20,Free throw 1 of 2 made by GianFranco Grafals(NSU),21 - 26,5253196,561502,561458,2024-03-18
1,04:20,Foul personal (shooting;2 free throws) (in the paint) Michael McCalister(ERAU),21 - 25,5253196,561502,561458,2024-03-18
1,04:33,"3pt jump shot (outside left) missed by Cameron Shockley-Okeke(ERAU), rebound defensive Alex Mangold(NSU)",21 - 25,5253196,561502,561458,2024-03-18
1,04:56,"3pt jump shot (outside right) missed by Alex Mangold(NSU), rebound defensive Jerry Bracey II(ERAU)",21 - 25,5253196,561502,561458,2024-03-18
1,05:18,"2pt dunk (under the basket) made by Jerry Bracey II(ERAU), assist Dru Nickson(ERAU)",21 - 25,5253196,561502,561458,2024-03-18
1,05:23,Timeout short ERAU,19 - 25,5253196,561502,561458,2024-03-18
1,05:31,2pt step back jump shot (in the paint) made by Alex Mangold(NSU),19 - 25,5253196,561502,561458,2024-03-18
1,05:46,2pt step back jump shot (inside right) made by Cameron Shockley-Okeke(ERAU),19 - 23,5253196,561502,561458,2024-03-18
1,06:12,Substitution NSU: in Alex Mangold,17 - 23,5253196,561502,561458,2024-03-18
1,06:12,Substitution NSU: out Ryker Cisarik,17 - 23,5253196,561502,561458,2024-03-18
1,06:12,Free throw 2 of 2 (fast break) made by Ryker Cisarik(NSU),17 - 23,5253196,561502,561458,2024-03-18
1,06:12,Substitution ERAU: in Dru Nickson,17 - 22,5253196,561502,561458,2024-03-18
1,06:12,Substitution ERAU: out Malcolm Whitlow,17 - 22,5253196,561502,561458,2024-03-18
1,06:12,Substitution NSU: in Ryan Walsh,17 - 22,5253196,561502,561458,2024-03-18
1,06:12,Substitution NSU: in GianFranco Grafals,17 - 22,5253196,561502,561458,2024-03-18
1,06:12,Substitution NSU: in Trey Doomes,17 - 22,5253196,561502,561458,2024-03-18
1,06:12,Substitution NSU: in Mike Moore,17 - 22,5253196,561502,561458,2024-03-18
1,06:12,Substitution NSU: out Shane Hunter,17 - 22,5253196,561502,561458,2024-03-18
1,06:12,Substitution NSU: out MJ Iraldi,17 - 22,5253196,561502,561458,2024-03-18
1,06:12,Substitution NSU: out Ryan Davis,17 - 22,5253196,561502,561458,2024-03-18
1,06:12,Substitution NSU: out Isaiah Fuller,17 - 22,5253196,561502,561458,2024-03-18
1,06:12,"Free throw 1 of 2 (fast break) missed by Ryker Cisarik(NSU), rebound offensive dead ball NSU",17 - 22,5253196,561502,561458,2024-03-18
1,06:12,Foul personal (shooting;2 free throws) (in the paint) Malcolm Whitlow(ERAU),17 - 22,5253196,561502,561458,2024-03-18
1,06:19,"3pt jump shot (off turnover) (outside center) missed by Malcolm Whitlow(ERAU), rebound defensive Ryker Cisarik(NSU)",17 - 22,5253196,561502,561458,2024-03-18
1,06:43,Substitution ERAU: in Danny Sully,17 - 22,5253196,561502,561458,2024-03-18
1,06:43,Substitution ERAU: in Michael McCalister,17 - 22,5253196,561502,561458,2024-03-18
1,06:43,Substitution ERAU: out Jon Alessandro,17 - 22,5253196,561502,561458,2024-03-18
1,06:43,Substitution ERAU: out Nikola Jerotic,17 - 22,5253196,561502,561458,2024-03-18
1,06:43,Turnover lost ball (in the paint) Isaiah Fuller(NSU),17 - 22,5253196,561502,561458,2024-03-18
1,06:47,"3pt jump shot (off turnover) (outside right) missed by Jon Alessandro(ERAU), rebound defensive Isaiah Fuller(NSU)",17 - 22,5253196,561502,561458,2024-03-18
1,07:06,"Turnover lost ball (in the paint) MJ Iraldi(NSU), steal Malcolm Whitlow(ERAU)",17 - 22,5253196,561502,561458,2024-03-18
1,07:17,2pt layup (2nd chance) (under the basket) made by Cameron Shockley-Okeke(ERAU),17 - 22,5253196,561502,561458,2024-03-18
1,07:23,"2pt layup (blocked) (under the basket) missed by Cameron Shockley-Okeke(ERAU), block Ryker Cisarik(NSU), rebound offensive Cameron Shockley-Okeke(ERAU)",15 - 22,5253196,561502,561458,2024-03-18
1,07:32,"3pt jump shot (off turnover) (outside left) missed by Ryker Cisarik(NSU), rebound defensive Nikola Jerotic(ERAU)",15 - 22,5253196,561502,561458,2024-03-18
1,07:45,Timeout commercial,15 - 22,5253196,561502,561458,2024-03-18
1,07:45,Turnover shot clock (team) (outside center) ERAU,15 - 22,5253196,561502,561458,2024-03-18
1,07:51,"2pt step back jump shot (blocked) (inside right) missed by Jon Alessandro(ERAU), block Ryker Cisarik(NSU), rebound offensive Jon Alessandro(ERAU)",15 - 22,5253196,561502,561458,2024-03-18
1,08:09,"Foul personal (in the paint) Ryan Davis(NSU), foul on Jon Alessandro(ERAU)",15 - 22,5253196,561502,561458,2024-03-18
1,08:17,"3pt jump shot (outside right) missed by Ryan Davis(NSU), rebound defensive (team) ERAU",15 - 22,5253196,561502,561458,2024-03-18
1,08:42,2pt layup (off turnover) (under the basket) made by Cameron Shockley-Okeke(ERAU),15 - 22,5253196,561502,561458,2024-03-18
1,08:56,Turnover bad pass (in the paint) Ryker Cisarik(NSU),13 - 22,5253196,561502,561458,2024-03-18
1,09:11,"3pt jump shot (outside center) missed by Malcolm Whitlow(ERAU), rebound defensive (team) NSU, rebound defensive dead ball NSU",13 - 22,5253196,561502,561458,2024-03-18
1,09:18,Substitution ERAU: in Cameron Shockley-Okeke,13 - 22,5253196,561502,561458,2024-03-18
1,09:18,Substitution ERAU: out Dru Nickson,13 - 22,5253196,561502,561458,2024-03-18
1,09:18,Substitution NSU: in Shane Hunter,13 - 22,5253196,561502,561458,2024-03-18
1,09:18,Substitution NSU: in MJ Iraldi,13 - 22,5253196,561502,561458,2024-03-18
1,09:18,Substitution NSU: in Ryker Cisarik,13 - 22,5253196,561502,561458,2024-03-18
1,09:18,Substitution NSU: in Ryan Davis,13 - 22,5253196,561502,561458,2024-03-18
1,09:18,Substitution NSU: in Isaiah Fuller,13 - 22,5253196,561502,561458,2024-03-18
1,09:18,Substitution NSU: out Ryan Walsh,13 - 22,5253196,561502,561458,2024-03-18
1,09:18,Substitution NSU: out GianFranco Grafals,13 - 22,5253196,561502,561458,2024-03-18
1,09:18,Substitution NSU: out Alex Mangold,13 - 22,5253196,561502,561458,2024-03-18
1,09:18,Substitution NSU: out Trey Doomes,13 - 22,5253196,561502,561458,2024-03-18
1,09:18,Substitution NSU: out Mike Moore,13 - 22,5253196,561502,561458,2024-03-18
1,09:18,Foul personal (outside center) Trey Doomes(NSU),13 - 22,5253196,561502,561458,2024-03-18
1,09:31,2pt jump shot (inside left) made by Trey Doomes(NSU),13 - 22,5253196,561502,561458,2024-03-18
1,09:43,"3pt jump shot (outside left wing) made by Malcolm Whitlow(ERAU), assist Jerry Bracey II(ERAU)",13 - 20,5253196,561502,561458,2024-03-18
1,10:00,Free throw 2 of 2 made by GianFranco Grafals(NSU),10 - 20,5253196,561502,561458,2024-03-18
1,10:00,Free throw 1 of 2 made by GianFranco Grafals(NSU),10 - 19,5253196,561502,561458,2024-03-18
1,10:00,Foul personal (shooting;2 free throws) (in the paint) Jon Alessandro(ERAU),10 - 18,5253196,561502,561458,2024-03-18
1,10:14,2pt layup (2nd chance) (under the basket) made by Nikola Jerotic(ERAU),10 - 18,5253196,561502,561458,2024-03-18
1,10:20,"2pt layup (blocked) (under the basket) missed by Jerry Bracey II(ERAU), block Alex Mangold(NSU), rebound offensive Nikola Jerotic(ERAU)",8 - 18,5253196,561502,561458,2024-03-18
1,10:33,"2pt layup (blocked) (under the basket) missed by Mike Moore(NSU), block Dru Nickson(ERAU), rebound defensive Malcolm Whitlow(ERAU)",8 - 18,5253196,561502,561458,2024-03-18
1,10:56,Free throw 2 of 2 made by Nikola Jerotic(ERAU),8 - 18,5253196,561502,561458,2024-03-18
1,10:56,"Free throw 1 of 2 missed by Nikola Jerotic(ERAU), rebound offensive dead ball ERAU",7 - 18,5253196,561502,561458,2024-03-18
1,10:56,Foul personal (shooting;2 free throws) (in the paint) Alex Mangold(NSU),7 - 18,5253196,561502,561458,2024-03-18
1,11:01,Jump ball held ball NSU,7 - 18,5253196,561502,561458,2024-03-18
1,11:03,"2pt layup (2nd chance) (under the basket) missed by Nikola Jerotic(ERAU), rebound defensive Ryan Walsh(NSU), rebound offensive Nikola Jerotic(ERAU)",7 - 18,5253196,561502,561458,2024-03-18
1,11:08,"2pt layup (2nd chance;blocked) (under the basket) missed by Jerry Bracey II(ERAU), block Trey Doomes(NSU), rebound offensive Nikola Jerotic(ERAU)",7 - 18,5253196,561502,561458,2024-03-18
1,11:14,"3pt jump shot (blocked) (outside right) missed by Jon Alessandro(ERAU), block Trey Doomes(NSU), rebound offensive Jerry Bracey II(ERAU)",7 - 18,5253196,561502,561458,2024-03-18
1,11:23,"Foul personal (back court) GianFranco Grafals(NSU), foul on Dru Nickson(ERAU)",7 - 18,5253196,561502,561458,2024-03-18
1,11:31,Substitution ERAU: in Jon Alessandro,7 - 18,5253196,561502,561458,2024-03-18
1,11:31,Substitution ERAU: in Nikola Jerotic,7 - 18,5253196,561502,561458,2024-03-18
1,11:31,Substitution ERAU: out Danny Sully,7 - 18,5253196,561502,561458,2024-03-18
1,11:31,Substitution ERAU: out Michael McCalister,7 - 18,5253196,561502,561458,2024-03-18
1,11:31,Substitution NSU: in Ryan Walsh,7 - 18,5253196,561502,561458,2024-03-18
1,11:31,Substitution NSU: in GianFranco Grafals,7 - 18,5253196,561502,561458,2024-03-18
1,11:31,Substitution NSU: in Alex Mangold,7 - 18,5253196,561502,561458,2024-03-18
1,11:31,Substitution NSU: in Trey Doomes,7 - 18,5253196,561502,561458,2024-03-18
1,11:31,Substitution NSU: in Mike Moore,7 - 18,5253196,561502,561458,2024-03-18
1,11:31,Substitution NSU: out Shane Hunter,7 - 18,5253196,561502,561458,2024-03-18
1,11:31,Substitution NSU: out MJ Iraldi,7 - 18,5253196,561502,561458,2024-03-18
1,11:31,Substitution NSU: out Ryker Cisarik,7 - 18,5253196,561502,561458,2024-03-18
1,11:31,Substitution NSU: out Ryan Davis,7 - 18,5253196,561502,561458,2024-03-18
1,11:31,Substitution NSU: out Isaiah Fuller,7 - 18,5253196,561502,561458,2024-03-18
1,11:31,Timeout commercial,7 - 18,5253196,561502,561458,2024-03-18
1,11:31,"Foul personal (back court) Ryker Cisarik(NSU), foul on Danny Sully(ERAU)",7 - 18,5253196,561502,561458,2024-03-18
1,11:33,"3pt jump shot (outside right) missed by MJ Iraldi(NSU), rebound defensive dead ball ERAU",7 - 18,5253196,561502,561458,2024-03-18
1,11:48,2pt layup (under the basket) made by Jerry Bracey II(ERAU),7 - 18,5253196,561502,561458,2024-03-18
1,11:57,"2pt layup (blocked) (under the basket) missed by Shane Hunter(NSU), block Michael McCalister(ERAU), rebound defensive Jerry Bracey II(ERAU)",5 - 18,5253196,561502,561458,2024-03-18
1,12:15,"2pt layup (in the paint) missed by Michael McCalister(ERAU), rebound defensive Shane Hunter(NSU)",5 - 18,5253196,561502,561458,2024-03-18
1,12:37,2pt layup (under the basket) made by Shane Hunter(NSU),5 - 18,5253196,561502,561458,2024-03-18
1,12:47,"2pt pull up jump shot (in the paint) missed by Michael McCalister(ERAU), rebound defensive Ryker Cisarik(NSU)",5 - 16,5253196,561502,561458,2024-03-18
1,13:12,2pt layup (under the basket) made by MJ Iraldi(NSU),5 - 16,5253196,561502,561458,2024-03-18
1,13:24,2pt layup (2nd chance) (under the basket) made by Jerry Bracey II(ERAU),5 - 14,5253196,561502,561458,2024-03-18
1,13:28,"2pt layup (in the paint) missed by Michael McCalister(ERAU), rebound offensive Jerry Bracey II(ERAU)",3 - 14,5253196,561502,561458,2024-03-18
1,13:54,"2pt layup (2nd chance) (in the paint) missed by Ryker Cisarik(NSU), rebound defensive Dru Nickson(ERAU)",3 - 14,5253196,561502,561458,2024-03-18
1,14:00,"2pt jump shot (2nd chance) (in the paint) missed by Shane Hunter(NSU), rebound offensive MJ Iraldi(NSU)",3 - 14,5253196,561502,561458,2024-03-18
1,14:11,"2pt layup (in the paint) missed by MJ Iraldi(NSU), rebound offensive (team) NSU",3 - 14,5253196,561502,561458,2024-03-18
1,14:21,"2pt layup (in the paint) missed by Malcolm Whitlow(ERAU), rebound defensive MJ Iraldi(NSU)",3 - 14,5253196,561502,561458,2024-03-18
1,14:44,Substitution NSU: in Ryker Cisarik,3 - 14,5253196,561502,561458,2024-03-18
1,14:44,Substitution NSU: out GianFranco Grafals,3 - 14,5253196,561502,561458,2024-03-18
1,14:44,Free throw 2 of 2 made by GianFranco Grafals(NSU),3 - 14,5253196,561502,561458,2024-03-18
1,14:44,Substitution ERAU: in Jerry Bracey II,3 - 13,5253196,561502,561458,2024-03-18
1,14:44,Substitution ERAU: out Cameron Shockley-Okeke,3 - 13,5253196,561502,561458,2024-03-18
1,14:44,Substitution NSU: in Shane Hunter,3 - 13,5253196,561502,561458,2024-03-18
1,14:44,Substitution NSU: in MJ Iraldi,3 - 13,5253196,561502,561458,2024-03-18
1,14:44,Substitution NSU: in Ryan Davis,3 - 13,5253196,561502,561458,2024-03-18
1,14:44,Substitution NSU: in Isaiah Fuller,3 - 13,5253196,561502,561458,2024-03-18
1,14:44,Substitution NSU: out Ryan Walsh,3 - 13,5253196,561502,561458,2024-03-18
1,14:44,Substitution NSU: out Alex Mangold,3 - 13,5253196,561502,561458,2024-03-18
1,14:44,Substitution NSU: out Trey Doomes,3 - 13,5253196,561502,561458,2024-03-18
1,14:44,Substitution NSU: out Mike Moore,3 - 13,5253196,561502,561458,2024-03-18
1,14:44,"Free throw 1 of 2 missed by GianFranco Grafals(NSU), rebound offensive dead ball NSU",3 - 13,5253196,561502,561458,2024-03-18
1,14:44,Foul personal (shooting;2 free throws) (inside right) Cameron Shockley-Okeke(ERAU),3 - 13,5253196,561502,561458,2024-03-18
1,14:55,"3pt jump shot (outside right) made by Cameron Shockley-Okeke(ERAU), assist Michael McCalister(ERAU)",3 - 13,5253196,561502,561458,2024-03-18
1,15:10,"2pt layup (off turnover) (in the paint) missed by Trey Doomes(NSU), rebound defensive Danny Sully(ERAU)",0 - 13,5253196,561502,561458,2024-03-18
1,15:20,"Turnover lost ball (in the paint) Dru Nickson(ERAU), steal Trey Doomes(NSU)",0 - 13,5253196,561502,561458,2024-03-18
1,15:28,3pt jump shot (off turnover;fast break) (outside left) made by Mike Moore(NSU),0 - 13,5253196,561502,561458,2024-03-18
1,15:33,"Turnover bad pass (back court) Cameron Shockley-Okeke(ERAU), steal Mike Moore(NSU)",0 - 10,5253196,561502,561458,2024-03-18
1,15:38,"2pt layup (2nd chance;off turnover;blocked) (under the basket) missed by Trey Doomes(NSU), block Danny Sully(ERAU), rebound defensive Cameron Shockley-Okeke(ERAU)",0 - 10,5253196,561502,561458,2024-03-18
1,15:42,"2pt layup (off turnover;blocked) (under the basket) missed by Trey Doomes(NSU), block Danny Sully(ERAU), rebound offensive Trey Doomes(NSU)",0 - 10,5253196,561502,561458,2024-03-18
1,15:51,"Turnover bad pass (back court) Malcolm Whitlow(ERAU), steal Trey Doomes(NSU)",0 - 10,5253196,561502,561458,2024-03-18
1,15:53,Timeout commercial,0 - 10,5253196,561502,561458,2024-03-18
1,15:53,Timeout short ERAU,0 - 10,5253196,561502,561458,2024-03-18
1,15:57,"3pt jump shot (off turnover;fast break) (outside left) made by Mike Moore(NSU), assist Trey Doomes(NSU)",0 - 10,5253196,561502,561458,2024-03-18
1,16:03,"Turnover lost ball (under the basket) Dru Nickson(ERAU), steal Alex Mangold(NSU)",0 - 7,5253196,561502,561458,2024-03-18
1,16:07,"Foul personal (back court) GianFranco Grafals(NSU), foul on Michael McCalister(ERAU)",0 - 7,5253196,561502,561458,2024-03-18
1,16:13,"2pt jump shot (inside center) missed by Ryan Walsh(NSU), rebound defensive (team) ERAU",0 - 7,5253196,561502,561458,2024-03-18
1,16:29,"3pt jump shot (outside right) missed by Michael McCalister(ERAU), rebound defensive GianFranco Grafals(NSU)",0 - 7,5253196,561502,561458,2024-03-18
1,16:35,2pt layup (2nd chance;off turnover) (in the paint) missed by Mike Moore(NSU),0 - 7,5253196,561502,561458,2024-03-18
1,16:40,"2pt layup (off turnover;blocked) (in the paint) missed by Mike Moore(NSU), block Dru Nickson(ERAU), rebound offensive Mike Moore(NSU)",0 - 7,5253196,561502,561458,2024-03-18
1,16:56,Substitution NSU: in Ryan Walsh,0 - 7,5253196,561502,561458,2024-03-18
1,16:56,Substitution NSU: in GianFranco Grafals,0 - 7,5253196,561502,561458,2024-03-18
1,16:56,Substitution NSU: in Alex Mangold,0 - 7,5253196,561502,561458,2024-03-18
1,16:56,Substitution NSU: in Trey Doomes,0 - 7,5253196,561502,561458,2024-03-18
1,16:56,Substitution NSU: in Mike Moore,0 - 7,5253196,561502,561458,2024-03-18
1,16:56,Substitution NSU: out Shane Hunter,0 - 7,5253196,561502,561458,2024-03-18
1,16:56,Substitution NSU: out MJ Iraldi,0 - 7,5253196,561502,561458,2024-03-18
1,16:56,Substitution NSU: out Ryker Cisarik,0 - 7,5253196,561502,561458,2024-03-18
1,16:56,Substitution NSU: out Ryan Davis,0 - 7,5253196,561502,561458,2024-03-18
1,16:56,Substitution NSU: out Isaiah Fuller,0 - 7,5253196,561502,561458,2024-03-18
1,16:56,Turnover out of bounds (outside left) Cameron Shockley-Okeke(ERAU),0 - 7,5253196,561502,561458,2024-03-18
1,17:22,2pt layup (under the basket) made by MJ Iraldi(NSU),0 - 7,5253196,561502,561458,2024-03-18
1,17:33,"2pt step back jump shot (off turnover) (inside right) missed by Malcolm Whitlow(ERAU), rebound defensive Shane Hunter(NSU)",0 - 5,5253196,561502,561458,2024-03-18
1,18:04,Turnover bad pass (inside right wing) Isaiah Fuller(NSU),0 - 5,5253196,561502,561458,2024-03-18
1,18:08,"2pt floating jump shot (in the paint) missed by Isaiah Fuller(NSU), rebound offensive (team) NSU",0 - 5,5253196,561502,561458,2024-03-18
1,18:15,"3pt jump shot (outside center) missed by Malcolm Whitlow(ERAU), rebound defensive Isaiah Fuller(NSU)",0 - 5,5253196,561502,561458,2024-03-18
1,18:46,"3pt jump shot (2nd chance) (outside center) made by Ryker Cisarik(NSU), assist Isaiah Fuller(NSU)",0 - 5,5253196,561502,561458,2024-03-18
1,18:48,"Foul personal (inside center) Malcolm Whitlow(ERAU), foul on Ryker Cisarik(NSU)",0 - 2,5253196,561502,561458,2024-03-18
1,18:52,"2pt jump shot (inside center) missed by Isaiah Fuller(NSU), rebound offensive Ryker Cisarik(NSU)",0 - 2,5253196,561502,561458,2024-03-18
1,19:05,"3pt jump shot (outside center) missed by Cameron Shockley-Okeke(ERAU), rebound defensive (team) NSU",0 - 2,5253196,561502,561458,2024-03-18
1,19:43,2pt jump shot (inside left) made by Isaiah Fuller(NSU),0 - 2,5253196,561502,561458,2024-03-18
1,20:00,"Jump ball start period, won Shane Hunter(NSU), lost Danny Sully(ERAU)",0 - 0,5253196,561502,561458,2024-03-18
1,20:00,Period start,0 - 0,5253196,561502,561458,2024-03-18
1,20:00,Game start,0 - 0,5253196,561502,561458,2024-03-18
2,08:31,3pt (2nd chance) (outside right) made by Ethan Erickson(FSU),55 - 62,5253191,561734,561713,2024-03-18
2,08:36,"3pt jump shot (outside center) missed by Ethan Erickson(FSU), rebound offensive DeSean Munson(FSU)",52 - 62,5253191,561734,561713,2024-03-18
2,08:41,"2pt layup (2nd chance) (under the basket) missed by Julian Steinfeld(UIndy), rebound defensive Ethan Erickson(FSU), rebound defensive Jimmy Scholler(FSU)",52 - 62,5253191,561734,561713,2024-03-18
2,08:45,"2pt turnaround jump shot (inside left) missed by Jesse Bingham(UIndy), rebound offensive Julian Steinfeld(UIndy)",52 - 62,5253191,561734,561713,2024-03-18
2,09:07,"3pt pull up jump shot (off turnover) (outside right) made by Ethan Erickson(FSU), assist Dolapo Olayinka(FSU)",52 - 62,5253191,561734,561713,2024-03-18
2,09:24,Substitution FSU: in Dolapo Olayinka,49 - 62,5253191,561734,561713,2024-03-18
2,09:24,Substitution FSU: out Deng Reng,49 - 62,5253191,561734,561713,2024-03-18
2,09:24,Substitution UIndy: in Julian Steinfeld,49 - 62,5253191,561734,561713,2024-03-18
2,09:24,Substitution UIndy: out Kendrick Tchoua,49 - 62,5253191,561734,561713,2024-03-18
2,09:24,"Foul offensive (back court) Kendrick Tchoua(UIndy), turnover offensive Kendrick Tchoua(UIndy), foul on DeSean Munson(FSU)",49 - 62,5253191,561734,561713,2024-03-18
2,09:50,"2pt jump shot (inside right) missed by DeSean Munson(FSU), rebound defensive Sean Craig(UIndy)",49 - 62,5253191,561734,561713,2024-03-18
2,10:06,"Free throw 2 of 2 missed by Jarvis Walker(UIndy), rebound defensive DeSean Munson(FSU)",49 - 62,5253191,561734,561713,2024-03-18
2,10:06,Free throw 1 of 2 made by Jarvis Walker(UIndy),49 - 62,5253191,561734,561713,2024-03-18
2,10:06,Foul personal (shooting;2 free throws) (inside left) Deng Reng(FSU),49 - 61,5253191,561734,561713,2024-03-18
2,10:25,Free throw 2 of 2 made by Deng Reng(FSU),49 - 61,5253191,561734,561713,2024-03-18
2,10:25,Substitution UIndy: in Kendrick Tchoua,48 - 61,5253191,561734,561713,2024-03-18
2,10:25,Substitution UIndy: out David Ejah,48 - 61,5253191,561734,561713,2024-03-18
2,10:25,"Free throw 1 of 2 missed by Deng Reng(FSU), rebound offensive dead ball FSU",48 - 61,5253191,561734,561713,2024-03-18
2,10:25,Foul personal (shooting;2 free throws) (under the basket) David Ejah(UIndy),48 - 61,5253191,561734,561713,2024-03-18
2,10:27,2pt (inside right) missed by FSU,48 - 61,5253191,561734,561713,2024-03-18
2,10:48,"3pt jump shot (off turnover) (outside center) made by David Ejah(UIndy), assist Jesse Bingham(UIndy)",48 - 61,5253191,561734,561713,2024-03-18
2,11:10,Substitution FSU: in DeSean Munson,48 - 58,5253191,561734,561713,2024-03-18
2,11:10,Substitution FSU: in Ben Davidson,48 - 58,5253191,561734,561713,2024-03-18
2,11:10,Substitution FSU: out Reece Hazelton,48 - 58,5253191,561734,561713,2024-03-18
2,11:10,Substitution FSU: out Amari Lee,48 - 58,5253191,561734,561713,2024-03-18
2,11:10,Substitution UIndy: in Sean Craig,48 - 58,5253191,561734,561713,2024-03-18
2,11:10,Substitution UIndy: in Jesse Bingham,48 - 58,5253191,561734,561713,2024-03-18
2,11:10,Substitution UIndy: out Zach Szul,48 - 58,5253191,561734,561713,2024-03-18
2,11:10,Substitution UIndy: out Dylan Ingram,48 - 58,5253191,561734,561713,2024-03-18
2,11:10,Turnover travel (in the paint) Reece Hazelton(FSU),48 - 58,5253191,561734,561713,2024-03-18
2,11:22,"3pt jump shot (outside right wing) missed by Dylan Ingram(UIndy), rebound defensive Amari Lee(FSU)",48 - 58,5253191,561734,561713,2024-03-18
2,11:47,"2pt layup (2nd chance) (under the basket) made by Reece Hazelton(FSU), assist Amari Lee(FSU)",48 - 58,5253191,561734,561713,2024-03-18
2,11:52,Timeout commercial,46 - 58,5253191,561734,561713,2024-03-18
2,11:55,"3pt pull up jump shot (outside center) missed by Ethan Erickson(FSU), rebound offensive (team) FSU",46 - 58,5253191,561734,561713,2024-03-18
2,12:13,"Free throw 2 of 2 missed by Jarvis Walker(UIndy), rebound defensive Deng Reng(FSU)",46 - 58,5253191,561734,561713,2024-03-18
2,12:13,Substitution FSU: in Reece Hazelton,46 - 58,5253191,561734,561713,2024-03-18
2,12:13,Substitution FSU: out Vejas Grazulis,46 - 58,5253191,561734,561713,2024-03-18
2,12:13,Substitution FSU: in Jimmy Scholler,46 - 58,5253191,561734,561713,2024-03-18
2,12:13,Substitution FSU: out Ben Davidson,46 - 58,5253191,561734,561713,2024-03-18
2,12:13,Substitution UIndy: in Dylan Ingram,46 - 58,5253191,561734,561713,2024-03-18
2,12:13,Substitution UIndy: out Sean Craig,46 - 58,5253191,561734,561713,2024-03-18
2,12:13,"Free throw 1 of 2 missed by Jarvis Walker(UIndy), rebound offensive dead ball UIndy",46 - 58,5253191,561734,561713,2024-03-18
2,12:13,Foul personal (shooting;2 free throws) (in the paint) Vejas Grazulis(FSU),46 - 58,5253191,561734,561713,2024-03-18
2,12:34,"2pt pull up jump shot (inside right) missed by Amari Lee(FSU), rebound defensive Sean Craig(UIndy)",46 - 58,5253191,561734,561713,2024-03-18
2,12:45,Timeout short FSU,46 - 58,5253191,561734,561713,2024-03-18
2,12:58,"3pt jump shot (outside left) made by David Ejah(UIndy), assist Jarvis Walker(UIndy)",46 - 58,5253191,561734,561713,2024-03-18
2,13:20,"2pt layup (2nd chance) (under the basket) missed by Vejas Grazulis(FSU), rebound defensive David Ejah(UIndy)",46 - 55,5253191,561734,561713,2024-03-18
2,13:23,"2pt layup (under the basket) missed by Ethan Erickson(FSU), rebound offensive Vejas Grazulis(FSU)",46 - 55,5253191,561734,561713,2024-03-18
2,13:42,2pt driving layup (under the basket) made by Jarvis Walker(UIndy),46 - 55,5253191,561734,561713,2024-03-18
2,14:03,"Free throw 2 of 2 (fast break) missed by Vejas Grazulis(FSU), rebound defensive Jarvis Walker(UIndy)",46 - 53,5253191,561734,561713,2024-03-18
2,14:03,Free throw 1 of 2 (fast break) made by Vejas Grazulis(FSU),46 - 53,5253191,561734,561713,2024-03-18
2,14:03,Foul personal (shooting;2 free throws) (under the basket) David Ejah(UIndy),45 - 53,5253191,561734,561713,2024-03-18
2,14:10,"2pt driving layup (under the basket) made by David Ejah(UIndy), assist Jarvis Walker(UIndy)",45 - 53,5253191,561734,561713,2024-03-18
2,14:29,Free throw 2 of 2 made by Ben Davidson(FSU),45 - 51,5253191,561734,561713,2024-03-18
2,14:29,Substitution FSU: in Vejas Grazulis,44 - 51,5253191,561734,561713,2024-03-18
2,14:29,Substitution FSU: out DeSean Munson,44 - 51,5253191,561734,561713,2024-03-18
2,14:29,Substitution UIndy: in David Ejah,44 - 51,5253191,561734,561713,2024-03-18
2,14:29,Substitution UIndy: out Kendrick Tchoua,44 - 51,5253191,561734,561713,2024-03-18
2,14:29,"Free throw 1 of 2 missed by Ben Davidson(FSU), rebound offensive dead ball FSU",44 - 51,5253191,561734,561713,2024-03-18
2,14:29,Foul personal (shooting;2 free throws) (in the paint) Kendrick Tchoua(UIndy),44 - 51,5253191,561734,561713,2024-03-18
2,14:44,3pt pull up jump shot (outside center) made by Jarvis Walker(UIndy),44 - 51,5253191,561734,561713,2024-03-18
2,14:58,"Free throw 2 of 2 missed by DeSean Munson(FSU), rebound defensive Kendrick Tchoua(UIndy)",44 - 48,5253191,561734,561713,2024-03-18
2,14:58,Free throw 1 of 2 made by DeSean Munson(FSU),44 - 48,5253191,561734,561713,2024-03-18
2,14:58,Substitution FSU: in Ethan Erickson,43 - 48,5253191,561734,561713,2024-03-18
2,14:58,Substitution FSU: in Amari Lee,43 - 48,5253191,561734,561713,2024-03-18
2,14:58,Substitution FSU: in Deng Reng,43 - 48,5253191,561734,561713,2024-03-18
2,14:58,Substitution FSU: out Jimmy Scholler,43 - 48,5253191,561734,561713,2024-03-18
2,14:58,Substitution FSU: out Jack Ammerman,43 - 48,5253191,561734,561713,2024-03-18
2,14:58,Substitution FSU: out Dolapo Olayinka,43 - 48,5253191,561734,561713,2024-03-18
2,14:58,Substitution UIndy: in Jarvis Walker,43 - 48,5253191,561734,561713,2024-03-18
2,14:58,Substitution UIndy: in Kendrick Tchoua,43 - 48,5253191,561734,561713,2024-03-18
2,14:58,Substitution UIndy: out Julian Steinfeld,43 - 48,5253191,561734,561713,2024-03-18
2,14:58,Substitution UIndy: out Jesse Bingham,43 - 48,5253191,561734,561713,2024-03-18
2,14:58,Timeout commercial,43 - 48,5253191,561734,561713,2024-03-18
2,14:58,Foul personal (shooting;2 free throws) (under the basket) Julian Steinfeld(UIndy),43 - 48,5253191,561734,561713,2024-03-18
2,15:14,2pt jump shot (2nd chance) (inside right) made by Jesse Bingham(UIndy),43 - 48,5253191,561734,561713,2024-03-18
2,15:18,"2pt floating jump shot (2nd chance) (in the paint) missed by Jesse Bingham(UIndy), rebound offensive Jesse Bingham(UIndy)",43 - 46,5253191,561734,561713,2024-03-18
2,15:23,"2pt jump shot (inside left) missed by Zach Szul(UIndy), rebound offensive Jesse Bingham(UIndy)",43 - 46,5253191,561734,561713,2024-03-18
2,15:49,"2pt driving layup (in the paint) missed by Jack Ammerman(FSU), rebound defensive Julian Steinfeld(UIndy)",43 - 46,5253191,561734,561713,2024-03-18
2,16:02,"2pt turnaround jump shot (in the paint) missed by Jesse Bingham(UIndy), rebound defensive Jack Ammerman(FSU)",43 - 46,5253191,561734,561713,2024-03-18
2,16:29,"2pt layup (under the basket) missed by Ben Davidson(FSU), rebound defensive Julian Steinfeld(UIndy)",43 - 46,5253191,561734,561713,2024-03-18
2,16:44,2pt floating jump shot (in the paint) missed by Zach Szul(UIndy),43 - 46,5253191,561734,561713,2024-03-18
2,16:55,Substitution UIndy: in Sean Craig,43 - 46,5253191,561734,561713,2024-03-18
2,16:55,Substitution UIndy: in Julian Steinfeld,43 - 46,5253191,561734,561713,2024-03-18
2,16:55,Substitution UIndy: in Zach Szul,43 - 46,5253191,561734,561713,2024-03-18
2,16:55,Substitution UIndy: out David Ejah,43 - 46,5253191,561734,561713,2024-03-18
2,16:55,Substitution UIndy: out Jarvis Walker,43 - 46,5253191,561734,561713,2024-03-18
2,16:55,Substitution UIndy: out Kendrick Tchoua,43 - 46,5253191,561734,561713,2024-03-18
2,16:55,Timeout commercial,43 - 46,5253191,561734,561713,2024-03-18
2,16:55,Timeout short UIndy,43 - 46,5253191,561734,561713,2024-03-18
2,17:02,"2pt driving layup (under the basket) made by DeSean Munson(FSU), assist Dolapo Olayinka(FSU)",43 - 46,5253191,561734,561713,2024-03-18
2,17:14,"2pt pull up jump shot (inside center) missed by Jesse Bingham(UIndy), rebound defensive Jack Ammerman(FSU)",41 - 46,5253191,561734,561713,2024-03-18
2,17:24,"2pt driving layup (under the basket) missed by Jimmy Scholler(FSU), rebound defensive David Ejah(UIndy)",41 - 46,5253191,561734,561713,2024-03-18
2,17:35,"3pt jump shot (outside left) missed by Jarvis Walker(UIndy), rebound defensive Dolapo Olayinka(FSU)",41 - 46,5253191,561734,561713,2024-03-18
2,17:54,"2pt pull up jump shot (fast break) (inside left) made by Ben Davidson(FSU), assist Jimmy Scholler(FSU)",41 - 46,5253191,561734,561713,2024-03-18
2,18:00,"2pt turnaround jump shot (in the paint) missed by Kendrick Tchoua(UIndy), rebound defensive Jimmy Scholler(FSU), rebound defensive Jimmy Scholler(FSU)",39 - 46,5253191,561734,561713,2024-03-18
2,18:18,"2pt turnaround jump shot (under the basket) missed by DeSean Munson(FSU), rebound defensive Kendrick Tchoua(UIndy)",39 - 46,5253191,561734,561713,2024-03-18
2,18:36,"2pt driving layup (under the basket) made by Jarvis Walker(UIndy), assist Jesse Bingham(UIndy)",39 - 46,5253191,561734,561713,2024-03-18
2,18:52,"3pt pull up jump shot (outside right) missed by Ben Davidson(FSU), rebound defensive Josiah Tynes(UIndy)",39 - 44,5253191,561734,561713,2024-03-18
2,19:01,"3pt jump shot (outside center) missed by Jarvis Walker(UIndy), rebound defensive Jack Ammerman(FSU), rebound defensive Jack Ammerman(FSU)",39 - 44,5253191,561734,561713,2024-03-18
2,19:21,"2pt jump shot (inside right) made by DeSean Munson(FSU), assist Ben Davidson(FSU)",39 - 44,5253191,561734,561713,2024-03-18
2,19:32,"3pt jump shot (outside right) missed by Josiah Tynes(UIndy), rebound defensive Jimmy Scholler(FSU)",37 - 44,5253191,561734,561713,2024-03-18
2,19:48,Free throw 2 of 2 made by Ben Davidson(FSU),37 - 44,5253191,561734,561713,2024-03-18
2,19:48,Free throw 1 of 2 made by Ben Davidson(FSU),36 - 44,5253191,561734,561713,2024-03-18
2,19:48,Foul personal (shooting;2 free throws) (in the paint) Josiah Tynes(UIndy),35 - 44,5253191,561734,561713,2024-03-18
2,20:00,Period start,35 - 44,5253191,561734,561713,2024-03-18
2,20:00,Substitution FSU: in Jimmy Scholler,35 - 44,5253191,561734,561713,2024-03-18
2,20:00,Substitution FSU: in Jack Ammerman,35 - 44,5253191,561734,561713,2024-03-18
2,20:00,Substitution FSU: in Dolapo Olayinka,35 - 44,5253191,561734,561713,2024-03-18
2,20:00,Substitution FSU: out Deng Reng,35 - 44,5253191,561734,561713,2024-03-18
2,20:00,Substitution FSU: out Ethan Erickson,35 - 44,5253191,561734,561713,2024-03-18
2,20:00,Substitution FSU: out Amari Lee,35 - 44,5253191,561734,561713,2024-03-18
2,20:00,Substitution UIndy: in Jesse Bingham,35 - 44,5253191,561734,561713,2024-03-18
2,20:00,Substitution UIndy: in Kendrick Tchoua,35 - 44,5253191,561734,561713,2024-03-18
2,20:00,Substitution UIndy: out Sean Craig,35 - 44,5253191,561734,561713,2024-03-18
2,20:00,Substitution UIndy: out Julian Steinfeld,35 - 44,5253191,561734,561713,2024-03-18
1,00:00.00,Period end (confirmed),35 - 44,5253191,561734,561713,2024-03-18
1,00:03.30,2pt driving layup (under the basket) made by Amari Lee(FSU),35 - 44,5253191,561734,561713,2024-03-18
1,00:16.60,"2pt dunk (under the basket) made by Julian Steinfeld(UIndy), assist Jarvis Walker(UIndy)",33 - 44,5253191,561734,561713,2024-03-18
1,00:42.90,"3pt jump shot (outside left) missed by Ethan Erickson(FSU), rebound defensive Jarvis Walker(UIndy)",33 - 42,5253191,561734,561713,2024-03-18
1,00:51.70,Free throw 2 of 2 (2nd chance) made by David Ejah(UIndy),33 - 42,5253191,561734,561713,2024-03-18
1,00:51.70,"Free throw 1 of 2 (2nd chance) missed by David Ejah(UIndy), rebound offensive dead ball UIndy",33 - 41,5253191,561734,561713,2024-03-18
1,00:51.70,Foul personal (shooting;2 free throws) (in the paint) Ethan Erickson(FSU),33 - 41,5253191,561734,561713,2024-03-18
1,00:56.40,"2pt step back jump shot (inside right) missed by Jarvis Walker(UIndy), rebound offensive David Ejah(UIndy)",33 - 41,5253191,561734,561713,2024-03-18
1,01:26,2pt driving layup (under the basket) made by Amari Lee(FSU),33 - 41,5253191,561734,561713,2024-03-18
1,01:54,Substitution FSU: in Deng Reng,31 - 41,5253191,561734,561713,2024-03-18
1,01:54,Substitution FSU: out Dolapo Olayinka,31 - 41,5253191,561734,561713,2024-03-18
1,01:54,Substitution FSU: in Ben Davidson,31 - 41,5253191,561734,561713,2024-03-18
1,01:54,Substitution FSU: out Jimmy Scholler,31 - 41,5253191,561734,561713,2024-03-18
1,01:57,2pt layup (blocked) (in the paint) missed by Julian Steinfeld(UIndy),31 - 41,5253191,561734,561713,2024-03-18
1,02:20,2pt turnaround jump shot (in the paint) made by Amari Lee(FSU),31 - 41,5253191,561734,561713,2024-03-18
1,02:45,"3pt jump shot (outside right) made by Josiah Tynes(UIndy), assist Sean Craig(UIndy)",29 - 41,5253191,561734,561713,2024-03-18
1,03:13,"2pt layup (under the basket) made by Dolapo Olayinka(FSU), assist Amari Lee(FSU)",29 - 38,5253191,561734,561713,2024-03-18
1,03:25,"2pt pull up jump shot (inside center) made by Jarvis Walker(UIndy), assist Julian Steinfeld(UIndy)",27 - 38,5253191,561734,561713,2024-03-18
1,03:53,Free throw 2 of 2 made by DeSean Munson(FSU),27 - 36,5253191,561734,561713,2024-03-18
1,03:53,Free throw 1 of 2 made by DeSean Munson(FSU),26 - 36,5253191,561734,561713,2024-03-18
1,03:53,Substitution UIndy: in Julian Steinfeld,25 - 36,5253191,561734,561713,2024-03-18
1,03:53,Substitution UIndy: in David Ejah,25 - 36,5253191,561734,561713,2024-03-18
1,03:53,Substitution UIndy: out Kendrick Tchoua,25 - 36,5253191,561734,561713,2024-03-18
1,03:53,Substitution UIndy: out Dylan Ingram,25 - 36,5253191,561734,561713,2024-03-18
1,03:53,Timeout commercial,25 - 36,5253191,561734,561713,2024-03-18
1,03:53,Foul personal (loose ball;2 free throws) (back court) Kendrick Tchoua(UIndy),25 - 36,5253191,561734,561713,2024-03-18
1,03:54,"3pt jump shot (outside right wing) missed by Sean Craig(UIndy), rebound defensive dead ball FSU",25 - 36,5253191,561734,561713,2024-03-18
1,04:18,"Free throw 2 of 2 (off turnover) missed by DeSean Munson(FSU), rebound defensive Dylan Ingram(UIndy)",25 - 36,5253191,561734,561713,2024-03-18
1,04:18,Substitution UIndy: in Kendrick Tchoua,25 - 36,5253191,561734,561713,2024-03-18
1,04:18,Substitution UIndy: out Julian Steinfeld,25 - 36,5253191,561734,561713,2024-03-18
1,04:18,"Free throw 1 of 2 (off turnover) missed by DeSean Munson(FSU), rebound offensive dead ball FSU",25 - 36,5253191,561734,561713,2024-03-18
1,04:18,Foul personal (2 free throws) (inside left) Julian Steinfeld(UIndy),25 - 36,5253191,561734,561713,2024-03-18
1,04:35,Turnover travel (in the paint) Jarvis Walker(UIndy),25 - 36,5253191,561734,561713,2024-03-18
1,04:39,Substitution FSU: in Jimmy Scholler,25 - 36,5253191,561734,561713,2024-03-18
1,04:39,Substitution FSU: in Ethan Erickson,25 - 36,5253191,561734,561713,2024-03-18
1,04:39,Substitution FSU: out Ben Davidson,25 - 36,5253191,561734,561713,2024-03-18
1,04:39,Substitution FSU: out Deng Reng,25 - 36,5253191,561734,561713,2024-03-18
1,04:39,Substitution FSU: in Amari Lee,25 - 36,5253191,561734,561713,2024-03-18
1,04:39,Substitution FSU: out Jack Ammerman,25 - 36,5253191,561734,561713,2024-03-18
1,04:39,Substitution UIndy: in Julian Steinfeld,25 - 36,5253191,561734,561713,2024-03-18
1,04:39,Substitution UIndy: in Jarvis Walker,25 - 36,5253191,561734,561713,2024-03-18
1,04:39,Substitution UIndy: out Zach Szul,25 - 36,5253191,561734,561713,2024-03-18
1,04:39,Substitution UIndy: out Kendrick Tchoua,25 - 36,5253191,561734,561713,2024-03-18
1,04:42,"3pt pull up jump shot (blocked) (outside left) missed by Dylan Ingram(UIndy), block Deng Reng(FSU), rebound offensive (team) UIndy",25 - 36,5253191,561734,561713,2024-03-18
1,04:50,"2pt turnaround jump shot (inside center) missed by Ben Davidson(FSU), rebound defensive Dylan Ingram(UIndy)",25 - 36,5253191,561734,561713,2024-03-18
1,05:08,"2pt layup (in the paint) made by Kendrick Tchoua(UIndy), assist Sean Craig(UIndy)",25 - 36,5253191,561734,561713,2024-03-18
1,05:14,Substitution FSU: in Dolapo Olayinka,25 - 34,5253191,561734,561713,2024-03-18
1,05:14,Substitution FSU: out Vejas Grazulis,25 - 34,5253191,561734,561713,2024-03-18
1,05:41,"2pt layup (off turnover;fast break) (under the basket) made by DeSean Munson(FSU), assist Ben Davidson(FSU)",25 - 34,5253191,561734,561713,2024-03-18
1,05:46,"Turnover bad pass (in the paint) Zach Szul(UIndy), steal Vejas Grazulis(FSU)",23 - 34,5253191,561734,561713,2024-03-18
1,05:53,"2pt pull up jump shot (in the paint) missed by Jack Ammerman(FSU), rebound defensive Zach Szul(UIndy)",23 - 34,5253191,561734,561713,2024-03-18
1,06:09,"2pt hook shot (in the paint) made by Kendrick Tchoua(UIndy), assist Josiah Tynes(UIndy)",23 - 34,5253191,561734,561713,2024-03-18
1,06:09,2pt (in the paint) missed by UIndy,23 - 32,5253191,561734,561713,2024-03-18
1,06:39,"3pt jump shot (outside right) made by Ben Davidson(FSU), assist Jack Ammerman(FSU)",23 - 32,5253191,561734,561713,2024-03-18
1,07:04,2pt layup (2nd chance;off turnover) (under the basket) made by Kendrick Tchoua(UIndy),20 - 32,5253191,561734,561713,2024-03-18
1,07:07,2pt driving layup (off turnover) (under the basket) missed by Josiah Tynes(UIndy),20 - 32,5253191,561734,561713,2024-03-18
1,07:35,Substitution FSU: in Vejas Grazulis,20 - 30,5253191,561734,561713,2024-03-18
1,07:35,Substitution FSU: out Reece Hazelton,20 - 30,5253191,561734,561713,2024-03-18
1,07:35,Substitution UIndy: in Kendrick Tchoua,20 - 30,5253191,561734,561713,2024-03-18
1,07:35,Substitution UIndy: out Julian Steinfeld,20 - 30,5253191,561734,561713,2024-03-18
1,07:35,Timeout commercial,20 - 30,5253191,561734,561713,2024-03-18
1,07:35,"Foul offensive (outside center) Ben Davidson(FSU), turnover offensive Ben Davidson(FSU), foul on Josiah Tynes(UIndy)",20 - 30,5253191,561734,561713,2024-03-18
1,07:43,"3pt jump shot (outside center) made by Josiah Tynes(UIndy), assist Zach Szul(UIndy)",20 - 30,5253191,561734,561713,2024-03-18
1,08:03,"Free throw 1 of 1 missed by Reece Hazelton(FSU), rebound defensive Dylan Ingram(UIndy)",20 - 27,5253191,561734,561713,2024-03-18
1,08:03,Substitution FSU: in Jack Ammerman,20 - 27,5253191,561734,561713,2024-03-18
1,08:03,Substitution FSU: in Deng Reng,20 - 27,5253191,561734,561713,2024-03-18
1,08:03,Substitution FSU: out Jimmy Scholler,20 - 27,5253191,561734,561713,2024-03-18
1,08:03,Substitution FSU: out Ethan Erickson,20 - 27,5253191,561734,561713,2024-03-18
1,08:03,Substitution UIndy: in Zach Szul,20 - 27,5253191,561734,561713,2024-03-18
1,08:03,Substitution UIndy: out Jarvis Walker,20 - 27,5253191,561734,561713,2024-03-18
1,08:03,Foul personal (one and one) (outside left) Dylan Ingram(UIndy),20 - 27,5253191,561734,561713,2024-03-18
1,08:23,"2pt layup (blocked) (in the paint) missed by Jarvis Walker(UIndy), block Reece Hazelton(FSU), rebound defensive DeSean Munson(FSU)",20 - 27,5253191,561734,561713,2024-03-18
1,08:49,"2pt layup (under the basket) missed by DeSean Munson(FSU), rebound defensive Dylan Ingram(UIndy)",20 - 27,5253191,561734,561713,2024-03-18
1,08:55,"2pt floating jump shot (2nd chance) (inside left) missed by Jarvis Walker(UIndy), rebound defensive Reece Hazelton(FSU)",20 - 27,5253191,561734,561713,2024-03-18
1,09:01,"3pt jump shot (outside right) missed by Dylan Ingram(UIndy), rebound offensive Julian Steinfeld(UIndy)",20 - 27,5253191,561734,561713,2024-03-18
1,09:25,Free throw 2 of 2 (2nd chance) made by Ethan Erickson(FSU),20 - 27,5253191,561734,561713,2024-03-18
1,09:25,Free throw 1 of 2 (2nd chance) made by Ethan Erickson(FSU),19 - 27,5253191,561734,561713,2024-03-18
1,09:25,Substitution FSU: in DeSean Munson,18 - 27,5253191,561734,561713,2024-03-18
1,09:25,Substitution FSU: in Ben Davidson,18 - 27,5253191,561734,561713,2024-03-18
1,09:25,Substitution FSU: out Amari Lee,18 - 27,5253191,561734,561713,2024-03-18
1,09:25,Substitution FSU: out Dolapo Olayinka,18 - 27,5253191,561734,561713,2024-03-18
1,09:25,Substitution UIndy: in Julian Steinfeld,18 - 27,5253191,561734,561713,2024-03-18
1,09:25,Substitution UIndy: in Dylan Ingram,18 - 27,5253191,561734,561713,2024-03-18
1,09:25,Substitution UIndy: out Jesse Bingham,18 - 27,5253191,561734,561713,2024-03-18
1,09:25,Substitution UIndy: out Kendrick Tchoua,18 - 27,5253191,561734,561713,2024-03-18
1,09:25,Foul personal (one and one) (inside right) Jesse Bingham(UIndy),18 - 27,5253191,561734,561713,2024-03-18
1,09:29,"3pt jump shot (outside left) missed by Reece Hazelton(FSU), rebound offensive Ethan Erickson(FSU)",18 - 27,5253191,561734,561713,2024-03-18
1,09:43,"3pt pull up jump shot (off turnover) (outside center) made by Jarvis Walker(UIndy), assist Kendrick Tchoua(UIndy)",18 - 27,5253191,561734,561713,2024-03-18
1,10:03,"Turnover bad pass (inside right) Ethan Erickson(FSU), steal Josiah Tynes(UIndy)",18 - 24,5253191,561734,561713,2024-03-18
1,10:18,"2pt layup (under the basket) made by Kendrick Tchoua(UIndy), assist Jesse Bingham(UIndy)",18 - 24,5253191,561734,561713,2024-03-18
1,10:31,"2pt driving layup (in the paint) made by Reece Hazelton(FSU), assist Jimmy Scholler(FSU)",18 - 22,5253191,561734,561713,2024-03-18
1,10:41,2pt layup (2nd chance) (under the basket) made by Sean Craig(UIndy),16 - 22,5253191,561734,561713,2024-03-18
1,10:45,"3pt jump shot (outside center) missed by Jesse Bingham(UIndy), rebound offensive Sean Craig(UIndy)",16 - 20,5253191,561734,561713,2024-03-18
1,10:52,"2pt driving layup (under the basket) missed by Dolapo Olayinka(FSU), rebound defensive Sean Craig(UIndy)",16 - 20,5253191,561734,561713,2024-03-18
1,11:17,Free throw 2 of 2 made by Jesse Bingham(UIndy),16 - 20,5253191,561734,561713,2024-03-18
1,11:17,Free throw 1 of 2 made by Jesse Bingham(UIndy),16 - 19,5253191,561734,561713,2024-03-18
1,11:17,Foul personal (shooting;2 free throws) (in the paint) Dolapo Olayinka(FSU),16 - 18,5253191,561734,561713,2024-03-18
1,11:39,Free throw 2 of 2 made by Amari Lee(FSU),16 - 18,5253191,561734,561713,2024-03-18
1,11:39,Free throw 1 of 2 made by Amari Lee(FSU),15 - 18,5253191,561734,561713,2024-03-18
1,11:39,Substitution FSU: in Dolapo Olayinka,14 - 18,5253191,561734,561713,2024-03-18
1,11:39,Substitution FSU: out Deng Reng,14 - 18,5253191,561734,561713,2024-03-18
1,11:39,Substitution UIndy: in Kendrick Tchoua,14 - 18,5253191,561734,561713,2024-03-18
1,11:39,Substitution UIndy: out Julian Steinfeld,14 - 18,5253191,561734,561713,2024-03-18
1,11:39,Timeout commercial,14 - 18,5253191,561734,561713,2024-03-18
1,11:39,Foul personal (shooting;2 free throws) (under the basket) Julian Steinfeld(UIndy),14 - 18,5253191,561734,561713,2024-03-18
1,11:48,"3pt jump shot (outside center) missed by Sean Craig(UIndy), rebound defensive Jimmy Scholler(FSU)",14 - 18,5253191,561734,561713,2024-03-18
1,11:57,"3pt jump shot (outside center) missed by Ethan Erickson(FSU), rebound defensive Josiah Tynes(UIndy)",14 - 18,5253191,561734,561713,2024-03-18
1,12:24,"3pt jump shot (2nd chance) (outside left) made by Jarvis Walker(UIndy), assist Jesse Bingham(UIndy)",14 - 18,5253191,561734,561713,2024-03-18
1,12:28,"3pt pull up jump shot (outside center) missed by Jarvis Walker(UIndy), rebound offensive Jesse Bingham(UIndy)",14 - 15,5253191,561734,561713,2024-03-18
1,12:50,Free throw 2 of 2 (2nd chance) made by Reece Hazelton(FSU),14 - 15,5253191,561734,561713,2024-03-18
1,12:50,Substitution UIndy: in Julian Steinfeld,13 - 15,5253191,561734,561713,2024-03-18
1,12:50,Substitution UIndy: out Kendrick Tchoua,13 - 15,5253191,561734,561713,2024-03-18
1,12:50,"Free throw 1 of 2 (2nd chance) missed by Reece Hazelton(FSU), rebound offensive dead ball FSU",13 - 15,5253191,561734,561713,2024-03-18
1,12:50,Foul personal (shooting;2 free throws) (under the basket) Kendrick Tchoua(UIndy),13 - 15,5253191,561734,561713,2024-03-18
1,12:54,"2pt step back jump shot (inside right) missed by Ethan Erickson(FSU), rebound offensive Reece Hazelton(FSU)",13 - 15,5253191,561734,561713,2024-03-18
1,13:08,2pt layup (2nd chance) (under the basket) made by Kendrick Tchoua(UIndy),13 - 15,5253191,561734,561713,2024-03-18
1,13:11,"2pt layup (under the basket) missed by Jesse Bingham(UIndy), rebound offensive Kendrick Tchoua(UIndy)",13 - 13,5253191,561734,561713,2024-03-18
1,13:23,Free throw 2 of 2 made by Amari Lee(FSU),13 - 13,5253191,561734,561713,2024-03-18
1,13:23,Substitution FSU: in Reece Hazelton,12 - 13,5253191,561734,561713,2024-03-18
1,13:23,Substitution FSU: in Jimmy Scholler,12 - 13,5253191,561734,561713,2024-03-18
1,13:23,Substitution FSU: out Vejas Grazulis,12 - 13,5253191,561734,561713,2024-03-18
1,13:23,Substitution FSU: out Ben Davidson,12 - 13,5253191,561734,561713,2024-03-18
1,13:23,Substitution UIndy: in Sean Craig,12 - 13,5253191,561734,561713,2024-03-18
1,13:23,Substitution UIndy: out David Ejah,12 - 13,5253191,561734,561713,2024-03-18
1,13:23,Free throw 1 of 2 made by Amari Lee(FSU),12 - 13,5253191,561734,561713,2024-03-18
1,13:23,Foul personal (shooting;2 free throws) (under the basket) David Ejah(UIndy),11 - 13,5253191,561734,561713,2024-03-18
1,13:51,"3pt jump shot (outside left wing) made by David Ejah(UIndy), assist Jarvis Walker(UIndy)",11 - 13,5253191,561734,561713,2024-03-18
1,14:01,"Free throw 2 of 2 (fast break;off turnover) missed by Amari Lee(FSU), rebound defensive Kendrick Tchoua(UIndy)",11 - 10,5253191,561734,561713,2024-03-18
1,14:01,Substitution UIndy: in David Ejah,11 - 10,5253191,561734,561713,2024-03-18
1,14:01,Substitution UIndy: in Jesse Bingham,11 - 10,5253191,561734,561713,2024-03-18
1,14:01,Substitution UIndy: in Josiah Tynes,11 - 10,5253191,561734,561713,2024-03-18
1,14:01,Substitution UIndy: out Sean Craig,11 - 10,5253191,561734,561713,2024-03-18
1,14:01,Substitution UIndy: out Zach Szul,11 - 10,5253191,561734,561713,2024-03-18
1,14:01,Substitution UIndy: out Dylan Ingram,11 - 10,5253191,561734,561713,2024-03-18
1,14:01,Free throw 1 of 2 (fast break;off turnover) made by Amari Lee(FSU),11 - 10,5253191,561734,561713,2024-03-18
1,14:01,Foul personal (shooting;2 free throws) (under the basket) Zach Szul(UIndy),10 - 10,5253191,561734,561713,2024-03-18
1,14:06,"Turnover bad pass (in the paint) Dylan Ingram(UIndy), steal Ben Davidson(FSU)",10 - 10,5253191,561734,561713,2024-03-18
1,14:25,"Free throw 2 of 2 (off turnover) missed by Deng Reng(FSU), rebound defensive Sean Craig(UIndy)",10 - 10,5253191,561734,561713,2024-03-18
1,14:25,"Free throw 1 of 2 (off turnover) missed by Deng Reng(FSU), rebound offensive dead ball FSU",10 - 10,5253191,561734,561713,2024-03-18
1,14:25,Foul personal (shooting;2 free throws) (in the paint) Zach Szul(UIndy),10 - 10,5253191,561734,561713,2024-03-18
1,14:29,"Turnover bad pass (back court) Jarvis Walker(UIndy), steal Ben Davidson(FSU)",10 - 10,5253191,561734,561713,2024-03-18
1,14:32,"Foul personal (back court) Deng Reng(FSU), foul on Zach Szul(UIndy)",10 - 10,5253191,561734,561713,2024-03-18
1,14:32,Foul (outside right) UIndy,10 - 10,5253191,561734,561713,2024-03-18
1,14:39,3pt jump shot (fast break) (outside right) made by Ben Davidson(FSU),10 - 10,5253191,561734,561713,2024-03-18
1,14:45,"2pt driving layup (under the basket) missed by Jarvis Walker(UIndy), rebound defensive Vejas Grazulis(FSU)",7 - 10,5253191,561734,561713,2024-03-18
1,15:13,Free throw 2 of 2 made by Deng Reng(FSU),7 - 10,5253191,561734,561713,2024-03-18
1,15:13,Substitution UIndy: in Kendrick Tchoua,6 - 10,5253191,561734,561713,2024-03-18
1,15:13,Substitution UIndy: in Dylan Ingram,6 - 10,5253191,561734,561713,2024-03-18
1,15:13,Substitution UIndy: out Julian Steinfeld,6 - 10,5253191,561734,561713,2024-03-18
1,15:13,Substitution UIndy: out Jesse Bingham,6 - 10,5253191,561734,561713,2024-03-18
1,15:13,Free throw 1 of 2 made by Deng Reng(FSU),6 - 10,5253191,561734,561713,2024-03-18
1,15:13,Foul personal (shooting;2 free throws) (in the paint) Jesse Bingham(UIndy),5 - 10,5253191,561734,561713,2024-03-18
1,15:35,Substitution UIndy: in Jarvis Walker,5 - 10,5253191,561734,561713,2024-03-18
1,15:35,Substitution UIndy: out Josiah Tynes,5 - 10,5253191,561734,561713,2024-03-18
1,15:35,Free throw 3 of 3 made by Josiah Tynes(UIndy),5 - 10,5253191,561734,561713,2024-03-18
1,15:35,Free throw 2 of 3 made by Josiah Tynes(UIndy),5 - 9,5253191,561734,561713,2024-03-18
1,15:35,Free throw 1 of 3 made by Josiah Tynes(UIndy),5 - 8,5253191,561734,561713,2024-03-18
1,15:35,Timeout commercial,5 - 7,5253191,561734,561713,2024-03-18
1,15:35,Foul personal (shooting;3 free throws) (outside center) Amari Lee(FSU),5 - 7,5253191,561734,561713,2024-03-18
1,15:53,"2pt driving layup (under the basket) missed by Amari Lee(FSU), rebound defensive Julian Steinfeld(UIndy)",5 - 7,5253191,561734,561713,2024-03-18
1,16:13,"2pt pull up jump shot (under the basket) missed by Jesse Bingham(UIndy), rebound defensive (team) FSU",5 - 7,5253191,561734,561713,2024-03-18
1,16:28,"3pt jump shot (outside left) missed by Ethan Erickson(FSU), rebound defensive Sean Craig(UIndy)",5 - 7,5253191,561734,561713,2024-03-18
1,16:45,Substitution UIndy: in Zach Szul,5 - 7,5253191,561734,561713,2024-03-18
1,16:45,Substitution UIndy: out Jarvis Walker,5 - 7,5253191,561734,561713,2024-03-18
1,16:45,Free throw 1 of 1 made by Jarvis Walker(UIndy),5 - 7,5253191,561734,561713,2024-03-18
1,16:45,Substitution FSU: in Vejas Grazulis,5 - 6,5253191,561734,561713,2024-03-18
1,16:45,Substitution FSU: in Ethan Erickson,5 - 6,5253191,561734,561713,2024-03-18
1,16:45,Substitution FSU: in Amari Lee,5 - 6,5253191,561734,561713,2024-03-18
1,16:45,Substitution FSU: in Deng Reng,5 - 6,5253191,561734,561713,2024-03-18
1,16:45,Substitution FSU: out Jimmy Scholler,5 - 6,5253191,561734,561713,2024-03-18
1,16:45,Substitution FSU: out DeSean Munson,5 - 6,5253191,561734,561713,2024-03-18
1,16:45,Substitution FSU: out Jack Ammerman,5 - 6,5253191,561734,561713,2024-03-18
1,16:45,Substitution FSU: out Dolapo Olayinka,5 - 6,5253191,561734,561713,2024-03-18
1,16:45,Substitution UIndy: in Sean Craig,5 - 6,5253191,561734,561713,2024-03-18
1,16:45,Substitution UIndy: in Julian Steinfeld,5 - 6,5253191,561734,561713,2024-03-18
1,16:45,Substitution UIndy: out David Ejah,5 - 6,5253191,561734,561713,2024-03-18
1,16:45,Substitution UIndy: out Kendrick Tchoua,5 - 6,5253191,561734,561713,2024-03-18
1,16:45,Foul personal (shooting;1 free throw) (under the basket) DeSean Munson(FSU),5 - 6,5253191,561734,561713,2024-03-18
1,16:45,"2pt driving layup (under the basket) made by Jarvis Walker(UIndy), assist David Ejah(UIndy)",5 - 6,5253191,561734,561713,2024-03-18
1,17:09,"3pt jump shot (off turnover) (outside right) made by Ben Davidson(FSU), assist Dolapo Olayinka(FSU)",5 - 4,5253191,561734,561713,2024-03-18
1,17:21,Turnover travel (under the basket) Kendrick Tchoua(UIndy),2 - 4,5253191,561734,561713,2024-03-18
1,17:29,"Foul personal (loose ball) (under the basket) DeSean Munson(FSU), foul on David Ejah(UIndy)",2 - 4,5253191,561734,561713,2024-03-18
1,17:29,"Free throw 2 of 2 (off turnover) missed by Kendrick Tchoua(UIndy), rebound offensive dead ball UIndy",2 - 4,5253191,561734,561713,2024-03-18
1,17:29,Free throw 1 of 2 (off turnover) made by Kendrick Tchoua(UIndy),2 - 4,5253191,561734,561713,2024-03-18
1,17:29,Foul personal (shooting;2 free throws) (in the paint) Ben Davidson(FSU),2 - 3,5253191,561734,561713,2024-03-18
1,17:58,Turnover out of bounds (inside left wing) DeSean Munson(FSU),2 - 3,5253191,561734,561713,2024-03-18
1,18:20,"Free throw 2 of 2 missed by David Ejah(UIndy), rebound defensive Dolapo Olayinka(FSU)",2 - 3,5253191,561734,561713,2024-03-18
1,18:20,Free throw 1 of 2 made by David Ejah(UIndy),2 - 3,5253191,561734,561713,2024-03-18
1,18:20,Foul personal (shooting;2 free throws) (in the paint) Dolapo Olayinka(FSU),2 - 2,5253191,561734,561713,2024-03-18
1,18:31,"3pt pull up jump shot (blocked) (outside right) missed by Jack Ammerman(FSU), block David Ejah(UIndy), rebound defensive Josiah Tynes(UIndy)",2 - 2,5253191,561734,561713,2024-03-18
1,18:52,"Foul personal (outside right) David Ejah(UIndy), foul on Jimmy Scholler(FSU)",2 - 2,5253191,561734,561713,2024-03-18
1,19:07,3pt jump shot (2nd chance) (outside center) missed by Josiah Tynes(UIndy),2 - 2,5253191,561734,561713,2024-03-18
1,19:14,3pt pull up jump shot (outside right) missed by Jarvis Walker(UIndy),2 - 2,5253191,561734,561713,2024-03-18
1,19:22,"2pt turnaround jump shot (under the basket) made by DeSean Munson(FSU), assist Jimmy Scholler(FSU)",2 - 2,5253191,561734,561713,2024-03-18
1,19:44,"2pt layup (under the basket) made by Kendrick Tchoua(UIndy), assist David Ejah(UIndy)",0 - 2,5253191,561734,561713,2024-03-18
1,20:00,"Jump ball start period, won Kendrick Tchoua(UIndy), lost DeSean Munson(FSU)",0 - 0,5253191,561734,561713,2024-03-18
1,20:00,Period start,0 - 0,5253191,561734,561713,2024-03-18
1,20:00,Game start,0 - 0,5253191,561734,561713,2024-03-18
1,00:00.00,Period end (confirmed),35 - 41,5253201,561523,561310,2024-03-18
1,00:02.50,"2pt layup (blocked) (in the paint) missed by AJ White(UNG), block Peyton Gerald(CAT), rebound defensive (team) CAT",35 - 41,5253201,561523,561310,2024-03-18
1,00:09.10,"Free throw 2 of 2 missed by Peyton Gerald(CAT), rebound defensive Greg Billups, Jr.(UNG)",35 - 41,5253201,561523,561310,2024-03-18
1,00:09.10,"Free throw 1 of 2 missed by Peyton Gerald(CAT), rebound offensive dead ball CAT",35 - 41,5253201,561523,561310,2024-03-18
1,00:09.10,Substitution CAT: in Justin Mitchell,35 - 41,5253201,561523,561310,2024-03-18
1,00:09.10,Substitution CAT: out Kris Robinson,35 - 41,5253201,561523,561310,2024-03-18
1,00:09.10,Substitution UNG: in Hunter Shedenhelm,35 - 41,5253201,561523,561310,2024-03-18
1,00:09.10,Substitution UNG: out Cayden Charles,35 - 41,5253201,561523,561310,2024-03-18
1,00:09.10,"Foul personal (shooting;2 free throws) (inside right) Greg Billups, Jr.(UNG)",35 - 41,5253201,561523,561310,2024-03-18
1,00:33.20,Free throw 2 of 2 made by AJ White(UNG),35 - 41,5253201,561523,561310,2024-03-18
1,00:33.20,Substitution CAT: in Dre Nelson,35 - 40,5253201,561523,561310,2024-03-18
1,00:33.20,Substitution CAT: out Montraivis White,35 - 40,5253201,561523,561310,2024-03-18
1,00:33.20,Free throw 1 of 2 made by AJ White(UNG),35 - 40,5253201,561523,561310,2024-03-18
1,00:33.20,Foul personal (2 free throws) (back court) Montraivis White(CAT),35 - 39,5253201,561523,561310,2024-03-18
1,00:44.30,3pt jump shot (outside left) made by Kris Robinson(CAT),35 - 39,5253201,561523,561310,2024-03-18
1,00:54.20,Substitution CAT: in Kaleb Wallace,32 - 39,5253201,561523,561310,2024-03-18
1,00:54.20,Substitution CAT: out Shad Thomas,32 - 39,5253201,561523,561310,2024-03-18
1,00:54.20,Substitution UNG: in Cayden Charles,32 - 39,5253201,561523,561310,2024-03-18
1,00:54.20,Substitution UNG: out Hunter Shedenhelm,32 - 39,5253201,561523,561310,2024-03-18
1,00:54.20,Timeout short CAT,32 - 39,5253201,561523,561310,2024-03-18
1,00:57.80,"2pt layup (in the paint) made by Giancarlo Bastianoni(UNG), assist Frank Champion(UNG)",32 - 39,5253201,561523,561310,2024-03-18
1,01:09,Jump ball held ball UNG,32 - 37,5253201,561523,561310,2024-03-18
1,01:09,"2pt layup (in the paint) missed by Javeon Jones(CAT), rebound defensive Hunter Shedenhelm(UNG)",32 - 37,5253201,561523,561310,2024-03-18
1,01:13,"2pt layup (in the paint) missed by Javeon Jones(CAT), rebound defensive dead ball UNG",32 - 37,5253201,561523,561310,2024-03-18
1,01:30,"3pt jump shot (outside left wing) made by Hunter Shedenhelm(UNG), assist Frank Champion(UNG)",32 - 37,5253201,561523,561310,2024-03-18
1,01:44,"Free throw 2 of 2 missed by Shad Thomas(CAT), rebound defensive Greg Billups, Jr.(UNG)",32 - 34,5253201,561523,561310,2024-03-18
1,01:44,"Free throw 1 of 2 missed by Shad Thomas(CAT), rebound offensive dead ball CAT",32 - 34,5253201,561523,561310,2024-03-18
1,01:44,Foul personal (shooting;2 free throws) (under the basket) Hunter Shedenhelm(UNG),32 - 34,5253201,561523,561310,2024-03-18
1,02:03,"3pt jump shot (off turnover) (outside left) made by AJ White(UNG), assist Giancarlo Bastianoni(UNG)",32 - 34,5253201,561523,561310,2024-03-18
1,02:10,Substitution UNG: in Hunter Shedenhelm,32 - 31,5253201,561523,561310,2024-03-18
1,02:10,Substitution UNG: out Cayden Charles,32 - 31,5253201,561523,561310,2024-03-18
1,02:10,Turnover out of bounds (back court) Montraivis White(CAT),32 - 31,5253201,561523,561310,2024-03-18
1,02:15,Free throw 2 of 2 made by Frank Champion(UNG),32 - 31,5253201,561523,561310,2024-03-18
1,02:15,Substitution CAT: in Shad Thomas,32 - 30,5253201,561523,561310,2024-03-18
1,02:15,Substitution CAT: out Justin Banks,32 - 30,5253201,561523,561310,2024-03-18
1,02:15,Substitution UNG: in Cayden Charles,32 - 30,5253201,561523,561310,2024-03-18
1,02:15,Substitution UNG: out Hunter Shedenhelm,32 - 30,5253201,561523,561310,2024-03-18
1,02:15,Free throw 1 of 2 made by Frank Champion(UNG),32 - 30,5253201,561523,561310,2024-03-18
1,02:15,Foul personal (2 free throws) (inside left) Justin Banks(CAT),32 - 29,5253201,561523,561310,2024-03-18
1,02:44,2pt layup (off turnover) (in the paint) made by Justin Banks(CAT),32 - 29,5253201,561523,561310,2024-03-18
1,03:06,Turnover lost ball (in the paint) Frank Champion(UNG),30 - 29,5253201,561523,561310,2024-03-18
1,03:13,"2pt layup (in the paint) missed by Peyton Gerald(CAT), rebound defensive Frank Champion(UNG)",30 - 29,5253201,561523,561310,2024-03-18
1,03:29,Substitution UNG: in Hunter Shedenhelm,30 - 29,5253201,561523,561310,2024-03-18
1,03:29,Substitution UNG: out Cayden Charles,30 - 29,5253201,561523,561310,2024-03-18
1,03:29,Timeout commercial,30 - 29,5253201,561523,561310,2024-03-18
1,03:44,"2pt layup (off turnover) (in the paint) made by Justin Banks(CAT), assist Peyton Gerald(CAT)",30 - 29,5253201,561523,561310,2024-03-18
1,03:52,"Turnover bad pass (inside center) Cayden Charles(UNG), steal Peyton Gerald(CAT)",28 - 29,5253201,561523,561310,2024-03-18
1,04:18,Free throw 3 of 3 made by Kris Robinson(CAT),28 - 29,5253201,561523,561310,2024-03-18
1,04:18,Free throw 2 of 3 made by Kris Robinson(CAT),27 - 29,5253201,561523,561310,2024-03-18
1,04:18,Free throw 1 of 3 made by Kris Robinson(CAT),26 - 29,5253201,561523,561310,2024-03-18
1,04:18,Foul personal (shooting;3 free throws) (outside left) Cayden Charles(UNG),25 - 29,5253201,561523,561310,2024-03-18
1,04:38,Free throw 2 of 2 (fast break) made by Giancarlo Bastianoni(UNG),25 - 29,5253201,561523,561310,2024-03-18
1,04:38,Substitution CAT: in Kris Robinson,25 - 28,5253201,561523,561310,2024-03-18
1,04:38,Substitution CAT: out Dre Nelson,25 - 28,5253201,561523,561310,2024-03-18
1,04:38,Free throw 1 of 2 (fast break) made by Giancarlo Bastianoni(UNG),25 - 28,5253201,561523,561310,2024-03-18
1,04:38,Foul personal (2 free throws) (back court) Justin Banks(CAT),25 - 27,5253201,561523,561310,2024-03-18
1,04:42,"3pt jump shot (outside left) missed by Dre Nelson(CAT), rebound defensive Giancarlo Bastianoni(UNG)",25 - 27,5253201,561523,561310,2024-03-18
1,05:00,Free throw 2 of 2 (2nd chance) made by Giancarlo Bastianoni(UNG),25 - 27,5253201,561523,561310,2024-03-18
1,05:00,Substitution CAT: in Peyton Gerald,25 - 26,5253201,561523,561310,2024-03-18
1,05:00,Substitution CAT: in Justin Banks,25 - 26,5253201,561523,561310,2024-03-18
1,05:00,Substitution CAT: out Justin Mitchell,25 - 26,5253201,561523,561310,2024-03-18
1,05:00,Substitution CAT: out Shad Thomas,25 - 26,5253201,561523,561310,2024-03-18
1,05:00,Free throw 1 of 2 (2nd chance) made by Giancarlo Bastianoni(UNG),25 - 26,5253201,561523,561310,2024-03-18
1,05:00,Foul personal (shooting;2 free throws) (in the paint) Justin Mitchell(CAT),25 - 25,5253201,561523,561310,2024-03-18
1,05:02,"2pt jump shot (2nd chance) (inside left) missed by AJ White(UNG), rebound offensive Giancarlo Bastianoni(UNG)",25 - 25,5253201,561523,561310,2024-03-18
1,05:11,"2pt layup (in the paint) missed by Frank Champion(UNG), rebound offensive Giancarlo Bastianoni(UNG)",25 - 25,5253201,561523,561310,2024-03-18
1,05:22,"2pt layup (under the basket) missed by Javeon Jones(CAT), rebound defensive Frank Champion(UNG)",25 - 25,5253201,561523,561310,2024-03-18
1,05:32,"2pt jump shot (inside right) missed by Giancarlo Bastianoni(UNG), rebound defensive Javeon Jones(CAT)",25 - 25,5253201,561523,561310,2024-03-18
1,05:51,"3pt jump shot (outside right) missed by Javeon Jones(CAT), rebound defensive Cayden Charles(UNG)",25 - 25,5253201,561523,561310,2024-03-18
1,06:09,"Free throw 2 of 2 (fast break;off turnover) missed by Cayden Charles(UNG), rebound defensive Justin Mitchell(CAT)",25 - 25,5253201,561523,561310,2024-03-18
1,06:09,Free throw 1 of 2 (fast break;off turnover) made by Cayden Charles(UNG),25 - 25,5253201,561523,561310,2024-03-18
1,06:09,Foul personal (shooting;2 free throws) (under the basket) Dre Nelson(CAT),25 - 24,5253201,561523,561310,2024-03-18
1,06:12,"Turnover lost ball (outside center) Javeon Jones(CAT), steal Frank Champion(UNG)",25 - 24,5253201,561523,561310,2024-03-18
1,06:30,"2pt layup (in the paint) made by Frank Champion(UNG), assist Cayden Charles(UNG)",25 - 24,5253201,561523,561310,2024-03-18
1,06:47,"2pt layup (off turnover;blocked) (under the basket) missed by Dre Nelson(CAT), block Frank Champion(UNG), rebound defensive Cayden Charles(UNG)",25 - 22,5253201,561523,561310,2024-03-18
1,06:52,"Turnover bad pass (back court) Frank Champion(UNG), steal Dre Nelson(CAT)",25 - 22,5253201,561523,561310,2024-03-18
1,06:54,Free throw 1 of 1 (fast break;off turnover) made by Dre Nelson(CAT),25 - 22,5253201,561523,561310,2024-03-18
1,06:54,Foul personal (shooting;1 free throw) (under the basket) AJ White(UNG),24 - 22,5253201,561523,561310,2024-03-18
1,06:54,2pt layup (off turnover;fast break) (under the basket) made by Dre Nelson(CAT),24 - 22,5253201,561523,561310,2024-03-18
1,06:56,"Turnover bad pass (outside center) Cayden Charles(UNG), steal Dre Nelson(CAT)",22 - 22,5253201,561523,561310,2024-03-18
1,07:11,"2pt layup (in the paint) missed by Shad Thomas(CAT), rebound defensive Giancarlo Bastianoni(UNG)",22 - 22,5253201,561523,561310,2024-03-18
1,07:29,Free throw 2 of 2 (fast break) made by AJ White(UNG),22 - 22,5253201,561523,561310,2024-03-18
1,07:29,Free throw 1 of 2 (fast break) made by AJ White(UNG),22 - 21,5253201,561523,561310,2024-03-18
1,07:29,Substitution CAT: in Justin Mitchell,22 - 20,5253201,561523,561310,2024-03-18
1,07:29,Substitution CAT: in Montraivis White,22 - 20,5253201,561523,561310,2024-03-18
1,07:29,Substitution CAT: in Shad Thomas,22 - 20,5253201,561523,561310,2024-03-18
1,07:29,Substitution CAT: out Peyton Gerald,22 - 20,5253201,561523,561310,2024-03-18
1,07:29,Substitution CAT: out Kaleb Wallace,22 - 20,5253201,561523,561310,2024-03-18
1,07:29,Substitution CAT: out O'Mazeon Tinsley,22 - 20,5253201,561523,561310,2024-03-18
1,07:29,Substitution UNG: in Cayden Charles,22 - 20,5253201,561523,561310,2024-03-18
1,07:29,Substitution UNG: out Hunter Shedenhelm,22 - 20,5253201,561523,561310,2024-03-18
1,07:29,Timeout commercial,22 - 20,5253201,561523,561310,2024-03-18
1,07:29,Foul personal (one and one) (back court) O'Mazeon Tinsley(CAT),22 - 20,5253201,561523,561310,2024-03-18
1,07:34,"2pt layup (off turnover;fast break) (under the basket) made by Javeon Jones(CAT), assist O'Mazeon Tinsley(CAT)",22 - 20,5253201,561523,561310,2024-03-18
1,07:38,"Turnover lost ball (back court) Hunter Shedenhelm(UNG), steal Javeon Jones(CAT)",20 - 20,5253201,561523,561310,2024-03-18
1,07:49,2pt layup (under the basket) made by Javeon Jones(CAT),20 - 20,5253201,561523,561310,2024-03-18
1,08:12,"3pt jump shot (outside right) missed by AJ White(UNG), rebound defensive Kaleb Wallace(CAT)",18 - 20,5253201,561523,561310,2024-03-18
1,08:16,Substitution UNG: in Hunter Shedenhelm,18 - 20,5253201,561523,561310,2024-03-18
1,08:16,Substitution UNG: out Sutton Smith,18 - 20,5253201,561523,561310,2024-03-18
1,08:26,"3pt jump shot (outside left) missed by O'Mazeon Tinsley(CAT), rebound defensive Frank Champion(UNG)",18 - 20,5253201,561523,561310,2024-03-18
1,08:37,"Substitution UNG: in Greg Billups, Jr.",18 - 20,5253201,561523,561310,2024-03-18
1,08:37,Substitution UNG: out Cayden Charles,18 - 20,5253201,561523,561310,2024-03-18
1,08:37,"2pt jump shot (off turnover) (inside center) missed by AJ White(UNG), rebound defensive (team) CAT",18 - 20,5253201,561523,561310,2024-03-18
1,08:46,Substitution CAT: in Dre Nelson,18 - 20,5253201,561523,561310,2024-03-18
1,08:46,Substitution CAT: out DeAngelo Epps,18 - 20,5253201,561523,561310,2024-03-18
1,08:46,"Foul offensive (in the paint) DeAngelo Epps(CAT), turnover offensive DeAngelo Epps(CAT), foul on Giancarlo Bastianoni(UNG)",18 - 20,5253201,561523,561310,2024-03-18
1,09:05,"2pt layup (fast break) (in the paint) made by Giancarlo Bastianoni(UNG), assist AJ White(UNG)",18 - 20,5253201,561523,561310,2024-03-18
1,09:10,Free throw 1 of 1 (fast break;off turnover) made by Javeon Jones(CAT),18 - 18,5253201,561523,561310,2024-03-18
1,09:10,Substitution CAT: in O'Mazeon Tinsley,17 - 18,5253201,561523,561310,2024-03-18
1,09:10,Substitution CAT: out Kris Robinson,17 - 18,5253201,561523,561310,2024-03-18
1,09:10,Substitution UNG: in Sutton Smith,17 - 18,5253201,561523,561310,2024-03-18
1,09:10,Substitution UNG: out Hunter Shedenhelm,17 - 18,5253201,561523,561310,2024-03-18
1,09:10,Foul personal (shooting;1 free throw) (under the basket) Frank Champion(UNG),17 - 18,5253201,561523,561310,2024-03-18
1,09:10,2pt layup (off turnover;fast break) (under the basket) made by Javeon Jones(CAT),17 - 18,5253201,561523,561310,2024-03-18
1,09:13,"Turnover lost ball (back court) Giancarlo Bastianoni(UNG), steal Javeon Jones(CAT)",15 - 18,5253201,561523,561310,2024-03-18
1,09:32,Substitution UNG: in Hunter Shedenhelm,15 - 18,5253201,561523,561310,2024-03-18
1,09:32,Substitution UNG: out Sutton Smith,15 - 18,5253201,561523,561310,2024-03-18
1,09:32,Substitution CAT: in DeAngelo Epps,15 - 18,5253201,561523,561310,2024-03-18
1,09:32,Substitution CAT: in Javeon Jones,15 - 18,5253201,561523,561310,2024-03-18
1,09:32,Substitution CAT: out Dre Nelson,15 - 18,5253201,561523,561310,2024-03-18
1,09:32,Substitution CAT: out Montraivis White,15 - 18,5253201,561523,561310,2024-03-18
1,09:32,Substitution UNG: in Frank Champion,15 - 18,5253201,561523,561310,2024-03-18
1,09:32,Substitution UNG: out Case Roach,15 - 18,5253201,561523,561310,2024-03-18
1,09:32,Turnover lost ball (outside center) Montraivis White(CAT),15 - 18,5253201,561523,561310,2024-03-18
1,09:43,"2pt layup (under the basket) made by Giancarlo Bastianoni(UNG), assist Sutton Smith(UNG)",15 - 18,5253201,561523,561310,2024-03-18
1,10:19,"3pt jump shot (outside left) made by Kris Robinson(CAT), assist Montraivis White(CAT)",15 - 16,5253201,561523,561310,2024-03-18
1,10:30,"2pt layup (in the paint) made by Giancarlo Bastianoni(UNG), assist AJ White(UNG)",12 - 16,5253201,561523,561310,2024-03-18
1,10:49,"3pt jump shot (outside right wing) missed by Montraivis White(CAT), rebound defensive Cayden Charles(UNG)",12 - 14,5253201,561523,561310,2024-03-18
1,11:12,Free throw 2 of 2 (off turnover) made by Cayden Charles(UNG),12 - 14,5253201,561523,561310,2024-03-18
1,11:12,Free throw 1 of 2 (off turnover) made by Cayden Charles(UNG),12 - 13,5253201,561523,561310,2024-03-18
1,11:12,Foul personal (shooting;2 free throws) (under the basket) Kaleb Wallace(CAT),12 - 12,5253201,561523,561310,2024-03-18
1,11:22,Substitution CAT: in Peyton Gerald,12 - 12,5253201,561523,561310,2024-03-18
1,11:22,Substitution CAT: out Justin Banks,12 - 12,5253201,561523,561310,2024-03-18
1,11:22,Timeout commercial,12 - 12,5253201,561523,561310,2024-03-18
1,11:22,Turnover bad pass (inside center) Kaleb Wallace(CAT),12 - 12,5253201,561523,561310,2024-03-18
1,11:34,2pt floating jump shot (inside left) made by AJ White(UNG),12 - 12,5253201,561523,561310,2024-03-18
1,11:50,"3pt jump shot (off turnover) (outside center) missed by Kaleb Wallace(CAT), rebound defensive Giancarlo Bastianoni(UNG)",12 - 10,5253201,561523,561310,2024-03-18
1,12:09,Substitution UNG: in Case Roach,12 - 10,5253201,561523,561310,2024-03-18
1,12:09,Substitution UNG: in AJ White,12 - 10,5253201,561523,561310,2024-03-18
1,12:09,Substitution UNG: out Hunter Shedenhelm,12 - 10,5253201,561523,561310,2024-03-18
1,12:09,Substitution UNG: out Frank Champion,12 - 10,5253201,561523,561310,2024-03-18
1,12:09,Turnover travel (under the basket) Cayden Charles(UNG),12 - 10,5253201,561523,561310,2024-03-18
1,12:20,"3pt jump shot (outside left) missed by Dre Nelson(CAT), rebound defensive Cayden Charles(UNG)",12 - 10,5253201,561523,561310,2024-03-18
1,12:26,"2pt layup (off turnover;blocked) (in the paint) missed by Sutton Smith(UNG), block Kaleb Wallace(CAT), rebound defensive Kaleb Wallace(CAT)",12 - 10,5253201,561523,561310,2024-03-18
1,12:31,"Turnover lost ball (in the paint) Montraivis White(CAT), steal Sutton Smith(UNG)",12 - 10,5253201,561523,561310,2024-03-18
1,12:51,Substitution CAT: in Kris Robinson,12 - 10,5253201,561523,561310,2024-03-18
1,12:51,Substitution CAT: out Shad Thomas,12 - 10,5253201,561523,561310,2024-03-18
1,12:51,Turnover bad pass (in the paint) Hunter Shedenhelm(UNG),12 - 10,5253201,561523,561310,2024-03-18
1,13:17,2pt jump shot (inside left) made by Montraivis White(CAT),12 - 10,5253201,561523,561310,2024-03-18
1,13:22,Substitution UNG: in Sutton Smith,10 - 10,5253201,561523,561310,2024-03-18
1,13:22,Substitution UNG: out AJ White,10 - 10,5253201,561523,561310,2024-03-18
1,13:37,"2pt dunk (under the basket) made by Cayden Charles(UNG), assist Frank Champion(UNG)",10 - 10,5253201,561523,561310,2024-03-18
1,13:48,"3pt jump shot (outside left) missed by Montraivis White(CAT), rebound defensive Hunter Shedenhelm(UNG)",10 - 8,5253201,561523,561310,2024-03-18
1,14:04,"2pt layup (in the paint) missed by Frank Champion(UNG), rebound defensive Dre Nelson(CAT)",10 - 8,5253201,561523,561310,2024-03-18
1,14:13,Substitution CAT: in Justin Banks,10 - 8,5253201,561523,561310,2024-03-18
1,14:13,Substitution CAT: out Javeon Jones,10 - 8,5253201,561523,561310,2024-03-18
1,14:13,Substitution UNG: in Cayden Charles,10 - 8,5253201,561523,561310,2024-03-18
1,14:13,"Substitution UNG: out Greg Billups, Jr.",10 - 8,5253201,561523,561310,2024-03-18
1,14:26,"3pt jump shot (outside right wing) made by Kaleb Wallace(CAT), assist Javeon Jones(CAT)",10 - 8,5253201,561523,561310,2024-03-18
1,14:48,"2pt layup (under the basket) made by Hunter Shedenhelm(UNG), assist Greg Billups, Jr.(UNG)",7 - 8,5253201,561523,561310,2024-03-18
1,14:58,"3pt jump shot (outside left wing) missed by Kaleb Wallace(CAT), rebound defensive Greg Billups, Jr.(UNG)",7 - 6,5253201,561523,561310,2024-03-18
1,15:14,Free throw 2 of 2 (2nd chance) made by Frank Champion(UNG),7 - 6,5253201,561523,561310,2024-03-18
1,15:14,Free throw 1 of 2 (2nd chance) made by Frank Champion(UNG),7 - 5,5253201,561523,561310,2024-03-18
1,15:14,Substitution CAT: in Dre Nelson,7 - 4,5253201,561523,561310,2024-03-18
1,15:14,Substitution CAT: out DeAngelo Epps,7 - 4,5253201,561523,561310,2024-03-18
1,15:14,Timeout commercial,7 - 4,5253201,561523,561310,2024-03-18
1,15:14,Foul personal (shooting;2 free throws) (under the basket) DeAngelo Epps(CAT),7 - 4,5253201,561523,561310,2024-03-18
1,15:17,"2pt layup (under the basket) missed by Frank Champion(UNG), rebound offensive Frank Champion(UNG)",7 - 4,5253201,561523,561310,2024-03-18
1,15:41,"3pt jump shot (outside center) missed by DeAngelo Epps(CAT), rebound defensive Hunter Shedenhelm(UNG)",7 - 4,5253201,561523,561310,2024-03-18
1,16:01,"Free throw 2 of 2 (fast break) missed by Hunter Shedenhelm(UNG), rebound defensive Javeon Jones(CAT)",7 - 4,5253201,561523,561310,2024-03-18
1,16:01,Substitution CAT: in Montraivis White,7 - 4,5253201,561523,561310,2024-03-18
1,16:01,Substitution CAT: in Kaleb Wallace,7 - 4,5253201,561523,561310,2024-03-18
1,16:01,Substitution CAT: out Kris Robinson,7 - 4,5253201,561523,561310,2024-03-18
1,16:01,Substitution CAT: out O'Mazeon Tinsley,7 - 4,5253201,561523,561310,2024-03-18
1,16:01,Free throw 1 of 2 (fast break) made by Hunter Shedenhelm(UNG),7 - 4,5253201,561523,561310,2024-03-18
1,16:01,Foul personal (shooting;2 free throws) (in the paint) Kris Robinson(CAT),7 - 3,5253201,561523,561310,2024-03-18
1,16:07,"3pt jump shot (outside right) missed by Kris Robinson(CAT), rebound defensive Giancarlo Bastianoni(UNG)",7 - 3,5253201,561523,561310,2024-03-18
1,16:11,Substitution UNG: in Giancarlo Bastianoni,7 - 3,5253201,561523,561310,2024-03-18
1,16:11,Substitution UNG: out Colin Turner,7 - 3,5253201,561523,561310,2024-03-18
1,16:11,"Foul personal (in the paint) Colin Turner(UNG), foul on DeAngelo Epps(CAT)",7 - 3,5253201,561523,561310,2024-03-18
1,16:26,Substitution UNG: in Hunter Shedenhelm,7 - 3,5253201,561523,561310,2024-03-18
1,16:26,Substitution UNG: out Cayden Charles,7 - 3,5253201,561523,561310,2024-03-18
1,16:26,Free throw 2 of 2 (2nd chance) made by Cayden Charles(UNG),7 - 3,5253201,561523,561310,2024-03-18
1,16:26,Substitution CAT: in Shad Thomas,7 - 2,5253201,561523,561310,2024-03-18
1,16:26,Substitution CAT: out Peyton Gerald,7 - 2,5253201,561523,561310,2024-03-18
1,16:26,"Free throw 1 of 2 (2nd chance) missed by Cayden Charles(UNG), rebound offensive dead ball UNG",7 - 2,5253201,561523,561310,2024-03-18
1,16:26,Foul personal (shooting;2 free throws) (in the paint) Peyton Gerald(CAT),7 - 2,5253201,561523,561310,2024-03-18
1,16:30,"2pt layup (in the paint) missed by Greg Billups, Jr.(UNG), rebound offensive Cayden Charles(UNG)",7 - 2,5253201,561523,561310,2024-03-18
1,16:37,2pt jump shot (inside right) made by DeAngelo Epps(CAT),7 - 2,5253201,561523,561310,2024-03-18
1,16:42,"Foul personal (inside right) Greg Billups, Jr.(UNG), foul on Peyton Gerald(CAT)",5 - 2,5253201,561523,561310,2024-03-18
1,17:00,"2pt layup (in the paint) made by Colin Turner(UNG), assist Frank Champion(UNG)",5 - 2,5253201,561523,561310,2024-03-18
1,17:11,"3pt jump shot (outside left) missed by DeAngelo Epps(CAT), rebound defensive Frank Champion(UNG)",5 - 0,5253201,561523,561310,2024-03-18
1,17:28,"2pt layup (under the basket) missed by Cayden Charles(UNG), rebound defensive Javeon Jones(CAT)",5 - 0,5253201,561523,561310,2024-03-18
1,17:57,Free throw 2 of 2 (off turnover) made by Peyton Gerald(CAT),5 - 0,5253201,561523,561310,2024-03-18
1,17:57,"Free throw 1 of 2 (off turnover) missed by Peyton Gerald(CAT), rebound offensive dead ball CAT",4 - 0,5253201,561523,561310,2024-03-18
1,17:57,"Foul personal (shooting;2 free throws) (inside right) Colin Turner(UNG), foul on Peyton Gerald(CAT)",4 - 0,5253201,561523,561310,2024-03-18
1,18:12,Turnover lost ball (inside left) Frank Champion(UNG),4 - 0,5253201,561523,561310,2024-03-18
1,18:22,2pt jump shot (off turnover;fast break) (inside right) made by DeAngelo Epps(CAT),4 - 0,5253201,561523,561310,2024-03-18
1,18:29,"Turnover lost ball (in the paint) Greg Billups, Jr.(UNG), steal DeAngelo Epps(CAT)",2 - 0,5253201,561523,561310,2024-03-18
1,18:34,"2pt jump shot (inside right) missed by AJ White(UNG), rebound offensive Greg Billups, Jr.(UNG)",2 - 0,5253201,561523,561310,2024-03-18
1,18:36,"Foul personal (in the paint) Javeon Jones(CAT), foul on Greg Billups, Jr.(UNG)",2 - 0,5253201,561523,561310,2024-03-18
1,18:52,2pt layup (off turnover) (in the paint) made by Peyton Gerald(CAT),2 - 0,5253201,561523,561310,2024-03-18
1,19:12,Turnover bad pass (inside left) AJ White(UNG),0 - 0,5253201,561523,561310,2024-03-18
1,19:13,"Foul personal (in the paint) O'Mazeon Tinsley(CAT), foul on AJ White(UNG)",0 - 0,5253201,561523,561310,2024-03-18
1,19:21,"2pt jump shot (off turnover) (inside center) missed by Kris Robinson(CAT), rebound defensive Colin Turner(UNG)",0 - 0,5253201,561523,561310,2024-03-18
1,19:38,"Turnover lost ball Colin Turner(UNG), steal O'Mazeon Tinsley(CAT), steal Peyton Gerald(CAT)",0 - 0,5253201,561523,561310,2024-03-18
1,19:38,Jump ball held ball CAT,0 - 0,5253201,561523,561310,2024-03-18
1,19:38,Turnover (under the basket) Colin Turner(UNG),0 - 0,5253201,561523,561310,2024-03-18
1,20:00,"Jump ball start period, won Colin Turner(UNG), lost Peyton Gerald(CAT)",0 - 0,5253201,561523,561310,2024-03-18
1,20:00,Period start,0 - 0,5253201,561523,561310,2024-03-18
1,20:00,Game start,0 - 0,5253201,561523,561310,2024-03-18
2,08:02,"3pt jump shot (outside center) missed by Zach Philipkoski(Daemen), rebound defensive (team) Saint Michael's",45 - 76,5253187,561837,561591,2024-03-18
2,08:02,Substitution Saint Michael's: in Alan Brzezinski,45 - 76,5253187,561837,561591,2024-03-18
2,08:02,Substitution Saint Michael's: out CJ Crews,45 - 76,5253187,561837,561591,2024-03-18
2,08:02,"Foul personal (inside center) Jhamyl Fricas(Saint Michael's), foul on Ryan Heath(Daemen)",45 - 76,5253187,561837,561591,2024-03-18
2,08:19,3pt jump shot (outside right) made by Jhamyl Fricas(Saint Michael's),45 - 76,5253187,561837,561591,2024-03-18
2,08:27,2pt jump shot (in the paint) made by Nick MacDonald(Daemen),45 - 73,5253187,561837,561591,2024-03-18
2,08:27,2pt (in the paint) missed by Daemen,43 - 73,5253187,561837,561591,2024-03-18
2,08:53,Substitution Daemen: in Dylan Fasoyiro,43 - 73,5253187,561837,561591,2024-03-18
2,08:53,Substitution Daemen: out Payton Shumpert,43 - 73,5253187,561837,561591,2024-03-18
2,08:53,Substitution Saint Michael's: in Nolan Marold,43 - 73,5253187,561837,561591,2024-03-18
2,08:53,Substitution Saint Michael's: in TJ Henaghen,43 - 73,5253187,561837,561591,2024-03-18
2,08:53,Substitution Saint Michael's: in Romar Reid,43 - 73,5253187,561837,561591,2024-03-18
2,08:53,Substitution Saint Michael's: out Jacob Duniver,43 - 73,5253187,561837,561591,2024-03-18
2,08:53,Substitution Saint Michael's: out Sebastian Andersson,43 - 73,5253187,561837,561591,2024-03-18
2,08:53,Substitution Saint Michael's: out Darrel Yepdo,43 - 73,5253187,561837,561591,2024-03-18
2,08:55,"3pt jump shot (outside left) missed by CJ Crews(Saint Michael's), rebound defensive dead ball Daemen",43 - 73,5253187,561837,561591,2024-03-18
2,09:15,"2pt jump shot (2nd chance) (inside right) missed by Ryan Heath(Daemen), rebound defensive Jacob Duniver(Saint Michael's)",43 - 73,5253187,561837,561591,2024-03-18
2,09:21,"2pt jump shot (under the basket) missed by Joey Atkins(Daemen), rebound offensive Ryan Heath(Daemen)",43 - 73,5253187,561837,561591,2024-03-18
2,09:37,"3pt jump shot (2nd chance) (outside center) made by CJ Crews(Saint Michael's), assist Jacob Duniver(Saint Michael's)",43 - 73,5253187,561837,561591,2024-03-18
2,09:37,3pt (2nd chance) (outside center) missed by Saint Michael's,43 - 70,5253187,561837,561591,2024-03-18
2,09:42,"3pt jump shot (outside left wing) missed by Jacob Duniver(Saint Michael's), rebound offensive Sebastian Andersson(Saint Michael's)",43 - 70,5253187,561837,561591,2024-03-18
2,10:04,"2pt jump shot (in the paint) missed by Joey Atkins(Daemen), rebound defensive Jacob Duniver(Saint Michael's)",43 - 70,5253187,561837,561591,2024-03-18
2,10:26,3pt jump shot (outside right) made by Jhamyl Fricas(Saint Michael's),43 - 70,5253187,561837,561591,2024-03-18
2,10:51,"3pt jump shot (off turnover) (outside center) made by Nick MacDonald(Daemen), assist Ryan Heath(Daemen)",43 - 67,5253187,561837,561591,2024-03-18
2,11:10,Substitution Daemen: in Joey Atkins,40 - 67,5253187,561837,561591,2024-03-18
2,11:10,Substitution Daemen: out Justin Hemphill,40 - 67,5253187,561837,561591,2024-03-18
2,11:10,Timeout commercial,40 - 67,5253187,561837,561591,2024-03-18
2,11:10,"Turnover lost ball CJ Crews(Saint Michael's), steal Payton Shumpert(Daemen)",40 - 67,5253187,561837,561591,2024-03-18
2,11:10,Jump ball held ball Daemen,40 - 67,5253187,561837,561591,2024-03-18
2,11:16,"2pt layup (2nd chance) (under the basket) missed by Justin Hemphill(Daemen), rebound defensive CJ Crews(Saint Michael's)",40 - 67,5253187,561837,561591,2024-03-18
2,11:21,"2pt layup (in the paint) missed by Justin Hemphill(Daemen), rebound offensive Nick MacDonald(Daemen)",40 - 67,5253187,561837,561591,2024-03-18
2,11:44,2pt driving layup (under the basket) made by CJ Crews(Saint Michael's),40 - 67,5253187,561837,561591,2024-03-18
2,12:03,"Free throw 2 of 2 missed by Justin Hemphill(Daemen), rebound defensive Sebastian Andersson(Saint Michael's)",40 - 65,5253187,561837,561591,2024-03-18
2,12:03,Free throw 1 of 2 made by Justin Hemphill(Daemen),40 - 65,5253187,561837,561591,2024-03-18
2,12:03,Foul personal (shooting;2 free throws) (in the paint) Jacob Duniver(Saint Michael's),39 - 65,5253187,561837,561591,2024-03-18
2,12:29,"3pt jump shot (outside left) missed by Jacob Duniver(Saint Michael's), rebound defensive (team) Daemen",39 - 65,5253187,561837,561591,2024-03-18
2,12:41,Free throw 2 of 2 (2nd chance) made by Zach Philipkoski(Daemen),39 - 65,5253187,561837,561591,2024-03-18
2,12:41,Substitution Daemen: in Ryan Heath,38 - 65,5253187,561837,561591,2024-03-18
2,12:41,Substitution Daemen: out Joey Atkins,38 - 65,5253187,561837,561591,2024-03-18
2,12:41,Free throw 1 of 2 (2nd chance) made by Zach Philipkoski(Daemen),38 - 65,5253187,561837,561591,2024-03-18
2,12:41,Foul personal (shooting;2 free throws) (in the paint) Jacob Duniver(Saint Michael's),37 - 65,5253187,561837,561591,2024-03-18
2,12:43,"2pt layup (2nd chance) (under the basket) missed by Justin Hemphill(Daemen), rebound offensive Zach Philipkoski(Daemen)",39 - 65,5253187,561837,561591,2024-03-18
2,12:44,"2pt layup (blocked) (under the basket) missed by Justin Hemphill(Daemen), block Sebastian Andersson(Saint Michael's), rebound offensive Justin Hemphill(Daemen)",39 - 65,5253187,561837,561591,2024-03-18
2,13:01,"3pt jump shot (off turnover) (outside right) made by CJ Crews(Saint Michael's), assist Jacob Duniver(Saint Michael's)",37 - 65,5253187,561837,561591,2024-03-18
2,13:24,Substitution Daemen: in Zach Philipkoski,37 - 62,5253187,561837,561591,2024-03-18
2,13:24,Substitution Daemen: in Payton Shumpert,37 - 62,5253187,561837,561591,2024-03-18
2,13:24,Substitution Daemen: in Nick MacDonald,37 - 62,5253187,561837,561591,2024-03-18
2,13:24,Substitution Daemen: out Andrew Mason,37 - 62,5253187,561837,561591,2024-03-18
2,13:24,Substitution Daemen: out Dylan Fasoyiro,37 - 62,5253187,561837,561591,2024-03-18
2,13:24,Substitution Daemen: out Justin Glover,37 - 62,5253187,561837,561591,2024-03-18
2,13:24,Substitution Saint Michael's: in Jhamyl Fricas,37 - 62,5253187,561837,561591,2024-03-18
2,13:24,Substitution Saint Michael's: out Romar Reid,37 - 62,5253187,561837,561591,2024-03-18
2,13:24,"Turnover lost ball (under the basket) Dylan Fasoyiro(Daemen), steal CJ Crews(Saint Michael's)",37 - 62,5253187,561837,561591,2024-03-18
2,13:35,"3pt jump shot (outside right) missed by Romar Reid(Saint Michael's), rebound defensive Dylan Fasoyiro(Daemen)",37 - 62,5253187,561837,561591,2024-03-18
2,13:39,"2pt jump shot (inside left) missed by Justin Glover(Daemen), rebound defensive Darrel Yepdo(Saint Michael's)",37 - 62,5253187,561837,561591,2024-03-18
2,13:58,2pt jump shot (inside center) made by Darrel Yepdo(Saint Michael's),37 - 62,5253187,561837,561591,2024-03-18
2,14:26,Free throw 2 of 2 made by Justin Hemphill(Daemen),37 - 60,5253187,561837,561591,2024-03-18
2,14:26,"Free throw 1 of 2 missed by Justin Hemphill(Daemen), rebound offensive dead ball Daemen",36 - 60,5253187,561837,561591,2024-03-18
2,14:26,Foul personal (shooting;2 free throws) (under the basket) Sebastian Andersson(Saint Michael's),36 - 60,5253187,561837,561591,2024-03-18
2,14:47,Free throw 3 of 3 made by Romar Reid(Saint Michael's),36 - 60,5253187,561837,561591,2024-03-18
2,14:47,Free throw 2 of 3 made by Romar Reid(Saint Michael's),36 - 59,5253187,561837,561591,2024-03-18
2,14:47,"Free throw 1 of 3 missed by Romar Reid(Saint Michael's), rebound offensive dead ball Saint Michael's",36 - 58,5253187,561837,561591,2024-03-18
2,14:47,Substitution Daemen: in Justin Hemphill,36 - 58,5253187,561837,561591,2024-03-18
2,14:47,Substitution Daemen: out Nick MacDonald,36 - 58,5253187,561837,561591,2024-03-18
2,14:47,Substitution Saint Michael's: in Sebastian Andersson,36 - 58,5253187,561837,561591,2024-03-18
2,14:47,Substitution Saint Michael's: in CJ Crews,36 - 58,5253187,561837,561591,2024-03-18
2,14:47,Substitution Saint Michael's: out Nolan Marold,36 - 58,5253187,561837,561591,2024-03-18
2,14:47,Substitution Saint Michael's: out Alan Brzezinski,36 - 58,5253187,561837,561591,2024-03-18
2,14:47,Timeout commercial,36 - 58,5253187,561837,561591,2024-03-18
2,14:47,Foul personal (shooting;3 free throws) (outside right) Justin Glover(Daemen),36 - 58,5253187,561837,561591,2024-03-18
2,14:56,"3pt jump shot (outside right) missed by Andrew Mason(Daemen), rebound defensive Nolan Marold(Saint Michael's)",36 - 58,5253187,561837,561591,2024-03-18
2,15:19,2pt layup (2nd chance) (under the basket) made by Alan Brzezinski(Saint Michael's),36 - 58,5253187,561837,561591,2024-03-18
2,15:25,"3pt jump shot (outside right wing) missed by Jacob Duniver(Saint Michael's), rebound offensive Alan Brzezinski(Saint Michael's)",36 - 56,5253187,561837,561591,2024-03-18
2,15:57,2pt hook shot (in the paint) made by Joey Atkins(Daemen),36 - 56,5253187,561837,561591,2024-03-18
2,16:14,"3pt jump shot (outside left) missed by Darrel Yepdo(Saint Michael's), rebound defensive Joey Atkins(Daemen)",34 - 56,5253187,561837,561591,2024-03-18
2,16:27,"3pt jump shot (outside right) missed by Dylan Fasoyiro(Daemen), rebound defensive Nolan Marold(Saint Michael's)",34 - 56,5253187,561837,561591,2024-03-18
2,16:34,"2pt layup (under the basket) missed by Nolan Marold(Saint Michael's), rebound defensive Joey Atkins(Daemen)",34 - 56,5253187,561837,561591,2024-03-18
2,16:44,"Free throw 2 of 2 (2nd chance) missed by Joey Atkins(Daemen), rebound defensive Darrel Yepdo(Saint Michael's)",34 - 56,5253187,561837,561591,2024-03-18
2,16:44,"Free throw 1 of 2 (2nd chance) missed by Joey Atkins(Daemen), rebound offensive dead ball Daemen",34 - 56,5253187,561837,561591,2024-03-18
2,16:44,Foul personal (shooting;2 free throws) (in the paint) Nolan Marold(Saint Michael's),34 - 56,5253187,561837,561591,2024-03-18
2,16:56,"3pt jump shot (outside left) missed by Justin Glover(Daemen), rebound offensive Joey Atkins(Daemen)",34 - 56,5253187,561837,561591,2024-03-18
2,17:13,Timeout commercial,34 - 56,5253187,561837,561591,2024-03-18
2,17:13,Timeout short Daemen,34 - 56,5253187,561837,561591,2024-03-18
2,17:17,"3pt jump shot (off turnover) (outside right) made by Alan Brzezinski(Saint Michael's), assist Romar Reid(Saint Michael's)",34 - 56,5253187,561837,561591,2024-03-18
2,17:25,"Turnover lost ball (inside center) Dylan Fasoyiro(Daemen), steal Alan Brzezinski(Saint Michael's)",34 - 53,5253187,561837,561591,2024-03-18
2,17:47,"3pt jump shot (outside center) made by Romar Reid(Saint Michael's), assist Nolan Marold(Saint Michael's)",34 - 53,5253187,561837,561591,2024-03-18
2,18:03,"3pt jump shot (outside right) made by Andrew Mason(Daemen), assist Justin Glover(Daemen)",34 - 50,5253187,561837,561591,2024-03-18
2,18:09,"2pt driving layup (under the basket) missed by Romar Reid(Saint Michael's), rebound defensive Justin Glover(Daemen)",31 - 50,5253187,561837,561591,2024-03-18
2,18:17,"3pt jump shot (outside left) missed by Andrew Mason(Daemen), rebound defensive Nolan Marold(Saint Michael's)",31 - 50,5253187,561837,561591,2024-03-18
2,18:30,"2pt driving layup (off turnover) (in the paint) missed by Darrel Yepdo(Saint Michael's), rebound defensive Andrew Mason(Daemen)",31 - 50,5253187,561837,561591,2024-03-18
2,18:37,"Foul personal (inside right) Joey Atkins(Daemen), foul on Nolan Marold(Saint Michael's)",31 - 50,5253187,561837,561591,2024-03-18
2,18:48,Jump ball held ball Saint Michael's,31 - 50,5253187,561837,561591,2024-03-18
2,18:59,Turnover travel (outside center) Justin Glover(Daemen),31 - 50,5253187,561837,561591,2024-03-18
2,19:15,"3pt jump shot (outside right) made by Alan Brzezinski(Saint Michael's), assist Jacob Duniver(Saint Michael's)",31 - 50,5253187,561837,561591,2024-03-18
2,19:37,"2pt jump shot (inside right) missed by Dylan Fasoyiro(Daemen), rebound defensive (team) Saint Michael's",31 - 47,5253187,561837,561591,2024-03-18
2,20:00,Period start,31 - 47,5253187,561837,561591,2024-03-18
2,20:00,Substitution Daemen: in Andrew Mason,31 - 47,5253187,561837,561591,2024-03-18
2,20:00,Substitution Daemen: out Justin Hemphill,31 - 47,5253187,561837,561591,2024-03-18
2,20:00,Substitution Saint Michael's: in Nolan Marold,31 - 47,5253187,561837,561591,2024-03-18
2,20:00,Substitution Saint Michael's: out Sebastian Andersson,31 - 47,5253187,561837,561591,2024-03-18
1,00:00.00,Period end (confirmed),31 - 47,5253187,561837,561591,2024-03-18
1,00:08.40,2pt floating jump shot (inside left) made by Alan Brzezinski(Saint Michael's),31 - 47,5253187,561837,561591,2024-03-18
1,00:27.20,Substitution Daemen: out Andrew Mason,31 - 45,5253187,561837,561591,2024-03-18
1,00:27.20,Timeout short Saint Michael's,31 - 45,5253187,561837,561591,2024-03-18
1,00:27.20,Substitution Daemen: in Joey Atkins,31 - 45,5253187,561837,561591,2024-03-18
1,00:27.20,Substitution Daemen: out Justin Hemphill,31 - 45,5253187,561837,561591,2024-03-18
1,00:27.20,"Foul personal (back court) Dylan Fasoyiro(Daemen), foul on Jacob Duniver(Saint Michael's)",31 - 45,5253187,561837,561591,2024-03-18
1,00:29.80,"3pt jump shot (outside right) missed by Andrew Mason(Daemen), rebound defensive Jacob Duniver(Saint Michael's)",31 - 45,5253187,561837,561591,2024-03-18
1,00:46.10,Free throw 1 of 1 made by Darrel Yepdo(Saint Michael's),31 - 45,5253187,561837,561591,2024-03-18
1,00:46.10,Foul personal (shooting;1 free throw) (in the paint) Andrew Mason(Daemen),31 - 44,5253187,561837,561591,2024-03-18
1,00:46.10,2pt driving layup (in the paint) made by Darrel Yepdo(Saint Michael's),31 - 44,5253187,561837,561591,2024-03-18
1,00:59.10,Free throw 2 of 2 (fast break;off turnover) made by Dylan Fasoyiro(Daemen),31 - 42,5253187,561837,561591,2024-03-18
1,00:59.10,Substitution Saint Michael's: in Sebastian Andersson,30 - 42,5253187,561837,561591,2024-03-18
1,00:59.10,Substitution Saint Michael's: out Nolan Marold,30 - 42,5253187,561837,561591,2024-03-18
1,00:59.10,Free throw 1 of 2 (fast break;off turnover) made by Dylan Fasoyiro(Daemen),30 - 42,5253187,561837,561591,2024-03-18
1,00:59.10,Foul personal (shooting;2 free throws) (in the paint) Darrel Yepdo(Saint Michael's),29 - 42,5253187,561837,561591,2024-03-18
1,01:02,"Turnover bad pass (outside center) Alan Brzezinski(Saint Michael's), steal Dylan Fasoyiro(Daemen)",29 - 42,5253187,561837,561591,2024-03-18
1,01:12,2pt layup (in the paint) made by Justin Hemphill(Daemen),29 - 42,5253187,561837,561591,2024-03-18
1,01:38,2pt layup (2nd chance) (under the basket) made by Nolan Marold(Saint Michael's),27 - 42,5253187,561837,561591,2024-03-18
1,01:42,"2pt driving layup (in the paint) missed by Romar Reid(Saint Michael's), rebound offensive Nolan Marold(Saint Michael's)",27 - 40,5253187,561837,561591,2024-03-18
1,02:02,2pt driving layup (under the basket) made by Justin Hemphill(Daemen),27 - 40,5253187,561837,561591,2024-03-18
1,02:16,"2pt layup (under the basket) made by Nolan Marold(Saint Michael's), assist Romar Reid(Saint Michael's)",25 - 40,5253187,561837,561591,2024-03-18
1,02:28,"2pt floating jump shot (in the paint) missed by Justin Glover(Daemen), rebound defensive Alan Brzezinski(Saint Michael's)",25 - 38,5253187,561837,561591,2024-03-18
1,02:36,"3pt jump shot (outside right) missed by Romar Reid(Saint Michael's), rebound defensive Andrew Mason(Daemen)",25 - 38,5253187,561837,561591,2024-03-18
1,02:54,Free throw 2 of 2 made by Dylan Fasoyiro(Daemen),25 - 38,5253187,561837,561591,2024-03-18
1,02:54,Free throw 1 of 2 made by Dylan Fasoyiro(Daemen),24 - 38,5253187,561837,561591,2024-03-18
1,02:54,Timeout commercial,23 - 38,5253187,561837,561591,2024-03-18
1,02:54,Foul personal (shooting;2 free throws) (under the basket) Nolan Marold(Saint Michael's),23 - 38,5253187,561837,561591,2024-03-18
1,03:00,"3pt jump shot (outside left wing) missed by Darrel Yepdo(Saint Michael's), rebound defensive Dylan Fasoyiro(Daemen)",23 - 38,5253187,561837,561591,2024-03-18
1,03:24,"3pt jump shot (outside right) missed by Nick MacDonald(Daemen), rebound defensive Nolan Marold(Saint Michael's)",23 - 38,5253187,561837,561591,2024-03-18
1,03:35,"3pt jump shot (outside left) missed by Alan Brzezinski(Saint Michael's), rebound defensive Andrew Mason(Daemen)",23 - 38,5253187,561837,561591,2024-03-18
1,03:51,"2pt jump shot (inside right) made by Justin Hemphill(Daemen), assist Dylan Fasoyiro(Daemen)",23 - 38,5253187,561837,561591,2024-03-18
1,04:15,2pt floating jump shot (in the paint) made by Alan Brzezinski(Saint Michael's),21 - 38,5253187,561837,561591,2024-03-18
1,04:37,Free throw 1 of 1 made by Andrew Mason(Daemen),21 - 36,5253187,561837,561591,2024-03-18
1,04:37,Substitution Daemen: in Justin Hemphill,20 - 36,5253187,561837,561591,2024-03-18
1,04:37,Substitution Daemen: out Joey Atkins,20 - 36,5253187,561837,561591,2024-03-18
1,04:37,Substitution Saint Michael's: in Romar Reid,20 - 36,5253187,561837,561591,2024-03-18
1,04:37,Substitution Saint Michael's: in Alan Brzezinski,20 - 36,5253187,561837,561591,2024-03-18
1,04:37,Substitution Saint Michael's: out CJ Crews,20 - 36,5253187,561837,561591,2024-03-18
1,04:37,Substitution Saint Michael's: out Jhamyl Fricas,20 - 36,5253187,561837,561591,2024-03-18
1,04:37,Foul personal (shooting;1 free throw) (outside center) CJ Crews(Saint Michael's),20 - 36,5253187,561837,561591,2024-03-18
1,04:37,"3pt jump shot (outside center) made by Andrew Mason(Daemen), assist Joey Atkins(Daemen)",20 - 36,5253187,561837,561591,2024-03-18
1,04:48,3pt jump shot (outside left wing) made by Jacob Duniver(Saint Michael's),21 - 38,5253187,561837,561591,2024-03-18
1,05:11,2pt floating jump shot (off turnover) (in the paint) made by Justin Glover(Daemen),17 - 33,5253187,561837,561591,2024-03-18
1,05:31,Turnover out of bounds (in the paint) Nolan Marold(Saint Michael's),15 - 33,5253187,561837,561591,2024-03-18
1,05:40,"2pt floating jump shot (2nd chance) (inside right) missed by Darrel Yepdo(Saint Michael's), rebound offensive (team) Saint Michael's",15 - 33,5253187,561837,561591,2024-03-18
1,05:51,Substitution Daemen: in Andrew Mason,15 - 33,5253187,561837,561591,2024-03-18
1,05:51,Substitution Daemen: in Nick MacDonald,15 - 33,5253187,561837,561591,2024-03-18
1,05:51,Substitution Daemen: in Dylan Fasoyiro,15 - 33,5253187,561837,561591,2024-03-18
1,05:51,Substitution Daemen: in Justin Glover,15 - 33,5253187,561837,561591,2024-03-18
1,05:51,Substitution Daemen: out Justin Hemphill,15 - 33,5253187,561837,561591,2024-03-18
1,05:51,Substitution Daemen: out Zach Philipkoski,15 - 33,5253187,561837,561591,2024-03-18
1,05:51,Substitution Daemen: out Payton Shumpert,15 - 33,5253187,561837,561591,2024-03-18
1,05:51,Substitution Daemen: out Ryan Heath,15 - 33,5253187,561837,561591,2024-03-18
1,05:54,"3pt jump shot (outside center) missed by CJ Crews(Saint Michael's), rebound offensive (team) Saint Michael's",15 - 33,5253187,561837,561591,2024-03-18
1,06:23,"2pt layup (under the basket) made by Payton Shumpert(Daemen), assist Justin Hemphill(Daemen)",15 - 33,5253187,561837,561591,2024-03-18
1,06:51,2pt layup (under the basket) made by Nolan Marold(Saint Michael's),13 - 33,5253187,561837,561591,2024-03-18
1,07:06,"2pt floating jump shot (in the paint) missed by Justin Hemphill(Daemen), rebound defensive Nolan Marold(Saint Michael's)",13 - 31,5253187,561837,561591,2024-03-18
1,07:15,"3pt jump shot (off turnover) (outside center) missed by CJ Crews(Saint Michael's), rebound defensive Justin Hemphill(Daemen)",13 - 31,5253187,561837,561591,2024-03-18
1,07:37,Substitution Saint Michael's: in Jacob Duniver,13 - 31,5253187,561837,561591,2024-03-18
1,07:37,Substitution Saint Michael's: in Nolan Marold,13 - 31,5253187,561837,561591,2024-03-18
1,07:37,Substitution Saint Michael's: out Sebastian Andersson,13 - 31,5253187,561837,561591,2024-03-18
1,07:37,Substitution Saint Michael's: out Alan Brzezinski,13 - 31,5253187,561837,561591,2024-03-18
1,07:37,Timeout commercial,13 - 31,5253187,561837,561591,2024-03-18
1,07:37,Turnover out of bounds (inside center) Justin Hemphill(Daemen),13 - 31,5253187,561837,561591,2024-03-18
1,07:47,"3pt jump shot (outside left) made by CJ Crews(Saint Michael's), assist Jhamyl Fricas(Saint Michael's)",13 - 31,5253187,561837,561591,2024-03-18
1,08:23,"2pt layup (off turnover;fast break) (under the basket) made by Ryan Heath(Daemen), assist Justin Hemphill(Daemen)",13 - 28,5253187,561837,561591,2024-03-18
1,08:26,"Turnover bad pass (inside right) CJ Crews(Saint Michael's), steal Payton Shumpert(Daemen)",11 - 28,5253187,561837,561591,2024-03-18
1,08:41,"Free throw 2 of 2 (fast break;off turnover) missed by Joey Atkins(Daemen), rebound defensive Sebastian Andersson(Saint Michael's)",11 - 28,5253187,561837,561591,2024-03-18
1,08:41,Free throw 1 of 2 (fast break;off turnover) made by Joey Atkins(Daemen),11 - 28,5253187,561837,561591,2024-03-18
1,08:41,Foul personal (shooting;2 free throws) (under the basket) Jhamyl Fricas(Saint Michael's),10 - 28,5253187,561837,561591,2024-03-18
1,08:46,"Turnover lost ball (outside right) CJ Crews(Saint Michael's), steal Joey Atkins(Daemen)",10 - 28,5253187,561837,561591,2024-03-18
1,08:55,"2pt floating jump shot (off turnover;blocked) (in the paint) missed by Joey Atkins(Daemen), block Sebastian Andersson(Saint Michael's), rebound defensive Sebastian Andersson(Saint Michael's)",10 - 28,5253187,561837,561591,2024-03-18
1,09:17,Turnover out of bounds (back court) Darrel Yepdo(Saint Michael's),10 - 28,5253187,561837,561591,2024-03-18
1,09:17,Turnover (outside left) Daemen,10 - 28,5253187,561837,561591,2024-03-18
1,09:24,Free throw 2 of 2 (2nd chance) made by Zach Philipkoski(Daemen),10 - 28,5253187,561837,561591,2024-03-18
1,09:24,"Free throw 1 of 2 (2nd chance) missed by Zach Philipkoski(Daemen), rebound offensive dead ball Daemen",9 - 28,5253187,561837,561591,2024-03-18
1,09:24,Foul personal (shooting;2 free throws) (in the paint) CJ Crews(Saint Michael's),9 - 28,5253187,561837,561591,2024-03-18
1,09:29,"3pt jump shot (outside left) missed by Zach Philipkoski(Daemen), rebound offensive Zach Philipkoski(Daemen)",9 - 28,5253187,561837,561591,2024-03-18
1,09:41,Substitution Saint Michael's: in Alan Brzezinski,9 - 28,5253187,561837,561591,2024-03-18
1,09:41,Substitution Saint Michael's: in Darrel Yepdo,9 - 28,5253187,561837,561591,2024-03-18
1,09:41,Substitution Saint Michael's: out Jacob Duniver,9 - 28,5253187,561837,561591,2024-03-18
1,09:41,Substitution Saint Michael's: out Romar Reid,9 - 28,5253187,561837,561591,2024-03-18
1,09:41,Timeout short Daemen,9 - 28,5253187,561837,561591,2024-03-18
1,09:42,3pt jump shot (outside center) made by CJ Crews(Saint Michael's),9 - 28,5253187,561837,561591,2024-03-18
1,09:51,"2pt layup (2nd chance) (in the paint) missed by Justin Hemphill(Daemen), rebound defensive Sebastian Andersson(Saint Michael's)",9 - 25,5253187,561837,561591,2024-03-18
1,09:57,"2pt layup (blocked) (under the basket) missed by Justin Hemphill(Daemen), block Sebastian Andersson(Saint Michael's), rebound offensive Justin Hemphill(Daemen)",9 - 25,5253187,561837,561591,2024-03-18
1,10:19,2pt driving layup (in the paint) made by CJ Crews(Saint Michael's),9 - 25,5253187,561837,561591,2024-03-18
1,10:29,"Free throw 2 of 2 missed by Justin Hemphill(Daemen), rebound defensive Sebastian Andersson(Saint Michael's)",9 - 23,5253187,561837,561591,2024-03-18
1,10:29,"Free throw 1 of 2 missed by Justin Hemphill(Daemen), rebound offensive dead ball Daemen",9 - 23,5253187,561837,561591,2024-03-18
1,10:29,Substitution Daemen: in Joey Atkins,9 - 23,5253187,561837,561591,2024-03-18
1,10:29,Substitution Daemen: in Payton Shumpert,9 - 23,5253187,561837,561591,2024-03-18
1,10:29,Substitution Daemen: in Ryan Heath,9 - 23,5253187,561837,561591,2024-03-18
1,10:29,Substitution Daemen: out Andrew Mason,9 - 23,5253187,561837,561591,2024-03-18
1,10:29,Substitution Daemen: out Dylan Fasoyiro,9 - 23,5253187,561837,561591,2024-03-18
1,10:29,Substitution Daemen: out Justin Glover,9 - 23,5253187,561837,561591,2024-03-18
1,10:29,Timeout commercial,9 - 23,5253187,561837,561591,2024-03-18
1,10:29,Foul personal (shooting;2 free throws) (in the paint) Sebastian Andersson(Saint Michael's),9 - 23,5253187,561837,561591,2024-03-18
1,11:02,"3pt jump shot (outside right) made by Jhamyl Fricas(Saint Michael's), assist CJ Crews(Saint Michael's)",9 - 23,5253187,561837,561591,2024-03-18
1,11:07,"2pt layup (2nd chance) (under the basket) made by Dylan Fasoyiro(Daemen), assist Zach Philipkoski(Daemen)",9 - 20,5253187,561837,561591,2024-03-18
1,11:17,"3pt jump shot (outside center) missed by Dylan Fasoyiro(Daemen), rebound offensive Zach Philipkoski(Daemen)",7 - 20,5253187,561837,561591,2024-03-18
1,11:35,3pt jump shot (fast break) (outside left) made by Romar Reid(Saint Michael's),7 - 20,5253187,561837,561591,2024-03-18
1,11:43,"3pt jump shot (outside center) missed by Justin Glover(Daemen), rebound defensive Romar Reid(Saint Michael's)",7 - 17,5253187,561837,561591,2024-03-18
1,11:50,"3pt jump shot (off turnover) (outside left) missed by CJ Crews(Saint Michael's), rebound defensive Andrew Mason(Daemen)",7 - 17,5253187,561837,561591,2024-03-18
1,12:00,"Turnover bad pass (in the paint) Andrew Mason(Daemen), steal CJ Crews(Saint Michael's), steal Romar Reid(Saint Michael's)",7 - 17,5253187,561837,561591,2024-03-18
1,12:22,"3pt jump shot (outside center) missed by CJ Crews(Saint Michael's), rebound defensive Zach Philipkoski(Daemen)",7 - 17,5253187,561837,561591,2024-03-18
1,12:34,Substitution Daemen: in Justin Hemphill,7 - 17,5253187,561837,561591,2024-03-18
1,12:34,Substitution Daemen: in Zach Philipkoski,7 - 17,5253187,561837,561591,2024-03-18
1,12:34,Substitution Daemen: out Joey Atkins,7 - 17,5253187,561837,561591,2024-03-18
1,12:34,Substitution Daemen: out Nick MacDonald,7 - 17,5253187,561837,561591,2024-03-18
1,12:34,Substitution Saint Michael's: in Sebastian Andersson,7 - 17,5253187,561837,561591,2024-03-18
1,12:34,Substitution Saint Michael's: in CJ Crews,7 - 17,5253187,561837,561591,2024-03-18
1,12:34,Substitution Saint Michael's: in Jhamyl Fricas,7 - 17,5253187,561837,561591,2024-03-18
1,12:34,Substitution Saint Michael's: out Nolan Marold,7 - 17,5253187,561837,561591,2024-03-18
1,12:34,Substitution Saint Michael's: out Alan Brzezinski,7 - 17,5253187,561837,561591,2024-03-18
1,12:34,Substitution Saint Michael's: out Darrel Yepdo,7 - 17,5253187,561837,561591,2024-03-18
1,12:34,Timeout commercial,7 - 17,5253187,561837,561591,2024-03-18
1,12:37,"2pt layup (under the basket) missed by Nick MacDonald(Daemen), rebound defensive (team) Saint Michael's",7 - 17,5253187,561837,561591,2024-03-18
1,12:44,"3pt jump shot (outside left) missed by Alan Brzezinski(Saint Michael's), rebound defensive Nick MacDonald(Daemen)",7 - 17,5253187,561837,561591,2024-03-18
1,12:53,"3pt jump shot (outside left wing) missed by Dylan Fasoyiro(Daemen), rebound defensive Romar Reid(Saint Michael's)",7 - 17,5253187,561837,561591,2024-03-18
1,13:21,"3pt jump shot (outside right) made by Romar Reid(Saint Michael's), assist Darrel Yepdo(Saint Michael's)",7 - 17,5253187,561837,561591,2024-03-18
1,13:31,"2pt jump shot (inside left) missed by Justin Glover(Daemen), rebound defensive Nolan Marold(Saint Michael's)",7 - 14,5253187,561837,561591,2024-03-18
1,13:56,"3pt jump shot (outside right) missed by Romar Reid(Saint Michael's), rebound defensive Nick MacDonald(Daemen)",7 - 14,5253187,561837,561591,2024-03-18
1,14:04,"2pt jump shot (off turnover) (inside left) missed by Joey Atkins(Daemen), rebound defensive Jacob Duniver(Saint Michael's)",7 - 14,5253187,561837,561591,2024-03-18
1,14:24,"Turnover bad pass (back court) Darrel Yepdo(Saint Michael's), steal Andrew Mason(Daemen)",7 - 14,5253187,561837,561591,2024-03-18
1,14:30,"Turnover lost ball (inside left) Dylan Fasoyiro(Daemen), steal Romar Reid(Saint Michael's)",7 - 14,5253187,561837,561591,2024-03-18
1,14:39,"3pt jump shot (outside left) missed by Darrel Yepdo(Saint Michael's), rebound defensive Dylan Fasoyiro(Daemen)",7 - 14,5253187,561837,561591,2024-03-18
1,15:12,2pt floating jump shot (inside left) made by Justin Glover(Daemen),7 - 14,5253187,561837,561591,2024-03-18
1,15:22,"3pt jump shot (outside right) missed by Jacob Duniver(Saint Michael's), rebound defensive Joey Atkins(Daemen)",5 - 14,5253187,561837,561591,2024-03-18
1,15:32,"2pt jump shot (inside left) missed by Joey Atkins(Daemen), rebound defensive Jacob Duniver(Saint Michael's)",5 - 14,5253187,561837,561591,2024-03-18
1,15:43,"3pt jump shot (outside left) made by Alan Brzezinski(Saint Michael's), assist Romar Reid(Saint Michael's)",5 - 14,5253187,561837,561591,2024-03-18
1,16:03,"3pt jump shot (outside left wing) made by Andrew Mason(Daemen), assist Nick MacDonald(Daemen)",5 - 11,5253187,561837,561591,2024-03-18
1,16:26,"3pt jump shot (outside right) made by Jacob Duniver(Saint Michael's), assist Romar Reid(Saint Michael's)",2 - 11,5253187,561837,561591,2024-03-18
1,16:41,"3pt jump shot (outside center) missed by Dylan Fasoyiro(Daemen), rebound defensive Alan Brzezinski(Saint Michael's)",2 - 8,5253187,561837,561591,2024-03-18
1,16:41,3pt (outside center) made by Daemen,5 - 8,5253187,561837,561591,2024-03-18
1,16:48,2pt driving layup (off turnover) (in the paint) made by Darrel Yepdo(Saint Michael's),2 - 8,5253187,561837,561591,2024-03-18
1,17:05,Turnover out of bounds (in the paint) Andrew Mason(Daemen),2 - 6,5253187,561837,561591,2024-03-18
1,17:14,"3pt jump shot (off turnover) (outside center) missed by Darrel Yepdo(Saint Michael's), rebound defensive Joey Atkins(Daemen)",2 - 6,5253187,561837,561591,2024-03-18
1,17:19,"Turnover bad pass (inside right) Nick MacDonald(Daemen), steal Nolan Marold(Saint Michael's)",2 - 6,5253187,561837,561591,2024-03-18
1,17:33,Free throw 2 of 2 (off turnover) made by Nolan Marold(Saint Michael's),2 - 6,5253187,561837,561591,2024-03-18
1,17:33,Free throw 1 of 2 (off turnover) made by Nolan Marold(Saint Michael's),2 - 5,5253187,561837,561591,2024-03-18
1,17:33,Foul personal (shooting;2 free throws) (in the paint) Andrew Mason(Daemen),2 - 4,5253187,561837,561591,2024-03-18
1,17:47,Turnover out of bounds (back court) Nick MacDonald(Daemen),2 - 4,5253187,561837,561591,2024-03-18
1,17:52,"Turnover lost ball (in the paint) Darrel Yepdo(Saint Michael's), steal Joey Atkins(Daemen)",2 - 4,5253187,561837,561591,2024-03-18
1,18:03,"2pt jump shot (inside center) made by Dylan Fasoyiro(Daemen), assist Justin Glover(Daemen)",2 - 4,5253187,561837,561591,2024-03-18
1,18:18,2pt driving layup (off turnover) (under the basket) made by Nolan Marold(Saint Michael's),0 - 4,5253187,561837,561591,2024-03-18
1,18:39,"Turnover lost ball Dylan Fasoyiro(Daemen), steal Darrel Yepdo(Saint Michael's)",0 - 2,5253187,561837,561591,2024-03-18
1,18:39,Jump ball held ball Saint Michael's,0 - 2,5253187,561837,561591,2024-03-18
1,19:03,2pt layup (2nd chance) (under the basket) made by Nolan Marold(Saint Michael's),0 - 2,5253187,561837,561591,2024-03-18
1,19:10,"2pt floating jump shot (inside right wing) missed by Romar Reid(Saint Michael's), rebound offensive Nolan Marold(Saint Michael's)",0 - 0,5253187,561837,561591,2024-03-18
1,19:38,"3pt jump shot (outside right) missed by Justin Glover(Daemen), rebound defensive (team) Saint Michael's",0 - 0,5253187,561837,561591,2024-03-18
1,20:00,"Jump ball start period, won Joey Atkins(Daemen), lost Nolan Marold(Saint Michael's)",0 - 0,5253187,561837,561591,2024-03-18
1,20:00,Period start,0 - 0,5253187,561837,561591,2024-03-18
1,20:00,Game start,0 - 0,5253187,561837,561591,2024-03-18
1,04:46,2pt layup (fast break) (in the paint) made by Kyreese Willingham(MSU),22 - 30,5253170,561766,561386,2024-03-18
1,04:53,"3pt jump shot (outside left) missed by Jacob Beeninga(MSUM), rebound defensive Kyreese Willingham(MSU)",22 - 28,5253170,561766,561386,2024-03-18
1,05:18,2pt layup (in the paint) made by Malik Willingham(MSU),22 - 28,5253170,561766,561386,2024-03-18
1,05:28,"2pt jump shot (in the paint) missed by JaMir Price(MSUM), rebound defensive Brady Williams(MSU)",22 - 26,5253170,561766,561386,2024-03-18
1,05:44,Jump ball held ball MSUM,22 - 26,5253170,561766,561386,2024-03-18
1,05:59,2pt jump shot (inside right) made by Malik Willingham(MSU),22 - 26,5253170,561766,561386,2024-03-18
1,06:10,"2pt jump shot (2nd chance) (inside right) missed by Ja'Kair Sanchez(MSUM), rebound defensive Kyreese Willingham(MSU)",22 - 24,5253170,561766,561386,2024-03-18
1,06:13,"3pt jump shot (2nd chance;blocked) (outside right) missed by Jacob Beeninga(MSUM), block Malik Willingham(MSU), rebound offensive JaMir Price(MSUM)",22 - 24,5253170,561766,561386,2024-03-18
1,06:15,"2pt layup (2nd chance;blocked) (in the paint) missed by JaMir Price(MSUM), block Malik Willingham(MSU), rebound offensive (team) MSUM",22 - 24,5253170,561766,561386,2024-03-18
1,06:28,Substitution MSU: in Brady Williams,22 - 24,5253170,561766,561386,2024-03-18
1,06:28,Substitution MSU: out Dylan Peeters,22 - 24,5253170,561766,561386,2024-03-18
1,06:30,"Foul personal (outside center) Dylan Peeters(MSU), foul on JaMir Price(MSUM)",22 - 24,5253170,561766,561386,2024-03-18
1,06:39,"Foul personal (in the paint) Dylan Peeters(MSU), foul on Jacob Jennissen(MSUM)",22 - 24,5253170,561766,561386,2024-03-18
1,06:40,"2pt jump shot (2nd chance;blocked) (inside left) missed by Jacob Jennissen(MSUM), block Dylan Peeters(MSU), rebound offensive Jacob Jennissen(MSUM)",22 - 24,5253170,561766,561386,2024-03-18
1,06:43,"2pt jump shot (inside right) missed by Ja'Kair Sanchez(MSUM), rebound offensive Jacob Jennissen(MSUM)",22 - 24,5253170,561766,561386,2024-03-18
1,07:04,2pt jump shot (inside right) made by Malik Willingham(MSU),22 - 24,5253170,561766,561386,2024-03-18
1,07:18,Free throw 2 of 2 made by Dane Zimmer(MSUM),22 - 22,5253170,561766,561386,2024-03-18
1,07:18,Substitution MSUM: in Jacob Jennissen,21 - 22,5253170,561766,561386,2024-03-18
1,07:18,Substitution MSUM: out Logan Kinsey,21 - 22,5253170,561766,561386,2024-03-18
1,07:18,Free throw 1 of 2 made by Dane Zimmer(MSUM),21 - 22,5253170,561766,561386,2024-03-18
1,07:18,Foul personal (shooting;2 free throws) (in the paint) Elijah Hazekamp(MSU),20 - 22,5253170,561766,561386,2024-03-18
1,07:45,2pt layup (in the paint) made by Dylan Peeters(MSU),20 - 22,5253170,561766,561386,2024-03-18
1,07:53,"2pt layup (in the paint) missed by Logan Kinsey(MSUM), rebound defensive Malik Willingham(MSU)",20 - 20,5253170,561766,561386,2024-03-18
1,07:59,Timeout commercial,20 - 20,5253170,561766,561386,2024-03-18
1,08:25,"2pt layup (in the paint) made by Malik Willingham(MSU), assist Dylan Peeters(MSU)",20 - 20,5253170,561766,561386,2024-03-18
1,08:36,"Free throw 2 of 2 missed by Logan Kinsey(MSUM), rebound defensive Dylan Peeters(MSU)",20 - 18,5253170,561766,561386,2024-03-18
1,08:36,Substitution MSUM: in Jacob Beeninga,20 - 18,5253170,561766,561386,2024-03-18
1,08:36,Substitution MSUM: out Jacob Jennissen,20 - 18,5253170,561766,561386,2024-03-18
1,08:36,Substitution MSU: in Justin Eagins,20 - 18,5253170,561766,561386,2024-03-18
1,08:36,Substitution MSU: out Brady Williams,20 - 18,5253170,561766,561386,2024-03-18
1,08:36,"Free throw 1 of 2 missed by Logan Kinsey(MSUM), rebound offensive dead ball MSUM",20 - 18,5253170,561766,561386,2024-03-18
1,08:36,Foul personal (shooting;2 free throws) (in the paint) Elijah Hazekamp(MSU),20 - 18,5253170,561766,561386,2024-03-18
1,08:53,"3pt jump shot (outside right) missed by Malik Willingham(MSU), rebound defensive Logan Kinsey(MSUM)",20 - 18,5253170,561766,561386,2024-03-18
1,09:06,"3pt jump shot (outside left) made by JaMir Price(MSUM), assist Dane Zimmer(MSUM)",20 - 18,5253170,561766,561386,2024-03-18
1,09:23,"2pt jump shot (inside left) missed by Kyreese Willingham(MSU), rebound defensive Dane Zimmer(MSUM)",17 - 18,5253170,561766,561386,2024-03-18
1,09:39,2pt jump shot (in the paint) made by JaMir Price(MSUM),17 - 18,5253170,561766,561386,2024-03-18
1,09:57,"3pt jump shot (2nd chance) (outside left) made by Malik Willingham(MSU), assist Brady Williams(MSU)",15 - 18,5253170,561766,561386,2024-03-18
1,10:01,"2pt jump shot (inside left) missed by Malik Willingham(MSU), rebound offensive Brady Williams(MSU)",15 - 15,5253170,561766,561386,2024-03-18
1,10:13,Substitution MSU: in Kyreese Willingham,15 - 15,5253170,561766,561386,2024-03-18
1,10:13,Substitution MSU: out Harrison Braudis,15 - 15,5253170,561766,561386,2024-03-18
1,10:13,Free throw 2 of 2 (2nd chance) made by Dane Zimmer(MSUM),15 - 15,5253170,561766,561386,2024-03-18
1,10:13,Substitution MSUM: in Ja'Kair Sanchez,14 - 15,5253170,561766,561386,2024-03-18
1,10:13,Substitution MSUM: in JaMir Price,14 - 15,5253170,561766,561386,2024-03-18
1,10:13,Substitution MSUM: out Eddie Beeninga,14 - 15,5253170,561766,561386,2024-03-18
1,10:13,Substitution MSUM: out Jacob Beeninga,14 - 15,5253170,561766,561386,2024-03-18
1,10:13,Substitution MSU: in Dylan Peeters,14 - 15,5253170,561766,561386,2024-03-18
1,10:13,Substitution MSU: in Malik Willingham,14 - 15,5253170,561766,561386,2024-03-18
1,10:13,Substitution MSU: out Justin Eagins,14 - 15,5253170,561766,561386,2024-03-18
1,10:13,Substitution MSU: out Malcolm Jones,14 - 15,5253170,561766,561386,2024-03-18
1,10:13,Free throw 1 of 2 (2nd chance) made by Dane Zimmer(MSUM),14 - 15,5253170,561766,561386,2024-03-18
1,10:13,Foul personal (shooting;2 free throws) (in the paint) Brady Williams(MSU),13 - 15,5253170,561766,561386,2024-03-18
1,10:21,"2pt jump shot (inside right) missed by Jacob Jennissen(MSUM), rebound offensive Dane Zimmer(MSUM)",13 - 15,5253170,561766,561386,2024-03-18
1,10:44,"2pt layup (blocked) (in the paint) missed by Brady Williams(MSU), block Logan Kinsey(MSUM), rebound defensive Jacob Jennissen(MSUM)",13 - 15,5253170,561766,561386,2024-03-18
1,11:14,"3pt jump shot (outside left) made by Dane Zimmer(MSUM), assist Eddie Beeninga(MSUM)",13 - 15,5253170,561766,561386,2024-03-18
1,11:18,"2pt layup (in the paint) missed by Harrison Braudis(MSU), rebound defensive Dane Zimmer(MSUM)",10 - 15,5253170,561766,561386,2024-03-18
1,11:19,Substitution MSU: in Harrison Braudis,10 - 15,5253170,561766,561386,2024-03-18
1,11:19,Substitution MSU: out Dylan Peeters,10 - 15,5253170,561766,561386,2024-03-18
1,11:30,"2pt layup (blocked) (in the paint) missed by Jacob Beeninga(MSUM), block Elijah Hazekamp(MSU), rebound defensive Malcolm Jones(MSU)",10 - 15,5253170,561766,561386,2024-03-18
1,11:45,2pt layup (2nd chance) (in the paint) made by Brady Williams(MSU),10 - 15,5253170,561766,561386,2024-03-18
1,11:55,Substitution MSUM: in Dane Zimmer,10 - 13,5253170,561766,561386,2024-03-18
1,11:55,Substitution MSUM: out JaMir Price,10 - 13,5253170,561766,561386,2024-03-18
1,11:55,Substitution MSU: in Elijah Hazekamp,10 - 13,5253170,561766,561386,2024-03-18
1,11:55,Substitution MSU: in Dylan Peeters,10 - 13,5253170,561766,561386,2024-03-18
1,11:55,Substitution MSU: out Harrison Braudis,10 - 13,5253170,561766,561386,2024-03-18
1,11:55,Substitution MSU: out Kyreese Willingham,10 - 13,5253170,561766,561386,2024-03-18
1,11:55,Timeout commercial,10 - 13,5253170,561766,561386,2024-03-18
1,11:55,Foul personal (inside right) Logan Kinsey(MSUM),10 - 13,5253170,561766,561386,2024-03-18
1,11:55,"2pt jump shot (in the paint) missed by Justin Eagins(MSU), rebound offensive Kyreese Willingham(MSU)",10 - 13,5253170,561766,561386,2024-03-18
1,12:02,Substitution MSUM: in Eddie Beeninga,10 - 13,5253170,561766,561386,2024-03-18
1,12:02,Substitution MSUM: out Ja'Kair Sanchez,10 - 13,5253170,561766,561386,2024-03-18
1,12:02,Substitution MSU: in Harrison Braudis,10 - 13,5253170,561766,561386,2024-03-18
1,12:02,Substitution MSU: out Malik Willingham,10 - 13,5253170,561766,561386,2024-03-18
1,12:02,"Foul personal (in the paint) Jacob Jennissen(MSUM), foul on Kyreese Willingham(MSU)",10 - 13,5253170,561766,561386,2024-03-18
1,12:11,"2pt layup (off turnover) (in the paint) missed by JaMir Price(MSUM), rebound defensive Malcolm Jones(MSU)",10 - 13,5253170,561766,561386,2024-03-18
1,12:18,"Turnover bad pass (inside right) Malik Willingham(MSU), steal JaMir Price(MSUM)",10 - 13,5253170,561766,561386,2024-03-18
1,12:34,2pt layup (2nd chance) (under the basket) made by Jacob Jennissen(MSUM),10 - 13,5253170,561766,561386,2024-03-18
1,12:37,"2pt jump shot (inside left) missed by JaMir Price(MSUM), rebound offensive Jacob Jennissen(MSUM)",8 - 13,5253170,561766,561386,2024-03-18
1,13:05,"2pt layup (blocked) (in the paint) missed by Malik Willingham(MSU), block Jacob Jennissen(MSUM), rebound defensive Jacob Jennissen(MSUM)",8 - 13,5253170,561766,561386,2024-03-18
1,13:19,"2pt jump shot (inside left) missed by Ja'Kair Sanchez(MSUM), rebound defensive Brady Williams(MSU)",8 - 13,5253170,561766,561386,2024-03-18
1,13:39,3pt jump shot (outside right wing) made by Malik Willingham(MSU),8 - 13,5253170,561766,561386,2024-03-18
1,13:52,"2pt layup (under the basket) missed by Ja'Kair Sanchez(MSUM), rebound defensive Brady Williams(MSU)",8 - 10,5253170,561766,561386,2024-03-18
1,14:08,"2pt jump shot (off turnover) (inside right) missed by Kyreese Willingham(MSU), rebound defensive Jacob Beeninga(MSUM)",8 - 10,5253170,561766,561386,2024-03-18
1,14:32,"Turnover bad pass (under the basket) Jacob Beeninga(MSUM), steal Malcolm Jones(MSU)",8 - 10,5253170,561766,561386,2024-03-18
1,14:44,"2pt jump shot (off turnover) (inside right) missed by Logan Kinsey(MSUM), rebound offensive Jacob Jennissen(MSUM)",8 - 10,5253170,561766,561386,2024-03-18
1,14:55,Substitution MSUM: in Jacob Jennissen,8 - 10,5253170,561766,561386,2024-03-18
1,14:55,Substitution MSUM: out Dane Zimmer,8 - 10,5253170,561766,561386,2024-03-18
1,14:55,Substitution MSU: in Brady Williams,8 - 10,5253170,561766,561386,2024-03-18
1,14:55,Substitution MSU: in Malcolm Jones,8 - 10,5253170,561766,561386,2024-03-18
1,14:55,Substitution MSU: out Elijah Hazekamp,8 - 10,5253170,561766,561386,2024-03-18
1,14:55,Substitution MSU: out Dylan Peeters,8 - 10,5253170,561766,561386,2024-03-18
1,14:55,Timeout commercial,8 - 10,5253170,561766,561386,2024-03-18
1,14:55,Turnover lost ball (in the paint) Justin Eagins(MSU),8 - 10,5253170,561766,561386,2024-03-18
1,15:09,"2pt layup (in the paint) missed by JaMir Price(MSUM), rebound defensive Kyreese Willingham(MSU)",8 - 10,5253170,561766,561386,2024-03-18
1,15:36,"3pt jump shot (outside center) missed by Justin Eagins(MSU), rebound defensive Dane Zimmer(MSUM)",8 - 10,5253170,561766,561386,2024-03-18
1,15:48,"3pt jump shot (outside right wing) missed by JaMir Price(MSUM), rebound defensive Malik Willingham(MSU)",8 - 10,5253170,561766,561386,2024-03-18
1,16:06,3pt jump shot (outside center) made by Malik Willingham(MSU),8 - 10,5253170,561766,561386,2024-03-18
1,16:19,"2pt layup (in the paint) made by Dane Zimmer(MSUM), assist Ja'Kair Sanchez(MSUM)",8 - 7,5253170,561766,561386,2024-03-18
1,16:33,"2pt layup (under the basket) missed by Dylan Peeters(MSU), rebound defensive Dane Zimmer(MSUM)",6 - 7,5253170,561766,561386,2024-03-18
1,16:47,2pt jump shot (in the paint) made by JaMir Price(MSUM),6 - 7,5253170,561766,561386,2024-03-18
1,16:57,"2pt jump shot (in the paint) missed by Malik Willingham(MSU), rebound defensive Dane Zimmer(MSUM)",4 - 7,5253170,561766,561386,2024-03-18
1,17:14,2pt layup (2nd chance) (under the basket) made by JaMir Price(MSUM),4 - 7,5253170,561766,561386,2024-03-18
1,17:22,"3pt jump shot (outside left) missed by Ja'Kair Sanchez(MSUM), rebound offensive JaMir Price(MSUM)",2 - 7,5253170,561766,561386,2024-03-18
1,17:42,"3pt jump shot (fast break) (outside right) made by Kyreese Willingham(MSU), assist Malik Willingham(MSU)",2 - 7,5253170,561766,561386,2024-03-18
1,17:50,"3pt jump shot (outside right) missed by JaMir Price(MSUM), rebound defensive Elijah Hazekamp(MSU)",2 - 4,5253170,561766,561386,2024-03-18
1,18:04,2pt hook shot (in the paint) made by Dylan Peeters(MSU),2 - 4,5253170,561766,561386,2024-03-18
1,18:22,"2pt layup (in the paint) made by Dane Zimmer(MSUM), assist Ja'Kair Sanchez(MSUM)",2 - 2,5253170,561766,561386,2024-03-18
1,18:37,"2pt jump shot (inside left) missed by Malik Willingham(MSU), rebound defensive Dane Zimmer(MSUM)",0 - 2,5253170,561766,561386,2024-03-18
1,18:48,"3pt jump shot (outside left) missed by Ja'Kair Sanchez(MSUM), rebound defensive Justin Eagins(MSU)",0 - 2,5253170,561766,561386,2024-03-18
1,19:12,"2pt layup (in the paint) made by Kyreese Willingham(MSU), assist Malik Willingham(MSU)",0 - 2,5253170,561766,561386,2024-03-18
1,19:26,"3pt jump shot (outside center) missed by Jacob Beeninga(MSUM), rebound defensive (team) MSU",0 - 0,5253170,561766,561386,2024-03-18
1,19:49,"3pt jump shot (outside right) missed by Justin Eagins(MSU), rebound defensive JaMir Price(MSUM)",0 - 0,5253170,561766,561386,2024-03-18
1,20:00,"Jump ball start period, won Dylan Peeters(MSU), lost Logan Kinsey(MSUM)",0 - 0,5253170,561766,561386,2024-03-18
1,20:00,Period start,0 - 0,5253170,561766,561386,2024-03-18
1,20:00,Game start,0 - 0,5253170,561766,561386,2024-03-18
1,06:42,Timeout commercial,22 - 23,5253199,561279,561331,2024-03-18
1,06:42,Timeout short DBU,22 - 23,5253199,561279,561331,2024-03-18
1,06:56,"3pt jump shot (fast break) (outside right) made by Ryland Holt(WTAMU), assist Larry Wise(WTAMU)",22 - 23,5253199,561279,561331,2024-03-18
1,07:03,"2pt floating jump shot (inside left) missed by Cameron Kahn(DBU), rebound defensive Journee Phillips(WTAMU)",22 - 20,5253199,561279,561331,2024-03-18
1,07:33,"3pt jump shot (2nd chance) (outside right) made by Ryland Holt(WTAMU), assist Ahamed Mohammed(WTAMU)",22 - 20,5253199,561279,561331,2024-03-18
1,07:37,"2pt floating jump shot (under the basket) missed by Journee Phillips(WTAMU), rebound offensive Ahamed Mohammed(WTAMU)",22 - 17,5253199,561279,561331,2024-03-18
1,07:47,"2pt floating jump shot (off turnover) (inside right) missed by Cameron Kahn(DBU), rebound defensive Journee Phillips(WTAMU)",22 - 17,5253199,561279,561331,2024-03-18
1,08:08,"Turnover lost ball (inside left) Mackenzie Morgan(WTAMU), steal Ta'Jay Dunlap(DBU)",22 - 17,5253199,561279,561331,2024-03-18
1,08:35,Substitution DBU: in Isaac Bullard,22 - 17,5253199,561279,561331,2024-03-18
1,08:35,Substitution DBU: out Jaden Shelvin,22 - 17,5253199,561279,561331,2024-03-18
1,08:35,Substitution WTAMU: in Ahamed Mohammed,22 - 17,5253199,561279,561331,2024-03-18
1,08:35,Substitution WTAMU: in Mackenzie Morgan,22 - 17,5253199,561279,561331,2024-03-18
1,08:35,Substitution WTAMU: in Ryland Holt,22 - 17,5253199,561279,561331,2024-03-18
1,08:35,Substitution WTAMU: out Zach Toussaint,22 - 17,5253199,561279,561331,2024-03-18
1,08:35,Substitution WTAMU: out Brock Mishak,22 - 17,5253199,561279,561331,2024-03-18
1,08:35,Substitution WTAMU: out Noah Pagotto,22 - 17,5253199,561279,561331,2024-03-18
1,08:39,"3pt jump shot (2nd chance;off turnover) (outside right) missed by Trevor Frank(DBU), rebound defensive Journee Phillips(WTAMU), rebound defensive (team) WTAMU",22 - 17,5253199,561279,561331,2024-03-18
1,08:42,"2pt floating jump shot (2nd chance;off turnover) (inside left) missed by Jaden Shelvin(DBU), rebound offensive Jaden Shelvin(DBU)",22 - 17,5253199,561279,561331,2024-03-18
1,08:46,"2pt layup (off turnover) (under the basket) missed by Trevor Frank(DBU), rebound offensive Ta'Jay Dunlap(DBU)",22 - 17,5253199,561279,561331,2024-03-18
1,08:52,"Turnover bad pass (inside right) Larry Wise(WTAMU), steal Deng Dut(DBU)",22 - 17,5253199,561279,561331,2024-03-18
1,09:15,Free throw 1 of 1 made by Cameron Kahn(DBU),22 - 17,5253199,561279,561331,2024-03-18
1,09:15,Substitution DBU: in Deng Dut,21 - 17,5253199,561279,561331,2024-03-18
1,09:15,Substitution DBU: out Austin Garner,21 - 17,5253199,561279,561331,2024-03-18
1,09:15,Foul personal (shooting;1 free throw) (in the paint) Noah Pagotto(WTAMU),21 - 17,5253199,561279,561331,2024-03-18
1,09:15,2pt floating jump shot (in the paint) made by Cameron Kahn(DBU),21 - 17,5253199,561279,561331,2024-03-18
1,09:35,2pt floating jump shot (2nd chance) (under the basket) made by Larry Wise(WTAMU),19 - 17,5253199,561279,561331,2024-03-18
1,09:39,Substitution DBU: in Cameron Kahn,19 - 15,5253199,561279,561331,2024-03-18
1,09:39,Substitution DBU: out Justin Haire,19 - 15,5253199,561279,561331,2024-03-18
1,09:39,"2pt floating jump shot (blocked) (in the paint) missed by Larry Wise(WTAMU), block Austin Garner(DBU), rebound offensive (team) WTAMU",19 - 15,5253199,561279,561331,2024-03-18
1,10:02,2pt floating jump shot (under the basket) made by Ta'Jay Dunlap(DBU),19 - 15,5253199,561279,561331,2024-03-18
1,10:24,Free throw 2 of 2 made by Zach Toussaint(WTAMU),17 - 15,5253199,561279,561331,2024-03-18
1,10:24,Free throw 1 of 2 made by Zach Toussaint(WTAMU),17 - 14,5253199,561279,561331,2024-03-18
1,10:24,Substitution DBU: in Justin Haire,17 - 13,5253199,561279,561331,2024-03-18
1,10:24,Substitution DBU: in Trevor Frank,17 - 13,5253199,561279,561331,2024-03-18
1,10:24,Substitution DBU: in Jaden Shelvin,17 - 13,5253199,561279,561331,2024-03-18
1,10:24,Substitution DBU: out Cody Stevens,17 - 13,5253199,561279,561331,2024-03-18
1,10:24,Substitution DBU: out Deng Dut,17 - 13,5253199,561279,561331,2024-03-18
1,10:24,Substitution DBU: out Cameron Kahn,17 - 13,5253199,561279,561331,2024-03-18
1,10:24,Substitution WTAMU: in Noah Pagotto,17 - 13,5253199,561279,561331,2024-03-18
1,10:24,Substitution WTAMU: in Journee Phillips,17 - 13,5253199,561279,561331,2024-03-18
1,10:24,Substitution WTAMU: out Ahamed Mohammed,17 - 13,5253199,561279,561331,2024-03-18
1,10:24,Substitution WTAMU: out Ryland Holt,17 - 13,5253199,561279,561331,2024-03-18
1,10:24,Timeout commercial,17 - 13,5253199,561279,561331,2024-03-18
1,10:24,Foul personal (shooting;2 free throws) (inside right) Austin Garner(DBU),17 - 13,5253199,561279,561331,2024-03-18
1,10:40,"2pt layup (under the basket) made by Austin Garner(DBU), assist Deng Dut(DBU)",17 - 13,5253199,561279,561331,2024-03-18
1,10:56,"3pt jump shot (fast break) (outside right) made by Brock Mishak(WTAMU), assist Ahamed Mohammed(WTAMU)",15 - 13,5253199,561279,561331,2024-03-18
1,11:03,"2pt hook shot (in the paint) missed by Cameron Kahn(DBU), rebound defensive Ryland Holt(WTAMU)",15 - 10,5253199,561279,561331,2024-03-18
1,11:28,"3pt jump shot (outside left) missed by Ahamed Mohammed(WTAMU), rebound defensive Cody Stevens(DBU)",15 - 10,5253199,561279,561331,2024-03-18
1,11:42,"2pt driving layup (under the basket) missed by Deng Dut(DBU), rebound defensive Ryland Holt(WTAMU)",15 - 10,5253199,561279,561331,2024-03-18
1,11:52,"2pt layup (2nd chance) (under the basket) missed by Larry Wise(WTAMU), rebound defensive Cameron Kahn(DBU)",15 - 10,5253199,561279,561331,2024-03-18
1,11:56,"2pt layup (in the paint) missed by Larry Wise(WTAMU), rebound offensive Larry Wise(WTAMU)",15 - 10,5253199,561279,561331,2024-03-18
1,12:16,2pt hook shot (off turnover) (in the paint) made by Austin Garner(DBU),15 - 10,5253199,561279,561331,2024-03-18
1,12:37,Substitution WTAMU: in Brock Mishak,13 - 10,5253199,561279,561331,2024-03-18
1,12:37,Substitution WTAMU: out Kieran Elliott,13 - 10,5253199,561279,561331,2024-03-18
1,12:37,"Foul personal (in the paint) Kieran Elliott(WTAMU), foul on Deng Dut(DBU)",13 - 10,5253199,561279,561331,2024-03-18
1,12:54,Substitution DBU: in Austin Garner,13 - 10,5253199,561279,561331,2024-03-18
1,12:54,Substitution DBU: in Cody Stevens,13 - 10,5253199,561279,561331,2024-03-18
1,12:54,Substitution DBU: out Isaac Bullard,13 - 10,5253199,561279,561331,2024-03-18
1,12:54,Substitution DBU: out Jaden Shelvin,13 - 10,5253199,561279,561331,2024-03-18
1,12:54,Substitution WTAMU: in Larry Wise,13 - 10,5253199,561279,561331,2024-03-18
1,12:54,Substitution WTAMU: out Journee Phillips,13 - 10,5253199,561279,561331,2024-03-18
1,12:54,"Foul offensive (back court) Kieran Elliott(WTAMU), turnover offensive Kieran Elliott(WTAMU), foul on Ta'Jay Dunlap(DBU)",13 - 10,5253199,561279,561331,2024-03-18
1,13:04,"3pt jump shot (outside left) missed by Ta'Jay Dunlap(DBU), rebound defensive Ahamed Mohammed(WTAMU)",13 - 10,5253199,561279,561331,2024-03-18
1,13:21,"Free throw 2 of 2 missed by Journee Phillips(WTAMU), rebound defensive Cameron Kahn(DBU)",13 - 10,5253199,561279,561331,2024-03-18
1,13:22,Substitution WTAMU: in Kieran Elliott,13 - 10,5253199,561279,561331,2024-03-18
1,13:22,Substitution WTAMU: out Brock Mishak,13 - 10,5253199,561279,561331,2024-03-18
1,13:22,Free throw 1 of 2 made by Journee Phillips(WTAMU),13 - 10,5253199,561279,561331,2024-03-18
1,13:22,Foul personal (shooting;2 free throws) (under the basket) Jaden Shelvin(DBU),13 - 9,5253199,561279,561331,2024-03-18
1,13:48,"3pt jump shot (outside center) missed by Deng Dut(DBU), rebound defensive Zach Toussaint(WTAMU)",13 - 9,5253199,561279,561331,2024-03-18
1,13:57,Substitution DBU: in Ta'Jay Dunlap,13 - 9,5253199,561279,561331,2024-03-18
1,13:57,Substitution DBU: in Jaden Shelvin,13 - 9,5253199,561279,561331,2024-03-18
1,13:57,Substitution DBU: out Austin Garner,13 - 9,5253199,561279,561331,2024-03-18
1,13:57,Substitution DBU: out Trevor Frank,13 - 9,5253199,561279,561331,2024-03-18
1,13:57,Substitution WTAMU: in Zach Toussaint,13 - 9,5253199,561279,561331,2024-03-18
1,13:57,Substitution WTAMU: out Issac Ayoubi,13 - 9,5253199,561279,561331,2024-03-18
1,13:57,"Foul personal (back court) Ryland Holt(WTAMU), foul on Austin Garner(DBU)",13 - 9,5253199,561279,561331,2024-03-18
1,13:57,"2pt driving layup (in the paint) missed by Ahamed Mohammed(WTAMU), rebound offensive dead ball WTAMU",13 - 9,5253199,561279,561331,2024-03-18
1,14:04,"2pt driving layup (under the basket) missed by Trevor Frank(DBU), rebound defensive Ahamed Mohammed(WTAMU)",13 - 9,5253199,561279,561331,2024-03-18
1,14:24,2pt driving layup (under the basket) made by Journee Phillips(WTAMU),13 - 9,5253199,561279,561331,2024-03-18
1,14:40,2pt floating jump shot (inside left) made by Isaac Bullard(DBU),13 - 7,5253199,561279,561331,2024-03-18
1,14:52,"2pt driving layup (off turnover) (under the basket) missed by Issac Ayoubi(WTAMU), rebound defensive Cameron Kahn(DBU)",11 - 7,5253199,561279,561331,2024-03-18
1,14:59,Substitution WTAMU: in Ahamed Mohammed,11 - 7,5253199,561279,561331,2024-03-18
1,14:59,Substitution WTAMU: out Larry Wise,11 - 7,5253199,561279,561331,2024-03-18
1,14:59,Substitution DBU: in Cameron Kahn,11 - 7,5253199,561279,561331,2024-03-18
1,14:59,Substitution DBU: out Justin Haire,11 - 7,5253199,561279,561331,2024-03-18
1,14:59,Substitution WTAMU: in Ryland Holt,11 - 7,5253199,561279,561331,2024-03-18
1,14:59,Substitution WTAMU: out Noah Pagotto,11 - 7,5253199,561279,561331,2024-03-18
1,14:59,Turnover out of bounds (inside left) Austin Garner(DBU),11 - 7,5253199,561279,561331,2024-03-18
1,15:08,"3pt jump shot (outside right) missed by Larry Wise(WTAMU), rebound defensive Austin Garner(DBU)",11 - 7,5253199,561279,561331,2024-03-18
1,15:23,2pt hook shot (inside right) made by Deng Dut(DBU),11 - 7,5253199,561279,561331,2024-03-18
1,15:52,Free throw 3 of 3 made by Larry Wise(WTAMU),9 - 7,5253199,561279,561331,2024-03-18
1,15:52,Free throw 2 of 3 made by Larry Wise(WTAMU),9 - 6,5253199,561279,561331,2024-03-18
1,15:52,Free throw 1 of 3 made by Larry Wise(WTAMU),9 - 5,5253199,561279,561331,2024-03-18
1,15:52,Substitution DBU: in Deng Dut,9 - 4,5253199,561279,561331,2024-03-18
1,15:52,Substitution DBU: out Ta'Jay Dunlap,9 - 4,5253199,561279,561331,2024-03-18
1,15:52,Timeout commercial,9 - 4,5253199,561279,561331,2024-03-18
1,15:52,Foul personal (shooting;3 free throws) (back court) Isaac Bullard(DBU),9 - 4,5253199,561279,561331,2024-03-18
1,16:28,2pt driving layup (off turnover) (under the basket) made by Austin Garner(DBU),9 - 4,5253199,561279,561331,2024-03-18
1,16:39,"Turnover lost ball (outside center) Larry Wise(WTAMU), steal Justin Haire(DBU)",7 - 4,5253199,561279,561331,2024-03-18
1,16:54,Free throw 2 of 2 (fast break) made by Ta'Jay Dunlap(DBU),7 - 4,5253199,561279,561331,2024-03-18
1,16:54,Substitution DBU: in Justin Haire,6 - 4,5253199,561279,561331,2024-03-18
1,16:54,Substitution DBU: in Isaac Bullard,6 - 4,5253199,561279,561331,2024-03-18
1,16:54,Substitution DBU: in Trevor Frank,6 - 4,5253199,561279,561331,2024-03-18
1,16:54,Substitution DBU: out Deng Dut,6 - 4,5253199,561279,561331,2024-03-18
1,16:54,Substitution DBU: out Cameron Kahn,6 - 4,5253199,561279,561331,2024-03-18
1,16:54,Substitution DBU: out Jaden Shelvin,6 - 4,5253199,561279,561331,2024-03-18
1,16:54,Substitution WTAMU: in Issac Ayoubi,6 - 4,5253199,561279,561331,2024-03-18
1,16:54,Substitution WTAMU: in Brock Mishak,6 - 4,5253199,561279,561331,2024-03-18
1,16:54,Substitution WTAMU: in Noah Pagotto,6 - 4,5253199,561279,561331,2024-03-18
1,16:54,Substitution WTAMU: in Journee Phillips,6 - 4,5253199,561279,561331,2024-03-18
1,16:54,Substitution WTAMU: out Ahamed Mohammed,6 - 4,5253199,561279,561331,2024-03-18
1,16:54,Substitution WTAMU: out Zach Toussaint,6 - 4,5253199,561279,561331,2024-03-18
1,16:54,Substitution WTAMU: out Ryland Holt,6 - 4,5253199,561279,561331,2024-03-18
1,16:54,Substitution WTAMU: out Kieran Elliott,6 - 4,5253199,561279,561331,2024-03-18
1,16:54,Free throw 1 of 2 (fast break) made by Ta'Jay Dunlap(DBU),6 - 4,5253199,561279,561331,2024-03-18
1,16:54,Foul personal (shooting;2 free throws) (in the paint) Ahamed Mohammed(WTAMU),5 - 4,5253199,561279,561331,2024-03-18
1,17:02,"3pt jump shot (2nd chance) (outside right) missed by Larry Wise(WTAMU), rebound defensive Ta'Jay Dunlap(DBU)",5 - 4,5253199,561279,561331,2024-03-18
1,17:05,"3pt jump shot (outside left) missed by Zach Toussaint(WTAMU), rebound offensive Ryland Holt(WTAMU)",5 - 4,5253199,561279,561331,2024-03-18
1,17:18,"2pt floating jump shot (in the paint) missed by Cameron Kahn(DBU), rebound defensive Kieran Elliott(WTAMU)",5 - 4,5253199,561279,561331,2024-03-18
1,17:26,2pt floating jump shot (2nd chance) (under the basket) made by Larry Wise(WTAMU),5 - 4,5253199,561279,561331,2024-03-18
1,17:43,"Foul personal (inside right) Austin Garner(DBU), foul on Ryland Holt(WTAMU)",5 - 2,5253199,561279,561331,2024-03-18
1,17:47,"3pt jump shot (outside right) missed by Ryland Holt(WTAMU), rebound offensive Ryland Holt(WTAMU)",5 - 2,5253199,561279,561331,2024-03-18
1,18:04,2pt floating jump shot (in the paint) made by Jaden Shelvin(DBU),5 - 2,5253199,561279,561331,2024-03-18
1,18:31,"2pt floating jump shot (under the basket) made by Kieran Elliott(WTAMU), assist Ahamed Mohammed(WTAMU)",3 - 2,5253199,561279,561331,2024-03-18
1,18:48,"2pt floating jump shot (in the paint) missed by Cameron Kahn(DBU), rebound defensive Kieran Elliott(WTAMU)",3 - 0,5253199,561279,561331,2024-03-18
1,19:00,"3pt jump shot (outside left) missed by Ryland Holt(WTAMU), rebound defensive Jaden Shelvin(DBU), rebound defensive Ta'Jay Dunlap(DBU)",3 - 0,5253199,561279,561331,2024-03-18
1,19:21,"3pt jump shot (outside right) made by Deng Dut(DBU), assist Jaden Shelvin(DBU)",3 - 0,5253199,561279,561331,2024-03-18
1,19:46,"2pt floating jump shot (in the paint) missed by Ryland Holt(WTAMU), rebound defensive Jaden Shelvin(DBU)",0 - 0,5253199,561279,561331,2024-03-18
1,20:00,"Jump ball start period, won Ryland Holt(WTAMU), lost Cameron Kahn(DBU)",0 - 0,5253199,561279,561331,2024-03-18
1,20:00,Period start,0 - 0,5253199,561279,561331,2024-03-18
1,20:00,Game start,0 - 0,5253199,561279,561331,2024-03-18
