Period,Clock,Play,Score,game_id,home_id,away_id,game_date
3,00:00.00,Period end (confirmed),43 - 35,5254450,560636,560910,2024-03-21
3,00:02.10,"3pt jump shot (2nd chance;off turnover;blocked) (outside right) missed by Hattie Ogden(BUF), block Ella Farrelly(MON), rebound defensive Rosalie Mercille(MON)",43 - 35,5254450,560636,560910,2024-03-21
3,00:18.30,"2pt layup (off turnover) (under the basket) missed by Rana Elhusseini(BUF), rebound offensive Rana Elhusseini(BUF)",43 - 35,5254450,560636,560910,2024-03-21
3,00:30.50,"Foul offensive (in the paint) Ella Farrelly(MON), turnover offensive Ella Farrelly(MON), foul on Chellia Watson(BUF)",43 - 35,5254450,560636,560910,2024-03-21
3,00:41.30,2pt jump shot (in the paint) made by Chellia Watson(BUF),43 - 35,5254450,560636,560910,2024-03-21
3,00:50.90,Substitution MON: in Rosalie Mercille,43 - 33,5254450,560636,560910,2024-03-21
3,00:50.90,Substitution MON: in Taisha Exanor,43 - 33,5254450,560636,560910,2024-03-21
3,00:50.90,Substitution MON: out Belle Kranbuhl,43 - 33,5254450,560636,560910,2024-03-21
3,00:50.90,Substitution MON: out Sandrine Clesca,43 - 33,5254450,560636,560910,2024-03-21
3,00:50.90,Free throw 2 of 2 made by Sandrine Clesca(MON),43 - 33,5254450,560636,560910,2024-03-21
3,00:50.90,Free throw 1 of 2 made by Sandrine Clesca(MON),42 - 33,5254450,560636,560910,2024-03-21
3,00:50.90,Foul personal (shooting;2 free throws) (in the paint) Chellia Watson(BUF),41 - 33,5254450,560636,560910,2024-03-21
3,01:15,"3pt jump shot (outside right) missed by Paula Lopez(BUF), rebound defensive Belle Kranbuhl(MON)",41 - 33,5254450,560636,560910,2024-03-21
3,01:25,"3pt jump shot (outside right) missed by Sandrine Clesca(MON), rebound defensive Alexis Davis(BUF)",41 - 33,5254450,560636,560910,2024-03-21
3,01:32,"2pt jump shot (2nd chance) (in the paint) missed by Chellia Watson(BUF), rebound defensive Belle Kranbuhl(MON)",41 - 33,5254450,560636,560910,2024-03-21
3,01:42,Substitution BUF: in Alexis Davis,41 - 33,5254450,560636,560910,2024-03-21
3,01:42,Substitution BUF: out Kirsten Lewis-Williams,41 - 33,5254450,560636,560910,2024-03-21
3,01:42,"2pt layup (blocked) (in the paint) missed by Paula Lopez(BUF), block Belle Kranbuhl(MON), rebound offensive (team) BUF",41 - 33,5254450,560636,560910,2024-03-21
3,01:50,"2pt jump shot (off turnover) (in the paint) missed by Ariana Vanderhoop(MON), rebound defensive Hattie Ogden(BUF)",41 - 33,5254450,560636,560910,2024-03-21
3,02:12,"Turnover bad pass (outside right) Kirsten Lewis-Williams(BUF), steal Belle Kranbuhl(MON)",41 - 33,5254450,560636,560910,2024-03-21
3,02:24,Free throw 2 of 2 (2nd chance) made by Ella Farrelly(MON),41 - 33,5254450,560636,560910,2024-03-21
3,02:24,Free throw 1 of 2 (2nd chance) made by Ella Farrelly(MON),40 - 33,5254450,560636,560910,2024-03-21
3,02:24,Foul personal (shooting;2 free throws) (in the paint) Kirsten Lewis-Williams(BUF),39 - 33,5254450,560636,560910,2024-03-21
3,02:26,"2pt jump shot (2nd chance) (in the paint) missed by Belle Kranbuhl(MON), rebound offensive Ella Farrelly(MON)",39 - 33,5254450,560636,560910,2024-03-21
3,02:46,"Foul personal (under the basket) Hattie Ogden(BUF), foul on Belle Kranbuhl(MON)",39 - 33,5254450,560636,560910,2024-03-21
3,02:48,"2pt layup (under the basket) missed by Jania Hall(MON), rebound offensive Belle Kranbuhl(MON)",39 - 33,5254450,560636,560910,2024-03-21
3,03:01,Substitution MON: in Belle Kranbuhl,39 - 33,5254450,560636,560910,2024-03-21
3,03:01,Substitution MON: in Ariana Vanderhoop,39 - 33,5254450,560636,560910,2024-03-21
3,03:01,Substitution MON: out Rosalie Mercille,39 - 33,5254450,560636,560910,2024-03-21
3,03:01,Substitution MON: out Taisha Exanor,39 - 33,5254450,560636,560910,2024-03-21
3,03:01,Timeout short MON,39 - 33,5254450,560636,560910,2024-03-21
3,03:05,"2pt layup (off turnover;fast break) (under the basket) made by Kirsten Lewis-Williams(BUF), assist Rana Elhusseini(BUF)",39 - 33,5254450,560636,560910,2024-03-21
3,03:12,"Turnover lost ball (in the paint) Ella Farrelly(MON), steal Hattie Ogden(BUF)",39 - 31,5254450,560636,560910,2024-03-21
3,03:33,2pt layup (under the basket) made by Chellia Watson(BUF),39 - 31,5254450,560636,560910,2024-03-21
3,03:56,"3pt jump shot (outside left) missed by Taisha Exanor(MON), rebound defensive Rana Elhusseini(BUF)",39 - 29,5254450,560636,560910,2024-03-21
3,04:16,"2pt jump shot (inside right) made by Hattie Ogden(BUF), assist Chellia Watson(BUF)",39 - 29,5254450,560636,560910,2024-03-21
3,04:37,"2pt layup (under the basket) made by Taisha Exanor(MON), assist Rosalie Mercille(MON)",39 - 27,5254450,560636,560910,2024-03-21
3,04:55,Timeout commercial,37 - 27,5254450,560636,560910,2024-03-21
3,04:55,"Foul personal (back court) Chellia Watson(BUF), foul on Ella Farrelly(MON)",37 - 27,5254450,560636,560910,2024-03-21
3,04:55,Foul (in the paint) MON,37 - 27,5254450,560636,560910,2024-03-21
3,04:57,"2pt layup (under the basket) missed by Chellia Watson(BUF), rebound defensive Ella Farrelly(MON)",37 - 27,5254450,560636,560910,2024-03-21
3,05:28,2pt layup (under the basket) made by Taisha Exanor(MON),37 - 27,5254450,560636,560910,2024-03-21
3,05:45,"3pt jump shot (off turnover) (outside right) missed by Rana Elhusseini(BUF), rebound defensive Ella Farrelly(MON)",35 - 27,5254450,560636,560910,2024-03-21
3,05:54,"Turnover bad pass (outside right) Jania Hall(MON), steal Hattie Ogden(BUF)",35 - 27,5254450,560636,560910,2024-03-21
3,06:18,2pt layup (under the basket) made by Rana Elhusseini(BUF),35 - 27,5254450,560636,560910,2024-03-21
3,06:27,"2pt layup (2nd chance) (in the paint) missed by Taisha Exanor(MON), rebound defensive Rana Elhusseini(BUF)",35 - 25,5254450,560636,560910,2024-03-21
3,06:30,"2pt layup (2nd chance) (in the paint) missed by Ella Farrelly(MON), rebound offensive Taisha Exanor(MON)",35 - 25,5254450,560636,560910,2024-03-21
3,06:33,"2pt layup (in the paint) missed by Jania Hall(MON), rebound offensive Ella Farrelly(MON)",35 - 25,5254450,560636,560910,2024-03-21
3,06:45,Free throw 2 of 2 (2nd chance) made by Paula Lopez(BUF),35 - 25,5254450,560636,560910,2024-03-21
3,06:45,Free throw 1 of 2 (2nd chance) made by Paula Lopez(BUF),35 - 24,5254450,560636,560910,2024-03-21
3,06:45,Substitution MON: in Rosalie Mercille,35 - 23,5254450,560636,560910,2024-03-21
3,06:45,Substitution MON: out Kaci Donovan,35 - 23,5254450,560636,560910,2024-03-21
3,06:45,Foul personal (shooting;2 free throws) (in the paint) Kaci Donovan(MON),35 - 23,5254450,560636,560910,2024-03-21
3,06:52,"2pt layup (under the basket) missed by Kirsten Lewis-Williams(BUF), rebound offensive Kirsten Lewis-Williams(BUF)",35 - 23,5254450,560636,560910,2024-03-21
3,07:10,Substitution MON: in Ella Farrelly,35 - 23,5254450,560636,560910,2024-03-21
3,07:10,Substitution MON: in Jania Hall,35 - 23,5254450,560636,560910,2024-03-21
3,07:10,Substitution MON: out Belle Kranbuhl,35 - 23,5254450,560636,560910,2024-03-21
3,07:10,Substitution MON: out Ariana Vanderhoop,35 - 23,5254450,560636,560910,2024-03-21
3,07:10,Substitution BUF: in Hattie Ogden,35 - 23,5254450,560636,560910,2024-03-21
3,07:10,Substitution BUF: in Paula Lopez,35 - 23,5254450,560636,560910,2024-03-21
3,07:10,Substitution BUF: out Alexis Davis,35 - 23,5254450,560636,560910,2024-03-21
3,07:10,Substitution BUF: out Kiara Johnson,35 - 23,5254450,560636,560910,2024-03-21
3,07:12,"3pt jump shot (outside right) missed by Ariana Vanderhoop(MON), rebound defensive (team) BUF",35 - 23,5254450,560636,560910,2024-03-21
3,07:21,"2pt jump shot (off turnover) (in the paint) missed by Alexis Davis(BUF), rebound defensive Kaci Donovan(MON)",35 - 23,5254450,560636,560910,2024-03-21
3,07:42,"Turnover bad pass (outside center) Ariana Vanderhoop(MON), steal Kirsten Lewis-Williams(BUF)",35 - 23,5254450,560636,560910,2024-03-21
3,07:47,"2pt layup (in the paint) missed by Kiara Johnson(BUF), rebound defensive Ariana Vanderhoop(MON)",35 - 23,5254450,560636,560910,2024-03-21
3,08:00,"2pt jump shot (under the basket) made by Belle Kranbuhl(MON), assist Taisha Exanor(MON)",35 - 23,5254450,560636,560910,2024-03-21
3,08:26,"2pt layup (off turnover) (under the basket) missed by Chellia Watson(BUF), rebound defensive Belle Kranbuhl(MON)",33 - 23,5254450,560636,560910,2024-03-21
3,08:40,Turnover out of bounds (outside left) Sandrine Clesca(MON),33 - 23,5254450,560636,560910,2024-03-21
3,08:57,Free throw 2 of 2 made by Kirsten Lewis-Williams(BUF),33 - 23,5254450,560636,560910,2024-03-21
3,08:57,Free throw 1 of 2 made by Kirsten Lewis-Williams(BUF),33 - 22,5254450,560636,560910,2024-03-21
3,08:57,Foul personal (shooting;2 free throws) (under the basket) Kaci Donovan(MON),33 - 21,5254450,560636,560910,2024-03-21
3,09:28,"2pt jump shot (inside left) missed by Kaci Donovan(MON), rebound defensive Alexis Davis(BUF)",33 - 21,5254450,560636,560910,2024-03-21
3,09:41,"3pt jump shot (outside right) missed by Chellia Watson(BUF), rebound defensive Belle Kranbuhl(MON)",33 - 21,5254450,560636,560910,2024-03-21
3,09:51,"3pt jump shot (outside center) missed by Kaci Donovan(MON), rebound defensive Chellia Watson(BUF)",33 - 21,5254450,560636,560910,2024-03-21
3,10:00,Period start,33 - 21,5254450,560636,560910,2024-03-21
3,10:00,Substitution MON: in Belle Kranbuhl,33 - 21,5254450,560636,560910,2024-03-21
3,10:00,Substitution MON: out Ella Farrelly,33 - 21,5254450,560636,560910,2024-03-21
3,10:00,Substitution BUF: in Chellia Watson,33 - 21,5254450,560636,560910,2024-03-21
3,10:00,Substitution BUF: in Kiara Johnson,33 - 21,5254450,560636,560910,2024-03-21
3,10:00,Substitution BUF: in Kirsten Lewis-Williams,33 - 21,5254450,560636,560910,2024-03-21
3,10:00,Substitution BUF: out Hattie Ogden,33 - 21,5254450,560636,560910,2024-03-21
3,10:00,Substitution BUF: out Paula Lopez,33 - 21,5254450,560636,560910,2024-03-21
3,10:00,Substitution BUF: out Sitota Gines,33 - 21,5254450,560636,560910,2024-03-21
2,00:00.00,Period end (confirmed),33 - 21,5254450,560636,560910,2024-03-21
2,00:01.80,Free throw 2 of 2 made by Sandrine Clesca(MON),33 - 21,5254450,560636,560910,2024-03-21
2,00:01.80,"Free throw 1 of 2 missed by Sandrine Clesca(MON), rebound offensive dead ball MON",32 - 21,5254450,560636,560910,2024-03-21
2,00:01.80,Foul personal (shooting;2 free throws) (inside center) Sitota Gines(BUF),32 - 21,5254450,560636,560910,2024-03-21
2,00:14.40,"3pt jump shot (outside right) missed by Hattie Ogden(BUF), rebound defensive Kaci Donovan(MON)",32 - 21,5254450,560636,560910,2024-03-21
2,00:36.80,Substitution MON: in Sandrine Clesca,32 - 21,5254450,560636,560910,2024-03-21
2,00:36.80,Substitution MON: out Jania Hall,32 - 21,5254450,560636,560910,2024-03-21
2,00:36.80,Free throw 1 of 1 made by Jania Hall(MON),32 - 21,5254450,560636,560910,2024-03-21
2,00:36.80,Substitution MON: in Kaci Donovan,31 - 21,5254450,560636,560910,2024-03-21
2,00:36.80,Substitution MON: in Taisha Exanor,31 - 21,5254450,560636,560910,2024-03-21
2,00:36.80,Substitution MON: out Belle Kranbuhl,31 - 21,5254450,560636,560910,2024-03-21
2,00:36.80,Substitution MON: out Rosalie Mercille,31 - 21,5254450,560636,560910,2024-03-21
2,00:36.80,Substitution BUF: in Paula Lopez,31 - 21,5254450,560636,560910,2024-03-21
2,00:36.80,Substitution BUF: in Sitota Gines,31 - 21,5254450,560636,560910,2024-03-21
2,00:36.80,Substitution BUF: out Chellia Watson,31 - 21,5254450,560636,560910,2024-03-21
2,00:36.80,Substitution BUF: out Kirsten Lewis-Williams,31 - 21,5254450,560636,560910,2024-03-21
2,00:36.80,Foul personal (shooting;1 free throw) (in the paint) Kirsten Lewis-Williams(BUF),31 - 21,5254450,560636,560910,2024-03-21
2,00:36.80,2pt layup (in the paint) made by Jania Hall(MON),31 - 21,5254450,560636,560910,2024-03-21
2,01:01,"3pt jump shot (outside left) missed by Chellia Watson(BUF), rebound defensive Belle Kranbuhl(MON)",29 - 21,5254450,560636,560910,2024-03-21
2,01:07,"3pt jump shot (outside left) missed by Ella Farrelly(MON), rebound defensive Rana Elhusseini(BUF)",29 - 21,5254450,560636,560910,2024-03-21
2,01:15,"2pt jump shot (blocked) (inside left) missed by Chellia Watson(BUF), block Belle Kranbuhl(MON), rebound defensive Ariana Vanderhoop(MON)",29 - 21,5254450,560636,560910,2024-03-21
2,01:28,"2pt layup (under the basket) made by Ella Farrelly(MON), assist Belle Kranbuhl(MON)",29 - 21,5254450,560636,560910,2024-03-21
2,01:53,2pt jump shot (in the paint) made by Chellia Watson(BUF),27 - 21,5254450,560636,560910,2024-03-21
2,02:03,"2pt layup (in the paint) missed by Belle Kranbuhl(MON), rebound defensive Kirsten Lewis-Williams(BUF)",27 - 19,5254450,560636,560910,2024-03-21
2,02:16,"3pt jump shot (outside left) missed by Rana Elhusseini(BUF), rebound defensive Ariana Vanderhoop(MON)",27 - 19,5254450,560636,560910,2024-03-21
2,02:33,2pt layup (in the paint) made by Jania Hall(MON),27 - 19,5254450,560636,560910,2024-03-21
2,02:43,"3pt jump shot (outside right) missed by Chellia Watson(BUF), rebound defensive Belle Kranbuhl(MON)",25 - 19,5254450,560636,560910,2024-03-21
2,03:03,"3pt jump shot (outside right) missed by Rosalie Mercille(MON), rebound defensive Chellia Watson(BUF)",25 - 19,5254450,560636,560910,2024-03-21
2,03:09,"2pt layup (under the basket) missed by Alexis Davis(BUF), rebound defensive Belle Kranbuhl(MON)",25 - 19,5254450,560636,560910,2024-03-21
2,03:34,"3pt jump shot (off turnover) (outside left) made by Rosalie Mercille(MON), assist Belle Kranbuhl(MON)",25 - 19,5254450,560636,560910,2024-03-21
2,03:49,"Turnover bad pass (outside left) Chellia Watson(BUF), steal Ella Farrelly(MON)",22 - 19,5254450,560636,560910,2024-03-21
2,03:57,"2pt jump shot (blocked) (inside center) missed by Ariana Vanderhoop(MON), block Alexis Davis(BUF), rebound defensive Rana Elhusseini(BUF)",33 - 21,5254450,560636,560910,2024-03-21
2,04:09,"2pt jump shot (off turnover) (in the paint) missed by Rana Elhusseini(BUF), rebound defensive Belle Kranbuhl(MON)",22 - 19,5254450,560636,560910,2024-03-21
2,04:22,"Turnover bad pass (inside right) Jania Hall(MON), steal Hattie Ogden(BUF)",22 - 19,5254450,560636,560910,2024-03-21
2,04:42,"3pt jump shot (outside right) missed by Hattie Ogden(BUF), rebound defensive Ariana Vanderhoop(MON)",22 - 19,5254450,560636,560910,2024-03-21
2,04:54,Free throw 2 of 2 (2nd chance;off turnover) made by Jania Hall(MON),22 - 19,5254450,560636,560910,2024-03-21
2,04:54,Free throw 1 of 2 (2nd chance;off turnover) made by Jania Hall(MON),21 - 19,5254450,560636,560910,2024-03-21
2,04:54,Foul personal (shooting;2 free throws) (in the paint) Hattie Ogden(BUF),20 - 19,5254450,560636,560910,2024-03-21
2,04:57,"2pt layup (off turnover) (in the paint) missed by Jania Hall(MON), rebound offensive Jania Hall(MON)",20 - 19,5254450,560636,560910,2024-03-21
2,04:59,Timeout commercial,20 - 19,5254450,560636,560910,2024-03-21
2,05:04,"Turnover bad pass (in the paint) Chellia Watson(BUF), steal Ariana Vanderhoop(MON)",20 - 19,5254450,560636,560910,2024-03-21
2,05:11,"2pt jump shot (in the paint) missed by Chellia Watson(BUF), rebound offensive Chellia Watson(BUF)",20 - 19,5254450,560636,560910,2024-03-21
2,05:30,"3pt jump shot (outside right) made by Rosalie Mercille(MON), assist Jania Hall(MON)",20 - 19,5254450,560636,560910,2024-03-21
2,05:40,"2pt jump shot (inside left) missed by Alexis Davis(BUF), rebound defensive Belle Kranbuhl(MON)",17 - 19,5254450,560636,560910,2024-03-21
2,05:58,Substitution MON: in Ariana Vanderhoop,17 - 19,5254450,560636,560910,2024-03-21
2,05:58,Substitution MON: out Kaci Donovan,17 - 19,5254450,560636,560910,2024-03-21
2,05:58,Free throw 2 of 2 (2nd chance) made by Kaci Donovan(MON),17 - 19,5254450,560636,560910,2024-03-21
2,05:58,Free throw 1 of 2 (2nd chance) made by Kaci Donovan(MON),16 - 19,5254450,560636,560910,2024-03-21
2,05:58,Substitution MON: in Belle Kranbuhl,15 - 19,5254450,560636,560910,2024-03-21
2,05:58,Substitution MON: in Jania Hall,15 - 19,5254450,560636,560910,2024-03-21
2,05:58,Substitution MON: out Sandrine Clesca,15 - 19,5254450,560636,560910,2024-03-21
2,05:58,Substitution MON: out Taisha Exanor,15 - 19,5254450,560636,560910,2024-03-21
2,05:58,Substitution BUF: in Hattie Ogden,15 - 19,5254450,560636,560910,2024-03-21
2,05:58,Substitution BUF: out Kiara Johnson,15 - 19,5254450,560636,560910,2024-03-21
2,05:58,Foul personal (shooting;2 free throws) (in the paint) Rana Elhusseini(BUF),15 - 19,5254450,560636,560910,2024-03-21
2,06:06,"3pt jump shot (outside right) missed by Kaci Donovan(MON), rebound offensive Ella Farrelly(MON)",15 - 19,5254450,560636,560910,2024-03-21
2,06:25,2pt jump shot (in the paint) made by Chellia Watson(BUF),15 - 19,5254450,560636,560910,2024-03-21
2,06:37,"2pt jump shot (inside center) missed by Taisha Exanor(MON), rebound defensive Chellia Watson(BUF)",15 - 17,5254450,560636,560910,2024-03-21
2,06:50,"2pt layup (blocked) (under the basket) missed by Alexis Davis(BUF), block Ella Farrelly(MON), rebound defensive Ella Farrelly(MON)",15 - 17,5254450,560636,560910,2024-03-21
2,06:59,2pt layup (under the basket) made by Sandrine Clesca(MON),15 - 17,5254450,560636,560910,2024-03-21
2,07:19,"2pt layup (in the paint) made by Kiara Johnson(BUF), assist Kirsten Lewis-Williams(BUF)",13 - 17,5254450,560636,560910,2024-03-21
2,07:41,"2pt layup (under the basket) made by Taisha Exanor(MON), assist Sandrine Clesca(MON)",13 - 15,5254450,560636,560910,2024-03-21
2,08:01,"2pt jump shot (inside left) missed by Chellia Watson(BUF), rebound defensive Kaci Donovan(MON)",11 - 15,5254450,560636,560910,2024-03-21
2,08:17,Substitution MON: in Ella Farrelly,11 - 15,5254450,560636,560910,2024-03-21
2,08:17,Substitution MON: out Belle Kranbuhl,11 - 15,5254450,560636,560910,2024-03-21
2,08:17,Free throw 2 of 2 made by Belle Kranbuhl(MON),11 - 15,5254450,560636,560910,2024-03-21
2,08:17,Free throw 1 of 2 made by Belle Kranbuhl(MON),10 - 15,5254450,560636,560910,2024-03-21
2,08:17,Foul personal (shooting;2 free throws) (in the paint) Kirsten Lewis-Williams(BUF),9 - 15,5254450,560636,560910,2024-03-21
2,08:31,Free throw 2 of 2 made by Chellia Watson(BUF),9 - 15,5254450,560636,560910,2024-03-21
2,08:31,"Free throw 1 of 2 missed by Chellia Watson(BUF), rebound offensive dead ball BUF",9 - 14,5254450,560636,560910,2024-03-21
2,08:31,Substitution BUF: in Kiara Johnson,9 - 14,5254450,560636,560910,2024-03-21
2,08:31,Substitution BUF: in Rana Elhusseini,9 - 14,5254450,560636,560910,2024-03-21
2,08:31,Substitution BUF: out Hattie Ogden,9 - 14,5254450,560636,560910,2024-03-21
2,08:31,Substitution BUF: out Paula Lopez,9 - 14,5254450,560636,560910,2024-03-21
2,08:31,Foul personal (shooting;2 free throws) (in the paint) Sandrine Clesca(MON),9 - 14,5254450,560636,560910,2024-03-21
2,08:52,"2pt layup (under the basket) made by Belle Kranbuhl(MON), assist Sandrine Clesca(MON)",9 - 14,5254450,560636,560910,2024-03-21
2,09:07,"2pt layup (under the basket) missed by Alexis Davis(BUF), rebound defensive Belle Kranbuhl(MON)",7 - 14,5254450,560636,560910,2024-03-21
2,09:28,"2pt layup (in the paint) missed by Sandrine Clesca(MON), rebound defensive Kirsten Lewis-Williams(BUF)",7 - 14,5254450,560636,560910,2024-03-21
2,09:48,"3pt jump shot (outside right) missed by Hattie Ogden(BUF), rebound defensive Sandrine Clesca(MON)",7 - 14,5254450,560636,560910,2024-03-21
2,10:00,Period start,7 - 14,5254450,560636,560910,2024-03-21
2,10:00,Substitution MON: in Taisha Exanor,7 - 14,5254450,560636,560910,2024-03-21
2,10:00,Substitution MON: out Jania Hall,7 - 14,5254450,560636,560910,2024-03-21
2,10:00,Substitution BUF: in Kirsten Lewis-Williams,7 - 14,5254450,560636,560910,2024-03-21
2,10:00,Substitution BUF: out Rana Elhusseini,7 - 14,5254450,560636,560910,2024-03-21
1,00:00.00,Period end (confirmed),7 - 14,5254450,560636,560910,2024-03-21
1,00:13.90,"2pt jump shot (off turnover) (inside right) missed by Belle Kranbuhl(MON), rebound defensive Rana Elhusseini(BUF)",7 - 14,5254450,560636,560910,2024-03-21
1,00:36.80,Turnover dribbling (in the paint) Alexis Davis(BUF),7 - 14,5254450,560636,560910,2024-03-21
1,00:49.80,"2pt layup (off turnover;blocked) (under the basket) missed by Kaci Donovan(MON), block Hattie Ogden(BUF), rebound defensive (team) BUF",7 - 14,5254450,560636,560910,2024-03-21
1,01:03,"Turnover lost ball (inside right) Paula Lopez(BUF), steal Rosalie Mercille(MON)",7 - 14,5254450,560636,560910,2024-03-21
1,01:11,"3pt jump shot (off turnover) (outside right) missed by Kaci Donovan(MON), rebound defensive Rana Elhusseini(BUF)",7 - 14,5254450,560636,560910,2024-03-21
1,01:23,Substitution MON: in Kaci Donovan,7 - 14,5254450,560636,560910,2024-03-21
1,01:23,Substitution MON: in Sandrine Clesca,7 - 14,5254450,560636,560910,2024-03-21
1,01:23,Substitution MON: out Ella Farrelly,7 - 14,5254450,560636,560910,2024-03-21
1,01:23,Substitution MON: out Jaye Haynes,7 - 14,5254450,560636,560910,2024-03-21
1,01:23,Substitution BUF: in Paula Lopez,7 - 14,5254450,560636,560910,2024-03-21
1,01:23,Substitution BUF: out Kirsten Lewis-Williams,7 - 14,5254450,560636,560910,2024-03-21
1,01:23,Turnover shot clock (team) (outside left) BUF,7 - 14,5254450,560636,560910,2024-03-21
1,01:25,3pt (outside left) missed by BUF,7 - 14,5254450,560636,560910,2024-03-21
1,01:54,"2pt layup (2nd chance) (under the basket) missed by Jania Hall(MON), rebound defensive Kirsten Lewis-Williams(BUF)",7 - 14,5254450,560636,560910,2024-03-21
1,01:59,"2pt layup (under the basket) missed by Jania Hall(MON), rebound offensive Jania Hall(MON)",7 - 14,5254450,560636,560910,2024-03-21
1,02:16,2pt layup (fast break) (under the basket) made by Chellia Watson(BUF),7 - 14,5254450,560636,560910,2024-03-21
1,02:23,"2pt jump shot (2nd chance) (in the paint) missed by Belle Kranbuhl(MON), rebound defensive Chellia Watson(BUF)",7 - 12,5254450,560636,560910,2024-03-21
1,02:35,Substitution MON: in Belle Kranbuhl,7 - 12,5254450,560636,560910,2024-03-21
1,02:35,Substitution MON: in Rosalie Mercille,7 - 12,5254450,560636,560910,2024-03-21
1,02:35,Substitution MON: out Kayla Richardson,7 - 12,5254450,560636,560910,2024-03-21
1,02:35,Substitution MON: out Ariana Vanderhoop,7 - 12,5254450,560636,560910,2024-03-21
1,02:35,Jump ball held ball MON,7 - 12,5254450,560636,560910,2024-03-21
1,02:39,"3pt jump shot (outside center) missed by Kayla Richardson(MON), rebound offensive Ella Farrelly(MON)",7 - 12,5254450,560636,560910,2024-03-21
1,02:47,"2pt layup (off turnover) (under the basket) missed by Kirsten Lewis-Williams(BUF), rebound defensive Ella Farrelly(MON)",7 - 12,5254450,560636,560910,2024-03-21
1,02:55,"Turnover lost ball (inside right) Kayla Richardson(MON), steal Hattie Ogden(BUF)",7 - 12,5254450,560636,560910,2024-03-21
1,03:23,Turnover travel (in the paint) Rana Elhusseini(BUF),7 - 12,5254450,560636,560910,2024-03-21
1,03:29,"2pt jump shot (in the paint) missed by Ariana Vanderhoop(MON), rebound defensive Rana Elhusseini(BUF)",7 - 12,5254450,560636,560910,2024-03-21
1,03:59,"2pt layup (under the basket) made by Alexis Davis(BUF), assist Rana Elhusseini(BUF)",7 - 12,5254450,560636,560910,2024-03-21
1,04:08,"2pt jump shot (inside center) missed by Kayla Richardson(MON), rebound defensive Hattie Ogden(BUF)",7 - 10,5254450,560636,560910,2024-03-21
1,04:20,"2pt jump shot (off turnover) (in the paint) made by Chellia Watson(BUF), assist Rana Elhusseini(BUF)",7 - 10,5254450,560636,560910,2024-03-21
1,04:30,Substitution MON: in Kayla Richardson,7 - 8,5254450,560636,560910,2024-03-21
1,04:30,Substitution MON: out Taisha Exanor,7 - 8,5254450,560636,560910,2024-03-21
1,04:30,Timeout commercial,7 - 8,5254450,560636,560910,2024-03-21
1,04:30,"Turnover lost ball Ariana Vanderhoop(MON), steal Kirsten Lewis-Williams(BUF)",7 - 8,5254450,560636,560910,2024-03-21
1,04:30,Jump ball held ball BUF,7 - 8,5254450,560636,560910,2024-03-21
1,04:35,"3pt jump shot (outside left) missed by Jania Hall(MON), rebound offensive Ariana Vanderhoop(MON)",7 - 8,5254450,560636,560910,2024-03-21
1,05:05,"Free throw 1 of 1 (2nd chance) missed by Kirsten Lewis-Williams(BUF), rebound defensive Ella Farrelly(MON)",7 - 8,5254450,560636,560910,2024-03-21
1,05:05,Substitution MON: in Ella Farrelly,7 - 8,5254450,560636,560910,2024-03-21
1,05:05,Substitution MON: in Jaye Haynes,7 - 8,5254450,560636,560910,2024-03-21
1,05:05,Substitution MON: in Jania Hall,7 - 8,5254450,560636,560910,2024-03-21
1,05:05,Substitution MON: out Belle Kranbuhl,7 - 8,5254450,560636,560910,2024-03-21
1,05:05,Substitution MON: out Kaci Donovan,7 - 8,5254450,560636,560910,2024-03-21
1,05:05,Substitution MON: out Sandrine Clesca,7 - 8,5254450,560636,560910,2024-03-21
1,05:05,Substitution BUF: in Hattie Ogden,7 - 8,5254450,560636,560910,2024-03-21
1,05:05,Substitution BUF: out Kiara Johnson,7 - 8,5254450,560636,560910,2024-03-21
1,05:05,Foul personal (shooting;1 free throw) (under the basket) Kaci Donovan(MON),7 - 8,5254450,560636,560910,2024-03-21
1,05:05,2pt layup (2nd chance) (under the basket) made by Kirsten Lewis-Williams(BUF),7 - 8,5254450,560636,560910,2024-03-21
1,05:17,"2pt jump shot (inside right) missed by Chellia Watson(BUF), rebound offensive Alexis Davis(BUF)",7 - 6,5254450,560636,560910,2024-03-21
1,05:17,2pt (inside right) made by BUF,7 - 8,5254450,560636,560910,2024-03-21
1,05:37,"3pt jump shot (outside right) missed by Kaci Donovan(MON), rebound defensive Rana Elhusseini(BUF)",7 - 6,5254450,560636,560910,2024-03-21
1,05:48,2pt jump shot (inside left) made by Chellia Watson(BUF),7 - 6,5254450,560636,560910,2024-03-21
1,06:11,2pt layup (2nd chance) (in the paint) made by Belle Kranbuhl(MON),7 - 4,5254450,560636,560910,2024-03-21
1,06:16,"3pt jump shot (outside left) missed by Kaci Donovan(MON), rebound offensive Belle Kranbuhl(MON)",5 - 4,5254450,560636,560910,2024-03-21
1,06:29,Jump ball held ball MON,5 - 4,5254450,560636,560910,2024-03-21
1,06:35,"2pt layup (2nd chance;off turnover) (in the paint) missed by Rana Elhusseini(BUF), rebound defensive Sandrine Clesca(MON)",5 - 4,5254450,560636,560910,2024-03-21
1,06:53,"3pt jump shot (off turnover) (outside left) missed by Chellia Watson(BUF), rebound offensive (team) BUF",5 - 4,5254450,560636,560910,2024-03-21
1,07:11,Turnover out of bounds (outside left) Kaci Donovan(MON),5 - 4,5254450,560636,560910,2024-03-21
1,07:16,"3pt jump shot (outside center) missed by Taisha Exanor(MON), rebound offensive Kaci Donovan(MON)",5 - 4,5254450,560636,560910,2024-03-21
1,07:28,"2pt layup (under the basket) missed by Alexis Davis(BUF), rebound defensive Kaci Donovan(MON)",5 - 4,5254450,560636,560910,2024-03-21
1,07:39,"3pt jump shot (outside left) missed by Kaci Donovan(MON), rebound defensive Kiara Johnson(BUF)",5 - 4,5254450,560636,560910,2024-03-21
1,07:58,"2pt layup (in the paint) made by Kirsten Lewis-Williams(BUF), assist Rana Elhusseini(BUF)",5 - 4,5254450,560636,560910,2024-03-21
1,08:23,"2pt layup (under the basket) made by Belle Kranbuhl(MON), assist Taisha Exanor(MON)",5 - 2,5254450,560636,560910,2024-03-21
1,08:44,2pt jump shot (inside left) made by Chellia Watson(BUF),3 - 2,5254450,560636,560910,2024-03-21
1,09:11,"3pt jump shot (outside right) made by Kaci Donovan(MON), assist Sandrine Clesca(MON)",3 - 0,5254450,560636,560910,2024-03-21
1,09:29,"2pt layup (2nd chance) (under the basket) missed by Kirsten Lewis-Williams(BUF), rebound defensive Kaci Donovan(MON)",0 - 0,5254450,560636,560910,2024-03-21
1,09:33,"2pt layup (2nd chance) (under the basket) missed by Kirsten Lewis-Williams(BUF), rebound offensive Kirsten Lewis-Williams(BUF)",0 - 0,5254450,560636,560910,2024-03-21
1,09:40,"2pt layup (under the basket) missed by Chellia Watson(BUF), rebound offensive Chellia Watson(BUF)",0 - 0,5254450,560636,560910,2024-03-21
1,10:00,"Jump ball start period, won Alexis Davis(BUF), lost Belle Kranbuhl(MON)",0 - 0,5254450,560636,560910,2024-03-21
1,10:00,Period start,0 - 0,5254450,560636,560910,2024-03-21
1,10:00,Game start,0 - 0,5254450,560636,560910,2024-03-21
3,02:22,"Foul technical Ashley Owusu(Penn St.), turnover offensive Ashley Owusu(Penn St.)",53 - 46,5254263,561013,560762,2024-03-21
3,02:22,Foul personal (shooting;1 free throw) (under the basket) Paula Suarez(George Mason),53 - 46,5254263,561013,560762,2024-03-21
3,02:22,2pt layup (under the basket) made by Ashley Owusu(Penn St.),53 - 46,5254263,561013,560762,2024-03-21
3,02:40,"2pt layup (in the paint) missed by Sonia Smith(George Mason), rebound defensive Makenna Marisa(Penn St.)",53 - 44,5254263,561013,560762,2024-03-21
3,02:50,"3pt jump shot (2nd chance) (outside left) missed by Chanaya Pinto(Penn St.), rebound defensive Sonia Smith(George Mason)",53 - 44,5254263,561013,560762,2024-03-21
3,02:59,Jump ball held ball Penn St.,53 - 44,5254263,561013,560762,2024-03-21
3,02:59,Jump ball held ball Penn St.,53 - 44,5254263,561013,560762,2024-03-21
3,03:02,"2pt jump shot (in the paint) missed by Ashley Owusu(Penn St.), rebound defensive Ta'Viyanna Habib(George Mason), rebound offensive (team) Penn St.",53 - 44,5254263,561013,560762,2024-03-21
3,03:14,Substitution George Mason: in Paula Suarez,53 - 44,5254263,561013,560762,2024-03-21
3,03:14,Substitution George Mason: out Taylor Jameson,53 - 44,5254263,561013,560762,2024-03-21
3,03:14,Substitution Penn St.: in Makenna Marisa,53 - 44,5254263,561013,560762,2024-03-21
3,03:14,Substitution Penn St.: in Chanaya Pinto,53 - 44,5254263,561013,560762,2024-03-21
3,03:14,Substitution Penn St.: in Leilani Kapinus,53 - 44,5254263,561013,560762,2024-03-21
3,03:14,Substitution Penn St.: in Ashley Owusu,53 - 44,5254263,561013,560762,2024-03-21
3,03:14,Substitution Penn St.: out Alli Campbell,53 - 44,5254263,561013,560762,2024-03-21
3,03:14,Substitution Penn St.: out Shay Ciezki,53 - 44,5254263,561013,560762,2024-03-21
3,03:14,Substitution Penn St.: out Moriah Murray,53 - 44,5254263,561013,560762,2024-03-21
3,03:14,Substitution Penn St.: out Ali Brigham,53 - 44,5254263,561013,560762,2024-03-21
3,03:14,"2pt layup (off turnover) (under the basket) missed by Zahirah Walton(George Mason), rebound defensive (team) Penn St.",53 - 44,5254263,561013,560762,2024-03-21
3,03:20,"Turnover bad pass (inside right) Alli Campbell(Penn St.), steal Zahirah Walton(George Mason)",53 - 44,5254263,561013,560762,2024-03-21
3,03:38,"2pt layup (2nd chance) (under the basket) made by Zahirah Walton(George Mason), assist Nekhu Mitchell(George Mason)",53 - 44,5254263,561013,560762,2024-03-21
3,03:43,"3pt jump shot (outside left) missed by Ta'Viyanna Habib(George Mason), rebound offensive Nekhu Mitchell(George Mason)",51 - 44,5254263,561013,560762,2024-03-21
3,04:01,2pt layup (under the basket) made by Alli Campbell(Penn St.),51 - 44,5254263,561013,560762,2024-03-21
3,04:24,3pt step back jump shot (off turnover) (outside left) made by Sonia Smith(George Mason),51 - 42,5254263,561013,560762,2024-03-21
3,04:36,"Turnover bad pass (inside right) Moriah Murray(Penn St.), steal Zahirah Walton(George Mason)",48 - 42,5254263,561013,560762,2024-03-21
3,04:49,Substitution Penn St.: in Kylie Lavelle,48 - 42,5254263,561013,560762,2024-03-21
3,04:49,Substitution Penn St.: out Makenna Marisa,48 - 42,5254263,561013,560762,2024-03-21
3,09:41,"Turnover bad pass Nekhu Mitchell(George Mason), steal Shay Ciezki(Penn St.)",48 - 42,5254263,561013,560762,2024-03-21
3,04:49,Timeout commercial,48 - 42,5254263,561013,560762,2024-03-21
3,04:53,"3pt jump shot (outside right) missed by Zahirah Walton(George Mason), rebound defensive (team) Penn St.",48 - 42,5254263,561013,560762,2024-03-21
3,05:08,"2pt layup (under the basket) missed by Makenna Marisa(Penn St.), rebound defensive Ta'Viyanna Habib(George Mason)",48 - 42,5254263,561013,560762,2024-03-21
3,05:21,Substitution George Mason: in Ta'Viyanna Habib,48 - 42,5254263,561013,560762,2024-03-21
3,05:21,Substitution George Mason: in Taylor Jameson,48 - 42,5254263,561013,560762,2024-03-21
3,05:21,Substitution George Mason: out Paula Suarez,48 - 42,5254263,561013,560762,2024-03-21
3,05:21,Substitution George Mason: out Jazmyn Doster,48 - 42,5254263,561013,560762,2024-03-21
3,05:21,Free throw 2 of 2 made by Jazmyn Doster(George Mason),48 - 42,5254263,561013,560762,2024-03-21
3,05:21,"Free throw 1 of 2 missed by Jazmyn Doster(George Mason), rebound offensive dead ball George Mason",47 - 42,5254263,561013,560762,2024-03-21
3,05:21,Substitution Penn St.: in Alli Campbell,47 - 42,5254263,561013,560762,2024-03-21
3,05:21,Substitution Penn St.: in Shay Ciezki,47 - 42,5254263,561013,560762,2024-03-21
3,05:21,Substitution Penn St.: out Leilani Kapinus,47 - 42,5254263,561013,560762,2024-03-21
3,05:21,Substitution Penn St.: out Ashley Owusu,47 - 42,5254263,561013,560762,2024-03-21
3,05:21,Foul personal (shooting;2 free throws) (under the basket) Leilani Kapinus(Penn St.),47 - 42,5254263,561013,560762,2024-03-21
3,05:43,"2pt jump shot (2nd chance) (inside left) missed by Ashley Owusu(Penn St.), rebound defensive Nekhu Mitchell(George Mason)",47 - 42,5254263,561013,560762,2024-03-21
3,06:00,"2pt jump shot (inside center) missed by Leilani Kapinus(Penn St.), rebound offensive Moriah Murray(Penn St.)",47 - 42,5254263,561013,560762,2024-03-21
3,06:08,3pt jump shot (outside left) made by Sonia Smith(George Mason),47 - 42,5254263,561013,560762,2024-03-21
3,06:25,"3pt jump shot (off turnover) (outside right) made by Ashley Owusu(Penn St.), assist Leilani Kapinus(Penn St.)",44 - 42,5254263,561013,560762,2024-03-21
3,06:44,Turnover travel (under the basket) Jazmyn Doster(George Mason),44 - 39,5254263,561013,560762,2024-03-21
3,07:01,Free throw 2 of 2 (fast break) made by Ashley Owusu(Penn St.),44 - 39,5254263,561013,560762,2024-03-21
3,07:01,"Free throw 1 of 2 (fast break) missed by Ashley Owusu(Penn St.), rebound offensive dead ball Penn St.",44 - 38,5254263,561013,560762,2024-03-21
3,07:01,Foul personal (shooting;2 free throws) (under the basket) Paula Suarez(George Mason),44 - 38,5254263,561013,560762,2024-03-21
3,07:07,"3pt jump shot (outside right) made by Zahirah Walton(George Mason), assist Paula Suarez(George Mason)",44 - 38,5254263,561013,560762,2024-03-21
3,07:24,"2pt layup (in the paint) made by Ashley Owusu(Penn St.), assist Ali Brigham(Penn St.)",41 - 38,5254263,561013,560762,2024-03-21
3,07:44,"2pt jump shot (2nd chance) (in the paint) made by Zahirah Walton(George Mason), assist Paula Suarez(George Mason)",41 - 36,5254263,561013,560762,2024-03-21
3,07:46,"2pt layup (2nd chance;blocked) (under the basket) missed by Zahirah Walton(George Mason), block Leilani Kapinus(Penn St.), rebound offensive (team) George Mason",39 - 36,5254263,561013,560762,2024-03-21
3,07:51,"3pt jump shot (outside left) missed by Sonia Smith(George Mason), rebound offensive Sonia Smith(George Mason)",39 - 36,5254263,561013,560762,2024-03-21
3,07:57,Substitution Penn St.: in Ashley Owusu,39 - 36,5254263,561013,560762,2024-03-21
3,07:57,Substitution Penn St.: out Chanaya Pinto,39 - 36,5254263,561013,560762,2024-03-21
3,08:03,Substitution George Mason: in Zahirah Walton,39 - 36,5254263,561013,560762,2024-03-21
3,08:03,Substitution George Mason: out Ta'Viyanna Habib,39 - 36,5254263,561013,560762,2024-03-21
3,08:03,Free throw 2 of 2 made by Makenna Marisa(Penn St.),39 - 36,5254263,561013,560762,2024-03-21
3,08:03,Free throw 1 of 2 made by Makenna Marisa(Penn St.),39 - 35,5254263,561013,560762,2024-03-21
3,08:03,Foul personal (shooting;2 free throws) (under the basket) Nekhu Mitchell(George Mason),39 - 34,5254263,561013,560762,2024-03-21
3,08:20,Substitution Penn St.: in Moriah Murray,39 - 34,5254263,561013,560762,2024-03-21
3,08:20,Substitution Penn St.: out Shay Ciezki,39 - 34,5254263,561013,560762,2024-03-21
3,08:25,"3pt jump shot (off turnover) (outside left wing) missed by Sonia Smith(George Mason), rebound defensive Ali Brigham(Penn St.)",39 - 34,5254263,561013,560762,2024-03-21
3,08:34,Substitution Penn St.: in Makenna Marisa,39 - 34,5254263,561013,560762,2024-03-21
3,08:34,Substitution Penn St.: out Ashley Owusu,39 - 34,5254263,561013,560762,2024-03-21
3,08:34,"Foul offensive (back court) Ashley Owusu(Penn St.), turnover offensive Ashley Owusu(Penn St.), foul on Nekhu Mitchell(George Mason)",39 - 34,5254263,561013,560762,2024-03-21
3,08:58,"2pt jump shot (off turnover) (inside center) missed by Sonia Smith(George Mason), rebound defensive Ashley Owusu(Penn St.)",39 - 34,5254263,561013,560762,2024-03-21
3,09:05,"Turnover bad pass (outside left) Shay Ciezki(Penn St.), steal Paula Suarez(George Mason)",39 - 34,5254263,561013,560762,2024-03-21
3,09:15,"3pt jump shot (2nd chance) (outside center) missed by Nekhu Mitchell(George Mason), rebound defensive Ali Brigham(Penn St.)",39 - 34,5254263,561013,560762,2024-03-21
3,09:21,"2pt layup (under the basket) missed by Sonia Smith(George Mason), rebound offensive Ta'Viyanna Habib(George Mason)",39 - 34,5254263,561013,560762,2024-03-21
3,09:41,2pt jump shot (off turnover) (in the paint) missed by Ali Brigham(Penn St.),48 - 42,5254263,561013,560762,2024-03-21
3,10:00,Period start,39 - 34,5254263,561013,560762,2024-03-21
3,10:00,Substitution George Mason: in Nekhu Mitchell,39 - 34,5254263,561013,560762,2024-03-21
3,10:00,Substitution George Mason: out Jada Brown,39 - 34,5254263,561013,560762,2024-03-21
3,10:00,Substitution Penn St.: in Ali Brigham,39 - 34,5254263,561013,560762,2024-03-21
3,10:00,Substitution Penn St.: in Ashley Owusu,39 - 34,5254263,561013,560762,2024-03-21
3,10:00,Substitution Penn St.: out Jayla Oden,39 - 34,5254263,561013,560762,2024-03-21
3,10:00,Substitution Penn St.: out Grace Hall,39 - 34,5254263,561013,560762,2024-03-21
2,06:19,Substitution George Mason: out Sonia Smith,39 - 34,5254263,561013,560762,2024-03-21
2,06:19,Substitution George Mason: in Ta'Viyanna Habib,39 - 34,5254263,561013,560762,2024-03-21
2,06:19,Substitution George Mason: out Zahirah Walton,39 - 34,5254263,561013,560762,2024-03-21
2,07:51,Substitution George Mason: in Ta'Viyanna Habib,39 - 34,5254263,561013,560762,2024-03-21
2,07:51,Substitution George Mason: out Sonia Smith,39 - 34,5254263,561013,560762,2024-03-21
2,07:51,Substitution Penn St.: in Makenna Marisa,39 - 34,5254263,561013,560762,2024-03-21
2,07:51,Substitution Penn St.: in Leilani Kapinus,39 - 34,5254263,561013,560762,2024-03-21
2,07:51,Substitution Penn St.: in Ali Brigham,39 - 34,5254263,561013,560762,2024-03-21
2,07:51,Substitution Penn St.: out Alli Campbell,39 - 34,5254263,561013,560762,2024-03-21
2,07:51,Substitution Penn St.: out Jayla Oden,39 - 34,5254263,561013,560762,2024-03-21
2,07:51,Substitution Penn St.: out Grace Hall,39 - 34,5254263,561013,560762,2024-03-21
2,07:51,"Foul personal (under the basket) Jayla Oden(Penn St.), foul on Zahirah Walton(George Mason)",39 - 34,5254263,561013,560762,2024-03-21
2,00:00.00,Period end (confirmed),39 - 34,5254263,561013,560762,2024-03-21
2,00:03.30,"Foul offensive (under the basket) Grace Hall(Penn St.), turnover offensive Grace Hall(Penn St.), foul on Jazmyn Doster(George Mason)",39 - 34,5254263,561013,560762,2024-03-21
2,00:27.30,2pt layup (fast break) (under the basket) made by Ta'Viyanna Habib(George Mason),39 - 34,5254263,561013,560762,2024-03-21
2,00:34.00,"Foul personal (back court) Leilani Kapinus(Penn St.), foul on Paula Suarez(George Mason)",37 - 34,5254263,561013,560762,2024-03-21
2,00:36.20,Free throw 2 of 2 made by Leilani Kapinus(Penn St.),37 - 34,5254263,561013,560762,2024-03-21
2,00:36.20,"Free throw 1 of 2 missed by Leilani Kapinus(Penn St.), rebound offensive dead ball Penn St.",37 - 33,5254263,561013,560762,2024-03-21
2,00:36.20,Substitution George Mason: in Jada Brown,37 - 33,5254263,561013,560762,2024-03-21
2,00:36.20,Substitution George Mason: out Zahirah Walton,37 - 33,5254263,561013,560762,2024-03-21
2,00:36.20,Substitution Penn St.: in Jayla Oden,37 - 33,5254263,561013,560762,2024-03-21
2,00:36.20,Substitution Penn St.: in Grace Hall,37 - 33,5254263,561013,560762,2024-03-21
2,00:36.20,Substitution Penn St.: out Makenna Marisa,37 - 33,5254263,561013,560762,2024-03-21
2,00:36.20,Substitution Penn St.: out Ali Brigham,37 - 33,5254263,561013,560762,2024-03-21
2,00:36.20,Foul personal (shooting;2 free throws) (in the paint) Zahirah Walton(George Mason),37 - 33,5254263,561013,560762,2024-03-21
2,01:06,"3pt jump shot (off turnover) (outside left) missed by Zahirah Walton(George Mason), rebound defensive Leilani Kapinus(Penn St.)",37 - 33,5254263,561013,560762,2024-03-21
2,01:24,Substitution George Mason: in Paula Suarez,37 - 33,5254263,561013,560762,2024-03-21
2,01:24,Substitution George Mason: out Jada Brown,37 - 33,5254263,561013,560762,2024-03-21
2,01:24,Substitution Penn St.: in Chanaya Pinto,37 - 33,5254263,561013,560762,2024-03-21
2,01:24,Substitution Penn St.: out Jayla Oden,37 - 33,5254263,561013,560762,2024-03-21
2,01:24,Turnover shot clock (team) (under the basket) Penn St.,37 - 33,5254263,561013,560762,2024-03-21
2,01:24,"2pt layup (blocked) (under the basket) missed by Ali Brigham(Penn St.), block Jazmyn Doster(George Mason), rebound offensive dead ball Penn St.",37 - 33,5254263,561013,560762,2024-03-21
2,01:28,Jump ball held ball Penn St.,37 - 33,5254263,561013,560762,2024-03-21
2,01:44,Substitution George Mason: in Jazmyn Doster,37 - 33,5254263,561013,560762,2024-03-21
2,01:44,Substitution George Mason: out Paula Suarez,37 - 33,5254263,561013,560762,2024-03-21
2,01:44,Substitution Penn St.: in Makenna Marisa,37 - 33,5254263,561013,560762,2024-03-21
2,01:44,Substitution Penn St.: out Ashley Owusu,37 - 33,5254263,561013,560762,2024-03-21
2,01:58,"3pt jump shot (off turnover) (outside left) missed by Jada Brown(George Mason), rebound defensive Ali Brigham(Penn St.)",37 - 33,5254263,561013,560762,2024-03-21
2,02:12,Substitution Penn St.: in Ali Brigham,37 - 33,5254263,561013,560762,2024-03-21
2,02:12,Substitution Penn St.: out Grace Hall,37 - 33,5254263,561013,560762,2024-03-21
2,02:12,"Foul offensive (under the basket) Jayla Oden(Penn St.), turnover offensive Jayla Oden(Penn St.), foul on Paula Suarez(George Mason)",37 - 33,5254263,561013,560762,2024-03-21
2,02:19,2pt layup (under the basket) made by Sonia Smith(George Mason),37 - 33,5254263,561013,560762,2024-03-21
2,02:29,"2pt jump shot (inside center) missed by Ashley Owusu(Penn St.), rebound defensive Paula Suarez(George Mason)",35 - 33,5254263,561013,560762,2024-03-21
2,02:51,Free throw 1 of 1 made by Zahirah Walton(George Mason),35 - 33,5254263,561013,560762,2024-03-21
2,02:51,Foul personal (shooting;1 free throw) (in the paint) Grace Hall(Penn St.),34 - 33,5254263,561013,560762,2024-03-21
2,02:51,"2pt layup (in the paint) made by Zahirah Walton(George Mason), assist Sonia Smith(George Mason)",34 - 33,5254263,561013,560762,2024-03-21
2,03:00,"2pt jump shot (off turnover) (in the paint) missed by Grace Hall(Penn St.), rebound defensive (team) George Mason",32 - 33,5254263,561013,560762,2024-03-21
2,03:16,Substitution George Mason: in Jada Brown,32 - 33,5254263,561013,560762,2024-03-21
2,03:16,Substitution George Mason: in Zahirah Walton,32 - 33,5254263,561013,560762,2024-03-21
2,03:16,Substitution George Mason: out Jazmyn Doster,32 - 33,5254263,561013,560762,2024-03-21
2,03:16,Substitution George Mason: out Taylor Jameson,32 - 33,5254263,561013,560762,2024-03-21
2,03:16,Substitution Penn St.: in Jayla Oden,32 - 33,5254263,561013,560762,2024-03-21
2,03:16,Substitution Penn St.: in Grace Hall,32 - 33,5254263,561013,560762,2024-03-21
2,03:16,Substitution Penn St.: in Shay Ciezki,32 - 33,5254263,561013,560762,2024-03-21
2,03:16,Substitution Penn St.: in Ashley Owusu,32 - 33,5254263,561013,560762,2024-03-21
2,03:16,Substitution Penn St.: out Makenna Marisa,32 - 33,5254263,561013,560762,2024-03-21
2,03:16,Substitution Penn St.: out Chanaya Pinto,32 - 33,5254263,561013,560762,2024-03-21
2,03:16,Substitution Penn St.: out Moriah Murray,32 - 33,5254263,561013,560762,2024-03-21
2,03:16,Substitution Penn St.: out Ali Brigham,32 - 33,5254263,561013,560762,2024-03-21
2,03:16,Timeout commercial,32 - 33,5254263,561013,560762,2024-03-21
2,03:16,"Foul offensive (back court) Taylor Jameson(George Mason), turnover offensive Taylor Jameson(George Mason), foul on Chanaya Pinto(Penn St.)",32 - 33,5254263,561013,560762,2024-03-21
2,03:16,Foul (in the paint) Penn St.,32 - 33,5254263,561013,560762,2024-03-21
2,03:23,"Turnover bad pass (under the basket) Moriah Murray(Penn St.), steal Jazmyn Doster(George Mason)",32 - 33,5254263,561013,560762,2024-03-21
2,03:45,"3pt jump shot (outside left) made by Paula Suarez(George Mason), assist Jazmyn Doster(George Mason)",32 - 33,5254263,561013,560762,2024-03-21
2,03:57,"3pt jump shot (outside right) missed by Moriah Murray(Penn St.), rebound defensive Paula Suarez(George Mason)",29 - 33,5254263,561013,560762,2024-03-21
2,04:05,"3pt jump shot (outside left) missed by Taylor Jameson(George Mason), rebound defensive Leilani Kapinus(Penn St.)",29 - 33,5254263,561013,560762,2024-03-21
2,04:24,"2pt layup (2nd chance) (under the basket) made by Ali Brigham(Penn St.), assist Chanaya Pinto(Penn St.)",29 - 33,5254263,561013,560762,2024-03-21
2,04:30,"3pt jump shot (outside left) missed by Moriah Murray(Penn St.), rebound offensive Chanaya Pinto(Penn St.)",29 - 31,5254263,561013,560762,2024-03-21
2,04:52,"2pt jump shot (off turnover) (inside center) missed by Sonia Smith(George Mason), rebound defensive Leilani Kapinus(Penn St.)",29 - 31,5254263,561013,560762,2024-03-21
2,05:02,Substitution George Mason: in Taylor Jameson,29 - 31,5254263,561013,560762,2024-03-21
2,05:02,Substitution George Mason: out Nekhu Mitchell,29 - 31,5254263,561013,560762,2024-03-21
2,05:02,Turnover bad pass (inside left wing) Moriah Murray(Penn St.),29 - 31,5254263,561013,560762,2024-03-21
2,05:08,"3pt jump shot (outside right) missed by Ta'Viyanna Habib(George Mason), rebound defensive Ali Brigham(Penn St.)",29 - 31,5254263,561013,560762,2024-03-21
2,05:22,"2pt layup (under the basket) made by Ali Brigham(Penn St.), assist Makenna Marisa(Penn St.)",29 - 31,5254263,561013,560762,2024-03-21
2,05:37,Substitution George Mason: in Sonia Smith,29 - 29,5254263,561013,560762,2024-03-21
2,05:37,Substitution George Mason: out Zahirah Walton,29 - 29,5254263,561013,560762,2024-03-21
2,05:37,"Foul personal (back court) Zahirah Walton(George Mason), foul on Leilani Kapinus(Penn St.)",29 - 29,5254263,561013,560762,2024-03-21
2,05:39,"3pt jump shot (2nd chance) (outside right) missed by Nekhu Mitchell(George Mason), rebound defensive Leilani Kapinus(Penn St.)",29 - 29,5254263,561013,560762,2024-03-21
2,05:45,"2pt jump shot (inside left) missed by Ta'Viyanna Habib(George Mason), rebound offensive Jazmyn Doster(George Mason)",29 - 29,5254263,561013,560762,2024-03-21
2,05:58,"3pt jump shot (fast break) (outside left) made by Moriah Murray(Penn St.), assist Chanaya Pinto(Penn St.)",29 - 29,5254263,561013,560762,2024-03-21
2,06:04,"2pt jump shot (off turnover) (inside left) made by Jazmyn Doster(George Mason), assist Paula Suarez(George Mason)",29 - 26,5254263,561013,560762,2024-03-21
2,06:19,Substitution Penn St.: in Chanaya Pinto,27 - 26,5254263,561013,560762,2024-03-21
2,06:19,Substitution Penn St.: in Moriah Murray,27 - 26,5254263,561013,560762,2024-03-21
2,06:19,Substitution Penn St.: out Shay Ciezki,27 - 26,5254263,561013,560762,2024-03-21
2,06:19,Substitution Penn St.: out Ashley Owusu,27 - 26,5254263,561013,560762,2024-03-21
2,06:19,Turnover bad pass (in the paint) Ashley Owusu(Penn St.),27 - 26,5254263,561013,560762,2024-03-21
2,06:32,"2pt layup (under the basket) made by Zahirah Walton(George Mason), assist Paula Suarez(George Mason)",27 - 26,5254263,561013,560762,2024-03-21
2,06:44,"3pt jump shot (outside right) missed by Shay Ciezki(Penn St.), rebound defensive Paula Suarez(George Mason)",25 - 26,5254263,561013,560762,2024-03-21
2,07:04,3pt jump shot (outside right) made by Paula Suarez(George Mason),25 - 26,5254263,561013,560762,2024-03-21
2,07:04,3pt (outside right) missed by George Mason,22 - 26,5254263,561013,560762,2024-03-21
2,07:20,Free throw 1 of 1 made by Ali Brigham(Penn St.),22 - 26,5254263,561013,560762,2024-03-21
2,07:20,Substitution George Mason: in Ta'Viyanna Habib,22 - 25,5254263,561013,560762,2024-03-21
2,07:20,Substitution George Mason: out Sonia Smith,22 - 25,5254263,561013,560762,2024-03-21
2,07:20,Substitution Penn St.: in Makenna Marisa,22 - 25,5254263,561013,560762,2024-03-21
2,07:20,Substitution Penn St.: in Leilani Kapinus,22 - 25,5254263,561013,560762,2024-03-21
2,07:20,Substitution Penn St.: in Ali Brigham,22 - 25,5254263,561013,560762,2024-03-21
2,07:20,Substitution Penn St.: out Alli Campbell,22 - 25,5254263,561013,560762,2024-03-21
2,07:20,Substitution Penn St.: out Jayla Oden,22 - 25,5254263,561013,560762,2024-03-21
2,07:20,Substitution Penn St.: out Grace Hall,22 - 25,5254263,561013,560762,2024-03-21
2,07:20,Foul personal (shooting;1 free throw) (in the paint) Jazmyn Doster(George Mason),22 - 25,5254263,561013,560762,2024-03-21
2,07:20,2pt layup (in the paint) made by Ali Brigham(Penn St.),22 - 25,5254263,561013,560762,2024-03-21
2,07:31,"2pt jump shot (2nd chance) (inside left) missed by Sonia Smith(George Mason), rebound defensive Leilani Kapinus(Penn St.)",22 - 23,5254263,561013,560762,2024-03-21
2,07:55,2pt jump shot (inside left) missed by Nekhu Mitchell(George Mason),39 - 34,5254263,561013,560762,2024-03-21
2,08:02,"2pt layup (under the basket) missed by Alli Campbell(Penn St.), rebound defensive Paula Suarez(George Mason)",22 - 23,5254263,561013,560762,2024-03-21
2,08:07,"2pt layup (in the paint) missed by Sonia Smith(George Mason), rebound defensive Ashley Owusu(Penn St.)",22 - 23,5254263,561013,560762,2024-03-21
2,08:21,2pt jump shot (in the paint) made by Ashley Owusu(Penn St.),22 - 23,5254263,561013,560762,2024-03-21
2,08:49,"2pt layup (2nd chance) (in the paint) missed by Nekhu Mitchell(George Mason), rebound defensive Alli Campbell(Penn St.)",22 - 21,5254263,561013,560762,2024-03-21
2,08:53,"2pt layup (2nd chance) (under the basket) missed by Nekhu Mitchell(George Mason), rebound offensive Zahirah Walton(George Mason)",22 - 21,5254263,561013,560762,2024-03-21
2,09:00,"3pt jump shot (outside right) missed by Sonia Smith(George Mason), rebound offensive Nekhu Mitchell(George Mason)",22 - 21,5254263,561013,560762,2024-03-21
2,09:23,"2pt layup (in the paint) missed by Grace Hall(Penn St.), rebound defensive Zahirah Walton(George Mason)",22 - 21,5254263,561013,560762,2024-03-21
2,09:49,2pt jump shot (inside center) made by Sonia Smith(George Mason),22 - 21,5254263,561013,560762,2024-03-21
2,10:00,Period start,20 - 21,5254263,561013,560762,2024-03-21
2,10:00,Substitution George Mason: in Paula Suarez,20 - 21,5254263,561013,560762,2024-03-21
2,10:00,Substitution George Mason: in Jazmyn Doster,20 - 21,5254263,561013,560762,2024-03-21
2,10:00,Substitution George Mason: out Ta'Viyanna Habib,20 - 21,5254263,561013,560762,2024-03-21
2,10:00,Substitution George Mason: out Jada Brown,20 - 21,5254263,561013,560762,2024-03-21
1,00:00.00,Period end (confirmed),20 - 21,5254263,561013,560762,2024-03-21
1,00:01.50,"2pt layup (2nd chance;off turnover) (in the paint) missed by Ashley Owusu(Penn St.), rebound defensive Zahirah Walton(George Mason)",20 - 21,5254263,561013,560762,2024-03-21
1,00:17.40,"2pt jump shot (off turnover) (in the paint) missed by Shay Ciezki(Penn St.), rebound offensive Jayla Oden(Penn St.)",20 - 21,5254263,561013,560762,2024-03-21
1,00:38.60,Substitution George Mason: in Jada Brown,20 - 21,5254263,561013,560762,2024-03-21
1,00:38.60,Substitution George Mason: out Paula Suarez,20 - 21,5254263,561013,560762,2024-03-21
1,00:38.60,Substitution Penn St.: in Jayla Oden,20 - 21,5254263,561013,560762,2024-03-21
1,00:38.60,Substitution Penn St.: in Grace Hall,20 - 21,5254263,561013,560762,2024-03-21
1,00:38.60,Substitution Penn St.: in Shay Ciezki,20 - 21,5254263,561013,560762,2024-03-21
1,00:38.60,Substitution Penn St.: in Ashley Owusu,20 - 21,5254263,561013,560762,2024-03-21
1,00:38.60,Substitution Penn St.: out Makenna Marisa,20 - 21,5254263,561013,560762,2024-03-21
1,00:38.60,Substitution Penn St.: out Leilani Kapinus,20 - 21,5254263,561013,560762,2024-03-21
1,00:38.60,Substitution Penn St.: out Moriah Murray,20 - 21,5254263,561013,560762,2024-03-21
1,00:38.60,Substitution Penn St.: out Ali Brigham,20 - 21,5254263,561013,560762,2024-03-21
1,00:43.40,"Turnover lost ball (inside center) Paula Suarez(George Mason), steal Ali Brigham(Penn St.), steal Leilani Kapinus(Penn St.)",20 - 21,5254263,561013,560762,2024-03-21
1,00:50.80,"2pt layup (blocked) (under the basket) missed by Ali Brigham(Penn St.), block Zahirah Walton(George Mason), rebound defensive Paula Suarez(George Mason)",20 - 21,5254263,561013,560762,2024-03-21
1,01:15,2pt layup (fast break) (under the basket) made by Sonia Smith(George Mason),20 - 21,5254263,561013,560762,2024-03-21
1,01:22,"2pt jump shot (blocked) (inside left) missed by Makenna Marisa(Penn St.), block Zahirah Walton(George Mason), rebound defensive Nekhu Mitchell(George Mason)",18 - 21,5254263,561013,560762,2024-03-21
1,01:36,"3pt jump shot (off turnover;fast break) (outside left) made by Paula Suarez(George Mason), assist Zahirah Walton(George Mason)",18 - 21,5254263,561013,560762,2024-03-21
1,01:41,"Turnover lost ball (inside left) Leilani Kapinus(Penn St.), steal Zahirah Walton(George Mason)",15 - 21,5254263,561013,560762,2024-03-21
1,02:08,"3pt jump shot (off turnover) (outside left) made by Paula Suarez(George Mason), assist Nekhu Mitchell(George Mason)",15 - 21,5254263,561013,560762,2024-03-21
1,02:17,"Turnover bad pass (under the basket) Moriah Murray(Penn St.), steal Nekhu Mitchell(George Mason)",12 - 21,5254263,561013,560762,2024-03-21
1,02:49,"3pt jump shot (outside center) missed by Paula Suarez(George Mason), rebound defensive Leilani Kapinus(Penn St.)",12 - 21,5254263,561013,560762,2024-03-21
1,03:07,"2pt layup (under the basket) made by Ali Brigham(Penn St.), assist Makenna Marisa(Penn St.)",12 - 21,5254263,561013,560762,2024-03-21
1,03:17,"3pt jump shot (2nd chance) (outside left wing) made by Ta'Viyanna Habib(George Mason), assist Sonia Smith(George Mason)",12 - 19,5254263,561013,560762,2024-03-21
1,03:28,Substitution Penn St.: in Ali Brigham,9 - 19,5254263,561013,560762,2024-03-21
1,03:28,Substitution Penn St.: out Kylie Lavelle,9 - 19,5254263,561013,560762,2024-03-21
1,03:30,"2pt layup (under the basket) missed by Nekhu Mitchell(George Mason), rebound offensive (team) George Mason",9 - 19,5254263,561013,560762,2024-03-21
1,03:49,"3pt jump shot (outside left) missed by Kylie Lavelle(Penn St.), rebound defensive Nekhu Mitchell(George Mason)",9 - 19,5254263,561013,560762,2024-03-21
1,03:58,"2pt layup (off turnover) (under the basket) made by Ta'Viyanna Habib(George Mason), assist Sonia Smith(George Mason)",9 - 19,5254263,561013,560762,2024-03-21
1,04:11,Substitution Penn St.: in Leilani Kapinus,7 - 19,5254263,561013,560762,2024-03-21
1,04:11,Substitution Penn St.: out Shay Ciezki,7 - 19,5254263,561013,560762,2024-03-21
1,04:11,Turnover travel (outside right) Moriah Murray(Penn St.),7 - 19,5254263,561013,560762,2024-03-21
1,04:25,Substitution George Mason: in Ta'Viyanna Habib,7 - 19,5254263,561013,560762,2024-03-21
1,04:25,Substitution George Mason: out Taylor Jameson,7 - 19,5254263,561013,560762,2024-03-21
1,04:25,Jump ball held ball Penn St.,7 - 19,5254263,561013,560762,2024-03-21
1,04:35,"3pt jump shot (outside right) missed by Taylor Jameson(George Mason), rebound defensive Alli Campbell(Penn St.)",7 - 19,5254263,561013,560762,2024-03-21
1,04:49,Timeout short George Mason,7 - 19,5254263,561013,560762,2024-03-21
1,04:53,"3pt jump shot (fast break) (outside right) made by Makenna Marisa(Penn St.), assist Moriah Murray(Penn St.)",7 - 19,5254263,561013,560762,2024-03-21
1,05:01,"2pt layup (blocked) (under the basket) missed by Taylor Jameson(George Mason), block Kylie Lavelle(Penn St.), rebound defensive Shay Ciezki(Penn St.)",7 - 16,5254263,561013,560762,2024-03-21
1,05:07,2pt layup (2nd chance) (under the basket) made by Moriah Murray(Penn St.),7 - 16,5254263,561013,560762,2024-03-21
1,05:13,3pt jump shot (2nd chance) (outside center) missed by Shay Ciezki(Penn St.),7 - 19,5254263,561013,560762,2024-03-21
1,05:15,Substitution George Mason: in Nekhu Mitchell,7 - 14,5254263,561013,560762,2024-03-21
1,05:15,Substitution George Mason: out Jazmyn Doster,7 - 14,5254263,561013,560762,2024-03-21
1,05:15,Substitution Penn St.: in Alli Campbell,7 - 14,5254263,561013,560762,2024-03-21
1,05:15,Substitution Penn St.: in Moriah Murray,7 - 14,5254263,561013,560762,2024-03-21
1,05:15,Substitution Penn St.: out Leilani Kapinus,7 - 14,5254263,561013,560762,2024-03-21
1,05:15,Substitution Penn St.: out Ashley Owusu,7 - 14,5254263,561013,560762,2024-03-21
1,05:15,"2pt layup (blocked) (under the basket) missed by Kylie Lavelle(Penn St.), block Jazmyn Doster(George Mason), rebound offensive (team) Penn St.",7 - 19,5254263,561013,560762,2024-03-21
1,05:23,"3pt jump shot (outside right) missed by Taylor Jameson(George Mason), rebound defensive Leilani Kapinus(Penn St.)",7 - 14,5254263,561013,560762,2024-03-21
1,05:41,"2pt layup (under the basket) made by Leilani Kapinus(Penn St.), assist Shay Ciezki(Penn St.)",7 - 14,5254263,561013,560762,2024-03-21
1,05:59,2pt jump shot (inside left) made by Paula Suarez(George Mason),7 - 12,5254263,561013,560762,2024-03-21
1,06:18,"3pt jump shot (2nd chance) (outside left) made by Makenna Marisa(Penn St.), assist Leilani Kapinus(Penn St.)",5 - 12,5254263,561013,560762,2024-03-21
1,06:25,"3pt jump shot (outside right) missed by Shay Ciezki(Penn St.), rebound offensive Leilani Kapinus(Penn St.)",5 - 9,5254263,561013,560762,2024-03-21
1,06:36,"2pt jump shot (inside center) missed by Taylor Jameson(George Mason), rebound defensive Leilani Kapinus(Penn St.)",5 - 9,5254263,561013,560762,2024-03-21
1,06:45,"3pt jump shot (outside center) missed by Makenna Marisa(Penn St.), rebound defensive (team) George Mason",5 - 9,5254263,561013,560762,2024-03-21
1,06:54,Substitution George Mason: in Taylor Jameson,5 - 9,5254263,561013,560762,2024-03-21
1,06:54,Substitution George Mason: out Nekhu Mitchell,5 - 9,5254263,561013,560762,2024-03-21
1,06:54,Substitution George Mason: in Zahirah Walton,5 - 9,5254263,561013,560762,2024-03-21
1,06:54,Substitution George Mason: out Ta'Viyanna Habib,5 - 9,5254263,561013,560762,2024-03-21
1,06:54,Substitution Penn St.: in Kylie Lavelle,5 - 9,5254263,561013,560762,2024-03-21
1,06:54,Substitution Penn St.: out Ali Brigham,5 - 9,5254263,561013,560762,2024-03-21
1,07:00,"3pt jump shot (outside left) missed by Sonia Smith(George Mason), rebound defensive Shay Ciezki(Penn St.)",5 - 9,5254263,561013,560762,2024-03-21
1,07:14,2pt layup (fast break) (under the basket) made by Leilani Kapinus(Penn St.),5 - 9,5254263,561013,560762,2024-03-21
1,07:16,"2pt layup (2nd chance) (under the basket) missed by Ta'Viyanna Habib(George Mason), rebound defensive Leilani Kapinus(Penn St.)",5 - 7,5254263,561013,560762,2024-03-21
1,07:23,"2pt layup (in the paint) missed by Ta'Viyanna Habib(George Mason), rebound offensive Ta'Viyanna Habib(George Mason)",5 - 7,5254263,561013,560762,2024-03-21
1,07:39,"2pt layup (under the basket) made by Ali Brigham(Penn St.), assist Shay Ciezki(Penn St.)",5 - 7,5254263,561013,560762,2024-03-21
1,07:55,2pt jump shot (2nd chance;off turnover) (inside left) made by Paula Suarez(George Mason),5 - 5,5254263,561013,560762,2024-03-21
1,07:59,Substitution Penn St.: in Makenna Marisa,3 - 5,5254263,561013,560762,2024-03-21
1,07:59,Substitution Penn St.: out Chanaya Pinto,3 - 5,5254263,561013,560762,2024-03-21
1,07:59,"2pt layup (off turnover) (under the basket) missed by Nekhu Mitchell(George Mason), rebound offensive (team) George Mason",3 - 5,5254263,561013,560762,2024-03-21
1,08:04,"Turnover lost ball (outside right) Ashley Owusu(Penn St.), steal Nekhu Mitchell(George Mason)",3 - 5,5254263,561013,560762,2024-03-21
1,08:12,"3pt jump shot (outside right wing) missed by Ta'Viyanna Habib(George Mason), rebound defensive Leilani Kapinus(Penn St.)",3 - 5,5254263,561013,560762,2024-03-21
1,08:30,"3pt jump shot (outside left) made by Shay Ciezki(Penn St.), assist Ashley Owusu(Penn St.)",3 - 5,5254263,561013,560762,2024-03-21
1,08:40,"3pt jump shot (outside center) missed by Sonia Smith(George Mason), rebound defensive Ali Brigham(Penn St.)",3 - 2,5254263,561013,560762,2024-03-21
1,08:58,2pt layup (in the paint) made by Shay Ciezki(Penn St.),3 - 2,5254263,561013,560762,2024-03-21
1,09:08,"3pt jump shot (outside right) made by Ta'Viyanna Habib(George Mason), assist Nekhu Mitchell(George Mason)",3 - 0,5254263,561013,560762,2024-03-21
1,09:15,"3pt jump shot (off turnover) (outside center) missed by Ashley Owusu(Penn St.), rebound defensive Jazmyn Doster(George Mason)",0 - 0,5254263,561013,560762,2024-03-21
1,09:35,"Foul offensive (back court) Nekhu Mitchell(George Mason), foul on Ashley Owusu(Penn St.), foul on Leilani Kapinus(Penn St.)",0 - 0,5254263,561013,560762,2024-03-21
1,09:42,Turnover (in the paint) Nekhu Mitchell(George Mason),0 - 0,5254263,561013,560762,2024-03-21
3,03:35,"3pt jump shot (off turnover;fast break) (outside left) made by Meghan Huerter(ALB), assist Marie Sepp(ALB)",33 - 49,5254447,560686,560586,2024-03-21
3,03:42,Turnover lost ball (back court) Alexa Brodie(COL),30 - 49,5254447,560686,560586,2024-03-21
3,03:52,Turnover bad pass (inside right) Marie Sepp(ALB),30 - 49,5254447,560686,560586,2024-03-21
3,03:52,Substitution ALB: in Helene Haegerstrand,30 - 49,5254447,560686,560586,2024-03-21
3,03:52,Substitution ALB: out Gabriela Falcao,30 - 49,5254447,560686,560586,2024-03-21
3,03:52,"Foul personal (inside left) Madison Schiller(COL), foul on Sarah Karpell(ALB)",30 - 49,5254447,560686,560586,2024-03-21
3,04:11,"3pt jump shot (outside right wing) missed by Amarah Streiff(COL), rebound defensive Deja Evans(ALB)",30 - 49,5254447,560686,560586,2024-03-21
3,04:21,Substitution ALB: in Marie Sepp,30 - 49,5254447,560686,560586,2024-03-21
3,04:21,Substitution ALB: in Deja Evans,30 - 49,5254447,560686,560586,2024-03-21
3,04:21,Substitution ALB: in Sarah Karpell,30 - 49,5254447,560686,560586,2024-03-21
3,04:21,Substitution ALB: out Abby Ray,30 - 49,5254447,560686,560586,2024-03-21
3,04:21,Substitution ALB: out Kayla Cooper,30 - 49,5254447,560686,560586,2024-03-21
3,04:21,Substitution ALB: out Lilly Phillips,30 - 49,5254447,560686,560586,2024-03-21
3,04:21,Substitution COL: in Taylor Golembiewski,30 - 49,5254447,560686,560586,2024-03-21
3,04:21,Substitution COL: in Christina Midgette,30 - 49,5254447,560686,560586,2024-03-21
3,04:21,Substitution COL: out Ella Meabon,30 - 49,5254447,560686,560586,2024-03-21
3,04:21,Substitution COL: out Tiasia McMillan,30 - 49,5254447,560686,560586,2024-03-21
3,04:21,Timeout short COL,30 - 49,5254447,560686,560586,2024-03-21
3,04:30,"3pt jump shot (fast break) (outside right) made by Meghan Huerter(ALB), assist Lilly Phillips(ALB)",30 - 49,5254447,560686,560586,2024-03-21
3,04:35,"2pt driving layup (under the basket) missed by Ella Meabon(COL), rebound defensive Kayla Cooper(ALB)",27 - 49,5254447,560686,560586,2024-03-21
3,05:05,"2pt jump shot (inside left) missed by Abby Ray(ALB), rebound defensive Ella Meabon(COL)",27 - 49,5254447,560686,560586,2024-03-21
3,05:14,"2pt jump shot (inside right) missed by Tiasia McMillan(COL), rebound defensive Lilly Phillips(ALB)",27 - 49,5254447,560686,560586,2024-03-21
3,05:37,"2pt jump shot (inside left) missed by Meghan Huerter(ALB), rebound defensive Madison Schiller(COL)",27 - 49,5254447,560686,560586,2024-03-21
3,05:52,Free throw 1 of 1 (2nd chance;off turnover) made by Tiasia McMillan(COL),27 - 49,5254447,560686,560586,2024-03-21
3,05:52,Foul personal (shooting;1 free throw) (under the basket) Gabriela Falcao(ALB),27 - 48,5254447,560686,560586,2024-03-21
3,05:52,2pt layup (2nd chance;off turnover) (under the basket) made by Tiasia McMillan(COL),27 - 48,5254447,560686,560586,2024-03-21
3,05:53,"2pt layup (off turnover) (under the basket) missed by Tiasia McMillan(COL), rebound offensive Tiasia McMillan(COL)",27 - 46,5254447,560686,560586,2024-03-21
3,06:16,Substitution ALB: in Gabriela Falcao,27 - 46,5254447,560686,560586,2024-03-21
3,06:16,Substitution ALB: out Deja Evans,27 - 46,5254447,560686,560586,2024-03-21
3,06:16,"Foul offensive (back court) Deja Evans(ALB), turnover offensive Deja Evans(ALB), foul on Tiasia McMillan(COL)",27 - 46,5254447,560686,560586,2024-03-21
3,06:29,Substitution COL: in Amarah Streiff,27 - 46,5254447,560686,560586,2024-03-21
3,06:29,Substitution COL: out Sophia Diehl,27 - 46,5254447,560686,560586,2024-03-21
3,06:34,"3pt jump shot (off turnover) (outside left wing) missed by Meghan Huerter(ALB), rebound offensive (team) ALB",27 - 46,5254447,560686,560586,2024-03-21
3,06:51,"Turnover bad pass (inside right) Ella Meabon(COL), steal Lilly Phillips(ALB)",27 - 46,5254447,560686,560586,2024-03-21
3,07:08,"Free throw 1 of 1 (2nd chance;off turnover) missed by Kayla Cooper(ALB), rebound defensive Ella Meabon(COL)",27 - 46,5254447,560686,560586,2024-03-21
3,07:08,Foul personal (shooting;1 free throw) (under the basket) Sophia Diehl(COL),27 - 46,5254447,560686,560586,2024-03-21
3,07:08,2pt layup (2nd chance;off turnover) (under the basket) made by Kayla Cooper(ALB),27 - 46,5254447,560686,560586,2024-03-21
3,07:11,"3pt jump shot (off turnover) (outside center) missed by Lilly Phillips(ALB), rebound offensive Kayla Cooper(ALB)",25 - 46,5254447,560686,560586,2024-03-21
3,07:39,"Foul offensive (back court) Ella Meabon(COL), turnover offensive Ella Meabon(COL), foul on Lilly Phillips(ALB)",25 - 46,5254447,560686,560586,2024-03-21
3,07:46,"2pt jump shot (off turnover) (in the paint) missed by Meghan Huerter(ALB), rebound defensive Sophia Diehl(COL)",25 - 46,5254447,560686,560586,2024-03-21
3,07:53,Turnover 5sec (team) (back court) COL,25 - 46,5254447,560686,560586,2024-03-21
3,07:53,Substitution COL: in Ella Meabon,25 - 46,5254447,560686,560586,2024-03-21
3,07:53,Substitution COL: out Taylor Golembiewski,25 - 46,5254447,560686,560586,2024-03-21
3,07:55,"2pt layup (under the basket) missed by Deja Evans(ALB), rebound defensive (team) COL",25 - 46,5254447,560686,560586,2024-03-21
3,08:08,"Foul personal (inside left) Taylor Golembiewski(COL), foul on Kayla Cooper(ALB)",25 - 46,5254447,560686,560586,2024-03-21
3,08:16,Substitution ALB: in Abby Ray,25 - 46,5254447,560686,560586,2024-03-21
3,08:16,Substitution ALB: out Helene Haegerstrand,25 - 46,5254447,560686,560586,2024-03-21
3,09:45,Substitution ALB: in Meghan Huerter,25 - 46,5254447,560686,560586,2024-03-21
3,08:16,Timeout full ALB,25 - 46,5254447,560686,560586,2024-03-21
3,08:16,"3pt jump shot (outside left) made by Sophia Diehl(COL), assist Alexa Brodie(COL)",25 - 46,5254447,560686,560586,2024-03-21
3,08:25,"2pt layup (2nd chance;off turnover;blocked) (under the basket) missed by Helene Haegerstrand(ALB), block Tiasia McMillan(COL), rebound defensive Tiasia McMillan(COL)",25 - 43,5254447,560686,560586,2024-03-21
3,08:44,3pt jump shot (off turnover) (outside center) missed by Meghan Huerter(ALB),25 - 46,5254447,560686,560586,2024-03-21
3,08:52,"Turnover bad pass (under the basket) Madison Schiller(COL), steal Deja Evans(ALB)",25 - 43,5254447,560686,560586,2024-03-21
3,09:04,"2pt layup (under the basket) missed by Deja Evans(ALB), rebound defensive Tiasia McMillan(COL)",25 - 43,5254447,560686,560586,2024-03-21
3,09:45,"2pt jump shot (2nd chance) (inside left) made by Sophia Diehl(COL), assist Tiasia McMillan(COL)",25 - 43,5254447,560686,560586,2024-03-21
3,09:45,"Free throw 1 of 1 missed by Taylor Golembiewski(COL), rebound offensive Sophia Diehl(COL)",25 - 41,5254447,560686,560586,2024-03-21
3,09:45,Substitution ALB: in Marie Sepp,25 - 41,5254447,560686,560586,2024-03-21
3,09:45,Substitution ALB: out Sarah Karpell,25 - 41,5254447,560686,560586,2024-03-21
3,09:45,Foul personal (shooting;1 free throw) (under the basket) Sarah Karpell(ALB),25 - 41,5254447,560686,560586,2024-03-21
3,09:45,2pt driving layup (under the basket) made by Taylor Golembiewski(COL),25 - 41,5254447,560686,560586,2024-03-21
3,10:00,Period start,25 - 39,5254447,560686,560586,2024-03-21
3,10:00,Substitution ALB: in Deja Evans,25 - 39,5254447,560686,560586,2024-03-21
3,10:00,Substitution ALB: in Helene Haegerstrand,25 - 39,5254447,560686,560586,2024-03-21
3,10:00,Substitution ALB: in Sarah Karpell,25 - 39,5254447,560686,560586,2024-03-21
3,10:00,Substitution ALB: out Abby Ray,25 - 39,5254447,560686,560586,2024-03-21
3,10:00,Substitution ALB: out Meghan Huerter,25 - 39,5254447,560686,560586,2024-03-21
3,10:00,Substitution ALB: out Gabriela Falcao,25 - 39,5254447,560686,560586,2024-03-21
3,10:00,Substitution COL: in Sophia Diehl,25 - 39,5254447,560686,560586,2024-03-21
3,10:00,Substitution COL: in Taylor Golembiewski,25 - 39,5254447,560686,560586,2024-03-21
3,10:00,Substitution COL: out Abbey Ferguson,25 - 39,5254447,560686,560586,2024-03-21
3,10:00,Substitution COL: out Amarah Streiff,25 - 39,5254447,560686,560586,2024-03-21
2,00:00.00,Period end (confirmed),25 - 39,5254447,560686,560586,2024-03-21
2,00:00.40,Jump ball held ball ALB,25 - 39,5254447,560686,560586,2024-03-21
2,00:12.50,"Turnover lost ball (inside left) Madison Schiller(COL), steal Abby Ray(ALB)",25 - 39,5254447,560686,560586,2024-03-21
2,00:26.40,Free throw 1 of 1 (2nd chance) made by Kayla Cooper(ALB),25 - 39,5254447,560686,560586,2024-03-21
2,00:26.40,Foul personal (shooting;1 free throw) (under the basket) Alexa Brodie(COL),24 - 39,5254447,560686,560586,2024-03-21
2,00:26.40,2pt layup (2nd chance) (under the basket) made by Kayla Cooper(ALB),24 - 39,5254447,560686,560586,2024-03-21
2,00:28.20,"2pt layup (in the paint) missed by Kayla Cooper(ALB), rebound offensive Kayla Cooper(ALB)",22 - 39,5254447,560686,560586,2024-03-21
2,00:50.20,"2pt jump shot (inside right) made by Alexa Brodie(COL), assist Abbey Ferguson(COL)",22 - 39,5254447,560686,560586,2024-03-21
2,01:11,"2pt layup (under the basket) missed by Gabriela Falcao(ALB), rebound defensive Amarah Streiff(COL)",22 - 37,5254447,560686,560586,2024-03-21
2,01:20,"2pt layup (under the basket) missed by Abbey Ferguson(COL), rebound defensive Kayla Cooper(ALB)",22 - 37,5254447,560686,560586,2024-03-21
2,01:35,"2pt layup (under the basket) missed by Kayla Cooper(ALB), rebound defensive (team) COL",22 - 37,5254447,560686,560586,2024-03-21
2,01:40,"Foul personal (inside right) Amarah Streiff(COL), foul on Gabriela Falcao(ALB)",22 - 37,5254447,560686,560586,2024-03-21
2,01:43,Timeout short ALB,22 - 37,5254447,560686,560586,2024-03-21
2,01:55,"3pt jump shot (off turnover) (outside right) made by Amarah Streiff(COL), assist Alexa Brodie(COL)",22 - 37,5254447,560686,560586,2024-03-21
2,02:03,Substitution ALB: in Abby Ray,22 - 34,5254447,560686,560586,2024-03-21
2,02:03,Substitution ALB: in Gabriela Falcao,22 - 34,5254447,560686,560586,2024-03-21
2,02:03,Substitution ALB: out Deja Evans,22 - 34,5254447,560686,560586,2024-03-21
2,02:03,Substitution ALB: out Sarah Karpell,22 - 34,5254447,560686,560586,2024-03-21
2,02:03,"Foul personal (in the paint) Sarah Karpell(ALB), foul on Tiasia McMillan(COL)",22 - 34,5254447,560686,560586,2024-03-21
2,02:14,"Turnover bad pass (under the basket) Deja Evans(ALB), steal Abbey Ferguson(COL)",22 - 34,5254447,560686,560586,2024-03-21
2,02:22,Substitution COL: in Madison Schiller,22 - 34,5254447,560686,560586,2024-03-21
2,02:22,Substitution COL: out Taylor Golembiewski,22 - 34,5254447,560686,560586,2024-03-21
2,02:22,"Foul personal (inside right) Taylor Golembiewski(COL), foul on Sarah Karpell(ALB)",22 - 34,5254447,560686,560586,2024-03-21
2,02:44,Substitution ALB: in Kayla Cooper,22 - 34,5254447,560686,560586,2024-03-21
2,02:44,Substitution ALB: in Sarah Karpell,22 - 34,5254447,560686,560586,2024-03-21
2,02:44,Substitution ALB: out Abby Ray,22 - 34,5254447,560686,560586,2024-03-21
2,02:44,Substitution ALB: out Helene Haegerstrand,22 - 34,5254447,560686,560586,2024-03-21
2,02:44,Substitution COL: in Abbey Ferguson,22 - 34,5254447,560686,560586,2024-03-21
2,02:44,Substitution COL: out Sophia Diehl,22 - 34,5254447,560686,560586,2024-03-21
2,02:44,"Foul offensive (back court) Sophia Diehl(COL), turnover offensive Sophia Diehl(COL), foul on Helene Haegerstrand(ALB)",22 - 34,5254447,560686,560586,2024-03-21
2,02:44,Foul (back court) Sophia Diehl(COL),22 - 34,5254447,560686,560586,2024-03-21
2,02:57,"Foul offensive (back court) Helene Haegerstrand(ALB), turnover offensive Helene Haegerstrand(ALB), foul on Alexa Brodie(COL)",22 - 34,5254447,560686,560586,2024-03-21
2,03:02,Substitution COL: in Taylor Golembiewski,22 - 34,5254447,560686,560586,2024-03-21
2,03:02,Substitution COL: out Madison Schiller,22 - 34,5254447,560686,560586,2024-03-21
2,03:02,"Foul personal (inside left) Sophia Diehl(COL), foul on Helene Haegerstrand(ALB)",22 - 34,5254447,560686,560586,2024-03-21
2,03:13,"3pt jump shot (off turnover) (outside right) missed by Madison Schiller(COL), rebound defensive Abby Ray(ALB)",22 - 34,5254447,560686,560586,2024-03-21
2,03:28,Substitution ALB: in Abby Ray,22 - 34,5254447,560686,560586,2024-03-21
2,03:28,Substitution ALB: in Deja Evans,22 - 34,5254447,560686,560586,2024-03-21
2,03:28,Substitution ALB: in Lilly Phillips,22 - 34,5254447,560686,560586,2024-03-21
2,03:28,Substitution ALB: out Marie Sepp,22 - 34,5254447,560686,560586,2024-03-21
2,03:28,Substitution ALB: out Kayla Cooper,22 - 34,5254447,560686,560586,2024-03-21
2,03:28,Substitution ALB: out Sarah Karpell,22 - 34,5254447,560686,560586,2024-03-21
2,03:28,Turnover travel (inside left) Marie Sepp(ALB),22 - 34,5254447,560686,560586,2024-03-21
2,03:55,"2pt jump shot (under the basket) made by Tiasia McMillan(COL), assist Madison Schiller(COL)",22 - 34,5254447,560686,560586,2024-03-21
2,04:21,2pt layup (under the basket) made by Kayla Cooper(ALB),22 - 32,5254447,560686,560586,2024-03-21
2,04:49,"3pt jump shot (off turnover) (outside left wing) made by Amarah Streiff(COL), assist Sophia Diehl(COL), assist Sophia Diehl(COL)",20 - 32,5254447,560686,560586,2024-03-21
2,04:58,Substitution ALB: in Marie Sepp,20 - 29,5254447,560686,560586,2024-03-21
2,04:58,Substitution ALB: out Deja Evans,20 - 29,5254447,560686,560586,2024-03-21
2,04:58,Timeout commercial,20 - 29,5254447,560686,560586,2024-03-21
2,04:58,Substitution ALB: in Deja Evans,20 - 29,5254447,560686,560586,2024-03-21
2,04:58,Substitution ALB: out Marie Sepp,20 - 29,5254447,560686,560586,2024-03-21
2,04:58,Turnover travel (in the paint) Kayla Cooper(ALB),20 - 29,5254447,560686,560586,2024-03-21
2,05:30,"2pt layup (off turnover) (under the basket) made by Tiasia McMillan(COL), assist Alexa Brodie(COL)",20 - 29,5254447,560686,560586,2024-03-21
2,05:50,Substitution ALB: in Marie Sepp,20 - 27,5254447,560686,560586,2024-03-21
2,05:50,Substitution ALB: in Meghan Huerter,20 - 27,5254447,560686,560586,2024-03-21
2,05:50,Substitution ALB: in Helene Haegerstrand,20 - 27,5254447,560686,560586,2024-03-21
2,05:50,Substitution ALB: out Abby Ray,20 - 27,5254447,560686,560586,2024-03-21
2,05:50,Substitution ALB: out Gabriela Falcao,20 - 27,5254447,560686,560586,2024-03-21
2,05:50,Substitution ALB: out Lilly Phillips,20 - 27,5254447,560686,560586,2024-03-21
2,05:50,Substitution COL: in Amarah Streiff,20 - 27,5254447,560686,560586,2024-03-21
2,05:50,Substitution COL: out Taylor Golembiewski,20 - 27,5254447,560686,560586,2024-03-21
2,05:50,Turnover bad pass (inside left) Kayla Cooper(ALB),20 - 27,5254447,560686,560586,2024-03-21
2,06:20,"3pt jump shot (outside right) made by Sophia Diehl(COL), assist Alexa Brodie(COL)",20 - 27,5254447,560686,560586,2024-03-21
2,06:44,2pt jump shot (in the paint) made by Kayla Cooper(ALB),20 - 24,5254447,560686,560586,2024-03-21
2,06:53,"3pt jump shot (outside right) missed by Alexa Brodie(COL), rebound defensive Kayla Cooper(ALB)",18 - 24,5254447,560686,560586,2024-03-21
2,07:25,"2pt jump shot (in the paint) made by Gabriela Falcao(ALB), assist Lilly Phillips(ALB)",18 - 24,5254447,560686,560586,2024-03-21
2,07:54,"2pt layup (under the basket) made by Tiasia McMillan(COL), assist Sophia Diehl(COL)",16 - 24,5254447,560686,560586,2024-03-21
2,08:10,"2pt jump shot (inside center) missed by Gabriela Falcao(ALB), rebound defensive Sophia Diehl(COL)",16 - 22,5254447,560686,560586,2024-03-21
2,08:28,2pt jump shot (2nd chance) (inside left) made by Alexa Brodie(COL),16 - 22,5254447,560686,560586,2024-03-21
2,08:45,Substitution COL: in Sophia Diehl,16 - 20,5254447,560686,560586,2024-03-21
2,08:45,Substitution COL: in Madison Schiller,16 - 20,5254447,560686,560586,2024-03-21
2,08:45,Substitution COL: out Ella Meabon,16 - 20,5254447,560686,560586,2024-03-21
2,08:45,Substitution COL: out Christina Midgette,16 - 20,5254447,560686,560586,2024-03-21
2,08:45,"Foul personal (inside right) Kayla Cooper(ALB), foul on Christina Midgette(COL)",16 - 20,5254447,560686,560586,2024-03-21
2,08:49,"2pt jump shot (inside center) missed by Ella Meabon(COL), rebound offensive Christina Midgette(COL)",16 - 20,5254447,560686,560586,2024-03-21
2,09:16,"2pt layup (off turnover) (under the basket) made by Kayla Cooper(ALB), assist Abby Ray(ALB)",16 - 20,5254447,560686,560586,2024-03-21
2,09:33,Turnover travel (inside left) Ella Meabon(COL),14 - 20,5254447,560686,560586,2024-03-21
2,10:00,Period start,14 - 20,5254447,560686,560586,2024-03-21
2,10:00,Substitution ALB: in Abby Ray,14 - 20,5254447,560686,560586,2024-03-21
2,10:00,Substitution ALB: in Gabriela Falcao,14 - 20,5254447,560686,560586,2024-03-21
2,10:00,Substitution ALB: out Meghan Huerter,14 - 20,5254447,560686,560586,2024-03-21
2,10:00,Substitution ALB: out Helene Haegerstrand,14 - 20,5254447,560686,560586,2024-03-21
1,00:00.00,Period end (confirmed),14 - 20,5254447,560686,560586,2024-03-21
1,00:06.70,"Free throw 1 of 1 (fast break) missed by Taylor Golembiewski(COL), rebound defensive Meghan Huerter(ALB)",14 - 20,5254447,560686,560586,2024-03-21
1,00:06.70,Substitution ALB: in Meghan Huerter,14 - 20,5254447,560686,560586,2024-03-21
1,00:06.70,Substitution ALB: out Abby Ray,14 - 20,5254447,560686,560586,2024-03-21
1,00:06.70,Substitution COL: in Christina Midgette,14 - 20,5254447,560686,560586,2024-03-21
1,00:06.70,Substitution COL: out Sophia Diehl,14 - 20,5254447,560686,560586,2024-03-21
1,00:06.70,Foul personal (shooting;1 free throw) (under the basket) Sarah Karpell(ALB),14 - 20,5254447,560686,560586,2024-03-21
1,00:06.70,"2pt driving layup (fast break) (under the basket) made by Taylor Golembiewski(COL), assist Sophia Diehl(COL)",14 - 20,5254447,560686,560586,2024-03-21
1,00:12.40,"3pt jump shot (outside left wing) missed by Lilly Phillips(ALB), rebound defensive Sophia Diehl(COL)",14 - 18,5254447,560686,560586,2024-03-21
1,00:31.90,Substitution ALB: in Abby Ray,14 - 18,5254447,560686,560586,2024-03-21
1,00:31.90,Substitution ALB: in Kayla Cooper,14 - 18,5254447,560686,560586,2024-03-21
1,00:31.90,Substitution ALB: out Meghan Huerter,14 - 18,5254447,560686,560586,2024-03-21
1,00:31.90,Substitution ALB: out Gabriela Falcao,14 - 18,5254447,560686,560586,2024-03-21
1,00:31.90,Substitution COL: in Alexa Brodie,14 - 18,5254447,560686,560586,2024-03-21
1,00:31.90,Substitution COL: out Madison Schiller,14 - 18,5254447,560686,560586,2024-03-21
1,00:31.90,"Foul personal (outside left) Taylor Golembiewski(COL), foul on Sarah Karpell(ALB)",14 - 18,5254447,560686,560586,2024-03-21
1,00:46.60,2pt driving layup (off turnover;fast break) (under the basket) made by Taylor Golembiewski(COL),14 - 18,5254447,560686,560586,2024-03-21
1,00:50.80,"Turnover bad pass (inside left) Gabriela Falcao(ALB), steal Taylor Golembiewski(COL)",14 - 16,5254447,560686,560586,2024-03-21
1,01:21,"2pt jump shot (2nd chance) (inside right) missed by Ella Meabon(COL), rebound defensive Meghan Huerter(ALB)",14 - 16,5254447,560686,560586,2024-03-21
1,01:35,"2pt jump shot (inside center) missed by Tiasia McMillan(COL), rebound offensive Ella Meabon(COL)",14 - 16,5254447,560686,560586,2024-03-21
1,02:05,"2pt driving layup (in the paint) missed by Lilly Phillips(ALB), rebound defensive Tiasia McMillan(COL)",14 - 16,5254447,560686,560586,2024-03-21
1,02:12,"2pt jump shot (in the paint) missed by Tiasia McMillan(COL), rebound defensive Meghan Huerter(ALB)",14 - 16,5254447,560686,560586,2024-03-21
1,02:39,Free throw 1 of 1 (fast break) made by Sarah Karpell(ALB),14 - 16,5254447,560686,560586,2024-03-21
1,02:39,Substitution ALB: in Gabriela Falcao,13 - 16,5254447,560686,560586,2024-03-21
1,02:39,Substitution ALB: in Helene Haegerstrand,13 - 16,5254447,560686,560586,2024-03-21
1,02:39,Substitution ALB: in Lilly Phillips,13 - 16,5254447,560686,560586,2024-03-21
1,02:39,Substitution ALB: out Abby Ray,13 - 16,5254447,560686,560586,2024-03-21
1,02:39,Substitution ALB: out Deja Evans,13 - 16,5254447,560686,560586,2024-03-21
1,02:39,Substitution ALB: out Kayla Cooper,13 - 16,5254447,560686,560586,2024-03-21
1,02:39,Substitution COL: in Tiasia McMillan,13 - 16,5254447,560686,560586,2024-03-21
1,02:39,Substitution COL: in Taylor Golembiewski,13 - 16,5254447,560686,560586,2024-03-21
1,02:39,Substitution COL: out Christina Midgette,13 - 16,5254447,560686,560586,2024-03-21
1,02:39,Substitution COL: out Alexa Brodie,13 - 16,5254447,560686,560586,2024-03-21
1,02:39,Foul personal (shooting;1 free throw) (under the basket) Madison Schiller(COL),13 - 16,5254447,560686,560586,2024-03-21
1,02:39,2pt driving layup (fast break) (under the basket) made by Sarah Karpell(ALB),13 - 16,5254447,560686,560586,2024-03-21
1,02:46,"2pt layup (blocked) (under the basket) missed by Christina Midgette(COL), block Deja Evans(ALB), rebound defensive Sarah Karpell(ALB)",11 - 16,5254447,560686,560586,2024-03-21
1,03:04,"3pt jump shot (off turnover) (outside right) made by Meghan Huerter(ALB), assist Kayla Cooper(ALB)",11 - 16,5254447,560686,560586,2024-03-21
1,03:13,"Turnover lost ball (in the paint) Christina Midgette(COL), steal Abby Ray(ALB)",8 - 16,5254447,560686,560586,2024-03-21
1,03:26,"2pt jump shot (inside right) missed by Kayla Cooper(ALB), rebound defensive Madison Schiller(COL)",8 - 16,5254447,560686,560586,2024-03-21
1,03:42,"3pt jump shot (outside left) made by Sophia Diehl(COL), assist Ella Meabon(COL)",8 - 16,5254447,560686,560586,2024-03-21
1,04:00,"2pt jump shot (inside right) made by Meghan Huerter(ALB), assist Deja Evans(ALB)",8 - 13,5254447,560686,560586,2024-03-21
1,04:16,"2pt jump shot (off turnover) (inside right) missed by Ella Meabon(COL), rebound defensive Deja Evans(ALB)",6 - 13,5254447,560686,560586,2024-03-21
1,04:40,Turnover travel (in the paint) Deja Evans(ALB),6 - 13,5254447,560686,560586,2024-03-21
1,04:54,Free throw 2 of 2 made by Ella Meabon(COL),6 - 13,5254447,560686,560586,2024-03-21
1,04:54,Free throw 1 of 2 made by Ella Meabon(COL),6 - 12,5254447,560686,560586,2024-03-21
1,04:54,Substitution ALB: in Abby Ray,6 - 11,5254447,560686,560586,2024-03-21
1,04:54,Substitution ALB: out Lilly Phillips,6 - 11,5254447,560686,560586,2024-03-21
1,04:54,Substitution ALB: in Deja Evans,6 - 11,5254447,560686,560586,2024-03-21
1,04:54,Substitution ALB: out Helene Haegerstrand,6 - 11,5254447,560686,560586,2024-03-21
1,04:54,Substitution COL: in Christina Midgette,6 - 11,5254447,560686,560586,2024-03-21
1,04:54,Substitution COL: out Tiasia McMillan,6 - 11,5254447,560686,560586,2024-03-21
1,04:54,Foul personal (shooting;2 free throws) (in the paint) Lilly Phillips(ALB),6 - 11,5254447,560686,560586,2024-03-21
1,05:13,"2pt pull up jump shot (inside right) made by Kayla Cooper(ALB), assist Lilly Phillips(ALB)",6 - 11,5254447,560686,560586,2024-03-21
1,05:26,"2pt driving layup (under the basket) missed by Madison Schiller(COL), rebound defensive Helene Haegerstrand(ALB)",4 - 11,5254447,560686,560586,2024-03-21
1,05:37,"3pt jump shot (outside right) missed by Helene Haegerstrand(ALB), rebound defensive Sophia Diehl(COL)",4 - 11,5254447,560686,560586,2024-03-21
1,06:02,"2pt jump shot (off turnover) (inside center) made by Ella Meabon(COL), assist Alexa Brodie(COL)",4 - 11,5254447,560686,560586,2024-03-21
1,06:22,Substitution COL: in Ella Meabon,4 - 9,5254447,560686,560586,2024-03-21
1,06:22,Substitution COL: out Taylor Golembiewski,4 - 9,5254447,560686,560586,2024-03-21
1,06:22,Turnover bad pass (inside center) Kayla Cooper(ALB),4 - 9,5254447,560686,560586,2024-03-21
1,06:49,2pt jump shot (off turnover) (in the paint) made by Taylor Golembiewski(COL),4 - 9,5254447,560686,560586,2024-03-21
1,06:56,Turnover travel (outside right) Lilly Phillips(ALB),4 - 7,5254447,560686,560586,2024-03-21
1,07:02,Substitution ALB: in Meghan Huerter,4 - 7,5254447,560686,560586,2024-03-21
1,07:02,Substitution ALB: out Deja Evans,4 - 7,5254447,560686,560586,2024-03-21
1,07:11,2pt driving layup (fast break) (under the basket) made by Taylor Golembiewski(COL),4 - 7,5254447,560686,560586,2024-03-21
1,07:19,2pt layup (2nd chance) (under the basket) made by Kayla Cooper(ALB),4 - 5,5254447,560686,560586,2024-03-21
1,07:23,"2pt layup (in the paint) missed by Deja Evans(ALB), rebound offensive Kayla Cooper(ALB)",2 - 5,5254447,560686,560586,2024-03-21
1,07:43,"3pt jump shot (off turnover) (outside right wing) made by Sophia Diehl(COL), assist Madison Schiller(COL)",2 - 5,5254447,560686,560586,2024-03-21
1,07:51,"Turnover lost ball (outside center) Deja Evans(ALB), steal Alexa Brodie(COL)",2 - 2,5254447,560686,560586,2024-03-21
1,08:06,Turnover dribbling (inside right) Tiasia McMillan(COL),2 - 2,5254447,560686,560586,2024-03-21
1,08:21,"Turnover bad pass (back court) Sarah Karpell(ALB), steal Tiasia McMillan(COL)",2 - 2,5254447,560686,560586,2024-03-21
1,08:34,"2pt jump shot (inside right) made by Tiasia McMillan(COL), assist Madison Schiller(COL)",2 - 2,5254447,560686,560586,2024-03-21
1,08:57,"2pt jump shot (inside right) missed by Kayla Cooper(ALB), rebound defensive Tiasia McMillan(COL)",2 - 0,5254447,560686,560586,2024-03-21
1,09:07,"2pt jump shot (in the paint) missed by Alexa Brodie(COL), rebound defensive Deja Evans(ALB)",2 - 0,5254447,560686,560586,2024-03-21
1,09:36,"2pt layup (under the basket) made by Deja Evans(ALB), assist Kayla Cooper(ALB)",2 - 0,5254447,560686,560586,2024-03-21
1,10:00,"Jump ball start period, won Deja Evans(ALB), lost Tiasia McMillan(COL)",0 - 0,5254447,560686,560586,2024-03-21
1,10:00,Period start,0 - 0,5254447,560686,560586,2024-03-21
1,10:00,Game start,0 - 0,5254447,560686,560586,2024-03-21
1,02:49,"2pt layup (under the basket) made by Kennedy Taylor(Bears), assist Jade Masogayo(Bears)",14 - 13,5254252,560805,561116,2024-03-21
1,03:11,"2pt layup (under the basket) missed by Kendall Bostic(Illini), rebound defensive Kennedy Taylor(Bears)",12 - 13,5254252,560805,561116,2024-03-21
1,03:26,2pt layup (under the basket) made by Jade Masogayo(Bears),12 - 13,5254252,560805,561116,2024-03-21
1,03:40,"2pt jump shot (off turnover) (inside left) missed by Genesis Bryant(Illini), rebound defensive Kennedy Taylor(Bears)",10 - 13,5254252,560805,561116,2024-03-21
1,03:52,Turnover travel (outside center) Jade Masogayo(Bears),10 - 13,5254252,560805,561116,2024-03-21
1,04:01,2pt driving layup (off turnover) (under the basket) made by Makira Cook(Illini),10 - 13,5254252,560805,561116,2024-03-21
1,04:06,Substitution Illini: in Gretchen Dolan,10 - 11,5254252,560805,561116,2024-03-21
1,04:06,Substitution Illini: out Adalia McKenzie,10 - 11,5254252,560805,561116,2024-03-21
1,04:06,Substitution Bears: in Kyrah Daniels,10 - 11,5254252,560805,561116,2024-03-21
1,04:06,Substitution Bears: in Jade Masogayo,10 - 11,5254252,560805,561116,2024-03-21
1,04:06,Substitution Bears: out Indya Green,10 - 11,5254252,560805,561116,2024-03-21
1,04:06,Substitution Bears: out Paige Rocca,10 - 11,5254252,560805,561116,2024-03-21
1,04:25,Turnover out of bounds (outside right) Kaemyn Bekemeier(Bears),10 - 11,5254252,560805,561116,2024-03-21
1,04:45,"3pt jump shot (outside center) made by Genesis Bryant(Illini), assist Adalia McKenzie(Illini)",10 - 11,5254252,560805,561116,2024-03-21
1,04:55,Free throw 2 of 2 (fast break) made by Kennedy Taylor(Bears),10 - 8,5254252,560805,561116,2024-03-21
1,04:55,Free throw 1 of 2 (fast break) made by Kennedy Taylor(Bears),9 - 8,5254252,560805,561116,2024-03-21
1,04:55,Foul personal (shooting;2 free throws) (in the paint) Adalia McKenzie(Illini),8 - 8,5254252,560805,561116,2024-03-21
1,05:01,"Free throw 1 of 1 missed by Makira Cook(Illini), rebound defensive Indya Green(Bears)",8 - 8,5254252,560805,561116,2024-03-21
1,05:01,Timeout commercial,8 - 8,5254252,560805,561116,2024-03-21
1,05:01,Substitution Bears: in Kaemyn Bekemeier,8 - 8,5254252,560805,561116,2024-03-21
1,05:01,Substitution Bears: in Kennedy Taylor,8 - 8,5254252,560805,561116,2024-03-21
1,05:01,Substitution Bears: out Kyrah Daniels,8 - 8,5254252,560805,561116,2024-03-21
1,05:01,Substitution Bears: out Jade Masogayo,8 - 8,5254252,560805,561116,2024-03-21
1,05:01,Substitution Illini: in Shay Bollin,8 - 8,5254252,560805,561116,2024-03-21
1,05:01,Substitution Illini: out Camille Hobby,8 - 8,5254252,560805,561116,2024-03-21
1,05:01,Foul personal (shooting;1 free throw) (under the basket) Kyrah Daniels(Bears),8 - 8,5254252,560805,561116,2024-03-21
1,05:01,2pt driving layup (under the basket) made by Makira Cook(Illini),8 - 8,5254252,560805,561116,2024-03-21
1,05:10,"3pt jump shot (outside center) missed by Kyrah Daniels(Bears), rebound defensive Makira Cook(Illini)",8 - 6,5254252,560805,561116,2024-03-21
1,05:43,2pt layup (off turnover;fast break) (under the basket) made by Adalia McKenzie(Illini),8 - 6,5254252,560805,561116,2024-03-21
1,05:50,"Turnover lost ball (in the paint) Jade Masogayo(Bears), steal Camille Hobby(Illini)",8 - 4,5254252,560805,561116,2024-03-21
1,06:05,"2pt driving layup (under the basket) missed by Adalia McKenzie(Illini), rebound defensive Jade Masogayo(Bears)",8 - 4,5254252,560805,561116,2024-03-21
1,06:20,"2pt jump shot (in the paint) missed by Lacy Stokes(Bears), rebound defensive Camille Hobby(Illini)",8 - 4,5254252,560805,561116,2024-03-21
1,06:32,"2pt jump shot (under the basket) missed by Makira Cook(Illini), rebound defensive Lacy Stokes(Bears)",8 - 4,5254252,560805,561116,2024-03-21
1,06:43,"2pt jump shot (inside center) missed by Indya Green(Bears), rebound defensive Adalia McKenzie(Illini)",8 - 4,5254252,560805,561116,2024-03-21
1,06:54,"2pt layup (2nd chance) (under the basket) missed by Adalia McKenzie(Illini), rebound defensive (team) Bears",8 - 4,5254252,560805,561116,2024-03-21
1,06:59,"2pt layup (under the basket) missed by Adalia McKenzie(Illini), rebound offensive Adalia McKenzie(Illini)",8 - 4,5254252,560805,561116,2024-03-21
1,07:00,"Foul personal (outside center) Lacy Stokes(Bears), foul on Genesis Bryant(Illini)",8 - 4,5254252,560805,561116,2024-03-21
1,07:21,2pt driving layup (off turnover;fast break) (under the basket) made by Lacy Stokes(Bears),8 - 4,5254252,560805,561116,2024-03-21
1,07:27,"Turnover lost ball (inside left) Makira Cook(Illini), steal Lacy Stokes(Bears)",6 - 4,5254252,560805,561116,2024-03-21
1,07:34,"2pt jump shot (blocked) (under the basket) missed by Indya Green(Bears), block Kendall Bostic(Illini), rebound defensive Kendall Bostic(Illini)",6 - 4,5254252,560805,561116,2024-03-21
1,07:57,"2pt hook shot (under the basket) missed by Kendall Bostic(Illini), rebound defensive Indya Green(Bears)",6 - 4,5254252,560805,561116,2024-03-21
1,08:16,2pt driving layup (under the basket) made by Lacy Stokes(Bears),6 - 4,5254252,560805,561116,2024-03-21
1,08:46,2pt layup (2nd chance) (under the basket) made by Camille Hobby(Illini),4 - 4,5254252,560805,561116,2024-03-21
1,08:52,"2pt driving layup (in the paint) missed by Makira Cook(Illini), rebound offensive Camille Hobby(Illini)",4 - 2,5254252,560805,561116,2024-03-21
1,09:06,"2pt jump shot (inside center) made by Jade Masogayo(Bears), assist Lacy Stokes(Bears)",4 - 2,5254252,560805,561116,2024-03-21
1,09:15,Free throw 2 of 2 made by Adalia McKenzie(Illini),2 - 2,5254252,560805,561116,2024-03-21
1,09:15,Free throw 1 of 2 made by Adalia McKenzie(Illini),2 - 1,5254252,560805,561116,2024-03-21
1,09:16,Foul personal (shooting;2 free throws) (under the basket) Jade Masogayo(Bears),2 - 0,5254252,560805,561116,2024-03-21
1,09:16,2pt (under the basket) missed by Illini,2 - 0,5254252,560805,561116,2024-03-21
1,09:39,2pt jump shot (in the paint) made by Kyrah Daniels(Bears),2 - 0,5254252,560805,561116,2024-03-21
1,10:00,"Jump ball start period, won Jade Masogayo(Bears), lost Kendall Bostic(Illini)",0 - 0,5254252,560805,561116,2024-03-21
1,10:00,Period start,0 - 0,5254252,560805,561116,2024-03-21
1,10:00,Game start,0 - 0,5254252,560805,561116,2024-03-21
1,02:50,"3pt jump shot (off turnover) (outside right wing) missed by Olivia Trice(FIU), rebound defensive Promise Keshi(Stetson)",10 - 12,5254443,560753,561128,2024-03-21
1,02:57,Substitution Stetson: in Anna Kunzwiler,10 - 12,5254443,560753,561128,2024-03-21
1,02:57,Substitution Stetson: in Jamiya Turner,10 - 12,5254443,560753,561128,2024-03-21
1,02:57,Substitution Stetson: out Quentarra Mitchell,10 - 12,5254443,560753,561128,2024-03-21
1,02:57,Substitution Stetson: out Khamya McNeal,10 - 12,5254443,560753,561128,2024-03-21
1,02:57,Substitution FIU: in Courtney Prenger,10 - 12,5254443,560753,561128,2024-03-21
1,02:57,Substitution FIU: in Kaliah Henderson,10 - 12,5254443,560753,561128,2024-03-21
1,02:57,Substitution FIU: out Sariana Rodriguez Camacho,10 - 12,5254443,560753,561128,2024-03-21
1,02:57,Substitution FIU: out Tanajah Hayes,10 - 12,5254443,560753,561128,2024-03-21
1,02:59,Turnover bad pass (outside center) Khamya McNeal(Stetson),10 - 12,5254443,560753,561128,2024-03-21
1,03:13,"3pt jump shot (outside right wing) made by Olivia Trice(FIU), assist Sariana Rodriguez Camacho(FIU)",10 - 12,5254443,560753,561128,2024-03-21
1,03:28,"2pt pull up jump shot (inside center) missed by Jordan Peete(Stetson), rebound defensive Mya Kone(FIU)",10 - 9,5254443,560753,561128,2024-03-21
1,03:59,"2pt layup (under the basket) missed by Mya Kone(FIU), rebound defensive Quentarra Mitchell(Stetson)",10 - 9,5254443,560753,561128,2024-03-21
1,04:23,2pt driving layup (off turnover;fast break) (in the paint) made by Quentarra Mitchell(Stetson),10 - 9,5254443,560753,561128,2024-03-21
1,04:28,Turnover lost ball (in the paint) Sariana Rodriguez Camacho(FIU),10 - 9,5254443,560753,561128,2024-03-21
1,04:50,Substitution Stetson: in Jaelyn Talley,8 - 9,5254443,560753,561128,2024-03-21
1,04:50,Substitution Stetson: out Skylar Treadwell,8 - 9,5254443,560753,561128,2024-03-21
1,04:50,Turnover bad pass (outside right) Quentarra Mitchell(Stetson),8 - 9,5254443,560753,561128,2024-03-21
1,05:08,"3pt jump shot (2nd chance) (outside right) missed by Mya Kone(FIU), rebound offensive (team) FIU, rebound defensive (team) Stetson",8 - 9,5254443,560753,561128,2024-03-21
1,05:13,"Foul personal (loose ball) (inside right) Quentarra Mitchell(Stetson), foul on Mya Kone(FIU)",8 - 9,5254443,560753,561128,2024-03-21
1,05:15,"3pt jump shot (outside left) missed by Sariana Rodriguez Camacho(FIU), rebound offensive (team) FIU",8 - 9,5254443,560753,561128,2024-03-21
1,05:31,Substitution Stetson: in Jordan Peete,8 - 9,5254443,560753,561128,2024-03-21
1,05:31,Substitution Stetson: out Jamiya Turner,8 - 9,5254443,560753,561128,2024-03-21
1,05:31,Substitution FIU: in Angena Belloso,8 - 9,5254443,560753,561128,2024-03-21
1,05:31,Substitution FIU: out Kaliah Henderson,8 - 9,5254443,560753,561128,2024-03-21
1,05:39,"3pt jump shot (off turnover) (outside left) missed by Khamya McNeal(Stetson), rebound defensive Kaliah Henderson(FIU)",8 - 9,5254443,560753,561128,2024-03-21
1,05:47,"Turnover lost ball (inside right) Tanajah Hayes(FIU), steal Promise Keshi(Stetson)",8 - 9,5254443,560753,561128,2024-03-21
1,05:57,2pt pull up jump shot (2nd chance) (inside left) made by Jamiya Turner(Stetson),8 - 9,5254443,560753,561128,2024-03-21
1,06:06,"2pt hook shot (blocked) (inside right) missed by Quentarra Mitchell(Stetson), block Olivia Trice(FIU), rebound offensive Promise Keshi(Stetson)",6 - 9,5254443,560753,561128,2024-03-21
1,06:25,"2pt jump shot (inside right) missed by Tanajah Hayes(FIU), rebound defensive Promise Keshi(Stetson)",6 - 9,5254443,560753,561128,2024-03-21
1,06:45,"2pt pull up jump shot (inside right) made by Jamiya Turner(Stetson), assist Promise Keshi(Stetson)",6 - 9,5254443,560753,561128,2024-03-21
1,06:56,Free throw 2 of 2 made by Mya Kone(FIU),4 - 9,5254443,560753,561128,2024-03-21
1,06:56,Free throw 1 of 2 made by Mya Kone(FIU),4 - 8,5254443,560753,561128,2024-03-21
1,06:56,Substitution Stetson: in Khamya McNeal,4 - 7,5254443,560753,561128,2024-03-21
1,06:56,Substitution Stetson: out Jordan Peete,4 - 7,5254443,560753,561128,2024-03-21
1,06:56,Foul personal (shooting;2 free throws) (in the paint) Skylar Treadwell(Stetson),4 - 7,5254443,560753,561128,2024-03-21
1,07:22,Free throw 2 of 2 made by Skylar Treadwell(Stetson),4 - 7,5254443,560753,561128,2024-03-21
1,07:22,Free throw 1 of 2 made by Skylar Treadwell(Stetson),3 - 7,5254443,560753,561128,2024-03-21
1,07:22,Substitution Stetson: in Promise Keshi,2 - 7,5254443,560753,561128,2024-03-21
1,07:22,Substitution Stetson: out Jaelyn Talley,2 - 7,5254443,560753,561128,2024-03-21
1,07:22,Substitution FIU: in Sariana Rodriguez Camacho,2 - 7,5254443,560753,561128,2024-03-21
1,07:22,Substitution FIU: out Angena Belloso,2 - 7,5254443,560753,561128,2024-03-21
1,07:22,Substitution Stetson: in Quentarra Mitchell,2 - 7,5254443,560753,561128,2024-03-21
1,07:22,Substitution Stetson: out Anna Kunzwiler,2 - 7,5254443,560753,561128,2024-03-21
1,07:22,Substitution FIU: in Mya Kone,2 - 7,5254443,560753,561128,2024-03-21
1,07:22,Substitution FIU: out Courtney Prenger,2 - 7,5254443,560753,561128,2024-03-21
1,07:22,Foul personal (shooting;2 free throws) (under the basket) Angena Belloso(FIU),2 - 7,5254443,560753,561128,2024-03-21
1,07:36,2pt driving layup (off turnover) (in the paint) made by Angena Belloso(FIU),2 - 7,5254443,560753,561128,2024-03-21
1,07:48,"Foul offensive (back court) Jamiya Turner(Stetson), turnover offensive Jamiya Turner(Stetson), foul on Angena Belloso(FIU)",2 - 5,5254443,560753,561128,2024-03-21
1,07:56,"2pt layup (under the basket) missed by Courtney Prenger(FIU), rebound defensive Jamiya Turner(Stetson)",2 - 5,5254443,560753,561128,2024-03-21
1,08:08,"2pt driving layup (under the basket) missed by Jordan Peete(Stetson), rebound defensive (team) FIU",2 - 5,5254443,560753,561128,2024-03-21
1,08:22,"Foul personal (in the paint) Courtney Prenger(FIU), foul on Jaelyn Talley(Stetson)",2 - 5,5254443,560753,561128,2024-03-21
1,08:38,2pt step back jump shot (inside left) made by Kaliah Henderson(FIU),2 - 5,5254443,560753,561128,2024-03-21
1,08:47,"2pt jump shot (inside left) missed by Jamiya Turner(Stetson), rebound defensive Courtney Prenger(FIU)",2 - 3,5254443,560753,561128,2024-03-21
1,09:19,"3pt jump shot (outside center) made by Courtney Prenger(FIU), assist Olivia Trice(FIU)",2 - 3,5254443,560753,561128,2024-03-21
1,09:34,2pt driving layup (under the basket) made by Jordan Peete(Stetson),2 - 0,5254443,560753,561128,2024-03-21
1,10:00,"Jump ball start period, won Jamiya Turner(Stetson), lost Courtney Prenger(FIU)",0 - 0,5254443,560753,561128,2024-03-21
1,10:00,Period start,0 - 0,5254443,560753,561128,2024-03-21
1,10:00,Game start,0 - 0,5254443,560753,561128,2024-03-21
1,02:05,3pt jump shot (outside left) missed by Morgan Sharps(BGSU),15 - 21,5254451,560638,560623,2024-03-21
1,02:21,Free throw 2 of 2 (2nd chance) made by Sydney Jaynes(BU ),15 - 21,5254451,560638,560623,2024-03-21
1,02:21,Free throw 1 of 2 (2nd chance) made by Sydney Jaynes(BU ),15 - 20,5254451,560638,560623,2024-03-21
1,02:21,Substitution BGSU: in Emily Siesel,15 - 19,5254451,560638,560623,2024-03-21
1,02:21,Substitution BGSU: out Paige Kohler,15 - 19,5254451,560638,560623,2024-03-21
1,02:21,Substitution BU : in Jordan Meulemans,15 - 19,5254451,560638,560623,2024-03-21
1,02:21,Substitution BU : out Caroline Strande,15 - 19,5254451,560638,560623,2024-03-21
1,02:21,Foul personal (shooting;2 free throws) (under the basket) Paige Kohler(BGSU),15 - 19,5254451,560638,560623,2024-03-21
1,02:24,"2pt step back jump shot (inside right) missed by Caroline Strande(BU ), rebound offensive Sydney Jaynes(BU )",15 - 19,5254451,560638,560623,2024-03-21
1,02:40,"2pt turnaround jump shot (under the basket) missed by Erika Porter(BGSU), rebound defensive Riley Makalusky(BU )",15 - 19,5254451,560638,560623,2024-03-21
1,03:03,2pt pull up jump shot (in the paint) made by Caroline Strande(BU ),15 - 19,5254451,560638,560623,2024-03-21
1,03:21,2pt floating jump shot (in the paint) made by Amy Velasco(BGSU),15 - 17,5254451,560638,560623,2024-03-21
1,03:37,"2pt pull up jump shot (in the paint) made by Caroline Strande(BU ), assist Ari Wiggins(BU )",13 - 17,5254451,560638,560623,2024-03-21
1,03:52,"2pt layup (under the basket) made by Erika Porter(BGSU), assist Morgan Sharps(BGSU)",13 - 15,5254451,560638,560623,2024-03-21
1,04:10,"2pt turnaround jump shot (in the paint) missed by Sydney Jaynes(BU ), rebound defensive (team) BGSU",11 - 15,5254451,560638,560623,2024-03-21
1,04:32,"3pt jump shot (outside right) made by Morgan Sharps(BGSU), assist Paige Kohler(BGSU)",11 - 15,5254451,560638,560623,2024-03-21
1,04:50,Free throw 2 of 2 (off turnover) made by Riley Makalusky(BU ),8 - 15,5254451,560638,560623,2024-03-21
1,04:50,"Free throw 1 of 2 (off turnover) missed by Riley Makalusky(BU ), rebound offensive dead ball BU",8 - 14,5254451,560638,560623,2024-03-21
1,04:50,Substitution BGSU: in Sophie Dziekan,8 - 14,5254451,560638,560623,2024-03-21
1,04:50,Substitution BGSU: out Olivia Hill,8 - 14,5254451,560638,560623,2024-03-21
1,04:50,Foul personal (shooting;2 free throws) (under the basket) Olivia Hill(BGSU),8 - 14,5254451,560638,560623,2024-03-21
1,04:59,Turnover bad pass (inside left) Amy Velasco(BGSU),8 - 14,5254451,560638,560623,2024-03-21
1,05:08,Substitution BU : in Sydney Jaynes,8 - 14,5254451,560638,560623,2024-03-21
1,05:08,Substitution BU : in Ari Wiggins,8 - 14,5254451,560638,560623,2024-03-21
1,05:08,Substitution BU : out Cristen Carter,8 - 14,5254451,560638,560623,2024-03-21
1,05:08,Substitution BU : out Karsyn Norman,8 - 14,5254451,560638,560623,2024-03-21
1,05:11,"3pt jump shot (outside center) missed by Karsyn Norman(BU ), rebound defensive (team) BGSU, rebound defensive (team) BGSU",8 - 14,5254451,560638,560623,2024-03-21
1,05:27,"3pt jump shot (outside center) made by Paige Kohler(BGSU), assist Amy Velasco(BGSU)",8 - 14,5254451,560638,560623,2024-03-21
1,05:44,"2pt layup (under the basket) missed by Cristen Carter(BU ), rebound defensive Erika Porter(BGSU)",5 - 14,5254451,560638,560623,2024-03-21
1,05:57,Free throw 1 of 1 made by Amy Velasco(BGSU),5 - 14,5254451,560638,560623,2024-03-21
1,05:57,Foul personal (shooting;1 free throw) (under the basket) Karsyn Norman(BU ),4 - 14,5254451,560638,560623,2024-03-21
1,05:57,2pt driving layup (under the basket) made by Amy Velasco(BGSU),4 - 14,5254451,560638,560623,2024-03-21
1,06:14,Timeout commercial,2 - 14,5254451,560638,560623,2024-03-21
1,06:14,Timeout short BGSU,2 - 14,5254451,560638,560623,2024-03-21
1,06:17,2pt layup (2nd chance;off turnover) (under the basket) made by Cristen Carter(BU ),2 - 14,5254451,560638,560623,2024-03-21
1,06:21,"3pt jump shot (off turnover) (outside right) missed by Riley Makalusky(BU ), rebound offensive Cristen Carter(BU )",2 - 12,5254451,560638,560623,2024-03-21
1,06:33,Turnover travel (inside left) Paige Kohler(BGSU),2 - 12,5254451,560638,560623,2024-03-21
1,06:48,"Free throw 2 of 2 (2nd chance;off turnover) missed by Cristen Carter(BU ), rebound defensive Erika Porter(BGSU)",2 - 12,5254451,560638,560623,2024-03-21
1,06:48,Free throw 1 of 2 (2nd chance;off turnover) made by Cristen Carter(BU ),2 - 12,5254451,560638,560623,2024-03-21
1,06:48,Foul personal (shooting;2 free throws) (under the basket) Olivia Hill(BGSU),2 - 11,5254451,560638,560623,2024-03-21
1,07:00,"3pt jump shot (off turnover) (outside left wing) missed by Riley Makalusky(BU ), rebound offensive (team) BU",2 - 11,5254451,560638,560623,2024-03-21
1,07:15,Turnover travel (inside left) Amy Velasco(BGSU),2 - 11,5254451,560638,560623,2024-03-21
1,07:30,"3pt jump shot (off turnover) (outside left wing) made by Karsyn Norman(BU ), assist Caroline Strande(BU )",2 - 11,5254451,560638,560623,2024-03-21
1,07:41,Turnover bad pass (inside right) Erika Porter(BGSU),2 - 8,5254451,560638,560623,2024-03-21
1,07:59,"2pt driving layup (in the paint) missed by Caroline Strande(BU ), rebound defensive (team) BGSU",2 - 8,5254451,560638,560623,2024-03-21
1,08:10,"2pt turnaround jump shot (under the basket) missed by Erika Porter(BGSU), rebound defensive Rachel Kent(BU )",2 - 8,5254451,560638,560623,2024-03-21
1,08:32,"3pt jump shot (off turnover) (outside left) made by Riley Makalusky(BU ), assist Rachel Kent(BU )",2 - 8,5254451,560638,560623,2024-03-21
1,08:47,"Foul offensive (outside center) Paige Kohler(BGSU), turnover offensive Paige Kohler(BGSU), foul on Rachel Kent(BU )",2 - 5,5254451,560638,560623,2024-03-21
1,09:03,"3pt jump shot (outside center) made by Rachel Kent(BU ), assist Cristen Carter(BU )",2 - 5,5254451,560638,560623,2024-03-21
1,09:20,2pt pull up jump shot (inside center) made by Amy Velasco(BGSU),2 - 2,5254451,560638,560623,2024-03-21
1,09:35,"2pt jump shot (off turnover) (in the paint) made by Caroline Strande(BU ), assist Riley Makalusky(BU )",0 - 2,5254451,560638,560623,2024-03-21
1,09:47,Turnover travel (in the paint) Erika Porter(BGSU),0 - 0,5254451,560638,560623,2024-03-21
1,10:00,"Jump ball start period, won Erika Porter(BGSU), lost Cristen Carter(BU )",0 - 0,5254451,560638,560623,2024-03-21
1,10:00,Period start,0 - 0,5254451,560638,560623,2024-03-21
1,10:00,Game start,0 - 0,5254451,560638,560623,2024-03-21
1,01:18,"Turnover lost ball (in the paint) Jamia Hazell(James Madison), steal Zaida Gonzalez(Stony Brook)",10 - 11,5254251,560827,561130,2024-03-21
1,01:35,"2pt turnaround jump shot (2nd chance) (in the paint) missed by Khari Clark(Stony Brook), rebound defensive Hevynne Bristow(James Madison)",10 - 11,5254251,560827,561130,2024-03-21
1,01:42,"2pt turnaround jump shot (in the paint) missed by Khari Clark(Stony Brook), rebound offensive Shamarla King(Stony Brook)",10 - 11,5254251,560827,561130,2024-03-21
1,01:55,"2pt jump shot (inside left) missed by Olivia Mullins(James Madison), rebound defensive Shamarla King(Stony Brook)",10 - 11,5254251,560827,561130,2024-03-21
1,02:05,"2pt layup (in the paint) missed by Khari Clark(Stony Brook), rebound defensive Carole Miller(James Madison)",10 - 11,5254251,560827,561130,2024-03-21
1,02:21,"2pt layup (2nd chance) (under the basket) missed by Kseniia Kozlova(James Madison), rebound defensive Zaida Gonzalez(Stony Brook)",10 - 11,5254251,560827,561130,2024-03-21
1,02:26,"2pt jump shot (inside left) missed by Hevynne Bristow(James Madison), rebound offensive Kseniia Kozlova(James Madison)",10 - 11,5254251,560827,561130,2024-03-21
1,02:36,Substitution Stony Brook: in Kelis Corley,10 - 11,5254251,560827,561130,2024-03-21
1,02:36,Substitution Stony Brook: in Gigi Gonzalez,10 - 11,5254251,560827,561130,2024-03-21
1,02:36,Substitution Stony Brook: out Victoria Keenan,10 - 11,5254251,560827,561130,2024-03-21
1,02:36,Substitution Stony Brook: out Janay Brantley,10 - 11,5254251,560827,561130,2024-03-21
1,02:36,"Foul personal (inside left) Victoria Keenan(Stony Brook), foul on Hevynne Bristow(James Madison)",10 - 11,5254251,560827,561130,2024-03-21
1,02:43,"2pt step back jump shot (inside center) missed by Zaida Gonzalez(Stony Brook), rebound defensive Hevynne Bristow(James Madison)",10 - 11,5254251,560827,561130,2024-03-21
1,03:10,2pt floating jump shot (off turnover) (in the paint) made by Carole Miller(James Madison),10 - 11,5254251,560827,561130,2024-03-21
1,03:25,Substitution Stony Brook: in Khari Clark,10 - 9,5254251,560827,561130,2024-03-21
1,03:25,Substitution Stony Brook: out Sherese Pittman,10 - 9,5254251,560827,561130,2024-03-21
1,03:25,Turnover dribbling (outside center) Victoria Keenan(Stony Brook),10 - 9,5254251,560827,561130,2024-03-21
1,03:32,"3pt jump shot (outside left) missed by Carole Miller(James Madison), rebound defensive Victoria Keenan(Stony Brook)",10 - 9,5254251,560827,561130,2024-03-21
1,03:40,"2pt jump shot (inside center) made by Sherese Pittman(Stony Brook), assist Shamarla King(Stony Brook)",10 - 9,5254251,560827,561130,2024-03-21
1,04:00,"2pt hook shot (2nd chance;off turnover) (in the paint) made by Kseniia Kozlova(James Madison), assist Olivia Mullins(James Madison)",8 - 9,5254251,560827,561130,2024-03-21
1,04:05,"2pt layup (off turnover) (under the basket) missed by Carole Miller(James Madison), rebound offensive Carole Miller(James Madison)",8 - 7,5254251,560827,561130,2024-03-21
1,04:13,Substitution Stony Brook: in Zaida Gonzalez,8 - 7,5254251,560827,561130,2024-03-21
1,04:13,Substitution Stony Brook: out Gigi Gonzalez,8 - 7,5254251,560827,561130,2024-03-21
1,04:13,Timeout commercial,8 - 7,5254251,560827,561130,2024-03-21
1,04:13,Turnover dribbling (inside right) Gigi Gonzalez(Stony Brook),8 - 7,5254251,560827,561130,2024-03-21
1,04:22,"2pt layup (under the basket) missed by Jamia Hazell(James Madison), rebound defensive Shamarla King(Stony Brook)",8 - 7,5254251,560827,561130,2024-03-21
1,04:42,"3pt jump shot (outside left) missed by Gigi Gonzalez(Stony Brook), rebound defensive Hevynne Bristow(James Madison)",8 - 7,5254251,560827,561130,2024-03-21
1,05:06,"3pt jump shot (off turnover) (outside left wing) missed by Carole Miller(James Madison), rebound defensive Victoria Keenan(Stony Brook)",8 - 7,5254251,560827,561130,2024-03-21
1,05:17,Substitution Stony Brook: in Janay Brantley,8 - 7,5254251,560827,561130,2024-03-21
1,05:17,Substitution Stony Brook: out Khari Clark,8 - 7,5254251,560827,561130,2024-03-21
1,05:17,Substitution James Madison: in Kseniia Kozlova,8 - 7,5254251,560827,561130,2024-03-21
1,05:17,Substitution James Madison: in Carole Miller,8 - 7,5254251,560827,561130,2024-03-21
1,05:17,Substitution James Madison: in Olivia Mullins,8 - 7,5254251,560827,561130,2024-03-21
1,05:17,Substitution James Madison: out Annalicia Goodman,8 - 7,5254251,560827,561130,2024-03-21
1,05:17,Substitution James Madison: out Chloe Sterling,8 - 7,5254251,560827,561130,2024-03-21
1,05:17,Substitution James Madison: out Peyton McDaniel,8 - 7,5254251,560827,561130,2024-03-21
1,05:17,Turnover travel (inside right) Khari Clark(Stony Brook),8 - 7,5254251,560827,561130,2024-03-21
1,05:38,2pt floating jump shot (in the paint) made by Hevynne Bristow(James Madison),8 - 7,5254251,560827,561130,2024-03-21
1,05:50,"2pt layup (2nd chance) (in the paint) missed by Sherese Pittman(Stony Brook), rebound defensive Jamia Hazell(James Madison)",8 - 5,5254251,560827,561130,2024-03-21
1,05:59,"3pt jump shot (outside left) missed by Gigi Gonzalez(Stony Brook), rebound offensive Khari Clark(Stony Brook)",8 - 5,5254251,560827,561130,2024-03-21
1,06:14,2pt driving layup (under the basket) made by Hevynne Bristow(James Madison),8 - 5,5254251,560827,561130,2024-03-21
1,06:29,"3pt jump shot (off turnover) (outside left wing) made by Gigi Gonzalez(Stony Brook), assist Victoria Keenan(Stony Brook)",8 - 3,5254251,560827,561130,2024-03-21
1,06:36,"Turnover bad pass (inside left) Hevynne Bristow(James Madison), steal Victoria Keenan(Stony Brook)",5 - 3,5254251,560827,561130,2024-03-21
1,06:50,Substitution Stony Brook: in Shamarla King,5 - 3,5254251,560827,561130,2024-03-21
1,06:50,Substitution Stony Brook: in Victoria Keenan,5 - 3,5254251,560827,561130,2024-03-21
1,06:50,Substitution Stony Brook: out Kelis Corley,5 - 3,5254251,560827,561130,2024-03-21
1,06:50,Substitution Stony Brook: out Zaida Gonzalez,5 - 3,5254251,560827,561130,2024-03-21
1,06:50,Substitution James Madison: in Jamia Hazell,5 - 3,5254251,560827,561130,2024-03-21
1,06:50,Substitution James Madison: in Hevynne Bristow,5 - 3,5254251,560827,561130,2024-03-21
1,06:50,Substitution James Madison: out Kseniia Kozlova,5 - 3,5254251,560827,561130,2024-03-21
1,06:50,Substitution James Madison: out Ashanti Barnes,5 - 3,5254251,560827,561130,2024-03-21
1,06:50,"Turnover lost ball Gigi Gonzalez(Stony Brook), steal Peyton McDaniel(James Madison)",5 - 3,5254251,560827,561130,2024-03-21
1,06:50,Jump ball held ball James Madison,5 - 3,5254251,560827,561130,2024-03-21
1,06:55,"Turnover bad pass (inside left) Annalicia Goodman(James Madison), steal Khari Clark(Stony Brook)",5 - 3,5254251,560827,561130,2024-03-21
1,07:10,"2pt jump shot (in the paint) missed by Kelis Corley(Stony Brook), rebound defensive Peyton McDaniel(James Madison)",5 - 3,5254251,560827,561130,2024-03-21
1,07:16,"2pt layup (under the basket) missed by Kseniia Kozlova(James Madison), rebound defensive Kelis Corley(Stony Brook)",5 - 3,5254251,560827,561130,2024-03-21
1,07:28,"3pt jump shot (outside center) missed by Khari Clark(Stony Brook), rebound defensive Ashanti Barnes(James Madison)",5 - 3,5254251,560827,561130,2024-03-21
1,07:41,"3pt jump shot (outside center) missed by Ashanti Barnes(James Madison), rebound defensive Kelis Corley(Stony Brook)",5 - 3,5254251,560827,561130,2024-03-21
1,08:00,"2pt pull up jump shot (in the paint) missed by Zaida Gonzalez(Stony Brook), rebound defensive Ashanti Barnes(James Madison)",5 - 3,5254251,560827,561130,2024-03-21
1,08:07,"2pt layup (blocked) (under the basket) missed by Kseniia Kozlova(James Madison), block Khari Clark(Stony Brook), rebound defensive Zaida Gonzalez(Stony Brook)",5 - 3,5254251,560827,561130,2024-03-21
1,08:22,"3pt jump shot (fast break) (outside right) made by Zaida Gonzalez(Stony Brook), assist Gigi Gonzalez(Stony Brook)",5 - 3,5254251,560827,561130,2024-03-21
1,08:29,"2pt layup (blocked) (in the paint) missed by Kseniia Kozlova(James Madison), block Khari Clark(Stony Brook), rebound defensive Khari Clark(Stony Brook)",2 - 3,5254251,560827,561130,2024-03-21
1,08:49,2pt layup (under the basket) made by Gigi Gonzalez(Stony Brook),2 - 3,5254251,560827,561130,2024-03-21
1,08:55,2pt floating jump shot (in the paint) missed by Gigi Gonzalez(Stony Brook),0 - 3,5254251,560827,561130,2024-03-21
1,09:07,"3pt jump shot (outside right) made by Peyton McDaniel(James Madison), assist Chloe Sterling(James Madison)",0 - 3,5254251,560827,561130,2024-03-21
1,09:14,"2pt layup (2nd chance) (under the basket) missed by Khari Clark(Stony Brook), rebound defensive (team) James Madison",0 - 0,5254251,560827,561130,2024-03-21
1,09:18,"2pt pull up jump shot (in the paint) missed by Sherese Pittman(Stony Brook), rebound offensive Khari Clark(Stony Brook)",0 - 0,5254251,560827,561130,2024-03-21
1,09:27,"2pt layup (under the basket) missed by Annalicia Goodman(James Madison), rebound defensive Gigi Gonzalez(Stony Brook)",0 - 0,5254251,560827,561130,2024-03-21
1,09:42,"3pt jump shot (outside left) missed by Gigi Gonzalez(Stony Brook), rebound defensive Ashanti Barnes(James Madison)",0 - 0,5254251,560827,561130,2024-03-21
1,10:00,"Jump ball start period, won Khari Clark(Stony Brook), lost Kseniia Kozlova(James Madison)",0 - 0,5254251,560827,561130,2024-03-21
1,10:00,Period start,0 - 0,5254251,560827,561130,2024-03-21
1,10:00,Game start,0 - 0,5254251,560827,561130,2024-03-21
1,02:50,Substitution VCU: in Timaya Lewis-Eutsey,9 - 12,5254259,561191,561193,2024-03-21
1,02:50,Substitution VCU: out Grace Hutson,9 - 12,5254259,561191,561193,2024-03-21
1,02:50,Turnover bad pass (inside right) Brynn McCurry(VILL),9 - 12,5254259,561191,561193,2024-03-21
1,02:57,"Turnover bad pass (inside left) Lucia Sotelo Miguez(VCU), steal Brynn McCurry(VILL)",9 - 12,5254259,561191,561193,2024-03-21
1,03:09,2pt layup (2nd chance) (under the basket) made by Lucy Olsen(VILL),9 - 12,5254259,561191,561193,2024-03-21
1,03:16,"2pt jump shot (inside left) missed by Lucy Olsen(VILL), rebound offensive Lucy Olsen(VILL)",9 - 10,5254259,561191,561193,2024-03-21
1,03:35,"3pt jump shot (off turnover) (outside right) missed by Grace Hutson(VCU), rebound defensive Bella Runyan(VILL)",9 - 10,5254259,561191,561193,2024-03-21
1,03:49,Substitution VCU: in Zoli Khalil,9 - 10,5254259,561191,561193,2024-03-21
1,03:49,Substitution VCU: out Sarah Te-Biasu,9 - 10,5254259,561191,561193,2024-03-21
1,03:49,Substitution VILL: in Zanai Jones,9 - 10,5254259,561191,561193,2024-03-21
1,03:49,Substitution VILL: out Maddie Webber,9 - 10,5254259,561191,561193,2024-03-21
1,03:49,Turnover lost ball (under the basket) Lucy Olsen(VILL),9 - 10,5254259,561191,561193,2024-03-21
1,04:00,"2pt layup (in the paint) missed by Jennifer Ezeh(VCU), rebound defensive Lucy Olsen(VILL)",9 - 10,5254259,561191,561193,2024-03-21
1,04:19,"Foul personal (loose ball) (back court) Maddie Webber(VILL), foul on Grace Hutson(VCU)",9 - 10,5254259,561191,561193,2024-03-21
1,04:21,"3pt jump shot (off turnover) (outside left) missed by Bella Runyan(VILL), rebound defensive (team) VCU",9 - 10,5254259,561191,561193,2024-03-21
1,04:39,Timeout commercial,9 - 10,5254259,561191,561193,2024-03-21
1,04:39,"Turnover lost ball (under the basket) Jennifer Ezeh(VCU), steal Lucy Olsen(VILL)",9 - 10,5254259,561191,561193,2024-03-21
1,05:08,"3pt jump shot (outside left wing) made by Maddie Webber(VILL), assist Brynn McCurry(VILL)",9 - 10,5254259,561191,561193,2024-03-21
1,05:20,"2pt jump shot (off turnover) (inside right) missed by Jennifer Ezeh(VCU), rebound defensive Kaitlyn Orihel(VILL)",9 - 7,5254259,561191,561193,2024-03-21
1,05:29,Substitution VCU: in Lucia Sotelo Miguez,9 - 7,5254259,561191,561193,2024-03-21
1,05:29,Substitution VCU: in Jennifer Ezeh,9 - 7,5254259,561191,561193,2024-03-21
1,05:29,Substitution VCU: in Grace Hutson,9 - 7,5254259,561191,561193,2024-03-21
1,05:29,Substitution VCU: out Samantha Robinson,9 - 7,5254259,561191,561193,2024-03-21
1,05:29,Substitution VCU: out Mykel Parham,9 - 7,5254259,561191,561193,2024-03-21
1,05:29,Substitution VCU: out Timaya Lewis-Eutsey,9 - 7,5254259,561191,561193,2024-03-21
1,05:29,Substitution VILL: in Brynn McCurry,9 - 7,5254259,561191,561193,2024-03-21
1,05:29,Substitution VILL: in Kaitlyn Orihel,9 - 7,5254259,561191,561193,2024-03-21
1,05:29,Substitution VILL: out Christina Dalce,9 - 7,5254259,561191,561193,2024-03-21
1,05:29,Substitution VILL: out Zanai Jones,9 - 7,5254259,561191,561193,2024-03-21
1,05:29,Timeout commercial,9 - 7,5254259,561191,561193,2024-03-21
1,05:29,"Foul offensive (under the basket) Christina Dalce(VILL), turnover offensive Christina Dalce(VILL), foul on Timaya Lewis-Eutsey(VCU)",9 - 7,5254259,561191,561193,2024-03-21
1,05:53,2pt driving layup (under the basket) made by Mary-Anna Asare(VCU),9 - 7,5254259,561191,561193,2024-03-21
1,06:11,"3pt jump shot (outside center) missed by Bella Runyan(VILL), rebound defensive Mykel Parham(VCU)",7 - 7,5254259,561191,561193,2024-03-21
1,06:24,"2pt layup (off turnover) (under the basket) missed by Mykel Parham(VCU), rebound defensive Bella Runyan(VILL)",7 - 7,5254259,561191,561193,2024-03-21
1,06:45,"Turnover bad pass (outside center) Christina Dalce(VILL), steal Sarah Te-Biasu(VCU)",7 - 7,5254259,561191,561193,2024-03-21
1,06:56,"3pt jump shot (outside center) missed by Sarah Te-Biasu(VCU), rebound defensive (team) VILL",7 - 7,5254259,561191,561193,2024-03-21
1,07:02,"3pt jump shot (outside right) missed by Lucy Olsen(VILL), rebound defensive Sarah Te-Biasu(VCU)",7 - 7,5254259,561191,561193,2024-03-21
1,07:25,"3pt step back jump shot (outside right) made by Sarah Te-Biasu(VCU), assist Timaya Lewis-Eutsey(VCU)",7 - 7,5254259,561191,561193,2024-03-21
1,07:34,"2pt turnaround jump shot (inside right) made by Lucy Olsen(VILL), assist Bella Runyan(VILL)",4 - 7,5254259,561191,561193,2024-03-21
1,07:55,Free throw 2 of 2 (2nd chance) made by Mykel Parham(VCU),4 - 5,5254259,561191,561193,2024-03-21
1,07:55,Free throw 1 of 2 (2nd chance) made by Mykel Parham(VCU),3 - 5,5254259,561191,561193,2024-03-21
1,07:55,Foul personal (shooting;2 free throws) (under the basket) Lucy Olsen(VILL),2 - 5,5254259,561191,561193,2024-03-21
1,07:55,"Foul personal (in the paint) Lucy Olsen(VILL), foul on Mykel Parham(VCU)",2 - 5,5254259,561191,561193,2024-03-21
1,07:56,"2pt layup (2nd chance) (under the basket) missed by Timaya Lewis-Eutsey(VCU), rebound offensive Mykel Parham(VCU)",2 - 5,5254259,561191,561193,2024-03-21
1,08:01,"2pt jump shot (in the paint) missed by Timaya Lewis-Eutsey(VCU), rebound offensive Timaya Lewis-Eutsey(VCU)",2 - 5,5254259,561191,561193,2024-03-21
1,08:26,"3pt jump shot (outside left) made by Lucy Olsen(VILL), assist Bella Runyan(VILL)",2 - 5,5254259,561191,561193,2024-03-21
1,08:44,"2pt jump shot (2nd chance) (in the paint) made by Samantha Robinson(VCU), assist Sarah Te-Biasu(VCU)",2 - 2,5254259,561191,561193,2024-03-21
1,09:01,"3pt jump shot (outside right) missed by Mary-Anna Asare(VCU), rebound offensive Mykel Parham(VCU)",0 - 2,5254259,561191,561193,2024-03-21
1,09:16,"2pt layup (fast break) (under the basket) made by Maddie Webber(VILL), assist Lucy Olsen(VILL)",0 - 2,5254259,561191,561193,2024-03-21
1,09:24,"3pt jump shot (off turnover) (outside right) missed by Sarah Te-Biasu(VCU), rebound defensive Lucy Olsen(VILL)",0 - 0,5254259,561191,561193,2024-03-21
1,09:48,Turnover bad pass (outside right) Bella Runyan(VILL),0 - 0,5254259,561191,561193,2024-03-21
1,10:00,"Jump ball start period, won Christina Dalce(VILL), lost Mykel Parham(VCU)",0 - 0,5254259,561191,561193,2024-03-21
1,10:00,Period start,0 - 0,5254259,561191,561193,2024-03-21
1,10:00,Game start,0 - 0,5254259,561191,561193,2024-03-21
1,05:46,"2pt driving layup (blocked) (under the basket) missed by Skylar Jones(Arizona), block Yakiya Milton(Auburn)",8 - 2,5254155,560603,560595,2024-03-21
1,05:46,2pt (under the basket) missed by Arizona,8 - 2,5254155,560603,560595,2024-03-21
1,06:08,"2pt layup (blocked) (under the basket) missed by Honesty Scott-Grayson(Auburn), block Skylar Jones(Arizona), rebound defensive (team) Arizona",8 - 2,5254155,560603,560595,2024-03-21
1,06:12,Substitution Arizona: in Isis Beh,8 - 2,5254155,560603,560595,2024-03-21
1,06:12,Substitution Arizona: out Breya Cunningham,8 - 2,5254155,560603,560595,2024-03-21
1,06:12,"Foul personal (outside center) Breya Cunningham(Arizona), foul on JaMya Mingo-Young(Auburn)",8 - 2,5254155,560603,560595,2024-03-21
1,06:21,Free throw 2 of 2 made by Jada Williams(Arizona),8 - 2,5254155,560603,560595,2024-03-21
1,06:21,Free throw 1 of 2 made by Jada Williams(Arizona),7 - 2,5254155,560603,560595,2024-03-21
1,06:21,Foul personal (shooting;2 free throws) (under the basket) Sydney Shaw(Auburn),6 - 2,5254155,560603,560595,2024-03-21
1,06:35,"2pt jump shot (inside left) missed by Honesty Scott-Grayson(Auburn), rebound defensive (team) Arizona",6 - 2,5254155,560603,560595,2024-03-21
1,06:41,Substitution Auburn: in Yakiya Milton,6 - 2,5254155,560603,560595,2024-03-21
1,06:41,Substitution Auburn: out Savannah Scott,6 - 2,5254155,560603,560595,2024-03-21
1,06:41,"Foul personal (outside right) Breya Cunningham(Arizona), foul on Sydney Shaw(Auburn)",6 - 2,5254155,560603,560595,2024-03-21
1,07:06,"2pt layup (off turnover) (under the basket) made by Breya Cunningham(Arizona), assist Jada Williams(Arizona)",6 - 2,5254155,560603,560595,2024-03-21
1,07:15,"Turnover bad pass (outside left) Honesty Scott-Grayson(Auburn), steal Esmery Martinez(Arizona)",4 - 2,5254155,560603,560595,2024-03-21
1,07:28,"3pt step back jump shot (outside right) missed by Jada Williams(Arizona), rebound defensive Sydney Shaw(Auburn)",4 - 2,5254155,560603,560595,2024-03-21
1,07:42,2pt turnaround jump shot (inside left) made by Honesty Scott-Grayson(Auburn),4 - 2,5254155,560603,560595,2024-03-21
1,07:51,"3pt jump shot (outside center) missed by Helena Pueyo(Arizona), rebound defensive Honesty Scott-Grayson(Auburn)",4 - 0,5254155,560603,560595,2024-03-21
1,08:11,2pt pull up jump shot (off turnover) (in the paint) missed by JaMya Mingo-Young(Auburn),4 - 0,5254155,560603,560595,2024-03-21
1,08:16,"Turnover bad pass (outside right) Jada Williams(Arizona), steal JaMya Mingo-Young(Auburn), steal Taylen Collins(Auburn)",4 - 0,5254155,560603,560595,2024-03-21
1,08:36,"Turnover bad pass (outside right) Honesty Scott-Grayson(Auburn), steal Esmery Martinez(Arizona)",4 - 0,5254155,560603,560595,2024-03-21
1,08:48,"2pt driving layup (blocked) (under the basket) missed by Sydney Shaw(Auburn), block Esmery Martinez(Arizona)",4 - 0,5254155,560603,560595,2024-03-21
1,09:07,"2pt hook shot (off turnover) (in the paint) made by Breya Cunningham(Arizona), assist Helena Pueyo(Arizona)",4 - 0,5254155,560603,560595,2024-03-21
1,09:28,"Turnover lost ball (in the paint) JaMya Mingo-Young(Auburn), steal Skylar Jones(Arizona)",2 - 0,5254155,560603,560595,2024-03-21
1,09:43,2pt driving layup (under the basket) made by Jada Williams(Arizona),2 - 0,5254155,560603,560595,2024-03-21
1,09:49,"Foul personal (outside center) JaMya Mingo-Young(Auburn), foul on Jada Williams(Arizona)",0 - 0,5254155,560603,560595,2024-03-21
1,09:49,Foul (back court) Arizona,0 - 0,5254155,560603,560595,2024-03-21
1,10:00,"Jump ball start period, won Breya Cunningham(Arizona), lost Savannah Scott(Auburn)",0 - 0,5254155,560603,560595,2024-03-21
1,10:00,Period start,0 - 0,5254155,560603,560595,2024-03-21
1,10:00,Game start,0 - 0,5254155,560603,560595,2024-03-21
1,02:21,Turnover travel (under the basket) Jenna Annecchiarico(CoC),14 - 9,5254439,560551,561242,2024-03-21
1,02:47,Substitution UPST : in Rebekah Gordon,14 - 9,5254439,560551,561242,2024-03-21
1,02:47,Substitution UPST : out Gracie Barnes,14 - 9,5254439,560551,561242,2024-03-21
1,02:47,"Foul personal (back court) Gracie Barnes(UPST ), foul on Alexis Andrews(CoC)",14 - 9,5254439,560551,561242,2024-03-21
1,02:47,"Free throw 2 of 2 (off turnover) missed by Isabell West(UPST ), rebound defensive Alexis Andrews(CoC)",14 - 9,5254439,560551,561242,2024-03-21
1,02:47,Free throw 1 of 2 (off turnover) made by Isabell West(UPST ),14 - 9,5254439,560551,561242,2024-03-21
1,02:47,Foul personal (shooting;2 free throws) (under the basket) Lara Rohkohl(CoC),14 - 8,5254439,560551,561242,2024-03-21
1,02:59,Substitution CoC: in Jami Hill,14 - 8,5254439,560551,561242,2024-03-21
1,02:59,Substitution CoC: out Naylee Cortes,14 - 8,5254439,560551,561242,2024-03-21
1,02:59,"Foul offensive (outside right) Naylee Cortes(CoC), turnover offensive Naylee Cortes(CoC), foul on Gracie Barnes(UPST )",14 - 8,5254439,560551,561242,2024-03-21
1,03:15,"3pt jump shot (outside right) made by Dakota Reeves(UPST ), assist Trinity Johnson(UPST )",14 - 8,5254439,560551,561242,2024-03-21
1,03:26,Substitution UPST : in Dakota Reeves,14 - 5,5254439,560551,561242,2024-03-21
1,03:26,Substitution UPST : out Jeni Levine,14 - 5,5254439,560551,561242,2024-03-21
1,03:26,"Foul personal (back court) Taryn Barbot(CoC), foul on Gracie Barnes(UPST )",14 - 5,5254439,560551,561242,2024-03-21
1,03:28,"2pt jump shot (off turnover) (inside center) missed by Naylee Cortes(CoC), rebound defensive Gracie Barnes(UPST )",14 - 5,5254439,560551,561242,2024-03-21
1,03:44,Substitution CoC: in Lara Rohkohl,14 - 5,5254439,560551,561242,2024-03-21
1,03:44,Substitution CoC: out Zoe McCrary,14 - 5,5254439,560551,561242,2024-03-21
1,03:44,Turnover travel (in the paint) Isabell West(UPST ),14 - 5,5254439,560551,561242,2024-03-21
1,04:06,"3pt jump shot (outside center) made by Alexis Andrews(CoC), assist Naylee Cortes(CoC)",14 - 5,5254439,560551,561242,2024-03-21
1,04:26,"2pt layup (off turnover) (in the paint) made by Isabell West(UPST ), assist Trinity Johnson(UPST )",11 - 5,5254439,560551,561242,2024-03-21
1,04:49,Substitution UPST : in Zora Fray-Chinn,11 - 3,5254439,560551,561242,2024-03-21
1,04:49,Substitution UPST : out Rebekah Gordon,11 - 3,5254439,560551,561242,2024-03-21
1,04:49,Substitution CoC: in Naylee Cortes,11 - 3,5254439,560551,561242,2024-03-21
1,04:49,Substitution CoC: out Jada Logan,11 - 3,5254439,560551,561242,2024-03-21
1,04:49,Timeout commercial,11 - 3,5254439,560551,561242,2024-03-21
1,04:49,"Foul offensive (back court) Jada Logan(CoC), turnover offensive Jada Logan(CoC), foul on Jeni Levine(UPST )",11 - 3,5254439,560551,561242,2024-03-21
1,04:56,"2pt jump shot (in the paint) missed by Jeni Levine(UPST ), rebound defensive Jada Logan(CoC)",11 - 3,5254439,560551,561242,2024-03-21
1,05:22,2pt pull up jump shot (inside right) made by Alexis Andrews(CoC),11 - 3,5254439,560551,561242,2024-03-21
1,05:39,Substitution UPST : in Gracie Barnes,9 - 3,5254439,560551,561242,2024-03-21
1,05:39,Substitution UPST : in Isabell West,9 - 3,5254439,560551,561242,2024-03-21
1,05:39,Substitution UPST : out AC Markham,9 - 3,5254439,560551,561242,2024-03-21
1,05:39,Substitution UPST : out Dakota Reeves,9 - 3,5254439,560551,561242,2024-03-21
1,05:39,"2pt driving layup (blocked) (in the paint) missed by Trinity Johnson(UPST ), block Zoe McCrary(CoC), rebound offensive (team) UPST, rebound defensive (team) CoC",9 - 3,5254439,560551,561242,2024-03-21
1,05:50,"3pt jump shot (outside left) missed by Jada Logan(CoC), rebound defensive AC Markham(UPST )",9 - 3,5254439,560551,561242,2024-03-21
1,06:15,2pt pull up jump shot (inside left) made by Jeni Levine(UPST ),9 - 3,5254439,560551,561242,2024-03-21
1,06:33,2pt layup (2nd chance;off turnover) (under the basket) made by Jada Logan(CoC),9 - 1,5254439,560551,561242,2024-03-21
1,06:37,"2pt layup (off turnover) (under the basket) missed by Taryn Barbot(CoC), rebound offensive Jada Logan(CoC)",7 - 1,5254439,560551,561242,2024-03-21
1,06:42,"Turnover bad pass (outside center) Trinity Johnson(UPST ), steal Jada Logan(CoC)",7 - 1,5254439,560551,561242,2024-03-21
1,06:42,Turnover (back court) CoC,7 - 1,5254439,560551,561242,2024-03-21
1,06:52,"3pt jump shot (outside right) made by Jada Logan(CoC), assist Jenna Annecchiarico(CoC)",7 - 1,5254439,560551,561242,2024-03-21
1,06:59,"Free throw 2 of 2 (off turnover) missed by Rebekah Gordon(UPST ), rebound defensive Jada Logan(CoC)",4 - 1,5254439,560551,561242,2024-03-21
1,06:59,Free throw 1 of 2 (off turnover) made by Rebekah Gordon(UPST ),4 - 1,5254439,560551,561242,2024-03-21
1,06:59,Foul personal (shooting;2 free throws) (in the paint) Jada Logan(CoC),4 - 0,5254439,560551,561242,2024-03-21
1,07:19,"Turnover lost ball (inside right) Jada Logan(CoC), steal Rebekah Gordon(UPST )",4 - 0,5254439,560551,561242,2024-03-21
1,07:27,"3pt jump shot (outside right) missed by Dakota Reeves(UPST ), rebound defensive Alexis Andrews(CoC)",4 - 0,5254439,560551,561242,2024-03-21
1,07:50,"2pt jump shot (off turnover) (inside left wing) made by Jada Logan(CoC), assist Alexis Andrews(CoC)",4 - 0,5254439,560551,561242,2024-03-21
1,08:01,"Turnover bad pass (inside right) Trinity Johnson(UPST ), steal Alexis Andrews(CoC)",2 - 0,5254439,560551,561242,2024-03-21
1,08:30,"2pt jump shot (fast break) (inside left) made by Taryn Barbot(CoC), assist Jada Logan(CoC)",2 - 0,5254439,560551,561242,2024-03-21
1,08:36,"2pt driving layup (under the basket) missed by Trinity Johnson(UPST ), rebound defensive Jada Logan(CoC)",0 - 0,5254439,560551,561242,2024-03-21
1,08:45,"3pt jump shot (outside left wing) missed by Taryn Barbot(CoC), rebound defensive Rebekah Gordon(UPST )",0 - 0,5254439,560551,561242,2024-03-21
1,09:01,"3pt jump shot (outside left) missed by AC Markham(UPST ), rebound defensive Jenna Annecchiarico(CoC)",0 - 0,5254439,560551,561242,2024-03-21
1,09:10,"2pt layup (2nd chance;off turnover) (under the basket) missed by Zoe McCrary(CoC), rebound defensive Dakota Reeves(UPST )",0 - 0,5254439,560551,561242,2024-03-21
1,09:20,"2pt layup (off turnover) (under the basket) missed by Zoe McCrary(CoC), rebound offensive Alexis Andrews(CoC)",0 - 0,5254439,560551,561242,2024-03-21
1,09:29,"Turnover lost ball (outside right) AC Markham(UPST ), steal Zoe McCrary(CoC)",0 - 0,5254439,560551,561242,2024-03-21
1,09:46,"3pt jump shot (outside right) missed by Alexis Andrews(CoC), rebound defensive Jeni Levine(UPST )",0 - 0,5254439,560551,561242,2024-03-21
1,10:00,"Jump ball start period, won Zoe McCrary(CoC), lost Rebekah Gordon(UPST )",0 - 0,5254439,560551,561242,2024-03-21
1,10:00,Period start,0 - 0,5254439,560551,561242,2024-03-21
1,10:00,Game start,0 - 0,5254439,560551,561242,2024-03-21
1,04:01,Jump ball lodged ball SJU,13 - 4,5254261,561060,561079,2024-03-21
1,04:01,"3pt jump shot (off turnover) (outside left) missed by Gabby Casey(SJU), rebound offensive dead ball SJU",13 - 4,5254261,561060,561079,2024-03-21
1,04:15,Substitution SHU: in I'yanna Lops,13 - 4,5254261,561060,561079,2024-03-21
1,04:15,Substitution SHU: out Kae Satterfield,13 - 4,5254261,561060,561079,2024-03-21
1,04:15,"Foul offensive (in the paint) Shailyn Pinkney(SHU), turnover offensive Shailyn Pinkney(SHU), foul on Chloe Welch(SJU)",13 - 4,5254261,561060,561079,2024-03-21
1,04:28,"2pt layup (in the paint) made by Paula Maurina(SJU), assist Gabby Casey(SJU)",13 - 4,5254261,561060,561079,2024-03-21
1,04:43,2pt driving layup (under the basket) made by Azana Baines(SHU),13 - 2,5254261,561060,561079,2024-03-21
1,04:49,Substitution SJU: in Paula Maurina,11 - 2,5254261,561060,561079,2024-03-21
1,04:49,Substitution SJU: in Chloe Welch,11 - 2,5254261,561060,561079,2024-03-21
1,04:49,Substitution SJU: out Emma Boslet,11 - 2,5254261,561060,561079,2024-03-21
1,04:49,Substitution SJU: out Talya Brugler,11 - 2,5254261,561060,561079,2024-03-21
1,04:49,"Foul personal (in the paint) Emma Boslet(SJU), foul on Savannah Catalon(SHU)",11 - 2,5254261,561060,561079,2024-03-21
1,04:49,Foul (back court) SHU,11 - 2,5254261,561060,561079,2024-03-21
1,04:58,"2pt pull up jump shot (in the paint) missed by Mackenzie Smith(SJU), rebound defensive Shailyn Pinkney(SHU)",11 - 2,5254261,561060,561079,2024-03-21
1,05:13,2pt driving layup (under the basket) made by Shailyn Pinkney(SHU),11 - 2,5254261,561060,561079,2024-03-21
1,05:27,Substitution SHU: in Sha'Lynn Hagans,9 - 2,5254261,561060,561079,2024-03-21
1,05:27,Substitution SHU: out Amari Wright,9 - 2,5254261,561060,561079,2024-03-21
1,05:27,"Foul personal (back court) Emma Boslet(SJU), foul on Kae Satterfield(SHU)",9 - 2,5254261,561060,561079,2024-03-21
1,05:28,Free throw 2 of 2 (2nd chance;off turnover) made by Talya Brugler(SJU),9 - 2,5254261,561060,561079,2024-03-21
1,05:28,Free throw 1 of 2 (2nd chance;off turnover) made by Talya Brugler(SJU),9 - 1,5254261,561060,561079,2024-03-21
1,05:28,Substitution SJU: in Emma Boslet,9 - 0,5254261,561060,561079,2024-03-21
1,05:28,Substitution SJU: out Chloe Welch,9 - 0,5254261,561060,561079,2024-03-21
1,05:28,Foul personal (shooting;2 free throws) (inside center) Amari Wright(SHU),9 - 0,5254261,561060,561079,2024-03-21
1,05:28,Foul (back court) SJU,9 - 0,5254261,561060,561079,2024-03-21
1,05:28,"2pt driving layup (2nd chance;off turnover) (in the paint) missed by Gabby Casey(SJU), rebound offensive Talya Brugler(SJU)",9 - 0,5254261,561060,561079,2024-03-21
1,05:45,"2pt driving layup (off turnover) (under the basket) missed by Chloe Welch(SJU), rebound offensive Mackenzie Smith(SJU)",9 - 0,5254261,561060,561079,2024-03-21
1,06:06,"Foul offensive (back court) Azana Baines(SHU), turnover offensive Azana Baines(SHU)",9 - 0,5254261,561060,561079,2024-03-21
1,06:06,Turnover (outside right) Azana Baines(SHU),9 - 0,5254261,561060,561079,2024-03-21
1,06:10,Free throw 2 of 2 made by Savannah Catalon(SHU),9 - 0,5254261,561060,561079,2024-03-21
1,06:10,Free throw 1 of 2 made by Savannah Catalon(SHU),8 - 0,5254261,561060,561079,2024-03-21
1,06:10,Timeout commercial,7 - 0,5254261,561060,561079,2024-03-21
1,06:10,Substitution SHU: in Shailyn Pinkney,7 - 0,5254261,561060,561079,2024-03-21
1,06:10,Substitution SHU: out Sha'Lynn Hagans,7 - 0,5254261,561060,561079,2024-03-21
1,06:10,Substitution SJU: in Gabby Casey,7 - 0,5254261,561060,561079,2024-03-21
1,06:10,Substitution SJU: out Julia Nystrom,7 - 0,5254261,561060,561079,2024-03-21
1,06:10,Foul intentional (2 free throws) (back court) Talya Brugler(SJU),7 - 0,5254261,561060,561079,2024-03-21
1,06:20,"2pt jump shot (off turnover;blocked) (inside right) missed by Azana Baines(SHU), block Talya Brugler(SJU), rebound defensive Mackenzie Smith(SJU)",7 - 0,5254261,561060,561079,2024-03-21
1,06:37,Turnover 3sec (in the paint) Talya Brugler(SJU),7 - 0,5254261,561060,561079,2024-03-21
1,07:00,"3pt jump shot (outside left) missed by Savannah Catalon(SHU), rebound defensive (team) SJU",7 - 0,5254261,561060,561079,2024-03-21
1,07:20,"3pt jump shot (outside left) missed by Talya Brugler(SJU), rebound defensive dead ball SHU",7 - 0,5254261,561060,561079,2024-03-21
1,07:48,2pt jump shot (in the paint) made by Kae Satterfield(SHU),7 - 0,5254261,561060,561079,2024-03-21
1,08:09,"2pt pull up jump shot (in the paint) missed by Chloe Welch(SJU), rebound defensive Azana Baines(SHU)",5 - 0,5254261,561060,561079,2024-03-21
1,08:31,"3pt jump shot (outside right) made by Savannah Catalon(SHU), assist Amari Wright(SHU)",5 - 0,5254261,561060,561079,2024-03-21
1,08:59,"2pt jump shot (2nd chance) (in the paint) missed by Laura Ziegler(SJU), rebound defensive Azana Baines(SHU)",2 - 0,5254261,561060,561079,2024-03-21
1,09:08,"3pt jump shot (outside left) missed by Julia Nystrom(SJU), rebound offensive (team) SJU",2 - 0,5254261,561060,561079,2024-03-21
1,09:36,"2pt jump shot (in the paint) made by Kae Satterfield(SHU), assist Sha'Lynn Hagans(SHU)",2 - 0,5254261,561060,561079,2024-03-21
1,10:00,"Jump ball start period, won Azana Baines(SHU), lost Laura Ziegler(SJU)",0 - 0,5254261,561060,561079,2024-03-21
1,10:00,Period start,0 - 0,5254261,561060,561079,2024-03-21
1,10:00,Game start,0 - 0,5254261,561060,561079,2024-03-21
1,01:43,"Foul offensive (back court) Olivia McGhee(UVA), turnover offensive Olivia McGhee(UVA), foul on Bukky Akinsola(HPU)",12 - 22,5254260,561198,560554,2024-03-21
1,01:57,Substitution HPU: in Bukky Akinsola,12 - 22,5254260,561198,560554,2024-03-21
1,01:57,Substitution HPU: out Faith Price,12 - 22,5254260,561198,560554,2024-03-21
1,01:57,Turnover travel (in the paint) Shakira Baskerville(HPU),12 - 22,5254260,561198,560554,2024-03-21
1,02:05,"2pt pull up jump shot (inside center) missed by Alexia Smith(UVA), rebound defensive Shakira Baskerville(HPU)",12 - 22,5254260,561198,560554,2024-03-21
1,02:12,"3pt jump shot (outside center) missed by Shakira Baskerville(HPU), rebound defensive Alexia Smith(UVA)",12 - 22,5254260,561198,560554,2024-03-21
1,02:23,"2pt driving layup (fast break) (under the basket) made by Alexia Smith(UVA), assist Kymora Johnson(UVA)",12 - 22,5254260,561198,560554,2024-03-21
1,02:31,"3pt pull up jump shot (blocked) (outside right) missed by Faith Price(HPU), block Olivia McGhee(UVA), rebound defensive Edessa Noyan(UVA)",12 - 20,5254260,561198,560554,2024-03-21
1,02:57,2pt driving layup (under the basket) made by Alexia Smith(UVA),12 - 20,5254260,561198,560554,2024-03-21
1,03:08,Substitution HPU: in Anna Hager,12 - 18,5254260,561198,560554,2024-03-21
1,03:08,Substitution HPU: out Nevaeh Zavala,12 - 18,5254260,561198,560554,2024-03-21
1,03:11,"3pt jump shot (outside left) missed by Nevaeh Zavala(HPU), rebound defensive (team) UVA",12 - 18,5254260,561198,560554,2024-03-21
1,03:28,2pt driving layup (fast break) (under the basket) made by Kymora Johnson(UVA),12 - 18,5254260,561198,560554,2024-03-21
1,03:35,"2pt floating jump shot (inside right) missed by Lauren Bevis(HPU), rebound defensive Edessa Noyan(UVA)",12 - 16,5254260,561198,560554,2024-03-21
1,03:59,"3pt jump shot (2nd chance) (outside center) missed by Sam Brunelle(UVA), rebound defensive Nevaeh Zavala(HPU)",12 - 16,5254260,561198,560554,2024-03-21
1,04:10,Substitution HPU: in Shakira Baskerville,12 - 16,5254260,561198,560554,2024-03-21
1,04:10,Substitution HPU: in Callie Scheier,12 - 16,5254260,561198,560554,2024-03-21
1,04:10,Substitution HPU: out Cydney Johnson,12 - 16,5254260,561198,560554,2024-03-21
1,04:10,Substitution HPU: out Bukky Akinsola,12 - 16,5254260,561198,560554,2024-03-21
1,04:10,Substitution UVA: in Olivia McGhee,12 - 16,5254260,561198,560554,2024-03-21
1,04:10,Substitution UVA: out Jillian Brown,12 - 16,5254260,561198,560554,2024-03-21
1,04:10,Timeout commercial,12 - 16,5254260,561198,560554,2024-03-21
1,04:12,"3pt jump shot (outside right) missed by Alexia Smith(UVA), rebound offensive (team) UVA",12 - 16,5254260,561198,560554,2024-03-21
1,04:29,2pt pull up jump shot (inside left) made by Lauren Bevis(HPU),12 - 16,5254260,561198,560554,2024-03-21
1,04:39,"2pt driving layup (off turnover) (under the basket) missed by Kymora Johnson(UVA), rebound defensive Nevaeh Zavala(HPU)",10 - 16,5254260,561198,560554,2024-03-21
1,04:43,"Turnover lost ball (outside center) Lauren Bevis(HPU), steal Kymora Johnson(UVA)",10 - 16,5254260,561198,560554,2024-03-21
1,05:01,"2pt layup (fast break) (under the basket) made by Jillian Brown(UVA), assist Kymora Johnson(UVA)",10 - 16,5254260,561198,560554,2024-03-21
1,05:09,"2pt driving layup (blocked) (under the basket) missed by Cydney Johnson(HPU), block Sam Brunelle(UVA), rebound defensive Edessa Noyan(UVA)",10 - 14,5254260,561198,560554,2024-03-21
1,05:30,"2pt pull up jump shot (fast break) (in the paint) made by Kymora Johnson(UVA), assist Alexia Smith(UVA)",10 - 14,5254260,561198,560554,2024-03-21
1,05:38,"2pt driving layup (under the basket) missed by Bukky Akinsola(HPU), rebound defensive Alexia Smith(UVA)",10 - 12,5254260,561198,560554,2024-03-21
1,05:53,Substitution UVA: in Sam Brunelle,10 - 12,5254260,561198,560554,2024-03-21
1,05:53,Substitution UVA: out Camryn Taylor,10 - 12,5254260,561198,560554,2024-03-21
1,05:53,"Foul personal (back court) Camryn Taylor(UVA), foul on Cydney Johnson(HPU)",10 - 12,5254260,561198,560554,2024-03-21
1,05:53,"2pt layup (off turnover) (under the basket) missed by Camryn Taylor(UVA), rebound defensive Cydney Johnson(HPU)",10 - 12,5254260,561198,560554,2024-03-21
1,06:04,Substitution UVA: in Alexia Smith,10 - 12,5254260,561198,560554,2024-03-21
1,06:04,Substitution UVA: out Paris Clark,10 - 12,5254260,561198,560554,2024-03-21
1,06:04,Turnover bad pass (outside center) Bukky Akinsola(HPU),10 - 12,5254260,561198,560554,2024-03-21
1,06:18,"3pt jump shot (outside left) made by Camryn Taylor(UVA), assist Kymora Johnson(UVA)",10 - 12,5254260,561198,560554,2024-03-21
1,06:34,3pt jump shot (fast break) (outside right) made by Bukky Akinsola(HPU),10 - 9,5254260,561198,560554,2024-03-21
1,06:45,"3pt jump shot (outside left) missed by Kymora Johnson(UVA), rebound defensive Lauren Bevis(HPU)",7 - 9,5254260,561198,560554,2024-03-21
1,07:00,2pt driving layup (off turnover;fast break) (under the basket) made by Bukky Akinsola(HPU),7 - 9,5254260,561198,560554,2024-03-21
1,07:06,"Turnover bad pass (inside left) Camryn Taylor(UVA), steal Cydney Johnson(HPU)",5 - 9,5254260,561198,560554,2024-03-21
1,07:11,"Turnover lost ball (back court) Bukky Akinsola(HPU), steal Paris Clark(UVA)",5 - 9,5254260,561198,560554,2024-03-21
1,07:16,Substitution UVA: in Edessa Noyan,5 - 9,5254260,561198,560554,2024-03-21
1,07:16,Substitution UVA: out Sam Brunelle,5 - 9,5254260,561198,560554,2024-03-21
1,07:16,Free throw 2 of 2 (2nd chance) made by Jillian Brown(UVA),5 - 9,5254260,561198,560554,2024-03-21
1,07:16,Free throw 1 of 2 (2nd chance) made by Jillian Brown(UVA),5 - 8,5254260,561198,560554,2024-03-21
1,07:16,Foul personal (shooting;2 free throws) (under the basket) Faith Price(HPU),5 - 7,5254260,561198,560554,2024-03-21
1,07:20,"3pt jump shot (outside left wing) missed by Jillian Brown(UVA), rebound offensive Jillian Brown(UVA)",5 - 7,5254260,561198,560554,2024-03-21
1,07:32,Free throw 2 of 2 made by Bukky Akinsola(HPU),5 - 7,5254260,561198,560554,2024-03-21
1,07:32,"Free throw 1 of 2 missed by Bukky Akinsola(HPU), rebound offensive dead ball HPU",4 - 7,5254260,561198,560554,2024-03-21
1,07:32,Foul personal (shooting;2 free throws) (under the basket) Paris Clark(UVA),4 - 7,5254260,561198,560554,2024-03-21
1,07:44,"3pt jump shot (outside right) missed by Sam Brunelle(UVA), rebound defensive Faith Price(HPU)",4 - 7,5254260,561198,560554,2024-03-21
1,07:57,Free throw 2 of 2 (off turnover) made by Cydney Johnson(HPU),4 - 7,5254260,561198,560554,2024-03-21
1,07:57,Free throw 1 of 2 (off turnover) made by Cydney Johnson(HPU),3 - 7,5254260,561198,560554,2024-03-21
1,07:57,Foul personal (shooting;2 free throws) (under the basket) Camryn Taylor(UVA),2 - 7,5254260,561198,560554,2024-03-21
1,08:17,"Foul offensive (in the paint) Sam Brunelle(UVA), turnover offensive Sam Brunelle(UVA), foul on Cydney Johnson(HPU)",2 - 7,5254260,561198,560554,2024-03-21
1,08:33,2pt driving layup (in the paint) made by Bukky Akinsola(HPU),2 - 7,5254260,561198,560554,2024-03-21
1,08:58,2pt pull up jump shot (fast break) (in the paint) made by Kymora Johnson(UVA),0 - 7,5254260,561198,560554,2024-03-21
1,09:02,"3pt jump shot (outside right) missed by Faith Price(HPU), rebound defensive Camryn Taylor(UVA)",0 - 5,5254260,561198,560554,2024-03-21
1,09:23,"2pt driving layup (off turnover) (under the basket) made by Camryn Taylor(UVA), assist Sam Brunelle(UVA)",0 - 5,5254260,561198,560554,2024-03-21
1,09:35,Turnover travel (inside center) Lauren Bevis(HPU),0 - 3,5254260,561198,560554,2024-03-21
1,09:52,"3pt jump shot (outside left) made by Sam Brunelle(UVA), assist Paris Clark(UVA)",0 - 3,5254260,561198,560554,2024-03-21
1,10:00,"Jump ball start period, won Camryn Taylor(UVA), lost Nevaeh Zavala(HPU)",0 - 0,5254260,561198,560554,2024-03-21
1,10:00,Period start,0 - 0,5254260,561198,560554,2024-03-21
1,10:00,Game start,0 - 0,5254260,561198,560554,2024-03-21
1,03:30,"3pt jump shot (outside center) missed by Sophia Wiard(TOL), rebound defensive (team) CSU",7 - 6,5254258,561161,560681,2024-03-21
1,03:36,"2pt driving layup (in the paint) missed by Colbi Maples(CSU), rebound defensive Jessica Cook(TOL)",7 - 6,5254258,561161,560681,2024-03-21
1,03:47,"3pt jump shot (off turnover) (outside center) missed by Khera Goss(TOL), rebound defensive Colbi Maples(CSU)",7 - 6,5254258,561161,560681,2024-03-21
1,03:57,"Turnover lost ball (outside left) Brooklyn Fort-Davis(CSU), steal Khera Goss(TOL)",7 - 6,5254258,561161,560681,2024-03-21
1,04:11,"Turnover lost ball (in the paint) Jessica Cook(TOL), steal Colbi Maples(CSU)",7 - 6,5254258,561161,560681,2024-03-21
1,04:34,Free throw 2 of 2 (fast break;off turnover) made by Brooklyn Fort-Davis(CSU),7 - 6,5254258,561161,560681,2024-03-21
1,04:34,Free throw 1 of 2 (fast break;off turnover) made by Brooklyn Fort-Davis(CSU),6 - 6,5254258,561161,560681,2024-03-21
1,04:34,Substitution CSU: in Colbi Maples,5 - 6,5254258,561161,560681,2024-03-21
1,04:34,Substitution CSU: out Shadiya Thomas,5 - 6,5254258,561161,560681,2024-03-21
1,04:34,Foul personal (shooting;2 free throws) (under the basket) Jessica Cook(TOL),5 - 6,5254258,561161,560681,2024-03-21
1,04:42,"Turnover bad pass (in the paint) Sammi Mikonowicz(TOL), steal Grace Ellis(CSU)",5 - 6,5254258,561161,560681,2024-03-21
1,04:58,"Turnover bad pass (back court) Shadiya Thomas(CSU), steal Khera Goss(TOL)",5 - 6,5254258,561161,560681,2024-03-21
1,05:04,Substitution TOL: in Jessica Cook,5 - 6,5254258,561161,560681,2024-03-21
1,05:04,Substitution TOL: out Hannah Noveroske,5 - 6,5254258,561161,560681,2024-03-21
1,05:04,Free throw 1 of 1 (2nd chance;off turnover) made by Hannah Noveroske(TOL),5 - 6,5254258,561161,560681,2024-03-21
1,05:04,Substitution CSU: in Grace Ellis,5 - 5,5254258,561161,560681,2024-03-21
1,05:04,Substitution CSU: out Sara Guerreiro,5 - 5,5254258,561161,560681,2024-03-21
1,05:04,Foul personal (shooting;1 free throw) (under the basket) Sara Guerreiro(CSU),5 - 5,5254258,561161,560681,2024-03-21
1,05:04,2pt layup (2nd chance;off turnover) (under the basket) made by Hannah Noveroske(TOL),5 - 5,5254258,561161,560681,2024-03-21
1,05:04,"2pt jump shot (off turnover) (under the basket) missed by Hannah Noveroske(TOL), rebound offensive Hannah Noveroske(TOL)",5 - 3,5254258,561161,560681,2024-03-21
1,05:17,Substitution CSU: in Mickayla Perdue,5 - 3,5254258,561161,560681,2024-03-21
1,05:17,Substitution CSU: out Colbi Maples,5 - 3,5254258,561161,560681,2024-03-21
1,05:17,Substitution TOL: in Khera Goss,5 - 3,5254258,561161,560681,2024-03-21
1,05:17,Substitution TOL: in Quinesha Lockett,5 - 3,5254258,561161,560681,2024-03-21
1,05:17,Substitution TOL: out Emmi Rinat,5 - 3,5254258,561161,560681,2024-03-21
1,05:17,Substitution TOL: out Soleil Barnes,5 - 3,5254258,561161,560681,2024-03-21
1,05:17,"Foul offensive (back court) Sara Guerreiro(CSU), turnover offensive Sara Guerreiro(CSU), foul on Sophia Wiard(TOL)",5 - 3,5254258,561161,560681,2024-03-21
1,05:29,Timeout commercial,5 - 3,5254258,561161,560681,2024-03-21
1,05:29,"Foul personal (back court) Sammi Mikonowicz(TOL), foul on Sara Guerreiro(CSU)",5 - 3,5254258,561161,560681,2024-03-21
1,05:29,"2pt jump shot (in the paint) missed by Sophia Wiard(TOL), rebound defensive Colbi Maples(CSU)",5 - 3,5254258,561161,560681,2024-03-21
1,05:35,"Foul personal (in the paint) Brooklyn Fort-Davis(CSU), foul on Sammi Mikonowicz(TOL)",5 - 3,5254258,561161,560681,2024-03-21
1,05:51,2pt driving layup (off turnover) (in the paint) made by Shadiya Thomas(CSU),5 - 3,5254258,561161,560681,2024-03-21
1,06:11,Substitution CSU: in Shadiya Thomas,3 - 3,5254258,561161,560681,2024-03-21
1,06:11,Substitution CSU: in Brooklyn Fort-Davis,3 - 3,5254258,561161,560681,2024-03-21
1,06:11,Substitution CSU: out Jordana Reisma,3 - 3,5254258,561161,560681,2024-03-21
1,06:11,Substitution CSU: out Mickayla Perdue,3 - 3,5254258,561161,560681,2024-03-21
1,06:11,"Foul personal (back court) Hannah Noveroske(TOL), foul on Jordana Reisma(CSU)",3 - 3,5254258,561161,560681,2024-03-21
1,06:11,"Turnover bad pass (under the basket) Emmi Rinat(TOL), steal Jordana Reisma(CSU)",3 - 3,5254258,561161,560681,2024-03-21
1,06:28,"3pt jump shot (outside center) missed by Colbi Maples(CSU), rebound defensive Emmi Rinat(TOL)",3 - 3,5254258,561161,560681,2024-03-21
1,06:44,3pt jump shot (fast break) (outside center) made by Sophia Wiard(TOL),3 - 3,5254258,561161,560681,2024-03-21
1,06:52,"2pt layup (under the basket) missed by Mickayla Perdue(CSU), rebound defensive Sammi Mikonowicz(TOL)",3 - 0,5254258,561161,560681,2024-03-21
1,07:00,"2pt jump shot (in the paint) missed by Sammi Mikonowicz(TOL), rebound defensive Mickayla Perdue(CSU)",3 - 0,5254258,561161,560681,2024-03-21
1,07:15,"Free throw 2 of 2 missed by Colbi Maples(CSU), rebound defensive Sammi Mikonowicz(TOL)",3 - 0,5254258,561161,560681,2024-03-21
1,07:15,Free throw 1 of 2 made by Colbi Maples(CSU),3 - 0,5254258,561161,560681,2024-03-21
1,07:15,Substitution TOL: in Hannah Noveroske,2 - 0,5254258,561161,560681,2024-03-21
1,07:15,Substitution TOL: in Emmi Rinat,2 - 0,5254258,561161,560681,2024-03-21
1,07:15,Substitution TOL: out Quinesha Lockett,2 - 0,5254258,561161,560681,2024-03-21
1,07:15,Substitution TOL: out Nan Garcia,2 - 0,5254258,561161,560681,2024-03-21
1,07:15,Foul personal (shooting;2 free throws) (under the basket) Quinesha Lockett(TOL),2 - 0,5254258,561161,560681,2024-03-21
1,07:24,"2pt jump shot (inside left) missed by Quinesha Lockett(TOL), rebound defensive Colbi Maples(CSU)",2 - 0,5254258,561161,560681,2024-03-21
1,07:44,2pt layup (2nd chance;off turnover) (under the basket) made by Jordana Reisma(CSU),2 - 0,5254258,561161,560681,2024-03-21
1,07:48,Substitution TOL: in Soleil Barnes,0 - 0,5254258,561161,560681,2024-03-21
1,07:48,Substitution TOL: out Khera Goss,0 - 0,5254258,561161,560681,2024-03-21
1,07:48,"Foul personal (in the paint) Khera Goss(TOL), foul on Sara Guerreiro(CSU)",0 - 0,5254258,561161,560681,2024-03-21
1,07:48,"2pt layup (off turnover) (under the basket) missed by Sara Guerreiro(CSU), rebound offensive Sara Guerreiro(CSU)",0 - 0,5254258,561161,560681,2024-03-21
1,07:48,"Turnover lost ball (in the paint) Quinesha Lockett(TOL), steal Sara Guerreiro(CSU)",0 - 0,5254258,561161,560681,2024-03-21
1,08:03,"2pt jump shot (2nd chance;blocked) (in the paint) missed by Sara Guerreiro(CSU), block Sophia Wiard(TOL), rebound defensive Nan Garcia(TOL)",5 - 3,5254258,561161,560681,2024-03-21
1,08:10,"2pt layup (blocked) (under the basket) missed by Sara Guerreiro(CSU), block Sammi Mikonowicz(TOL), rebound offensive (team) CSU",0 - 0,5254258,561161,560681,2024-03-21
1,08:15,"2pt driving layup (under the basket) missed by Nan Garcia(TOL), rebound defensive Jordana Reisma(CSU)",0 - 0,5254258,561161,560681,2024-03-21
1,08:37,"2pt step back jump shot (2nd chance;off turnover) (inside left) missed by Colbi Maples(CSU), rebound defensive Quinesha Lockett(TOL)",0 - 0,5254258,561161,560681,2024-03-21
1,08:43,"2pt layup (2nd chance;off turnover) (under the basket) missed by Carmen Villalobos(CSU), rebound offensive (team) CSU",0 - 0,5254258,561161,560681,2024-03-21
1,08:47,"2pt driving layup (off turnover) (in the paint) missed by Colbi Maples(CSU), rebound offensive Carmen Villalobos(CSU)",0 - 0,5254258,561161,560681,2024-03-21
1,09:08,"Turnover lost ball (in the paint) Quinesha Lockett(TOL), steal Sara Guerreiro(CSU)",0 - 0,5254258,561161,560681,2024-03-21
1,09:21,Turnover bad pass (in the paint) Jordana Reisma(CSU),0 - 0,5254258,561161,560681,2024-03-21
1,09:36,"2pt driving layup (under the basket) missed by Nan Garcia(TOL), rebound defensive Jordana Reisma(CSU)",0 - 0,5254258,561161,560681,2024-03-21
1,10:00,"Jump ball start period, won Quinesha Lockett(TOL), lost Jordana Reisma(CSU)",0 - 0,5254258,561161,560681,2024-03-21
1,10:00,Period start,0 - 0,5254258,561161,560681,2024-03-21
1,10:00,Game start,0 - 0,5254258,561161,560681,2024-03-21
1,02:12,Substitution St. John's (NY): in Jailah Donald,21 - 13,5254257,560757,561058,2024-03-21
1,02:12,Substitution St. John's (NY): out Jillian Archer,21 - 13,5254257,560757,561058,2024-03-21
1,02:12,Free throw 2 of 2 made by Unique Drake(St. John's (NY)),21 - 13,5254257,560757,561058,2024-03-21
1,02:12,Free throw 1 of 2 made by Unique Drake(St. John's (NY)),20 - 13,5254257,560757,561058,2024-03-21
1,02:12,Substitution Florida: in Jeriah Warren,19 - 13,5254257,560757,561058,2024-03-21
1,02:12,Substitution Florida: in Alberte Rimdal,19 - 13,5254257,560757,561058,2024-03-21
1,02:12,Substitution Florida: out Leilani Correa,19 - 13,5254257,560757,561058,2024-03-21
1,02:12,Substitution Florida: out Zipporah Broughton,19 - 13,5254257,560757,561058,2024-03-21
1,02:12,Foul personal (shooting;2 free throws) (in the paint) Zipporah Broughton(Florida),19 - 13,5254257,560757,561058,2024-03-21
1,02:39,"2pt jump shot (under the basket) missed by Faith Dut(Florida), rebound defensive Ber'Nyah Mayo(St. John's (NY))",19 - 13,5254257,560757,561058,2024-03-21
1,02:53,Substitution St. John's (NY): in Ber'Nyah Mayo,19 - 13,5254257,560757,561058,2024-03-21
1,02:53,Substitution St. John's (NY): out Jailah Donald,19 - 13,5254257,560757,561058,2024-03-21
1,02:53,Free throw 2 of 2 made by Jillian Archer(St. John's (NY)),19 - 13,5254257,560757,561058,2024-03-21
1,02:53,"Free throw 1 of 2 missed by Jillian Archer(St. John's (NY)), rebound offensive dead ball St. John's (NY)",18 - 13,5254257,560757,561058,2024-03-21
1,02:53,Substitution Florida: in Faith Dut,18 - 13,5254257,560757,561058,2024-03-21
1,02:53,Substitution Florida: out Jeriah Warren,18 - 13,5254257,560757,561058,2024-03-21
1,02:53,Foul personal (shooting;2 free throws) (in the paint) Laila Reynolds(Florida),18 - 13,5254257,560757,561058,2024-03-21
1,02:59,Substitution Florida: in Aliyah Matharu,18 - 13,5254257,560757,561058,2024-03-21
1,02:59,Substitution Florida: out Alberte Rimdal,18 - 13,5254257,560757,561058,2024-03-21
1,03:20,2pt pull up jump shot (inside center) made by Laila Reynolds(Florida),18 - 13,5254257,560757,561058,2024-03-21
1,03:37,2pt jump shot (off turnover) (inside left) made by Unique Drake(St. John's (NY)),18 - 11,5254257,560757,561058,2024-03-21
1,04:07,"Foul offensive (back court) Jeriah Warren(Florida), turnover offensive Jeriah Warren(Florida), foul on Unique Drake(St. John's (NY))",16 - 11,5254257,560757,561058,2024-03-21
1,04:07,Substitution St. John's (NY): in Skye Owen,16 - 11,5254257,560757,561058,2024-03-21
1,04:07,Substitution St. John's (NY): out Ber'Nyah Mayo,16 - 11,5254257,560757,561058,2024-03-21
1,04:07,Substitution Florida: in Jeriah Warren,16 - 11,5254257,560757,561058,2024-03-21
1,04:07,Substitution Florida: in Alberte Rimdal,16 - 11,5254257,560757,561058,2024-03-21
1,04:07,Substitution Florida: out Faith Dut,16 - 11,5254257,560757,561058,2024-03-21
1,04:07,Substitution Florida: out Aliyah Matharu,16 - 11,5254257,560757,561058,2024-03-21
1,04:07,Timeout commercial,16 - 11,5254257,560757,561058,2024-03-21
1,04:07,"Foul personal (in the paint) Jillian Archer(St. John's (NY)), foul on Laila Reynolds(Florida)",16 - 11,5254257,560757,561058,2024-03-21
1,04:15,"2pt layup (fast break) (under the basket) made by Ber'Nyah Mayo(St. John's (NY)), assist Unique Drake(St. John's (NY))",16 - 11,5254257,560757,561058,2024-03-21
1,04:21,"2pt jump shot (inside right) missed by Aliyah Matharu(Florida), rebound defensive Unique Drake(St. John's (NY))",14 - 11,5254257,560757,561058,2024-03-21
1,04:31,2pt pull up jump shot (in the paint) made by Unique Drake(St. John's (NY)),14 - 11,5254257,560757,561058,2024-03-21
1,04:53,"3pt jump shot (outside left) made by Aliyah Matharu(Florida), assist Zipporah Broughton(Florida)",12 - 11,5254257,560757,561058,2024-03-21
1,05:05,"2pt layup (under the basket) made by Jillian Archer(St. John's (NY)), assist Unique Drake(St. John's (NY))",12 - 8,5254257,560757,561058,2024-03-21
1,05:28,"2pt jump shot (in the paint) made by Laila Reynolds(Florida), assist Zipporah Broughton(Florida)",10 - 8,5254257,560757,561058,2024-03-21
1,05:43,2pt layup (off turnover) (under the basket) made by Jillian Archer(St. John's (NY)),10 - 6,5254257,560757,561058,2024-03-21
1,06:00,Substitution Florida: in Zipporah Broughton,8 - 6,5254257,560757,561058,2024-03-21
1,06:00,Substitution Florida: out Alberte Rimdal,8 - 6,5254257,560757,561058,2024-03-21
1,06:00,Turnover travel (in the paint) Leilani Correa(Florida),8 - 6,5254257,560757,561058,2024-03-21
1,06:12,2pt pull up jump shot (inside right) made by Unique Drake(St. John's (NY)),8 - 6,5254257,560757,561058,2024-03-21
1,06:35,2pt layup (under the basket) made by Laila Reynolds(Florida),6 - 6,5254257,560757,561058,2024-03-21
1,06:40,Substitution Florida: in Laila Reynolds,6 - 4,5254257,560757,561058,2024-03-21
1,06:40,Substitution Florida: out Jeriah Warren,6 - 4,5254257,560757,561058,2024-03-21
1,06:49,"2pt layup (2nd chance;off turnover) (in the paint) made by Jillian Archer(St. John's (NY)), assist Ber'Nyah Mayo(St. John's (NY))",6 - 4,5254257,560757,561058,2024-03-21
1,07:08,"3pt jump shot (off turnover) (outside left) missed by Jailah Donald(St. John's (NY)), rebound offensive Jillian Archer(St. John's (NY))",4 - 4,5254257,560757,561058,2024-03-21
1,07:39,Substitution Florida: in Leilani Correa,4 - 4,5254257,560757,561058,2024-03-21
1,07:39,Substitution Florida: in Alberte Rimdal,4 - 4,5254257,560757,561058,2024-03-21
1,07:39,Substitution Florida: out Laila Reynolds,4 - 4,5254257,560757,561058,2024-03-21
1,07:39,Substitution Florida: out Zipporah Broughton,4 - 4,5254257,560757,561058,2024-03-21
1,07:39,"Foul offensive (in the paint) Faith Dut(Florida), turnover offensive Faith Dut(Florida), foul on Phoenix Gedeon(St. John's (NY))",4 - 4,5254257,560757,561058,2024-03-21
1,07:51,2pt layup (in the paint) made by Phoenix Gedeon(St. John's (NY)),4 - 4,5254257,560757,561058,2024-03-21
1,08:06,"2pt jump shot (inside left) made by Faith Dut(Florida), assist Aliyah Matharu(Florida)",2 - 4,5254257,560757,561058,2024-03-21
1,08:17,2pt pull up jump shot (inside left) made by Unique Drake(St. John's (NY)),2 - 2,5254257,560757,561058,2024-03-21
1,08:42,2pt layup (2nd chance;off turnover) (under the basket) made by Laila Reynolds(Florida),0 - 2,5254257,560757,561058,2024-03-21
1,08:45,"2pt jump shot (off turnover) (under the basket) missed by Laila Reynolds(Florida), rebound offensive Laila Reynolds(Florida)",0 - 0,5254257,560757,561058,2024-03-21
1,08:57,"Turnover bad pass (outside left) Ber'Nyah Mayo(St. John's (NY)), steal Zipporah Broughton(Florida)",0 - 0,5254257,560757,561058,2024-03-21
1,09:08,"2pt jump shot (inside center) missed by Aliyah Matharu(Florida), rebound defensive Phoenix Gedeon(St. John's (NY))",0 - 0,5254257,560757,561058,2024-03-21
1,09:16,"3pt jump shot (off turnover) (outside left) missed by Unique Drake(St. John's (NY)), rebound defensive Zipporah Broughton(Florida)",0 - 0,5254257,560757,561058,2024-03-21
1,09:40,Turnover 3sec (in the paint) Faith Dut(Florida),0 - 0,5254257,560757,561058,2024-03-21
1,10:00,"Jump ball start period, won Faith Dut(Florida), lost Jillian Archer(St. John's (NY))",0 - 0,5254257,560757,561058,2024-03-21
1,10:00,Period start,0 - 0,5254257,560757,561058,2024-03-21
1,10:00,Game start,0 - 0,5254257,560757,561058,2024-03-21
