game_date,home_team,away_team,game_id,home_score,away_score,attendance,neutral
2025-02-26,Duquesne,St. Bonaventure,5740614,74,48,3115,0
2025-02-26,George Washington,Massachusetts,5737875,55,61,1509,0
2025-02-26,Air Force,San Diego St.,5737254,63,66,1139,0
2025-02-26,Army West Point,Lafayette,5737107,75,48,472,0
2025-02-26,Coastal Carolina,Old Dominion,5736439,65,81,886,0
2025-02-26,UMES,N.C. Central,5735054,67,57,389,0
2025-02-26,Winthrop,Longwood,5737429,55,59,402,0
2025-02-26,Louisiana,South Alabama,5729055,55,48,415,0
2025-02-26,Southern Miss.,Arkansas St.,5723059,55,56,3241,0
2025-02-26,Richmond,Davidson,5809676,59,46,1522,0
2025-02-26,Villanova,Butler,5734375,56,54,1509,0
2025-02-26,Boston U.,Lehigh,5737027,80,68,720,0
2025-02-26,Bucknell,Loyola Maryland,5733954,79,45,266,0
2025-02-26,VCU,Loyola Chicago,5809543,50,52,1084,0
2025-02-26,Ga. Southern,App State,5728436,57,55,522,0
2025-02-26,Marshall,ULM,5729808,73,65,1006,0
2025-02-26,Holy Cross,Colgate,5729190,59,55,562,0
2025-02-26,Eastern Mich.,Miami (OH),5729159,72,82,1113,0
2025-02-26,Presbyterian,UNC Asheville,5737325,60,67,351,0
2025-02-26,IU Indy,Oakland,5723990,80,65,431,0
2025-02-26,Central Mich.,Ball St.,5732239,58,60,1050,0
2025-02-26,Utah St.,San Jose St.,5737356,82,75,427,0
2025-02-26,Michigan,Iowa,5733431,66,79,4082,0
2025-02-26,St. John's (NY),Georgetown,5736561,83,49,733,0
2025-02-26,West Virginia,Utah,5734854,75,46,4471,0
2025-02-26,Dayton,Saint Joseph's,5737907,74,65,2414,0
2025-02-26,Robert Morris,Youngstown St.,5734539,76,53,412,0
2025-02-26,Fla. Atlantic,East Carolina,5737197,70,80,910,0
2025-02-26,Kent St.,NIU,5733550,76,58,1082,0
2025-02-26,Radford,Gardner-Webb,5735984,80,78,613,0
2025-02-26,Fordham,La Salle,5737509,72,51,307,0
2025-02-26,USC Upstate,High Point,5737788,47,72,279,0
2025-02-26,Ohio St.,Michigan St.,5734750,89,78,7207,0
2025-02-26,Cleveland St.,Wright St.,5736261,81,46,533,0
2025-02-26,James Madison,Georgia St.,5724021,80,74,2270,0
2025-02-26,Toledo,Buffalo,5722096,71,68,4037,0
2025-02-26,Navy,American,5723498,88,60,668,0
2025-02-26,Western Mich.,Akron,5729243,77,66,321,0
2025-02-26,Bowling Green,Ohio,5726022,91,61,1840,0
2025-02-26,Tulsa,South Fla.,5736634,66,58,1588,0
2025-02-26,North Texas,Charlotte,5737523,67,58,1878,0
2025-02-26,Oklahoma St.,Cincinnati,5735166,74,64,3039,0
2025-02-26,TCU,Houston,5736424,91,56,3126,0
2025-02-26,Troy,Texas St.,5729019,86,66,1477,0
2025-02-26,St. Thomas (MN),Oral Roberts,5723556,79,76,314,0
2025-02-26,Minnesota,Washington,5736936,62,72,4297,0
2025-02-26,Saint Louis,Rhode Island,5737774,67,63,913,0
2025-02-26,Wisconsin,UCLA,5733542,61,91,3897,0
2025-02-26,Wyoming,New Mexico,5730769,59,40,2191,0
2025-02-26,Colorado,Arizona St.,5734239,89,54,2724,0
2025-02-26,UNLV,Boise St.,5737081,83,53,1234,0
2025-02-26,Nevada,Colorado St.,5735085,45,61,1596,0
2025-02-25,Hampton,Col. of Charleston,5730432,58,70,125,0
2025-02-25,Western Ill.,Lindenwood,5722967,75,70,814,0
2025-02-25,UCF,Iowa St.,5763054,73,98,1873,0
2025-02-25,Tulane,UTSA,5738277,73,77,0,0
2025-02-25,Memphis,Temple,5737349,79,91,948,0
2025-02-25,Rice,UAB,5737999,73,48,703,0
2025-02-25,Arizona,Texas Tech,5735069,66,57,6911,0
2025-02-25,BYU,Kansas,5735388,66,71,2149,0
2025-02-24,Norfolk St.,Morgan St.,5737266,90,46,2896,0
2025-02-24,Coppin St.,Howard,5736485,60,70,279,0
2025-02-24,Delaware St.,N.C. Central,5734814,47,82,196,0
2025-02-24,UMES,South Carolina St.,5756692,70,29,350,0
2025-02-24,Kansas St.,Baylor,5733380,62,79,5200,0
2025-02-24,Georgia,Texas,5737217,26,57,2747,0
2025-02-23,Miami (FL),Wake Forest,5737291,62,60,2788,0
2025-02-23,TCU,West Virginia,5736420,71,50,5897,0
2025-02-23,George Washington,Davidson,5809674,54,73,602,0
2025-02-23,Ohio St.,Purdue,5734582,98,46,8567,0
2025-02-23,NC State,Notre Dame,5733807,104,95,5500,0
2025-02-23,Providence,Villanova,5736377,63,56,1051,0
2025-02-23,Florida,Tennessee,5735715,78,86,2287,0
2025-02-23,N.C. A&T,Delaware,5732682,71,55,1124,0
2025-02-23,William & Mary,Col. of Charleston,5731873,76,79,1175,0
2025-02-23,Massachusetts,Rhode Island,5737773,40,42,1410,0
2025-02-23,Pittsburgh,Clemson,5736896,72,59,700,0
2025-02-23,Elon,Drexel,5733795,56,63,824,0
2025-02-23,VCU,Richmond,5810254,55,68,2383,0
2025-02-23,Iowa,UCLA,5733428,65,67,14998,0
2025-02-23,Valparaiso,Indiana St.,5735803,73,68,325,0
2025-02-23,Virginia Tech,California,5733739,87,84,6051,0
2025-02-23,Michigan St.,Indiana,5731981,73,65,5657,0
2025-02-23,Boston College,SMU,5736527,87,78,1122,0
2025-02-23,Hofstra,Monmouth,5732907,57,54,610,0
2025-02-23,Louisville,North Carolina,5735271,75,79,11280,0
2025-02-23,Cincinnati,Utah,5734853,65,92,2015,0
2025-02-23,Towson,UNCW,5731704,63,72,1107,0
2025-02-23,Duke,Syracuse,5736735,80,49,3078,0
2025-02-23,Campbell,Stony Brook,5731293,76,51,1039,0
2025-02-23,Purdue Fort Wayne,Detroit Mercy,5723807,91,62,717,0
2025-02-23,Vanderbilt,South Carolina,5735889,54,82,7805,0
2025-02-23,Wisconsin,Northwestern,5733503,73,68,4390,0
2025-02-23,Nebraska,Washington,5736024,62,83,7476,0
2025-02-23,UIC,Evansville,5736391,71,54,805,0
2025-02-23,DePaul,Creighton,5756744,74,83,2559,0
2025-02-23,Bradley,Illinois St.,5735295,70,65,951,0
2025-02-23,Murray St.,Belmont,5733569,83,78,2196,0
2025-02-23,Ole Miss,Missouri,5732352,68,66,2960,0
2025-02-23,Mississippi St.,Texas A&M,5734554,81,55,4696,0
2025-02-23,Arkansas,Oklahoma,5735354,54,94,4214,0
2025-02-23,Southern California,Illinois,5730808,76,66,9021,0
2025-02-23,Georgia Tech,Florida St.,5733848,70,73,3809,0
2025-02-23,Kentucky,LSU,5736633,58,65,6000,0
2025-02-23,Saint Joseph's,George Mason,5756729,83,69,1674,0
2025-02-23,St. John's (NY),Seton Hall,5734421,57,66,527,0
2025-02-23,Alabama,Auburn,5723055,66,50,4340,0
2025-02-23,Oregon,Rutgers,5730140,77,58,6181,0
2025-02-23,Virginia,Stanford,5734037,89,69,4797,0
2025-02-22,Campbell,Old Dominion,NA,NA,NA,NA,0
2025-02-22,New Hampshire,UAlbany,5731555,49,67,691,0
2025-02-22,Army West Point,Bucknell,5733952,69,54,673,0
2025-02-22,Le Moyne,LIU,5725988,83,53,383,0
2025-02-22,Michigan,Penn St.,5734970,78,68,4758,0
2025-02-22,Ball St.,Kent St.,5736783,54,60,5276,0
2025-02-22,Central Mich.,Western Mich.,5729244,56,43,1226,0
2025-02-22,Wagner,Chicago St.,5731177,58,52,280,0
2025-02-22,Coastal Carolina,Arkansas St.,5730633,86,70,686,0
2025-02-22,Canisius,Siena,5725820,58,72,492,0
2025-02-22,Northern Ky.,Wright St.,5736980,62,68,1751,0
2025-02-22,Maine,Binghamton,5737579,54,53,1095,0
2025-02-22,NJIT,UMBC,5728644,83,65,223,0
2025-02-22,Morehead St.,Eastern Ill.,5728300,62,61,467,0
2025-02-22,FIU,Liberty,5722052,57,73,512,0
2025-02-22,Miami (OH),Buffalo,5722094,54,68,1318,0
2025-02-22,Sam Houston,Middle Tenn.,5730002,46,59,494,0
2025-02-22,Dayton,Fordham,5737905,62,57,2269,0
2025-02-22,Oral Roberts,North Dakota St.,5723555,100,84,1114,0
2025-02-22,Washington St.,Saint Mary's (CA),5728948,72,62,1467,0
2025-02-22,UIW,SFA,5728431,68,73,191,0
2025-02-22,Southeastern La.,East Texas A&M,5729731,75,55,888,0
2025-02-22,Houston Christian,Lamar University,5723732,30,62,567,0
2025-02-22,Little Rock,Western Ill.,5722976,86,80,0,0
2025-02-22,Green Bay,Milwaukee,5723346,68,45,2332,0
2025-02-22,McNeese,A&M-Corpus Christi,5735458,69,60,2658,0
2025-02-22,Nicholls,UTRGV,5735027,50,59,400,0
2025-02-22,Central Ark.,West Ga.,5737595,72,62,687,0
2025-02-22,St. Thomas (MN),South Dakota,5733362,66,57,413,0
2025-02-22,NIU,Eastern Mich.,5733405,72,76,0,0
2025-02-22,Jackson St.,Alcorn,5736532,51,64,1646,0
2025-02-22,Alabama St.,Florida A&M,5736768,40,48,203,0
2025-02-22,Jacksonville,Eastern Ky.,5729100,80,72,457,0
2025-02-22,Brown,Harvard,5723316,57,60,450,0
2025-02-22,Yale,Dartmouth,5731224,76,59,646,0
2025-02-22,Boston U.,American,5723489,82,72,590,0
2025-02-22,Stonehill,Central Conn. St.,5728776,68,84,534,0
2025-02-22,Georgia St.,Marshall,5731060,59,70,1552,0
2025-02-22,Old Dominion,Ga. Southern,5723774,68,66,2577,0
2025-02-22,Colgate,Loyola Maryland,5729189,68,57,423,0
2025-02-22,North Florida,Bellarmine,5722519,65,93,261,0
2025-02-22,Radford,Presbyterian,5737189,71,78,907,0
2025-02-22,Quinnipiac,Manhattan,5734302,60,40,702,0
2025-02-22,Morgan St.,Howard,5737835,53,62,345,0
2025-02-22,FDU,Saint Francis,5732887,60,33,250,0
2025-02-22,Coppin St.,Norfolk St.,5736484,54,76,1675,0
2025-02-22,La Salle,St. Bonaventure,5737508,41,48,287,0
2025-02-22,Charlotte,Fla. Atlantic,5737522,58,53,715,0
2025-02-22,Queens (NC),Stetson,5736744,75,64,432,0
2025-02-22,Niagara,Marist,5737172,56,67,412,0
2025-02-22,ETSU,Chattanooga,5737160,46,51,612,0
2025-02-22,Akron,Ohio,5733549,62,70,336,0
2025-02-22,Sacred Heart,Saint Peter's,5732113,44,54,624,0
2025-02-22,UNC Greensboro,Western Caro.,5733490,57,53,651,0
2025-02-22,High Point,Gardner-Webb,5735983,71,63,973,0
2025-02-22,Lafayette,Lehigh,5737106,61,75,883,0
2025-02-22,East Carolina,North Texas,5737200,73,75,1029,0
2025-02-22,Oakland,Youngstown St.,5734537,51,52,521,0
2025-02-22,UMass Lowell,Vermont,5734498,35,57,512,0
2025-02-22,Delaware St.,South Carolina St.,5734809,77,56,201,0
2025-02-22,Cleveland St.,Robert Morris,5736260,85,53,331,0
2025-02-22,Holy Cross,Navy,5733984,57,66,1302,0
2025-02-22,UCF,Texas Tech,5735065,61,60,1207,0
2025-02-22,Duquesne,Saint Louis,5738100,84,72,1268,0
2025-02-22,Baylor,Iowa St.,5734028,67,52,4707,0
2025-02-22,Penn,Cornell,5737781,68,63,423,0
2025-02-22,Southeast Mo. St.,Lindenwood,5730742,47,70,725,0
2025-02-22,UTEP,Jacksonville St.,5723778,52,44,1382,0
2025-02-22,Oklahoma St.,Colorado,5735164,82,65,4387,0
2025-02-22,Lipscomb,Austin Peay,5737535,66,64,280,0
2025-02-22,UAB,Tulsa,5737996,68,72,302,0
2025-02-22,Kansas City,South Dakota St.,5723951,60,80,714,0
2025-02-22,Seattle U,Utah Valley,5731082,51,68,214,0
2025-02-22,Merrimack,Iona,5733765,81,36,418,0
2025-02-22,ULM,Louisiana,5729054,62,58,1749,0
2025-02-22,New Orleans,Northwestern St.,5730221,74,76,369,0
2025-02-22,Gonzaga,San Francisco,5734177,68,70,5540,0
2025-02-22,South Alabama,Troy,5729018,71,86,476,0
2025-02-22,Texas St.,Southern Miss.,5723052,62,57,0,0
2025-02-22,Prairie View,Ark.-Pine Bluff,5738017,67,65,320,0
2025-02-22,Tarleton St.,UT Arlington,5729833,67,57,1387,0
2025-02-22,Alabama A&M,Bethune-Cookman,5729349,70,62,1079,0
2025-02-22,Tulane,Wichita St.,5738071,68,64,713,0
2025-02-22,Colorado St.,UNLV,5736647,65,69,2559,0
2025-02-22,Drake,Missouri St.,5735212,79,82,2933,0
2025-02-22,UNI,Southern Ill.,5736570,87,51,2828,0
2025-02-22,Grambling,Southern U.,5737705,47,70,1506,0
2025-02-22,Denver,North Dakota,5735610,68,73,465,0
2025-02-22,App State,James Madison,5724018,57,83,1129,0
2025-02-22,UC Riverside,Cal Poly,5737080,74,63,165,0
2025-02-22,Montana St.,Montana,5734915,98,66,4127,0
2025-02-22,Utah Tech,Abilene Christian,5732325,60,71,386,0
2025-02-22,Portland St.,Weber St.,5723395,56,71,370,0
2025-02-22,California Baptist,Grand Canyon,5728994,56,74,720,0
2025-02-22,New Mexico St.,Kennesaw St.,5730550,61,57,478,0
2025-02-22,Louisiana Tech,Western Ky.,5730652,73,78,1144,0
2025-02-22,Texas Southern,Mississippi Val.,5737369,81,72,467,0
2025-02-22,USC Upstate,Charleston So.,5737786,49,59,227,0
2025-02-22,New Mexico,Utah St.,5730768,73,65,5620,0
2025-02-22,Tennessee Tech,Tennessee St.,5723084,84,71,1667,0
2025-02-22,Butler,UConn,5734373,47,86,9100,0
2025-02-22,Fresno St.,Air Force,5734098,66,67,1129,0
2025-02-22,LMU (CA),Pepperdine,5731768,58,49,233,0
2025-02-22,Eastern Wash.,Northern Ariz.,5732172,77,88,745,0
2025-02-22,San Jose St.,San Diego St.,5737270,60,82,677,0
2025-02-22,Sacramento St.,Idaho St.,5723801,41,50,407,0
2025-02-22,UC Irvine,CSU Bakersfield,5728562,60,49,617,0
2025-02-22,CSUN,UC Davis,5723503,45,66,220,0
2025-02-22,Idaho,Northern Colo.,5725896,77,59,1314,0
2025-02-22,Oregon St.,San Diego,5737220,64,51,4745,0
2025-02-22,Rider,Mount St. Mary's,5728908,49,76,414,0
2025-02-22,Rice,UTSA,5738274,55,57,856,0
2025-02-22,Kansas St.,Kansas,5733379,90,60,11010,0
2025-02-22,Princeton,Columbia,5732074,60,64,2431,0
2025-02-22,Longwood,UNC Asheville,5737425,67,59,1179,0
2025-02-22,BYU,Arizona St.,5734238,73,85,3037,0
2025-02-22,Southern Ind.,SIUE,5723207,79,42,1521,0
2025-02-22,Wofford,Mercer,5735965,65,64,713,0
2025-02-22,North Ala.,FGCU,5737883,50,60,1618,0
2025-02-22,Furman,Samford,5756648,62,73,362,0
2025-02-22,South Fla.,Memphis,5736631,80,70,2928,0
2025-02-22,UC Santa Barbara,Long Beach St.,5731112,73,58,965,0
2025-02-22,Georgetown,Marquette,5735687,50,55,1363,0
2025-02-22,Bowling Green,Toledo,5726023,81,72,3687,0
2025-02-22,Houston,Arizona,5736462,72,74,1198,0
2025-02-22,Portland,Santa Clara,5734925,73,66,1158,0
2025-02-22,Nevada,Wyoming,5731743,42,45,1608,0
2025-02-22,Hawaii,UC San Diego,5730376,49,44,2781,0
2025-02-21,UIC,Indiana St.,5735802,94,71,3026,0
2025-02-21,Northeastern,Towson,5734555,51,67,176,0
2025-02-21,William & Mary,N.C. A&T,5731872,44,67,1058,0
2025-02-21,Campbell,Drexel,5734729,54,60,1349,0
2025-02-21,Valparaiso,Evansville,5736384,76,55,539,0
2025-02-21,Elon,Delaware,5732679,51,60,570,0
2025-02-20,Kansas City,St. Thomas (MN),5723947,91,82,419,0
2025-02-20,Old Dominion,Arkansas St.,5730630,95,88,1015,0
2025-02-20,Morehead St.,SIUE,5728296,75,83,483,0
2025-02-20,North Florida,Eastern Ky.,5722517,58,71,0,0
2025-02-20,FDU,Le Moyne,5732883,65,46,900,0
2025-02-20,Jacksonville,Bellarmine,5729098,73,78,527,0
2025-02-20,West Ga.,Stetson,5734251,58,68,422,0
2025-02-20,Little Rock,Lindenwood,5731807,51,60,0,0
2025-02-20,Southern Ind.,Eastern Ill.,5723203,66,46,969,0
2025-02-20,Northern Ky.,Purdue Fort Wayne,5723805,57,69,1425,0
2025-02-20,Maine,UAlbany,5737577,40,56,1123,0
2025-02-20,Syracuse,North Carolina,5735269,58,68,3271,0
2025-02-20,UMBC,UMass Lowell,5728641,53,51,351,0
2025-02-20,Canisius,Marist,5725818,62,69,312,0
2025-02-20,Niagara,Siena,5732012,64,66,360,0
2025-02-20,New Hampshire,Binghamton,5731553,65,38,182,0
2025-02-20,Florida St.,Pittsburgh,5733846,69,55,1818,0
2025-02-20,Wofford,Samford,5735964,54,62,534,0
2025-02-20,Bryant,Vermont,5734495,61,53,317,0
2025-02-20,Wake Forest,SMU,5736691,67,64,856,0
2025-02-20,Southeast Mo. St.,Western Ill.,5722985,51,49,585,0
2025-02-20,Tennessee,Alabama,5735713,88,80,10684,0
2025-02-20,Tennessee Tech,UT Martin,5723072,70,55,1012,0
2025-02-20,Houston Christian,SFA,5728429,59,66,349,0
2025-02-20,Alabama St.,Bethune-Cookman,5729348,53,56,429,0
2025-02-20,Southeastern La.,Northwestern St.,5729729,65,58,582,0
2025-02-20,Oklahoma,Vanderbilt,5735352,101,81,4073,0
2025-02-20,North Ala.,Lipscomb,5737534,58,61,1411,0
2025-02-20,Austin Peay,Queens (NC),5737685,66,57,353,0
2025-02-20,Bradley,Murray St.,5735293,55,81,458,0
2025-02-20,Drake,Southern Ill.,5735210,82,40,2421,0
2025-02-20,Prairie View,Mississippi Val.,5737363,57,50,0,0
2025-02-20,Alabama A&M,Florida A&M,5734700,70,67,1329,0
2025-02-20,McNeese,UTRGV,5735023,44,67,1446,0
2025-02-20,UNI,Missouri St.,5735617,72,75,2638,0
2025-02-20,Texas Southern,Ark.-Pine Bluff,5738012,73,59,378,0
2025-02-20,Furman,Mercer,5809695,72,70,411,0
2025-02-20,Saint Peter's,Mount St. Mary's,5728906,70,54,150,0
2025-02-20,Stonehill,Wagner,5731176,77,64,464,0
2025-02-20,Central Conn. St.,Chicago St.,5728775,62,61,302,0
2025-02-20,Saint Francis,Mercyhurst,5729762,70,69,495,0
2025-02-20,Indiana,Ohio St.,5731980,71,61,10772,0
2025-02-20,South Carolina,Arkansas,5735888,95,55,16638,0
2025-02-20,Miami (FL),Notre Dame,5736129,42,82,4614,0
2025-02-20,Detroit Mercy,Youngstown St.,5734534,59,67,325,0
2025-02-20,Fairfield,Rider,5733674,72,46,835,0
2025-02-20,Manhattan,Iona,5736407,68,65,162,0
2025-02-20,Sacred Heart,Merrimack,5733761,74,48,620,0
2025-02-20,Virginia,California,5735791,70,76,5496,0
2025-02-20,Duke,Louisville,5736729,62,70,2153,0
2025-02-20,Georgia Tech,NC State,5733805,68,83,2858,0
2025-02-20,New Orleans,East Texas A&M,5730220,78,52,402,0
2025-02-20,Northwestern,Maryland,5733501,79,85,1726,0
2025-02-20,Missouri,Kentucky,5733511,65,73,2601,0
2025-02-20,Sam Houston,Western Ky.,5735635,45,57,423,0
2025-02-20,ULM,Troy,5729017,84,73,1026,0
2025-02-20,Illinois St.,Belmont,5733563,66,63,2489,0
2025-02-20,Central Ark.,FGCU,5737882,71,95,1458,0
2025-02-20,UIW,Lamar University,5723717,53,61,0,0
2025-02-20,Louisiana Tech,Middle Tenn.,5729995,46,55,1042,0
2025-02-20,Nicholls,A&M-Corpus Christi,5735645,44,59,411,0
2025-02-20,Denver,North Dakota St.,5735721,59,64,357,0
2025-02-20,New Mexico St.,Jacksonville St.,5723771,66,47,412,0
2025-02-20,Virginia Tech,Stanford,5733741,74,75,4949,0
2025-02-20,Davidson,George Mason,5756728,66,50,698,0
2025-02-20,Texas A&M,Florida,5734553,52,74,3116,0
2025-02-20,Omaha,South Dakota,5735579,71,57,475,0
2025-02-20,Oral Roberts,North Dakota,5723550,83,80,1519,0
2025-02-20,Long Beach St.,UC Riverside,5737060,75,69,629,0
2025-02-20,Oregon St.,Santa Clara,5734924,68,51,3751,0
2025-02-20,Eastern Wash.,Northern Colo.,5732171,46,50,561,0
2025-02-20,Portland,San Diego,5734967,81,65,756,0
2025-02-20,Washington,Rutgers,5730139,83,65,2947,0
2025-02-20,Washington St.,San Francisco,5735829,67,59,1072,0
2025-02-20,Gonzaga,Saint Mary's (CA),5728947,60,53,5441,0
2025-02-20,CSUN,UC Irvine,5730085,56,100,270,0
2025-02-20,LMU (CA),Pacific,5731767,49,63,219,0
2025-02-20,LSU,Georgia,5736630,79,63,10229,0
2025-02-20,UTEP,Kennesaw St.,5730549,56,68,1284,0
2025-02-20,Idaho,Northern Ariz.,5725895,65,70,1393,0
2025-02-20,UCLA,Illinois,5734063,70,55,5435,0
2025-02-20,CSU Bakersfield,UC Davis,5728556,45,66,399,0
2025-02-20,Sacramento St.,Weber St.,5723394,56,45,346,0
2025-02-20,Cal St. Fullerton,UC Santa Barbara,5731111,56,80,143,0
2025-02-20,Portland St.,Idaho St.,5733726,80,89,329,0
2025-02-20,UC San Diego,Cal Poly,5737077,66,49,508,0
2025-02-19,Utah St.,Air Force,5738082,77,82,1093,0
2025-02-19,San Diego St.,Nevada,5735080,72,43,4088,0
2025-02-19,Buffalo,Kent St.,5722090,76,70,1436,0
2025-02-19,Coastal Carolina,Ga. Southern,5723769,64,58,1196,0
2025-02-19,Lafayette,Holy Cross,5735864,42,83,463,0
2025-02-19,St. Bonaventure,VCU,5756749,37,81,252,0
2025-02-19,Akron,Miami (OH),5729158,58,70,171,0
2025-02-19,Lehigh,Bucknell,5733949,73,59,714,0
2025-02-19,Massachusetts,Loyola Chicago,5737874,87,62,1352,0
2025-02-19,Winthrop,Presbyterian,5737324,60,55,357,0
2025-02-19,Richmond,George Washington,5810044,67,57,849,0
2025-02-19,Texas St.,Louisiana,5729053,69,58,0,0
2025-02-19,Charleston So.,High Point,5737983,52,68,425,0
2025-02-19,Eastern Mich.,Central Mich.,5732238,62,74,1183,0
2025-02-19,App State,Marshall,5731578,58,76,497,0
2025-02-19,UNC Asheville,Radford,5737184,39,63,148,0
2025-02-19,Rhode Island,Saint Joseph's,5737772,70,65,1600,0
2025-02-19,Georgia St.,James Madison,5724014,55,62,1302,0
2025-02-19,Milwaukee,IU Indy,5723339,77,70,427,0
2025-02-19,American,Army West Point,5723481,43,63,394,0
2025-02-19,Creighton,St. John's (NY),5736544,65,62,1035,0
2025-02-19,Texas Tech,Cincinnati,5735062,56,59,3920,0
2025-02-19,Butler,Xavier,5734369,58,54,923,0
2025-02-19,Loyola Maryland,Boston U.,5737024,38,55,240,0
2025-02-19,Purdue,Minnesota,5734581,61,74,3814,0
2025-02-19,Villanova,Georgetown,5735686,70,65,1049,0
2025-02-19,Seton Hall,UConn,5734417,49,91,1350,0
2025-02-19,Wright St.,Oakland,5736979,60,53,1094,0
2025-02-19,Cleveland St.,Green Bay,5723722,50,59,508,0
2025-02-19,Navy,Colgate,5729187,72,76,408,0
2025-02-19,Western Mich.,Bowling Green,5726024,63,70,734,0
2025-02-19,Temple,Wichita St.,5738070,70,51,1392,0
2025-02-19,Fordham,Duquesne,5740611,56,53,316,0
2025-02-19,Toledo,Ball St.,5733651,70,66,4158,0
2025-02-19,Gardner-Webb,Longwood,5735982,46,75,750,0
2025-02-19,Ohio,NIU,5733537,74,70,670,0
2025-02-19,Tulsa,Tulane,5756719,73,54,1136,0
2025-02-19,Marquette,Providence,5736389,69,51,1853,0
2025-02-19,Iowa St.,Houston,5736464,64,53,9047,0
2025-02-19,South Alabama,Southern Miss.,5723043,66,57,504,0
2025-02-19,Saint Louis,Dayton,5737903,72,63,1003,0
2025-02-19,Arizona,BYU,5736924,65,57,6957,0
2025-02-19,Memphis,UAB,5737347,80,71,688,0
2025-02-19,Nebraska,Oregon,5731624,94,90,5257,0
2025-02-19,Utah Valley,Utah Tech,5731080,74,51,740,0
2025-02-19,Arizona St.,TCU,5734237,66,82,2848,0
2025-02-19,Southern Utah,Abilene Christian,5733724,49,46,480,0
2025-02-19,Colorado St.,Fresno St.,5734093,68,48,1412,0
2025-02-19,San Jose St.,New Mexico,5730767,65,72,356,0
2025-02-19,Colorado,Baylor,5734026,62,84,3182,0
2025-02-19,Southern California,Michigan St.,5730807,83,75,5823,0
2025-02-18,UT Martin,Tennessee St.,6358257,73,52,642,0
2025-02-18,Charlotte,South Fla.,5736628,52,70,478,0
2025-02-18,Kansas,UCF,5735387,63,58,1937,0
2025-02-18,Rice,Fla. Atlantic,5740557,72,39,501,0
2025-02-18,Boise St.,Wyoming,5731742,78,73,1594,0
2025-02-18,Utah,Oklahoma St.,5734851,64,68,3882,0
2025-02-17,Ohio St.,Iowa,5733426,86,78,8810,0
2025-02-17,West Virginia,Kansas St.,5733373,70,57,4122,0
2025-02-17,Howard,UMES,5737833,72,59,1000,0
2025-02-17,Norfolk St.,Delaware St.,5734805,92,44,2245,0
2025-02-17,N.C. Central,Morgan St.,5735051,71,53,521,0
2025-02-17,South Carolina St.,Coppin St.,5736483,45,57,251,0
2025-02-17,Maryland,Michigan,5733801,85,77,7049,0
2025-02-17,Notre Dame,Duke,5736123,64,49,9063,0
2025-02-17,Alabama,Texas A&M,5734551,88,49,2434,0
2025-02-17,Rutgers,Northwestern,5730138,59,69,2327,0
2025-02-16,Georgia Tech,Wake Forest,5734345,73,62,2568,0
2025-02-16,Tennessee,Ole Miss,5732351,80,71,12402,0
2025-02-16,Columbia,Harvard,5723314,54,60,2267,0
2025-02-16,Northeastern,Hofstra,5734552,61,51,0,0
2025-02-16,South Carolina,UConn,5735887,58,87,18000,0
2025-02-16,Elon,Campbell,5733793,45,48,1159,0
2025-02-16,Davidson,St. Bonaventure,5756748,55,37,1047,0
2025-02-16,UNCW,Col. of Charleston,5731703,61,64,1002,0
2025-02-16,Penn St.,Wisconsin,5733533,68,75,4188,0
2025-02-16,Towson,Stony Brook,5731292,59,52,731,0
2025-02-16,Monmouth,Hampton,5730431,62,60,1979,0
2025-02-16,Fordham,VCU,5809689,57,76,454,0
2025-02-16,Missouri,Oklahoma,5733508,66,82,3518,0
2025-02-16,Indiana St.,Bradley,5735291,54,56,1090,0
2025-02-16,Richmond,Saint Louis,5738097,59,49,2422,0
2025-02-16,Miami (FL),Florida St.,5733844,82,83,3477,0
2025-02-16,Florida,Mississippi St.,5736712,69,66,2044,0
2025-02-16,Pittsburgh,Virginia,5736598,67,80,1041,0
2025-02-16,Providence,Seton Hall,5734412,38,59,844,0
2025-02-16,Kentucky,Georgia,5737215,84,55,5625,0
2025-02-16,Robert Morris,Northern Ky.,5737829,63,59,321,0
2025-02-16,Delaware,William & Mary,5731871,82,59,1527,0
2025-02-16,Xavier,Villanova,5736373,42,57,1676,0
2025-02-16,North Carolina,NC State,5733800,66,65,6319,0
2025-02-16,Texas,LSU,5736626,65,58,0,0
2025-02-16,George Mason,Massachusetts,5737873,76,66,2679,0
2025-02-16,Southern Ill.,UIC,5736565,46,62,451,0
2025-02-16,Minnesota,Oregon,5731623,70,76,6487,0
2025-02-16,Missouri St.,Valparaiso,5735614,79,63,2592,0
2025-02-16,SMU,Clemson,5736683,46,72,1751,0
2025-02-16,Arizona,TCU,5736418,73,85,7672,0
2025-02-16,Auburn,Vanderbilt,5723048,88,98,4353,0
2025-02-16,Illinois,Nebraska,5734061,77,68,5881,0
2025-02-16,Stanford,Boston College,5734035,80,75,3561,0
2025-02-16,St. John's (NY),Butler,5734365,65,43,0,0
2025-02-16,California,Syracuse,5735790,75,69,3849,0
2025-02-16,Washington,Southern California,5731675,64,69,7913,0
2025-02-16,UCLA,Michigan St.,5736944,75,69,7563,0
2025-02-15,Navy,Army West Point,5733967,64,68,0,0
2025-02-15,USC Upstate,Gardner-Webb,5735981,68,59,233,0
2025-02-15,Indiana,Purdue,5731979,78,56,12008,0
2025-02-15,Western Mich.,NIU,5729268,51,60,791,0
2025-02-15,Western Ill.,Morehead St.,5722996,78,73,412,0
2025-02-15,Lindenwood,Southern Ind.,5723197,75,56,1798,0
2025-02-15,Rhode Island,La Salle,5737506,77,54,1248,0
2025-02-15,American,Loyola Maryland,5723463,39,68,518,0
2025-02-15,UMass Lowell,New Hampshire,5731551,55,62,539,0
2025-02-15,Marist,Merrimack,5733758,48,55,672,0
2025-02-15,Marshall,Coastal Carolina,5733156,57,66,1035,0
2025-02-15,Western Caro.,Furman,5736854,70,57,1294,0
2025-02-15,Iona,Quinnipiac,5734301,66,74,1060,0
2025-02-15,Rider,Saint Peter's,5732111,54,55,784,0
2025-02-15,FIU,New Mexico St.,5733653,55,65,608,0
2025-02-15,Eastern Mich.,Ball St.,5733402,69,74,1408,0
2025-02-15,Ga. Southern,South Alabama,5728435,95,68,1023,0
2025-02-15,FDU,LIU,5725987,75,45,239,0
2025-02-15,Detroit Mercy,Green Bay,5723710,60,76,303,0
2025-02-15,Bellarmine,Eastern Ky.,5756770,73,79,627,0
2025-02-15,Mercyhurst,Stonehill,5729761,62,69,490,0
2025-02-15,Ohio,Buffalo,5722089,67,79,886,0
2025-02-15,Arkansas St.,Texas St.,5730337,72,62,1017,0
2025-02-15,East Texas A&M,Lamar University,5723709,57,71,377,0
2025-02-15,Kent St.,Miami (OH),5729157,62,64,1180,0
2025-02-15,Northwestern St.,SFA,5728428,66,68,607,0
2025-02-15,Southeastern La.,Nicholls,5729727,63,50,858,0
2025-02-15,SIUE,Tennessee St.,5729655,58,77,927,0
2025-02-15,Chicago St.,Le Moyne,5734197,76,60,0,0
2025-02-15,A&M-Corpus Christi,UIW,5735644,55,63,1308,0
2025-02-15,Central Ark.,Austin Peay,5737682,77,67,738,0
2025-02-15,Eastern Ill.,UT Martin,5734260,66,62,1034,0
2025-02-15,Liberty,UTEP,5722051,67,53,1826,0
2025-02-15,Youngstown St.,IU Indy,5723974,68,73,1491,0
2025-02-15,Jacksonville,North Florida,5729097,63,52,300,0
2025-02-15,Kennesaw St.,Sam Houston,5730548,53,65,668,0
2025-02-15,Oakland,Milwaukee,5723334,49,61,522,0
2025-02-15,Bowling Green,Central Mich.,5726025,70,55,2225,0
2025-02-15,Purdue Fort Wayne,Cleveland St.,5729292,52,61,748,0
2025-02-15,James Madison,Old Dominion,5724008,66,53,4375,0
2025-02-15,Colgate,Boston U.,5729185,71,51,308,0
2025-02-15,Mount St. Mary's,Canisius,5725814,72,59,561,0
2025-02-15,West Ga.,North Ala.,5734250,62,53,276,0
2025-02-15,UNC Greensboro,Wofford,5733481,68,60,322,0
2025-02-15,George Washington,Dayton,5737901,51,66,607,0
2025-02-15,Holy Cross,Lehigh,5735863,59,69,1006,0
2025-02-15,UNC Asheville,Charleston So.,5737668,51,60,597,0
2025-02-15,East Carolina,Charlotte,5737196,63,45,1525,0
2025-02-15,West Virginia,Cincinnati,5736414,69,50,5164,0
2025-02-15,Toledo,Akron,5733544,75,54,5227,0
2025-02-15,Bucknell,Lafayette,5733947,62,51,206,0
2025-02-15,N.C. Central,Coppin St.,5735048,53,63,340,0
2025-02-15,Delaware St.,Howard,5734800,45,62,1500,0
2025-02-15,Fla. Atlantic,South Fla.,5736625,62,74,733,0
2025-02-15,UMES,Norfolk St.,5737261,48,70,329,0
2025-02-15,Presbyterian,Longwood,5737323,60,71,307,0
2025-02-15,Binghamton,NJIT,5737648,65,55,1527,0
2025-02-15,Mercer,ETSU,5756681,67,70,1549,0
2025-02-15,South Carolina St.,Morgan St.,5763036,55,60,568,0
2025-02-15,Manhattan,Fairfield,6317591,45,84,205,0
2025-02-15,Southeast Mo. St.,Tennessee Tech,5723061,50,78,482,0
2025-02-15,Lipscomb,Queens (NC),5737533,86,72,316,0
2025-02-15,New Orleans,McNeese,5730219,66,71,372,0
2025-02-15,Bethune-Cookman,Alcorn,5729347,65,52,516,0
2025-02-15,Wichita St.,Rice,5738068,60,57,1233,0
2025-02-15,Loyola Chicago,Duquesne,5740610,70,75,1663,0
2025-02-15,Tulsa,North Texas,5740632,58,61,1402,0
2025-02-15,Samford,Chattanooga,5737158,55,50,417,0
2025-02-15,Texas Tech,Baylor,5734024,60,66,4648,0
2025-02-15,Louisiana,ULM,5729052,80,60,421,0
2025-02-15,Evansville,Illinois St.,5736379,53,73,318,0
2025-02-15,Oral Roberts,Kansas City,5723547,109,88,1311,0
2025-02-15,UTSA,Memphis,5737346,80,61,1523,0
2025-02-15,Middle Tenn.,Western Ky.,5729992,73,63,4433,0
2025-02-15,Omaha,Denver,5736946,80,77,470,0
2025-02-15,Marquette,DePaul,5736385,82,72,2512,0
2025-02-15,Murray St.,UNI,5737314,96,91,1641,0
2025-02-15,Grambling,Texas Southern,5737704,71,46,1015,0
2025-02-15,South Dakota St.,South Dakota,5734651,71,61,4214,0
2025-02-15,UTRGV,Houston Christian,5735020,58,55,933,0
2025-02-15,Air Force,Colorado St.,5736645,58,65,1070,0
2025-02-15,Southern U.,Prairie View,5756671,86,42,3189,0
2025-02-15,Jacksonville St.,Louisiana Tech,5723765,68,55,512,0
2025-02-15,Ark.-Pine Bluff,Alabama St.,5738002,63,68,902,0
2025-02-15,Tulane,Temple,5756717,56,73,727,0
2025-02-15,Creighton,Georgetown,5735685,70,48,1862,0
2025-02-15,Northern Colo.,Portland St.,5733721,68,50,761,0
2025-02-15,Utah Tech,California Baptist,5732323,75,81,437,0
2025-02-15,Boise St.,Fresno St.,5734089,63,67,0,0
2025-02-15,Wyoming,San Jose St.,5731741,59,54,2454,0
2025-02-15,Arizona St.,Utah,5734236,62,98,0,0
2025-02-15,Idaho St.,Montana St.,5735235,60,74,877,0
2025-02-15,Grand Canyon,UT Arlington,5728993,82,69,874,0
2025-02-15,Utah Valley,Southern Utah,5731079,63,72,682,0
2025-02-15,Weber St.,Montana,5723393,73,69,768,0
2025-02-15,Northern Ariz.,Sacramento St.,5723800,75,60,523,0
2025-02-15,Gonzaga,LMU (CA),5731766,69,57,6000,0
2025-02-15,San Diego St.,Utah St.,5737251,78,63,1456,0
2025-02-15,Nevada,UNLV,5735076,50,64,0,0
2025-02-15,Seattle U,Tarleton St.,5729832,76,79,144,0
2025-02-15,Penn,Brown,5734978,73,61,1005,0
2025-02-15,Eastern Wash.,Idaho,5725893,63,60,930,0
2025-02-15,Pepperdine,Saint Mary's (CA),5728945,54,68,233,0
2025-02-15,Saint Francis,Central Conn. St.,5728774,67,70,496,0
2025-02-15,UMBC,Bryant,5728638,75,67,581,0
2025-02-15,Florida A&M,Jackson St.,5736504,37,40,0,0
2025-02-15,FGCU,Stetson,5736739,65,43,2339,0
2025-02-15,Vermont,Maine,5734491,65,34,1349,0
2025-02-15,Troy,Southern Miss.,5723038,86,59,1857,0
2025-02-15,Cal Poly,CSUN,5730084,75,34,443,0
2025-02-15,UC Davis,UC San Diego,5723487,63,65,702,0
2025-02-15,Cal St. Fullerton,CSU Bakersfield,5728553,78,68,215,0
2025-02-15,San Francisco,Pacific,5733781,80,67,245,0
2025-02-15,UC Irvine,Hawaii,5733191,44,49,949,0
2025-02-15,San Diego,Santa Clara,5734923,63,57,560,0
2025-02-15,BYU,Oklahoma St.,5735162,68,64,2939,0
2025-02-15,Kansas St.,UCF,5733370,97,67,6246,0
2025-02-15,Mississippi Val.,Alabama A&M,5734702,76,95,1070,0
2025-02-15,Kansas,Iowa St.,5735386,80,93,4613,0
2025-02-15,Belmont,Drake,5733554,83,88,936,0
2025-02-15,Princeton,Yale,5731223,71,42,1254,0
2025-02-15,Georgia St.,App State,5731059,53,50,1720,0
2025-02-15,Cornell,Dartmouth,5737255,56,43,87,0
2025-02-15,Portland,Washington St.,5734966,84,79,1518,0
2025-02-15,Siena,Sacred Heart,5732010,66,51,663,0
2025-02-15,UC Santa Barbara,UC Riverside,5731110,42,51,736,0
2025-02-15,High Point,Winthrop,5740535,69,56,684,0
2025-02-15,North Dakota,North Dakota St.,5735616,65,60,1964,0
2025-02-15,Colorado,Houston,5736461,83,60,4494,0
2025-02-14,Stony Brook,Hampton,5731291,57,59,582,0
2025-02-14,Penn,Yale,5731222,71,59,249,0
2025-02-14,Drexel,William & Mary,5731870,59,58,311,0
2025-02-14,Cornell,Harvard,5723294,29,66,67,0
2025-02-14,Hofstra,Towson,5736663,51,63,390,0
2025-02-14,Princeton,Brown,5734977,78,67,699,0
2025-02-14,Delaware,Monmouth,5732677,70,61,792,0
2025-02-14,UNCW,Elon,5731702,56,70,691,0
2025-02-14,Northeastern,N.C. A&T,5733288,55,73,0,0
2025-02-14,Columbia,Dartmouth,5732073,89,37,1324,0
2025-02-13,UAlbany,UMass Lowell,5738291,59,44,3232,0
2025-02-13,VCU,Saint Louis,5738096,56,59,2433,0
2025-02-13,FIU,UTEP,5733647,83,66,2147,0
2025-02-13,Georgia St.,South Alabama,5731058,78,69,2849,0
2025-02-13,A&M-Corpus Christi,Houston Christian,5735642,74,54,2142,0
2025-02-13,Northern Colo.,Sacramento St.,5723798,85,72,2821,0
2025-02-13,James Madison,App State,5724005,77,61,2108,0
2025-02-13,Lindenwood,Morehead St.,5728294,68,61,801,0
2025-02-13,SIUE,UT Martin,5729653,66,77,0,0
2025-02-13,Western Ill.,Southern Ind.,5723003,70,76,387,0
2025-02-13,Little Rock,Tennessee Tech,5723021,57,61,0,0
2025-02-13,Lipscomb,Bellarmine,5737532,79,86,278,0
2025-02-13,Eastern Ill.,Tennessee St.,5734259,69,49,540,0
2025-02-13,Mercyhurst,Central Conn. St.,5728773,76,74,369,0
2025-02-13,Florida St.,Louisville,5733839,69,83,1913,0
2025-02-13,NC State,Miami (FL),5733796,76,74,5500,0
2025-02-13,UNC Greensboro,Furman,5733477,55,51,322,0
2025-02-13,Wake Forest,Duke,5736720,47,72,1343,0
2025-02-13,Marshall,Old Dominion,5733154,73,70,1036,0
2025-02-13,Western Caro.,Wofford,5736849,68,70,623,0
2025-02-13,Quinnipiac,Sacred Heart,5734300,71,47,412,0
2025-02-13,New Hampshire,Vermont,5731549,46,55,178,0
2025-02-13,Rider,Iona,5733668,60,65,436,0
2025-02-13,NJIT,Bryant,5737962,64,53,232,0
2025-02-13,Binghamton,UMBC,5728634,58,48,1103,0
2025-02-13,Florida A&M,Alcorn,5756700,69,74,300,0
2025-02-13,Maryland,Nebraska,5733797,71,91,7029,0
2025-02-13,Tennessee,Auburn,5723039,99,61,9817,0
2025-02-13,Youngstown St.,Wright St.,5734531,76,78,1335,0
2025-02-13,Robert Morris,IU Indy,5723972,61,58,226,0
2025-02-13,Detroit Mercy,Milwaukee,5723333,50,46,405,0
2025-02-13,Wagner,Le Moyne,5731175,61,56,200,0
2025-02-13,South Carolina,Florida,5735886,101,63,16708,0
2025-02-13,Mount St. Mary's,Niagara,5728905,75,54,245,0
2025-02-13,Kennesaw St.,Louisiana Tech,5730547,79,72,562,0
2025-02-13,Oakland,Green Bay,5723705,39,75,273,0
2025-02-13,Bethune-Cookman,Jackson St.,5729346,53,59,457,0
2025-02-13,Saint Francis,Stonehill,5735844,43,74,502,0
2025-02-13,Liberty,New Mexico St.,5722050,63,58,874,0
2025-02-13,Merrimack,Manhattan,5733752,71,69,263,0
2025-02-13,Samford,ETSU,5756680,50,43,213,0
2025-02-13,Clemson,Georgia Tech,5734344,68,61,1452,0
2025-02-13,Chicago St.,FDU,5732879,70,74,112,0
2025-02-13,Mississippi Val.,Alabama St.,5736762,68,57,985,0
2025-02-13,Southern Ill.,Missouri St.,5735612,48,83,305,0
2025-02-13,Murray St.,Drake,5735208,86,92,1811,0
2025-02-13,North Carolina,Virginia Tech,5733747,67,62,2502,0
2025-02-13,Evansville,Bradley,5735290,55,45,748,0
2025-02-13,Fairfield,Saint Peter's,5732109,73,43,635,0
2025-02-13,Valparaiso,UIC,5736521,60,51,285,0
2025-02-13,Illinois,Penn St.,5734060,67,55,3983,0
2025-02-13,Marist,Siena,5732009,69,81,772,0
2025-02-13,Mercer,Chattanooga,5737156,39,69,1754,0
2025-02-13,Ark.-Pine Bluff,Alabama A&M,5734703,55,69,674,0
2025-02-13,Belmont,UNI,5733551,61,73,729,0
2025-02-13,Southeastern La.,McNeese,5729725,65,45,1010,0
2025-02-13,Indiana St.,Illinois St.,5735801,77,85,1110,0
2025-02-13,Kentucky,Texas,5737520,49,67,5424,0
2025-02-13,UTRGV,UIW,5735019,59,37,1061,0
2025-02-13,Arkansas,Ole Miss,5732349,50,89,2625,0
2025-02-13,Grambling,Prairie View,5737703,75,54,577,0
2025-02-13,Jacksonville St.,Sam Houston,5723755,49,56,313,0
2025-02-13,Ohio St.,Minnesota,5734747,87,84,6417,0
2025-02-13,East Texas A&M,SFA,5728426,55,71,502,0
2025-02-13,Southern U.,Texas Southern,5763043,63,53,3678,0
2025-02-13,New Orleans,Nicholls,5730218,59,72,397,0
2025-02-13,Northwestern St.,Lamar University,5723690,46,58,571,0
2025-02-13,Iowa,Rutgers,5730136,55,43,14998,0
2025-02-13,Northern Ariz.,Portland St.,5733719,83,67,333,0
2025-02-13,Weber St.,Montana St.,5723391,45,63,313,0
2025-02-13,UC Riverside,UC Davis,5723480,55,53,103,0
2025-02-13,Grand Canyon,Tarleton St.,5728992,76,60,604,0
2025-02-13,Pittsburgh,Notre Dame,5736127,57,88,1774,0
2025-02-13,Richmond,Saint Joseph's,5809701,59,51,1325,0
2025-02-13,Long Beach St.,Hawaii,5735405,65,72,591,0
2025-02-13,New Mexico,Boise St.,5730766,88,83,4705,0
2025-02-13,Vanderbilt,Mississippi St.,5736797,77,85,3577,0
2025-02-13,Santa Clara,Pepperdine,5728973,54,46,365,0
2025-02-13,Utah Tech,Southern Utah,5732322,66,69,990,0
2025-02-13,Cal Poly,Cal St. Fullerton,5732206,64,67,368,0
2025-02-13,Seattle U,Abilene Christian,5733717,62,84,162,0
2025-02-13,Idaho St.,Montana,5734910,66,46,752,0
2025-02-13,Oregon St.,Gonzaga,5734173,62,66,4574,0
2025-02-13,Pacific,San Diego,5733773,72,75,567,0
2025-02-13,Washington St.,LMU (CA),5731771,63,51,890,0
2025-02-13,California Baptist,UT Arlington,5737481,90,79,398,0
2025-02-13,Saint Mary's (CA),Portland,5728943,69,71,275,0
2025-02-13,California,Boston College,5735789,72,63,2007,0
2025-02-13,Southern California,UCLA,5730806,71,60,10258,0
2025-02-13,UC Santa Barbara,UC Irvine,5731109,62,52,533,0
2025-02-13,Stanford,Syracuse,5734034,79,58,2914,0
2025-02-13,UC San Diego,CSU Bakersfield,5728549,63,45,501,0
2025-02-12,Dayton,Davidson,5737899,51,61,12152,0
2025-02-12,Colorado St.,Utah St.,5736644,72,54,6008,0
2025-02-12,Georgetown,Butler,5734357,70,76,119,0
2025-02-12,Charleston So.,Presbyterian,5737320,79,65,612,0
2025-02-12,Lafayette,American,5723451,72,55,347,0
2025-02-12,Ga. Southern,Coastal Carolina,5728432,56,67,634,0
2025-02-12,Colgate,Holy Cross,5729184,73,51,186,0
2025-02-12,Northern Ky.,Cleveland St.,5736259,72,69,1310,0
2025-02-12,Lehigh,Navy,5733965,74,56,623,0
2025-02-12,Boston U.,Bucknell,5733946,63,67,393,0
2025-02-12,Duquesne,Massachusetts,5737872,52,72,1167,0
2025-02-12,Arkansas St.,Southern Miss.,5723032,74,53,5089,0
2025-02-12,Louisiana,Texas St.,5729051,71,54,421,0
2025-02-12,Army West Point,Loyola Maryland,5763051,64,53,453,0
2025-02-12,La Salle,Fordham,5737505,58,61,148,0
2025-02-12,Michigan St.,Wisconsin,5733521,91,71,2275,0
2025-02-12,Cincinnati,Kansas St.,5733365,53,90,1126,0
2025-02-12,Charlotte,Wichita St.,5737521,73,59,454,0
2025-02-12,UNC Asheville,USC Upstate,5737667,51,60,231,0
2025-02-12,FGCU,North Florida,5722515,78,49,1694,0
2025-02-12,Seton Hall,Marquette,5734409,61,68,970,0
2025-02-12,George Mason,Rhode Island,5737771,56,44,1027,0
2025-02-12,Radford,Winthrop,5737182,68,78,676,0
2025-02-12,Troy,ULM,5729016,84,71,1870,0
2025-02-12,Queens (NC),Eastern Ky.,5756769,62,75,268,0
2025-02-12,Longwood,High Point,5737422,61,70,978,0
2025-02-12,West Ga.,Austin Peay,5734249,70,57,383,0
2025-02-12,Purdue,Northwestern,5733497,75,60,4002,0
2025-02-12,Loyola Chicago,George Washington,5809542,41,53,224,0
2025-02-12,Xavier,Providence,5756756,53,61,1071,0
2025-02-12,Stetson,Jacksonville,5729096,68,63,368,0
2025-02-12,South Fla.,Rice,5736620,82,77,2225,0
2025-02-12,Michigan,Indiana,5731978,70,67,2677,0
2025-02-12,UCF,Arizona St.,5734235,85,76,1002,0
2025-02-12,Oklahoma St.,Arizona,5735156,83,64,2675,0
2025-02-12,UTSA,East Carolina,5737195,60,46,1000,0
2025-02-12,North Texas,Memphis,5737343,97,57,1852,0
2025-02-12,Central Ark.,North Ala.,5738067,73,52,647,0
2025-02-12,UConn,St. John's (NY),5736541,78,40,10299,0
2025-02-12,DePaul,Villanova,5736367,56,62,1209,0
2025-02-12,St. Thomas (MN),North Dakota,5733357,77,54,402,0
2025-02-12,South Dakota,Kansas City,5723943,63,56,1419,0
2025-02-12,Omaha,Oral Roberts,5723545,74,105,410,0
2025-02-12,North Dakota St.,South Dakota St.,5734648,53,68,1158,0
2025-02-12,Wyoming,Air Force,5731740,64,56,2163,0
2025-02-12,Utah,Colorado,5734848,77,60,3756,0
2025-02-12,Oregon,Washington,5731622,68,67,4720,0
2025-02-12,Fresno St.,Nevada,5734087,55,67,1213,0
2025-02-12,UNLV,San Diego St.,5737257,75,65,928,0
2025-02-11,Little Rock,Southeast Mo. St.,5730741,60,52,400,0
2025-02-11,Canisius,Niagara,5724069,48,46,498,0
2025-02-11,Temple,UAB,5737989,63,53,1319,0
2025-02-11,TCU,BYU,5736416,79,47,2483,0
2025-02-11,Baylor,West Virginia,5734018,75,65,3441,0
2025-02-10,UMES,Howard,5737822,56,66,538,0
2025-02-10,Pepperdine,Portland,5728957,75,77,153,0
2025-02-10,Ole Miss,Kentucky,5732347,66,57,2875,0
2025-02-10,Oklahoma,Auburn,5723029,73,71,3048,0
2025-02-10,Nebraska,Iowa,5733423,66,81,6535,0
2025-02-09,Louisville,Stanford,5734032,74,65,8281,0
2025-02-09,Providence,UConn,5737292,40,77,7483,0
2025-02-09,Georgia,Arkansas,5737214,62,61,3034,0
2025-02-09,Virginia,Virginia Tech,5733756,62,87,5639,0
2025-02-09,Drexel,UNCW,5731701,68,55,437,0
2025-02-09,Saint Joseph's,Loyola Chicago,5809541,83,45,548,0
2025-02-09,Rutgers,Purdue,5730133,78,69,3882,0
2025-02-09,Towson,Elon,5733788,41,45,383,0
2025-02-09,Southern Ill.,Indiana St.,5735800,63,87,336,0
2025-02-09,Hofstra,Delaware,5732672,65,73,632,0
2025-02-09,Duquesne,Richmond,5740607,58,82,1416,0
2025-02-09,Boston College,Georgia Tech,5734340,51,71,1121,0
2025-02-09,Syracuse,Wake Forest,5736697,62,50,3735,0
2025-02-09,Florida St.,NC State,5733784,74,97,2458,0
2025-02-09,N.C. A&T,Campbell,5733286,52,56,756,0
2025-02-09,Georgetown,DePaul,5735684,76,80,0,0
2025-02-09,Col. of Charleston,Northeastern,5734549,89,41,457,0
2025-02-09,Notre Dame,California,5735788,91,52,8864,0
2025-02-09,Clemson,North Carolina,5735266,51,53,2090,0
2025-02-09,Texas,South Carolina,5735885,66,62,10517,0
2025-02-09,Valparaiso,Murray St.,5736520,57,77,352,0
2025-02-09,UIC,Belmont,5733538,55,64,684,0
2025-02-09,Northwestern,Penn St.,5733491,69,63,1902,0
2025-02-09,Mississippi St.,Alabama,5736796,60,80,4554,0
2025-02-09,North Texas,Tulane,5740628,69,64,1803,0
2025-02-09,Loyola Maryland,Colgate,5729182,59,74,930,0
2025-02-09,Hampton,William & Mary,5730429,65,72,421,0
2025-02-09,Duke,Miami (FL),5736713,90,49,3003,0
2025-02-09,Butler,Marquette,5734356,67,65,1812,0
2025-02-09,Michigan St.,Michigan,5735124,61,71,11043,0
2025-02-09,Missouri St.,Evansville,5735611,86,57,1465,0
2025-02-09,Drake,Bradley,5735207,72,52,2159,0
2025-02-09,UNI,Illinois St.,5736519,72,52,2489,0
2025-02-09,Minnesota,Indiana,5736435,66,56,4180,0
2025-02-09,SMU,Pittsburgh,5736675,57,58,1623,0
2025-02-09,Washington,Maryland,5733794,73,81,4819,0
2025-02-09,LSU,Tennessee,5735711,82,77,11154,0
2025-02-09,Wisconsin,Illinois,5733517,51,74,4547,0
2025-02-09,Texas A&M,Missouri,5733499,59,69,3189,0
2025-02-09,Oregon,UCLA,5731621,52,62,6534,0
2025-02-08,Morehead St.,Little Rock,5728292,63,66,580,0
2025-02-08,Ga. Southern,Akron,6356885,60,36,643,0
2025-02-08,South Dakota St.,Oral Roberts,5723544,89,71,2631,0
2025-02-08,Cleveland St.,Oakland,5736258,79,58,317,0
2025-02-08,Bucknell,Army West Point,5733945,75,65,439,0
2025-02-08,Cincinnati,Kansas,5735385,78,74,1980,0
2025-02-08,Le Moyne,Mercyhurst,5729759,60,58,368,0
2025-02-08,St. Bonaventure,George Washington,5756746,49,58,553,0
2025-02-08,Canisius,Merrimack,5724065,68,62,535,0
2025-02-08,Rhode Island,Dayton,5737768,57,36,1169,0
2025-02-08,Massachusetts,Davidson,5737870,38,56,1472,0
2025-02-08,Iona,Marist,5736403,43,63,1104,0
2025-02-08,Marshall,Central Mich.,5732237,68,73,1449,0
2025-02-08,Denver,St. Thomas (MN),5733349,68,81,493,0
2025-02-08,ETSU,UNC Greensboro,5733472,56,61,0,0
2025-02-08,Kansas City,Omaha,5723942,56,65,566,0
2025-02-08,Prairie View,Bethune-Cookman,5729345,65,60,180,0
2025-02-08,Houston Christian,New Orleans,5730217,54,49,324,0
2025-02-08,McNeese,Northwestern St.,5730309,56,80,1235,0
2025-02-08,UIW,Southeastern La.,5729723,43,62,136,0
2025-02-08,Green Bay,Robert Morris,5723696,71,39,1952,0
2025-02-08,Tennessee Tech,Eastern Ill.,5722997,65,54,1147,0
2025-02-08,Troy,Kent St.,5729015,73,84,2412,0
2025-02-08,UT Martin,Western Ill.,5723009,75,55,1423,0
2025-02-08,Alabama St.,Grambling,5736760,61,70,250,0
2025-02-08,Abilene Christian,Southern Utah,5733712,74,52,960,0
2025-02-08,North Dakota St.,South Dakota,5735578,75,65,1037,0
2025-02-08,Tennessee St.,Lindenwood,5732119,70,81,653,0
2025-02-08,Nicholls,East Texas A&M,5732084,53,67,442,0
2025-02-08,Jackson St.,Mississippi Val.,5736502,76,63,894,0
2025-02-08,Wichita St.,UTSA,5738065,49,60,1334,0
2025-02-08,Alcorn,Ark.-Pine Bluff,5737995,53,40,200,0
2025-02-08,Old Dominion,Toledo,5810366,52,56,1646,0
2025-02-08,American,Lehigh,5723449,52,67,923,0
2025-02-08,UMBC,Maine,5728629,71,53,476,0
2025-02-08,North Florida,Central Ark.,5722512,59,72,276,0
2025-02-08,IU Indy,Northern Ky.,5723970,79,82,554,0
2025-02-08,Harvard,Dartmouth,5723289,66,31,984,0
2025-02-08,Stonehill,LIU,5725986,58,50,852,0
2025-02-08,Yale,Cornell,5731219,40,57,659,0
2025-02-08,Jacksonville,North Ala.,5729095,78,61,250,0
2025-02-08,James Madison,Ball St.,5723998,78,74,2970,0
2025-02-08,Howard,N.C. Central,5735044,81,64,500,0
2025-02-08,Chattanooga,Western Caro.,5736840,74,59,1723,0
2025-02-08,Princeton,Penn,5737778,74,60,2631,0
2025-02-08,Winthrop,USC Upstate,5737785,48,52,340,0
2025-02-08,Niagara,Quinnipiac,5734299,38,70,464,0
2025-02-08,Eastern Ky.,FGCU,5737880,65,68,386,0
2025-02-08,Saint Peter's,Manhattan,5732107,58,52,192,0
2025-02-08,Villanova,Creighton,5736362,57,70,1951,0
2025-02-08,Charleston So.,Gardner-Webb,5735980,51,64,650,0
2025-02-08,Furman,Wofford,5735962,93,88,2007,0
2025-02-08,Vermont,UAlbany,5734489,59,50,1282,0
2025-02-08,East Carolina,Tulsa,5737193,73,64,1643,0
2025-02-08,Radford,Longwood,5737180,80,67,879,0
2025-02-08,Siena,Rider,5732008,68,49,699,0
2025-02-08,Georgia St.,Eastern Mich.,5733397,55,43,1444,0
2025-02-08,Sacred Heart,Fairfield,5735725,76,82,810,0
2025-02-08,Seton Hall,Xavier,5734406,72,47,1284,0
2025-02-08,UNC Asheville,High Point,5737666,52,66,381,0
2025-02-08,App State,NIU,5731577,62,75,531,0
2025-02-08,Brown,Columbia,5732072,40,78,493,0
2025-02-08,Temple,South Fla.,5736616,57,64,1505,0
2025-02-08,Delaware St.,Virginia-Lynchburg,5734795,84,55,167,0
2025-02-08,Fordham,George Mason,5756726,43,70,610,0
2025-02-08,Tarleton St.,Utah Valley,5729831,68,61,587,0
2025-02-08,Samford,Mercer,5756646,65,49,378,0
2025-02-08,South Alabama,ULM,5729797,73,68,355,0
2025-02-08,Santa Clara,LMU (CA),5731765,62,69,660,0
2025-02-08,Oklahoma St.,Kansas St.,5733364,85,55,5178,0
2025-02-08,Western Ky.,Jacksonville St.,5723748,68,64,1113,0
2025-02-08,Sam Houston,Liberty,5722049,54,74,487,0
2025-02-08,Houston,West Virginia,5736458,51,79,901,0
2025-02-08,UT Arlington,Seattle U,5735180,80,54,904,0
2025-02-08,Louisiana,Miami (OH),5729050,59,60,707,0
2025-02-08,Texas St.,Western Mich.,6355644,50,59,644,0
2025-02-08,Alabama A&M,Southern U.,5734709,44,50,2135,0
2025-02-08,SFA,A&M-Corpus Christi,5728424,74,56,1170,0
2025-02-08,Austin Peay,Lipscomb,5737531,59,65,1564,0
2025-02-08,UAB,Charlotte,5737519,86,80,431,0
2025-02-08,Milwaukee,Youngstown St.,5723329,61,56,606,0
2025-02-08,Memphis,Fla. Atlantic,5737342,73,60,1412,0
2025-02-08,Arkansas St.,Bowling Green,5730625,73,75,815,0
2025-02-08,Boise St.,Colorado St.,5736641,61,67,1730,0
2025-02-08,Utah,UCF,5734840,95,51,5909,0
2025-02-08,Lamar University,UTRGV,5723668,56,58,598,0
2025-02-08,Utah St.,Fresno St.,5734083,73,81,533,0
2025-02-08,UTEP,New Mexico St.,5734189,60,85,1664,0
2025-02-08,Coastal Carolina,Buffalo,6356886,73,65,694,0
2025-02-08,Montana St.,Northern Colo.,5735231,65,44,2397,0
2025-02-08,Montana,Northern Ariz.,5734908,76,96,2580,0
2025-02-08,San Diego St.,Wyoming,5731739,51,64,1830,0
2025-02-08,Arizona,Arizona St.,5734234,66,59,8370,0
2025-02-08,Pacific,Pepperdine,5728972,68,41,581,0
2025-02-08,Sacramento St.,Idaho,5723797,56,53,623,0
2025-02-08,Idaho St.,Weber St.,5723389,76,79,1162,0
2025-02-08,Texas Southern,Florida A&M,5763042,77,70,1807,0
2025-02-08,Purdue Fort Wayne,Wright St.,5723802,74,52,0,0
2025-02-08,Wagner,FDU,5731174,41,54,300,0
2025-02-08,Navy,Lafayette,5733916,60,61,1033,0
2025-02-08,Grand Canyon,California Baptist,5728990,84,55,923,0
2025-02-08,Bryant,Binghamton,5737647,68,62,362,0
2025-02-08,Queens (NC),West Ga.,5737594,49,56,468,0
2025-02-08,Louisiana Tech,FIU,5730649,69,59,1202,0
2025-02-08,Saint Francis,Chicago St.,5734196,63,58,446,0
2025-02-08,TCU,Texas Tech,5735060,63,42,5478,0
2025-02-08,Iowa St.,Colorado,5736873,86,56,10081,0
2025-02-08,Gonzaga,Washington St.,5734171,73,69,6000,0
2025-02-08,UC San Diego,UC Irvine,5733187,49,56,853,0
2025-02-08,Portland St.,Eastern Wash.,5732170,58,65,514,0
2025-02-08,San Jose St.,Nevada,5735071,72,67,537,0
2025-02-08,CSU Bakersfield,UC Riverside,5728545,63,58,384,0
2025-02-08,UNLV,New Mexico,5730765,90,65,1376,0
2025-02-08,UC Davis,Cal St. Fullerton,5723471,71,54,907,0
2025-02-08,CSUN,Long Beach St.,5730083,65,88,200,0
2025-02-08,San Diego,Oregon St.,5737129,50,58,1689,0
2025-02-08,Middle Tenn.,Kennesaw St.,5729988,76,43,3001,0
2025-02-08,Southern Ind.,Southeast Mo. St.,5723192,67,56,1907,0
2025-02-08,NJIT,New Hampshire,5731546,71,63,267,0
2025-02-08,Saint Mary's (CA),San Francisco,5728941,52,49,430,0
2025-02-08,Baylor,BYU,5734015,83,71,3960,0
2025-02-08,Saint Louis,La Salle,5737503,73,51,1502,0
2025-02-08,Southern California,Ohio St.,5730805,84,63,8892,0
2025-02-08,Hawaii,UC Santa Barbara,5730375,65,58,2129,0
2025-02-07,Towson,Hampton,5730428,70,54,587,0
2025-02-07,Delaware,UNCW,5731700,72,67,1434,0
2025-02-07,UNI,Bradley,5735289,69,51,2853,0
2025-02-07,Valparaiso,Belmont,5733530,41,69,272,0
2025-02-07,Monmouth,Drexel,5732902,50,47,633,0
2025-02-07,N.C. A&T,Col. of Charleston,5731950,71,59,884,0
2025-02-07,Campbell,Northeastern,5734545,81,41,965,0
2025-02-07,Stony Brook,Hofstra,5731290,47,42,1062,0
2025-02-07,Southern Ill.,Evansville,5736374,72,69,343,0
2025-02-07,Drake,Illinois St.,5735206,79,74,2547,0
2025-02-07,Missouri St.,Indiana St.,5735609,76,61,2091,0
2025-02-07,UIC,Murray St.,5737312,79,70,785,0
2025-02-06,Cleveland St.,Detroit Mercy,5736257,72,55,3094,0
2025-02-06,Tennessee St.,Western Ill.,5723014,70,66,1763,0
2025-02-06,Central Conn. St.,FDU,5728770,52,61,231,0
2025-02-06,Morehead St.,Southeast Mo. St.,5728289,63,57,870,0
2025-02-06,North Florida,North Ala.,5722511,68,73,250,0
2025-02-06,Niagara,Merrimack,5733748,52,66,381,0
2025-02-06,Virginia Tech,Syracuse,5733762,87,93,4902,0
2025-02-06,Chattanooga,UNC Greensboro,5733466,50,58,1478,0
2025-02-06,UMass Lowell,Binghamton,5737646,52,65,186,0
2025-02-06,Le Moyne,Saint Francis,5736945,60,66,266,0
2025-02-06,Georgia,South Carolina,5735884,42,74,6031,0
2025-02-06,Pittsburgh,Boston College,5736524,79,66,292,0
2025-02-06,NJIT,Maine,5737574,61,56,177,0
2025-02-06,Rider,Sacred Heart,5733662,72,57,424,0
2025-02-06,Canisius,Quinnipiac,5724061,41,56,486,0
2025-02-06,Mercyhurst,Chicago St.,5729757,76,69,410,0
2025-02-06,Iona,Mount St. Mary's,5728904,62,60,932,0
2025-02-06,Southern Ind.,Little Rock,5723187,61,75,943,0
2025-02-06,Indiana,Rutgers,5730131,81,60,10418,0
2025-02-06,Tennessee Tech,SIUE,5722986,80,54,935,0
2025-02-06,UT Martin,Lindenwood,5732117,59,62,1274,0
2025-02-06,Jacksonville,Central Ark.,5729094,65,76,250,0
2025-02-06,UMBC,New Hampshire,5728626,51,32,321,0
2025-02-06,Bellarmine,FGCU,5737879,57,74,345,0
2025-02-06,Tennessee,UConn,5735710,80,76,16215,0
2025-02-06,UAlbany,Bryant,5738290,48,43,949,0
2025-02-06,LIU,Wagner,5725985,80,79,109,0
2025-02-06,Auburn,Texas A&M,5723025,65,52,2891,0
2025-02-06,Milwaukee,Robert Morris,5723326,52,58,497,0
2025-02-06,Houston Christian,Southeastern La.,5729720,31,58,389,0
2025-02-06,Texas Southern,Bethune-Cookman,5729344,64,57,629,0
2025-02-06,Eastern Ky.,Stetson,5736726,77,70,363,0
2025-02-06,Green Bay,Youngstown St.,5723692,58,47,1902,0
2025-02-06,Florida,Alabama,5736695,66,84,1485,0
2025-02-06,Alcorn,Mississippi Val.,5737361,59,63,125,0
2025-02-06,Georgia Tech,SMU,5734339,70,69,1442,0
2025-02-06,Alabama St.,Southern U.,5736752,33,48,421,0
2025-02-06,Illinois,Northwestern,5733485,73,60,4591,0
2025-02-06,Alabama A&M,Grambling,5734707,70,58,1109,0
2025-02-06,Jackson St.,Ark.-Pine Bluff,5736499,76,60,498,0
2025-02-06,McNeese,East Texas A&M,5732083,51,67,2378,0
2025-02-06,Abilene Christian,Utah Tech,5732321,84,66,723,0
2025-02-06,ETSU,Western Caro.,5736836,77,64,381,0
2025-02-06,Duke,Clemson,5736708,74,55,2471,0
2025-02-06,Queens (NC),Austin Peay,5737681,52,43,385,0
2025-02-06,Prairie View,Florida A&M,5756670,48,65,176,0
2025-02-06,Providence,DePaul,5756742,76,63,795,0
2025-02-06,Purdue Fort Wayne,Oakland,5723799,75,46,514,0
2025-02-06,Saint Peter's,Siena,5732007,60,68,392,0
2025-02-06,Marist,Fairfield,5737150,49,80,790,0
2025-02-06,Virginia,Florida St.,5733837,68,101,4198,0
2025-02-06,Western Ky.,Kennesaw St.,5730546,78,57,804,0
2025-02-06,Middle Tenn.,Jacksonville St.,5723742,63,46,2806,0
2025-02-06,Nicholls,Northwestern St.,5730308,60,68,655,0
2025-02-06,Missouri,LSU,5733492,60,71,3943,0
2025-02-06,Sam Houston,FIU,5733642,66,54,510,0
2025-02-06,Louisiana Tech,Liberty,5722048,67,66,1258,0
2025-02-06,UT Arlington,Utah Valley,5731078,85,83,1124,0
2025-02-06,UIW,New Orleans,5730216,71,60,118,0
2025-02-06,SFA,UTRGV,5728422,87,67,1195,0
2025-02-06,Ole Miss,Oklahoma,5732346,56,66,2720,0
2025-02-06,Mississippi St.,Arkansas,5736794,78,55,6588,0
2025-02-06,Lamar University,A&M-Corpus Christi,5723658,63,57,781,0
2025-02-06,Louisville,California,5735787,70,63,7093,0
2025-02-06,South Dakota,Oral Roberts,5735577,62,88,1349,0
2025-02-06,Minnesota,Iowa,5733419,60,68,6721,0
2025-02-06,Nebraska,Michigan,5735123,60,78,5617,0
2025-02-06,Tarleton St.,Seattle U,5729830,77,46,712,0
2025-02-06,Southern Utah,California Baptist,5737209,66,69,455,0
2025-02-06,Notre Dame,Stanford,5734030,96,47,7528,0
2025-02-06,Pepperdine,San Francisco,5728971,48,72,160,0
2025-02-06,Montana St.,Northern Ariz.,5735227,73,66,2977,0
2025-02-06,Montana,Northern Colo.,5734906,70,64,2327,0
2025-02-06,UC Davis,Long Beach St.,5723470,71,57,433,0
2025-02-06,Santa Clara,Pacific,5733767,69,58,335,0
2025-02-06,Texas,Vanderbilt,5737118,87,66,7049,0
2025-02-06,UC Riverside,UC San Diego,5737379,49,72,803,0
2025-02-06,LMU (CA),Oregon St.,5731764,49,66,287,0
2025-02-06,Oregon,Maryland,5731619,61,79,5156,0
2025-02-06,San Diego,Portland,5734965,64,66,142,0
2025-02-06,Sacramento St.,Eastern Wash.,5723796,53,68,732,0
2025-02-06,Saint Mary's (CA),Gonzaga,5728939,58,69,344,0
2025-02-06,Cal St. Fullerton,CSUN,5730082,65,61,96,0
2025-02-06,UC Santa Barbara,CSU Bakersfield,5728541,51,40,478,0
2025-02-06,Portland St.,Idaho,5733714,62,66,359,0
2025-02-06,Hawaii,Cal Poly,5730374,67,43,1672,0
2025-02-05,Buffalo,Toledo,5722079,55,58,4906,0
2025-02-05,Temple,Memphis,5737340,74,66,3496,0
2025-02-05,Arkansas St.,Georgia St.,5730621,86,50,3891,0
2025-02-05,Winthrop,Charleston So.,5737991,54,47,387,0
2025-02-05,Massachusetts,St. Bonaventure,5737868,81,54,1001,0
2025-02-05,Akron,Western Mich.,5733541,64,70,291,0
2025-02-05,Penn St.,Washington,5734961,71,82,2035,0
2025-02-05,La Salle,Richmond,5737502,53,72,189,0
2025-02-05,Cincinnati,Iowa St.,5736410,52,72,1841,0
2025-02-05,Charlotte,Tulsa,5737518,53,81,595,0
2025-02-05,Central Mich.,Ohio,5732236,75,48,1061,0
2025-02-05,Ball St.,Bowling Green,5726026,71,51,2102,0
2025-02-05,Rhode Island,Duquesne,5737766,59,57,1046,0
2025-02-05,Creighton,Seton Hall,5734402,72,56,1153,0
2025-02-05,NIU,Kent St.,5733524,73,69,1401,0
2025-02-05,Louisiana,Marshall,5729048,92,88,313,0
2025-02-05,UAB,East Carolina,5737191,56,61,436,0
2025-02-05,Texas Tech,Utah,5734845,64,70,3986,0
2025-02-05,Lipscomb,West Ga.,5736722,92,75,154,0
2025-02-05,Troy,Old Dominion,5729014,83,80,2232,0
2025-02-05,Southern Miss.,Ga. Southern,5723015,42,49,1202,0
2025-02-05,West Virginia,Kansas,5735384,76,43,3258,0
2025-02-05,Xavier,Georgetown,5735683,36,63,1123,0
2025-02-05,Gardner-Webb,UNC Asheville,5735979,79,72,570,0
2025-02-05,High Point,Radford,5737178,48,65,687,0
2025-02-05,USC Upstate,Presbyterian,5737319,51,68,302,0
2025-02-05,Miami (OH),Eastern Mich.,5729156,68,45,384,0
2025-02-05,Wright St.,IU Indy,5723967,68,80,1106,0
2025-02-05,Davidson,Loyola Chicago,5809540,68,51,647,0
2025-02-05,George Mason,VCU,5756725,66,48,1216,0
2025-02-05,Saint Joseph's,Saint Louis,5738095,69,49,838,0
2025-02-05,Butler,Villanova,5734352,59,63,987,0
2025-02-05,Wichita St.,Fla. Atlantic,5738064,54,44,993,0
2025-02-05,Wisconsin,Southern California,5731674,64,86,6285,0
2025-02-05,ULM,App State,5729805,71,73,941,0
2025-02-05,Marquette,St. John's (NY),5736376,57,55,1479,0
2025-02-05,Kansas St.,TCU,5733360,59,50,7477,0
2025-02-05,Texas St.,Coastal Carolina,5730335,60,68,749,0
2025-02-05,North Dakota,South Dakota St.,5734645,45,66,1529,0
2025-02-05,Denver,Kansas City,5723941,65,73,351,0
2025-02-05,Houston,Baylor,5734010,47,92,1187,0
2025-02-05,St. Thomas (MN),Omaha,5733345,75,62,309,0
2025-02-05,South Alabama,James Madison,5723995,62,76,358,0
2025-02-05,Utah St.,UNLV,5738080,51,89,544,0
2025-02-05,Rice,Tulane,5756705,67,78,686,0
2025-02-05,Air Force,San Jose St.,5737341,78,54,580,0
2025-02-05,Colorado,Arizona,5736872,56,47,2748,0
2025-02-05,Fresno St.,San Diego St.,5734077,57,61,961,0
2025-02-05,BYU,UCF,5737068,73,66,2153,0
2025-02-05,UCLA,Ohio St.,5734746,65,52,6822,0
2025-02-05,Nevada,Boise St.,5735067,69,61,1362,0
2025-02-03,Norfolk St.,N.C. Central,5737256,88,52,1489,0
2025-02-03,UMES,Coppin St.,5736481,61,66,361,0
2025-02-03,Howard,South Carolina St.,5737831,68,41,831,0
2025-02-03,Delaware St.,Morgan St.,5734791,49,64,276,0
2025-02-03,Arkansas,Florida,5736687,78,108,2243,0
2025-02-03,NC State,Duke,5733780,89,83,5500,0
2025-02-03,Northern Ariz.,Weber St.,5723388,81,76,317,0
2025-02-03,Northern Colo.,Idaho St.,5736577,59,51,601,0
2025-02-04,Ark.-Pine Bluff,Texas Southern,5737957,65,75,648,0
2025-02-04,SIUE,Eastern Ill.,5729652,61,67,828,0
2025-02-04,George Washington,Fordham,5809688,69,59,645,0
2025-02-04,UTSA,North Texas,5738276,54,52,1418,0
2025-02-04,New Mexico,Colorado St.,5730764,63,69,4414,0
2023-11-06,SFA,Okla. Panhandle,3970199,118,46,3250,0
2023-11-06,Col. of Charleston,Pfeiffer,3970214,117,30,3267,0
2023-11-06,Chattanooga,King (TN),3970220,88,32,2405,0
2023-11-06,Georgia Tech,Coastal Carolina,3970219,83,53,4963,0
2023-11-06,Duke,Richmond,3970218,83,53,1864,0
2023-11-06,Ball St.,Tennessee Tech,3970228,97,64,4212,0
2023-11-06,Clemson,Winthrop,3970224,71,41,5234,0
2023-11-06,Kansas City,Bradley,3970221,73,66,1203,0
2023-11-06,McNeese,Dillard,3970217,76,47,3533,0
2023-11-06,Vanderbilt,Kennesaw St.,3970215,98,51,2943,0
2023-11-06,Ole Miss,Queens (NC),3970213,91,44,7196,0
2023-11-06,Iowa St.,Butler,3970225,82,55,9938,0
2023-11-06,Southern Miss.,William Carey,3970212,88,46,3566,0
2023-11-06,Samford,AUM,3970210,78,51,1621,0
2023-11-06,Southeastern La.,Millsaps,3970223,61,30,2107,0
2023-11-06,Missouri,Belmont,3970226,72,61,5336,0
2023-11-06,Nebraska,Northwestern St.,3953917,90,42,7065,0
2023-11-06,Utah Tech,La Verne,3970216,116,59,1900,0
2023-11-06,Oklahoma,Wichita St.,3970186,92,68,2133,0
2023-11-06,Marquette,UT Martin,3970227,84,51,3211,0
2023-11-06,South Carolina,Notre Dame,3970230,100,71,3203,1
2023-11-06,UC Davis,Academy of Art,3970222,102,52,2103,0
2023-11-06,Southern California,Ohio St.,3954389,83,74,7595,1
2023-11-06,George Mason,Bowie St.,3970231,96,45,673,0
2023-11-06,Liberty,Frostburg St.,3970233,68,46,797,0
2023-11-06,UAB,Alabama A&M,3970232,70,63,157,0
2023-11-06,Old Dominion,Lincoln (PA),3970342,72,50,1914,0
2023-11-06,Temple,Delaware St.,3970201,109,43,4601,0
2023-11-06,TCU,Oral Roberts,3970236,76,56,1622,0
2023-11-06,SMU,UC Riverside,3970203,78,55,541,0
2023-11-06,George Washington,Howard,3970245,64,58,253,0
2023-11-06,Wake Forest,Wofford,3970282,75,65,712,0
2023-11-06,William & Mary,Norfolk St.,3970253,64,66,3112,0
2023-11-06,Bryant,Dartmouth,3970252,70,52,562,0
2023-11-06,Vermont,Miami (OH),3970248,60,48,566,0
2023-11-06,Army West Point,NJIT,3970246,57,73,400,0
2023-11-06,Virginia Tech,High Point,3970244,94,55,6113,0
2023-11-06,Lehigh,East Stroudsburg,3970198,78,42,461,0
2023-11-06,Buffalo,Canisius,3970237,69,60,1229,0
2023-11-06,Boston College,Holy Cross,3970243,66,61,537,0
2023-11-06,Morgan St.,Washington Adventist,4470288,59,57,876,0
2023-11-06,Quinnipiac,Maine,3970257,70,57,603,0
2023-11-06,Campbell,N.C. Wesleyan,3970208,108,37,1091,0
2023-11-06,Florida,North Florida,3970197,82,65,1112,0
2023-11-06,Fordham,Adelphi,3970190,70,43,0,0
2023-11-06,Alabama,Alabama St.,3970187,93,39,1264,0
2023-11-06,Grand Canyon,Saint Mary's (CA),3970234,55,52,1557,0
2023-11-06,UTEP,Western N.M.,3970235,75,58,1007,0
2023-11-06,Utah,Mississippi Val.,3970240,104,45,3830,0
2023-11-06,Tulane,Stetson,3970238,68,57,1251,0
2023-11-06,Louisiana,Spring Hill,3970239,75,45,624,0
2023-11-06,Oklahoma St.,SIUE,3970241,100,59,1718,0
2023-11-06,South Alabama,Mobile,3970242,74,61,2153,0
2023-11-06,Little Rock,Missouri St.,3970250,47,52,2146,0
2023-11-06,Tennessee St.,Wilberforce,3970251,53,47,362,0
2023-11-06,Omaha,Illinois St.,3970254,59,105,512,0
2023-11-06,Western Ky.,Mercer,3970276,70,64,2240,0
2023-11-06,Middle Tenn.,Memphis,3970185,67,47,3505,0
2023-11-06,Stonehill,Northeastern,3970267,61,73,443,0
2023-11-06,Massachusetts,Saint Peter's,3970270,56,44,1024,0
2023-11-06,Boston U.,UMass Lowell,3970274,60,58,841,0
2023-11-06,Binghamton,Bloomsburg,3970275,72,59,738,0
2023-11-06,UCF,Bethune-Cookman,3970278,101,63,3225,0
2023-11-06,Cincinnati,Louisville,3970279,59,77,1725,0
2023-11-06,Florida St.,Charleston So.,3970284,99,63,1930,0
2023-11-06,New Hampshire,U New England,3970287,73,39,282,0
2023-11-06,South Dakota,Northern St.,3970259,85,57,2091,0
2023-11-06,North Ala.,Tenn. Southern,3970260,90,47,579,0
2023-11-06,App State,UNC Greensboro,3970288,71,65,669,0
2023-11-06,Georgia St.,Berry,3970195,78,41,697,0
2023-11-06,Stony Brook,Columbia,3970204,85,73,905,0
2023-11-06,Austin Peay,Trevecca Nazarene,3970191,59,75,1419,0
2023-11-06,Grambling,Champion Chris.,3970261,93,48,176,0
2023-11-06,Western Caro.,Agnes Scott,3970319,101,27,286,0
2023-11-06,St. John's (NY),LIU,3970317,81,44,386,0
2023-11-06,IU Indy,Eastern Ill.,3970321,77,72,501,0
2023-11-06,Fairfield,Lehman,3970322,101,14,976,0
2023-11-06,Saint Francis,Robert Morris,3970323,50,61,392,0
2023-11-06,South Fla.,UT Arlington,3970324,76,61,2033,0
2023-11-06,Maryland,Harvard,3954603,98,75,4891,0
2023-11-06,Air Force,Denver,3970194,65,63,579,0
2023-11-06,New Mexico,Texas Southern,3970273,76,59,5055,0
2023-11-06,UNI,Green Bay,3970188,78,67,3964,0
2023-11-06,Nicholls,North American,3970193,82,65,250,0
2023-11-06,East Texas A&M,LeTourneau,3970229,96,41,458,0
2023-11-06,Louisiana Tech,LSU-Alexandria,3970266,93,37,1144,0
2023-11-06,Lindenwood,Tulsa,3970271,80,89,372,0
2023-11-06,Loyola Chicago,UIC,3970272,51,67,508,0
2023-11-06,Abilene Christian,Nelson,3970277,77,52,200,0
2023-11-06,South Dakota St.,Arkansas St.,3970280,55,42,2029,0
2023-11-06,Creighton,North Dakota St.,3970286,75,52,1405,1
2023-11-06,Drake,St. Thomas (MN),3970313,94,69,2108,0
2023-11-06,Michigan,Purdue Fort Wayne,3954264,80,61,2389,0
2023-11-06,Rutgers,Monmouth,3728200,56,51,1403,0
2023-11-06,Eastern Mich.,Detroit Mercy,3970184,38,68,1426,0
2023-11-06,Akron,Oakland,3970192,87,91,797,0
2023-11-06,Elon,East Carolina,3970196,37,68,692,0
2023-11-06,Princeton,Duquesne,3970200,65,57,750,0
2023-11-06,Manhattan,Central Conn. St.,3970205,52,35,336,0
2023-11-06,Merrimack,UAlbany,3970206,55,58,681,0
2023-11-06,FIU,Fla. National,3970207,113,30,495,0
2023-11-06,Washington St.,Cal Poly,3970209,78,61,842,0
2023-11-06,Coppin St.,La Salle,3970297,68,73,541,0
2023-11-06,American,Longwood,3970300,81,68,644,0
2023-11-06,Brown,FGCU,3970301,58,80,648,0
2023-11-06,James Madison,East. Mennonite,3970304,104,31,2517,0
2023-11-06,Radford,Concord,3970305,77,53,829,0
2023-11-06,Eastern Ky.,Hanover,3970309,94,43,608,0
2023-11-06,Georgia,N.C. A&T,3970310,71,59,2116,0
2023-11-06,Towson,UMBC,3970312,76,72,585,0
2023-11-06,Georgetown,UMES,3970316,61,50,1503,0
2023-11-06,Northern Ky.,Indiana St.,3970320,82,85,945,0
2023-11-06,Iowa,FDU,3953880,102,46,14998,0
2023-11-06,LSU,Colorado,3970264,78,92,7595,1
2023-11-06,Colorado St.,Le Moyne,3970256,69,49,1357,0
2023-11-06,Northern Colo.,Hastings,3970258,86,56,683,0
2023-11-06,Kansas St.,Presbyterian,3970289,69,35,2868,0
2023-11-06,Mississippi St.,Alcorn,3970292,77,42,4452,0
2023-11-06,North Texas,UNT Dallas,3970295,117,42,1508,0
2023-11-06,Central Ark.,Hendrix,3970296,85,25,348,0
2023-11-06,Arizona St.,UTSA,3970283,70,55,821,0
2023-11-06,Tarleton St.,Howard Payne,3970315,106,38,1036,0
2023-11-06,Rice,Houston Christian,3970314,70,38,622,0
2023-11-06,Texas St.,Arlington Baptist,3970308,90,48,849,0
2023-11-06,Southern Ind.,Wright St.,3970307,67,63,653,0
2023-11-06,Western Ill.,Mt. Mercy,3970306,81,57,721,0
2023-11-06,Baylor,Southern U.,3970302,85,53,3570,0
2023-11-06,Auburn,Jacksonville St.,3970298,78,49,2232,0
2023-11-06,DePaul,Western Mich.,3970318,77,53,1111,0
2023-11-06,New Mexico St.,Arizona,3970268,57,68,1297,0
2023-11-06,Fresno St.,Fresno Pacific,3970255,70,42,4419,0
2023-11-06,UC San Diego,California Baptist,3970249,50,64,403,0
2023-11-06,Portland,San Diego St.,3970247,72,58,409,0
2023-11-06,Washington,Sacramento St.,3970293,76,28,1864,0
2023-11-06,Wyoming,North Dakota,3970291,77,60,2284,0
2023-11-06,Boise St.,Col. of Idaho,3970294,77,35,827,0
2023-11-06,Oregon St.,Ark.-Pine Bluff,3970202,85,74,3305,0
2023-11-06,San Diego,Chapman,3970262,92,38,202,0
2023-11-06,UCLA,Purdue,3954024,92,49,6783,0
2023-11-06,Oregon,Northern Ariz.,3970211,81,48,5430,0
2023-11-06,CSUN,Utah St.,3970265,79,64,386,0
2023-11-06,Montana,Gonzaga,3970303,70,83,2603,0
2023-11-06,Idaho,Walla Walla,3970269,92,50,333,0
2023-11-06,Utah Valley,Weber St.,3970325,56,55,2548,0
2023-11-06,San Jose St.,Santa Clara,3970281,47,55,733,0
2023-11-06,LMU (CA),UNLV,3970311,62,72,517,0
2023-11-06,California,CSU Bakersfield,3970326,89,56,1017,0
2023-11-07,UIW,Our Lady of the Lake,3970333,68,40,557,0
2023-11-07,Montana St.,BYU,3970332,60,68,5017,0
2023-11-07,A&M-Corpus Christi,St. Thomas (TX),3970334,79,41,1179,0
2023-11-07,Penn St.,Bucknell,3954316,94,51,1977,0
2023-11-07,Bowling Green,Cleveland St.,3970327,89,86,1813,0
2023-11-07,Rhode Island,Sacred Heart,3970328,91,40,1260,0
2023-11-07,VCU,Hofstra,3970340,72,44,470,0
2023-11-07,UNCW,Apprentice,3970336,78,42,718,0
2023-11-07,Tennessee,Florida A&M,3970343,93,64,7684,0
2023-11-07,Jacksonville,Warner,3970344,66,47,100,0
2023-11-07,Evansville,Lipscomb,3970338,58,77,592,0
2023-11-07,Jackson St.,LeMoyne-Owen,3970329,113,39,592,0
2023-11-07,Southern Ill.,Southeast Mo. St.,3970331,85,70,1017,0
2023-11-07,Pittsburgh,Yale,3970354,79,74,1199,0
2023-11-07,West Virginia,Loyola Maryland,3970353,74,39,1486,0
2023-11-07,Texas Tech,UTRGV,3970341,95,53,4140,0
2023-11-07,Illinois,Morehead St.,3954568,81,61,2680,0
2023-11-07,Syracuse,Lafayette,3970356,75,41,1162,0
2023-11-07,Saint Joseph's,Rider,3970355,71,49,650,0
2023-11-07,Furman,UNC Asheville,3970330,71,61,577,0
2023-11-07,Kentucky,ETSU,3970345,74,66,1139,0
2023-11-07,NC State,Charlotte,3970346,84,43,4496,0
2023-11-07,Davidson,USC Upstate,3970348,86,51,264,0
2023-11-07,Colgate,Cornell,3970349,71,60,353,0
2023-11-07,Providence,Hampton,3970350,76,46,812,0
2023-11-07,Seton Hall,Iona,3970352,75,32,757,0
2023-11-07,Wisconsin,Milwaukee,3954148,62,51,3120,0
2023-11-07,Arkansas,ULM,3970351,81,76,2630,0
2023-11-07,Pepperdine,UC Irvine,3970335,63,58,237,0
2023-11-07,UC Santa Barbara,San Francisco,3970347,87,75,428,0
2023-11-08,Oklahoma St.,New Orleans,3970364,74,66,3204,0
2023-11-08,Wichita St.,Presbyterian,3970358,60,41,2835,0
2023-11-08,UC San Diego,LIFE Pacific,3970464,88,32,581,0
2023-11-08,Drexel,Norfolk St.,3970359,49,51,628,0
2023-11-08,Ga. Southern,Allen,3970337,103,49,917,0
2023-11-08,Niagara,St. Bonaventure,3970400,75,51,588,0
2023-11-08,Youngstown St.,Xavier,3970431,55,41,1259,0
2023-11-08,Michigan St.,Oakland,3954415,87,62,2596,0
2023-11-08,Virginia,UMES,3970442,76,52,3797,0
2023-11-08,James Madison,Toledo,3970444,49,60,2381,0
2023-11-08,UMBC,Gettysburg,3970450,90,83,521,0
2023-11-08,North Carolina,Gardner-Webb,3970459,102,49,2212,0
2023-11-08,Tulane,Nicholls,3970395,66,69,594,0
2023-11-08,UConn,Dayton,3970461,102,58,9126,0
2023-11-08,Navy,Susquehanna,3970419,78,37,351,0
2023-11-08,Lamar University,Texas Col.,3970396,108,34,728,0
2023-11-08,TCU,Tex. A&M-Kingsville,3970434,86,48,1450,0
2023-11-08,Kansas,Northwestern St.,3970433,88,46,2954,0
2023-11-08,Minnesota,LIU,3954236,92,57,3141,0
2023-11-08,Colorado,Le Moyne,3970428,97,38,1893,0
2023-11-08,Texas,Southern U.,3970437,80,35,5106,0
2023-11-08,Omaha,St. Mary (NE),3970473,89,59,537,0
2023-11-08,Southern Utah,Eastern Wash.,3970361,77,86,740,0
2023-11-08,Long Beach St.,Biola,3970365,82,62,747,0
2023-11-08,Idaho,Cal Poly,3970403,55,65,186,0
2023-11-08,Idaho St.,Park (AZ),3970362,97,58,657,0
2023-11-08,Oregon,Ark.-Pine Bluff,3970430,86,60,5020,0
2023-11-08,California,Santa Clara,3970469,71,56,819,0
2023-11-08,Stanford,Hawaii,3970455,87,40,2535,0
2023-11-09,Miami (FL),Jacksonville,3970497,81,53,3851,0
2023-11-09,North Florida,Trinity Baptist,3970494,116,44,2200,0
2023-11-09,Middle Tenn.,Florida A&M,3970483,93,48,6000,0
2023-11-09,Arkansas St.,NIU,3970495,75,62,2685,0
2023-11-09,Oral Roberts,Friends,3970496,100,47,6358,0
2023-11-09,Louisiana Tech,La. Christian,3970498,88,52,3521,0
2023-11-09,La Salle,Maine,3970501,48,58,247,0
2023-11-09,Coppin St.,Campbell,3970502,55,68,462,0
2023-11-09,Chicago St.,Loyola Chicago,3970528,47,74,165,0
2023-11-09,Florida,Bethune-Cookman,3970489,83,69,943,0
2023-11-09,Florida St.,Tennessee,3970521,92,91,2898,0
2023-11-09,North Dakota St.,Jamestown,3970503,112,59,611,0
2023-11-09,Boston College,Harvard,3970519,59,66,617,0
2023-11-09,SIUE,Eastern Ky.,3970506,72,74,473,0
2023-11-09,East Carolina,USC Upstate,3970512,105,35,1353,0
2023-11-09,Binghamton,Siena,3970523,64,73,786,0
2023-11-09,UT Martin,Vanderbilt,3970482,68,70,1987,0
2023-11-09,Prairie View,Huston-Tillotson,3970508,102,62,234,0
2023-11-09,Ole Miss,Oklahoma,3970481,70,80,3070,0
2023-11-09,Texas A&M,A&M-Corpus Christi,3970484,73,50,3057,0
2023-11-09,Marist,Army West Point,3970535,76,68,1047,0
2023-11-09,Holy Cross,Brown,3970493,62,54,617,0
2023-11-09,Howard,Mount St. Mary's,3970541,58,39,654,0
2023-11-09,Delaware,Longwood,3970543,81,55,1115,0
2023-11-09,Indiana,Eastern Ill.,3954587,96,43,8380,0
2023-11-09,San Francisco,Stanislaus St.,3970500,92,70,806,0
2023-11-09,Temple,Georgetown,3970490,45,68,1117,0
2023-11-09,Northeastern,Massachusetts,3970532,78,74,441,0
2023-11-09,George Mason,Marshall,3970530,84,77,706,0
2023-11-09,Wofford,Erskine,3970529,85,47,789,0
2023-11-09,Rutgers,Wagner,3728201,86,43,1688,0
2023-11-09,Duke,Coastal Carolina,3971116,88,42,1027,0
2023-11-09,Western Caro.,Radford,3970540,49,67,428,0
2023-11-09,North Texas,Grambling,3970436,83,60,1645,0
2023-11-09,Mercer,Fla. Atlantic,3970488,70,62,934,0
2023-11-09,San Jose St.,Bellarmine,3970499,81,65,847,0
2023-11-09,Saint Louis,Drake,3970485,66,78,602,0
2023-11-09,Washington,N.C. Central,3995879,113,39,1481,0
2023-11-09,Abilene Christian,Rice,3970518,58,69,1040,0
2023-11-09,Auburn,Louisiana,3970526,60,54,2225,0
2023-11-09,LSU,Queens (NC),3970527,112,55,10371,0
2023-11-09,Virginia Tech,Iowa,3953881,76,80,15196,1
2023-11-09,UC Davis,Portland St.,3970504,62,71,432,0
2023-11-09,Northwestern,UIC,3954522,92,86,1623,0
2023-11-09,Wisconsin,Western Ill.,3954149,74,52,3058,0
2023-11-09,Memphis,Alabama St.,3970487,95,51,1444,0
2023-11-09,Missouri,Indiana St.,3970536,98,57,3800,0
2023-11-09,South Alabama,Central Mich.,3970537,77,55,415,0
2023-11-09,DePaul,Stonehill,3970538,99,52,849,0
2023-11-09,Colorado St.,Alabama A&M,3970525,83,39,1052,0
2023-11-09,CSUN,Seattle U,3970509,81,72,227,0
2023-11-09,Utah Tech,Jacksonville St.,3970534,73,58,592,0
2023-11-09,Utah,South Carolina St.,3970533,108,48,3935,1
2023-11-09,Pepperdine,New Mexico,3970510,48,57,113,0
2023-11-09,Nevada,Sacramento St.,3970524,69,53,1219,0
2023-11-09,Washington St.,Gonzaga,3970492,77,72,1587,0
2023-11-09,UCLA,UC Riverside,3970486,90,52,1431,0
2023-11-10,Arkansas,Murray St.,3970569,82,79,11026,0
2023-11-10,Lipscomb,Fairfield,3970570,66,89,267,0
2023-11-10,Nicholls,Southern-N.O.,3970572,94,52,1900,0
2023-11-10,Tulsa,New Orleans,3970573,86,61,2258,0
2023-11-10,Creighton,South Dakota,3970552,81,55,1539,0
2023-11-10,BYU,Weber St.,3970571,77,49,5705,0
2023-11-10,Charlotte,Tennessee St.,3970555,84,35,1056,0
2023-11-10,South Fla.,Stetson,3970624,67,55,1711,0
2023-11-10,Penn St.,Navy,3954317,107,44,2127,0
2023-11-10,Boston U.,New Hampshire,3970646,56,47,510,0
2023-11-10,N.C. A&T,Guilford,3970650,114,41,929,0
2023-11-10,Alabama,Winthrop,3970545,79,50,1234,0
2023-11-10,Delaware St.,Drexel,3970548,33,65,500,0
2023-11-10,East Texas A&M,UNT Dallas,3970551,80,56,257,0
2023-11-10,UT Arlington,Lamar University,3970652,57,74,1490,0
2023-11-10,Rhode Island,UMass Lowell,3970550,78,38,1317,0
2023-11-10,Manhattan,George Washington,3970559,49,55,437,0
2023-11-10,Georgia St.,Western Mich.,3970547,71,58,703,0
2023-11-10,North Ala.,Denver,3970695,51,67,1072,0
2023-11-10,Utah St.,Eastern Wash.,3970558,39,75,326,0
2023-11-10,Austin Peay,Chattanooga,3970557,52,57,571,0
2023-11-10,Fordham,UAlbany,3970546,66,63,347,0
2023-11-10,Kennesaw St.,Life (GA),3970757,62,45,185,0
2023-11-10,Clemson,Charleston So.,3970754,85,55,1116,0
2023-11-10,William & Mary,VCU,3970752,54,70,956,0
2023-11-10,Detroit Mercy,Chicago St.,3970750,83,48,480,0
2023-11-10,NJIT,Merrimack,3970748,48,45,345,0
2023-11-10,Syracuse,Central Conn. St.,3970744,101,53,1494,0
2023-11-10,Monmouth,St. John's (NY),3970742,74,69,921,0
2023-11-10,Columbia,Seton Hall,3970741,72,61,1011,0
2023-11-10,Providence,Vermont,3970738,57,47,777,0
2023-11-10,Belmont,Georgia,3970554,76,50,1203,0
2023-11-10,SFA,Liberty,3970553,81,84,1087,0
2023-11-10,Mississippi St.,Southeastern La.,3970723,67,46,4531,0
2023-11-10,UTRGV,FIU,3970725,64,65,635,0
2023-11-10,Arizona St.,Montana St.,3970705,75,62,1521,0
2023-11-10,Houston,Air Force,3970733,99,61,935,0
2023-11-10,UTSA,New Mexico St.,3970753,58,55,712,0
2023-11-10,Texas Tech,Tarleton St.,3970749,70,63,4514,0
2023-11-10,Arizona,Northern Ariz.,3970561,87,64,6909,0
2023-11-10,Southern Utah,Western Ky.,3970724,62,76,653,0
2023-11-10,Wyoming,Nebraska,3953919,52,71,3460,0
2023-11-10,Fresno St.,UC Merced,3970710,100,47,985,0
2023-11-10,Portland,Villanova,3970698,42,64,733,0
2023-11-10,San Diego St.,California Baptist,3970701,68,76,2333,0
2023-11-10,Pacific,Cal St. Fullerton,3970690,73,57,1002,0
2023-11-10,UNLV,Col. of Charleston,3970721,85,60,777,0
2023-11-10,Southern California,FGCU,3970556,67,51,4712,0
2023-11-11,ETSU,Lafayette,3970866,51,43,527,0
2023-11-11,La Salle,American,3970863,62,53,778,0
2023-11-11,UNC Greensboro,South Carolina St.,3970857,61,30,359,0
2023-11-11,Yale,Saint Joseph's,3970854,45,66,475,0
2023-11-11,Penn,Marist,3970855,74,51,563,0
2023-11-11,UMBC,Colgate,3970889,51,57,482,0
2023-11-11,Davidson,Wake Forest,3970885,57,52,933,0
2023-11-11,Green Bay,Illinois St.,3970853,88,62,1863,0
2023-11-11,Purdue Fort Wayne,Great Lake Christian,3970898,124,41,501,0
2023-11-11,Niagara,Duquesne,3970877,79,82,459,0
2023-11-11,Gardner-Webb,Elon,3970886,69,90,245,0
2023-11-11,Canisius,Saint Francis,3970882,78,62,649,0
2023-11-11,St. Bonaventure,Robert Morris,3970932,70,52,2500,0
2023-11-11,Stonehill,Lehigh,3970941,50,62,360,0
2023-11-11,App State,Ohio,3970935,71,64,575,0
2023-11-11,Pittsburgh,West Virginia,3970971,62,71,1505,0
2023-11-11,Little Rock,Kansas St.,3970900,39,77,756,0
2023-11-11,Georgia Tech,Furman,3970970,91,56,1538,0
2023-11-11,Presbyterian,Johnson C. Smith,3970966,76,40,150,0
2023-11-11,Eastern Ky.,Northern Ky.,3970957,86,75,674,0
2023-11-11,High Point,Lees-McRae,3970942,99,47,1360,0
2023-11-11,Le Moyne,Stony Brook,3970965,61,82,368,0
2023-11-11,Ga. Southern,Eastern Mich.,3970959,82,58,511,0
2023-11-11,Texas St.,Bowling Green,3970956,74,48,823,0
2023-11-11,Southern Miss.,Akron,3970936,77,60,1375,0
2023-11-11,Wofford,UNCW,3970995,74,49,428,0
2023-11-11,Samford,Central Ark.,3970811,65,62,306,0
2023-11-11,SMU,Alabama St.,3970805,96,47,549,0
2023-11-11,Southern Ill.,Cornell,3970812,77,80,680,0
2023-11-11,Marquette,Illinois,3954569,71,67,1428,0
2023-11-11,Sam Houston,Houston Christian,3970978,67,65,533,0
2023-11-11,San Jose St.,Cal Poly,3970802,61,56,573,0
2023-11-11,Southeast Mo. St.,Stephens College,3970974,82,60,270,0
2023-11-11,St. Thomas (MN),UW-River Falls,3970993,101,62,491,0
2023-11-11,Santa Clara,Hawaii,3970891,62,51,263,0
2023-11-11,Old Dominion,Buffalo,3971033,59,48,2024,0
2023-11-11,Troy,Ball St.,3970796,71,86,2126,0
2023-11-11,San Diego,Portland St.,3970976,71,43,327,0
2023-11-11,UC Irvine,Seattle U,3970945,74,43,647,0
2023-11-11,UTEP,Kansas City,3970806,62,60,1093,0
2023-11-11,Kentucky,USC Upstate,3970793,82,54,1465,0
2023-11-11,UMES,Washington Adventist,3971101,91,71,186,0
2023-11-11,Youngstown St.,Slippery Rock,3971099,78,32,1612,0
2023-11-11,Temple,Bucknell,3970803,77,53,1101,0
2023-11-11,Xavier,James Madison,3971117,54,81,550,0
2023-11-11,North Dakota,Grand Canyon,3971104,61,73,1423,0
2023-11-11,ULM,Miami (OH),3971114,78,62,909,0
2023-11-11,Pepperdine,Caltech,3971079,79,42,102,0
2023-11-12,Dayton,Lindenwood,3971149,91,73,1762,0
2023-11-12,Longwood,Chowan,3971130,88,59,607,0
2023-11-12,Ohio St.,IU Indy,3954624,108,58,4933,0
2023-11-12,Army West Point,FDU,3971169,71,63,596,0
2023-11-12,William & Mary,George Mason,3971170,72,77,962,0
2023-11-12,South Carolina,Maryland,3954605,114,76,16007,0
2023-11-12,Maine,Massachusetts,3971158,69,48,993,0
2023-11-12,Dartmouth,Siena,3971137,49,56,453,0
2023-11-12,Seton Hall,Bryant,3971167,73,45,565,0
2023-11-12,Minnesota,Chicago St.,3954237,100,42,2856,0
2023-11-12,Middle Tenn.,Princeton,3971127,60,65,3015,0
2023-11-12,Western Ill.,NIU,3971159,95,62,677,0
2023-11-12,Southern Ind.,Oakland City,3971160,86,38,713,0
2023-11-12,Vanderbilt,Fairfield,3971164,73,70,1886,0
2023-11-12,UIW,New Mexico St.,3971166,52,59,103,0
2023-11-12,TCU,Rice,3971171,67,42,1788,0
2023-11-12,SIUE,Evansville,3971172,91,83,448,0
2023-11-12,Michigan St.,Wright St.,3954417,99,55,3137,0
2023-11-12,Harvard,Quinnipiac,3971185,85,41,892,0
2023-11-12,Virginia,Campbell,3971187,74,49,3965,0
2023-11-12,Radford,Norfolk St.,3971192,46,70,808,0
2023-11-12,Hofstra,Wagner,3971196,51,48,407,0
2023-11-12,Richmond,Delaware St.,3971201,105,44,909,0
2023-11-12,UNC Asheville,Tennessee St.,3971204,53,38,341,0
2023-11-12,Chattanooga,Marshall,3971205,74,79,1283,0
2023-11-12,Georgetown,Brown,3971206,43,45,417,0
2023-11-12,Miami (FL),Fordham,3971208,78,39,2515,0
2023-11-12,Boston College,Northeastern,3971210,67,58,817,0
2023-11-12,NJIT,Notre Dame,3971213,57,104,1631,0
2023-11-12,Clemson,Mercer,3971217,90,66,822,0
2023-11-12,Morgan St.,Sacred Heart,3970813,55,63,590,0
2023-11-12,Drake,Iowa St.,3971199,85,73,4203,0
2023-11-12,Loyola Chicago,Cleveland St.,3971200,66,74,406,0
2023-11-12,NC State,UConn,3971223,92,81,5500,0
2023-11-12,UNI,Iowa,3953882,53,94,6790,0
2023-11-12,Oklahoma,Oral Roberts,3971128,103,74,2584,0
2023-11-12,Texas A&M,North Texas,3971129,74,55,3094,0
2023-11-12,Northwestern,Omaha,3954523,87,69,1566,0
2023-11-12,Milwaukee,UIC,3971181,70,73,617,0
2023-11-12,Bradley,Central Mich.,3971182,65,62,447,0
2023-11-12,LSU,Mississippi Val.,3971183,109,47,10720,0
2023-11-12,Texas,Liberty,3971184,75,57,5189,0
2023-11-12,Tulsa,Northwestern St.,3971219,65,53,1003,0
2023-11-12,Mississippi St.,Jacksonville St.,3971207,84,45,4354,0
2023-11-12,Alabama,Morehead St.,3971190,85,44,2033,0
2023-11-12,Eastern Ill.,Valparaiso,3971198,75,62,545,0
2023-11-12,Oregon St.,Villanova,3971212,63,56,3775,0
2023-11-12,Saint Mary's (CA),UC San Diego,3971161,61,58,403,0
2023-11-12,Long Beach St.,Nevada,3971163,79,57,1050,0
2023-11-12,Louisville,DePaul,3971240,81,74,7456,0
2023-11-12,Purdue,Southern U.,4471123,67,50,5002,0
2023-11-12,McNeese,Prairie View,3971230,70,85,1695,0
2023-11-12,Saint Louis,Missouri,3971132,93,85,2276,0
2023-11-12,Arizona,LMU (CA),3971215,70,54,6784,0
2023-11-12,New Mexico,Tarleton St.,3971202,64,55,4626,0
2023-11-12,New Hampshire,Howard,3971245,59,51,194,0
2023-11-12,Rutgers,Auburn,3728202,56,76,1619,0
2023-11-12,Sacramento St.,Cal St. Fullerton,3971188,51,61,415,0
2023-11-12,Butler,Detroit Mercy,3971134,68,61,1162,0
2023-11-12,Pacific,CSU Bakersfield,3971191,67,54,642,0
2023-11-12,Loyola Maryland,Binghamton,3971246,77,73,382,0
2023-11-12,Rider,Merrimack,3971247,61,47,518,0
2023-11-12,Louisiana,Kent St.,3971237,55,64,572,0
2023-11-12,Stanford,Indiana,3954588,96,64,3678,0
2023-11-12,UCLA,Bellarmine,3971135,113,64,1625,0
2023-11-12,Gonzaga,Toledo,3971186,91,70,4843,0
2023-11-12,Washington St.,Idaho St.,3971138,64,47,924,0
2023-11-12,Colorado,Oklahoma St.,3971175,86,75,3931,0
2023-11-12,North Carolina,Davidson,3971250,74,70,2336,0
2023-11-12,Iona,LIU,3971244,80,59,783,0
2023-11-13,California,Cal Poly,3971253,74,60,617,0
2023-11-13,A&M-Corpus Christi,Schreiner,3971252,92,40,682,0
2023-11-13,UCF,Anderson (SC),3971265,96,73,740,0
2023-11-13,Penn St.,Kansas,3954319,91,85,1938,0
2023-11-13,Tennessee,Memphis,3971274,84,74,7729,0
2023-11-13,North Florida,Fla. Atlantic,3971277,75,84,599,0
2023-11-13,Saint Francis,Coppin St.,3971254,34,70,371,0
2023-11-13,Georgia,Ga. Southern,3971280,85,59,2109,0
2023-11-13,Texas Tech,Lamar University,3971271,61,44,3678,0
2023-11-13,Holy Cross,UMass Lowell,3971255,51,41,461,0
2023-11-13,UAB,Western Caro.,3971268,81,56,125,0
2023-11-13,South Fla.,Grambling,3971286,83,57,2061,0
2023-11-13,Saint Peter's,Central Conn. St.,3971283,61,57,385,0
2023-11-13,Western Ky.,Cornell,3971275,62,56,1032,0
2023-11-13,UAlbany,Sarah Lawrence,3971139,118,27,513,0
2023-11-13,Florida,Florida A&M,4471194,92,54,1137,0
2023-11-13,Southern California,Le Moyne,3971258,93,42,1009,0
2023-11-13,Boise St.,Weber St.,3971276,76,47,765,0
2023-11-13,San Diego St.,UC Davis,3971270,77,68,1111,0
2023-11-13,Arizona St.,San Francisco,3971285,77,69,1397,0
2023-11-14,UNC Greensboro,Pfeiffer,3971302,93,25,1203,0
2023-11-14,Texas Southern,North American,3971304,109,67,883,0
2023-11-14,Murray St.,Cumberland (TN),3971303,121,63,2317,0
2023-11-14,SMU,Nicholls,3971299,69,54,4548,0
2023-11-14,LSU,Kent St.,3971301,109,79,9117,0
2023-11-14,Queens (NC),JWU (Charlotte),3971308,101,51,224,0
2023-11-14,Wright St.,Mt. Vernon Naz.,3971309,88,64,1026,0
2023-11-14,Howard,Duquesne,3971332,51,65,2431,0
2023-11-14,Buffalo,Niagara,3971339,92,75,1376,0
2023-11-14,Columbia,Duke,3971365,62,66,2027,0
2023-11-14,Chicago St.,Ball St.,3971292,56,85,171,0
2023-11-14,Boston U.,Yale,3971366,60,53,605,0
2023-11-14,Charleston So.,Furman,3971368,68,71,208,0
2023-11-14,Penn,Saint Joseph's,3971290,49,77,273,0
2023-11-14,VCU,East Carolina,3971369,55,50,549,0
2023-11-14,Winthrop,Erskine,3971349,84,43,185,0
2023-11-14,Maine,Rhode Island,3971348,59,48,930,0
2023-11-14,Stonehill,Bryant,3971345,49,69,118,0
2023-11-14,Kentucky,Austin Peay,3971346,63,68,936,0
2023-11-14,Troy,Samford,3971293,61,65,1721,0
2023-11-14,Charlotte,UNC Asheville,3971297,67,51,722,0
2023-11-14,Georgia St.,Kennesaw St.,3971295,62,52,813,0
2023-11-14,Old Dominion,Xavier,3971382,55,43,2096,0
2023-11-14,Houston Christian,St. Thomas (TX),3971367,79,49,301,0
2023-11-14,Lipscomb,Morehead St.,3971352,77,73,123,0
2023-11-14,Tulane,Prairie View,3971341,71,46,588,0
2023-11-14,Delaware,Lehigh,3971420,77,78,1124,0
2023-11-14,FGCU,FIU,3971422,81,48,1504,0
2023-11-14,USC Upstate,Lees-McRae,3971391,72,44,256,0
2023-11-14,Wofford,N.C. Central,3971390,82,52,512,0
2023-11-14,High Point,Stetson,3971389,59,54,1360,0
2023-11-14,Dartmouth,Keene St.,3971298,65,41,363,0
2023-11-14,Central Mich.,Concordia (MI),3971296,80,57,1061,0
2023-11-14,Michigan,Oakland,3954265,80,39,2307,0
2023-11-14,Southeastern La.,Southern-N.O.,3971372,90,30,921,0
2023-11-14,Central Ark.,UT Martin,3971383,56,45,0,0
2023-11-14,Wisconsin,South Dakota St.,3954150,66,64,2913,0
2023-11-14,Baylor,Utah,3971291,84,77,4808,1
2023-11-14,South Dakota,Northern Colo.,3971411,72,59,1539,0
2023-11-14,Oral Roberts,Mid-Amer. Christian,3971407,94,72,2513,0
2023-11-14,Denver,Wyoming,3971357,41,58,615,0
2023-11-14,Nebraska,Alcorn,3953920,79,32,3917,0
2023-11-14,Missouri,North Ala.,3971409,83,72,3667,0
2023-11-14,Houston,Sam Houston,3971398,106,65,964,0
2023-11-14,Texas,UT Arlington,3971388,110,64,5016,0
2023-11-14,South Alabama,Tougaloo,3971413,93,57,302,0
2023-11-14,Kansas City,Utah St.,3971414,60,62,462,0
2023-11-14,Arkansas,Little Rock,3971408,77,36,2608,0
2023-11-14,Arizona,San Diego,3971300,79,66,6727,0
2023-11-14,Air Force,Regis (CO),3971380,78,68,225,0
2023-11-14,Santa Clara,CSUN,3971358,71,39,198,0
2023-11-14,Montana St.,San Jose St.,3971399,62,49,1401,0
2023-11-14,Montana,Washington St.,3971392,49,61,2359,0
2023-11-14,UTEP,Tex. A&M-Kingsville,3971418,63,55,939,0
2023-11-14,BYU,Utah Valley,3971353,59,44,1690,0
2023-11-14,Portland St.,Warner Pacific,3971361,74,62,398,0
2023-11-14,Seattle U,Portland,3971289,61,89,342,0
2023-11-14,Saint Mary's (CA),UC Irvine,3971378,52,37,311,0
2023-11-14,UNLV,Utah Tech,3971377,100,67,803,0
2023-11-15,Indiana St.,Ill. Springfield,3971443,69,71,2311,0
2023-11-15,Robert Morris,Akron,3971448,58,63,510,0
2023-11-15,North Carolina,Hampton,3971446,62,32,3144,0
2023-11-15,Gardner-Webb,Richmond,3971444,53,80,2167,0
2023-11-15,Cincinnati,Lindenwood,3971449,81,62,4673,0
2023-11-15,Bucknell,FDU,3971434,49,44,1267,0
2023-11-15,Oklahoma,Alabama St.,3971442,92,46,8939,0
2023-11-15,Hofstra,Delaware St.,3971452,66,53,1462,0
2023-11-15,Radford,ETSU,3971451,45,49,3000,0
2023-11-15,Illinois,Saint Peter's,3954570,103,33,11563,0
2023-11-15,Illinois St.,SIUE,3971445,90,86,7581,0
2023-11-15,Mississippi St.,New Orleans,3971447,87,26,6427,0
2023-11-15,TCU,UIW,3971454,61,55,4754,0
2023-11-15,George Mason,Pittsburgh,3971459,60,52,1181,0
2023-11-15,Bethune-Cookman,Iona,3971523,74,72,555,0
2023-11-15,UMES,Stony Brook,3971503,63,76,186,0
2023-11-15,Lafayette,Marist,3971539,76,84,284,0
2023-11-15,George Washington,American,3971439,69,59,422,0
2023-11-15,Wake Forest,N.C. A&T,3971547,51,56,943,0
2023-11-15,Drexel,La Salle,3971432,71,46,529,0
2023-11-15,South Carolina St.,Coastal Carolina,3971564,61,73,312,0
2023-11-15,Presbyterian,Columbia Int'l,3971562,95,43,237,0
2023-11-15,Virginia,William & Mary,3971578,80,51,3588,0
2023-11-15,James Madison,Longwood,3971583,84,50,2185,0
2023-11-15,UMBC,Loyola Maryland,3971591,48,49,718,0
2023-11-15,Monmouth,Sacred Heart,3971598,50,59,577,0
2023-11-15,Notre Dame,Northwestern,3954524,110,52,7065,0
2023-11-15,Navy,Mount St. Mary's,3971600,59,67,302,0
2023-11-15,Tennessee Tech,Chattanooga,3971545,45,70,2428,0
2023-11-15,Evansville,Eastern Ky.,3971535,75,77,323,0
2023-11-15,Southern Ill.,Purdue Fort Wayne,3971441,64,70,600,0
2023-11-15,Jackson St.,Tougaloo,3971436,105,47,721,0
2023-11-15,Syracuse,Coppin St.,3971603,80,47,1085,0
2023-11-15,NJIT,Rider,3971607,70,57,240,0
2023-11-15,IU Indy,Marquette,3971608,58,92,439,0
2023-11-15,Seton Hall,Rutgers,3728203,82,63,822,0
2023-11-15,Brown,Providence,3971572,61,56,214,0
2023-11-15,NC State,Elon,3971576,90,35,4402,0
2023-11-15,Vanderbilt,Western Ky.,3971560,77,74,1642,0
2023-11-15,Belmont,Wichita St.,3971438,75,67,775,0
2023-11-15,Ole Miss,Temple,3971429,80,63,2335,0
2023-11-15,A&M-Corpus Christi,UTSA,3971592,59,66,779,0
2023-11-15,Saint Louis,Missouri St.,3971433,79,67,923,0
2023-11-15,Northern Ariz.,Benedictine Mesa,3971091,91,37,473,0
2023-11-15,Minnesota,North Dakota St.,3954239,75,53,2816,0
2023-11-15,North Dakota,Concordia-M'head,3971580,80,47,1374,0
2023-11-15,Fresno St.,Pepperdine,3971475,74,55,3433,0
2023-11-15,Western Ill.,Hannibal-La Grange,3971584,101,23,521,0
2023-11-15,Boise St.,UC Riverside,3971563,63,55,689,0
2023-11-15,Colorado St.,New Hampshire,3971561,67,45,1040,0
2023-11-15,Southern Utah,Alas. Fairbanks,3971437,72,58,303,0
2023-11-15,California Baptist,Long Beach St.,3971550,82,71,590,0
2023-11-15,Gonzaga,North Florida,3971431,83,55,4845,0
2023-11-15,Idaho St.,UC Santa Barbara,3971619,70,64,823,0
2023-11-15,New Mexico,East Texas A&M,3971435,75,74,4718,0
2023-11-15,UC San Diego,La Sierra,3971284,94,40,131,0
2023-11-15,Washington,Pacific,3971440,81,64,1420,0
2023-11-16,Norfolk St.,App State,3971625,67,53,2157,0
2023-11-16,UNCW,Western Caro.,3971627,43,54,3370,0
2023-11-16,Abilene Christian,Angelo St.,3971628,65,57,1230,0
2023-11-16,Portland,Warner Pacific,3971629,86,49,877,0
2023-11-16,Milwaukee,ULM,3971631,67,73,127,1
2023-11-16,Youngstown St.,Western Mich.,3971633,52,54,1182,0
2023-11-16,Morgan St.,Notre Dame (MD),3971623,75,32,785,0
2023-11-16,Virginia Tech,Houston Christian,3971656,105,36,4226,0
2023-11-16,Massachusetts,Harvard,3971648,57,78,984,0
2023-11-16,UConn,Maryland,3954604,80,48,10299,0
2023-11-16,Prairie View,North American,3971641,101,44,324,0
2023-11-16,Jacksonville,Ga. Southern,3971661,61,59,378,0
2023-11-16,Michigan St.,Detroit Mercy,4470221,105,44,2936,0
2023-11-16,St. Bonaventure,UAlbany,3971666,56,66,130,0
2023-11-16,Grambling,Arizona St.,3971657,70,67,521,0
2023-11-16,Bradley,Loyola Chicago,3971660,62,67,435,0
2023-11-16,Duke,Davidson,3971683,62,69,1083,0
2023-11-16,Columbia,Towson,3971682,80,57,524,0
2023-11-16,Purdue,Texas A&M,3954025,72,58,5223,0
2023-11-16,St. John's (NY),Penn St.,3954320,53,69,396,0
2023-11-16,Ohio St.,Boston College,3954625,88,66,4523,0
2023-11-16,Fordham,Manhattan,3971621,44,58,0,0
2023-11-16,Mercer,Georgia,3971622,57,77,2372,0
2023-11-16,Colgate,Canisius,3971651,61,55,262,0
2023-11-16,Ohio,Dayton,3971686,67,61,704,0
2023-11-16,Creighton,Green Bay,3971655,53,65,1027,0
2023-11-16,Louisville,Bellarmine,3971684,111,33,7486,0
2023-11-16,South Carolina,Clemson,3971680,109,40,16820,0
2023-11-16,Lamar University,LSU-Alexandria,3971645,72,48,543,0
2023-11-16,Alabama,South Fla.,3971647,70,41,1925,0
2023-11-16,SFA,North Texas,3971662,55,78,1126,0
2023-11-16,Northeastern,Merrimack,3971688,58,47,231,0
2023-11-16,Southern Ind.,NIU,3971673,66,60,503,0
2023-11-16,McNeese,Mississippi Val.,3971681,82,85,1698,1
2023-11-16,Rice,Georgia Tech,3971678,75,78,1088,0
2023-11-16,Iowa,Kansas St.,3953883,58,65,14998,0
2023-11-16,Eastern Wash.,Corban,3971620,72,47,586,0
2023-11-16,Grand Canyon,Oregon,3971665,56,64,2136,0
2023-11-16,LMU (CA),Biola,3971650,66,36,248,0
2023-11-16,Stanford,Cal Poly,3971677,86,32,2554,0
2023-11-17,Old Dominion,Texas Southern,3971705,57,38,2552,0
2023-11-17,Queens (NC),USC Upstate,3971706,61,51,86,0
2023-11-17,Omaha,Northern Colo.,3971708,70,82,5539,0
2023-11-17,UCLA,Princeton,3971692,77,74,6243,0
2023-11-17,Florida,Florida St.,3971693,75,79,1518,0
2023-11-17,Quinnipiac,Vermont,3971719,53,58,303,0
2023-11-17,Miami (FL),Southern U.,3971736,61,57,2188,0
2023-11-17,ULM,Mississippi Val.,3971723,73,62,150,1
2023-11-17,Idaho,Cal St. Fullerton,3971702,56,48,100,1
2023-11-17,N.C. Central,Mid-Atlantic Christ.,3971765,132,22,475,0
2023-11-17,Texas St.,UTRGV,3971732,66,63,1801,0
2023-11-17,Bryant,Central Conn. St.,3971697,72,69,253,0
2023-11-17,Buffalo,Stonehill,3971769,60,39,1276,0
2023-11-17,Lehigh,Yale,3971783,90,75,494,0
2023-11-17,Charleston So.,Col. of Charleston,3971782,60,70,721,0
2023-11-17,Charlotte,Gardner-Webb,3971694,93,43,635,0
2023-11-17,Tennessee St.,Lipscomb,3971761,43,74,336,0
2023-11-17,Texas Tech,East Texas A&M,3971786,91,45,4802,0
2023-11-17,Brown,Rhode Island,3971806,56,67,367,0
2023-11-17,Georgetown,FDU,3971816,60,45,283,0
2023-11-17,Indiana,Murray St.,3954589,112,79,8432,0
2023-11-17,Oakland,Cleary,3971819,110,51,381,0
2023-11-17,High Point,Wofford,3971807,80,64,937,0
2023-11-17,Sam Houston,Schreiner,3971796,96,43,416,0
2023-11-17,Hawaii,San Francisco,3971691,65,51,1355,1
2023-11-17,Jacksonville St.,Alabama Huntsville,3971794,67,53,1017,0
2023-11-17,Auburn,California,3971803,53,67,2559,0
2023-11-17,McNeese,Milwaukee,3971815,67,88,1669,1
2023-11-17,Utah St.,Weber St.,3971698,72,62,448,0
2023-11-17,Fla. Atlantic,Chicago St.,3971701,80,57,492,0
2023-11-17,Arkansas St.,Arkansas,3971801,67,82,3208,0
2023-11-17,Southeastern La.,LSU,3972274,50,73,7500,0
2023-11-17,UIC,Southeast Mo. St.,3971695,87,74,1204,0
2023-11-17,Oregon St.,UC Davis,3971696,86,48,3836,0
2023-11-17,Air Force,Army West Point,3971814,83,61,776,0
2023-11-17,Nevada,Pepperdine,3971795,64,41,1022,0
2023-11-18,Morgan St.,Davidson,3971858,48,62,89,0
2023-11-18,Ball St.,UNI,3971853,75,64,1432,0
2023-11-18,Rutgers,Saint Francis,3728204,80,51,1709,0
2023-11-18,Ole Miss,Howard,3971899,67,54,284,1
2023-11-18,Dayton,Detroit Mercy,3971892,60,76,1586,0
2023-11-18,UMass Lowell,Le Moyne,3971847,61,63,252,0
2023-11-18,Notre Dame,Illinois,3954571,79,68,1562,1
2023-11-18,NJIT,Wagner,3971951,80,36,272,0
2023-11-18,Indiana St.,Wright St.,3971904,63,72,1142,0
2023-11-18,FIU,Coppin St.,3971854,66,70,405,0
2023-11-18,Binghamton,St. Bonaventure,3971895,73,65,2164,0
2023-11-18,Miami (OH),Western Ky.,3971961,43,63,357,0
2023-11-18,Milwaukee,Mississippi Val.,3971976,67,61,150,1
2023-11-18,California Baptist,UTEP,3971885,90,87,314,0
2023-11-18,Northern Ky.,Marshall,3972031,76,66,1194,0
2023-11-18,Furman,Coastal Carolina,3972053,72,78,227,0
2023-11-18,South Carolina St.,Winthrop,3972050,45,54,150,0
2023-11-18,LIU,Lafayette,3972049,51,54,175,0
2023-11-18,Campbell,Western Caro.,3972044,70,52,1294,0
2023-11-18,Rider,Boston U.,3972042,58,55,686,0
2023-11-18,Xavier,Bowling Green,3972029,64,73,513,0
2023-11-18,Cleveland St.,Central Mich.,3972026,96,57,319,0
2023-11-18,UMES,George Washington,3972025,62,59,183,0
2023-11-18,Morehead St.,Midway,3972018,103,51,625,0
2023-11-18,Radford,UNC Greensboro,3972010,60,63,653,0
2023-11-18,Duquesne,Pittsburgh,3972008,56,55,2555,0
2023-11-18,Valparaiso,Western Ill.,3971933,54,76,277,0
2023-11-18,UT Martin,South Dakota St.,3971906,38,55,1102,0
2023-11-18,Oregon,Santa Clara,3971897,50,89,5207,0
2023-11-18,North Carolina,Elon,3972082,68,39,2566,0
2023-11-18,George Mason,Robert Morris,3972073,83,63,915,0
2023-11-18,Stetson,Iona,3972112,71,62,247,0
2023-11-18,Louisiana,Nicholls,3971993,69,63,808,0
2023-11-18,UT Arlington,UTSA,3972040,66,70,832,0
2023-11-18,Chattanooga,UVA Wise,3972083,75,62,1214,0
2023-11-18,Alabama A&M,Tennessee Tech,3972030,62,56,463,0
2023-11-18,CSUN,Hope Int'l,3971888,60,64,185,0
2023-11-18,St. Thomas (MN),Utah Valley,3972063,70,62,315,0
2023-11-18,Eastern Mich.,SIUE,3971840,68,65,2985,0
2023-11-18,New Mexico St.,Portland St.,3971995,57,38,616,0
2023-11-18,Washington,Seattle U,3971852,80,64,2560,0
2023-11-18,Kansas City,Kansas,3972102,61,70,867,1
2023-11-18,Arizona,Memphis,3971874,90,67,247,1
2023-11-18,Butler,Austin Peay,3971848,53,47,1087,0
2023-11-18,UNLV,New Hampshire,3971998,93,30,724,0
2023-11-18,Gonzaga,Wyoming,3971999,80,64,5059,0
2023-11-18,Sacramento St.,San Diego St.,3972002,45,68,316,0
2023-11-18,Mount St. Mary's,Cornell,3972131,47,52,1163,0
2023-11-18,Michigan,Middle Tenn.,3954266,63,49,393,1
2023-11-18,McNeese,ULM,3972117,53,87,1702,1
2023-11-18,Ark.-Pine Bluff,Tex. A&M-Texarkana,4471863,118,51,658,0
2023-11-18,North Ala.,Southern Miss.,3972132,63,91,1332,0
2023-11-18,Richmond,American,3972149,76,44,410,0
2023-11-18,Samford,Alabama St.,3971857,69,47,303,0
2023-11-18,Chaminade,Saint Louis,3972157,63,109,157,1
2023-11-18,DePaul,South Dakota,3972159,71,83,422,1
2023-11-18,Oral Roberts,Tulsa,3972165,93,87,2992,0
2023-11-18,SMU,Colorado,3972172,69,84,1749,0
2023-11-18,UC Riverside,Antelope Valley,3972153,69,47,117,0
2023-11-18,Eastern Ky.,UAB,3972176,68,64,1613,1
2023-11-18,BYU,Wake Forest,3972126,67,44,157,1
2023-11-18,CSU Bakersfield,Fresno St.,3972162,65,63,720,0
2023-11-18,Alas. Anchorage,Utah,3972168,57,101,3711,1
2023-11-19,Maryland,Syracuse,3954606,83,81,7090,0
2023-11-19,Ole Miss,Arizona,3984848,56,47,207,1
2023-11-19,Michigan St.,Evansville,3954418,105,49,3107,0
2023-11-19,Niagara,Stonehill,3972211,71,69,397,0
2023-11-19,Vermont,Saint Rose,3972216,60,44,653,0
2023-11-19,Stony Brook,Holy Cross,3972187,68,55,839,0
2023-11-19,North Dakota,Montana St.,3972204,53,60,1169,0
2023-11-19,Marquette,Saint Peter's,3972215,96,36,1032,0
2023-11-19,Baylor,Harvard,3972203,81,71,3812,0
2023-11-19,Southern Ill.,North Texas,3972191,73,79,500,0
2023-11-19,UIC,IU Indy,3972186,79,49,948,0
2023-11-19,Nebraska,Creighton,3953921,74,79,6604,0
2023-11-19,Hampton,Norfolk St.,3972241,45,59,1316,0
2023-11-19,South Fla.,North Florida,3972256,56,55,4534,0
2023-11-19,FGCU,Kentucky,3972255,59,48,1863,0
2023-11-19,N.C. Central,JWU (Charlotte),3972254,83,50,379,0
2023-11-19,Florida St.,South Alabama,3972252,80,45,1889,0
2023-11-19,N.C. A&T,Liberty,3972251,56,47,612,0
2023-11-19,Sacred Heart,Hofstra,3972250,63,60,683,0
2023-11-19,Villanova,Temple,3972248,90,62,2185,0
2023-11-19,St. John's (NY),Manhattan,3972246,67,47,324,0
2023-11-19,Monmouth,Massachusetts,3972245,74,62,601,0
2023-11-19,Georgia Tech,Kennesaw St.,3972244,77,38,1957,0
2023-11-19,Tennessee,Troy,3972243,100,73,7782,0
2023-11-19,Providence,Boston College,3972240,56,71,847,0
2023-11-19,James Madison,VCU,3972231,78,65,3089,0
2023-11-19,Virginia,Oklahoma,3972229,67,82,4198,0
2023-11-19,NC State,Rhode Island,3972227,67,58,5023,0
2023-11-19,Siena,Penn,3972225,79,85,709,0
2023-11-19,Indiana,Lipscomb,3954590,77,44,8572,0
2023-11-19,Toledo,Cincinnati,3972190,60,71,4073,0
2023-11-19,Mercer,Tulane,3972184,58,64,607,0
2023-11-19,TCU,Army West Point,3972219,88,51,1957,0
2023-11-19,Little Rock,Alabama,3972218,39,63,151,0
2023-11-19,Michigan,South Dakota,3984849,70,52,222,1
2023-11-19,Stanford,Duke,3972207,82,79,4236,0
2023-11-19,Texas,Louisiana Tech,3972178,96,44,5532,0
2023-11-19,Belmont,Mississippi St.,3972185,62,63,1307,0
2023-11-19,Northwestern,Southeast Mo. St.,3954525,76,68,1439,0
2023-11-19,Rice,Saint Mary's (CA),3972239,73,62,541,0
2023-11-19,Presbyterian,ETSU,3972261,56,72,316,0
2023-11-19,Illinois St.,St. Francis (IL),3972237,89,51,1039,0
2023-11-19,UIW,UTRGV,3972242,67,57,261,0
2023-11-19,Houston,Grambling,3972235,106,74,897,0
2023-11-19,Clemson,Longwood,3972266,102,63,815,0
2023-11-19,West Virginia,Youngstown St.,3972267,94,40,1619,0
2023-11-19,Louisville,Bucknell,3972268,77,44,7383,0
2023-11-19,Drexel,Saint Joseph's,3972179,53,64,889,0
2023-11-19,Minnesota,UConn,3954240,44,62,10869,0
2023-11-19,UC Santa Barbara,Southern Utah,3972230,71,61,381,0
2023-11-19,LMU (CA),San Jose St.,3972236,53,61,483,0
2023-11-19,Howard,Memphis,3984850,43,52,248,1
2023-11-19,San Diego,Princeton,3972253,51,62,1059,0
2023-11-19,UC San Diego,Northern Ariz.,3972217,69,74,934,0
2023-11-19,Kansas St.,Wisconsin,3954151,75,57,5424,0
2023-11-19,Iowa,Drake,3953884,113,90,14998,0
2023-11-19,Middle Tenn.,DePaul,3984851,71,69,400,1
2023-11-19,San Francisco,Cal St. Fullerton,3972260,48,54,1620,1
2023-11-19,Arizona St.,Idaho St.,3972189,72,40,1776,0
2023-11-19,Prairie View,Washington St.,3972273,43,81,426,0
2023-11-19,Alas. Anchorage,UAB,3984852,52,63,1044,1
2023-11-19,Hawaii,Idaho,3972271,40,50,1620,1
2023-11-19,Utah,Eastern Ky.,3984853,117,72,2329,1
2023-11-20,Georgia,Columbia,3972292,73,56,239,1
2023-11-20,Butler,Roosevelt,4472103,104,50,2626,0
2023-11-20,Western Ill.,Stephens College,3972291,80,51,1725,0
2023-11-20,Ole Miss,Michigan,3984844,60,49,124,1
2023-11-20,Southeastern La.,Jackson St.,3972282,54,63,712,0
2023-11-20,East Carolina,Ohio St.,3954390,55,79,391,1
2023-11-20,East Texas A&M,Utah Tech,3972297,84,75,219,0
2023-11-20,Vanderbilt,Alabama St.,3972296,88,42,1612,0
2023-11-20,Arizona,South Dakota,3984845,61,52,124,1
2023-11-20,Florida,Purdue,3954026,52,49,437,1
2023-11-20,Florida A&M,California,3972286,38,76,887,0
2023-11-20,Memphis,Middle Tenn.,3984846,57,64,113,1
2023-11-20,Canisius,D'Youville,3972304,67,59,878,0
2023-11-20,Virginia Tech,UNC Greensboro,3972325,72,51,4154,0
2023-11-20,Ga. Southern,Albany St. (GA),3972322,97,49,573,0
2023-11-20,Marshall,Point Park,3972276,121,55,1147,0
2023-11-20,Oklahoma St.,Penn St.,3954322,80,89,364,1
2023-11-20,Col. of Charleston,Gardner-Webb,3972279,90,78,285,0
2023-11-20,South Carolina,South Dakota St.,3972334,78,38,14799,0
2023-11-20,Dayton,SIUE,3972333,75,74,1568,0
2023-11-20,USC Upstate,South Carolina St.,3972342,58,53,235,0
2023-11-20,Fla. Atlantic,Stetson,3972285,50,39,478,0
2023-11-20,Texas Tech,UTSA,3972326,63,58,4155,0
2023-11-20,Wichita St.,Omaha,3972277,92,86,1052,0
2023-11-20,Fordham,Georgian Court,3972278,85,44,127,0
2023-11-20,UCF,Auburn,3972339,60,53,1180,0
2023-11-20,Wright St.,Slippery Rock,3972341,82,45,944,0
2023-11-20,Furman,Southern Wesleyan,4471946,96,62,158,0
2023-11-20,Rutgers,Fairfield,3728205,54,78,1309,0
2023-11-20,Iowa St.,Southern U.,3972329,78,60,8776,0
2023-11-20,Howard,DePaul,3984847,62,85,257,1
2023-11-20,Jacksonville St.,Life (GA),3972327,83,31,1002,0
2023-11-20,Missouri,Southern Ind.,3972337,96,62,3471,0
2023-11-20,Arkansas,Central Ark.,3972335,81,67,4194,0
2023-11-20,LSU,Texas Southern,3972330,106,47,10787,0
2023-11-20,Wake Forest,Saint Louis,3972287,94,66,76,1
2023-11-20,Northern Colo.,North Dakota St.,3972324,60,67,587,0
2023-11-20,Grand Canyon,Montana,3972318,71,76,523,0
2023-11-20,Texas A&M,Houston Christian,3972275,80,35,3073,0
2023-11-20,Boise St.,Pepperdine,3972328,63,47,1558,0
2023-11-20,Pacific,Yale,3972293,66,59,629,0
2023-11-20,Southern California,Seton Hall,3972345,64,54,409,1
2023-11-20,UC Irvine,Eastern Wash.,3972319,71,63,537,0
2023-11-21,Pittsburgh,Coppin St.,3972362,56,61,3155,0
2023-11-21,Winthrop,Saint Augustine's,3972359,62,55,1607,0
2023-11-21,Davidson,Wofford,3972349,81,51,2761,0
2023-11-21,Western Ky.,Bucknell,3972361,63,45,2214,0
2023-11-21,Wyoming,Chadron St.,3972543,78,32,7550,0
2023-11-21,UNC Asheville,Queens (NC),3972372,67,53,267,0
2023-11-21,Navy,Binghamton,3972528,66,59,329,0
2023-11-21,McNeese,North American,3972404,107,77,1670,0
2023-11-21,Alabama A&M,Alabama Huntsville,3972348,74,44,295,0
2023-11-21,Lafayette,NJIT,3972523,83,60,209,0
2023-11-21,Southern Miss.,Valparaiso,3972485,61,49,1374,0
2023-11-21,San Francisco,Yale,3972366,75,59,350,0
2023-11-21,NIU,Lindenwood,3972351,77,60,486,0
2023-11-21,Central Conn. St.,UMass Lowell,3972347,58,49,312,0
2023-11-21,Rider,La Salle,3972590,44,72,516,0
2023-11-21,Merrimack,Bryant,3972587,65,60,579,0
2023-11-21,Villanova,Holy Cross,3972582,63,53,1345,0
2023-11-21,Robert Morris,Penn St.-Beaver,3972581,89,39,329,0
2023-11-21,Xavier,Kent St.,3972578,57,64,324,0
2023-11-21,Towson,UMES,3972571,60,55,404,0
2023-11-21,Notre Dame,Chicago St.,3972570,113,35,4987,0
2023-11-21,Murray St.,Bellarmine,3972408,108,78,1431,0
2023-11-21,North Ala.,UT Martin,3972526,70,63,1063,0
2023-11-21,New Orleans,Alcorn,3972355,53,42,493,0
2023-11-21,ULM,La. Christian,3972547,107,53,263,0
2023-11-21,Texas St.,Sam Houston,3972565,62,66,782,0
2023-11-21,Utah Valley,Westminster (UT),3972490,76,42,346,0
2023-11-21,Milwaukee,Edgewood,3972551,70,50,741,0
2023-11-21,Saint Louis,BYU,3972379,66,87,220,1
2023-11-21,Northeastern,Wagner,3972564,63,46,239,0
2023-11-21,Arkansas St.,Hendrix,3972550,95,15,692,0
2023-11-21,Colorado St.,South Dakota Mines,3972546,92,56,1330,0
2023-11-21,San Diego St.,Westcliff,3972534,64,42,1484,0
2023-11-21,Seattle U,Cal Poly,3972346,43,68,295,0
2023-11-21,Santa Clara,A&M-Corpus Christi,3972511,75,54,206,0
2023-11-21,Fresno St.,Long Beach St.,3972541,74,64,1233,0
2023-11-21,Sacramento St.,UC Davis,3972542,57,79,424,0
2023-11-21,Nevada,Oregon,3972544,47,76,2193,0
2023-11-21,Saint Mary's (CA),St. Thomas (MN),3972545,60,74,308,0
2023-11-22,Seton Hall,East Carolina,3972605,68,57,297,1
2023-11-22,Stony Brook,Delaware St.,3972636,86,41,920,0
2023-11-22,FDU,Mount St. Mary's,3972606,50,64,150,0
2023-11-22,Georgia St.,Bethune-Cookman,3972607,48,56,839,1
2023-11-22,Bowling Green,Mercer,3972609,59,38,123,1
2023-11-22,Buffalo,St. Bonaventure,3972611,78,69,1286,0
2023-11-22,Boston U.,Le Moyne,3972620,64,53,361,0
2023-11-22,UTEP,Lamar University,3972610,44,56,212,1
2023-11-22,Morehead St.,Ohio,3972599,89,60,621,0
2023-11-22,Army West Point,Connecticut Col.,3972621,59,34,579,0
2023-11-22,N.C. Central,Western Caro.,3972624,69,58,268,0
2023-11-22,American,George Mason,3972612,62,72,439,0
2023-11-22,Chicago St.,Kansas City,3972603,46,77,418,1
2023-11-22,Columbia,Florida,3972627,81,83,297,1
2023-11-22,UTRGV,Oral Roberts,3972623,63,72,427,0
2023-11-22,Loyola Chicago,Brown,3972616,49,56,201,0
2023-11-22,Florida St.,Northwestern,3954618,90,52,1634,1
2023-11-22,IU Indy,Ball St.,3972635,63,67,490,0
2023-11-22,Cornell,UAlbany,3972634,45,57,278,0
2023-11-22,Loyola Maryland,Saint Francis,3972633,53,45,215,0
2023-11-22,Providence,Monmouth,3972632,57,40,515,0
2023-11-22,New Hampshire,Utah Tech,3972631,46,56,166,0
2023-11-22,UNCW,Presbyterian,3972630,51,64,558,0
2023-11-22,Elon,Bradley,4469486,59,66,839,1
2023-11-22,Marist,Lehigh,3972640,64,82,97,1
2023-11-22,Coastal Carolina,Charleston So.,3972646,78,60,496,0
2023-11-22,Chapman,Penn,3972614,46,92,143,0
2023-11-22,Cleveland St.,Austin Peay,3972647,62,57,418,1
2023-11-22,Purdue,Georgia,3954027,57,65,278,1
2023-11-22,Stanford,Belmont,3972644,74,55,1634,1
2023-11-22,California Baptist,Portland,3972637,71,66,231,0
2023-11-22,UNC Greensboro,Montreat,3972650,75,46,232,0
2023-11-22,Temple,Saint Joseph's,3972600,65,67,1016,0
2023-11-22,Ohio St.,Oklahoma St.,3954391,75,57,297,1
2023-11-22,Houston Christian,Mt. St. Joseph,3972661,80,46,205,0
2023-11-22,UC Riverside,Utah St.,3972649,52,51,97,0
2023-11-22,Northwestern St.,Grambling,3972665,59,64,387,0
2023-11-22,Missouri St.,Southeast Mo. St.,3972601,74,66,1783,0
2023-11-22,Tarleton St.,Eastern Wash.,3972666,62,64,427,0
2023-11-22,Texas Southern,SFA,3972667,58,73,377,0
2023-11-22,Minnesota,CSUN,3954241,84,31,2728,0
2023-11-22,Penn St.,Southern California,3954329,70,71,297,1
2023-11-22,Oregon St.,UMBC,3972602,88,52,3414,0
2023-11-23,Charlotte,Southern Ill.,3972669,52,55,250,1
2023-11-23,Lehigh,Bowling Green,3972671,73,85,104,1
2023-11-23,Washington St.,Maryland,3954607,87,67,150,1
2023-11-23,Indiana St.,Radford,3972674,64,52,100,1
2023-11-23,Mercer,Marist,3972673,73,67,84,1
2023-11-23,Georgia St.,Elon,4053023,68,75,771,1
2023-11-23,George Washington,West Virginia,3972678,51,54,250,1
2023-11-23,Colorado,Cincinnati,3972676,77,60,624,1
2023-11-23,TCU,UTEP,3972675,85,56,253,1
2023-11-23,Green Bay,Massachusetts,3972677,85,52,200,1
2023-11-23,App State,Furman,3972680,68,63,100,1
2023-11-23,Bradley,Bethune-Cookman,3972679,57,64,771,1
2023-11-23,UCF,Jackson St.,3972683,63,54,250,1
2023-11-23,Princeton,Oklahoma,3972668,77,63,512,1
2023-11-23,NC State,Kentucky,3972682,84,55,624,1
2023-11-23,Lamar University,Nebraska,3953923,61,75,283,1
2023-11-23,Creighton,Georgia Tech,3972681,57,46,137,1
2023-11-23,Campbell,Morgan St.,3972670,60,46,100,1
2023-11-23,St. John's (NY),VCU,3972684,51,56,250,1
2023-11-23,South Fla.,High Point,3972685,61,32,1224,1
2023-11-23,Tennessee,Indiana,3954593,57,71,1314,1
2023-11-23,James Madison,Michigan St.,3954424,69,95,197,1
2023-11-23,Texas,Arizona St.,3972672,84,42,1224,1
2023-11-23,New Mexico,Montana St.,3972686,57,75,166,1
2023-11-23,P.R.-Mayaguez,Sacred Heart,3972687,42,73,250,1
2023-11-24,West Virginia,Charlotte,3972718,84,56,250,1
2023-11-24,Massachusetts,Washington St.,3972713,48,90,71,1
2023-11-24,Kansas St.,Western Ky.,3972715,77,61,312,1
2023-11-24,Akron,Wichita St.,3972714,61,63,200,1
2023-11-24,Radford,NIU,3972719,55,72,100,1
2023-11-24,Virginia,Tulane,3972710,81,59,300,1
2023-11-24,FIU,Bryant,3972721,88,59,325,1
2023-11-24,Alabama,Louisville,3972716,78,73,215,1
2023-11-24,Southern Miss.,North Dakota,3972712,75,53,1366,1
2023-11-24,George Washington,Southern Ill.,3972706,55,66,250,1
2023-11-24,Colorado,Kentucky,3972717,96,53,524,1
2023-11-24,South Carolina,Mississippi Val.,3972727,101,19,14558,0
2023-11-24,Cleveland St.,Chicago St.,3972728,95,41,380,1
2023-11-24,Michigan,Eastern Mich.,3954267,80,44,4052,0
2023-11-24,South Alabama,Nevada,3972696,62,73,156,1
2023-11-24,Dayton,Stetson,3972695,75,54,200,1
2023-11-24,Maryland,Green Bay,3954608,68,59,111,1
2023-11-24,LSU,Niagara,3972723,99,65,300,1
2023-11-24,App State,Binghamton,3972746,68,57,100,1
2023-11-24,ETSU,Norfolk St.,3972694,55,35,2169,1
2023-11-24,North Carolina,Vermont,3972737,54,51,327,1
2023-11-24,Eastern Ill.,Nicholls,3972734,55,63,212,1
2023-11-24,North Texas,Samford,3972732,71,59,1366,1
2023-11-24,UNI,Syracuse,3972711,54,71,228,1
2023-11-24,Bucknell,Robert Morris,3972689,68,54,310,0
2023-11-24,Tennessee St.,William & Mary,3972702,53,63,391,1
2023-11-24,USC Upstate,Detroit Mercy,3972709,64,71,100,1
2023-11-24,Arkansas,Wisconsin,3954152,65,62,654,1
2023-11-24,Gonzaga,Liberty,3972720,102,59,215,1
2023-11-24,Baylor,McNeese,3972688,124,44,3713,0
2023-11-24,Denver,Central Ark.,3972726,84,90,352,1
2023-11-24,Northern Ariz.,Portland,3972722,66,65,100,1
2023-11-24,St. John's (NY),UCF,3972766,48,61,250,1
2023-11-24,California,San Jose St.,3996159,74,51,617,1
2023-11-24,Toledo,SMU,3972705,74,73,482,1
2023-11-24,Drake,Louisiana Tech,3972739,77,66,1734,1
2023-11-24,NC State,Cincinnati,3972752,79,45,524,1
2023-11-24,Northern Ky.,Pittsburgh,3972755,57,88,200,1
2023-11-24,Hampton,New Mexico St.,3972760,47,78,100,1
2023-11-24,St. Thomas (MN),UC Irvine,3972735,63,74,253,1
2023-11-24,UNC Asheville,Morgan St.,3972767,51,53,100,1
2023-11-24,Miami (FL),Colgate,3972759,67,49,2169,1
2023-11-24,Michigan St.,Creighton,3954425,69,83,250,1
2023-11-24,Austin Peay,Kansas City,3972692,78,63,380,1
2023-11-24,Marquette,Boston College,3972772,73,65,591,1
2023-11-24,Iowa St.,Vanderbilt,3972701,53,68,235,1
2023-11-24,Ga. Southern,North Florida,3972770,85,75,459,1
2023-11-24,Grand Canyon,Fresno St.,3972744,55,36,513,1
2023-11-24,Ark.-Pine Bluff,Tulsa,3972794,79,90,324,1
2023-11-24,FGCU,Delaware,3972778,83,68,1034,1
2023-11-24,Ball St.,Notre Dame,3973006,59,90,5442,0
2023-11-24,Virginia Tech,Kansas,3972762,59,58,1100,1
2023-11-24,Washington,Idaho St.,3972764,57,37,250,1
2023-11-24,San Diego,Weber St.,3972740,56,53,555,1
2023-11-24,Texas A&M,Winthrop,3972691,84,32,1074,1
2023-11-24,Maine,Richmond,3972782,43,77,1734,1
2023-11-24,Youngstown St.,Rhode Island,3972783,50,63,100,1
2023-11-24,Harvard,North Dakota St.,3972784,69,64,482,1
2023-11-24,Sacred Heart,VCU,3972707,62,76,250,1
2023-11-24,South Fla.,Arizona St.,3972775,49,66,1824,1
2023-11-24,Kent St.,Chattanooga,3972785,54,64,200,1
2023-11-24,Georgia Tech,New Mexico,3972793,66,55,150,1
2023-11-24,Pacific,Butler,3972753,77,66,494,1
2023-11-24,UC Santa Barbara,UNLV,3972704,49,68,161,1
2023-11-24,Illinois St.,UT Arlington,3972703,87,63,89,1
2023-11-24,Santa Clara,Boise St.,3972779,62,52,1000,1
2023-11-24,South Dakota St.,South Carolina St.,3972789,72,42,2139,0
2023-11-24,LIU,CSU Bakersfield,3972796,57,62,125,1
2023-11-24,Clemson,Mississippi St.,3972700,78,81,257,1
2023-11-24,Iowa,Purdue Fort Wayne,3953885,98,59,3313,1
2023-11-24,Hawaii,Air Force,3972745,51,54,1493,1
2023-11-24,Campbell,Western Mich.,3972708,70,61,100,1
2023-11-24,UConn,UCLA,3972773,67,78,300,1
2023-11-24,Jackson St.,P.R.-Mayaguez,3972690,80,33,250,1
2023-11-24,High Point,Texas,3972802,39,101,1824,1
2023-11-24,Tennessee Tech,Missouri,3972797,65,66,250,1
2023-11-24,Pepperdine,Georgetown,3972786,40,59,173,0
2023-11-24,Montana St.,James Madison,3972801,62,65,200,1
2023-11-24,Saint Mary's (CA),N.C. A&T,3972787,73,65,264,1
2023-11-24,Florida St.,Stanford,3984866,88,100,1584,1
2023-11-24,Utah,Merrimack,3972800,98,34,4375,0
2023-11-24,Rutgers,Texas Tech,3995960,72,79,1000,1
2023-11-24,Northwestern,Belmont,3984867,61,83,1584,1
2023-11-25,North Dakota,North Texas,3972836,50,71,56,1
2023-11-25,Southern Ill.,West Virginia,3972841,55,73,250,1
2023-11-25,Virginia Tech,Tulane,3972839,76,70,500,1
2023-11-25,Dayton,Wichita St.,3972847,74,63,200,1
2023-11-25,Western Ky.,Vermont,3995884,62,50,313,1
2023-11-25,Maryland,Massachusetts,3954609,92,63,107,1
2023-11-25,Indiana St.,NIU,3972849,62,67,100,1
2023-11-25,Indiana,Princeton,3954594,72,63,511,1
2023-11-25,Louisville,Liberty,3972862,72,63,256,1
2023-11-25,Milwaukee,Central Mich.,3972844,84,59,630,0
2023-11-25,Louisiana Tech,Maine,3972850,54,60,1505,1
2023-11-25,Charlotte,George Washington,3972833,50,38,250,1
2023-11-25,Austin Peay,Chicago St.,3972814,60,49,266,1
2023-11-25,UAB,Valparaiso,3972854,78,68,159,0
2023-11-25,Nebraska,TCU,3953925,81,88,252,1
2023-11-25,NC State,Colorado,3972848,78,60,924,1
2023-11-25,Fordham,UMass Lowell,3972804,76,49,134,0
2023-11-25,Navy,Quinnipiac,3972881,75,62,384,1
2023-11-25,Nevada,Central Ark.,3972815,67,65,612,1
2023-11-25,Pittsburgh,Akron,3972899,72,75,200,1
2023-11-25,UCLA,Niagara,3972843,97,46,300,1
2023-11-25,Delaware,Purdue Fort Wayne,3995885,74,88,356,1
2023-11-25,Furman,Binghamton,3972832,74,72,100,1
2023-11-25,Green Bay,Washington St.,3972842,59,48,136,1
2023-11-25,Oklahoma,Tennessee,3972865,73,76,478,1
2023-11-25,CSU Bakersfield,New Mexico St.,3972838,59,64,143,1
2023-11-25,Syracuse,Iowa St.,3972840,81,69,228,1
2023-11-25,Northwestern St.,Ark. Baptist,3972886,82,41,101,0
2023-11-25,Southeastern La.,Mobile,3972888,75,47,721,0
2023-11-25,South Dakota,South Carolina St.,3972957,72,52,1808,1
2023-11-25,USC Upstate,North Florida,3972835,73,60,100,1
2023-11-25,Col. of Charleston,N.C. Wesleyan,3972806,112,40,232,0
2023-11-25,Florida A&M,Jacksonville,3972811,59,54,165,0
2023-11-25,Stonehill,Utah Tech,3972909,58,81,118,0
2023-11-25,Hofstra,NJIT,3972923,67,65,369,0
2023-11-25,Presbyterian,Morehead St.,3972932,65,59,237,0
2023-11-25,Charleston So.,Mercer,3972937,66,53,102,0
2023-11-25,Loyola Maryland,St. Bonaventure,3972940,51,55,230,0
2023-11-25,Kennesaw St.,Fla. Atlantic,3972950,57,43,136,0
2023-11-25,Gonzaga,Alabama,3972825,68,58,530,1
2023-11-25,Fresno St.,Eastern Ill.,3972863,70,60,114,1
2023-11-25,P.R.-Mayaguez,VCU,3972829,30,69,250,1
2023-11-25,SFA,Rice,3972938,67,56,751,0
2023-11-25,North Dakota St.,Toledo,3972955,58,73,207,1
2023-11-25,Drake,Richmond,3972928,66,74,1861,1
2023-11-25,Denver,South Alabama,3972872,53,62,612,1
2023-11-25,Rhode Island,Portland,3972827,64,58,100,1
2023-11-25,San Jose St.,Winthrop,3972813,49,56,163,1
2023-11-25,Kentucky,Cincinnati,3972976,41,65,924,1
2023-11-25,Abilene Christian,Towson,3972963,56,63,170,1
2023-11-25,Stetson,Tennessee Tech,3972978,59,65,200,1
2023-11-25,Columbia,Northeastern,3972988,88,45,896,0
2023-11-25,BYU,LMU (CA),3972918,74,58,1529,0
2023-11-25,Utah St.,Warner Pacific,3972809,66,54,208,0
2023-11-25,Ole Miss,Little Rock,3972803,58,45,2258,0
2023-11-25,Eastern Ky.,Camp. Harrodsburg,3972983,100,25,441,0
2023-11-25,LIU,Hampton,3972972,60,53,140,1
2023-11-25,UNC Asheville,Western Mich.,3972994,54,58,100,1
2023-11-25,N.C. A&T,UT Arlington,3972828,76,87,76,1
2023-11-25,Cleveland St.,Kansas City,3972987,82,55,374,1
2023-11-25,San Diego St.,Penn,3973015,74,49,1758,0
2023-11-25,Idaho,Utah Valley,3972867,59,66,1057,0
2023-11-25,Sacred Heart,UCF,3973020,58,69,250,1
2023-11-25,Grand Canyon,Nicholls,3972959,63,40,502,1
2023-11-25,Vanderbilt,UNI,3972826,68,64,228,1
2023-11-25,Ga. Southern,Detroit Mercy,3972998,81,59,502,1
2023-11-25,Mississippi St.,Ark.-Pine Bluff,3972824,77,68,545,1
2023-11-25,Portland St.,Seattle U,3972930,75,68,379,0
2023-11-25,Arkansas,Marquette,3996068,58,74,227,1
2023-11-25,Kansas St.,North Carolina,3995886,63,56,2207,1
2023-11-25,Southern Miss.,Samford,3972845,51,33,1489,1
2023-11-25,UC Santa Barbara,Weber St.,3996160,61,51,221,1
2023-11-25,Sam Houston,UTSA,3972990,56,63,235,0
2023-11-25,LSU,Virginia,3972992,76,73,1650,1
2023-11-25,Washington,Air Force,3972858,73,53,1372,1
2023-11-25,California,Texas A&M,4472206,51,65,843,1
2023-11-25,Northern Ariz.,Youngstown St.,3972979,74,70,100,1
2023-11-25,Oakland,Madonna,3972890,122,38,672,0
2023-11-25,SMU,Harvard,3972965,67,80,255,1
2023-11-25,Arizona St.,High Point,3973021,77,69,2424,1
2023-11-25,Missouri,Kent St.,3973011,64,67,250,1
2023-11-25,Saint Mary's (CA),Illinois St.,3973013,51,62,352,1
2023-11-25,Pacific,UC Irvine,3972977,60,66,506,1
2023-11-25,Texas Tech,Santa Clara,3972993,61,56,1000,1
2023-11-25,Tulsa,Clemson,3972964,74,64,567,1
2023-11-25,San Diego,UNLV,3996161,56,93,223,1
2023-11-25,Butler,St. Thomas (MN),3972995,76,54,506,1
2023-11-25,FGCU,Iowa,3995887,62,100,4257,1
2023-11-25,Wisconsin,Boston College,3996067,82,72,397,1
2023-11-25,UConn,Kansas,3973023,71,63,1650,1
2023-11-25,Hawaii,Idaho St.,3972960,58,46,1372,1
2023-11-25,Chattanooga,Northern Ky.,3973024,63,47,150,1
2023-11-25,Texas,South Fla.,3973026,76,44,2424,1
2023-11-25,Jackson St.,St. John's (NY),3973025,60,56,250,1
2023-11-25,Boise St.,Rutgers,3995961,68,65,1000,1
2023-11-26,Colgate,Norfolk St.,3996076,51,58,2058,1
2023-11-26,Vermont,Delaware,3995880,66,73,177,1
2023-11-26,Alabama,Liberty,3973050,72,47,197,1
2023-11-26,Wake Forest,Villanova,3973053,65,74,760,0
2023-11-26,Bryant,Tennessee St.,4472223,43,53,389,1
2023-11-26,Richmond,Louisiana Tech,3973051,83,56,580,1
2023-11-26,Buffalo,Kutztown,3973059,87,47,1289,0
2023-11-26,Coppin St.,George Mason,3973058,38,70,418,0
2023-11-26,Ohio,IU Indy,3973082,75,71,490,0
2023-11-26,Central Conn. St.,Fairfield,3973028,52,78,221,0
2023-11-26,Penn St.,Providence,3954334,73,66,2026,0
2023-11-26,Navy,Abilene Christian,3973079,62,87,288,1
2023-11-26,New Hampshire,Dartmouth,3973072,40,43,343,0
2023-11-26,Ohio St.,Cornell,3954626,83,40,5695,0
2023-11-26,Miami (FL),ETSU,3996079,68,44,2038,1
2023-11-26,Western Ky.,Purdue Fort Wayne,3995881,77,90,213,1
2023-11-26,Louisville,Gonzaga,3973049,81,70,197,1
2023-11-26,A&M-Corpus Christi,Texas St.,3973073,60,52,781,0
2023-11-26,SIUE,Middle Tenn.,3973084,74,81,303,0
2023-11-26,Illinois,Canisius,3954572,90,58,2962,0
2023-11-26,McNeese,Ecclesia,3973075,102,28,1619,0
2023-11-26,Chicago St.,Evansville,3973030,102,103,79,0
2023-11-26,Howard,Manhattan,3973118,50,53,245,0
2023-11-26,Monmouth,Brown,3973115,58,59,605,0
2023-11-26,Duke,N.C. Central,3973114,93,45,1211,0
2023-11-26,UMES,UMBC,3973112,70,54,190,0
2023-11-26,UNCW,Coastal Carolina,3973102,59,73,515,0
2023-11-26,Queens (NC),Wesleyan (GA),3973101,96,36,65,0
2023-11-26,UNC Greensboro,Gardner-Webb,3973094,64,47,186,0
2023-11-26,FDU,Rider,3973091,64,59,327,0
2023-11-26,Saint Francis,Lafayette,3973033,58,60,212,0
2023-11-26,FIU,William & Mary,4472224,57,59,389,1
2023-11-26,Purdue,Southern Ind.,3954028,95,57,3683,0
2023-11-26,Baylor,Alcorn,3973029,93,47,3709,0
2023-11-26,DePaul,Loyola Chicago,3973116,93,72,1469,0
2023-11-26,Drake,Maine,3973105,72,56,1765,1
2023-11-26,Houston,New Orleans,3973104,81,54,1139,0
2023-11-26,Minnesota,Stony Brook,3954242,67,54,3122,0
2023-11-26,Auburn,Alabama A&M,3973093,68,45,2427,0
2023-11-26,Oklahoma St.,Missouri St.,3973106,82,51,2009,0
2023-11-26,Saint Louis,UIC,3973032,79,75,527,0
2023-11-26,Towson,Quinnipiac,3973131,75,65,167,1
2023-11-26,UTEP,North Ala.,3973119,95,88,1111,0
2023-11-26,Stanford,UAlbany,3973074,79,35,2754,0
2023-11-26,Northern Colo.,Boston U.,3973113,52,63,506,0
2023-11-26,Clemson,Ark.-Pine Bluff,3973043,92,66,217,1
2023-11-26,Cal St. Fullerton,Georgetown,3973109,55,65,287,0
2023-11-26,UC San Diego,Penn,3972808,68,76,589,0
2023-11-26,North Carolina,FGCU,3995882,64,65,2120,1
2023-11-26,San Francisco,Colorado St.,3973123,53,62,0,0
2023-11-26,Mississippi St.,Tulsa,3973088,102,58,257,1
2023-11-26,Kansas St.,Iowa,3995883,70,77,3007,1
2023-11-26,Air Force,Idaho St.,3973125,52,55,1780,1
2023-11-26,Hawaii,Washington,3973135,41,58,1780,1
2023-11-27,Mississippi Val.,Lipscomb,3973185,55,64,1265,0
2023-11-27,Omaha,CSU Bakersfield,3973150,87,79,312,0
2023-11-27,Prairie View,UIW,3973163,44,57,246,0
2023-11-27,Bowling Green,Duquesne,3973138,68,66,1717,0
2023-11-27,Wagner,Iona,3973193,55,67,453,0
2023-11-27,Wofford,Southern Wesleyan,3973194,65,42,386,0
2023-11-27,Wright St.,Marshall,3973200,89,78,1157,0
2023-11-27,Houston Christian,Howard Payne,3973184,79,51,250,0
2023-11-27,Miami (OH),Xavier,3973202,58,57,344,0
2023-11-27,UAB,Jacksonville St.,3973186,85,78,289,0
2023-11-27,San Jose St.,Bethesda (CA),3973139,122,28,401,0
2023-11-27,Montana,Dickinson St.,3973195,108,57,1924,0
2023-11-27,Pepperdine,Long Beach St.,3973173,53,68,103,0
2023-11-28,Southeast Mo. St.,Harris-Stowe,3973215,86,48,2157,0
2023-11-28,Utah,Carroll (MT),3973214,100,44,6717,0
2023-11-28,Army West Point,Hofstra,3973224,43,54,125,0
2023-11-28,North Dakota,Minot St.,3973218,82,53,0,0
2023-11-28,Bethune-Cookman,Jacksonville,3973249,68,63,454,0
2023-11-28,Bucknell,Saint Joseph's,3973208,46,71,287,0
2023-11-28,Lehigh,Drexel,3973212,58,57,482,0
2023-11-28,Arkansas St.,Ark.-Pine Bluff,3973204,85,65,2959,0
2023-11-28,Old Dominion,Elon,3973272,60,29,1653,0
2023-11-28,Murray St.,UT Martin,3973261,88,75,1372,0
2023-11-28,Wichita St.,Southeastern La.,3973205,36,64,1200,0
2023-11-28,Western Caro.,Georgia St.,3973297,57,90,626,0
2023-11-28,Siena,Merrimack,3973277,64,67,577,0
2023-11-28,Yale,Marist,3973275,61,45,324,0
2023-11-28,Fordham,Saint Peter's,3973206,80,46,187,0
2023-11-28,Nicholls,Dillard,3973207,68,36,333,0
2023-11-28,Northwestern St.,Southern-N.O.,3973273,105,38,379,0
2023-11-28,Western Ill.,Chicago St.,3973282,86,72,566,0
2023-11-28,South Dakota St.,Washburn,3973295,95,58,1347,0
2023-11-28,Colorado,Boston U.,3973264,85,55,2743,0
2023-11-28,Wyoming,BYU,3973271,86,74,2442,0
2023-11-28,Southern Utah,California Baptist,3973213,66,79,445,0
2023-11-28,San Diego St.,UC San Diego,3973263,71,77,1023,0
2023-11-28,New Mexico,Eastern Ill.,3973209,81,78,4471,0
2023-11-28,UC Santa Barbara,UC Santa Cruz,3973281,87,46,302,0
2023-11-28,Southern California,Cal Poly,3973299,85,44,1419,0
2023-11-29,Rutgers,Delaware St.,3728206,82,48,1786,0
2023-11-29,Columbia,Providence,3973329,77,52,2357,0
2023-11-29,Presbyterian,N.C. Central,3973328,76,58,507,0
2023-11-29,East Carolina,Hampton,3973327,75,55,6166,0
2023-11-29,Alabama A&M,North Ala.,3973330,70,57,1157,0
2023-11-29,Northwestern,Loyola Chicago,3954527,68,73,1018,0
2023-11-29,Texas,Oral Roberts,3973326,112,74,7211,0
2023-11-29,Utah St.,Idaho,3973320,43,70,3225,0
2023-11-29,Oregon St.,Weber St.,3973331,79,53,8454,0
2023-11-29,FIU,Ga. Southern,3973493,69,81,324,0
2023-11-29,Nevada,San Diego,3973332,76,63,1003,0
2023-11-29,Georgia Tech,Florida,3973339,58,68,1387,0
2023-11-29,Tennessee,Notre Dame,3973342,69,74,8211,0
2023-11-29,Charlotte,Mercer,3973319,65,58,733,0
2023-11-29,Penn,La Salle,3973314,79,71,573,0
2023-11-29,Winthrop,UNCW,3973394,58,66,312,0
2023-11-29,Penn St.,Radford,3954337,97,47,1830,0
2023-11-29,Colgate,Keuka,3973407,97,22,333,0
2023-11-29,Bryant,Brown,3973420,53,58,315,0
2023-11-29,UMES,Mount St. Mary's,3973411,69,52,183,0
2023-11-29,New Hampshire,Northeastern,3973426,51,41,238,0
2023-11-29,Binghamton,Cornell,3973427,57,58,927,0
2023-11-29,South Carolina St.,Queens (NC),3973594,76,58,135,0
2023-11-29,Cleveland St.,Robert Morris,3973471,72,59,247,0
2023-11-29,Towson,Morgan St.,3973462,80,69,614,0
2023-11-29,Troy,Belmont,3973317,68,72,1473,0
2023-11-29,Louisiana Tech,ULM,3973390,52,60,1744,0
2023-11-29,Tennessee Tech,Lincoln Memorial,3973398,84,57,799,0
2023-11-29,Lindenwood,Central Ark.,3973406,64,77,423,0
2023-11-29,Evansville,Bellarmine,3973410,58,64,410,0
2023-11-29,South Dakota,UNI,3973414,84,65,1612,0
2023-11-29,FGCU,Ave Maria,3973499,108,31,1349,0
2023-11-29,Abilene Christian,UT Arlington,3973416,94,76,1006,0
2023-11-29,UAB,Mississippi Val.,3973417,88,56,310,0
2023-11-29,Texas Tech,UC Irvine,3973421,60,54,4258,0
2023-11-29,Sacred Heart,Fairfield,3973492,61,66,788,0
2023-11-29,Illinois,Central Conn. St.,3954573,89,50,2743,0
2023-11-29,Maryland,Niagara,3954610,114,44,5064,0
2023-11-29,St. John's (NY),Loyola Maryland,3973478,71,49,343,0
2023-11-29,Kent St.,Coppin St.,3973490,77,40,1077,0
2023-11-29,Michigan,SIUE,3954268,103,59,2145,0
2023-11-29,Ohio,Longwood,3973486,72,75,618,0
2023-11-29,Princeton,Seton Hall,3973483,75,71,933,0
2023-11-29,Butler,Bradley,3973318,67,46,692,0
2023-11-29,Kennesaw St.,Chattanooga,3973324,43,49,414,0
2023-11-29,Western Mich.,Valparaiso,3973325,75,71,757,0
2023-11-29,North Florida,Warner,3973433,68,51,319,0
2023-11-29,FDU,NJIT,3973434,46,61,187,0
2023-11-29,Pittsburgh,Saint Francis,3973479,87,62,894,0
2023-11-29,American,Delaware,3973442,58,68,432,0
2023-11-29,Wofford,UNC Asheville,3973444,63,54,340,0
2023-11-29,UNC Greensboro,Coastal Carolina,3973445,65,59,302,0
2023-11-29,Davidson,App State,3973449,64,41,378,0
2023-11-29,Gardner-Webb,Furman,3973451,66,73,150,0
2023-11-29,UMBC,Lafayette,3973456,53,59,312,0
2023-11-29,NC State,Vanderbilt,3973502,70,62,5500,0
2023-11-29,Mississippi St.,Miami (FL),3973428,68,74,5135,0
2023-11-29,Wisconsin,NIU,3954153,75,54,2886,0
2023-11-29,Stonehill,Holy Cross,3973503,32,59,127,0
2023-11-29,Tarleton St.,SFA,3973473,67,80,857,0
2023-11-29,Marquette,Memphis,3973475,88,59,1226,0
2023-11-29,South Alabama,New Orleans,3973477,80,63,380,0
2023-11-29,Houston,Middle Tenn.,3973457,45,70,698,0
2023-11-29,St. Thomas (MN),Iowa St.,3973438,44,85,979,0
2023-11-29,Nebraska,Fla. Atlantic,3953927,77,53,3897,0
2023-11-29,Rice,Texas Southern,3973468,74,44,591,0
2023-11-29,Minnesota,Norfolk St.,3954243,74,43,2820,0
2023-11-29,Northern Ariz.,UNLV,3973415,69,85,400,0
2023-11-29,Boise St.,UC Davis,3973430,70,53,828,0
2023-11-29,Eastern Wash.,Gonzaga,3973315,80,82,1378,0
2023-11-29,Seattle U,Utah Valley,3973313,58,48,302,0
2023-11-29,Fresno St.,Portland St.,3973425,61,72,320,0
2023-11-29,Ole Miss,Louisville,3973509,58,64,2694,0
2023-11-29,Sacramento St.,Santa Clara,3973429,65,70,309,0
2023-11-29,Washington St.,East Texas A&M,3973323,111,50,805,0
2023-11-29,Cal St. Fullerton,San Jose St.,3973464,71,64,231,0
2023-11-29,Grand Canyon,UTRGV,3973389,63,50,1712,0
2023-11-30,South Fla.,Charleston So.,3973516,81,35,9574,0
2023-11-30,Kansas,Southeastern La.,3973593,67,56,2483,0
2023-11-30,Georgia,Duke,3973522,65,72,2446,0
2023-11-30,Virginia,Missouri,3973519,87,81,3701,0
2023-11-30,Samford,USC Upstate,3973527,57,52,471,0
2023-11-30,Morehead St.,Marshall,3973581,67,64,585,0
2023-11-30,UTSA,Texas St.,3973525,57,65,1535,0
2023-11-30,Vermont,Dartmouth,3973584,58,32,601,0
2023-11-30,George Washington,Cheyney,3973510,91,30,251,0
2023-11-30,Rhode Island,Quinnipiac,3973582,59,61,1137,0
2023-11-30,Youngstown St.,Detroit Mercy,3973590,50,59,1523,0
2023-11-30,Alabama St.,Jacksonville St.,3973523,53,74,360,0
2023-11-30,Maine,Indiana,3954591,59,67,5983,0
2023-11-30,DePaul,Michigan St.,3954420,64,102,1174,0
2023-11-30,LIU,Saint Peter's,3973615,54,63,89,0
2023-11-30,Villanova,Richmond,3973611,67,57,2241,0
2023-11-30,Alcorn,Nicholls,3973511,54,46,152,0
2023-11-30,Stetson,Webber Int'l,3973321,83,37,311,0
2023-11-30,William & Mary,Old Dominion,3973613,66,72,829,0
2023-11-30,ETSU,Lipscomb,3973614,45,68,473,0
2023-11-30,Oakland,Purdue Fort Wayne,3973513,66,84,439,0
2023-11-30,Wright St.,IU Indy,3973515,79,67,1015,0
2023-11-30,St. Bonaventure,Canisius,3973596,56,63,321,0
2023-11-30,Wagner,Navy,3973597,69,67,430,0
2023-11-30,Kentucky,Boston College,3973598,83,81,910,0
2023-11-30,High Point,Johnson C. Smith,3973599,61,50,719,0
2023-11-30,North Carolina,South Carolina,3973601,58,65,6319,0
2023-11-30,Syracuse,Alabama,3973602,79,73,1819,0
2023-11-30,Florida St.,Arkansas,3973603,58,71,2216,0
2023-11-30,Georgetown,Howard,3973610,45,43,451,0
2023-11-30,Illinois St.,Chicago St.,3973592,102,47,916,0
2023-11-30,Milwaukee,Green Bay,3973431,53,76,1122,0
2023-11-30,SMU,Baylor,3973512,61,85,2294,0
2023-11-30,Wake Forest,Texas A&M,3973623,57,81,763,0
2023-11-30,Portland,Oregon,3973585,91,60,1325,0
2023-11-30,LMU (CA),Denver,3973580,79,61,249,0
2023-11-30,Auburn,Clemson,3973620,83,53,2388,0
2023-11-30,LSU,Virginia Tech,3973621,82,64,10790,0
2023-11-30,UTEP,Colorado St.,3973612,59,66,1487,0
2023-12-01,Merrimack,UC Riverside,3973627,53,65,296,0
2023-12-01,Sam Houston,Florida A&M,3973631,65,62,428,0
2023-12-01,Liberty,James Madison,3973689,67,53,755,0
2023-12-01,Ark.-Pine Bluff,Ark. Baptist,4472403,103,35,1462,0
2023-12-01,San Diego St.,Stanford,3973630,44,85,3708,0
2023-12-01,Cincinnati,Tennessee St.,3973679,76,52,1072,0
2023-12-01,Xavier,Temple,3973685,41,78,1808,1
2023-12-01,Wichita St.,Saint Louis,3973625,78,59,1155,0
2023-12-01,Oklahoma,Grambling,3973624,103,69,2305,0
2023-12-01,Washington St.,UC Davis,3973629,77,52,840,0
2023-12-01,Texas Tech,Houston Christian,3973680,79,34,4516,0
2023-12-01,Yale,Massachusetts,3973690,70,62,324,0
2023-12-01,FIU,Jacksonville,3973628,88,81,356,0
2023-12-01,Rutgers,Lafayette,3728207,69,48,1497,0
2023-12-01,Dayton,Purdue,3954029,59,67,3250,0
2023-12-01,Kansas St.,Jackson St.,3973686,79,37,3236,0
2023-12-01,North Texas,Pepperdine,3973688,74,57,1549,0
2023-12-01,Missouri St.,Tulane,3973626,70,60,1922,0
2023-12-01,TCU,Tulsa,3973687,82,50,2203,0
2023-12-01,Southern Ind.,Murray St.,3973694,73,93,907,0
2023-12-01,North Dakota St.,Eastern Mich.,3973697,93,73,613,0
2023-12-01,Omaha,UIC,3973700,89,95,852,0
2023-12-01,Idaho,East Texas A&M,3973671,71,72,1049,0
2023-12-01,Arizona St.,Pacific,3973699,76,66,1808,1
2023-12-01,Santa Clara,Lincoln (CA),3973676,113,37,237,0
2023-12-02,Saint Joseph's,North Florida,3973744,84,65,517,0
2023-12-02,West Virginia,St. Bonaventure,3973948,90,50,1535,0
2023-12-02,Western Mich.,Davenport,3973746,61,48,788,0
2023-12-02,Loyola Maryland,Mount St. Mary's,3973745,63,42,321,0
2023-12-02,Elon,Wingate,3973716,53,72,422,0
2023-12-02,Stony Brook,Buffalo,3973849,83,52,712,0
2023-12-02,Marshall,Florida,3973717,91,88,1186,0
2023-12-02,VCU,Charlotte,3973730,57,49,362,0
2023-12-02,Seton Hall,UMES,3973828,78,54,777,0
2023-12-02,Central Mich.,Indiana St.,3973727,65,73,1070,0
2023-12-02,New Hampshire,Central Conn. St.,3973805,79,64,265,0
2023-12-02,Coastal Carolina,Col. of Charleston,3973803,83,84,565,0
2023-12-02,Loyola Chicago,Eastern Ill.,3973740,58,44,615,0
2023-12-02,Iowa,Bowling Green,3953888,99,65,14998,0
2023-12-02,Harvard,Michigan,3954269,66,80,1636,0
2023-12-02,Rider,Monmouth,3973974,42,62,572,0
2023-12-02,Niagara,Radford,3973899,64,53,402,0
2023-12-02,Wofford,Bellarmine,3973906,59,61,323,0
2023-12-02,Little Rock,Central Ark.,3973842,58,63,657,0
2023-12-02,A&M-Corpus Christi,Rice,3973807,56,84,824,0
2023-12-02,Fordham,Maine,3973719,62,74,264,0
2023-12-02,Western Ill.,St. Thomas (MN),3973785,82,78,623,0
2023-12-02,Chicago St.,Norfolk St.,3973771,68,76,72,0
2023-12-02,UT Martin,Evansville,3973765,94,82,1012,0
2023-12-02,Mercer,Austin Peay,3973728,78,75,574,0
2023-12-02,Providence,Iona,3973943,49,61,528,0
2023-12-02,Charleston So.,South Carolina St.,3973952,68,58,329,0
2023-12-02,Northern Ky.,Cleveland St.,3973957,60,72,985,0
2023-12-02,Bryant,Sacred Heart,3973963,74,71,225,0
2023-12-02,Saint Francis,Morgan St.,3973967,69,59,269,0
2023-12-02,East Carolina,Coppin St.,3973917,59,51,1088,0
2023-12-02,Bucknell,Cornell,3973722,53,58,319,0
2023-12-02,Minnesota,Drake,3954244,94,88,4578,0
2023-12-02,UT Arlington,Grand Canyon,3973969,48,77,828,0
2023-12-02,UTRGV,Tarleton St.,3973968,66,72,358,0
2023-12-02,SFA,Abilene Christian,3973953,89,82,1148,0
2023-12-02,Kansas City,Arkansas St.,3973950,62,57,544,0
2023-12-02,UIW,Dallas Christian,3973946,103,52,95,0
2023-12-02,Southern Miss.,Ole Miss,3973889,61,59,2653,0
2023-12-02,Nebraska,Georgia Tech,3953928,80,72,4578,0
2023-12-02,Air Force,Colorado,3973799,58,74,2177,0
2023-12-02,New Mexico,New Mexico St.,3973741,67,52,5379,0
2023-12-02,Pacific,Temple,3973736,79,78,0,1
2023-12-02,California,Saint Mary's (CA),3973732,74,69,964,0
2023-12-02,New Orleans,Louisiana,3973733,41,44,573,0
2023-12-02,Memphis,Troy,3973726,100,88,1084,0
2023-12-02,Missouri,Southeast Mo. St.,3973725,88,43,4254,0
2023-12-02,Kennesaw St.,Coastal Ga.,3974034,82,25,421,0
2023-12-02,Western Caro.,Presbyterian,3974029,41,60,436,0
2023-12-02,Southern Utah,Seattle U,3973729,83,56,341,0
2023-12-02,Washington,San Francisco,3974082,63,39,2011,0
2023-12-02,Nevada,UC Santa Barbara,3973789,66,73,1258,0
2023-12-02,Utah Valley,Utah Tech,3973897,59,73,615,0
2023-12-02,UC Irvine,Denver,3973905,50,47,587,0
2023-12-02,Sacramento St.,CSUN,3973912,58,48,304,0
2023-12-02,Oregon St.,Western Ky.,3973731,76,52,3528,0
2023-12-02,UAlbany,Siena,3973735,76,58,1626,0
2023-12-02,Davidson,Longwood,3973718,83,46,2783,0
2023-12-02,Fresno St.,UC San Diego,3974071,71,52,341,0
2023-12-02,FDU,American,3974067,57,63,167,0
2023-12-02,Marist,St. John's (NY),3974070,40,50,1121,0
2023-12-02,UNLV,Arizona,3973909,72,53,3953,0
2023-12-02,Portland,Montana St.,3974046,73,64,525,0
2023-12-02,Bradley,Lindenwood,3973888,63,56,422,0
2023-12-02,Utah,BYU,3973721,87,68,6182,0
2023-12-03,Navy,William & Mary,3974087,53,81,950,0
2023-12-03,Vermont,Holy Cross,3974091,46,44,740,0
2023-12-03,Robert Morris,Youngstown St.,3974088,65,63,311,0
2023-12-03,Miami (FL),NJIT,3974089,87,43,2629,0
2023-12-03,Louisville,N.C. A&T,3974090,80,40,7618,0
2023-12-03,Wisconsin,Butler,3954154,51,59,3581,0
2023-12-03,Maryland,George Mason,3954611,86,77,5901,0
2023-12-03,Detroit Mercy,Oakland,3974110,66,55,405,0
2023-12-03,Boston College,UMass Lowell,3974109,91,53,432,0
2023-12-03,Duke,South Carolina,3974106,61,77,5607,0
2023-12-03,Old Dominion,FGCU,3974104,55,42,1759,0
2023-12-03,La Salle,Virginia,3974103,73,94,387,0
2023-12-03,Kentucky,Tennessee Tech,3974095,73,67,743,0
2023-12-03,FIU,Bethune-Cookman,3974085,54,51,319,0
2023-12-03,Merrimack,Yale,3974084,84,73,671,0
2023-12-03,Rhode Island,Princeton,3974077,60,58,1149,0
2023-12-03,UTSA,UTEP,3974092,90,66,926,0
2023-12-03,North Dakota St.,Mayville St.,3974102,91,68,665,0
2023-12-03,Morehead St.,ETSU,3974147,52,56,1050,0
2023-12-03,Richmond,Le Moyne,3974127,69,40,478,0
2023-12-03,Columbia,Villanova,3974131,77,75,1024,0
2023-12-03,Marquette,Penn,3974107,87,52,922,0
2023-12-03,Creighton,UNI,3974108,115,62,1598,0
2023-12-03,Chattanooga,Mississippi St.,3974132,59,53,2170,0
2023-12-03,IU Indy,Milwaukee,3974133,59,70,392,0
2023-12-03,SIUE,NIU,3974111,89,79,467,0
2023-12-03,Oklahoma St.,Wyoming,3974126,78,62,1862,0
2023-12-03,Samford,Jacksonville St.,3974138,65,51,339,0
2023-12-03,Florida St.,Kent St.,3974136,76,49,1237,0
2023-12-03,Michigan St.,Miami (OH),3954421,89,44,2861,0
2023-12-03,Purdue,Valparaiso,3954030,83,56,5305,0
2023-12-03,Akron,Tennessee St.,3974074,55,49,828,0
2023-12-03,Purdue Fort Wayne,Wright St.,3974078,71,60,543,0
2023-12-03,Manhattan,UMBC,3974083,68,52,142,0
2023-12-03,Indiana,Stetson,3971288,72,34,8789,0
2023-12-03,Vanderbilt,Louisiana Tech,3974101,71,63,1829,0
2023-12-03,North Dakota,Eastern Mich.,3974098,64,56,1349,0
2023-12-03,Hofstra,Lehigh,3974121,56,68,429,0
2023-12-03,Iowa St.,UNCW,3974086,85,58,9933,0
2023-12-03,Duquesne,Delaware,3974120,57,74,819,0
2023-12-03,NC State,Illinois St.,3974117,79,61,5500,0
2023-12-03,Alcorn,Ark. Baptist,3974081,78,45,152,0
2023-12-03,Winthrop,Queens (NC),3974116,61,64,215,0
2023-12-03,Baylor,Oregon,3974073,71,51,4340,0
2023-12-03,Texas A&M,Kansas,3974072,63,52,3950,0
2023-12-03,Brown,JWU (Providence),3974114,90,35,238,0
2023-12-03,Georgia,Furman,3974124,85,55,2944,0
2023-12-03,Saint Louis,Ball St.,3974075,64,71,812,0
2023-12-03,Belmont,Middle Tenn.,3974080,71,57,1365,0
2023-12-03,Texas,UConn,3974113,80,68,10763,0
2023-12-03,Houston,Florida A&M,3974123,79,59,1160,0
2023-12-03,Arkansas,UCLA,3974129,66,81,4261,0
2023-12-03,UCF,Campbell,3974143,42,41,1072,0
2023-12-03,UAB,Auburn,3974139,62,72,861,0
2023-12-03,Gonzaga,Stanford,3974097,96,78,6000,0
2023-12-03,Southern U.,Northwestern St.,3974076,35,46,551,0
2023-12-03,James Madison,Wake Forest,3974146,55,53,2446,0
2023-12-03,Northwestern,Georgetown,3954529,58,82,1587,0
2023-12-03,Texas St.,UNT Dallas,3974141,79,41,691,0
2023-12-03,Northern Colo.,Northern N.M.,3974130,96,37,602,0
2023-12-03,Tennessee,Ohio St.,3954392,58,78,8723,0
2023-12-03,Eastern Wash.,Boise St.,3974119,64,43,729,0
2023-12-03,LMU (CA),South Dakota,3974125,73,78,218,0
2023-12-03,Pittsburgh,Binghamton,3974148,73,62,950,0
2023-12-03,Southern California,San Diego,3974144,89,58,2169,0
2023-12-03,Hawaii,San Jose St.,3974128,73,47,5714,0
2023-12-04,Coppin St.,North Florida,3974154,43,49,3552,0
2023-12-04,Dartmouth,UC Riverside,3974152,38,57,305,0
2023-12-04,Eastern Ky.,Simmons (KY),3974161,94,38,355,0
2023-12-04,Delaware St.,LIU,3974167,84,59,400,0
2023-12-04,West Virginia,Penn St.,3954338,83,65,2061,0
2023-12-04,East Carolina,UMES,3974183,72,57,1053,0
2023-12-04,Jacksonville,Edward Waters,3974184,87,70,100,0
2023-12-04,Syracuse,Northeastern,3974197,79,57,1077,0
2023-12-04,Liberty,Towson,3974185,70,73,760,0
2023-12-04,Wofford,Emory & Henry,3974188,60,34,412,0
2023-12-04,Wichita St.,Houston Christian,3974149,44,49,1023,0
2023-12-04,South Alabama,Nicholls,3974195,58,61,329,0
2023-12-04,SMU,Ark.-Pine Bluff,3974153,76,78,969,0
2023-12-04,New Mexico,Mississippi Val.,3974176,68,45,4514,0
2023-12-04,San Diego St.,Cal State LA,3974180,76,71,918,0
2023-12-05,Western Caro.,USC Upstate,3974214,64,73,1291,0
2023-12-05,DePaul,Green Bay,3974211,68,64,6057,0
2023-12-05,ULM,Champion Chris.,3974210,101,38,2069,0
2023-12-05,Colorado,UT Arlington,3974212,95,74,2673,0
2023-12-05,BYU,Utah St.,3974216,72,66,1565,0
2023-12-05,App State,Col. of Charleston,3974226,77,73,318,0
2023-12-05,Duquesne,Fordham,3974203,75,73,815,0
2023-12-05,VCU,Le Moyne,3974257,55,32,300,0
2023-12-05,Boston U.,Saint Joseph's,3974253,47,62,171,0
2023-12-05,Colgate,Georgetown,3974251,40,61,181,0
2023-12-05,Tulsa,Central Ark.,3974269,60,58,2822,0
2023-12-05,Bradley,Eastern Ill.,3974246,67,79,372,0
2023-12-05,Texas Tech,Sam Houston,3974260,93,60,4089,0
2023-12-05,Cornell,St. Bonaventure,3974288,55,53,112,0
2023-12-05,Villanova,Penn,3974287,68,62,1141,0
2023-12-05,Georgia Tech,Mercer,3974286,73,60,1353,0
2023-12-05,UMBC,Bry. & Strat. (Syr.),3974278,92,55,278,0
2023-12-05,Mount St. Mary's,Bucknell,3974275,55,46,544,0
2023-12-05,Brown,UMass Lowell,3974272,74,54,138,0
2023-12-05,Fla. Atlantic,St. Thomas (FL),3974209,78,60,412,0
2023-12-05,Campbell,N.C. Central,3974207,74,61,909,0
2023-12-05,Davidson,Dayton,3974202,81,53,711,0
2023-12-05,North Ala.,Fisk,3974254,95,60,1007,0
2023-12-05,South Dakota St.,Washington St.,3974255,64,69,1827,0
2023-12-05,Ohio St.,Ohio,3954627,85,45,4950,0
2023-12-05,Rutgers,La Salle,3728208,98,67,1216,0
2023-12-05,TCU,Abilene Christian,3974268,77,60,1781,0
2023-12-05,East Texas A&M,Southern Utah,3974204,73,67,345,0
2023-12-05,A&M-Corpus Christi,UTRGV,3974279,69,46,1363,0
2023-12-05,Nebraska,UNCW,3953929,108,35,3950,0
2023-12-05,Western Ill.,Omaha,3974276,78,75,539,0
2023-12-05,New Mexico St.,UC Irvine,3974248,55,61,478,0
2023-12-05,Washington,Montana St.,3970491,55,50,1653,0
2023-12-05,Colorado St.,High Point,3974267,93,61,1320,0
2023-12-05,Air Force,UC-Colo. Springs,3974266,61,56,176,0
2023-12-05,UC Davis,Jessup,3974256,79,40,368,0
2023-12-06,Loyola Maryland,Bryant,3974310,54,63,1349,0
2023-12-06,Georgia,Troy,3974308,86,70,4221,0
2023-12-06,Towson,George Washington,3974309,68,60,2112,0
2023-12-06,UNC Asheville,Warren Wilson,3974312,88,33,1561,0
2023-12-06,Southern Ill.,SIUE,3974303,77,53,5000,0
2023-12-06,Texas A&M,Lamar University,3974296,83,51,7529,0
2023-12-06,North Texas,Ark.-Pine Bluff,3974311,73,66,2319,0
2023-12-06,Eastern Ky.,Miami (OH),3974313,85,55,2136,0
2023-12-06,Alabama,Coastal Carolina,3974307,88,46,1925,0
2023-12-06,Montana,LMU (CA),3974306,82,68,5911,0
2023-12-06,Stony Brook,Yale,3974300,81,66,518,0
2023-12-06,Northern Ariz.,Pacific,3974298,96,65,913,0
2023-12-06,Toledo,Michigan,3954287,69,46,7082,0
2023-12-06,Army West Point,Vermont,3974327,42,62,200,0
2023-12-06,Northwestern St.,Tarleton St.,3971663,59,51,135,0
2023-12-06,Belmont,Lipscomb,3974325,70,51,1881,0
2023-12-06,Virginia Tech,LIU,3974386,98,50,3849,0
2023-12-06,ETSU,Charleston So.,3974390,79,52,378,0
2023-12-06,Maine,Harvard,3974366,79,61,907,0
2023-12-06,Stonehill,New Hampshire,3974365,41,68,327,0
2023-12-06,Youngstown St.,Akron,3974395,53,52,1761,0
2023-12-06,Kansas City,Bellevue,3974353,84,34,391,0
2023-12-06,Bellarmine,Purdue Fort Wayne,3974397,46,57,400,0
2023-12-06,Illinois,Northern Ky.,3954574,74,52,2869,0
2023-12-06,Missouri,Missouri St.,3974384,81,63,3894,0
2023-12-06,Evansville,IU Indy,3974381,75,81,375,0
2023-12-06,Tulane,New Orleans,3974363,90,63,1026,0
2023-12-06,Iowa St.,Iowa,3953889,58,67,14267,0
2023-12-06,Furman,Bob Jones,4472483,124,44,301,0
2023-12-06,Kentucky,Minnesota,3954245,57,76,3386,0
2023-12-06,Sacred Heart,NJIT,3974454,57,48,402,0
2023-12-06,Princeton,Quinnipiac,3974449,79,70,640,0
2023-12-06,Boston College,Massachusetts,3974447,95,57,536,0
2023-12-06,UConn,Ball St.,3974445,90,63,9273,0
2023-12-06,North Carolina,UNC Greensboro,3974442,81,66,2066,0
2023-12-06,Cleveland St.,Niagara,3974440,87,56,303,0
2023-12-06,South Carolina,Morgan St.,3974439,104,38,16181,0
2023-12-06,Providence,Rhode Island,3974437,51,50,790,0
2023-12-06,Saint Peter's,Wagner,3974436,67,69,394,0
2023-12-06,Purdue,Southeast Mo. St.,3954031,83,57,3412,0
2023-12-06,FDU,Bloomfield,3974294,86,38,54,0
2023-12-06,Central Conn. St.,UAlbany,3974295,37,56,307,0
2023-12-06,Western Mich.,Detroit Mercy,3974301,59,62,640,0
2023-12-06,Columbia,Memphis,3974385,76,66,907,0
2023-12-06,American,Monmouth,3974407,60,72,212,0
2023-12-06,Virginia,Rider,3974410,78,51,3676,0
2023-12-06,Queens (NC),Presbyterian,3974423,60,68,104,0
2023-12-06,Marist,Drexel,3974425,36,51,952,0
2023-12-06,Notre Dame,Lafayette,3974427,96,42,4745,0
2023-12-06,Kansas St.,McNeese,3974394,101,39,3245,0
2023-12-06,Kansas,Houston Christian,3974396,79,57,2434,0
2023-12-06,Wilmington (DE),Delaware St.,3974304,39,108,250,0
2023-12-06,Middle Tenn.,Tennessee,3974305,73,62,5015,1
2023-12-06,Weber St.,Nevada,3974388,57,55,385,0
2023-12-06,Saint Louis,Southern Ind.,3974297,89,53,416,0
2023-12-06,Texas,Long Beach St.,3974406,106,62,5087,0
2023-12-06,Boise St.,CSU Bakersfield,3974398,87,66,838,0
2023-12-06,Fresno St.,Cal St. Fullerton,3974393,68,77,320,0
2023-12-06,Idaho St.,Utah Valley,3974299,54,50,843,0
2023-12-06,Utah Tech,California Baptist,3974430,69,78,395,0
2023-12-07,Florida St.,Jacksonville,3974527,99,73,3169,0
2023-12-07,Eastern Ill.,North Dakota,3974482,67,55,2546,0
2023-12-07,Wake Forest,Charlotte,3974525,58,69,971,0
2023-12-07,Holy Cross,Connecticut Col.,3974555,80,39,490,0
2023-12-07,James Madison,William & Mary,3974538,75,56,2441,0
2023-12-07,Butler,Vanderbilt,3974475,39,51,873,0
2023-12-07,FGCU,Gardner-Webb,3974554,102,53,1251,0
2023-12-07,Clemson,Duke,3974553,80,64,910,0
2023-12-07,Delaware,Old Dominion,3974552,53,57,1325,0
2023-12-07,Saint Joseph's,Utah,3974550,48,74,646,0
2023-12-07,Lehigh,La Salle,3974549,106,60,703,0
2023-12-07,Hofstra,Iona,3974539,54,59,343,0
2023-12-07,Lindenwood,Eastern Mich.,3974522,71,64,317,0
2023-12-07,Siena,Fordham,3974535,65,62,658,0
2023-12-07,Fairfield,St. John's (NY),3974478,67,62,850,0
2023-12-07,SFA,Portland,3974532,76,71,1182,0
2023-12-07,Milwaukee,St. Thomas (MN),3974533,65,67,704,0
2023-12-07,Arkansas,Louisiana Tech,3974547,100,60,2599,0
2023-12-07,Arizona,UC San Diego,3974479,81,38,6702,0
2023-12-07,New Mexico,Southern Utah,3974474,40,58,4526,0
2023-12-07,San Diego,San Diego St.,3974528,63,67,637,0
2023-12-07,California,Gonzaga,3974477,70,78,1109,0
2023-12-07,UCLA,CSUN,3974548,111,48,2493,0
2023-12-08,Drake,North Dakota St.,3974563,77,67,6424,0
2023-12-08,Arizona St.,Grand Canyon,3974564,59,66,2104,0
2023-12-08,Dartmouth,Navy,3974572,65,52,459,0
2023-12-08,Florida A&M,South Alabama,3974604,65,68,247,0
2023-12-08,Colgate,Le Moyne,3974592,65,57,210,0
2023-12-08,Binghamton,Canisius,3974597,64,71,1027,0
2023-12-08,Seton Hall,Central Conn. St.,3974602,77,46,537,0
2023-12-08,Miami (FL),DePaul,3974603,75,70,2172,0
2023-12-08,Davidson,High Point,3974600,77,40,362,0
2023-12-08,Merrimack,Penn,3974561,62,71,413,0
2023-12-08,East Texas A&M,Houston,3974560,53,86,1189,0
2023-12-08,Pacific,UC Santa Barbara,3974589,72,61,524,0
2023-12-08,Oregon,Idaho,3974562,59,51,5153,0
2023-12-08,Saint Mary's (CA),Montana St.,3974598,59,53,271,0
2023-12-09,Manhattan,Vermont,3974650,53,43,402,0
2023-12-09,New Hampshire,Brown,3974648,52,53,218,0
2023-12-09,Yale,Providence,3974642,58,63,411,0
2023-12-09,Mount St. Mary's,George Mason,3974685,30,77,624,0
2023-12-09,Arkansas St.,Louisiana Tech,3974615,69,58,2699,0
2023-12-09,Miami (OH),Dayton,3974756,60,73,443,0
2023-12-09,Bellarmine,Asbury,3974742,90,65,673,0
2023-12-09,Ohio,Syracuse,3974746,62,82,4623,0
2023-12-09,Texas A&M,Robert Morris,3974638,67,36,3558,0
2023-12-09,Michigan St.,Nebraska,3953930,74,80,3194,0
2023-12-09,Drexel,Buffalo,3974800,65,57,491,0
2023-12-09,Bethune-Cookman,Warner,3974788,85,47,206,0
2023-12-09,UMES,FDU,3974825,54,47,183,0
2023-12-09,Central Ark.,Central Baptist,4472543,69,32,380,0
2023-12-09,Valparaiso,Chicago St.,3974713,83,64,376,0
2023-12-09,Southern Ind.,Eastern Mich.,3974691,72,51,513,0
2023-12-09,UAlbany,Marist,3974635,49,39,858,0
2023-12-09,Morgan St.,UMBC,3974634,65,42,298,0
2023-12-09,N.C. A&T,Mercer,3974838,52,55,1054,0
2023-12-09,Nicholls,UAB,3974620,62,73,344,0
2023-12-09,Chattanooga,North Ala.,3974826,68,65,1233,0
2023-12-09,George Washington,Coppin St.,3974624,55,41,432,0
2023-12-09,Oakland,Central Mich.,3974631,79,76,604,0
2023-12-09,Oklahoma,UNLV,3974616,76,92,4246,0
2023-12-09,North Texas,Alcorn,3974850,84,50,1375,0
2023-12-09,Rice,Gonzaga,3974823,72,80,1367,0
2023-12-09,Loyola Chicago,Milwaukee,3974810,60,47,328,0
2023-12-09,Oklahoma St.,Texas St.,3974808,67,52,1753,0
2023-12-09,Denver,Stetson,3974722,74,52,273,0
2023-12-09,Air Force,Northern Colo.,3974707,68,60,210,0
2023-12-09,UNI,South Dakota St.,3974617,59,78,4193,0
2023-12-09,Alabama,SFA,3974786,74,69,2202,0
2023-12-09,Wright St.,Eastern Ill.,3974884,81,67,1219,0
2023-12-09,Southern U.,La. Christian,3974860,101,45,659,0
2023-12-09,Utah Tech,Weber St.,3974809,67,77,367,0
2023-12-09,Rutgers,Indiana,3954222,56,66,3525,0
2023-12-09,Saint Francis,Youngstown St.,3974630,32,69,124,0
2023-12-09,Utah Valley,Utah St.,3974774,68,38,472,0
2023-12-09,Purdue Fort Wayne,St. Thomas (MN),3974882,59,64,1838,0
2023-12-09,UTEP,Portland,3974837,63,68,1221,0
2023-12-09,BYU,Boise St.,3974790,65,50,2722,0
2023-12-09,USC Upstate,Furman,3974626,61,58,259,0
2023-12-09,Northern Ky.,Kentucky St.,3974891,74,70,890,0
2023-12-09,Troy,UT Martin,3974618,71,59,1484,0
2023-12-09,Southern Ill.,Saint Louis,3974637,75,67,600,0
2023-12-09,Austin Peay,Murray St.,3974628,85,93,5458,0
2023-12-09,San Francisco,Northern Ariz.,3974822,76,92,225,0
2023-12-09,Pepperdine,California Baptist,3974771,57,60,184,0
2023-12-09,Oregon,Portland St.,3974636,65,54,5324,0
2023-12-09,California,Nevada,3974629,76,49,1024,0
2023-12-09,Cal Poly,Fresno St.,3974832,84,59,1256,0
2023-12-09,Kansas St.,Missouri,3974901,84,56,3500,1
2023-12-09,Boston U.,Harvard,3974918,80,77,893,0
2023-12-09,Western Caro.,UNC Asheville,3974920,48,59,581,0
2023-12-09,Saint Joseph's,Villanova,3974919,73,67,863,0
2023-12-09,Oregon St.,Jackson St.,3974627,78,58,3583,0
2023-12-09,Eastern Wash.,Walla Walla,3974911,82,33,429,0
2023-12-09,Montana,Colorado St.,3974917,69,78,2411,0
2023-12-10,Iona,Sacred Heart,3974939,60,50,1021,0
2023-12-10,Boston College,Siena,3974944,88,59,733,0
2023-12-10,Duke,FGCU,3974943,82,63,1573,0
2023-12-10,Massachusetts,UMass Lowell,3974940,64,52,1111,0
2023-12-10,Florida St.,UCLA,3974936,78,95,8428,1
2023-12-10,Indiana St.,Southeast Mo. St.,3974947,65,57,1216,0
2023-12-10,South Fla.,Gardner-Webb,3974959,105,75,2346,0
2023-12-10,Maryland,Northwestern,3954528,71,58,5127,0
2023-12-10,Ohio St.,Penn St.,3954339,94,84,6032,0
2023-12-10,Merrimack,Dartmouth,3974932,45,49,754,0
2023-12-10,ETSU,Lees-McRae,3974971,77,42,4121,0
2023-12-10,Tulsa,Florida,3975004,72,64,2205,0
2023-12-10,Tennessee Tech,Middle Tenn.,3974958,47,63,1107,0
2023-12-10,South Dakota,Dickinson St.,3974957,108,46,1483,0
2023-12-10,Arkansas,Ark.-Pine Bluff,3974956,70,74,3330,0
2023-12-10,Tulane,Howard,3974946,67,52,1243,0
2023-12-10,NIU,Detroit Mercy,3974926,75,66,330,0
2023-12-10,Wichita St.,Kansas,3974924,56,76,1991,0
2023-12-10,Minnesota,Purdue,3954032,60,58,3834,0
2023-12-10,Butler,Chicago St.,3974928,84,51,654,0
2023-12-10,Wake Forest,Norfolk St.,3974999,51,46,843,0
2023-12-10,Virginia Tech,Radford,3974995,85,40,5062,0
2023-12-10,Duquesne,Kent St.,3974925,89,82,1054,0
2023-12-10,Temple,Penn,3974929,61,47,1364,0
2023-12-10,Fairfield,Fordham,3974931,77,74,645,0
2023-12-10,Toledo,Loyola Maryland,3974934,65,35,3860,0
2023-12-10,American,Towson,3974965,60,68,379,0
2023-12-10,NC State,Liberty,3974968,80,67,5500,0
2023-12-10,UNC Greensboro,Elon,3974970,52,47,317,0
2023-12-10,Coastal Carolina,UNC Pembroke,3974973,73,49,506,0
2023-12-10,Queens (NC),Columbia (SC),3974976,83,62,129,0
2023-12-10,Richmond,App State,3974980,80,77,1395,0
2023-12-10,Quinnipiac,Holy Cross,3974981,66,63,587,0
2023-12-10,Cleveland St.,Akron,3974982,71,62,262,0
2023-12-10,Tennessee,Eastern Ky.,3974984,72,63,7785,0
2023-12-10,Columbia,Wagner,3974985,79,50,924,0
2023-12-10,Georgia Tech,Georgia St.,3974986,94,70,1727,0
2023-12-10,St. John's (NY),Rhode Island,3974988,55,44,316,0
2023-12-10,West Virginia,Delaware St.,3974990,107,43,1522,0
2023-12-10,Pittsburgh,Lehigh,3974992,94,82,983,0
2023-12-10,Cincinnati,Xavier,3974993,69,47,5013,0
2023-12-10,Louisville,Kentucky,3974994,73,61,11291,0
2023-12-10,South Carolina,Utah,3975008,78,69,8428,1
2023-12-10,Wisconsin,Iowa,3953890,65,87,14252,0
2023-12-10,Lipscomb,Johnson (TN),3974960,85,49,279,0
2023-12-10,Wyoming,Creighton,3974951,61,73,2204,0
2023-12-10,LSU,Louisiana,3974962,83,53,10794,0
2023-12-10,Alabama,Samford,3974972,69,39,2135,0
2023-12-10,Illinois St.,Marquette,3974979,62,64,2129,0
2023-12-10,Tarleton St.,UIW,3974983,42,57,419,0
2023-12-10,Memphis,Southern Miss.,3974987,69,67,1077,0
2023-12-10,Western Ky.,Ball St.,3974989,59,67,1008,0
2023-12-10,Kansas City,Western Ill.,3974991,68,60,561,0
2023-12-10,Alabama A&M,South Carolina St.,3974997,62,44,831,0
2023-12-10,Little Rock,Auburn,3974998,45,58,1378,0
2023-12-10,TCU,Prairie View,3975003,85,41,0,0
2023-12-10,Sam Houston,Texas Col.,3975005,114,51,377,0
2023-12-10,Omaha,Peru St.,3975006,92,70,262,0
2023-12-10,Illinois,Michigan,3954575,48,84,3763,0
2023-12-10,Washington St.,Washington,3974935,55,60,1455,0
2023-12-10,Winthrop,CarolinaU,3975010,77,52,221,0
2023-12-10,New Mexico,Hampton,3974927,68,55,4638,0
2023-12-10,UC Davis,Saint Mary's (CA),3974996,87,66,663,0
2023-12-10,LMU (CA),Master's,3974977,58,46,202,0
2023-12-10,CSUN,San Diego,3974961,61,85,244,0
2023-12-10,Santa Clara,Menlo,3974978,80,39,198,0
2023-12-10,UConn,North Carolina,3975012,76,64,8428,1
2023-12-10,Iowa St.,North Dakota St.,3974933,89,59,9808,0
2023-12-10,Southern California,UC Riverside,3974930,85,53,4201,0
2023-12-11,UCF,New Orleans,3975020,72,45,1238,0
2023-12-11,Morehead St.,Wheeling,3975016,53,49,1000,0
2023-12-11,Lindenwood,Harris-Stowe,3975019,99,54,893,0
2023-12-11,Grambling,Wiley,3975040,109,41,987,0
2023-12-11,Seattle U,San Diego St.,3975014,61,69,737,0
2023-12-11,Chicago St.,Ga. Southern,3975021,67,111,48,0
2023-12-11,Marshall,Salem (WV),3975022,115,56,932,0
2023-12-11,Lafayette,Monmouth,3975037,47,68,432,0
2023-12-11,Stony Brook,Longwood,3975017,85,49,615,0
2023-12-11,Jacksonville,N.C. Central,3975043,70,67,72,0
2023-12-11,VCU,Delaware,3975049,64,55,1014,1
2023-12-11,Abilene Christian,McMurry,3975038,91,55,977,0
2023-12-11,Villanova,Princeton,3975047,58,61,1119,0
2023-12-11,Seton Hall,FDU,3975046,67,27,681,0
2023-12-11,Col. of Charleston,Jacksonville St.,3975015,69,58,122,0
2023-12-11,Mississippi St.,Kennesaw St.,3975042,91,50,4085,0
2023-12-11,Oral Roberts,Okla. Wesleyan,3975045,112,48,1397,0
2023-12-11,Oregon,Southern U.,3975018,67,37,5307,0
2023-12-12,Bethune-Cookman,Johnson (FL),3975052,96,24,412,0
2023-12-12,Boston College,Stonehill,3975054,101,37,3630,0
2023-12-12,Wright St.,Bowling Green,3975055,48,69,7574,0
2023-12-12,Maryland,Towson,3954612,99,51,14994,0
2023-12-12,Houston,Texas Southern,3975056,89,42,3658,0
2023-12-12,UAB,South Carolina St.,3975058,69,54,289,0
2023-12-12,Boise St.,Rocky Mountain,3975059,67,46,2732,0
2023-12-12,Boston U.,Emmanuel (MA),3975093,80,47,360,0
2023-12-12,NJIT,Saint Peter's,3975107,66,47,250,0
2023-12-12,UAlbany,Dartmouth,3975051,68,57,792,0
2023-12-12,Ole Miss,Mississippi Val.,3975095,84,56,2443,0
2023-12-12,ULM,Northwestern St.,3975096,76,60,247,0
2023-12-12,LSU,McNeese,3975097,133,44,10653,0
2023-12-12,South Dakota St.,Dordt,3975105,66,54,1438,0
2023-12-12,New Mexico St.,Western N.M.,3975085,89,54,432,0
2023-12-12,Portland St.,Bushnell,3975091,69,60,287,0
2023-12-12,Weber St.,Westminster (UT),3975109,61,47,386,0
2023-12-13,UT Martin,Freed-Hardeman,3975147,69,41,3130,0
2023-12-13,Minnesota,Grambling,3954246,96,64,5291,0
2023-12-13,Texas Tech,UIW,3975117,76,35,13743,0
2023-12-13,North Florida,Piedmont,3975158,105,66,101,0
2023-12-13,Louisville,Morehead St.,3975119,74,48,7086,0
2023-12-13,Bryant,Fisher,3975128,93,20,200,0
2023-12-13,Liberty,Radford,3975146,45,57,603,0
2023-12-13,Louisiana,Lamar University,3975122,60,63,648,0
2023-12-13,Cincinnati,Howard,3975154,87,62,573,0
2023-12-13,Princeton,Rutgers,3728209,66,55,1307,0
2023-12-13,Samford,LaGrange,3975156,76,50,264,0
2023-12-13,St. Thomas (MN),Wisconsin,3954155,55,78,883,0
2023-12-13,Green Bay,UIC,3975157,64,56,1738,0
2023-12-13,DePaul,Northwestern,3954530,90,65,1050,0
2023-12-13,Auburn,Alabama St.,3975159,94,37,2246,0
2023-12-13,Marquette,Creighton,3975163,76,70,1503,0
2023-12-13,South Dakota,Mt. Marty,3975164,100,35,1336,0
2023-12-13,Arizona,Texas,3975114,75,88,7261,0
2023-12-14,Ga. Southern,Charleston So.,3975177,81,59,2808,0
2023-12-14,Austin Peay,Fisk,3975170,72,64,1371,0
2023-12-14,Duquesne,Longwood,3975168,89,69,434,0
2023-12-14,Fla. Atlantic,FIU,3975173,62,65,2068,0
2023-12-14,Campbell,Lancaster Bible,3975179,99,28,2809,0
2023-12-14,Baylor,Delaware St.,3975176,99,37,9898,0
2023-12-14,Tennessee Tech,Tenn. Wesleyan,3975178,104,43,5887,0
2023-12-14,Bradley,Quincy,3975175,79,73,2222,0
2023-12-14,UMass Lowell,Dartmouth,3975169,52,58,316,0
2023-12-14,Winthrop,Georgia St.,3975210,65,60,211,0
2023-12-14,McNeese,Centenary (LA),3975197,93,46,1714,0
2023-12-14,Bellarmine,Camp. Harrodsburg,3975212,95,44,350,0
2023-12-14,UTSA,Houston,3975208,64,66,869,0
2023-12-14,ETSU,UNC Asheville,3975224,60,51,412,0
2023-12-14,Lipscomb,Chattanooga,3975204,62,72,533,0
2023-12-14,Louisiana Tech,SMU,3975202,53,69,1655,0
2023-12-14,Murray St.,Little Rock,3975206,98,79,937,0
2023-12-14,Temple,Delaware,3975221,72,65,1109,0
2023-12-14,UNC Greensboro,N.C. Central,3975215,66,55,252,0
2023-12-14,Furman,Elon,3975174,73,47,518,0
2023-12-14,UTRGV,A&M-Corpus Christi,3975213,51,57,718,0
2023-12-14,Mississippi St.,Jackson St.,3975211,82,72,4423,0
2023-12-14,Kansas City,Alabama A&M,3975220,57,52,530,0
2023-12-14,Texas St.,Denver,3975217,72,46,771,0
2023-12-14,Arkansas St.,North Ala.,3975214,82,78,836,0
2023-12-14,Oral Roberts,Science & Arts Okla.,3975219,94,67,1826,0
2023-12-15,California,Eastern Wash.,3975234,78,70,4112,0
2023-12-15,Bethune-Cookman,Trinity Baptist,3975261,114,37,103,0
2023-12-15,NJIT,Saint Francis,3975275,68,41,196,0
2023-12-15,Ohio St.,Grand Valley St.,3954628,73,49,4583,0
2023-12-15,Jacksonville,Marshall,3975231,77,102,215,0
2023-12-15,Tennessee St.,Eastern Ky.,3975248,69,79,174,0
2023-12-15,Presbyterian,South Carolina St.,3975277,63,52,90,0
2023-12-15,Eastern Ill.,Milwaukee,3975273,52,59,175,0
2023-12-15,Southeastern La.,South Alabama,3975288,60,67,629,0
2023-12-15,IU Indy,Eastern Mich.,3975287,74,84,414,0
2023-12-15,North Carolina,Western Caro.,3975285,96,36,2643,0
2023-12-15,Xavier,SIUE,3975284,68,43,361,0
2023-12-15,Tulsa,Texas Southern,3975279,82,45,1153,0
2023-12-15,UIC,Chicago St.,3975232,76,46,942,0
2023-12-15,North Dakota,Mayville St.,3975280,68,75,1322,0
2023-12-15,Gardner-Webb,App State,3975281,82,78,117,0
2023-12-15,Long Beach St.,Colorado St.,3975272,77,76,637,1
2023-12-15,Oregon St.,Santa Clara,3975274,80,52,3522,0
2023-12-15,Stanford,Portland,3975229,81,51,2875,0
2023-12-16,Michigan,Miami (OH),3954289,75,49,3065,0
2023-12-16,Robert Morris,Col. of Charleston,3975313,71,65,207,0
2023-12-16,UConn,Louisville,3975314,86,62,13028,0
2023-12-16,Iona,Niagara,3975333,48,67,914,0
2023-12-16,Virginia,Wofford,3975331,70,71,3955,0
2023-12-16,Seton Hall,UNLV,3975356,84,54,522,0
2023-12-16,South Carolina,Presbyterian,3975378,99,29,15176,0
2023-12-16,St. Bonaventure,Youngstown St.,3975323,55,47,225,0
2023-12-16,Arkansas,Samford,3975319,68,54,2513,0
2023-12-16,Georgia,Georgia Tech,3975417,53,64,3744,0
2023-12-16,UT Martin,South Dakota,3975324,74,80,758,0
2023-12-16,Missouri St.,Wichita St.,3975299,72,65,3001,0
2023-12-16,Hofstra,Farmingdale St.,3975412,113,24,351,0
2023-12-16,UAlbany,Stonehill,3975445,77,38,790,0
2023-12-16,Clemson,Georgia St.,3975439,72,78,770,0
2023-12-16,Fairfield,Mount St. Mary's,3975437,62,44,612,0
2023-12-16,Fla. Atlantic,Howard,3975436,45,46,389,0
2023-12-16,Vermont,Duquesne,3975434,77,61,871,0
2023-12-16,Saint Peter's,Marist,3975426,51,42,193,0
2023-12-16,Siena,Canisius,3975392,63,65,512,0
2023-12-16,Buffalo,Le Moyne,3975381,61,66,1365,0
2023-12-16,Manhattan,Rider,3975304,73,39,202,0
2023-12-16,George Washington,Hampton,3975297,46,40,378,0
2023-12-16,Richmond,Liberty,3975295,99,73,747,0
2023-12-16,McNeese,Tarleton St.,3975355,64,88,1667,0
2023-12-16,Louisiana Tech,Alcorn,3975387,49,47,1712,0
2023-12-16,Rice,Prairie View,3975427,85,59,765,0
2023-12-16,Austin Peay,Bryan,3975302,90,57,1477,0
2023-12-16,Sam Houston,UT Arlington,3975444,65,76,407,0
2023-12-16,New Mexico St.,Utah Valley,3975391,70,39,351,0
2023-12-16,UIW,St. Edward's,3975430,57,49,164,0
2023-12-16,Evansville,Lindenwood,3975422,70,68,369,0
2023-12-16,Auburn,Norfolk St.,3975388,67,39,2396,0
2023-12-16,Air Force,Weber St.,3975344,70,58,214,0
2023-12-16,CSU Bakersfield,Pepperdine,3975338,60,80,386,0
2023-12-16,Nevada,Stanislaus St.,3975337,88,53,1279,0
2023-12-16,Wagner,UMES,3975467,50,72,264,0
2023-12-16,California Baptist,Cal St. Fullerton,3975305,73,68,401,0
2023-12-16,Utah Tech,Bethesda (CA),3975420,110,35,291,0
2023-12-16,Washington,Saint Mary's (CA),3975300,64,32,2490,0
2023-12-16,St. Thomas (MN),Wis.-Stevens Point,3975456,82,49,303,0
2023-12-16,BYU,Idaho St.,3975406,79,76,1911,0
2023-12-16,Baylor,Miami (FL),3975310,75,57,2279,1
2023-12-16,Fresno St.,Sacramento St.,3975448,68,47,2722,0
2023-12-16,Portland St.,San Francisco,3975421,63,74,367,0
2023-12-16,Providence,Sacred Heart,3975479,66,35,584,0
2023-12-16,Green Bay,Saint Louis,3975465,87,54,1756,0
2023-12-16,Kansas St.,North Florida,3975466,79,53,3419,0
2023-12-16,Kansas,Central Ark.,3975472,69,48,2861,0
2023-12-16,St. John's (NY),Villanova,3975490,51,46,12720,0
2023-12-16,South Fla.,NC State,3975496,54,66,4959,0
2023-12-16,Iowa,Cleveland St.,3953892,104,75,14786,1
2023-12-16,Southern Utah,Utah,3975480,60,96,715,0
2023-12-16,Long Beach St.,Pacific,3975478,86,90,834,1
2023-12-16,Cal Poly,Montana,3975491,65,67,752,0
2023-12-16,Utah St.,Northern Colo.,3975303,57,75,238,0
2023-12-16,Colorado St.,UC Irvine,3975497,69,63,834,1
2023-12-17,Notre Dame,Purdue,3954033,76,39,9149,0
2023-12-17,Dayton,Ohio Dominican,3975512,83,64,2013,0
2023-12-17,Kentucky,Furman,3975517,75,45,3287,0
2023-12-17,Elon,Marshall,3975504,77,84,594,0
2023-12-17,William & Mary,Longwood,3975527,86,49,1096,0
2023-12-17,Penn St.,Saint Francis,3954340,119,43,1929,0
2023-12-17,Nebraska,Southern U.,3953931,76,51,4488,0
2023-12-17,La Salle,Temple,3975522,61,85,412,0
2023-12-17,VCU,Old Dominion,3975524,64,50,756,0
2023-12-17,Maine,James Madison,3975518,71,78,984,0
2023-12-17,Alabama,ULM,3975511,70,54,2188,0
2023-12-17,Iowa St.,Troy,3975508,105,68,9089,0
2023-12-17,Michigan St.,Central Mich.,3954423,91,67,4340,0
2023-12-17,Vanderbilt,Lipscomb,3975520,72,50,2258,0
2023-12-17,Jacksonville St.,Coastal Carolina,3975450,84,72,1012,0
2023-12-17,Oklahoma St.,Southern Ill.,3975521,76,58,2001,0
2023-12-17,Montana St.,Wyoming,3975513,64,55,1501,0
2023-12-17,Oregon,UTSA,3975515,61,48,5549,0
2023-12-17,Georgetown,Wake Forest,3975552,60,44,783,0
2023-12-17,Delaware St.,New Jersey City,4489334,95,57,250,0
2023-12-17,Holy Cross,Northeastern,3975510,65,41,393,0
2023-12-17,Kennesaw St.,Belmont,3975509,54,65,459,0
2023-12-17,Stetson,Morgan St.,3975507,56,48,228,0
2023-12-17,Mercer,Jacksonville,3975505,74,63,1017,0
2023-12-17,Bucknell,Merrimack,3975501,64,44,286,0
2023-12-17,Drexel,Florida St.,3975500,56,76,476,0
2023-12-17,Western Mich.,Purdue Fort Wayne,3975560,78,76,826,0
2023-12-17,ETSU,Campbell,3975558,54,39,683,0
2023-12-17,Binghamton,Coppin St.,3975553,64,52,909,0
2023-12-17,Radford,Queens (NC),3975544,62,46,647,0
2023-12-17,Gardner-Webb,Florida,3975567,37,115,270,0
2023-12-17,LSU,Northwestern St.,3975534,81,36,11432,0
2023-12-17,Southern Ind.,Cincinnati,3975545,56,58,746,0
2023-12-17,Marquette,App State,3975551,99,91,1915,0
2023-12-17,Northwestern,Bradley,3954531,86,66,1797,0
2023-12-17,TCU,Lamar University,3975557,68,51,1947,0
2023-12-17,Memphis,Mississippi St.,3975503,63,81,1636,0
2023-12-17,Drake,Creighton,3975502,78,89,3108,0
2023-12-17,Middle Tenn.,SFA,3975499,72,47,3359,0
2023-12-17,DePaul,Alabama St.,3975495,98,69,1278,0
2023-12-17,Arkansas St.,Little Rock,3975532,74,59,1008,0
2023-12-17,New Mexico,Western N.M.,3975549,71,47,4889,0
2023-12-17,Illinois,Missouri,3954576,66,69,4790,0
2023-12-17,Idaho,Grand Canyon,3975539,63,65,1034,0
2023-12-17,Gonzaga,South Dakota St.,3975540,83,58,5120,0
2023-12-17,Portland,Willamette,3975554,83,40,425,0
2023-12-17,Washington St.,Houston,3975514,95,48,956,0
2023-12-17,Louisiana,North Texas,3975570,48,71,816,0
2023-12-17,Rutgers,Virginia Tech,3728210,59,84,4731,0
2023-12-17,Ohio,Indiana St.,3975525,65,62,355,0
2023-12-17,Chattanooga,Eastern Ky.,3975576,52,44,1322,0
2023-12-17,Oakland,Toledo,3975556,65,78,628,0
2023-12-17,UC Santa Barbara,LMU (CA),3975571,57,64,424,0
2023-12-17,Arizona St.,Arizona,3975506,52,91,3907,0
2023-12-18,West Virginia,Wright St.,3975591,77,72,7535,0
2023-12-18,Central Conn. St.,Colgate,3975578,69,54,1511,0
2023-12-18,Marist,Canisius,3975592,62,67,742,0
2023-12-18,USC Upstate,UNC Greensboro,3975594,53,56,818,0
2023-12-18,Loyola Chicago,SIUE,3975593,77,74,3747,0
2023-12-18,New Orleans,Tarleton St.,3975595,67,59,877,0
2023-12-18,FIU,Texas St.,3975602,61,67,332,1
2023-12-18,UNC Asheville,N.C. Central,3975635,63,65,263,0
2023-12-18,Morehead St.,Davis & Elkins,4472704,83,28,465,0
2023-12-18,Western Caro.,Murray St.,3975628,79,89,285,0
2023-12-18,Chicago St.,Alabama A&M,3975589,43,80,331,1
2023-12-18,Houston Christian,Schreiner,3975616,66,40,267,0
2023-12-18,UCF,Fla. Atlantic,3975627,58,59,797,0
2023-12-18,CSUN,San Jose St.,3975621,53,70,149,0
2023-12-18,Pepperdine,Northern Ariz.,3975622,62,80,160,0
2023-12-18,NIU,Eastern Ill.,3975580,65,55,326,0
2023-12-18,East Carolina,George Mason,3975664,65,44,1141,0
2023-12-18,Charleston So.,Charlotte,3975666,60,65,143,0
2023-12-18,Bellarmine,Detroit Mercy,3975673,49,59,252,0
2023-12-18,Ohio St.,UCLA,3954629,71,77,6800,0
2023-12-18,Texas Southern,Omaha,3975660,63,68,300,0
2023-12-18,Tennessee Tech,Northern Ky.,3975667,77,59,696,0
2023-12-18,Rider,Quinnipiac,3975685,57,60,354,0
2023-12-18,Indiana,Evansville,3954592,109,56,8227,0
2023-12-18,Louisiana Tech,California Baptist,3975663,77,51,1527,0
2023-12-18,South Alabama,Ole Miss,3975582,41,64,617,0
2023-12-18,Syracuse,Cornell,3975682,78,71,1772,0
2023-12-18,Robert Morris,Fairmont St.,3975681,66,55,173,0
2023-12-18,UConn,Butler,3975679,88,62,9354,0
2023-12-18,Saint Peter's,Niagara,3975677,57,74,330,0
2023-12-18,Mount St. Mary's,Siena,3975676,55,61,227,0
2023-12-18,High Point,Norfolk St.,3975674,71,85,755,0
2023-12-18,Davidson,UNCW,3975579,75,56,873,0
2023-12-18,Fairfield,Manhattan,3975586,82,58,463,0
2023-12-18,Kansas St.,Oral Roberts,3975670,102,59,2935,0
2023-12-18,Western Ky.,Abilene Christian,3975672,72,68,932,0
2023-12-18,Kansas City,Kansas Christian,3975680,121,37,408,0
2023-12-18,SMU,Sam Houston,3975684,69,64,1186,0
2023-12-18,Texas A&M,Mississippi Val.,3975675,95,45,3439,0
2023-12-18,Utah St.,Western Colo.,3975585,49,51,202,0
2023-12-18,Saint Mary's (CA),Cal St. East Bay,3975671,83,67,212,0
2023-12-18,Southern California,Cal St. Fullerton,3975584,93,44,1962,0
2023-12-19,Kent St.,Lake Erie,3975706,84,20,1791,0
2023-12-19,Stetson,N.C. A&T,3975707,54,57,162,1
2023-12-19,A&M-Corpus Christi,Our Lady of the Lake,3975704,77,33,1400,0
2023-12-19,Louisiana,LSU-Shreveport,3975703,64,46,3572,0
2023-12-19,Pittsburgh,Ball St.,3975718,62,73,108,1
2023-12-19,FIU,Alabama A&M,3975692,87,63,321,1
2023-12-19,Elon,Mount Olive,3975691,65,39,581,0
2023-12-19,Clemson,Air Force,3975732,70,54,870,0
2023-12-19,Bethune-Cookman,Valparaiso,3975735,61,35,162,1
2023-12-19,Georgia St.,LaGrange,3975742,93,51,2034,0
2023-12-19,Texas St.,Chicago St.,3975737,84,76,321,1
2023-12-19,UCF,Morgan St.,3975758,67,41,787,0
2023-12-19,Samford,North Ala.,3975694,64,69,376,0
2023-12-19,Seattle U,UTSA,3975711,64,75,339,0
2023-12-19,Ga. Southern,Hampton,3975766,74,48,407,1
2023-12-19,Idaho,Saint Martin's,3975688,63,44,2155,0
2023-12-19,Utah Tech,Oregon,3975755,92,86,486,1
2023-12-19,Navy,Goucher,3975806,105,50,362,0
2023-12-19,Tennessee,Wofford,3975813,85,63,7900,0
2023-12-19,Long Beach St.,San Francisco,3975769,81,79,547,0
2023-12-19,Bowling Green,South Carolina,3975689,62,93,4195,0
2023-12-19,Col. of Charleston,South Carolina St.,3975815,84,64,315,0
2023-12-19,Illinois St.,Saint Louis,3975811,87,81,1281,0
2023-12-19,Jacksonville St.,UT Arlington,3975812,64,69,912,0
2023-12-19,Southeast Mo. St.,Eastern Ky.,3975790,48,57,510,0
2023-12-19,Green Bay,Wis.-Parkside,3975814,94,55,1850,0
2023-12-19,Denver,Colo. Christian,3975803,81,59,260,0
2023-12-19,UC Riverside,Santa Clara,3975807,46,76,113,0
2023-12-19,Oklahoma,North Carolina,3975695,52,61,7027,1
2023-12-19,Texas Tech,Tulsa,3975698,58,66,267,1
2023-12-19,Oregon St.,Southeastern La.,3975697,92,69,882,1
2023-12-20,Holy Cross,Merrimack,3975831,55,43,3316,0
2023-12-20,Saint Joseph's,New Hampshire,3975846,72,54,804,1
2023-12-20,UTEP,UIC,3975840,65,81,62,1
2023-12-20,Stetson,Valparaiso,3975828,78,62,198,1
2023-12-20,Purdue,Indiana St.,3954034,79,63,7177,0
2023-12-20,Georgetown,Seton Hall,3975845,49,57,697,0
2023-12-20,Vermont,Sacred Heart,3975847,70,64,904,0
2023-12-20,Illinois,Arkansas,3954288,59,60,313,1
2023-12-20,Penn St.,Central Conn. St.,3954341,101,73,2764,0
2023-12-20,Georgia,Pittsburgh,3975864,65,59,133,1
2023-12-20,Xavier,DePaul,3975856,55,76,326,0
2023-12-20,FIU,Chicago St.,3975829,73,55,326,1
2023-12-20,North Florida,Winthrop,3975851,55,49,283,0
2023-12-20,Massachusetts,UAlbany,3975855,52,74,1255,0
2023-12-20,American,UMBC,3975865,59,60,129,0
2023-12-20,Grambling,Nicholls,3975912,69,50,87,0
2023-12-20,Tulane,Little Rock,3975850,66,57,721,1
2023-12-20,Wagner,UAB,3975860,39,79,113,1
2023-12-20,Western Ky.,Nevada,3975839,66,60,1619,1
2023-12-20,Alcorn,New Orleans,3975825,59,83,35,0
2023-12-20,Army West Point,Binghamton,3975929,51,73,400,0
2023-12-20,Bethune-Cookman,N.C. A&T,3975872,47,66,198,1
2023-12-20,San Diego St.,Kennesaw St.,3984865,75,52,44,1
2023-12-20,South Fla.,IU Indy,3975842,85,49,313,1
2023-12-20,Liberty,Grand Canyon,3975874,65,52,697,0
2023-12-20,Georgia Tech,USC Upstate,3975879,81,50,1244,0
2023-12-20,Texas A&M,Prairie View,3975822,88,36,1203,0
2023-12-20,Houston,Rice,3975867,71,63,1033,0
2023-12-20,Maryland,James Madison,3954613,78,55,5032,0
2023-12-20,UIW,Texas Lutheran,3975869,70,36,126,0
2023-12-20,Pacific,Cal Maritime,3975876,108,45,2740,0
2023-12-20,Arizona St.,Fresno St.,3975861,80,76,1875,1
2023-12-20,Alabama A&M,Texas St.,3975873,52,63,326,1
2023-12-20,Austin Peay,New Mexico St.,3975858,57,55,1548,1
2023-12-20,Vanderbilt,Dayton,3975868,70,53,1855,0
2023-12-20,Auburn,Washington St.,3975852,69,62,2341,0
2023-12-20,Texas Southern,California Baptist,3975881,62,83,150,0
2023-12-20,Queens (NC),Western Caro.,3975887,63,69,61,0
2023-12-20,Missouri St.,BYU,3975827,56,55,1619,1
2023-12-20,Providence,Baylor,3975892,36,61,313,1
2023-12-20,Central Ark.,Northwestern St.,3971968,75,57,389,0
2023-12-20,Duquesne,Maine,4469492,72,80,712,1
2023-12-20,Stanford,UC Davis,3975824,92,52,2701,0
2023-12-20,Utah Tech,Oklahoma St.,3975877,61,87,417,1
2023-12-20,Southern Miss.,Cleveland St.,3975899,63,70,108,1
2023-12-20,Arizona,Gonzaga,3975886,69,81,1875,1
2023-12-20,Troy,SFA,3975891,98,78,1548,1
2023-12-20,UC Santa Barbara,LIFE Pacific,3975875,107,53,304,0
2023-12-20,Portland St.,Portland,3975878,54,67,449,0
2023-12-20,San Diego,Montana,3975880,52,72,232,1
2023-12-20,ETSU,Gardner-Webb,3975904,60,48,3281,0
2023-12-20,VCU,UMES,3975913,59,36,421,0
2023-12-20,Florida St.,Alabama St.,3975914,110,45,1245,0
2023-12-20,Toronto Metro (CAN),UConn,3975910,34,111,2734,0
2023-12-20,Coppin St.,LSU,3975907,48,80,4100,0
2023-12-20,Michigan,Florida,3954290,65,82,7027,1
2023-12-20,Old Dominion,NC State,3975920,50,87,3874,0
2023-12-20,Alabama,Jacksonville,3975908,99,61,2036,0
2023-12-20,South Dakota,Bradley,3975909,68,47,1487,0
2023-12-20,UC San Diego,Boise St.,3975894,62,56,121,1
2023-12-20,Boston College,Bryant,3975928,94,57,633,0
2023-12-20,Louisville,Washington,3975927,59,51,8018,0
2023-12-20,Miami (FL),Jackson St.,3975926,59,52,2117,0
2023-12-20,Duke,Toledo,3975925,70,45,1482,0
2023-12-20,Coastal Carolina,Chattanooga,3975832,53,49,1036,1
2023-12-20,FGCU,Drexel,3975932,61,35,1416,1
2023-12-20,Wichita St.,Oral Roberts,3975823,74,76,1435,0
2023-12-20,Middle Tenn.,Northern Ky.,3975821,83,42,3314,0
2023-12-20,Iowa St.,UNI,3975830,87,70,9346,0
2023-12-20,Kansas,Nebraska,3953932,69,52,3194,0
2023-12-20,UTRGV,Texas,3975921,51,104,6591,0
2023-12-20,Kansas St.,Southern U.,3975919,84,52,3191,0
2023-12-20,TCU,Omaha,3975922,96,56,1735,0
2023-12-20,Colorado St.,Mississippi St.,3975906,75,82,2126,0
2023-12-20,SIUE,Harris-Stowe,3975931,106,38,283,0
2023-12-20,Milwaukee,Viterbo,3975923,100,37,684,0
2023-12-20,North Dakota St.,Central Mich.,3975924,67,57,608,0
2023-12-20,UC Riverside,Cal Lutheran,3975911,82,49,83,0
2023-12-20,Michigan St.,Richmond,3954426,83,76,1036,1
2023-12-20,Tulsa,Southeastern La.,3975835,48,47,228,1
2023-12-20,Oregon St.,Texas Tech,3975834,77,65,1100,1
2023-12-21,Duquesne,Little Rock,4469493,52,63,565,1
2023-12-21,Syracuse,Saint Francis,3975962,85,43,9109,0
2023-12-21,New Hampshire,Wagner,3996241,73,52,127,1
2023-12-21,Rhode Island,Le Moyne,3975941,97,53,6918,0
2023-12-21,Dartmouth,Lafayette,3975945,55,57,951,0
2023-12-21,Arkansas,UIC,3975961,66,58,452,1
2023-12-21,Fla. Atlantic,San Diego St.,3975960,48,75,46,1
2023-12-21,Purdue Fort Wayne,Aquinas,3975966,77,43,949,0
2023-12-21,Temple,Northwestern,3954533,68,72,2233,0
2023-12-21,George Washington,Stonehill,3975975,67,34,304,0
2023-12-21,Kentucky,Lipscomb,3975964,87,80,3424,0
2023-12-21,Youngstown St.,Canisius,3975963,59,65,2251,0
2023-12-21,Yale,St. John's (NY),3975981,56,75,270,0
2023-12-21,Ball St.,Georgia,3975984,52,51,123,1
2023-12-21,App State,Mercer,3975968,81,78,196,0
2023-12-21,Col. of Charleston,Radford,3975971,74,50,333,0
2023-12-21,Southeast Mo. St.,Evansville,3975948,74,44,400,0
2023-12-21,LIU,Manhattan,3975979,55,66,196,0
2023-12-21,La Salle,Villanova,3975973,60,74,612,0
2023-12-21,Wake Forest,Marshall,3975978,66,59,941,0
2023-12-21,Howard,Hofstra,3975977,49,58,654,0
2023-12-21,FDU,UNLV,3975937,59,71,475,0
2023-12-21,New Mexico St.,Troy,3975967,66,81,1632,1
2023-12-21,BYU,Nevada,3975958,72,59,1674,1
2023-12-21,North Dakota,Drake,3975969,60,108,1361,0
2023-12-21,Marquette,Bucknell,3975974,67,39,2240,0
2023-12-21,Tennessee St.,Tenn. Southern,3975976,86,79,144,0
2023-12-21,Saint Joseph's,UAB,3996242,63,57,434,1
2023-12-21,Butler,Ohio,3975942,69,49,1038,0
2023-12-21,East Carolina,Charleston So.,3975987,75,46,1092,0
2023-12-21,Iona,Stony Brook,3975988,49,71,623,0
2023-12-21,Colgate,St. Bonaventure,3975990,58,45,226,0
2023-12-21,Detroit Mercy,Florida A&M,3975994,72,66,289,0
2023-12-21,Cincinnati,Siena,3976002,71,51,974,0
2023-12-21,Kennesaw St.,Providence,3975995,53,51,48,1
2023-12-21,Illinois,UTEP,3954577,81,71,452,1
2023-12-21,West Virginia,Niagara,3976000,103,52,1304,0
2023-12-21,SMU,Air Force,3975950,75,44,1031,0
2023-12-21,Ark.-Pine Bluff,Ole Miss,3975952,47,62,2246,0
2023-12-21,Sacramento St.,Cal Poly,3975965,55,72,429,0
2023-12-21,Utah,Weber St.,3975972,89,36,4442,0
2023-12-21,South Alabama,Louisiana Tech,3975992,34,68,294,0
2023-12-21,Colorado,Northern Colo.,3975980,78,56,2654,0
2023-12-21,UNC Asheville,UNC Greensboro,3975999,72,71,217,0
2023-12-21,Virginia Tech,William & Mary,3976003,76,43,4887,0
2023-12-21,Delaware St.,Delaware,3975998,69,66,250,0
2023-12-21,UNCW,N.C. Central,3975997,65,70,507,0
2023-12-21,Cornell,Marist,3975946,74,61,684,0
2023-12-21,Charlotte,Davidson,3975944,56,83,1046,0
2023-12-21,Hampton,Saint Peter's,3975943,58,69,429,0
2023-12-21,Tulane,Maine,4469494,64,61,782,1
2023-12-21,Drexel,Cleveland St.,3976015,59,69,108,1
2023-12-21,Arkansas St.,UT Martin,3975938,62,67,683,0
2023-12-21,Presbyterian,Eastern Wash.,3976012,51,92,50,1
2023-12-21,Missouri St.,Western Ky.,3975947,69,68,1674,1
2023-12-21,Baylor,South Fla.,3975959,73,50,452,1
2023-12-21,Austin Peay,SFA,3976008,56,66,1632,1
2023-12-21,Southern Utah,Northern Ariz.,3976001,70,81,452,0
2023-12-21,UCLA,Hawaii,3975991,85,46,2142,0
2023-12-21,CSU Bakersfield,Whittier,3975989,60,52,304,0
2023-12-21,CSUN,LMU (CA),3975985,74,77,135,0
2023-12-21,Utah Valley,Sam Houston,3976018,73,69,304,0
2023-12-21,Akron,Bellarmine,3975939,88,65,1685,0
2023-12-21,Minnesota,Lindenwood,3954247,100,45,3069,0
2023-12-21,Oregon,Oklahoma St.,3976013,70,63,301,1
2023-12-21,California,ULM,3975949,79,55,617,0
2023-12-21,UC San Diego,Montana,3976007,67,68,138,1
2023-12-21,Long Beach St.,Southern California,3975996,77,85,1243,0
2023-12-21,Wyoming,Wright St.,3976009,71,61,50,1
2023-12-21,Notre Dame,Western Mich.,3976020,84,47,5367,0
2023-12-21,Virginia,Fordham,3976019,82,56,4208,0
2023-12-21,Iowa,Loyola Chicago,3953893,98,69,14998,0
2023-12-21,FGCU,Southern Miss.,3976028,78,62,1319,1
2023-12-21,Cal St. Fullerton,Santa Clara,3976021,57,76,176,0
2023-12-21,High Point,Campbell,3976024,48,47,1128,0
2023-12-21,Furman,South Carolina St.,3975953,67,43,502,0
2023-12-21,San Diego,Boise St.,3976016,54,62,203,1
2023-12-21,Creighton,South Dakota St.,3976022,58,46,2056,0
2023-12-21,North Ala.,Tennessee Tech,3976023,67,78,1187,0
2023-12-21,Richmond,Chattanooga,3996243,64,60,723,1
2023-12-21,Oakland,Miami (OH),3975951,66,68,612,0
2023-12-21,Wisconsin,Eastern Ill.,3954156,76,64,3622,0
2023-12-21,Missouri,Kansas City,3976027,85,42,4152,0
2023-12-21,Western Ill.,Cornell College,3976025,116,55,429,0
2023-12-21,Denver,Saint Mary's (CA),3975940,56,61,230,0
2023-12-21,Montana St.,North Texas,3976026,71,58,1396,0
2023-12-21,Coastal Carolina,Michigan St.,3996244,66,105,723,1
2023-12-22,Northeastern,Boston U.,3976033,80,83,352,0
2023-12-22,Towson,George Mason,3976034,76,83,515,0
2023-12-22,Ohio St.,Belmont,3954630,84,55,6336,0
2023-12-22,Oklahoma,Southern U.,3976029,70,79,3731,0
2023-12-22,Lipscomb,Tenn. Wesleyan,3976032,91,52,233,0
2023-12-22,Michigan,Florida A&M,3954291,77,35,2308,0
2023-12-22,Longwood,Ga. Southern,3976038,65,87,957,0
2023-12-22,UMass Lowell,Harvard,3976037,41,62,348,0
2023-12-22,Southern Ind.,Brescia,3976036,86,37,403,0
2023-12-22,Clemson,ETSU,3976040,73,50,890,0
2023-12-22,Monmouth,Loyola Maryland,3976039,63,50,597,0
2023-12-22,Eastern Wash.,Wyoming,3976042,62,43,50,1
2023-12-22,Gonzaga,New Mexico,3976035,67,56,5241,0
2023-12-22,Wright St.,Presbyterian,3976031,66,61,50,1
2023-12-22,Indiana,Bowling Green,3954595,84,35,9067,0
2023-12-22,TCU,Mount St. Mary's,3976043,87,34,2271,0
2023-12-27,Texas,Jackson St.,3976045,97,52,5988,0
2023-12-27,Grand Canyon,Arizona Christian,3976049,115,41,462,0
2023-12-28,Miami (FL),Alabama St.,3976056,81,36,2227,0
2023-12-28,Norfolk St.,UNCW,3976051,96,55,831,0
2023-12-28,Oregon St.,Morgan St.,3976050,80,51,3561,0
2023-12-28,Tennessee St.,UT Martin,3976067,69,75,274,0
2023-12-28,Rhode Island,Harvard,3976076,59,56,1416,0
2023-12-28,Tennessee Tech,Little Rock,3976071,57,59,1013,0
2023-12-28,DePaul,Alcorn,3976077,77,39,1183,0
2023-12-28,FGCU,Webber Int'l,3976085,106,42,1443,0
2023-12-28,Pittsburgh,Le Moyne,3976084,56,39,1097,0
2023-12-28,Duke,Coppin St.,3976083,68,34,1808,0
2023-12-28,Kennesaw St.,Georgetown,3976086,55,57,970,0
2023-12-28,UC Riverside,UC Irvine,3976078,52,67,137,0
2023-12-28,CSUN,Cal Poly,3976073,43,68,161,0
2023-12-28,San Francisco,Columbia,3976075,67,74,348,0
2023-12-28,Portland St.,Eastern Wash.,3976074,58,68,563,0
2023-12-28,Sacramento St.,Idaho,3976079,51,88,347,0
2023-12-28,UC Santa Barbara,UC Davis,3976080,60,49,513,0
2023-12-28,CSU Bakersfield,UC San Diego,3976081,52,48,505,0
2023-12-28,Long Beach St.,Cal St. Fullerton,3976082,61,67,730,0
2023-12-29,Vermont,Princeton,3976139,47,67,1229,0
2023-12-29,Florida St.,Georgia Tech,3976140,95,80,1613,0
2023-12-29,Drexel,Arcadia,3976091,63,39,427,0
2023-12-29,St. Thomas (MN),North Dakota,3976118,95,76,435,0
2023-12-29,UMass Lowell,Colgate,3976092,45,65,177,0
2023-12-29,Eastern Mich.,Saginaw Valley,3976089,69,44,1382,0
2023-12-29,Alabama A&M,Central Ark.,3976138,59,65,1103,0
2023-12-29,UMBC,Saint Francis,3976156,85,53,327,0
2023-12-29,Saint Mary's (CA),San Jose St.,3976120,70,52,229,0
2023-12-29,California,Stanford,3976094,51,78,4197,0
2023-12-29,Pepperdine,Cal State LA,3976130,78,70,172,0
2023-12-29,UNC Asheville,Brevard,3976166,72,34,334,0
2023-12-29,SIUE,Eastern Ill.,3976167,74,80,869,0
2023-12-29,Southeast Mo. St.,Southern Ind.,3976171,37,75,535,0
2023-12-29,Youngstown St.,Wright St.,3976180,68,82,1285,0
2023-12-29,Robert Morris,IU Indy,3976193,60,49,315,0
2023-12-29,Oakland,Northern Ky.,3976194,89,79,715,0
2023-12-29,Eastern Ky.,Samford,3976189,59,54,458,0
2023-12-29,UNC Greensboro,Converse,3976187,78,33,188,0
2023-12-29,North Florida,Florida A&M,3976186,76,71,559,0
2023-12-29,Liberty,Randolph,3976185,69,49,792,0
2023-12-29,Mississippi St.,Mississippi Val.,3976184,99,35,4772,0
2023-12-29,Western Ky.,West Virginia St.,3976181,97,39,1216,0
2023-12-29,Vanderbilt,FDU,3976182,73,41,1960,0
2023-12-29,Jacksonville St.,South Carolina St.,3976095,55,41,1012,0
2023-12-29,Denver,Omaha,3976175,81,63,344,0
2023-12-29,South Dakota,North Dakota St.,3976192,69,84,1818,0
2023-12-29,Oral Roberts,Kansas City,3976191,76,61,1335,0
2023-12-29,Montana,Weber St.,3976188,87,71,2637,0
2023-12-29,Montana St.,Idaho St.,3976190,58,56,1908,0
2023-12-30,Michigan,Ohio St.,3954292,69,60,8078,0
2023-12-30,East Carolina,South Carolina,3976209,36,73,5717,0
2023-12-30,Georgia,Wofford,3976305,76,57,2406,0
2023-12-30,Buffalo,UMES,3976258,70,61,1435,0
2023-12-30,George Washington,Richmond,3976224,66,70,284,0
2023-12-30,Kansas,West Virginia,3976217,60,85,3895,0
2023-12-30,Texas Southern,Tarleton St.,3976265,40,52,340,0
2023-12-30,Penn,Maine,3976203,72,69,612,0
2023-12-30,Temple,UTSA,3976228,71,58,1324,0
2023-12-30,Fla. Atlantic,UAB,3976234,53,65,346,0
2023-12-30,Yale,Quinnipiac,3976276,72,48,572,0
2023-12-30,St. Bonaventure,Loyola Chicago,3976478,84,72,485,0
2023-12-30,Binghamton,Chestnut Hill,3976319,68,54,0,0
2023-12-30,Bellarmine,Ohio,3976326,70,66,572,0
2023-12-30,Cornell,Stony Brook,3976327,56,81,473,0
2023-12-30,Western Caro.,Southern Wesleyan,3976328,73,34,617,0
2023-12-30,Kent St.,La Roche,3976334,109,31,788,0
2023-12-30,FIU,Utah Tech,3976337,68,62,298,0
2023-12-30,Canisius,Akron,3976285,48,53,520,0
2023-12-30,Arkansas St.,Coastal Carolina,3976200,81,73,952,0
2023-12-30,Mercer,Bethune-Cookman,3976460,58,60,513,0
2023-12-30,Texas,Baylor,3976202,79,85,8207,0
2023-12-30,Houston,Texas Tech,3976214,71,79,1975,0
2023-12-30,Oklahoma,UCF,3976218,69,52,3835,0
2023-12-30,South Alabama,Old Dominion,3976220,56,62,326,0
2023-12-30,Green Bay,Cleveland St.,3976273,85,72,2421,0
2023-12-30,Louisiana,App State,3976277,56,69,862,0
2023-12-30,NIU,Concordia Chicago,3976304,98,32,458,0
2023-12-30,A&M-Corpus Christi,Concordia (TX),3976309,76,45,856,0
2023-12-30,Abilene Christian,Louisiana Tech,3976320,49,66,1281,0
2023-12-30,Tennessee Tech,UT Martin,3976322,58,67,977,0
2023-12-30,SFA,UNT Dallas,3976323,111,38,1320,0
2023-12-30,Tennessee St.,Little Rock,3976329,83,78,286,0
2023-12-30,Northwestern St.,Champion Chris.,3976335,75,39,97,0
2023-12-30,Iowa,Minnesota,3953894,94,71,14998,0
2023-12-30,Missouri St.,UNI,3996071,54,52,2111,0
2023-12-30,Southern Ill.,Drake,3996125,59,78,672,0
2023-12-30,Lehigh,Rider,3976223,57,67,569,0
2023-12-30,Toledo,Hillsdale,3976233,94,52,3905,0
2023-12-30,Stetson,Flagler,3976257,73,60,237,0
2023-12-30,Stonehill,Fairfield,3976366,49,72,431,0
2023-12-30,Queens (NC),Gardner-Webb,3976386,66,48,172,0
2023-12-30,Delaware St.,Loyola Maryland,3976395,64,66,350,0
2023-12-30,Seton Hall,Providence,3976404,46,51,748,0
2023-12-30,Charleston So.,Francis Marion,3976406,69,56,413,0
2023-12-30,Cincinnati,Kansas St.,3976407,41,66,1472,0
2023-12-30,Villanova,Xavier,3976408,86,45,2341,0
2023-12-30,Howard,American,3976411,75,57,498,0
2023-12-30,Bryant,Bridgewater St.,3976412,98,68,225,0
2023-12-30,N.C. A&T,Averett,3976417,90,30,395,0
2023-12-30,ETSU,Coker,3976426,65,53,522,0
2023-12-30,UAlbany,Navy,3976428,87,56,1328,0
2023-12-30,Wyoming,Boise St.,3976208,61,47,2939,0
2023-12-30,Colorado,Utah,3976231,76,65,7383,0
2023-12-30,Arizona St.,Santa Clara,3976419,55,65,1586,0
2023-12-30,Wichita St.,Tulane,3976210,63,60,1300,0
2023-12-30,Memphis,Tulsa,3976221,62,71,739,0
2023-12-30,Austin Peay,Miami (OH),3976230,53,44,1519,0
2023-12-30,Milwaukee,Purdue Fort Wayne,3976358,55,65,722,0
2023-12-30,Southern Miss.,Marshall,3976359,72,87,1538,0
2023-12-30,Lamar University,LMU (CA),3976362,61,58,539,0
2023-12-30,Texas St.,Ga. Southern,3976385,69,70,851,0
2023-12-30,Oklahoma St.,Iowa St.,3976390,68,76,2770,0
2023-12-30,ULM,James Madison,3976401,79,85,550,0
2023-12-30,UT Arlington,New Mexico St.,3976421,61,60,976,0
2023-12-30,Sam Houston,UTRGV,3976427,58,66,407,0
2023-12-30,Northwestern,Rutgers,3954223,77,70,1820,0
2023-12-30,Ball St.,Oakland City,3976447,95,58,1564,0
2023-12-30,Florida,Winthrop,3976405,73,36,1289,0
2023-12-30,UNLV,Utah St.,3976205,107,68,1363,0
2023-12-30,Nevada,New Mexico,3976297,59,69,1444,0
2023-12-30,San Diego St.,Colorado St.,3976333,74,71,902,0
2023-12-30,Northern Ariz.,Northern Colo.,3976222,76,72,764,0
2023-12-30,Grand Canyon,Middle Tenn.,3976364,68,59,623,0
2023-12-30,UTEP,Southern Utah,3976415,89,62,1307,0
2023-12-30,Ole Miss,Alcorn,3976201,76,37,2266,0
2023-12-30,Prairie View,Wiley,3976445,107,32,170,0
2023-12-30,Penn St.,Michigan St.,3954342,87,98,2967,0
2023-12-30,Fordham,Saint Joseph's,3976211,49,76,1969,0
2023-12-30,Charlotte,North Texas,3976225,74,64,686,0
2023-12-30,Wagner,Saint Elizabeth,3976453,83,50,269,0
2023-12-30,High Point,Elon,3976455,66,74,1488,0
2023-12-30,VCU,Massachusetts,3976227,65,45,1014,0
2023-12-30,Cal Poly,UC Davis,3976226,57,54,1154,0
2023-12-30,Fresno St.,Air Force,3976232,59,49,1109,0
2023-12-30,CSUN,Long Beach St.,3976360,58,76,159,0
2023-12-30,UC Irvine,CSU Bakersfield,3976370,71,48,580,0
2023-12-30,Sacramento St.,Eastern Wash.,3976377,33,60,329,0
2023-12-30,Portland St.,Idaho,3976393,55,61,368,0
2023-12-30,Cal St. Fullerton,Hawaii,3976394,49,59,209,0
2023-12-30,San Diego,Brown,3976424,61,70,413,0
2023-12-30,Belmont,UIC,3996391,69,61,1042,0
2023-12-30,Illinois St.,Bradley,3976235,78,74,2241,0
2023-12-30,Creighton,St. John's (NY),3976459,67,56,1839,0
2023-12-30,TCU,BYU,3976462,81,67,2572,0
2023-12-30,Army West Point,Five Towns,3976466,87,52,0,0
2023-12-30,George Mason,La Salle,3976206,74,37,5100,0
2023-12-30,Purdue,Wisconsin,3954035,89,50,5540,0
2023-12-30,Murray St.,Valparaiso,3996298,90,62,2652,0
2023-12-30,South Fla.,SMU,3976480,70,61,2142,0
2023-12-30,Evansville,Indiana St.,3996092,49,66,409,0
2023-12-30,UC Santa Barbara,UC Riverside,3976457,64,56,422,0
2023-12-30,Dayton,Duquesne,3976484,42,70,2249,0
2023-12-30,Saint Louis,Rhode Island,3976213,58,63,1247,0
2023-12-30,LSU,Jacksonville,3976477,110,68,12347,0
2023-12-30,UCLA,Southern California,3976219,71,64,13659,0
2023-12-31,North Carolina,Clemson,3976493,82,76,3820,0
2023-12-31,Robert Morris,Wright St.,3976494,77,80,189,0
2023-12-31,Le Moyne,Princeton,3976528,55,66,166,0
2023-12-31,Youngstown St.,IU Indy,3976491,58,56,2147,0
2023-12-31,Florida St.,Wake Forest,3976496,73,61,1407,0
2023-12-31,Indiana,Illinois,3954578,77,71,11600,0
2023-12-31,Furman,N.C. Central,3976565,73,63,366,0
2023-12-31,Hofstra,Manhattan,3976525,45,53,394,0
2023-12-31,North Dakota,South Dakota St.,3976503,53,74,1214,0
2023-12-31,Penn,Gwynedd Mercy,3976500,89,34,428,0
2023-12-31,UConn,Marquette,3976510,95,64,15684,0
2023-12-31,Lindenwood,Southern Ind.,3976492,68,71,1491,0
2023-12-31,NJIT,LIU,3976511,58,54,250,0
2023-12-31,Kentucky,Samford,3976501,72,59,1010,0
2023-12-31,Sacred Heart,Mercy,3976513,73,41,480,0
2023-12-31,Duke,Boston College,3976531,80,75,1898,0
2023-12-31,Virginia Tech,Pittsburgh,3976534,91,41,6078,0
2023-12-31,Liberty,Tennessee,3976519,55,90,2105,0
2023-12-31,Syracuse,Notre Dame,3976535,86,81,2775,0
2023-12-31,Longwood,Norfolk St.,3976536,59,76,951,0
2023-12-31,Delaware,Harvard,3976539,58,88,1174,0
2023-12-31,SIUE,Western Ill.,3976516,75,81,1021,0
2023-12-31,McNeese,Ark.-Pine Bluff,3976508,87,103,1693,0
2023-12-31,Presbyterian,Columbia (SC),3976529,63,52,245,0
2023-12-31,Vanderbilt,Radford,3976487,80,53,1834,0
2023-12-31,Troy,Georgia St.,3976378,89,90,1887,0
2023-12-31,Southeast Mo. St.,Morehead St.,3976229,61,64,647,0
2023-12-31,Arkansas,UIW,3976507,67,48,3420,0
2023-12-31,Nebraska,Maryland,3953933,87,81,8795,0
2023-12-31,Alabama,Mississippi Val.,3976522,91,26,2036,0
2023-12-31,Omaha,South Dakota,3976542,71,77,706,0
2023-12-31,Texas A&M,East Texas A&M,3976485,87,63,4039,0
2023-12-31,Auburn,North Ala.,3976520,79,58,2422,0
2023-12-31,Kansas City,St. Thomas (MN),3976532,57,66,472,0
2023-12-31,Oral Roberts,Denver,3976530,95,64,1492,0
2023-12-31,Montana St.,Weber St.,3976526,57,43,1701,0
2023-12-31,Miami (FL),Louisville,3976550,72,77,2120,0
2023-12-31,Montana,Idaho St.,3976521,66,55,2392,0
2023-12-31,Arizona,Seattle U,3976489,89,52,7500,0
2023-12-31,DePaul,Georgetown,3976549,62,66,1167,0
2023-12-31,Oregon St.,Oregon,3996576,62,41,5929,0
2023-12-31,Pacific,Columbia,3976523,75,93,380,0
2023-12-31,Virginia,NC State,3976552,61,72,4541,0
2023-12-31,Stanford,Morgan St.,3976488,98,38,2751,0
2024-01-01,Wofford,North Greenville,3976554,74,43,534,0
2024-01-01,Detroit Mercy,Northern Ky.,3976556,67,55,313,0
2024-01-01,Monmouth,Georgian Court,3976560,91,51,479,0
2024-01-01,Green Bay,Purdue Fort Wayne,3976564,72,46,1704,0
2024-01-01,Milwaukee,Cleveland St.,3976557,59,64,524,0
2024-01-01,San Francisco,Brown,3976555,75,70,348,0
2024-01-02,Grambling,Biblical Stud. (TX),3976584,159,18,65,0
2024-01-02,Massachusetts,Dayton,3976566,76,66,752,0
2024-01-02,Penn St.,Northwestern,3954343,95,55,1730,0
2024-01-02,East Carolina,UTSA,3976610,82,54,956,0
2024-01-02,Rhode Island,George Mason,3976568,70,68,974,0
2024-01-02,La Salle,Davidson,3976569,50,69,387,0
2024-01-02,Mercer,Kennesaw St.,3976570,70,54,483,0
2024-01-02,Temple,North Texas,3976571,63,74,871,0
2024-01-02,Purdue,Rutgers,3954036,77,76,3263,0
2024-01-02,Tulsa,Tulane,3976572,72,54,1031,0
2024-01-02,Iowa,Michigan St.,3953895,76,73,14998,0
2024-01-03,Providence,DePaul,3976651,72,65,1263,0
2024-01-03,Fordham,St. Bonaventure,3976625,65,57,2800,0
2024-01-03,Boston U.,Navy,3976663,62,51,270,0
2024-01-03,Morgan St.,Central Conn. St.,3976644,68,65,137,0
2024-01-03,Coastal Carolina,Southern Miss.,3976754,88,71,331,0
2024-01-03,Army West Point,Lafayette,3976635,42,68,237,0
2024-01-03,UMES,Lancaster Bible,3976765,99,37,183,0
2024-01-03,Richmond,VCU,3976629,72,65,1226,0
2024-01-03,UCF,Oklahoma St.,3976633,61,68,1230,0
2024-01-03,Lehigh,American,3976634,65,68,467,0
2024-01-03,Buffalo,Kent St.,3976745,64,73,1188,0
2024-01-03,Presbyterian,Charleston So.,3976775,57,61,194,0
2024-01-03,Youngstown St.,Oakland,3976773,70,63,1277,0
2024-01-03,Loyola Chicago,Saint Louis,3976755,74,72,613,0
2024-01-03,NIU,Eastern Mich.,3976753,49,67,375,0
2024-01-03,UAB,Memphis,3976636,65,63,489,0
2024-01-03,Denver,Idaho,3976626,51,60,302,0
2024-01-03,Miami (OH),Toledo,3976834,52,70,247,0
2024-01-03,South Fla.,Charlotte,3976836,61,66,2305,0
2024-01-03,Ohio,Akron,3976827,67,58,308,0
2024-01-03,Longwood,Winthrop,3976826,53,58,777,0
2024-01-03,Loyola Maryland,Colgate,3976825,65,73,148,0
2024-01-03,Saint Joseph's,George Washington,3976822,67,47,461,0
2024-01-03,West Virginia,Cincinnati,3976819,68,53,1808,0
2024-01-03,St. John's (NY),Marquette,3976818,57,56,147,0
2024-01-03,Chattanooga,N.C. Central,3976816,65,59,1301,0
2024-01-03,Butler,Georgetown,3976814,55,60,892,0
2024-01-03,High Point,Radford,3976790,61,65,978,0
2024-01-03,USC Upstate,UNC Asheville,3976776,71,44,212,0
2024-01-03,Western Mich.,Ball St.,3976643,56,78,868,0
2024-01-03,Holy Cross,Bucknell,3976642,69,54,302,0
2024-01-03,Central Mich.,Bowling Green,3976632,64,65,970,0
2024-01-03,Seton Hall,Villanova,3976631,45,50,845,0
2024-01-03,Texas Tech,Texas,3976770,47,74,8207,0
2024-01-03,Creighton,UConn,3976767,50,94,2374,0
2024-01-03,Montana St.,North Dakota St.,3976628,65,45,1532,0
2024-01-03,Kansas St.,Houston,3976774,72,38,3397,0
2024-01-03,Iowa St.,Kansas,3976641,69,61,8929,0
2024-01-03,Oral Roberts,Northern Colo.,3976815,81,80,1148,0
2024-01-03,St. Thomas (MN),Sacramento St.,3976787,70,52,623,0
2024-01-03,Baylor,TCU,3976621,71,50,5905,0
2024-01-03,Minnesota,Maryland,3954250,64,72,3587,0
2024-01-03,Utah St.,Wyoming,3976639,48,54,662,0
2024-01-03,Kansas City,Portland St.,3976821,75,56,374,0
2024-01-03,Northern Ariz.,South Dakota St.,3976768,102,110,287,0
2024-01-03,A&M-Corpus Christi,Houston Christian,3976806,73,49,678,0
2024-01-03,Rice,Wichita St.,3976630,76,64,424,0
2024-01-03,Boise St.,Nevada,3976777,57,58,1506,0
2024-01-03,Air Force,San Diego St.,3976627,71,63,172,0
2024-01-03,Montana,South Dakota,3976792,74,61,1944,0
2024-01-03,Idaho St.,North Dakota,3976637,72,78,711,0
2024-01-03,BYU,Oklahoma,3976624,63,75,1748,0
2024-01-03,Eastern Wash.,Omaha,3976623,96,82,492,0
2024-01-03,San Jose St.,Fresno St.,3976638,67,70,405,0
2024-01-04,Quinnipiac,Saint Peter's,3976854,50,39,2476,0
2024-01-04,Canisius,Mount St. Mary's,3976853,62,49,2196,0
2024-01-04,Manhattan,Siena,3976855,60,53,208,0
2024-01-04,Niagara,Fairfield,3976852,54,77,1754,0
2024-01-04,Morehead St.,Tennessee Tech,3976867,56,79,748,0
2024-01-04,Little Rock,SIUE,3976869,79,59,1011,0
2024-01-04,Southern Ind.,Tennessee St.,3976865,78,57,530,0
2024-01-04,Western Ill.,Southeast Mo. St.,3976864,66,72,570,0
2024-01-04,UT Martin,Eastern Ill.,3976883,70,72,1107,0
2024-01-04,Marshall,South Alabama,3976842,90,64,999,0
2024-01-04,UMass Lowell,Maine,3976846,43,55,202,0
2024-01-04,Ga. Southern,Troy,3976938,71,74,515,0
2024-01-04,North Carolina,Syracuse,3976941,75,51,2006,0
2024-01-04,Pittsburgh,Notre Dame,3976942,66,71,1285,0
2024-01-04,Vermont,New Hampshire,3976944,67,58,607,0
2024-01-04,Wake Forest,Virginia Tech,3976947,73,82,1303,0
2024-01-04,Binghamton,UMBC,3976952,55,70,804,0
2024-01-04,Georgia St.,ULM,3976845,65,82,743,0
2024-01-04,App State,Texas St.,3976953,58,67,363,0
2024-01-04,Old Dominion,Louisiana,3976955,61,66,1745,0
2024-01-04,Jacksonville,FGCU,3976957,47,69,75,0
2024-01-04,Kentucky,Arkansas,3976962,73,63,2998,0
2024-01-04,Lipscomb,Eastern Ky.,3976934,64,59,233,0
2024-01-04,James Madison,Arkansas St.,3976964,64,57,2182,0
2024-01-04,UNC Greensboro,Livingstone,3977556,78,32,150,0
2024-01-04,UAlbany,Bryant,3976851,69,50,875,0
2024-01-04,Georgia,Texas A&M,3976967,54,50,3425,0
2024-01-04,Indiana,Michigan,3954293,80,59,8723,0
2024-01-04,Boston College,Miami (FL),3976974,70,64,819,0
2024-01-04,Purdue Fort Wayne,Robert Morris,3976973,68,56,513,0
2024-01-04,Florida,South Carolina,3976972,66,89,4192,0
2024-01-04,Georgia Tech,Virginia,3976971,63,60,1237,0
2024-01-04,UT Arlington,Tarleton St.,3976949,73,49,952,0
2024-01-04,Murray St.,Bradley,3996313,99,52,1344,0
2024-01-04,Drake,Indiana St.,3996093,77,47,1843,0
2024-01-04,UNI,Evansville,3996072,82,52,3781,0
2024-01-04,LMU (CA),San Francisco,3976844,38,63,197,0
2024-01-04,Rider,Iona,3976977,63,56,511,0
2024-01-04,Southern Ill.,UIC,3996393,59,66,206,0
2024-01-04,NC State,Florida St.,3976968,88,80,5500,0
2024-01-04,Alabama,Ole Miss,3976841,45,55,2140,0
2024-01-04,Austin Peay,Bellarmine,3976848,65,63,1411,0
2024-01-04,IU Indy,Detroit Mercy,3976976,81,76,416,0
2024-01-04,North Florida,Stetson,3976960,57,61,329,0
2024-01-04,Missouri St.,Valparaiso,3996094,67,47,1656,0
2024-01-04,Northwestern St.,McNeese,3976959,78,54,494,0
2024-01-04,SFA,UTRGV,3976958,79,69,754,0
2024-01-04,Mississippi St.,Vanderbilt,3976956,66,71,4261,0
2024-01-04,New Orleans,East Texas A&M,3976850,88,78,521,0
2024-01-04,Nicholls,Southeastern La.,3976843,56,66,433,0
2024-01-04,Belmont,Illinois St.,4470134,64,52,878,0
2024-01-04,San Diego,Pepperdine,3976847,52,53,235,0
2024-01-04,Louisville,Duke,3976979,61,44,7789,0
2024-01-04,Auburn,Tennessee,3976961,67,75,2928,0
2024-01-04,SMU,Fla. Atlantic,3976849,57,52,724,0
2024-01-04,Grand Canyon,Southern Utah,3976933,78,60,467,0
2024-01-04,Lamar University,UIW,3976931,70,53,603,0
2024-01-04,California Baptist,Utah Valley,3976948,80,61,454,0
2024-01-04,Utah Tech,Seattle U,3976969,81,65,405,0
2024-01-04,Portland,Gonzaga,3976945,53,74,1503,0
2024-01-04,LSU,Missouri,3976978,92,72,11286,0
2024-01-04,Wisconsin,Nebraska,3953934,57,69,2852,0
2024-01-04,UC Davis,UC Riverside,3976943,63,59,602,0
2024-01-04,Saint Mary's (CA),Pacific,3976954,57,60,338,0
2024-01-04,UC San Diego,UC Santa Barbara,3976975,64,50,311,0
2024-01-04,Long Beach St.,Cal Poly,3976966,56,64,569,0
2024-01-04,Cal St. Fullerton,UC Irvine,3976970,44,68,172,0
2024-01-04,Hawaii,CSU Bakersfield,3976940,67,43,1471,0
2024-01-05,Drexel,Hampton,3976980,72,57,404,0
2024-01-05,N.C. A&T,Col. of Charleston,3977023,58,63,906,0
2024-01-05,Rutgers,Iowa,3953896,69,103,8000,0
2024-01-05,Stony Brook,Campbell,3976985,73,43,732,0
2024-01-05,Samford,Cumberland (TN),4489535,74,50,220,0
2024-01-05,Elon,Towson,3976983,53,58,601,0
2024-01-05,Wright St.,Milwaukee,3977031,77,70,1185,0
2024-01-05,Northern Ky.,Green Bay,3977029,56,86,1094,0
2024-01-05,Northeastern,Delaware,3977027,73,86,264,0
2024-01-05,Hofstra,UNCW,3977026,82,54,489,0
2024-01-05,Monmouth,William & Mary,3976982,66,70,680,0
2024-01-05,Northwestern,Ohio St.,3954393,60,90,1872,0
2024-01-05,Arizona,Colorado,4446767,74,75,7386,0
2024-01-05,Arizona St.,Utah,3996603,41,58,1871,0
2024-01-05,Southern California,Oregon St.,3976987,56,54,2749,0
2024-01-05,Stanford,Washington St.,3976984,74,65,3084,0
2024-01-05,California,Washington,3996561,70,57,1207,0
2024-01-05,UCLA,Oregon,3976981,75,49,3415,0
2024-01-06,Dayton,Loyola Chicago,3977093,69,64,1810,0
2024-01-06,Oklahoma,Cincinnati,3977065,77,64,3126,0
2024-01-06,FIU,Jacksonville St.,3977227,75,50,478,0
2024-01-06,James Madison,Louisiana,3977434,77,72,2268,0
2024-01-06,Eastern Mich.,Toledo,3977047,35,48,1622,0
2024-01-06,Marshall,Arkansas St.,3977050,68,51,1288,0
2024-01-06,Massachusetts,Saint Louis,3977054,75,79,955,0
2024-01-06,Coastal Carolina,Troy,3977057,80,86,565,0
2024-01-06,Rhode Island,St. Bonaventure,3977067,65,41,1200,0
2024-01-06,Central Mich.,Buffalo,3977072,69,77,1045,0
2024-01-06,Dartmouth,Brown,3977077,39,65,513,0
2024-01-06,Harvard,Yale,3977121,73,54,703,0
2024-01-06,Maine,Vermont,3977122,60,48,1207,0
2024-01-06,Canisius,Fairfield,3977133,51,64,404,0
2024-01-06,Iona,Marist,3977143,70,60,835,0
2024-01-06,Gardner-Webb,High Point,3977146,64,74,215,0
2024-01-06,Morehead St.,Tennessee St.,3977168,86,78,1050,0
2024-01-06,Quinnipiac,Manhattan,3977179,71,59,622,0
2024-01-06,Cleveland St.,Youngstown St.,3977188,79,37,368,0
2024-01-06,Old Dominion,Southern Miss.,3977193,68,62,1816,0
2024-01-06,Kent St.,Ohio,3977220,92,63,820,0
2024-01-06,Jackson St.,Alcorn,3977069,74,46,2242,0
2024-01-06,Weber St.,Kansas City,3977098,51,61,356,0
2024-01-06,Winthrop,USC Upstate,3977287,51,52,145,0
2024-01-06,North Dakota,Eastern Wash.,3977136,65,72,1316,0
2024-01-06,Western Ill.,Lindenwood,3977147,74,58,581,0
2024-01-06,NIU,Miami (OH),3977161,58,48,422,0
2024-01-06,North Dakota St.,Northern Ariz.,3977174,99,73,751,0
2024-01-06,South Dakota,Idaho St.,3977198,73,47,1479,0
2024-01-06,Houston Christian,Nicholls,3977203,55,73,243,0
2024-01-06,Little Rock,Eastern Ill.,3977213,53,49,987,0
2024-01-06,Missouri St.,UIC,3996097,51,50,2885,0
2024-01-06,Bethune-Cookman,Florida A&M,3977300,80,76,981,0
2024-01-06,Ga. Southern,ULM,3977321,69,66,643,0
2024-01-06,Delaware St.,Coppin St.,3977329,51,64,250,0
2024-01-06,Le Moyne,FDU,3977334,65,52,268,0
2024-01-06,Butler,Seton Hall,3977338,50,64,979,0
2024-01-06,UMES,Morgan St.,3977340,45,48,183,0
2024-01-06,Lafayette,Boston U.,3977341,55,62,253,0
2024-01-06,UNC Asheville,Presbyterian,3977344,46,55,235,0
2024-01-06,Columbia,Penn,3977347,79,66,1202,0
2024-01-06,West Virginia,Texas,3977348,49,70,2601,0
2024-01-06,Jacksonville,Stetson,3977350,53,59,100,0
2024-01-06,Saint Joseph's,Richmond,3977352,59,64,650,0
2024-01-06,Cornell,Princeton,3977356,38,79,178,0
2024-01-06,Bryant,UMBC,3977365,63,64,275,0
2024-01-06,Sacred Heart,Merrimack,3977368,65,51,455,0
2024-01-06,LIU,Stonehill,3977389,54,52,134,0
2024-01-06,South Carolina St.,Norfolk St.,3977390,33,94,115,0
2024-01-06,Akron,Ball St.,3977056,64,71,802,0
2024-01-06,Bowling Green,Western Mich.,3977059,75,69,2054,0
2024-01-06,Colgate,Navy,3977060,73,56,224,0
2024-01-06,Georgia St.,Texas St.,3977061,64,55,765,0
2024-01-06,UMass Lowell,New Hampshire,3977063,70,53,275,0
2024-01-06,La Salle,Fordham,3977068,64,53,323,0
2024-01-06,UCF,Kansas St.,3977073,56,72,1154,0
2024-01-06,Charleston So.,Longwood,3977074,57,66,324,0
2024-01-06,Lehigh,Loyola Maryland,3977076,65,73,485,0
2024-01-06,Kennesaw St.,Queens (NC),3977086,61,42,684,0
2024-01-06,UAlbany,NJIT,3977087,77,36,1036,0
2024-01-06,Holy Cross,Army West Point,3977089,67,52,579,0
2024-01-06,Liberty,Western Ky.,3977266,66,68,724,0
2024-01-06,App State,South Alabama,3977269,96,49,362,0
2024-01-06,North Florida,FGCU,3977271,38,70,346,0
2024-01-06,Niagara,Mount St. Mary's,3977280,72,61,346,0
2024-01-06,Siena,Saint Peter's,3977282,64,45,455,0
2024-01-06,American,Bucknell,3977284,58,47,394,0
2024-01-06,Chicago St.,Idaho,3977049,52,80,43,0
2024-01-06,Air Force,Wyoming,3977058,51,68,511,0
2024-01-06,Utah St.,San Jose St.,3977078,54,69,330,0
2024-01-06,Colorado St.,UNLV,3977178,78,83,2018,0
2024-01-06,Tulane,South Fla.,3977299,63,70,817,0
2024-01-06,UIW,A&M-Corpus Christi,3977345,61,63,136,0
2024-01-06,South Dakota St.,Montana St.,3977353,61,53,1843,0
2024-01-06,Texas Tech,Kansas,3977369,73,64,5747,0
2024-01-06,UTRGV,Abilene Christian,3977378,53,62,422,0
2024-01-06,UT Arlington,SFA,3977380,81,62,899,0
2024-01-06,Omaha,Montana,3977393,60,81,564,0
2024-01-06,Grambling,Prairie View,3977415,82,54,0,0
2024-01-06,Belmont,Bradley,3976986,89,47,1003,0
2024-01-06,Baylor,Houston,3977048,87,58,4530,0
2024-01-06,Marquette,Xavier,3977070,81,52,1616,0
2024-01-06,Memphis,East Carolina,3977071,63,64,1315,0
2024-01-06,New Orleans,Southeastern La.,3977080,44,57,603,0
2024-01-06,UTSA,Wichita St.,3977083,74,60,722,0
2024-01-06,Tulsa,Temple,3977088,48,58,1218,0
2024-01-06,Austin Peay,Eastern Ky.,3977218,62,52,1907,0
2024-01-06,Louisiana Tech,Sam Houston,3977274,66,62,1863,0
2024-01-06,Lipscomb,Bellarmine,3977295,76,65,327,0
2024-01-06,Drake,Evansville,3996126,78,68,2193,0
2024-01-06,Murray St.,Illinois St.,3996312,90,55,1631,0
2024-01-06,UNI,Indiana St.,3996073,85,79,3840,0
2024-01-06,N.C. Central,Howard,3977385,79,76,783,0
2024-01-06,Ark.-Pine Bluff,Alabama A&M,3995861,75,67,1145,0
2024-01-06,DePaul,Creighton,3977413,68,75,1404,0
2024-01-06,Southern U.,Texas Southern,3977411,64,45,1859,0
2024-01-06,Lamar University,Northwestern St.,3977397,73,56,1367,0
2024-01-06,UTEP,New Mexico St.,3977370,81,72,1939,0
2024-01-06,Saint Francis,Wagner,3977081,64,54,37,0
2024-01-06,New Mexico,Boise St.,3977062,56,64,5715,0
2024-01-06,California Baptist,Seattle U,3977082,94,79,421,0
2024-01-06,Northern Colo.,Denver,3977346,59,56,693,0
2024-01-06,Grand Canyon,Utah Tech,3977273,73,48,687,0
2024-01-06,East Texas A&M,McNeese,3977428,87,78,572,0
2024-01-06,Sacramento St.,Oral Roberts,3977294,51,56,505,0
2024-01-06,Pepperdine,LMU (CA),3977272,50,64,202,0
2024-01-06,San Francisco,Portland,3977066,60,67,232,0
2024-01-06,UC San Diego,Cal St. Fullerton,3977358,71,58,256,0
2024-01-06,Portland St.,St. Thomas (MN),3977327,44,62,371,0
2024-01-06,Santa Clara,Pacific,3977320,80,77,388,0
2024-01-06,Southern Ill.,Valparaiso,3996299,75,66,235,0
2024-01-06,TCU,Oklahoma St.,3977451,59,67,2869,0
2024-01-06,Mississippi Val.,Alabama St.,3977443,54,57,2305,0
2024-01-06,BYU,Iowa St.,3977053,75,80,1872,0
2024-01-06,Southern Ind.,Tennessee Tech,3977457,69,66,1369,0
2024-01-06,UC Davis,UC Irvine,3977355,60,57,1012,0
2024-01-06,North Ala.,Central Ark.,3977460,62,83,1272,0
2024-01-06,Providence,St. John's (NY),3977474,48,55,958,0
2024-01-06,UC Santa Barbara,Cal Poly,3977433,65,64,606,0
2024-01-06,Southern Utah,Utah Valley,3977075,71,58,493,0
2024-01-06,Saint Mary's (CA),San Diego,3977458,67,59,457,0
2024-01-06,UC Riverside,Long Beach St.,3977475,49,43,121,0
2024-01-06,Hawaii,CSUN,3977477,67,38,1580,0
2024-01-07,Robert Morris,Oakland,3977497,58,64,223,0
2024-01-07,Virginia Tech,NC State,3977498,63,62,8925,0
2024-01-07,Tennessee,Kentucky,3977496,87,69,8823,0
2024-01-07,Virginia,Duke,3977495,56,60,5041,0
2024-01-07,Duquesne,George Mason,3977479,75,101,924,0
2024-01-07,Elon,Col. of Charleston,3977484,45,57,762,0
2024-01-07,Stony Brook,UNCW,3977490,68,55,709,0
2024-01-07,South Carolina,Mississippi St.,3977502,85,66,15751,0
2024-01-07,Wright St.,Green Bay,3977505,63,75,1098,0
2024-01-07,Charlotte,UAB,3977486,91,69,624,0
2024-01-07,Detroit Mercy,Purdue Fort Wayne,3977506,60,56,279,0
2024-01-07,Georgetown,UConn,3977508,55,83,2937,0
2024-01-07,Vanderbilt,Florida,3977481,63,57,4737,0
2024-01-07,Davidson,VCU,3977052,55,65,1205,0
2024-01-07,N.C. A&T,Towson,3977517,62,52,653,0
2024-01-07,Northern Ky.,Milwaukee,3977516,67,75,1031,0
2024-01-07,Western Caro.,Montreat,3977515,58,39,544,0
2024-01-07,Miami (FL),Wake Forest,3977513,77,47,2269,0
2024-01-07,Pittsburgh,Georgia Tech,3977512,58,68,1653,0
2024-01-07,Hofstra,William & Mary,3977511,46,48,301,0
2024-01-07,Delaware,Hampton,3977492,76,61,1151,0
2024-01-07,Furman,Converse,3977488,93,40,832,0
2024-01-07,Monmouth,Campbell,3977483,49,47,550,0
2024-01-07,Drexel,Northeastern,3977480,67,65,517,0
2024-01-07,Nebraska,Indiana,3953935,69,91,9059,0
2024-01-07,Arizona,Utah,4158227,71,70,7385,0
2024-01-07,Arkansas,Georgia,3977503,83,43,3993,0
2024-01-07,Arizona St.,Colorado,3996604,68,81,1362,0
2024-01-07,Southern California,Oregon,3977493,68,54,2282,0
2024-01-07,North Texas,Fla. Atlantic,3977519,86,52,1368,0
2024-01-07,SMU,Rice,3977489,63,65,985,0
2024-01-07,Ole Miss,LSU,3977509,73,84,9074,0
2024-01-07,Illinois,Wisconsin,3954157,61,67,3691,0
2024-01-07,California,Washington St.,3996562,73,72,1249,0
2024-01-07,San Diego St.,Fresno St.,3977079,77,70,918,0
2024-01-07,Texas A&M,Auburn,3977478,66,44,5953,0
2024-01-07,Dartmouth,VTSU Lyndon,3977514,77,35,550,0
2024-01-07,Stanford,Washington,3977485,71,59,3924,0
2024-01-07,Clemson,Florida St.,3977523,72,78,1136,0
2024-01-07,UCLA,Oregon St.,3977482,65,54,3623,0
2024-01-07,Notre Dame,North Carolina,3977525,57,61,6418,0
2024-01-07,Syracuse,Boston College,3977526,71,64,1811,0
2024-01-07,Missouri,Alabama,3977524,64,79,4851,0
2024-01-08,Central Conn. St.,Stonehill,3977527,71,59,275,0
2024-01-08,Coppin St.,UMES,3977536,75,69,389,0
2024-01-08,N.C. Central,Norfolk St.,3977546,60,81,649,0
2024-01-08,Morgan St.,Delaware St.,3977548,71,73,323,0
2024-01-08,South Carolina St.,Howard,3977547,46,70,212,0
2024-01-08,Ark.-Pine Bluff,Alabama St.,3977084,85,52,1103,0
2024-01-08,Grambling,Texas Southern,3977543,67,72,268,0
2024-01-08,Mississippi Val.,Alabama A&M,3977542,67,83,1974,0
2024-01-08,Southern U.,Prairie View,3977540,84,56,1259,0
2024-01-08,Saint Francis,Sacred Heart,3977528,47,86,83,0
2024-01-08,Wagner,LIU,3977555,75,66,487,0
2024-01-08,FDU,Merrimack,3977554,67,51,113,0
2024-01-09,Michigan St.,Maryland,3954429,74,69,2886,0
2024-01-09,Wichita St.,Temple,3977561,49,72,1060,0
2024-01-09,Xavier,St. John's (NY),3977619,42,60,278,0
2024-01-09,Saint Louis,Saint Joseph's,3977562,57,69,276,0
2024-01-09,Michigan,Minnesota,3954251,66,82,2112,0
2024-01-09,Seton Hall,Marquette,3977625,54,75,336,0
2024-01-10,Lafayette,Colgate,3977746,46,58,1836,0
2024-01-10,Richmond,Massachusetts,3977635,79,65,1904,0
2024-01-10,Villanova,Georgetown,3977808,53,51,1059,0
2024-01-10,American,Boston U.,3977646,91,87,908,0
2024-01-10,Navy,Holy Cross,3977708,54,69,742,0
2024-01-10,Charleston So.,Gardner-Webb,3977638,83,61,347,0
2024-01-10,Bucknell,Lehigh,3977634,63,69,462,0
2024-01-10,Cincinnati,UCF,3977750,64,63,587,0
2024-01-10,George Washington,Duquesne,3977639,54,71,202,0
2024-01-10,Coastal Carolina,Old Dominion,3977741,57,71,555,0
2024-01-10,East Carolina,UAB,3977733,64,73,1114,0
2024-01-10,Winthrop,Presbyterian,3977727,43,59,285,0
2024-01-10,VCU,Fordham,3977640,57,54,587,0
2024-01-10,Troy,Louisiana,3977668,90,44,2345,0
2024-01-10,UConn,Providence,3977758,85,41,10210,0
2024-01-10,Ball St.,Buffalo,3977760,67,62,1549,0
2024-01-10,UNC Asheville,High Point,3977756,50,64,316,0
2024-01-10,Creighton,Butler,3977748,89,53,1131,0
2024-01-10,Loyola Chicago,Rhode Island,3977743,61,56,306,0
2024-01-10,Kansas St.,Oklahoma,3977729,74,57,3889,0
2024-01-10,Louisiana Tech,Middle Tenn.,3977725,61,64,1632,0
2024-01-10,South Fla.,Tulsa,3977824,68,52,2633,0
2024-01-10,Miami (OH),Kent St.,3977822,38,69,289,0
2024-01-10,Ohio,NIU,3977814,62,67,577,0
2024-01-10,Loyola Maryland,Army West Point,3977809,45,55,134,0
2024-01-10,Purdue Fort Wayne,Oakland,3977805,79,59,304,0
2024-01-10,Chattanooga,Mercer,3977804,66,57,1446,0
2024-01-10,Cleveland St.,Detroit Mercy,3977803,74,53,313,0
2024-01-10,Radford,Longwood,3977770,64,59,661,0
2024-01-10,St. Bonaventure,La Salle,3977766,71,75,155,0
2024-01-10,Fla. Atlantic,UTSA,3977645,60,73,243,0
2024-01-10,Toledo,Western Mich.,3977644,82,55,3694,0
2024-01-10,Bowling Green,Eastern Mich.,3977633,69,57,1897,0
2024-01-10,Akron,Central Mich.,3977631,70,62,649,0
2024-01-10,George Mason,Davidson,3977629,79,41,740,0
2024-01-10,Indiana,Penn St.,3954344,75,67,8516,0
2024-01-10,Western Ky.,Sam Houston,3977759,76,60,853,0
2024-01-10,Kansas,Baylor,3977637,87,66,2971,0
2024-01-10,Iowa St.,West Virginia,3977641,74,64,8798,0
2024-01-10,Oklahoma St.,Texas Tech,3977755,71,58,1947,0
2024-01-10,Jacksonville St.,Liberty,3977757,78,63,1110,0
2024-01-10,Wisconsin,Northwestern,3954158,69,74,2827,0
2024-01-10,Illinois St.,Southern Ill.,3996474,76,43,1075,0
2024-01-10,Houston,BYU,3977632,79,69,805,0
2024-01-10,Purdue,Iowa,3953897,71,96,14876,0
2024-01-10,Chicago St.,Kuyper,3977627,105,37,110,0
2024-01-10,Texas,TCU,3977626,72,60,6009,0
2024-01-10,Wyoming,San Diego St.,3977630,72,55,2060,0
2024-01-10,New Mexico,Utah St.,3977636,71,67,4704,0
2024-01-10,Fresno St.,Colorado St.,3977643,55,61,1070,0
2024-01-10,Nevada,Air Force,3977754,71,75,1142,0
2024-01-10,UNLV,San Jose St.,3977628,91,55,848,0
2024-01-11,UMBC,Vermont,3977837,55,70,2334,0
2024-01-11,Georgia St.,Marshall,3977839,78,90,1329,0
2024-01-11,Siena,Niagara,3977851,66,64,1059,0
2024-01-11,Binghamton,Bryant,3977944,51,62,3429,0
2024-01-11,NJIT,UMass Lowell,3977852,67,70,1718,0
2024-01-11,Wake Forest,Syracuse,3977853,56,77,6374,0
2024-01-11,Milwaukee,Robert Morris,3977850,73,58,2917,0
2024-01-11,Arkansas St.,Texas St.,3977832,73,48,3023,0
2024-01-11,Eastern Ill.,Morehead St.,3977861,67,69,705,0
2024-01-11,ULM,South Alabama,3977863,67,51,1007,0
2024-01-11,SIUE,Southern Ind.,3977865,64,87,617,0
2024-01-11,Central Ark.,Lipscomb,3977867,66,61,0,0
2024-01-11,Ohio St.,Rutgers,3954224,90,55,5227,0
2024-01-11,Ga. Southern,App State,3977930,83,77,812,0
2024-01-11,Pittsburgh,Louisville,3977935,44,74,868,0
2024-01-11,Florida St.,North Carolina,3977941,70,62,1946,0
2024-01-11,New Hampshire,Maine,3977943,52,78,311,0
2024-01-11,Indiana St.,Murray St.,3996095,63,75,1339,0
2024-01-11,Southeast Mo. St.,Lindenwood,3977847,80,63,534,0
2024-01-11,Alabama St.,Jackson St.,3978330,49,75,1255,0
2024-01-11,UT Martin,Western Ill.,3977873,68,49,1112,0
2024-01-11,Alabama A&M,Alcorn,3978090,67,58,1871,0
2024-01-11,North Ala.,Austin Peay,3977900,79,75,1165,0
2024-01-11,Tennessee,Florida,3977969,88,81,7605,0
2024-01-11,Notre Dame,Boston College,3977968,98,48,4657,0
2024-01-11,NC State,Virginia,3977960,93,66,5500,0
2024-01-11,Georgia,Alabama,3977958,63,81,2641,0
2024-01-11,Southern Miss.,James Madison,3977921,76,81,1368,0
2024-01-11,ETSU,Samford,3977976,57,40,478,0
2024-01-11,Bradley,Missouri St.,4470150,66,94,379,0
2024-01-11,Queens (NC),Jacksonville,3977956,52,54,119,0
2024-01-11,Abilene Christian,Grand Canyon,3977936,55,64,923,0
2024-01-11,Mount St. Mary's,Quinnipiac,3977953,56,50,285,0
2024-01-11,UNC Greensboro,Wofford,3977951,67,58,515,0
2024-01-11,Southeastern La.,A&M-Corpus Christi,3977939,61,58,692,0
2024-01-11,IU Indy,Wright St.,3977975,64,74,456,0
2024-01-11,Kentucky,Vanderbilt,3977949,73,95,3339,0
2024-01-11,Georgia Tech,Clemson,3977971,70,62,1319,0
2024-01-11,Saint Peter's,Canisius,3977964,44,59,257,0
2024-01-11,Marist,Rider,3977963,65,55,702,0
2024-01-11,Western Caro.,Furman,3977974,69,84,526,0
2024-01-11,Fairfield,Iona,3977848,72,44,498,0
2024-01-11,Kennesaw St.,North Florida,3977849,52,43,506,0
2024-01-11,Northwestern St.,Houston Christian,3977946,63,61,824,0
2024-01-11,SFA,Utah Tech,3977945,76,67,614,0
2024-01-11,East Texas A&M,UIW,3977841,62,70,238,0
2024-01-11,Ole Miss,Auburn,3977833,58,55,2350,0
2024-01-11,Nicholls,New Orleans,3977838,63,69,376,0
2024-01-11,Memphis,SMU,3977843,86,91,854,0
2024-01-11,Virginia Tech,Miami (FL),3977981,76,52,4672,0
2024-01-11,Green Bay,Youngstown St.,3977947,85,47,1531,0
2024-01-11,LSU,Texas A&M,3977948,87,70,11536,0
2024-01-11,Tarleton St.,California Baptist,3977966,59,89,810,0
2024-01-11,Weber St.,Sacramento St.,3977938,81,61,221,0
2024-01-11,North Dakota,Omaha,3977952,100,75,1127,0
2024-01-11,New Mexico St.,FIU,3977835,52,57,847,0
2024-01-11,Nebraska,Illinois,3953936,56,48,4040,0
2024-01-11,Northern Colo.,Montana,3977934,67,57,587,0
2024-01-11,Utah Valley,UT Arlington,3977926,64,72,519,0
2024-01-11,Northern Ariz.,Montana St.,3977844,88,73,207,0
2024-01-11,Missouri,South Carolina,3977967,57,81,4533,0
2024-01-11,North Dakota St.,Kansas City,3977961,63,60,1027,0
2024-01-11,South Dakota,Oral Roberts,3977972,78,91,1461,0
2024-01-11,South Dakota St.,St. Thomas (MN),3977973,75,55,1536,0
2024-01-11,McNeese,Lamar University,3977965,50,82,1824,0
2024-01-11,Rice,Charlotte,3977840,54,61,697,0
2024-01-11,Portland,San Diego,3977937,65,54,436,0
2024-01-11,San Francisco,Pepperdine,3977933,83,64,251,0
2024-01-11,Gonzaga,Santa Clara,3977929,87,49,5155,0
2024-01-11,UC Irvine,Hawaii,3977928,49,56,640,0
2024-01-11,CSUN,UC Davis,3977923,45,55,150,0
2024-01-11,Cal Poly,UC Riverside,3977845,53,64,752,0
2024-01-11,Pacific,LMU (CA),3977836,75,54,418,0
2024-01-11,Seattle U,UTRGV,3977834,77,84,262,0
2024-01-11,Idaho St.,Portland St.,3977846,79,43,742,0
2024-01-11,Arkansas,Mississippi St.,3977980,63,66,2627,0
2024-01-11,CSU Bakersfield,UC Santa Barbara,3977955,54,75,387,0
2024-01-11,Long Beach St.,UC San Diego,3977957,30,45,535,0
2024-01-12,Evansville,Belmont,4470136,40,84,1508,0
2024-01-12,Col. of Charleston,Drexel,3977982,60,48,420,0
2024-01-12,Campbell,Elon,3977986,44,45,1023,0
2024-01-12,Towson,Stony Brook,3977984,65,77,789,0
2024-01-12,William & Mary,N.C. A&T,3978047,51,53,855,0
2024-01-12,UNCW,Northeastern,3978045,49,79,605,0
2024-01-12,Valparaiso,Drake,3996127,54,83,233,0
2024-01-12,Saint Louis,Dayton,3977983,74,70,2118,0
2024-01-12,Utah,Stanford,3977988,64,66,5608,0
2024-01-12,Colorado,California,3996563,76,61,3540,0
2024-01-12,Oregon St.,Arizona,3996647,73,70,4497,0
2024-01-12,Oregon,Arizona St.,3996577,65,53,6086,0
2024-01-13,UCF,West Virginia,3978087,59,76,1374,0
2024-01-13,Saint Joseph's,Duquesne,3978088,77,62,507,0
2024-01-13,St. Thomas (MN),Oral Roberts,3978129,73,72,360,0
2024-01-13,Milwaukee,Youngstown St.,3978268,66,58,596,0
2024-01-13,Arkansas St.,Louisiana,3978276,63,64,2681,0
2024-01-13,Eastern Mich.,Central Mich.,3978063,60,64,1392,0
2024-01-13,Liberty,Louisiana Tech,3978271,66,59,1008,0
2024-01-13,Coastal Carolina,Marshall,3978075,60,72,859,0
2024-01-13,Dartmouth,Penn,3978089,39,53,694,0
2024-01-13,UMBC,UMass Lowell,3978163,46,59,177,0
2024-01-13,Cleveland St.,Purdue Fort Wayne,3978191,68,56,260,0
2024-01-13,Navy,Lafayette,3978205,56,47,622,0
2024-01-13,Bellarmine,Eastern Ky.,3978212,66,79,457,0
2024-01-13,NJIT,Vermont,3978223,55,68,302,0
2024-01-13,Ball St.,Bowling Green,3978225,76,61,1068,0
2024-01-13,ULM,Texas St.,3978113,73,63,1032,0
2024-01-13,Iowa St.,Baylor,3978096,66,63,9420,0
2024-01-13,Central Conn. St.,Saint Francis,3978066,61,37,221,0
2024-01-13,Nicholls,Lamar University,3978073,49,52,455,0
2024-01-13,Tennessee St.,Lindenwood,3978094,83,80,0,0
2024-01-13,Central Ark.,Austin Peay,3978104,56,55,853,0
2024-01-13,Green Bay,Robert Morris,3978122,72,40,1614,0
2024-01-13,UT Martin,Little Rock,3978134,48,57,1248,0
2024-01-13,Kansas St.,Texas,3978140,61,58,7062,0
2024-01-13,North Dakota,Kansas City,3978144,76,62,1405,0
2024-01-13,Eastern Ill.,Western Ill.,3978167,72,63,727,0
2024-01-13,Loyola Chicago,VCU,3978174,36,52,325,0
2024-01-13,North Dakota St.,Omaha,3978177,87,69,673,0
2024-01-13,McNeese,Southeastern La.,3978193,63,77,2208,0
2024-01-13,Abilene Christian,California Baptist,3978204,96,93,933,0
2024-01-13,Tennessee Tech,Southeast Mo. St.,3978208,76,65,1042,0
2024-01-13,Northwestern St.,UIW,3978227,57,63,411,0
2024-01-13,Michigan,Wisconsin,3954159,76,52,4906,0
2024-01-13,Yale,Brown,3978064,71,76,398,0
2024-01-13,Colgate,Bucknell,3978077,71,46,206,0
2024-01-13,Georgia St.,App State,3978078,73,68,1075,0
2024-01-13,Oakland,Detroit Mercy,3978095,89,55,597,0
2024-01-13,Holy Cross,Lehigh,3978097,75,54,693,0
2024-01-13,Toledo,Ohio,3978102,63,50,4116,0
2024-01-13,Fla. Atlantic,Tulsa,3978103,72,81,465,0
2024-01-13,Stetson,FGCU,3978237,51,66,252,0
2024-01-13,Stonehill,FDU,3978284,60,56,416,0
2024-01-13,Harvard,Princeton,3978287,49,72,1636,0
2024-01-13,UNC Greensboro,Furman,3978297,70,55,321,0
2024-01-13,Buffalo,Akron,3978306,59,57,1146,0
2024-01-13,Bethune-Cookman,Grambling,3978309,62,63,776,0
2024-01-13,Radford,Winthrop,3978312,63,55,741,0
2024-01-13,Queens (NC),North Florida,3978324,57,76,144,0
2024-01-13,Ga. Southern,Old Dominion,3978333,50,70,697,0
2024-01-13,Presbyterian,Gardner-Webb,3978343,58,72,303,0
2024-01-13,Boston U.,Loyola Maryland,3978352,55,48,456,0
2024-01-13,Columbia,Cornell,3978353,82,53,1098,0
2024-01-13,Chattanooga,Samford,3978354,75,52,1394,0
2024-01-13,Binghamton,UAlbany,3978356,58,60,976,0
2024-01-13,St. John's (NY),UConn,3978357,49,92,2858,0
2024-01-13,Western Caro.,Wofford,3978361,56,75,582,0
2024-01-13,Longwood,UNC Asheville,3978366,61,69,873,0
2024-01-13,Bryant,New Hampshire,3978372,55,54,273,0
2024-01-13,Fairfield,Siena,3978376,78,73,609,0
2024-01-13,Manhattan,Saint Peter's,3978377,41,37,234,0
2024-01-13,Rider,Canisius,3978386,76,63,896,0
2024-01-13,ETSU,Mercer,3978392,77,71,561,0
2024-01-13,LIU,Sacred Heart,3978393,56,67,154,0
2024-01-13,Kennesaw St.,Jacksonville,3978396,59,57,629,0
2024-01-13,Florida A&M,Southern U.,3978402,59,53,1087,0
2024-01-13,UTEP,FIU,3978375,62,83,978,0
2024-01-13,Air Force,UNLV,3978076,64,76,631,0
2024-01-13,New Orleans,A&M-Corpus Christi,3978374,54,61,492,0
2024-01-13,Western Mich.,Miami (OH),3978100,50,64,775,0
2024-01-13,Colorado St.,New Mexico,3978181,61,55,1488,0
2024-01-13,South Dakota St.,Denver,3978359,68,50,1226,0
2024-01-13,SFA,Southern Utah,3978358,68,53,1116,0
2024-01-13,Oklahoma,Texas Tech,3978080,73,55,5223,0
2024-01-13,Merrimack,Le Moyne,3978439,59,74,354,0
2024-01-13,La Salle,Massachusetts,3978082,70,64,1647,0
2024-01-13,Bradley,Southern Ill.,3996475,58,56,308,0
2024-01-13,SIUE,Morehead St.,3978242,64,77,513,0
2024-01-13,Southern Miss.,South Alabama,3978273,77,69,1586,0
2024-01-13,Sam Houston,Middle Tenn.,3978395,55,87,396,0
2024-01-13,Houston,TCU,3978074,77,66,1635,0
2024-01-13,Alabama St.,Alcorn,3978568,42,49,2500,0
2024-01-13,Tulane,East Carolina,3978308,81,55,709,0
2024-01-13,Troy,James Madison,3978311,87,74,3333,0
2024-01-13,Alabama A&M,Jackson St.,3978549,41,70,1533,0
2024-01-13,Tarleton St.,Grand Canyon,3978350,47,79,710,0
2024-01-13,Jacksonville St.,Western Ky.,3978404,52,62,1013,0
2024-01-13,Boise St.,San Diego St.,3978382,68,59,1511,0
2024-01-13,Weber St.,Portland St.,3978368,89,53,359,0
2024-01-13,Idaho St.,Sacramento St.,3978364,62,48,779,0
2024-01-13,Northern Colo.,Montana St.,3978351,58,53,732,0
2024-01-13,Utah Valley,UTRGV,3978283,75,62,411,0
2024-01-13,Northern Ariz.,Montana,3978086,84,89,392,0
2024-01-13,Idaho,Eastern Wash.,3978067,44,67,1045,0
2024-01-13,Seattle U,UT Arlington,3978065,54,72,383,0
2024-01-13,Xavier,Seton Hall,3978454,47,61,697,0
2024-01-13,Quinnipiac,Iona,3978453,70,64,656,0
2024-01-13,Marist,Niagara,3978452,61,60,738,0
2024-01-13,USC Upstate,Charleston So.,3978093,59,58,287,0
2024-01-13,Texas Southern,Ark.-Pine Bluff,3978443,85,80,346,0
2024-01-13,Prairie View,Mississippi Val.,3978434,83,69,0,0
2024-01-13,East Texas A&M,Houston Christian,3978083,63,53,241,0
2024-01-13,CSU Bakersfield,UC Davis,3978327,46,62,309,0
2024-01-13,UC San Diego,Cal Poly,3978091,39,49,239,0
2024-01-13,Fresno St.,Utah St.,3978101,90,64,1032,0
2024-01-13,Pacific,San Francisco,3978068,68,81,471,0
2024-01-13,San Jose St.,Nevada,3978092,57,64,742,0
2024-01-13,Gonzaga,San Diego,3978295,85,67,5303,0
2024-01-13,Long Beach St.,UC Santa Barbara,3978489,56,69,853,0
2024-01-13,North Ala.,Lipscomb,3978472,67,85,1392,0
2024-01-13,BYU,Cincinnati,3978069,68,58,1786,0
2024-01-13,Kansas,Oklahoma St.,3978079,70,64,3204,0
2024-01-13,Butler,Villanova,3978491,54,65,777,0
2024-01-13,Portland,Santa Clara,3978363,73,63,196,0
2024-01-13,Iowa,Indiana,3953898,84,57,14998,0
2024-01-13,Saint Mary's (CA),LMU (CA),3978471,48,66,443,0
2024-01-13,UC Riverside,Hawaii,3978484,66,58,137,0
2024-01-13,Cal St. Fullerton,CSUN,3978481,68,62,189,0
2024-01-13,Marquette,DePaul,3978085,78,47,1830,0
2024-01-14,UNCW,Drexel,3978519,45,59,609,0
2024-01-14,St. Bonaventure,George Washington,3978516,62,78,115,0
2024-01-14,Boston College,Pittsburgh,3978511,84,71,1126,0
2024-01-14,Notre Dame,Miami (FL),3978510,70,59,5905,0
2024-01-14,Richmond,Rhode Island,3978508,71,67,1273,0
2024-01-14,Maryland,Purdue,3954093,88,66,7231,0
2024-01-14,Florida St.,Virginia Tech,3978524,89,81,3044,0
2024-01-14,Vanderbilt,Missouri,3978507,63,65,2560,0
2024-01-14,Indiana St.,Belmont,3996096,56,61,1177,0
2024-01-14,Elon,William & Mary,3978495,43,62,753,0
2024-01-14,Rice,South Fla.,3978509,67,64,893,0
2024-01-14,Colorado,Stanford,3978502,71,59,9111,0
2024-01-14,Utah,California,3996564,93,56,4520,0
2024-01-14,IU Indy,Northern Ky.,3978537,96,81,381,0
2024-01-14,Syracuse,Clemson,3978536,83,82,2742,0
2024-01-14,Louisville,Wake Forest,3978535,83,62,8901,0
2024-01-14,Florida,Georgia,3978533,78,69,2324,0
2024-01-14,Duke,Georgia Tech,3978532,84,46,2362,0
2024-01-14,Northeastern,Hofstra,3978530,66,53,271,0
2024-01-14,Campbell,Towson,3978501,69,59,1114,0
2024-01-14,Delaware,Stony Brook,3978500,67,79,1185,0
2024-01-14,Temple,Memphis,3978498,57,59,1621,0
2024-01-14,Army West Point,American,3978496,69,75,573,0
2024-01-14,Hampton,N.C. A&T,3978494,57,67,1202,0
2024-01-14,Col. of Charleston,Monmouth,3978493,62,75,517,0
2024-01-14,Fordham,Davidson,3978492,48,66,678,0
2024-01-14,Rutgers,Penn St.,3954225,80,94,6938,0
2024-01-14,UIC,Drake,3996128,62,82,1121,0
2024-01-14,Valparaiso,UNI,3996075,52,76,521,0
2024-01-14,Evansville,Murray St.,4470137,72,90,489,0
2024-01-14,Creighton,Providence,3978521,81,70,1620,0
2024-01-14,North Texas,Wichita St.,3978539,72,68,1445,0
2024-01-14,Washington,Washington St.,3996625,59,72,4104,0
2024-01-14,UTSA,Charlotte,3978499,81,80,671,0
2024-01-14,Minnesota,Nebraska,3953937,62,58,5958,0
2024-01-14,Oregon,Arizona,3996578,70,68,5027,0
2024-01-14,Oregon St.,Arizona St.,3996605,92,55,0,0
2024-01-14,Auburn,LSU,3978525,67,62,7720,0
2024-01-14,Alabama,Arkansas,3978528,59,77,2467,0
2024-01-14,Northwestern,Illinois,3954534,52,93,2322,0
2024-01-14,UAB,SMU,3978497,84,75,491,0
2024-01-14,North Carolina,Virginia,3978544,81,68,4579,0
2024-01-14,Ohio St.,Michigan St.,3954394,70,65,7601,0
2024-01-14,Southern California,UCLA,3978503,73,65,10657,0
2024-01-14,Texas A&M,Tennessee,3978542,71,56,4785,0
2024-01-14,Mississippi St.,Ole Miss,3978545,69,57,7101,0
2024-01-14,Kent St.,NIU,3978226,73,48,838,0
2024-01-14,Illinois St.,Missouri St.,4470024,85,78,1056,0
2024-01-15,Saint Joseph's,La Salle,3978554,64,39,715,0
2024-01-15,Chicago St.,LIU,3978567,58,66,84,0
2024-01-15,Stonehill,Wagner,3978547,67,44,387,0
2024-01-15,Penn,Cornell,3978548,67,54,982,0
2024-01-15,FDU,Saint Francis,3978557,64,54,202,0
2024-01-15,Columbia,Yale,3978560,88,52,1397,0
2024-01-15,Sacred Heart,Le Moyne,3978561,56,60,442,0
2024-01-15,Merrimack,Central Conn. St.,3978552,71,53,434,0
2024-01-15,Brown,Harvard,3978563,59,73,627,0
2024-01-15,Alabama St.,Alabama A&M,3979563,49,66,2900,0
2024-01-15,Florida A&M,Grambling,3978553,85,88,740,0
2024-01-15,Bethune-Cookman,Southern U.,3978574,66,71,622,0
2024-01-15,Dartmouth,Princeton,3978550,40,63,505,0
2024-01-15,Texas Southern,Mississippi Val.,3978578,69,70,347,0
2024-01-15,South Carolina,Kentucky,3978586,98,36,15929,0
2024-01-16,N.C. Central,N.C. Wesleyan,4492254,110,42,492,0
2024-01-16,UTSA,South Fla.,3978624,65,42,758,0
2024-01-16,Texas,Kansas,3978590,91,56,4837,0
2024-01-16,DePaul,Xavier,3978631,79,47,854,0
2024-01-16,Iowa,Wisconsin,3953899,96,50,14998,0
2024-01-17,Central Mich.,Ball St.,3978648,47,79,3271,0
2024-01-17,Colgate,Army West Point,3978643,49,52,1173,0
2024-01-17,East Carolina,Rice,3978658,67,80,5552,0
2024-01-17,San Diego St.,UNLV,3978762,60,67,2908,0
2024-01-17,Lehigh,Navy,3978649,81,65,448,0
2024-01-17,Lafayette,Holy Cross,3978757,57,80,432,0
2024-01-17,Bucknell,Boston U.,3978642,61,52,223,0
2024-01-17,Massachusetts,Loyola Chicago,3978639,66,79,835,0
2024-01-17,Rhode Island,Fordham,3978646,55,44,1013,0
2024-01-17,Duquesne,St. Bonaventure,3978636,76,67,1007,0
2024-01-17,Charlotte,Tulane,3978650,66,64,734,0
2024-01-17,UNC Asheville,Winthrop,3978821,64,70,500,0
2024-01-17,Michigan St.,Northwestern,3954430,91,72,2816,0
2024-01-17,Wichita St.,Memphis,3978637,71,66,1133,0
2024-01-17,Texas Tech,Iowa St.,3978763,71,63,4410,0
2024-01-17,NIU,Buffalo,3978753,58,65,445,0
2024-01-17,Illinois,Rutgers,3954226,96,68,2845,0
2024-01-17,High Point,Presbyterian,3978782,76,55,1038,0
2024-01-17,Maryland,Ohio St.,3954395,76,84,5112,0
2024-01-17,Western Mich.,Ohio,3978656,73,58,699,0
2024-01-17,Longwood,USC Upstate,3978652,66,58,907,0
2024-01-17,Bowling Green,Akron,3978641,70,59,2035,0
2024-01-17,Davidson,Richmond,3978638,54,59,712,0
2024-01-17,George Mason,Saint Louis,3978635,91,61,747,0
2024-01-17,Eastern Mich.,Miami (OH),3978634,53,48,1311,0
2024-01-17,Kent St.,Toledo,3978836,76,87,1321,0
2024-01-17,Wright St.,Cleveland St.,3978834,61,72,1149,0
2024-01-17,Northern Ky.,Robert Morris,3978831,83,51,922,0
2024-01-17,American,Loyola Maryland,3978781,55,59,289,0
2024-01-17,Dayton,George Washington,3978793,71,53,1898,0
2024-01-17,Gardner-Webb,Radford,3978795,71,80,115,0
2024-01-17,Providence,Georgetown,3978819,71,73,644,0
2024-01-17,St. John's (NY),Butler,3978825,60,42,293,0
2024-01-17,West Virginia,Houston,3978826,80,39,2251,0
2024-01-17,Villanova,Marquette,3978830,66,63,1643,0
2024-01-17,Oklahoma St.,BYU,3978766,82,50,2044,0
2024-01-17,Nebraska,Michigan,3953938,62,43,4398,0
2024-01-17,South Alabama,Arkansas St.,3978647,69,78,249,0
2024-01-17,Utah St.,Nevada,3978653,44,89,243,0
2024-01-17,Indiana,Minnesota,3954252,85,62,7977,0
2024-01-17,SMU,North Texas,3978654,61,76,902,0
2024-01-17,Seton Hall,UConn,3978856,59,83,1296,0
2024-01-17,Colorado St.,Air Force,3978767,81,67,1248,0
2024-01-17,New Mexico,Wyoming,3978644,68,61,4744,0
2024-01-17,San Jose St.,Boise St.,3978651,64,68,566,0
2024-01-18,UMass Lowell,UAlbany,3978862,49,65,3621,0
2024-01-18,Iona,Saint Peter's,3978869,68,62,2578,0
2024-01-18,Eastern Wash.,Weber St.,3978858,56,38,2231,0
2024-01-18,Vanderbilt,Auburn,3978860,53,50,1848,0
2024-01-18,Morehead St.,UT Martin,3978875,56,38,475,0
2024-01-18,Mississippi St.,Tennessee,3978946,64,75,5507,0
2024-01-18,James Madison,Ga. Southern,3978871,72,51,2160,0
2024-01-18,Marshall,Old Dominion,3978859,90,60,1098,0
2024-01-18,Niagara,Manhattan,3978935,53,64,436,0
2024-01-18,Lindenwood,SIUE,3978876,79,73,789,0
2024-01-18,Miami (FL),NC State,3978950,73,59,2366,0
2024-01-18,Southern Ind.,Little Rock,3978872,58,48,669,0
2024-01-18,Georgia Tech,North Carolina,3978945,68,73,1605,0
2024-01-18,Tennessee St.,Tennessee Tech,3978878,81,86,262,0
2024-01-18,Maine,UMBC,3978936,76,47,1045,0
2024-01-18,Canisius,Quinnipiac,3978938,69,58,372,0
2024-01-18,New Hampshire,NJIT,3978957,56,50,166,0
2024-01-18,Middle Tenn.,UTEP,3978857,81,70,3313,0
2024-01-18,Vermont,Binghamton,3978952,51,38,565,0
2024-01-18,App State,Coastal Carolina,3978958,73,63,467,0
2024-01-18,Youngstown St.,Purdue Fort Wayne,3978959,66,57,1726,0
2024-01-18,Bellarmine,North Ala.,3978964,90,91,273,0
2024-01-18,FGCU,Queens (NC),3978992,82,57,1708,0
2024-01-18,Clemson,Louisville,3978991,64,81,868,0
2024-01-18,Detroit Mercy,Green Bay,3978990,48,75,251,0
2024-01-18,Syracuse,Florida St.,3978988,79,73,2533,0
2024-01-18,Boston College,Wake Forest,3978986,68,65,803,0
2024-01-18,Virginia,Notre Dame,3978983,76,86,4152,0
2024-01-18,Eastern Ky.,Central Ark.,3978978,65,58,524,0
2024-01-18,Mount St. Mary's,Marist,3978972,44,45,427,0
2024-01-18,Siena,Rider,3978969,79,58,441,0
2024-01-18,Stetson,Kennesaw St.,3978879,48,63,296,0
2024-01-18,FIU,Liberty,3978867,70,59,553,0
2024-01-18,Mercer,UNC Greensboro,3978865,76,52,753,0
2024-01-18,Penn St.,Purdue,3954038,80,67,2266,0
2024-01-18,Southeastern La.,Northwestern St.,3978956,55,48,1012,0
2024-01-18,Oakland,Milwaukee,3979059,51,67,415,0
2024-01-18,Houston Christian,New Orleans,3978947,48,57,250,0
2024-01-18,Louisiana,ULM,3978934,59,65,619,0
2024-01-18,Southern Miss.,Georgia St.,3978930,82,75,1448,0
2024-01-18,Samford,Western Caro.,3978868,48,47,133,0
2024-01-18,Abilene Christian,Tarleton St.,3978948,73,51,1125,0
2024-01-18,UIW,Nicholls,3978864,59,65,120,0
2024-01-18,Western Ky.,New Mexico St.,3978963,44,50,782,0
2024-01-18,UTRGV,UT Arlington,3978965,64,62,1077,0
2024-01-18,Utah Valley,Grand Canyon,3978933,68,78,1183,0
2024-01-18,Omaha,South Dakota St.,3978993,55,92,239,0
2024-01-18,Oral Roberts,North Dakota,3978985,71,55,1074,0
2024-01-18,Missouri,Georgia,3978984,69,57,3836,0
2024-01-18,A&M-Corpus Christi,McNeese,3978980,83,63,818,0
2024-01-18,Texas St.,Troy,3978976,85,92,691,0
2024-01-18,St. Thomas (MN),South Dakota,3978967,61,63,445,0
2024-01-18,Lamar University,East Texas A&M,3978931,70,73,824,0
2024-01-18,Denver,North Dakota St.,3978943,63,84,268,0
2024-01-18,Duke,Virginia Tech,3978995,63,46,2217,0
2024-01-18,UC Davis,Cal St. Fullerton,3978951,60,55,580,0
2024-01-18,Idaho,Idaho St.,3978937,56,61,1153,0
2024-01-18,Santa Clara,Pepperdine,3978940,92,36,342,0
2024-01-18,Portland St.,Northern Ariz.,3978941,65,73,55,0
2024-01-18,Alabama,LSU,3978994,58,78,5575,0
2024-01-18,Utah Tech,Southern Utah,3978981,78,71,940,0
2024-01-18,San Diego,Pacific,3978953,48,75,247,0
2024-01-18,Seattle U,SFA,3978932,66,82,286,0
2024-01-18,UC Riverside,CSU Bakersfield,3978949,64,62,122,0
2024-01-18,Sacramento St.,Northern Colo.,3978961,59,72,348,0
2024-01-18,UC Santa Barbara,CSUN,3978970,70,41,551,0
2024-01-18,UC San Diego,UC Irvine,3978989,49,57,518,0
2024-01-18,LMU (CA),Gonzaga,3978861,48,72,356,0
2024-01-18,Hawaii,Long Beach St.,3978982,68,55,1567,0
2024-01-19,Wagner,Merrimack,3979055,45,72,1309,0
2024-01-19,Monmouth,Elon,3978997,60,65,391,0
2024-01-19,Drexel,Hofstra,3979048,56,38,354,0
2024-01-19,Stony Brook,Col. of Charleston,3978999,81,71,1317,0
2024-01-19,UNCW,Campbell,3979057,69,58,626,0
2024-01-19,Valparaiso,Illinois St.,3996300,68,77,295,0
2024-01-19,UNI,Murray St.,3996077,95,75,3923,0
2024-01-19,Southern Ill.,Indiana St.,3996098,63,64,558,0
2024-01-19,FDU,Stonehill,3979054,61,50,130,0
2024-01-19,Drake,Belmont,3996129,69,65,2134,0
2024-01-19,LIU,Saint Francis,3979061,72,64,134,0
2024-01-19,William & Mary,Delaware,3979060,78,72,1126,0
2024-01-19,Le Moyne,Central Conn. St.,3979058,57,44,857,0
2024-01-19,Towson,Hampton,3978996,83,53,224,0
2024-01-19,Missouri St.,Evansville,3996100,90,55,1921,0
2024-01-19,Colorado,UCLA,3979001,68,76,11338,0
2024-01-19,UIC,Bradley,3977989,75,68,1189,0
2024-01-19,Utah,Southern California,4158228,78,58,5561,0
2024-01-19,Washington St.,Arizona St.,3996606,79,64,1042,0
2024-01-19,Washington,Arizona,4446765,62,60,2090,0
2024-01-19,California,Oregon St.,3996565,64,71,1382,0
2024-01-19,Stanford,Oregon,3978998,88,63,4556,0
2024-01-20,Navy,Army West Point,3979090,51,66,5255,0
2024-01-20,New Hampshire,UMBC,3979115,56,37,292,0
2024-01-20,Robert Morris,Purdue Fort Wayne,3979118,36,64,224,0
2024-01-20,Yale,Dartmouth,3979071,48,46,365,0
2024-01-20,Marshall,Coastal Carolina,3979077,97,85,2219,0
2024-01-20,VCU,La Salle,3979095,66,50,1126,0
2024-01-20,Maine,NJIT,3979147,81,39,1237,0
2024-01-20,Canisius,Manhattan,3979158,55,58,385,0
2024-01-20,Bellarmine,Central Ark.,3979227,59,73,483,0
2024-01-20,Ohio,Eastern Mich.,3979229,72,62,0,0
2024-01-20,Detroit Mercy,Milwaukee,3979234,54,52,213,0
2024-01-20,Miami (OH),Bowling Green,3979245,56,47,385,0
2024-01-20,Western Ky.,UTEP,3979369,66,65,1013,0
2024-01-20,Oral Roberts,North Dakota St.,3979362,84,75,1327,0
2024-01-20,Maryland,Illinois,3954579,90,82,6409,0
2024-01-20,Southern Miss.,ULM,3979107,58,70,5587,0
2024-01-20,Sacramento St.,Northern Ariz.,3979310,66,83,334,0
2024-01-20,A&M-Corpus Christi,Nicholls,3979083,58,52,1247,0
2024-01-20,South Alabama,Georgia St.,3979087,47,73,2991,0
2024-01-20,Ark.-Pine Bluff,Florida A&M,3979106,85,62,1281,0
2024-01-20,Kansas St.,Kansas,3979157,69,58,9602,0
2024-01-20,Western Ill.,Tennessee St.,3979166,79,71,861,0
2024-01-20,Southern Ind.,Morehead St.,3979168,70,55,1057,0
2024-01-20,NIU,Central Mich.,3979185,70,57,711,0
2024-01-20,Lindenwood,Eastern Ill.,3979199,60,68,621,0
2024-01-20,Houston Christian,Lamar University,3979220,54,65,383,0
2024-01-20,Southeastern La.,East Texas A&M,3979237,65,49,721,0
2024-01-20,Loyola Chicago,St. Bonaventure,3979343,78,50,384,0
2024-01-20,Akron,Kent St.,3979080,60,69,1059,0
2024-01-20,Bucknell,Lafayette,3979082,65,58,437,0
2024-01-20,Mercer,Western Caro.,3979089,78,44,607,0
2024-01-20,George Washington,Saint Louis,3979092,56,66,342,0
2024-01-20,Cornell,Brown,3979094,53,64,431,0
2024-01-20,Stetson,Queens (NC),3979097,73,71,270,0
2024-01-20,Oakland,Green Bay,3979099,83,81,520,0
2024-01-20,UMass Lowell,Binghamton,3979206,65,70,269,0
2024-01-20,Coppin St.,Morgan St.,3979272,67,47,423,0
2024-01-20,App State,Ga. Southern,3979276,82,74,370,0
2024-01-20,Niagara,Quinnipiac,3979289,86,78,487,0
2024-01-20,Siena,Iona,3979292,77,56,713,0
2024-01-20,American,Lehigh,3979293,59,55,534,0
2024-01-20,Harvard,Penn,3979294,69,56,815,0
2024-01-20,Winthrop,Gardner-Webb,3979299,61,50,218,0
2024-01-20,Wofford,Furman,3979303,69,51,1049,0
2024-01-20,East Carolina,SMU,3979315,68,61,1259,0
2024-01-20,Buffalo,Western Mich.,3979316,63,66,1338,0
2024-01-20,James Madison,Old Dominion,3979320,72,64,2611,0
2024-01-20,Delaware St.,UMES,3979348,45,76,500,0
2024-01-20,Presbyterian,Longwood,3979351,69,66,289,0
2024-01-20,Boston U.,Colgate,3979364,73,66,496,0
2024-01-20,Chattanooga,ETSU,3979365,52,50,1849,0
2024-01-20,Georgetown,Xavier,3979367,77,49,989,0
2024-01-20,UConn,DePaul,3979368,88,51,10299,0
2024-01-20,Charleston So.,High Point,3979372,57,74,297,0
2024-01-20,Howard,Norfolk St.,3979384,73,60,1233,0
2024-01-20,Bryant,UAlbany,3979385,62,64,265,0
2024-01-20,South Carolina St.,N.C. Central,3979407,61,75,650,0
2024-01-20,Southeast Mo. St.,SIUE,3979267,86,72,485,0
2024-01-20,Tarleton St.,UTRGV,3979361,57,61,490,0
2024-01-20,UIW,McNeese,3979359,67,55,349,0
2024-01-20,Texas St.,Arkansas St.,3979333,53,57,2042,0
2024-01-20,Tulane,Rice,3979318,44,61,983,0
2024-01-20,Sam Houston,Liberty,3979408,77,84,481,0
2024-01-20,Middle Tenn.,New Mexico St.,3979072,85,48,3605,0
2024-01-20,Baylor,UCF,3979073,77,74,5089,0
2024-01-20,UT Arlington,Abilene Christian,3979400,74,65,859,0
2024-01-20,Austin Peay,Lipscomb,3979386,51,61,3736,0
2024-01-20,Denver,North Dakota,3979184,68,78,545,0
2024-01-20,Memphis,Fla. Atlantic,3979088,76,56,959,0
2024-01-20,New Orleans,Northwestern St.,3979098,43,72,488,0
2024-01-20,Tulsa,Wichita St.,3979103,93,70,1186,0
2024-01-20,Samford,UNC Greensboro,3979105,62,53,336,0
2024-01-20,Kansas City,Omaha,3979370,88,74,292,0
2024-01-20,Loyola Maryland,Holy Cross,3979446,51,71,363,0
2024-01-20,Louisiana Tech,Jacksonville St.,3979284,67,53,1690,0
2024-01-20,Louisiana,Troy,3979288,57,65,611,0
2024-01-20,Minnesota,Michigan St.,3954253,69,50,5020,0
2024-01-20,Oklahoma St.,Texas,3979340,66,76,3405,0
2024-01-20,Utah Tech,Utah Valley,3979342,52,55,668,0
2024-01-20,Montana St.,Montana,3979338,64,55,2813,0
2024-01-20,Grand Canyon,Seattle U,3979283,84,73,602,0
2024-01-20,Wyoming,Colorado St.,3979078,67,63,3030,0
2024-01-20,Santa Clara,San Francisco,3979187,72,59,352,0
2024-01-20,California Baptist,Southern Utah,3979100,93,67,478,0
2024-01-20,Nevada,Fresno St.,3979174,63,62,1382,0
2024-01-20,USC Upstate,Radford,3979378,65,60,377,0
2024-01-20,Princeton,Columbia,3979375,80,65,1873,0
2024-01-20,FGCU,Kennesaw St.,3979490,93,65,1734,0
2024-01-20,Rider,Mount St. Mary's,3979489,53,60,614,0
2024-01-20,Northern Ky.,Wright St.,3979484,83,90,1342,0
2024-01-20,Cincinnati,West Virginia,3979481,43,72,1264,0
2024-01-20,Marist,Fairfield,3979475,46,60,1525,0
2024-01-20,Eastern Ky.,North Ala.,3979469,67,58,1116,0
2024-01-20,Grambling,Southern U.,3979445,69,45,0,0
2024-01-20,Alcorn,Texas Southern,3979444,69,51,252,0
2024-01-20,Jackson St.,Prairie View,3979439,91,54,1795,0
2024-01-20,Portland St.,Northern Colo.,3979347,54,71,359,0
2024-01-20,Gonzaga,Saint Mary's (CA),3979505,89,60,5439,0
2024-01-20,Cleveland St.,IU Indy,3979499,90,58,379,0
2024-01-20,LMU (CA),San Diego,3979339,67,60,289,0
2024-01-20,UC Irvine,UC Davis,3979301,79,61,889,0
2024-01-20,UNLV,New Mexico,3979074,66,69,1188,0
2024-01-20,CSUN,UC Riverside,3979280,46,57,131,0
2024-01-20,Cal Poly,CSU Bakersfield,3979376,80,67,957,0
2024-01-20,Boise St.,Utah St.,3979101,76,41,1578,0
2024-01-20,Eastern Wash.,Idaho St.,3979075,68,46,672,0
2024-01-20,Mississippi Val.,Bethune-Cookman,3979482,57,76,2012,0
2024-01-20,BYU,Texas Tech,3979079,60,46,1873,0
2024-01-20,Richmond,Dayton,3979084,72,39,1956,0
2024-01-20,San Diego St.,San Jose St.,3979233,63,51,1473,0
2024-01-20,South Fla.,North Texas,3979514,61,65,2516,0
2024-01-20,Houston,Oklahoma,3979081,65,71,1780,0
2024-01-20,South Dakota St.,South Dakota,3979508,73,55,3671,0
2024-01-20,Idaho,Weber St.,3979306,56,61,1109,0
2024-01-20,Cal St. Fullerton,UC Santa Barbara,3979506,80,67,192,0
2024-01-20,Pacific,Pepperdine,3979317,72,49,777,0
2024-01-20,Hawaii,UC San Diego,3979513,64,52,1942,0
2024-01-21,Butler,Providence,3979533,53,63,1456,0
2024-01-21,Villanova,Creighton,3979534,49,63,2651,0
2024-01-21,Rhode Island,Saint Joseph's,3979520,48,51,1566,0
2024-01-21,Virginia Tech,Clemson,3979535,74,62,6427,0
2024-01-21,NC State,Duke,3979531,72,57,5500,0
2024-01-21,Ohio St.,Iowa,3953900,100,92,18660,0
2024-01-21,Penn St.,Nebraska,3953939,82,73,2608,0
2024-01-21,Georgia,Ole Miss,3979537,59,69,3646,0
2024-01-21,Central Conn. St.,LIU,3979544,50,57,371,0
2024-01-21,Northeastern,Col. of Charleston,3979547,46,83,241,0
2024-01-21,Drexel,Monmouth,3979548,55,63,637,0
2024-01-21,N.C. A&T,Delaware,3979556,65,62,1003,0
2024-01-21,Temple,Charlotte,3979524,73,68,1165,0
2024-01-21,Hampton,UNCW,3979521,72,50,708,0
2024-01-21,Saint Francis,Le Moyne,3979557,55,52,344,0
2024-01-21,Campbell,Stony Brook,3979526,75,73,963,0
2024-01-21,Stonehill,Merrimack,3979542,60,72,508,0
2024-01-21,Towson,William & Mary,3979519,80,64,602,0
2024-01-21,Davidson,Duquesne,3979517,59,66,803,0
2024-01-21,Rutgers,Michigan,3954227,50,56,4647,0
2024-01-21,Purdue,Indiana,3954039,68,74,11796,0
2024-01-21,UIC,Illinois St.,3996447,86,79,1731,0
2024-01-21,Valparaiso,Bradley,3978504,79,55,548,0
2024-01-21,UAB,UTSA,3979523,54,53,406,0
2024-01-21,Florida St.,Virginia,3979558,87,91,2081,0
2024-01-21,Hofstra,Elon,3979546,54,55,1007,0
2024-01-21,Georgia Tech,Boston College,3979552,69,54,2185,0
2024-01-21,North Carolina,Louisville,3979553,79,68,6073,0
2024-01-21,Kentucky,Missouri,3979543,76,71,3665,0
2024-01-21,Wake Forest,Notre Dame,3979555,56,75,1566,0
2024-01-21,Pittsburgh,Syracuse,3979554,59,72,1555,0
2024-01-21,Auburn,Alabama,3979541,78,65,6075,0
2024-01-21,Chicago St.,Central Mich.,3979516,55,66,130,0
2024-01-21,Colorado,Southern California,4470142,63,59,8474,0
2024-01-21,Washington,Arizona St.,3996607,65,73,2614,0
2024-01-21,Washington St.,Arizona,3996626,78,57,1232,0
2024-01-21,California,Oregon,3996566,66,57,1347,0
2024-01-21,Tennessee,Vanderbilt,3979560,73,64,9088,0
2024-01-21,Missouri St.,Indiana St.,3996099,89,71,2353,0
2024-01-21,Drake,Murray St.,3996130,107,98,2184,0
2024-01-21,UNI,Belmont,3996078,67,72,3912,0
2024-01-21,Southern Ill.,Evansville,3996476,99,60,564,0
2024-01-21,Wagner,Sacred Heart,3979561,63,83,483,0
2024-01-21,Massachusetts,George Mason,3979518,52,73,1485,0
2024-01-21,LSU,Arkansas,3979515,99,68,12873,0
2024-01-21,Texas A&M,South Carolina,3979562,64,99,5924,0
2024-01-21,Stanford,Oregon St.,3979522,65,56,7022,0
2024-01-21,Ball St.,Toledo,3979104,65,51,2469,0
2024-01-22,Portland,Saint Mary's (CA),3978866,67,73,244,0
2024-01-22,Colgate,Lehigh,3979660,61,79,243,0
2024-01-22,Alcorn,Prairie View,3979564,55,61,1252,0
2024-01-22,Norfolk St.,Mary Washington,4472723,99,43,522,0
2024-01-22,Jackson St.,Texas Southern,3979571,75,50,0,0
2024-01-22,Mississippi Val.,Florida A&M,3979573,55,62,1025,0
2024-01-22,Seton Hall,St. John's (NY),3979582,74,66,1029,0
2024-01-22,Florida,Mississippi St.,3979585,77,89,1587,0
2024-01-22,Utah,UCLA,3979527,94,81,5261,0
2024-01-22,Ark.-Pine Bluff,Bethune-Cookman,3979566,70,73,1346,0
2024-01-22,Weber St.,Montana,3979580,55,87,280,0
2024-01-22,Baylor,Kansas St.,3979587,55,58,4536,0
2024-01-22,Idaho St.,Montana St.,3979565,62,53,714,0
2024-01-23,Nevada,Colorado St.,3979659,78,51,6995,0
2024-01-23,Marquette,UConn,3979627,59,85,3585,0
2024-01-23,TCU,UCF,3979633,66,60,2249,0
2024-01-23,Chicago St.,Purdue Fort Wayne,3979617,76,102,154,0
2024-01-23,Wisconsin,Minnesota,3954160,59,56,4191,0
2024-01-24,Buffalo,Bowling Green,3979673,82,72,2273,0
2024-01-24,La Salle,Rhode Island,3979675,47,75,1202,0
2024-01-24,Dayton,VCU,3979674,62,73,12097,0
2024-01-24,George Washington,George Mason,3979664,41,57,602,0
2024-01-24,Lafayette,Loyola Maryland,3979769,60,67,274,0
2024-01-24,Duquesne,Richmond,3979657,72,59,791,0
2024-01-24,Army West Point,Boston U.,3979772,61,57,321,0
2024-01-24,Ga. Southern,Georgia St.,3979763,66,74,782,0
2024-01-24,Winthrop,Charleston So.,3979752,54,63,287,0
2024-01-24,Cincinnati,Oklahoma St.,3979771,58,56,1392,0
2024-01-24,Michigan St.,Purdue,3954040,97,70,3096,0
2024-01-24,Ball St.,Miami (OH),3979666,91,56,1569,0
2024-01-24,Youngstown St.,Northern Ky.,3979778,56,62,1304,0
2024-01-24,Texas Tech,Houston,3979773,66,48,4775,0
2024-01-24,North Ala.,Kennesaw St.,3979770,79,60,1032,0
2024-01-24,Texas,Oklahoma,3979653,87,91,5478,0
2024-01-24,Kent St.,Eastern Mich.,3979842,66,57,754,0
2024-01-24,Michigan,Maryland,3954294,79,77,2586,0
2024-01-24,IU Indy,Green Bay,3979841,59,87,471,0
2024-01-24,Navy,Bucknell,3979835,59,48,585,0
2024-01-24,Robert Morris,Detroit Mercy,3979834,39,56,177,0
2024-01-24,Georgetown,Creighton,3979831,72,77,522,0
2024-01-24,Xavier,Butler,3979829,57,90,238,0
2024-01-24,Providence,Villanova,3979824,82,76,827,0
2024-01-24,Gardner-Webb,Longwood,3979795,74,59,208,0
2024-01-24,Radford,UNC Asheville,3979794,59,46,833,0
2024-01-24,Davidson,Massachusetts,3979656,72,42,713,0
2024-01-24,Fordham,Loyola Chicago,3979658,64,73,351,0
2024-01-24,Central Mich.,Ohio,3979663,58,68,1094,0
2024-01-24,Holy Cross,American,3979669,59,48,984,0
2024-01-24,Western Mich.,Akron,3979670,60,51,675,0
2024-01-24,Toledo,NIU,3979671,72,52,3902,0
2024-01-24,High Point,USC Upstate,3979790,49,59,862,0
2024-01-24,St. Bonaventure,Saint Joseph's,3979791,40,65,193,0
2024-01-24,James Madison,Marshall,3979792,70,77,2370,0
2024-01-24,Jacksonville St.,Middle Tenn.,3979779,45,66,1024,0
2024-01-24,Tulsa,Rice,3979668,70,65,1768,0
2024-01-24,Central Ark.,Queens (NC),3979672,76,57,478,0
2024-01-24,Kansas,Iowa St.,3979662,60,58,3157,0
2024-01-24,North Texas,Tulane,3979781,77,70,1667,0
2024-01-24,Utah St.,San Diego St.,3979665,62,76,287,0
2024-01-24,SMU,Temple,3979667,68,66,865,0
2024-01-24,Wyoming,Air Force,3979655,66,63,2333,0
2024-01-24,Boise St.,UNLV,3979780,63,84,1058,0
2024-01-24,New Mexico,Fresno St.,3979661,84,77,4716,0
2024-01-25,Vermont,UMass Lowell,3979883,62,53,2555,0
2024-01-25,South Alabama,Texas St.,3979872,44,63,2115,0
2024-01-25,Little Rock,Lindenwood,3979896,50,45,1189,0
2024-01-25,Saint Peter's,Mount St. Mary's,3979870,49,52,0,0
2024-01-25,UC Irvine,Long Beach St.,3979882,74,59,2294,0
2024-01-25,California Baptist,UTRGV,3979897,75,55,4417,0
2024-01-25,Quinnipiac,Fairfield,3979893,59,74,551,0
2024-01-25,Fla. Atlantic,East Carolina,3979880,74,78,435,0
2024-01-25,Eastern Ill.,Tennessee Tech,3979891,73,71,735,0
2024-01-25,Louisiana,Coastal Carolina,3979889,67,51,648,0
2024-01-25,Southern Ind.,Western Ill.,3979890,81,61,1365,0
2024-01-25,ULM,Arkansas St.,3979894,84,76,1432,0
2024-01-25,Stonehill,Saint Francis,3979953,66,57,563,0
2024-01-25,Wofford,Mercer,3979954,65,64,414,0
2024-01-25,Duke,Florida St.,3979962,88,46,1779,0
2024-01-25,Virginia Tech,Georgia Tech,3979966,87,69,4971,0
2024-01-25,Bryant,NJIT,3979968,73,64,278,0
2024-01-25,Binghamton,New Hampshire,3979970,73,63,1303,0
2024-01-25,UT Martin,Southeast Mo. St.,3979906,52,44,1483,0
2024-01-25,Old Dominion,App State,3979971,68,49,2189,0
2024-01-25,Jacksonville,Eastern Ky.,3979972,51,59,350,0
2024-01-25,Santa Clara,Gonzaga,3979885,45,82,337,0
2024-01-25,Illinois,Ohio St.,3954396,59,67,3254,0
2024-01-25,Rider,Niagara,3980001,62,81,486,0
2024-01-25,Clemson,NC State,3980000,49,71,919,0
2024-01-25,Sacred Heart,LIU,3979998,70,55,520,0
2024-01-25,Western Caro.,ETSU,3979997,47,56,558,0
2024-01-25,Louisville,Boston College,3979996,88,60,7606,0
2024-01-25,Notre Dame,Syracuse,3979992,65,79,5512,0
2024-01-25,Virginia,Pittsburgh,3979989,52,56,3817,0
2024-01-25,Le Moyne,Merrimack,3979988,64,57,464,0
2024-01-25,Iona,Canisius,3979980,43,53,787,0
2024-01-25,UNC Greensboro,Chattanooga,3979977,55,73,406,0
2024-01-25,North Florida,Bellarmine,3979974,63,69,346,0
2024-01-25,Furman,Samford,3979881,60,66,342,0
2024-01-25,UAlbany,Maine,3979879,54,47,1222,0
2024-01-25,FIU,Western Ky.,3979878,70,60,405,0
2024-01-25,Oakland,Cleveland St.,3979876,65,77,517,0
2024-01-25,Manhattan,Marist,3979875,60,54,354,0
2024-01-25,Bradley,Drake,3996131,65,77,393,0
2024-01-25,Houston Christian,Southeastern La.,3979963,51,53,200,0
2024-01-25,Troy,Southern Miss.,3979958,77,70,1567,0
2024-01-25,Lipscomb,FGCU,3979955,54,75,521,0
2024-01-25,Austin Peay,Stetson,3979874,42,51,1632,0
2024-01-25,Wichita St.,UAB,3979867,81,83,1092,0
2024-01-25,Ole Miss,Florida,3979865,81,70,2450,0
2024-01-25,Illinois St.,UNI,3996080,88,77,1614,0
2024-01-25,East Texas A&M,A&M-Corpus Christi,3979871,58,69,382,0
2024-01-25,DePaul,St. John's (NY),3979994,77,83,994,0
2024-01-25,LSU,South Carolina,3979975,70,76,13205,0
2024-01-25,Kansas City,South Dakota St.,3979995,49,72,559,0
2024-01-25,North Carolina,Miami (FL),3980004,66,61,2530,0
2024-01-25,South Dakota,Denver,3979993,78,70,1577,0
2024-01-25,Lamar University,New Orleans,3979949,65,62,626,0
2024-01-25,FDU,Central Conn. St.,3979888,80,75,113,0
2024-01-25,Northern Ariz.,Idaho,3979873,65,53,667,0
2024-01-25,New Mexico St.,Sam Houston,3979905,76,63,458,0
2024-01-25,Grand Canyon,SFA,3979952,54,59,568,0
2024-01-25,North Dakota St.,St. Thomas (MN),3979986,85,52,523,0
2024-01-25,Northern Colo.,Eastern Wash.,3979961,62,68,753,0
2024-01-25,Northwestern,Penn St.,3954345,65,76,1664,0
2024-01-25,Omaha,Oral Roberts,3980002,78,88,374,0
2024-01-25,Arkansas,Kentucky,3979990,88,61,3719,0
2024-01-25,McNeese,Northwestern St.,3979991,44,60,1774,0
2024-01-25,Southern Utah,Tarleton St.,3979973,60,71,1145,0
2024-01-25,Pacific,Saint Mary's (CA),3979866,60,45,606,0
2024-01-25,UTEP,Louisiana Tech,3979999,61,57,1010,0
2024-01-25,Utah Tech,Abilene Christian,3979985,78,69,596,0
2024-01-25,San Francisco,LMU (CA),3979869,61,48,0,0
2024-01-25,UC Riverside,UC San Diego,3979964,43,51,121,0
2024-01-25,Missouri,Texas A&M,3980003,67,69,3864,0
2024-01-25,Montana St.,Sacramento St.,3979983,60,54,1768,0
2024-01-25,Montana,Portland St.,3979979,87,46,2278,0
2024-01-25,Pepperdine,Portland,3979951,49,82,158,0
2024-01-25,CSU Bakersfield,CSUN,3979982,70,54,691,0
2024-01-25,UC Santa Barbara,Hawaii,3979978,65,53,699,0
2024-01-25,Cal St. Fullerton,Cal Poly,3979987,55,68,283,0
2024-01-26,Indiana St.,Valparaiso,3996101,70,49,1211,0
2024-01-26,Delaware,Northeastern,3980008,66,73,1288,0
2024-01-26,Campbell,N.C. A&T,3980009,51,73,1008,0
2024-01-26,Murray St.,Southern Ill.,3996314,75,70,1931,0
2024-01-26,Evansville,UIC,3996448,61,70,245,0
2024-01-26,William & Mary,Hofstra,3980061,61,50,962,0
2024-01-26,Hampton,Monmouth,3980006,61,69,682,0
2024-01-26,Belmont,Missouri St.,3996441,66,55,892,0
2024-01-26,Milwaukee,Wright St.,3980057,93,87,676,0
2024-01-26,Arizona St.,Stanford,3980012,50,80,2578,0
2024-01-26,Arizona,California,3996654,66,55,7268,0
2024-01-26,Oregon,Utah,3996579,48,58,6965,0
2024-01-26,Southern California,Washington St.,3980010,70,62,2671,0
2024-01-26,Oregon St.,Colorado,3996650,68,62,5262,0
2024-01-26,UCLA,Washington,3980007,62,44,3563,0
2024-01-27,Michigan St.,Michigan,3954295,82,61,9385,0
2024-01-27,Central Mich.,Western Mich.,3980095,53,45,1302,0
2024-01-27,Yale,Harvard,3980075,52,61,517,0
2024-01-27,Eastern Mich.,Ball St.,3980074,50,75,1495,0
2024-01-27,Gardner-Webb,USC Upstate,3980162,59,78,509,0
2024-01-27,Iona,Manhattan,3980160,56,64,944,0
2024-01-27,Rhode Island,Massachusetts,3980092,63,48,1674,0
2024-01-27,Morehead St.,Western Ill.,3980187,59,65,845,0
2024-01-27,Old Dominion,Georgia St.,3980356,73,65,3198,0
2024-01-27,UNC Greensboro,ETSU,3980301,54,50,498,0
2024-01-27,ULM,Coastal Carolina,3980122,71,68,1189,0
2024-01-27,FIU,Middle Tenn.,3980106,62,92,325,0
2024-01-27,Detroit Mercy,Cleveland St.,3980238,69,56,251,0
2024-01-27,Ohio,Miami (OH),3980230,71,55,741,0
2024-01-27,Youngstown St.,Robert Morris,3980260,71,46,3102,0
2024-01-27,Longwood,Regent,4493097,103,52,841,0
2024-01-27,Fairfield,Canisius,3980105,70,42,1315,0
2024-01-27,Kennesaw St.,Central Ark.,3980107,60,67,794,0
2024-01-27,UAlbany,New Hampshire,3980108,54,46,1349,0
2024-01-27,Furman,Mercer,3980112,58,56,518,0
2024-01-27,Florida A&M,Alcorn,3980113,60,56,989,0
2024-01-27,Liberty,Jacksonville St.,3980275,63,32,1238,0
2024-01-27,North Florida,Eastern Ky.,3980277,56,79,467,0
2024-01-27,Mount St. Mary's,Niagara,3980311,63,80,1284,0
2024-01-27,Bethune-Cookman,Jackson St.,3980312,65,81,509,0
2024-01-27,Radford,Presbyterian,3980315,65,40,841,0
2024-01-27,Queens (NC),North Ala.,3980328,71,75,132,0
2024-01-27,Ga. Southern,Marshall,3980336,95,106,763,0
2024-01-27,Delaware St.,South Carolina St.,3980346,61,49,650,0
2024-01-27,UMES,N.C. Central,3980355,78,61,183,0
2024-01-27,Saint Peter's,Rider,3980357,68,58,0,0
2024-01-27,Boston U.,Lafayette,3980362,51,39,570,0
2024-01-27,Xavier,Providence,3980363,60,69,943,0
2024-01-27,Binghamton,Maine,3980366,56,59,1118,0
2024-01-27,West Virginia,Iowa St.,3980367,84,78,4905,0
2024-01-27,Jacksonville,Bellarmine,3980368,87,69,200,0
2024-01-27,Purdue Fort Wayne,Northern Ky.,3980369,61,55,743,0
2024-01-27,Charleston So.,UNC Asheville,3980370,59,62,456,0
2024-01-27,Lehigh,Holy Cross,3980371,70,60,734,0
2024-01-27,Saint Joseph's,Davidson,3980372,68,42,917,0
2024-01-27,Western Caro.,Chattanooga,3980376,59,69,795,0
2024-01-27,Vermont,Bryant,3980377,61,35,1204,0
2024-01-27,Norfolk St.,Coppin St.,3980387,61,53,1242,0
2024-01-27,Sacred Heart,FDU,3980388,68,51,864,0
2024-01-27,LIU,Le Moyne,3980409,62,80,178,0
2024-01-27,Morgan St.,Howard,3980412,51,54,2700,0
2024-01-27,UCF,Houston,3980097,92,87,1092,0
2024-01-27,Colgate,American,3980087,54,56,244,0
2024-01-27,Fordham,George Washington,3980082,60,55,288,0
2024-01-27,Wofford,Samford,3980079,59,41,565,0
2024-01-27,Penn,Columbia,3980078,55,85,748,0
2024-01-27,Iowa,Nebraska,3953901,92,73,14998,0
2024-01-27,SIUE,Tennessee Tech,3980248,58,67,689,0
2024-01-27,Northwestern St.,A&M-Corpus Christi,3980239,45,50,412,0
2024-01-27,Little Rock,Southeast Mo. St.,3980229,53,47,423,0
2024-01-27,McNeese,New Orleans,3980212,59,74,1340,0
2024-01-27,Eastern Ill.,Tennessee St.,3980182,71,67,841,0
2024-01-27,NIU,Akron,3980179,59,61,980,0
2024-01-27,North Dakota,St. Thomas (MN),3980153,66,76,1290,0
2024-01-27,UT Martin,Lindenwood,3980137,68,73,895,0
2024-01-27,New Mexico St.,Louisiana Tech,3980077,66,64,909,0
2024-01-27,Princeton,Cornell,3980101,85,47,1104,0
2024-01-27,Air Force,New Mexico,3980084,51,66,688,0
2024-01-27,Colorado St.,San Jose St.,3980197,65,49,8083,0
2024-01-27,Wisconsin,Rutgers,3954161,73,62,6035,0
2024-01-27,Texas,Cincinnati,3980076,67,50,6008,0
2024-01-27,Rice,Memphis,3980093,66,73,841,0
2024-01-27,SMU,UTSA,3980104,75,58,1396,0
2024-01-27,Louisiana,Texas St.,3980288,59,52,512,0
2024-01-27,Lipscomb,Stetson,3980302,55,67,307,0
2024-01-27,Troy,Arkansas St.,3980313,91,84,4211,0
2024-01-27,UIW,Houston Christian,3980358,77,49,181,0
2024-01-27,South Alabama,Southern Miss.,3980364,43,77,331,0
2024-01-27,South Dakota,Kansas City,3980365,72,62,2606,0
2024-01-27,Texas Tech,TCU,3980390,71,65,7530,0
2024-01-27,Omaha,Denver,3980410,80,77,431,0
2024-01-27,Bradley,UNI,3996081,59,105,451,0
2024-01-27,Brown,Dartmouth,3980419,35,31,497,0
2024-01-27,NJIT,UMBC,3980439,61,72,325,0
2024-01-27,Merrimack,Saint Francis,3980442,71,48,617,0
2024-01-27,Bucknell,Army West Point,3980086,66,75,571,0
2024-01-27,San Diego St.,Boise St.,3980237,79,54,2003,0
2024-01-27,California Baptist,SFA,3980244,97,75,616,0
2024-01-27,Fresno St.,Wyoming,3980109,47,69,1167,0
2024-01-27,Saint Mary's (CA),Santa Clara,3980169,74,67,766,0
2024-01-27,Quinnipiac,Siena,3980471,60,78,888,0
2024-01-27,James Madison,App State,3980464,78,61,4080,0
2024-01-27,Wagner,Central Conn. St.,3980458,49,45,577,0
2024-01-27,Charlotte,Tulsa,3980098,55,65,996,0
2024-01-27,Bowling Green,Kent St.,3980085,74,82,2296,0
2024-01-27,Texas Southern,Alabama A&M,3980447,61,55,750,0
2024-01-27,Grambling,Mississippi Val.,3980435,81,71,1068,0
2024-01-27,Southern U.,Ark.-Pine Bluff,3980427,59,74,3764,0
2024-01-27,Lamar University,Southeastern La.,3980415,59,45,985,0
2024-01-27,Prairie View,Alabama St.,3980099,46,43,595,0
2024-01-27,UTEP,Sam Houston,3980389,66,61,1435,0
2024-01-27,Northern Colo.,Idaho,3980360,56,60,608,0
2024-01-27,Utah Tech,Tarleton St.,3980341,75,48,441,0
2024-01-27,Montana St.,Portland St.,3980334,71,50,2361,0
2024-01-27,Montana,Sacramento St.,3980310,84,57,2781,0
2024-01-27,Utah Valley,Seattle U,3980287,59,56,567,0
2024-01-27,Grand Canyon,UT Arlington,3980281,70,35,553,0
2024-01-27,Southern Utah,Abilene Christian,3980219,82,80,345,0
2024-01-27,Idaho St.,Weber St.,3980103,55,47,993,0
2024-01-27,Northern Ariz.,Eastern Wash.,3980096,89,81,452,0
2024-01-27,East Texas A&M,Nicholls,3980094,71,67,412,0
2024-01-27,CSU Bakersfield,Cal St. Fullerton,3980331,66,56,401,0
2024-01-27,San Francisco,Gonzaga,3980091,54,73,0,0
2024-01-27,UC San Diego,UC Davis,3980102,49,62,352,0
2024-01-27,Marquette,Butler,3980473,59,48,2212,0
2024-01-27,Illinois St.,Drake,3996132,79,70,2487,0
2024-01-27,CSUN,UC Irvine,3980278,63,67,128,0
2024-01-27,UNLV,Nevada,3980080,92,47,2555,0
2024-01-27,Kansas St.,BYU,3980460,67,65,8180,0
2024-01-27,Cal Poly,Hawaii,3980379,59,63,1583,0
2024-01-27,San Diego,Portland,3980378,59,64,388,0
2024-01-27,LMU (CA),Pepperdine,3980335,75,59,231,0
2024-01-27,Loyola Maryland,Navy,3980490,70,67,279,0
2024-01-27,Long Beach St.,UC Riverside,3980425,54,52,615,0
2024-01-27,Wichita St.,Fla. Atlantic,3980081,56,63,1440,0
2024-01-27,Oklahoma,Kansas,3980089,60,55,4036,0
2024-01-27,Austin Peay,FGCU,3980501,54,65,2061,0
2024-01-27,High Point,Winthrop,3980505,75,68,1505,0
2024-01-27,Toledo,Buffalo,3980110,67,63,4157,0
2024-01-27,UConn,Notre Dame,3980509,67,82,10299,0
2024-01-28,Virginia,North Carolina,3980526,81,66,5690,0
2024-01-28,South Fla.,East Carolina,3980530,54,40,2984,0
2024-01-28,Syracuse,Virginia Tech,3980527,62,75,6003,0
2024-01-28,Dayton,St. Bonaventure,3980511,64,43,2503,0
2024-01-28,William & Mary,Monmouth,3980538,56,67,1354,0
2024-01-28,Indiana St.,UIC,3996102,48,76,1336,0
2024-01-28,Florida,Texas A&M,3980517,63,51,1460,0
2024-01-28,Penn St.,Maryland,3954346,112,76,3532,0
2024-01-28,Col. of Charleston,UNCW,3980513,94,59,401,0
2024-01-28,Creighton,Seton Hall,3980535,57,49,1773,0
2024-01-28,DePaul,Villanova,3980536,64,95,1555,0
2024-01-28,Arizona,Stanford,3980522,64,96,7692,0
2024-01-28,Purdue,Ohio St.,3954041,68,71,7132,0
2024-01-28,Duquesne,Loyola Chicago,3980512,73,57,1232,0
2024-01-28,N.C. A&T,Elon,3980553,56,42,1059,0
2024-01-28,Hampton,Hofstra,3980515,67,62,872,0
2024-01-28,Stony Brook,Drexel,3980518,62,41,1296,0
2024-01-28,Oklahoma St.,Baylor,3980534,60,72,2437,0
2024-01-28,Green Bay,Wright St.,3980532,77,59,2365,0
2024-01-28,Indiana,Northwestern,3954535,100,59,10776,0
2024-01-28,Arizona St.,California,3996608,76,71,1650,0
2024-01-28,Northeastern,Campbell,3980544,43,54,201,0
2024-01-28,St. John's (NY),Georgetown,3980548,57,56,698,0
2024-01-28,Miami (FL),Duke,3980549,64,58,3112,0
2024-01-28,Delaware,Towson,3980519,73,59,1284,0
2024-01-28,Boston College,NC State,3980552,61,82,2180,0
2024-01-28,Louisville,Pittsburgh,3980551,77,58,9452,0
2024-01-28,Missouri,Arkansas,3980547,58,67,4968,0
2024-01-28,Tulane,Temple,3980543,50,68,861,0
2024-01-28,Ole Miss,Tennessee,3980539,80,75,3863,0
2024-01-28,Belmont,Southern Ill.,3996477,72,64,892,0
2024-01-28,Illinois,Minnesota,3954254,73,68,4788,0
2024-01-28,Oregon St.,Utah,3996651,91,66,5024,0
2024-01-28,Oregon,Colorado,3996580,48,61,6074,0
2024-01-28,Southern California,Washington,3980520,59,62,3416,0
2024-01-28,Saint Louis,Richmond,3980514,61,72,1112,0
2024-01-28,South Carolina,Vanderbilt,3980558,91,74,18000,0
2024-01-28,George Mason,VCU,3980510,60,47,2048,0
2024-01-28,Evansville,Valparaiso,3996301,59,70,375,0
2024-01-28,Murray St.,Missouri St.,3996315,74,84,2163,0
2024-01-28,North Texas,UAB,3980555,87,72,1592,0
2024-01-28,South Dakota St.,Oral Roberts,3980373,96,80,2042,0
2024-01-28,IU Indy,Oakland,3980529,59,65,374,0
2024-01-28,Georgia Tech,Florida St.,3980560,67,78,2147,0
2024-01-28,UCLA,Washington St.,3980516,82,85,7241,0
2024-01-28,Alabama,Kentucky,3980559,91,74,2444,0
2024-01-28,Clemson,Wake Forest,3980561,73,59,990,0
2024-01-29,Holy Cross,Boston U.,3980566,61,50,1213,0
2024-01-29,Bethune-Cookman,Alcorn,3980575,66,58,443,0
2024-01-29,UMES,South Carolina St.,3980580,63,45,183,0
2024-01-29,Florida A&M,Jackson St.,3980567,60,79,550,0
2024-01-29,Coppin St.,Howard,3980569,63,58,478,0
2024-01-29,Delaware St.,N.C. Central,3980578,58,64,450,0
2024-01-29,Norfolk St.,Morgan St.,3980584,62,45,1253,0
2024-01-29,Prairie View,Alabama A&M,3980582,65,59,789,0
2024-01-29,Grambling,Ark.-Pine Bluff,3980564,49,56,1133,0
2024-01-29,Southern U.,Mississippi Val.,3980579,64,45,1586,0
2024-01-29,Texas Southern,Alabama St.,3980588,55,62,1128,0
2024-01-29,Auburn,Georgia,3980589,67,49,3165,0
2024-01-29,Mississippi St.,LSU,3980592,77,73,9121,0
2024-01-30,Lindenwood,Southeast Mo. St.,3980606,67,53,789,0
2024-01-30,Canisius,Niagara,3980641,55,65,601,0
2024-01-30,West Virginia,UCF,3980664,84,43,1608,0
2024-01-30,Rutgers,Michigan St.,3954228,64,82,1409,0
2024-01-30,Houston,Cincinnati,3980594,54,46,974,0
2024-01-31,VCU,Duquesne,3980691,64,51,5324,0
2024-01-31,Massachusetts,La Salle,3980675,61,63,3069,0
2024-01-31,Northern Ky.,Detroit Mercy,3980697,73,54,4122,0
2024-01-31,Army West Point,Colgate,3980696,55,52,2979,0
2024-01-31,IU Indy,Youngstown St.,3980698,69,63,349,0
2024-01-31,Texas St.,Old Dominion,3980695,58,66,3318,0
2024-01-31,San Jose St.,New Mexico,3980687,54,65,220,0
2024-01-31,Arkansas St.,South Alabama,3980671,73,61,2032,0
2024-01-31,George Washington,Rhode Island,3980685,52,66,512,0
2024-01-31,Marshall,App State,3980674,81,69,2095,0
2024-01-31,Charleston So.,Radford,3980855,73,58,297,0
2024-01-31,Bellarmine,FGCU,3980802,55,72,362,0
2024-01-31,Villanova,UConn,3980801,60,81,4109,0
2024-01-31,UNC Asheville,Gardner-Webb,3980800,72,58,341,0
2024-01-31,Ball St.,Kent St.,3980803,57,46,1073,0
2024-01-31,Georgia St.,James Madison,3980680,82,72,749,0
2024-01-31,UIC,UNI,3996074,43,65,927,0
2024-01-31,UAB,Fla. Atlantic,3980686,83,72,516,0
2024-01-31,Oklahoma,Kansas St.,3980676,66,63,3750,0
2024-01-31,Creighton,Marquette,3980792,76,71,1321,0
2024-01-31,Loyola Chicago,Saint Joseph's,3980784,50,61,579,0
2024-01-31,Tulane,Charlotte,3980780,70,68,1103,0
2024-01-31,Maryland,Indiana,3954596,73,87,7137,0
2024-01-31,Michigan,Illinois,3954296,64,77,2522,0
2024-01-31,Temple,Wichita St.,3980690,66,65,835,0
2024-01-31,USC Upstate,Presbyterian,3980689,62,58,215,0
2024-01-31,Longwood,High Point,3980688,53,64,1113,0
2024-01-31,Purdue Fort Wayne,Cleveland St.,3980684,60,70,534,0
2024-01-31,Bowling Green,NIU,3980679,72,54,2420,0
2024-01-31,Akron,Toledo,3980677,66,88,1004,0
2024-01-31,George Mason,Fordham,3980673,54,47,743,0
2024-01-31,Eastern Mich.,Western Mich.,3980670,49,76,1358,0
2024-01-31,Miami (OH),Central Mich.,3980872,59,64,361,0
2024-01-31,American,Lafayette,3980817,55,60,391,0
2024-01-31,St. Bonaventure,Davidson,3980818,57,65,194,0
2024-01-31,Dayton,Saint Louis,3980823,61,87,1879,0
2024-01-31,Eastern Ky.,Stetson,3980833,62,65,813,0
2024-01-31,Butler,DePaul,3980848,57,67,808,0
2024-01-31,Seton Hall,Georgetown,3980850,71,54,919,0
2024-01-31,St. John's (NY),Xavier,3980851,67,55,286,0
2024-01-31,Robert Morris,Milwaukee,3980852,43,61,347,0
2024-01-31,Navy,Lehigh,3980854,62,46,718,0
2024-01-31,Loyola Maryland,Bucknell,3980858,59,61,242,0
2024-01-31,Wright St.,Oakland,3980862,80,68,1103,0
2024-01-31,Ohio,Buffalo,3980863,63,81,1154,0
2024-01-31,UTSA,North Texas,3980692,75,67,924,0
2024-01-31,Kansas,BYU,3980681,67,53,2964,0
2024-01-31,Iowa St.,Oklahoma St.,3980693,78,67,9962,0
2024-01-31,Minnesota,Penn St.,3954255,64,80,3319,0
2024-01-31,Nebraska,Purdue,3953940,68,54,4408,0
2024-01-31,Northwestern,Iowa,3953902,74,110,7039,0
2024-01-31,Rice,SMU,3980682,69,60,804,0
2024-01-31,Air Force,Colorado St.,3980678,59,49,305,0
2024-01-31,Fresno St.,Boise St.,3980694,50,60,932,0
2024-01-31,Nevada,Utah St.,3980798,62,65,1189,0
2024-01-31,UNLV,Wyoming,3980672,58,51,2059,0
2024-02-01,Tennessee St.,Morehead St.,3980903,71,58,527,0
2024-02-01,UTRGV,Utah Tech,3980896,55,91,2573,0
2024-02-01,Kennesaw St.,Austin Peay,3980893,50,61,472,0
2024-02-01,Queens (NC),Lipscomb,3980933,63,76,55,0
2024-02-01,Maine,UMass Lowell,3980977,68,49,1072,0
2024-02-01,Niagara,Saint Peter's,3980976,85,51,312,0
2024-02-01,Stonehill,Sacred Heart,3980975,53,80,381,0
2024-02-01,Ohio St.,Wisconsin,3954162,87,49,6672,0
2024-02-01,East Carolina,Tulsa,3980980,56,48,968,0
2024-02-01,Coastal Carolina,Ga. Southern,3980983,73,55,681,0
2024-02-01,Virginia Tech,Virginia,3980986,76,63,8925,0
2024-02-01,Eastern Ill.,UT Martin,3980900,65,80,568,0
2024-02-01,Wake Forest,Miami (FL),3980991,54,72,811,0
2024-02-01,UMBC,Bryant,3981008,54,52,324,0
2024-02-01,Central Ark.,Jacksonville,3980906,71,58,427,0
2024-02-01,SIUE,Little Rock,3980904,67,61,360,0
2024-02-01,Lindenwood,Western Ill.,3980901,68,75,407,0
2024-02-01,Tennessee Tech,Southern Ind.,3980951,72,81,1171,0
2024-02-01,North Ala.,North Florida,3980947,60,51,1117,0
2024-02-01,LIU,FDU,3981024,56,59,130,0
2024-02-01,ETSU,Furman,3981025,78,59,659,0
2024-02-01,Rider,Fairfield,3981023,44,67,678,0
2024-02-01,NJIT,Binghamton,3981022,58,63,301,0
2024-02-01,Louisville,Syracuse,3981021,81,69,8254,0
2024-02-01,Pittsburgh,Duke,3981020,38,69,1199,0
2024-02-01,Chattanooga,Wofford,3981018,57,51,1405,0
2024-02-01,Georgia Tech,Notre Dame,3981017,48,85,1989,0
2024-02-01,Marist,Quinnipiac,3981014,62,64,1017,0
2024-02-01,Le Moyne,Wagner,3981013,56,45,410,0
2024-02-01,Georgia,Tennessee,3981009,73,95,2596,0
2024-02-01,Mount St. Mary's,Iona,3981006,55,48,304,0
2024-02-01,Kentucky,Mississippi St.,3981003,74,77,3743,0
2024-02-01,Siena,Manhattan,3981002,74,51,679,0
2024-02-01,Liberty,New Mexico St.,3980999,69,53,1126,0
2024-02-01,UAlbany,Vermont,3980894,59,64,1119,0
2024-02-01,Saint Francis,Central Conn. St.,3980892,58,64,506,0
2024-02-01,UT Arlington,Southern Utah,3980993,85,59,1290,0
2024-02-01,Clemson,Boston College,3980562,65,55,872,0
2024-02-01,Southern Miss.,Louisiana,3980970,55,48,1606,0
2024-02-01,Louisiana Tech,FIU,3980897,71,73,1902,0
2024-02-01,Southeastern La.,UIW,3980992,93,86,1248,0
2024-02-01,Nicholls,Northwestern St.,3980887,60,57,412,0
2024-02-01,Vanderbilt,Ole Miss,3980888,61,67,2106,0
2024-02-01,New Orleans,Houston Christian,3980891,71,61,375,0
2024-02-01,ULM,Troy,3980996,83,94,3147,0
2024-02-01,Jacksonville St.,UTEP,3980997,70,62,1025,0
2024-02-01,Sam Houston,Western Ky.,3980998,87,81,415,0
2024-02-01,Tarleton St.,Abilene Christian,3981016,74,66,1555,0
2024-02-01,McNeese,East Texas A&M,3981015,70,94,1687,0
2024-02-01,Memphis,South Fla.,3981019,46,69,995,0
2024-02-01,North Dakota St.,South Dakota St.,3981011,58,65,1683,0
2024-02-01,North Dakota,South Dakota,3981005,53,69,1366,0
2024-02-01,Weber St.,Northern Ariz.,3980989,65,85,255,0
2024-02-01,St. Thomas (MN),Omaha,3981001,88,83,405,0
2024-02-01,Auburn,South Carolina,3981000,54,76,4814,0
2024-02-01,NC State,North Carolina,3981026,63,59,5500,0
2024-02-01,Utah Valley,SFA,3980974,63,72,521,0
2024-02-01,Denver,Kansas City,3980985,65,50,245,0
2024-02-01,Baylor,Texas,3980885,55,67,6015,0
2024-02-01,Idaho St.,Northern Colo.,3980890,76,56,0,0
2024-02-01,San Diego,Gonzaga,3980988,52,80,334,0
2024-02-01,UC Davis,UC Santa Barbara,3980987,82,62,636,0
2024-02-01,Idaho,Montana,3980979,68,79,1271,0
2024-02-01,Seattle U,Grand Canyon,3980973,40,53,262,0
2024-02-01,Pepperdine,San Francisco,3980972,54,78,77,0
2024-02-01,CSUN,UC San Diego,3980971,52,53,320,0
2024-02-01,Arkansas,Alabama,3981027,70,86,2756,0
2024-02-01,Eastern Wash.,Montana St.,3980886,61,62,539,0
2024-02-01,Portland,Pacific,3980889,85,72,372,0
2024-02-01,Long Beach St.,CSU Bakersfield,3981007,70,57,517,0
2024-02-01,LMU (CA),Santa Clara,3980984,49,63,235,0
2024-02-01,Hawaii,Cal St. Fullerton,3981012,66,61,1801,0
2024-02-02,Elon,Northeastern,3981031,46,51,3045,0
2024-02-02,Columbia,Harvard,3981079,82,70,2123,0
2024-02-02,Penn,Brown,3981028,77,56,361,0
2024-02-02,Cornell,Dartmouth,3981033,61,47,273,0
2024-02-02,Drexel,Delaware,3981074,53,49,602,0
2024-02-02,Wright St.,Detroit Mercy,3981090,59,53,1108,0
2024-02-02,Belmont,Murray St.,4470151,73,54,919,0
2024-02-02,Northern Ky.,Oakland,3981089,90,82,1259,0
2024-02-02,UNCW,N.C. A&T,3981088,43,76,786,0
2024-02-02,Hofstra,Stony Brook,3981086,49,67,723,0
2024-02-02,Col. of Charleston,Hampton,3981029,86,57,424,0
2024-02-02,Monmouth,Towson,3981030,64,53,870,0
2024-02-02,Princeton,Yale,3981034,79,59,1074,0
2024-02-02,California,UCLA,3981035,58,78,3784,0
2024-02-02,Stanford,Southern California,3981032,58,67,5371,0
2024-02-02,Washington St.,Colorado,3996628,57,63,1154,0
2024-02-02,Washington,Utah,4261381,65,83,3413,0
2024-02-03,UCF,Iowa St.,3981122,71,66,1088,0
2024-02-03,Youngstown St.,Milwaukee,3981296,73,66,1724,0
2024-02-03,Alabama St.,Bethune-Cookman,3981367,56,53,3200,0
2024-02-03,Arkansas St.,Old Dominion,3981101,76,63,2743,0
2024-02-03,St. Thomas (MN),Kansas City,3981135,75,55,445,0
2024-02-03,Central Conn. St.,Merrimack,3981104,78,71,422,0
2024-02-03,Marshall,James Madison,3981107,63,72,2526,0
2024-02-03,Davidson,Saint Louis,3981110,66,58,733,0
2024-02-03,Fla. Atlantic,Rice,3981132,68,63,484,0
2024-02-03,Liberty,UTEP,3981147,87,68,842,0
2024-02-03,Canisius,Saint Peter's,3981177,56,48,621,0
2024-02-03,Queens (NC),Austin Peay,3981196,38,63,215,0
2024-02-03,UMBC,UAlbany,3981200,55,69,339,0
2024-02-03,Coastal Carolina,App State,3981201,70,80,670,0
2024-02-03,Georgia St.,Ga. Southern,3981211,74,49,1621,0
2024-02-03,Quinnipiac,Rider,3981218,65,54,412,0
2024-02-03,Ball St.,Ohio,3981256,97,66,1556,0
2024-02-03,ETSU,Wofford,3981308,65,77,3615,0
2024-02-03,Weber St.,Northern Colo.,3981141,63,73,331,0
2024-02-03,Stetson,Bellarmine,3981255,52,64,267,0
2024-02-03,Nicholls,Houston Christian,3981116,52,50,503,0
2024-02-03,North Dakota,North Dakota St.,3981179,85,101,2913,0
2024-02-03,Eastern Ill.,Little Rock,3981205,48,55,588,0
2024-02-03,A&M-Corpus Christi,Lamar University,3981207,57,63,1927,0
2024-02-03,Tennessee Tech,Morehead St.,3981243,53,65,859,0
2024-02-03,Tennessee St.,Southern Ind.,3981249,65,58,433,0
2024-02-03,Northwestern St.,East Texas A&M,3981259,69,66,937,0
2024-02-03,Southeastern La.,McNeese,3981264,80,69,705,0
2024-02-03,SIUE,UT Martin,3981275,46,75,546,0
2024-02-03,Central Ark.,North Florida,3981290,58,44,722,0
2024-02-03,Winthrop,UNC Asheville,3981333,65,56,391,0
2024-02-03,Radford,USC Upstate,3981355,67,61,804,0
2024-02-03,Le Moyne,Sacred Heart,3981378,55,73,403,0
2024-02-03,Presbyterian,High Point,3981380,59,64,352,0
2024-02-03,Providence,Marquette,3981385,62,66,1344,0
2024-02-03,Lafayette,Army West Point,3981387,68,54,583,0
2024-02-03,Cleveland St.,Green Bay,3981388,86,63,848,0
2024-02-03,Chattanooga,Furman,3981391,79,62,2414,0
2024-02-03,Binghamton,Vermont,3981392,66,57,1507,0
2024-02-03,Cincinnati,Texas Tech,3981396,74,56,2510,0
2024-02-03,Saint Joseph's,Massachusetts,3981397,77,67,707,0
2024-02-03,Villanova,Seton Hall,3981399,69,41,2881,0
2024-02-03,Western Caro.,UNC Greensboro,3981404,78,71,565,0
2024-02-03,Howard,UMES,3981412,52,47,786,0
2024-02-03,Bryant,Maine,3981413,58,70,308,0
2024-02-03,Norfolk St.,Delaware St.,3981414,79,52,1012,0
2024-02-03,N.C. Central,Coppin St.,3981430,53,48,1182,0
2024-02-03,South Carolina St.,Morgan St.,3981431,59,65,450,0
2024-02-03,Kennesaw St.,Lipscomb,3981433,62,59,757,0
2024-02-03,Duquesne,Rhode Island,3981111,70,61,1175,0
2024-02-03,Akron,Miami (OH),3981114,48,58,847,0
2024-02-03,Lehigh,Boston U.,3981121,64,62,983,0
2024-02-03,Longwood,Charleston So.,3981125,63,56,807,0
2024-02-03,Manhattan,Mount St. Mary's,3981128,67,60,317,0
2024-02-03,Holy Cross,Loyola Maryland,3981129,47,60,1091,0
2024-02-03,Toledo,Bowling Green,3981130,82,70,6077,0
2024-02-03,Southeast Mo. St.,Western Ill.,3981306,59,70,415,0
2024-02-03,Colorado St.,San Diego St.,3981217,82,50,2434,0
2024-02-03,New Hampshire,UMass Lowell,3981453,66,52,558,0
2024-02-03,Southern Miss.,Troy,3981314,72,63,1667,0
2024-02-03,Texas St.,South Alabama,3981363,64,65,1907,0
2024-02-03,Loyola Chicago,George Mason,3981372,52,61,492,0
2024-02-03,ULM,Louisiana,3981384,52,73,1481,0
2024-02-03,SFA,Tarleton St.,3981398,73,62,1136,0
2024-02-03,New Orleans,UIW,3981415,54,64,440,0
2024-02-03,UTRGV,Southern Utah,3981420,65,68,546,0
2024-02-03,Sam Houston,FIU,3981432,65,71,510,0
2024-02-03,Middle Tenn.,Western Ky.,3981105,80,48,4806,0
2024-02-03,SMU,Memphis,3981127,81,73,1456,0
2024-02-03,Samford,Mercer,3981131,59,87,312,0
2024-02-03,Alabama A&M,Florida A&M,3981133,71,69,1491,0
2024-02-03,Nebraska,Rutgers,3953941,70,71,5831,0
2024-02-03,Denver,Oral Roberts,3981222,102,92,322,0
2024-02-03,Iona,Fairfield,3981447,49,85,212,0
2024-02-03,Purdue Fort Wayne,IU Indy,3981394,68,65,1004,0
2024-02-03,Jacksonville St.,New Mexico St.,3981436,56,49,1203,0
2024-02-03,UT Arlington,Utah Tech,3981426,60,72,1246,0
2024-02-03,UC Santa Barbara,CSU Bakersfield,3981484,57,55,788,0
2024-02-03,Seattle U,California Baptist,3981102,77,86,375,0
2024-02-03,San Jose St.,Air Force,3981124,56,78,505,0
2024-02-03,Grand Canyon,Utah Valley,3981319,66,52,2207,0
2024-02-03,Idaho St.,Northern Ariz.,3981408,59,73,1017,0
2024-02-03,Wyoming,Nevada,3981108,59,52,2644,0
2024-02-03,Navy,Colgate,3981495,59,58,815,0
2024-02-03,Utah St.,Fresno St.,3981126,50,70,455,0
2024-02-03,Jackson St.,Grambling,3981460,71,63,856,0
2024-02-03,Alcorn,Southern U.,3981463,58,61,820,0
2024-02-03,Prairie View,Texas Southern,3981521,78,65,1406,0
2024-02-03,Saint Francis,LIU,3981418,61,56,392,0
2024-02-03,Wagner,Stonehill,3981483,63,55,623,0
2024-02-03,New Mexico,UNLV,3981118,56,62,6018,0
2024-02-03,Pepperdine,Santa Clara,3981317,58,79,202,0
2024-02-03,Gonzaga,Pacific,3981341,104,39,5633,0
2024-02-03,Idaho,Montana St.,3981342,46,51,1168,0
2024-02-03,Sacramento St.,Portland St.,3981348,72,65,421,0
2024-02-03,UC Davis,Cal Poly,3981401,47,57,887,0
2024-02-03,San Diego,San Francisco,3981406,77,66,314,0
2024-02-03,UC San Diego,Long Beach St.,3981407,78,45,568,0
2024-02-03,Eastern Wash.,Montana,3981106,61,56,592,0
2024-02-03,Oklahoma St.,Oklahoma,3981489,74,81,5326,0
2024-02-03,Mississippi Val.,Ark.-Pine Bluff,3981496,60,76,1409,0
2024-02-03,UAB,South Fla.,3981123,69,72,508,0
2024-02-03,Southern Ill.,Missouri St.,3996442,52,62,887,0
2024-02-03,Columbia,Dartmouth,3981493,71,52,1707,0
2024-02-03,Cornell,Harvard,3981515,52,63,583,0
2024-02-03,Princeton,Brown,3981516,76,63,2710,0
2024-02-03,Penn,Yale,3981103,68,74,557,0
2024-02-03,BYU,West Virginia,3981112,69,76,1754,0
2024-02-03,Evansville,Bradley,4470138,72,79,675,0
2024-02-03,Penn St.,Michigan,3954297,75,80,4745,0
2024-02-03,Richmond,Fordham,3981117,79,60,1407,0
2024-02-03,Buffalo,Eastern Mich.,3981109,75,63,1880,0
2024-02-03,North Ala.,Jacksonville,3981513,77,67,1304,0
2024-02-03,TCU,Kansas,3981527,74,81,2961,0
2024-02-03,Marist,Siena,3981531,67,71,1427,0
2024-02-03,FGCU,Eastern Ky.,3981535,82,69,1804,0
2024-02-03,South Dakota,South Dakota St.,3981525,55,70,3316,0
2024-02-03,UNI,Drake,3996082,71,79,4368,0
2024-02-03,Saint Mary's (CA),Portland,3981510,35,68,361,0
2024-02-03,Maryland,Iowa,3953903,85,93,17950,0
2024-02-03,UC Riverside,CSUN,3981526,70,46,310,0
2024-02-03,Hawaii,UC Irvine,3981533,55,43,2171,0
2024-02-04,Florida St.,Miami (FL),3981544,75,68,2277,0
2024-02-04,Ohio St.,Indiana,3954397,74,69,10130,0
2024-02-04,North Carolina,Virginia Tech,3981549,61,70,5618,0
2024-02-04,Boston College,Syracuse,3981550,63,75,1836,0
2024-02-04,Georgia,Kentucky,3981547,72,65,3177,0
2024-02-04,UNCW,Hampton,3981565,77,70,771,0
2024-02-04,Towson,Col. of Charleston,3981538,66,59,1550,0
2024-02-04,Indiana St.,Illinois St.,3996108,59,64,1209,0
2024-02-04,William & Mary,Drexel,3981560,75,62,1163,0
2024-02-04,VCU,George Washington,3981542,71,51,624,0
2024-02-04,Elon,Campbell,3981540,35,53,719,0
2024-02-04,N.C. A&T,Northeastern,3981576,72,49,757,0
2024-02-04,Monmouth,Stony Brook,3981539,62,78,1781,0
2024-02-04,Charlotte,Temple,3981541,88,81,1006,0
2024-02-04,Hofstra,Delaware,3981563,59,82,603,0
2024-02-04,Arizona,Arizona St.,3996609,63,52,8210,0
2024-02-04,UIC,Valparaiso,3996302,70,71,1843,0
2024-02-04,Wake Forest,Georgia Tech,3981575,55,58,1197,0
2024-02-04,Texas,Kansas St.,3981552,61,54,8325,0
2024-02-04,LSU,Florida,3981551,106,66,12707,0
2024-02-04,La Salle,Dayton,3981569,69,72,382,0
2024-02-04,Butler,Creighton,3981570,65,75,1041,0
2024-02-04,South Carolina,Ole Miss,3981571,85,56,18000,0
2024-02-04,Notre Dame,Pittsburgh,3981572,78,53,7170,0
2024-02-04,Bucknell,American,3981567,61,47,667,0
2024-02-04,Georgetown,DePaul,3981574,44,42,738,0
2024-02-04,Tennessee,Missouri,3981573,80,69,9190,0
2024-02-04,Tulsa,North Texas,3981545,79,74,1792,0
2024-02-04,Houston,Baylor,3981537,60,83,2069,0
2024-02-04,Wichita St.,East Carolina,3981536,51,72,1500,0
2024-02-04,Northwestern,Wisconsin,3954163,69,43,2721,0
2024-02-04,California,Southern California,3996567,69,79,4356,0
2024-02-04,Washington,Colorado,4470143,57,80,4900,0
2024-02-04,Washington St.,Utah,4294756,61,73,1700,0
2024-02-04,UConn,St. John's (NY),3981579,78,63,10299,0
2024-02-04,UTSA,Tulane,3981577,64,75,990,0
2024-02-04,Texas A&M,Mississippi St.,3981578,63,74,4072,0
2024-02-04,Virginia,Clemson,3981581,69,75,4959,0
2024-02-04,Stanford,UCLA,3981557,80,60,7207,0
2024-02-04,Arkansas,Auburn,3981582,74,72,4450,0
2024-02-04,Oregon,Oregon St.,3996581,60,64,8602,0
2024-02-05,Prairie View,Ark.-Pine Bluff,3978575,48,77,407,0
2024-02-05,LIU,Chicago St.,3981589,80,71,182,0
2024-02-05,South Carolina St.,Coppin St.,3981602,39,63,220,0
2024-02-05,N.C. Central,Morgan St.,3981601,66,65,942,0
2024-02-05,Delaware St.,Howard,3981592,57,69,550,0
2024-02-05,UMES,Norfolk St.,3981594,59,80,183,0
2024-02-05,Alcorn,Grambling,3981584,55,72,752,0
2024-02-05,Michigan St.,Minnesota,3954256,76,65,3154,0
2024-02-05,Alabama A&M,Bethune-Cookman,3981608,76,72,1361,0
2024-02-05,Alabama St.,Florida A&M,3981588,40,49,2727,0
2024-02-05,Jackson St.,Southern U.,3981593,63,58,2655,0
2024-02-05,NC State,Louisville,3981607,77,67,5500,0
2024-02-05,Vanderbilt,Alabama,3981606,66,74,2057,0
2024-02-05,Purdue,Illinois,3954043,77,72,3953,0
2024-02-05,Eastern Wash.,Portland St.,3981583,63,39,491,0
2024-02-05,Idaho,Sacramento St.,3981605,70,64,1237,0
2024-02-06,Little Rock,UT Martin,3981623,58,64,214,0
2024-02-06,Xavier,Creighton,3981664,46,77,1117,0
2024-02-06,West Virginia,Texas Tech,3981665,82,59,2428,0
2024-02-06,Michigan,Nebraska,3953942,59,65,2113,0
2024-02-06,Rutgers,Maryland,3954229,59,67,1328,0
2024-02-07,Marshall,Louisiana,3981674,74,42,3024,0
2024-02-07,Saint Louis,VCU,3981679,67,76,7459,0
2024-02-07,San Diego St.,New Mexico,3981694,60,53,4206,0
2024-02-07,Rhode Island,Richmond,3981685,49,68,1502,0
2024-02-07,Charleston So.,Winthrop,3981687,65,50,289,0
2024-02-07,UCF,Cincinnati,3981688,61,67,1108,0
2024-02-07,Coastal Carolina,Texas St.,3981795,49,52,878,0
2024-02-07,George Washington,St. Bonaventure,3981689,69,48,328,0
2024-02-07,Massachusetts,Duquesne,3981678,62,79,950,0
2024-02-07,Ga. Southern,Southern Miss.,3981796,54,62,632,0
2024-02-07,Old Dominion,Troy,3981805,63,59,2685,0
2024-02-07,Jacksonville,Lipscomb,3981807,52,58,161,0
2024-02-07,App State,ULM,3981803,78,71,342,0
2024-02-07,Charlotte,Fla. Atlantic,3981690,55,66,668,0
2024-02-07,Georgia St.,Arkansas St.,3981683,58,56,920,0
2024-02-07,UConn,Seton Hall,3981861,67,34,14138,0
2024-02-07,Tulane,UAB,3981789,77,94,855,0
2024-02-07,Miami (OH),Buffalo,3981878,43,49,510,0
2024-02-07,Kent St.,Western Mich.,3981870,70,57,1854,0
2024-02-07,Oklahoma,TCU,3981684,72,55,3241,0
2024-02-07,NIU,Ball St.,3981680,76,71,1045,0
2024-02-07,Cleveland St.,Wright St.,3981855,71,59,330,0
2024-02-07,Gardner-Webb,Presbyterian,3981824,86,57,157,0
2024-02-07,James Madison,South Alabama,3981822,82,66,3087,0
2024-02-07,High Point,UNC Asheville,3981817,62,54,931,0
2024-02-07,North Florida,Austin Peay,3981811,52,50,396,0
2024-02-07,South Fla.,Rice,3981881,59,69,3005,0
2024-02-07,Eastern Mich.,Akron,3981673,67,68,1431,0
2024-02-07,Fordham,Dayton,3981677,70,48,579,0
2024-02-07,Bowling Green,Ohio,3981682,69,52,2151,0
2024-02-07,Central Mich.,Toledo,3981686,68,93,1433,0
2024-02-07,USC Upstate,Longwood,3981691,49,45,315,0
2024-02-07,Western Ky.,Louisiana Tech,3981806,64,56,930,0
2024-02-07,DePaul,Providence,3981860,84,72,1125,0
2024-02-07,Wyoming,Utah St.,3981675,62,47,2077,0
2024-02-07,Boise St.,San Jose St.,3981808,73,42,954,0
2024-02-07,Air Force,Nevada,3981681,56,62,342,0
2024-02-07,Colorado St.,Fresno St.,3981804,69,56,1333,0
2024-02-07,BYU,Baylor,3981676,78,66,1525,0
2024-02-07,Marquette,Georgetown,3981888,52,38,1202,0
2024-02-08,Fairfield,Marist,3981904,76,49,1891,0
2024-02-08,UAlbany,Binghamton,3982025,60,52,3701,0
2024-02-08,Wofford,Western Caro.,3981902,89,52,1507,0
2024-02-08,Stetson,North Ala.,3981912,62,55,732,0
2024-02-08,CSU Bakersfield,UC Riverside,3981903,48,54,2894,0
2024-02-08,Mount St. Mary's,Rider,3981905,64,43,367,0
2024-02-08,UMass Lowell,UMBC,3981892,71,60,300,0
2024-02-08,Lindenwood,Tennessee St.,3981910,81,73,903,0
2024-02-08,Morehead St.,SIUE,3981908,69,66,1010,0
2024-02-08,Florida,Arkansas,3981977,85,81,1407,0
2024-02-08,Miami (FL),Clemson,3981979,75,72,2391,0
2024-02-08,Louisville,Notre Dame,3981980,73,66,9417,0
2024-02-08,Boston College,Virginia,3981981,66,73,756,0
2024-02-08,New Hampshire,Bryant,3981987,68,71,197,0
2024-02-08,Vermont,NJIT,3981982,76,51,662,0
2024-02-08,Western Ill.,Little Rock,3981906,41,50,796,0
2024-02-08,Southern Ind.,Eastern Ill.,3981907,70,60,803,0
2024-02-08,Southeast Mo. St.,Tennessee Tech,3981897,66,76,380,0
2024-02-08,La Salle,Loyola Chicago,3981990,39,73,156,0
2024-02-08,Bellarmine,Kennesaw St.,3981994,75,85,514,0
2024-02-08,Syracuse,Georgia Tech,3982017,62,59,2603,0
2024-02-08,Detroit Mercy,Robert Morris,3982022,68,49,248,0
2024-02-08,Pittsburgh,Florida St.,3982015,60,76,1124,0
2024-02-08,Mercer,ETSU,3982014,65,57,618,0
2024-02-08,Duke,Wake Forest,3982012,69,46,1640,0
2024-02-08,South Carolina,Missouri,3982009,83,45,15236,0
2024-02-08,Saint Peter's,Quinnipiac,3982008,40,46,333,0
2024-02-08,Eastern Ky.,Queens (NC),3982004,88,67,351,0
2024-02-08,Iona,Siena,3982001,57,74,560,0
2024-02-08,Furman,UNC Greensboro,3981901,56,59,357,0
2024-02-08,Oakland,Youngstown St.,3981899,79,85,358,0
2024-02-08,Manhattan,Niagara,3981898,63,88,247,0
2024-02-08,George Mason,Saint Joseph's,3981890,47,59,1540,0
2024-02-08,Indiana,Michigan St.,3954431,94,91,8580,0
2024-02-08,Drake,Bradley,3996133,71,60,2262,0
2024-02-08,UNI,Illinois St.,3996083,74,47,3834,0
2024-02-08,Illinois,Northwestern,3954536,82,71,3002,0
2024-02-08,FGCU,Central Ark.,3982024,65,43,1602,0
2024-02-08,Abilene Christian,Seattle U,3981978,82,63,1151,0
2024-02-08,Houston Christian,McNeese,3981976,56,51,200,0
2024-02-08,Alabama,Tennessee,3981971,72,56,2655,0
2024-02-08,Samford,Chattanooga,3981900,39,55,723,0
2024-02-08,UT Arlington,California Baptist,3981984,92,94,1473,0
2024-02-08,Kansas,Houston,3982127,69,52,3090,0
2024-02-08,Ole Miss,Texas A&M,3981889,53,72,2599,0
2024-02-08,Nicholls,A&M-Corpus Christi,3981891,70,67,458,0
2024-02-08,East Texas A&M,Southeastern La.,3981894,61,72,313,0
2024-02-08,Middle Tenn.,Liberty,3981988,81,55,4505,0
2024-02-08,UIW,Lamar University,3981991,68,72,192,0
2024-02-08,Mississippi St.,Georgia,3981992,76,57,6137,0
2024-02-08,Northwestern St.,New Orleans,3981995,57,80,784,0
2024-02-08,UTRGV,SFA,3981996,62,49,1497,0
2024-02-08,Sam Houston,Jacksonville St.,3981997,56,58,413,0
2024-02-08,Green Bay,Northern Ky.,3981999,67,51,1862,0
2024-02-08,NC State,Virginia Tech,3982032,61,72,5500,0
2024-02-08,Omaha,North Dakota,3982026,81,83,394,0
2024-02-08,Kansas City,North Dakota St.,3982013,59,70,582,0
2024-02-08,Oral Roberts,St. Thomas (MN),3982011,80,73,764,0
2024-02-08,Tarleton St.,Utah Valley,3982010,60,55,747,0
2024-02-08,Milwaukee,IU Indy,3981998,73,54,606,0
2024-02-08,Denver,South Dakota,3981975,48,78,348,0
2024-02-08,Southern Utah,Utah Tech,3981993,77,87,765,0
2024-02-08,Portland,LMU (CA),3981896,58,52,477,0
2024-02-08,San Francisco,Saint Mary's (CA),3981893,59,54,226,0
2024-02-08,UC Irvine,UC Santa Barbara,3981967,60,38,643,0
2024-02-08,Minnesota,Ohio St.,3954257,47,71,3572,0
2024-02-08,Iowa,Penn St.,3953905,111,93,14998,0
2024-02-08,Montana,Northern Ariz.,3982000,60,69,2157,0
2024-02-08,Montana St.,Northern Colo.,3982005,61,40,1773,0
2024-02-08,Cal Poly,CSUN,3982018,75,68,884,0
2024-02-08,Vanderbilt,LSU,3982031,62,85,6354,0
2024-02-08,Portland St.,Weber St.,3981974,46,67,421,0
2024-02-08,Santa Clara,San Diego,3981972,83,57,418,0
2024-02-08,Gonzaga,Pepperdine,3981968,83,46,4921,0
2024-02-08,Sacramento St.,Idaho St.,3981989,61,58,405,0
2024-02-08,UC San Diego,Hawaii,3982019,52,64,538,0
2024-02-08,Cal St. Fullerton,UC Davis,3982007,48,61,180,0
2024-02-09,Northeastern,Monmouth,3982044,41,50,1172,0
2024-02-09,Stony Brook,Towson,3982036,78,83,1050,0
2024-02-09,Valparaiso,Indiana St.,3996109,65,70,585,0
2024-02-09,Southern Ill.,Murray St.,3996480,74,81,474,0
2024-02-09,Campbell,UNCW,3982039,77,57,1129,0
2024-02-09,Delaware,William & Mary,3982038,58,62,1443,0
2024-02-09,Col. of Charleston,N.C. A&T,3982033,66,62,452,0
2024-02-09,Merrimack,LIU,3982023,68,51,653,0
2024-02-09,Sacred Heart,Central Conn. St.,3982097,58,53,512,0
2024-02-09,Butler,St. John's (NY),3982096,64,59,1238,0
2024-02-09,Le Moyne,Stonehill,3982095,72,51,572,0
2024-02-09,Hampton,Elon,3982043,51,69,699,0
2024-02-09,Columbia,Brown,3982086,90,73,1245,0
2024-02-09,FDU,Wagner,3982091,62,53,253,0
2024-02-09,Missouri St.,Belmont,3996103,73,54,3503,0
2024-02-09,UIC,Evansville,3996449,65,57,1456,0
2024-02-09,Utah,Oregon St.,3996629,44,58,6288,0
2024-02-09,Colorado,Oregon,3996582,90,57,5447,0
2024-02-09,Washington,Stanford,3982042,59,63,4454,0
2024-02-09,Southern California,Arizona St.,3982040,81,63,3128,0
2024-02-09,Washington St.,California,3996627,59,66,1023,0
2024-02-09,UCLA,Arizona,3982035,66,58,5210,0
2024-02-10,Army West Point,Navy,3982138,70,58,4922,0
2024-02-10,Toledo,ULM,3982152,72,57,4027,0
2024-02-10,Bowling Green,Troy,3982117,78,88,1916,0
2024-02-10,Cincinnati,BYU,3982159,57,69,1084,0
2024-02-10,Central Mich.,Louisiana,3982109,51,54,1260,0
2024-02-10,St. Thomas (MN),Denver,3982174,61,67,345,0
2024-02-10,Seton Hall,Xavier,3982250,86,62,1104,0
2024-02-10,Ohio,Texas St.,3982120,71,80,619,0
2024-02-10,UMass Lowell,NJIT,3982126,56,68,420,0
2024-02-10,Kent St.,Old Dominion,3982132,76,82,1044,0
2024-02-10,VCU,St. Bonaventure,3982142,54,40,432,0
2024-02-10,Ark.-Pine Bluff,Alcorn,3982146,80,57,2306,0
2024-02-10,Mount St. Mary's,Canisius,3982198,70,56,482,0
2024-02-10,Morehead St.,Eastern Ill.,3982223,103,105,1158,0
2024-02-10,Bellarmine,Queens (NC),3982263,85,76,424,0
2024-02-10,Detroit Mercy,Youngstown St.,3982274,49,54,303,0
2024-02-10,UNC Asheville,USC Upstate,3982399,65,71,276,0
2024-02-10,Eastern Mich.,South Alabama,4546533,81,69,1318,0
2024-02-10,Miami (OH),Georgia St.,4546532,80,63,346,0
2024-02-10,Northwestern St.,Southeastern La.,3982276,51,59,803,0
2024-02-10,Abilene Christian,Utah Valley,3982257,66,53,1056,0
2024-02-10,Houston Christian,UIW,3982253,40,67,231,0
2024-02-10,McNeese,A&M-Corpus Christi,3982247,64,78,1104,0
2024-02-10,Lindenwood,Tennessee Tech,3982228,52,82,904,0
2024-02-10,Green Bay,IU Indy,3982166,71,52,2115,0
2024-02-10,NIU,Ga. Southern,3982122,91,84,846,0
2024-02-10,Middle Tenn.,FIU,3982111,73,54,4428,0
2024-02-10,New Mexico,Colorado St.,3982124,62,46,5103,0
2024-02-10,Western Mich.,App State,4472965,68,78,984,0
2024-02-10,Akron,Arkansas St.,4546531,67,81,813,0
2024-02-10,Michigan,Rutgers,3954230,86,58,4238,0
2024-02-10,Florida A&M,Texas Southern,3982520,71,57,313,0
2024-02-10,Buffalo,Southern Miss.,3982107,62,46,1756,0
2024-02-10,Penn,Princeton,3982110,54,67,1086,0
2024-02-10,Wofford,UNC Greensboro,3982113,66,60,1268,0
2024-02-10,Duquesne,La Salle,3982116,57,52,988,0
2024-02-10,Fordham,Massachusetts,3982118,64,50,1168,0
2024-02-10,Colgate,Loyola Maryland,3982123,61,64,443,0
2024-02-10,Mercer,Chattanooga,3982135,52,61,1627,0
2024-02-10,Dartmouth,Harvard,3982136,50,68,663,0
2024-02-10,Cornell,Yale,3982139,59,66,183,0
2024-02-10,Fairfield,Saint Peter's,3982145,52,46,925,0
2024-02-10,Fla. Atlantic,Wichita St.,3982150,56,67,708,0
2024-02-10,Stetson,Central Ark.,3982284,57,56,265,0
2024-02-10,Siena,Quinnipiac,3982338,74,55,965,0
2024-02-10,Maine,New Hampshire,3982342,67,48,1425,0
2024-02-10,Winthrop,Longwood,3982344,55,54,426,0
2024-02-10,East Carolina,Charlotte,3982361,70,56,1363,0
2024-02-10,Bethune-Cookman,Prairie View,3982363,74,61,608,0
2024-02-10,Presbyterian,Radford,3982395,57,50,375,0
2024-02-10,Lafayette,Lehigh,3982398,68,70,647,0
2024-02-10,Boston U.,Bucknell,3982403,60,71,848,0
2024-02-10,Vermont,UMBC,3982415,69,45,1838,0
2024-02-10,Bryant,Binghamton,3982422,55,51,401,0
2024-02-10,Oakland,Robert Morris,3982432,67,65,639,0
2024-02-10,Rider,Manhattan,3982439,58,54,494,0
2024-02-10,Lipscomb,North Florida,3982304,94,82,563,0
2024-02-10,Southeast Mo. St.,Tennessee St.,3982143,48,47,381,0
2024-02-10,Boise St.,Wyoming,3982285,56,42,1492,0
2024-02-10,UNI,Bradley,3982880,96,61,4012,0
2024-02-10,Baylor,West Virginia,3982112,65,58,4944,0
2024-02-10,Memphis,Tulane,3982133,80,79,1473,0
2024-02-10,Grambling,Alabama St.,3982137,65,48,629,0
2024-02-10,Western Ill.,UT Martin,3982201,71,61,786,0
2024-02-10,Austin Peay,Jacksonville,3982273,75,69,1692,0
2024-02-10,Samford,ETSU,3982299,56,69,379,0
2024-02-10,Milwaukee,Northern Ky.,3982318,66,67,652,0
2024-02-10,Louisiana Tech,Liberty,3982329,53,58,1604,0
2024-02-10,Tarleton St.,Seattle U,3982400,57,61,618,0
2024-02-10,Oral Roberts,South Dakota St.,3982401,77,103,1185,0
2024-02-10,Marquette,Villanova,3982404,52,55,1639,0
2024-02-10,Western Ky.,Jacksonville St.,3982406,54,45,1251,0
2024-02-10,Kansas City,North Dakota,3982408,86,71,735,0
2024-02-10,SFA,UT Arlington,3982411,74,84,1682,0
2024-02-10,North Texas,SMU,3982444,78,65,1878,0
2024-02-10,Omaha,North Dakota St.,3982445,70,84,524,0
2024-02-10,Drake,Illinois St.,3996134,79,64,3792,0
2024-02-10,Temple,South Fla.,3982475,59,55,1596,0
2024-02-10,American,Holy Cross,3982339,74,68,594,0
2024-02-10,Montana,Northern Colo.,3982360,82,73,2545,0
2024-02-10,Eastern Ky.,Kennesaw St.,3982500,69,66,781,0
2024-02-10,California Baptist,Utah Tech,3982281,73,65,414,0
2024-02-10,Wright St.,Purdue Fort Wayne,3982513,70,66,1273,0
2024-02-10,Southern U.,Alabama A&M,3982465,67,60,1929,0
2024-02-10,Lamar University,Nicholls,3982448,70,44,1597,0
2024-02-10,Montana St.,Northern Ariz.,3982381,58,71,2141,0
2024-02-10,Creighton,DePaul,3982471,88,59,2102,0
2024-02-10,FGCU,North Ala.,3982517,84,42,1821,0
2024-02-10,Southern Utah,Grand Canyon,3982410,61,77,354,0
2024-02-10,Utah St.,Air Force,3982144,72,78,394,0
2024-02-10,New Mexico St.,UTEP,3982337,66,59,1357,0
2024-02-10,East Texas A&M,New Orleans,3982130,84,78,641,0
2024-02-10,Mississippi Val.,Jackson St.,3982509,54,70,2209,0
2024-02-10,Kansas St.,Oklahoma St.,3982493,69,68,6848,0
2024-02-10,UC Davis,Hawaii,3982412,61,51,891,0
2024-02-10,Portland St.,Idaho St.,3982391,59,53,349,0
2024-02-10,Santa Clara,Saint Mary's (CA),3982382,70,58,319,0
2024-02-10,Sacramento St.,Weber St.,3982355,75,44,469,0
2024-02-10,Gonzaga,LMU (CA),3982350,71,47,5442,0
2024-02-10,UC Irvine,UC Riverside,3982346,62,53,789,0
2024-02-10,CSUN,UC Santa Barbara,3982326,60,64,153,0
2024-02-10,Fresno St.,UNLV,3982149,49,63,1900,0
2024-02-10,San Jose St.,San Diego St.,3982141,62,63,873,0
2024-02-10,Cal Poly,Long Beach St.,3982140,84,76,1294,0
2024-02-10,San Francisco,Pacific,3982128,79,72,325,0
2024-02-10,Eastern Wash.,Idaho,3982114,62,52,964,0
2024-02-10,TCU,Texas,3982515,43,65,3685,0
2024-02-10,Portland,Pepperdine,3982416,78,46,813,0
2024-02-10,Southern Ind.,SIUE,3982530,75,58,2031,0
2024-02-10,Rice,Tulsa,3982129,78,66,814,0
2024-02-10,Iowa St.,Oklahoma,3982147,72,86,10377,0
2024-02-10,Georgetown,Providence,3982547,54,44,621,0
2024-02-10,High Point,Gardner-Webb,3982544,75,72,1004,0
2024-02-10,Marist,Iona,3982545,53,62,1879,0
2024-02-10,Texas Tech,UCF,3982548,64,69,4511,0
2024-02-10,Cal St. Fullerton,CSU Bakersfield,3982541,61,69,116,0
2024-02-11,Georgia,Vanderbilt,3982563,55,61,3187,0
2024-02-11,Florida St.,Notre Dame,3982566,94,98,2643,0
2024-02-11,Pittsburgh,NC State,3982565,47,83,2001,0
2024-02-11,Rhode Island,Saint Louis,3982553,73,76,1225,0
2024-02-11,Dayton,George Mason,3982562,50,74,2008,0
2024-02-11,Syracuse,Louisville,3982561,73,72,3912,0
2024-02-11,Nebraska,Iowa,3953906,82,79,15042,0
2024-02-11,Virginia Tech,Boston College,3982576,74,63,8925,0
2024-02-11,UIC,Indiana St.,3996450,68,53,1040,0
2024-02-11,Richmond,George Washington,3982551,83,61,2437,0
2024-02-11,Elon,UNCW,3982557,58,60,789,0
2024-02-11,Drexel,N.C. A&T,3982595,47,54,327,0
2024-02-11,UTSA,UAB,3982559,76,58,738,0
2024-02-11,Utah,Oregon,3996583,70,48,4762,0
2024-02-11,Colorado,Oregon St.,4470140,59,65,6716,0
2024-02-11,Valparaiso,Evansville,3996303,68,71,278,0
2024-02-11,Furman,Western Caro.,3982151,58,53,358,0
2024-02-11,Ball St.,James Madison,3982115,72,57,1575,0
2024-02-11,Wake Forest,Virginia,3982591,79,87,1201,0
2024-02-11,Duke,North Carolina,3982589,68,60,9314,0
2024-02-11,Georgia Tech,Miami (FL),3982588,60,62,2214,0
2024-02-11,South Carolina,UConn,3982587,83,65,18167,0
2024-02-11,Northeastern,Stony Brook,3982582,35,71,312,0
2024-02-11,Monmouth,Delaware,3982556,67,71,793,0
2024-02-11,Hampton,William & Mary,3982554,55,65,668,0
2024-02-11,Towson,Hofstra,3982552,44,58,405,0
2024-02-11,Missouri,Auburn,3982573,59,70,4480,0
2024-02-11,Southern Ill.,Belmont,3996481,55,65,325,0
2024-02-11,Indiana,Purdue,3954044,95,62,13304,0
2024-02-11,Col. of Charleston,Campbell,3982550,65,51,425,0
2024-02-11,Mississippi St.,Florida,3982590,70,90,6097,0
2024-02-11,Washington,California,3996655,57,59,2773,0
2024-02-11,UCLA,Arizona St.,3982555,78,45,3182,0
2024-02-11,Wisconsin,Penn St.,3954164,69,64,4519,0
2024-02-11,Loyola Chicago,Davidson,3982585,45,48,819,0
2024-02-11,Illinois,Maryland,3954580,53,69,3185,0
2024-02-11,Missouri St.,Murray St.,3996104,89,95,2175,0
2024-02-11,Washington St.,Stanford,3982560,58,73,1304,0
2024-02-11,LSU,Alabama,3982592,85,66,12228,0
2024-02-11,Kentucky,Texas A&M,3982594,44,61,3632,0
2024-02-11,Michigan St.,Ohio St.,3954398,71,86,5753,0
2024-02-12,Southern U.,Alabama St.,3982596,79,63,1528,0
2024-02-12,Bethune-Cookman,Texas Southern,3982603,64,65,401,0
2024-02-12,Florida A&M,Prairie View,3982611,71,63,241,0
2024-02-12,Mississippi Val.,Alcorn,3982604,65,70,2025,0
2024-02-12,Ark.-Pine Bluff,Jackson St.,3982599,56,72,0,0
2024-02-12,Grambling,Alabama A&M,3982597,69,52,518,0
2024-02-12,Tennessee,Arkansas,3982612,81,55,8161,0
2024-02-12,Southern California,Arizona,3982610,81,64,4569,0
2024-02-13,Georgetown,Villanova,3982616,47,62,632,0
2024-02-13,UCF,BYU,3982614,60,64,849,0
2024-02-13,Tennessee Tech,Tennessee St.,3982636,80,64,990,0
2024-02-13,South Fla.,Wichita St.,3982671,79,57,3063,0
2024-02-13,Rutgers,Minnesota,3954231,81,73,1511,0
2024-02-13,St. John's (NY),Seton Hall,3982664,68,57,284,0
2024-02-13,TCU,West Virginia,3982651,52,77,2958,0
2024-02-13,DePaul,Marquette,3982665,58,69,1029,0
2024-02-14,NIU,Western Mich.,3982681,47,65,1958,0
2024-02-14,Massachusetts,Rhode Island,3982677,64,86,815,0
2024-02-14,Boston U.,Army West Point,3982786,72,64,432,0
2024-02-14,Lehigh,Bucknell,3982687,49,54,503,0
2024-02-14,George Washington,La Salle,3982688,71,49,224,0
2024-02-14,Winthrop,Radford,3982773,54,51,367,0
2024-02-14,VCU,Richmond,3982692,58,65,854,0
2024-02-14,Old Dominion,Coastal Carolina,3982795,65,58,1710,0
2024-02-14,Presbyterian,UNC Asheville,3982794,59,42,434,0
2024-02-14,Charlotte,Memphis,3982689,65,56,723,0
2024-02-14,Oklahoma,Baylor,3982678,84,73,4552,0
2024-02-14,Texas Tech,Oklahoma St.,3982789,50,60,5063,0
2024-02-14,UAB,Temple,3982690,72,86,417,0
2024-02-14,Tulane,SMU,3982775,53,63,762,0
2024-02-14,Northern Ky.,IU Indy,3982840,100,88,925,0
2024-02-14,Loyola Maryland,Lafayette,3982839,76,51,133,0
2024-02-14,Saint Joseph's,Dayton,3982835,73,47,514,0
2024-02-14,Xavier,UConn,3982833,40,86,2952,0
2024-02-14,Providence,Butler,3982829,48,55,507,0
2024-02-14,Gardner-Webb,Charleston So.,3982811,69,76,152,0
2024-02-14,St. Bonaventure,Duquesne,3982807,50,66,112,0
2024-02-14,American,Navy,3982805,55,69,299,0
2024-02-14,Holy Cross,Colgate,3982697,43,60,462,0
2024-02-14,USC Upstate,High Point,3982691,50,53,293,0
2024-02-14,Wright St.,Youngstown St.,3982842,52,72,1167,0
2024-02-14,Fla. Atlantic,North Texas,3982862,57,67,212,0
2024-02-14,Ohio St.,Nebraska,3953943,80,47,7115,0
2024-02-14,Davidson,George Mason,3982676,75,67,521,0
2024-02-14,Tulsa,UTSA,3982696,74,70,1177,0
2024-02-14,Kansas,Cincinnati,3982685,75,60,2872,0
2024-02-14,Iowa St.,Kansas St.,3982695,96,93,9936,0
2024-02-14,Northwestern,Purdue,3954045,48,74,1949,0
2024-02-14,Houston,Texas,3982680,66,82,1610,0
2024-02-14,Wisconsin,Indiana,3954165,54,68,3201,0
2024-02-14,Utah St.,Boise St.,3982693,57,73,287,0
2024-02-14,Rice,East Carolina,3982686,75,57,623,0
2024-02-14,Saint Louis,Loyola Chicago,3982679,77,68,776,0
2024-02-14,Air Force,Fresno St.,3982682,68,74,217,0
2024-02-14,New Mexico,San Jose St.,3982683,72,51,4807,0
2024-02-14,Nevada,San Diego St.,3982793,72,71,1428,0
2024-02-14,UNLV,Colorado St.,3982675,67,64,958,0
2024-02-15,FIU,Sam Houston,3982999,64,49,2084,0
2024-02-15,Cleveland St.,Oakland,3982871,78,63,3347,0
2024-02-15,App State,Marshall,3982881,78,87,1179,0
2024-02-15,James Madison,Georgia St.,3982885,62,73,2191,0
2024-02-15,Southern Miss.,Arkansas St.,3982883,57,48,4247,0
2024-02-15,South Alabama,ULM,3982873,60,68,2151,0
2024-02-15,Wake Forest,Florida St.,3982961,63,71,736,0
2024-02-15,Indiana St.,Missouri St.,3996111,51,59,1215,0
2024-02-15,Iona,Rider,3982973,43,45,600,0
2024-02-15,Miami (FL),Syracuse,3982959,60,71,2310,0
2024-02-15,North Carolina,Pittsburgh,3982955,75,62,2508,0
2024-02-15,Notre Dame,NC State,3982954,43,59,7134,0
2024-02-15,Quinnipiac,Mount St. Mary's,3982951,45,54,389,0
2024-02-15,Canisius,Marist,3982949,68,52,536,0
2024-02-15,Maine,Bryant,3982948,80,57,1156,0
2024-02-15,Niagara,Siena,3982947,84,70,336,0
2024-02-15,Florida,Ole Miss,3982874,67,77,1686,0
2024-02-15,Penn St.,Illinois,3954347,71,86,2376,0
2024-02-15,Central Ark.,Bellarmine,3982893,63,57,412,0
2024-02-15,SIUE,Lindenwood,3982891,69,67,762,0
2024-02-15,Little Rock,Morehead St.,3982890,47,50,473,0
2024-02-15,Eastern Ill.,Southeast Mo. St.,3982888,71,52,864,0
2024-02-15,New Hampshire,Vermont,3982964,41,75,234,0
2024-02-15,Troy,Texas St.,3982896,85,69,2513,0
2024-02-15,Tennessee Tech,Western Ill.,3982929,77,66,910,0
2024-02-15,North Ala.,Eastern Ky.,3982927,57,84,1142,0
2024-02-15,UT Martin,Southern Ind.,3982901,67,73,863,0
2024-02-15,NJIT,UAlbany,3982992,36,38,334,0
2024-02-15,North Florida,Jacksonville,3979279,60,77,456,0
2024-02-15,Southeastern La.,Lamar University,3982962,60,67,953,0
2024-02-15,Clemson,Georgia Tech,3982994,63,64,852,0
2024-02-15,Kennesaw St.,FGCU,3982995,42,77,739,0
2024-02-15,Bradley,Valparaiso,3996304,50,68,311,0
2024-02-15,Murray St.,Drake,3996135,75,81,1762,0
2024-02-15,Abilene Christian,UTRGV,3982957,76,69,1082,0
2024-02-15,South Dakota,Omaha,3982956,67,77,1397,0
2024-02-15,Western Caro.,Mercer,3982991,62,76,642,0
2024-02-15,Boston College,Louisville,3982990,67,69,937,0
2024-02-15,Robert Morris,Green Bay,3982987,50,60,354,0
2024-02-15,Purdue Fort Wayne,Milwaukee,3982988,75,55,505,0
2024-02-15,Furman,Wofford,3982879,64,51,667,0
2024-02-15,FDU,LIU,3982968,84,53,207,0
2024-02-15,Wagner,Saint Francis,3982969,60,76,379,0
2024-02-15,UNC Greensboro,Samford,3982970,52,44,528,0
2024-02-15,Queens (NC),Stetson,3982974,44,62,67,0
2024-02-15,Central Conn. St.,Le Moyne,3982867,54,69,392,0
2024-02-15,Merrimack,Stonehill,3982877,74,56,577,0
2024-02-15,Tennessee,South Carolina,3982985,55,66,11073,0
2024-02-15,Saint Peter's,Manhattan,3982983,61,55,301,0
2024-02-15,Louisiana,Ga. Southern,3982946,62,57,608,0
2024-02-15,Auburn,Kentucky,3982944,78,50,2653,0
2024-02-15,UMBC,Binghamton,3982976,44,52,333,0
2024-02-15,Evansville,Southern Ill.,3996482,93,89,215,0
2024-02-15,UIW,East Texas A&M,3982872,72,61,104,0
2024-02-15,New Orleans,Nicholls,3982876,80,78,454,0
2024-02-15,Jacksonville St.,Louisiana Tech,3982966,51,61,1015,0
2024-02-15,Saint Mary's (CA),Gonzaga,3982870,68,96,441,0
2024-02-15,Belmont,UNI,3996084,84,72,812,0
2024-02-15,Illinois St.,UIC,3996451,64,61,1379,0
2024-02-15,New Mexico St.,Middle Tenn.,3982866,37,73,1045,0
2024-02-15,Utah Valley,California Baptist,3982945,92,89,407,0
2024-02-15,Northern Colo.,Portland St.,3982953,65,48,651,0
2024-02-15,Weber St.,Idaho,3982960,47,60,333,0
2024-02-15,Northern Ariz.,Sacramento St.,3982986,66,82,342,0
2024-02-15,North Dakota,Denver,3982972,75,65,1232,0
2024-02-15,A&M-Corpus Christi,Northwestern St.,3982979,68,52,702,0
2024-02-15,North Dakota St.,Oral Roberts,3982981,83,73,790,0
2024-02-15,Tarleton St.,UT Arlington,3982984,58,71,670,0
2024-02-15,South Dakota St.,Kansas City,3982989,74,53,1828,0
2024-02-15,Iowa,Michigan,3953907,106,89,14998,0
2024-02-15,Virginia Tech,Duke,3983001,61,56,8925,0
2024-02-15,Seattle U,Southern Utah,3982865,75,71,294,0
2024-02-15,Pacific,Portland,3982869,80,74,660,0
2024-02-15,CSUN,CSU Bakersfield,3982942,50,61,228,0
2024-02-15,Pepperdine,San Diego,3982943,49,69,103,0
2024-02-15,San Francisco,Santa Clara,3982952,65,73,315,0
2024-02-15,UC Riverside,Cal St. Fullerton,3982958,67,56,149,0
2024-02-15,Texas A&M,Vanderbilt,3982868,45,49,3067,0
2024-02-15,Idaho St.,Eastern Wash.,3982875,56,59,720,0
2024-02-15,UTEP,Western Ky.,3982993,73,68,974,0
2024-02-15,Utah Tech,Grand Canyon,3982980,41,88,522,0
2024-02-15,Long Beach St.,UC Davis,3982975,78,52,661,0
2024-02-15,UC Santa Barbara,UC San Diego,3982971,60,52,562,0
2024-02-15,Hawaii,Cal Poly,3982982,59,47,1700,0
2024-02-16,N.C. A&T,Hampton,3983055,73,58,1759,0
2024-02-16,Dartmouth,Columbia,3983005,56,80,594,0
2024-02-16,Harvard,Cornell,3983044,74,51,762,0
2024-02-16,Stony Brook,Hofstra,3983006,81,48,1341,0
2024-02-16,Yale,Penn,3983002,52,66,577,0
2024-02-16,UConn,Georgetown,3983062,85,44,10299,0
2024-02-16,St. John's (NY),Creighton,3983061,51,71,476,0
2024-02-16,Northeastern,Elon,3983059,37,53,201,0
2024-02-16,Brown,Princeton,3983058,62,74,307,0
2024-02-16,Campbell,Monmouth,3983007,49,53,856,0
2024-02-16,Towson,Drexel,3983003,51,48,765,0
2024-02-16,Utah,Colorado,4443876,77,76,5999,0
2024-02-16,Arizona,Washington St.,3996630,64,45,7383,0
2024-02-16,Arizona St.,Washington,3996610,73,66,1937,0
2024-02-16,Stanford,California,3983009,84,49,4604,0
2024-02-16,Oregon,Southern California,3996584,51,88,7145,0
2024-02-16,Oregon St.,UCLA,3983480,79,77,8525,0
2024-02-17,Cleveland St.,Milwaukee,3983118,64,51,621,0
2024-02-17,Alabama A&M,Mississippi Val.,3983120,64,51,1003,0
2024-02-17,Howard,N.C. Central,3983372,64,70,567,0
2024-02-17,Eastern Mich.,NIU,3983070,52,61,1428,0
2024-02-17,Massachusetts,VCU,3983080,49,63,1241,0
2024-02-17,Rhode Island,Davidson,3983088,61,49,1319,0
2024-02-17,Central Mich.,Kent St.,3983090,54,77,1189,0
2024-02-17,Southern Miss.,Texas St.,3983112,68,58,4425,0
2024-02-17,FIU,Louisiana Tech,3983102,68,51,419,0
2024-02-17,Canisius,Siena,3983146,71,64,593,0
2024-02-17,Seton Hall,DePaul,3983209,91,78,1065,0
2024-02-17,West Virginia,Oklahoma,3983211,70,66,3715,0
2024-02-17,Army West Point,Holy Cross,3983217,58,43,787,0
2024-02-17,Ohio,Ball St.,3983228,60,75,880,0
2024-02-17,Miami (OH),Western Mich.,3983245,58,50,1472,0
2024-02-17,Indiana St.,Southern Ill.,3996112,70,80,1186,0
2024-02-17,Youngstown St.,Green Bay,3983258,59,71,1884,0
2024-02-17,Nicholls,McNeese,3983083,81,67,511,0
2024-02-17,South Alabama,Ga. Southern,3983089,70,85,2259,0
2024-02-17,UAB,Rice,3983094,87,74,927,0
2024-02-17,Southeastern La.,Houston Christian,3983100,60,40,644,0
2024-02-17,UT Martin,Morehead St.,3983135,70,54,1194,0
2024-02-17,North Dakota,Oral Roberts,3983148,57,102,1315,0
2024-02-17,Eastern Ill.,Lindenwood,3983179,68,62,913,0
2024-02-17,A&M-Corpus Christi,East Texas A&M,3983183,86,69,835,0
2024-02-17,North Dakota St.,Denver,3983188,86,65,1255,0
2024-02-17,Abilene Christian,SFA,3983214,83,89,1051,0
2024-02-17,Little Rock,Southern Ind.,3983222,51,88,205,0
2024-02-17,Tennessee St.,Western Ill.,3983224,84,71,709,0
2024-02-17,SIUE,Southeast Mo. St.,3983243,57,67,719,0
2024-02-17,Central Ark.,Eastern Ky.,3983255,83,49,434,0
2024-02-17,Rutgers,Wisconsin,3954166,43,61,2558,0
2024-02-17,Binghamton,NJIT,3983360,68,48,1417,0
2024-02-17,Cincinnati,TCU,3983363,72,79,1952,0
2024-02-17,Norfolk St.,South Carolina St.,3983373,87,25,2106,0
2024-02-17,Sacred Heart,Wagner,3983374,79,55,525,0
2024-02-17,ETSU,Chattanooga,3983469,41,56,817,0
2024-02-17,Akron,Buffalo,3983081,65,54,749,0
2024-02-17,UMass Lowell,Bryant,3983087,43,62,307,0
2024-02-17,Jacksonville,North Florida,3983091,73,60,317,0
2024-02-17,Longwood,Presbyterian,3983096,52,67,1015,0
2024-02-17,USC Upstate,Gardner-Webb,3983097,73,56,0,0
2024-02-17,Manhattan,Quinnipiac,3983099,72,66,575,0
2024-02-17,LIU,Merrimack,3983105,59,61,130,0
2024-02-17,Kennesaw St.,Stetson,3983107,54,64,812,0
2024-02-17,Coppin St.,Delaware St.,3983272,53,46,304,0
2024-02-17,Liberty,Sam Houston,3983273,86,56,1253,0
2024-02-17,App State,Georgia St.,3983275,93,67,457,0
2024-02-17,Stonehill,Le Moyne,3983288,44,55,647,0
2024-02-17,Niagara,Marist,3983290,90,64,472,0
2024-02-17,UNC Greensboro,Mercer,3983299,69,49,396,0
2024-02-17,East Carolina,Memphis,3983306,70,72,1287,0
2024-02-17,Mount St. Mary's,Fairfield,3983307,59,61,391,0
2024-02-17,James Madison,Coastal Carolina,3983308,73,60,2622,0
2024-02-17,Radford,High Point,3983311,50,67,769,0
2024-02-17,Queens (NC),FGCU,3983328,60,86,125,0
2024-02-17,Saint Peter's,Iona,3983349,35,54,294,0
2024-02-17,Lafayette,American,3983352,64,57,367,0
2024-02-17,Old Dominion,Marshall,3983354,75,89,2556,0
2024-02-17,UNC Asheville,Charleston So.,3983355,68,63,583,0
2024-02-17,Colorado St.,Wyoming,3983192,75,70,8083,0
2024-02-17,UTEP,Middle Tenn.,3983375,41,56,1411,0
2024-02-17,San Diego St.,Utah St.,3983231,90,62,1287,0
2024-02-17,Alabama St.,Ark.-Pine Bluff,3983333,47,70,3506,0
2024-02-17,George Mason,George Washington,3983076,60,57,1891,0
2024-02-17,Murray St.,UNI,3996085,87,89,1562,0
2024-02-17,Evansville,Missouri St.,3996443,56,73,275,0
2024-02-17,Bradley,UIC,3996452,47,68,472,0
2024-02-17,Troy,ULM,3983309,81,77,3213,0
2024-02-17,Lipscomb,Austin Peay,3983301,60,73,373,0
2024-02-17,Louisiana,Arkansas St.,3983287,59,46,709,0
2024-02-17,New Orleans,Lamar University,3983283,60,63,588,0
2024-02-17,Alcorn,Bethune-Cookman,3983092,51,40,752,0
2024-02-17,Wichita St.,Tulsa,3983078,74,65,1638,0
2024-02-17,UT Arlington,UTRGV,3983383,71,55,1157,0
2024-02-17,South Dakota St.,Omaha,3983364,79,57,2409,0
2024-02-17,UIW,Northwestern St.,3983357,53,45,110,0
2024-02-17,Minnesota,Northwestern,3954258,88,63,4882,0
2024-02-17,Navy,Boston U.,3983418,60,69,678,0
2024-02-17,California Baptist,Grand Canyon,3983111,71,65,687,0
2024-02-17,Purdue,Nebraska,3953944,65,77,5205,0
2024-02-17,Utah Valley,Southern Utah,3983286,66,67,689,0
2024-02-17,Saint Francis,FDU,3983101,48,68,464,0
2024-02-17,Idaho St.,Idaho,3983095,48,49,1037,0
2024-02-17,Seattle U,Utah Tech,3983129,75,89,280,0
2024-02-17,Nevada,Boise St.,3983162,68,65,1442,0
2024-02-17,Vermont,Maine,3983437,55,57,1302,0
2024-02-17,Northern Colo.,Sacramento St.,3983358,65,59,809,0
2024-02-17,Northern Ariz.,Portland St.,3983361,89,73,492,0
2024-02-17,Wright St.,Northern Ky.,3983440,63,77,1230,0
2024-02-17,Weber St.,Eastern Wash.,3983369,54,74,331,0
2024-02-17,New Mexico St.,Western Ky.,3983073,64,61,1007,0
2024-02-17,Dartmouth,Cornell,3983093,48,44,660,0
2024-02-17,Villanova,Butler,3983365,52,55,3059,0
2024-02-17,Texas,Iowa St.,3983072,81,60,7013,0
2024-02-17,Texas Southern,Grambling,3983410,55,60,2863,0
2024-02-17,Prairie View,Southern U.,3983403,68,75,405,0
2024-02-17,Jackson St.,Florida A&M,3983400,71,44,1478,0
2024-02-17,Montana,Montana St.,3983305,72,50,3955,0
2024-02-17,Fresno St.,San Jose St.,3983109,74,59,1279,0
2024-02-17,Belmont,Drake,3996136,71,77,1191,0
2024-02-17,Kansas St.,UCF,3983424,60,58,6316,0
2024-02-17,Brown,Penn,3983448,61,59,526,0
2024-02-17,CSU Bakersfield,UC Irvine,3983321,68,72,491,0
2024-02-17,Santa Clara,Portland,3983336,66,58,594,0
2024-02-17,San Diego,LMU (CA),3983367,66,50,631,0
2024-02-17,Pacific,Gonzaga,3983077,78,91,1183,0
2024-02-17,Illinois St.,Valparaiso,3996305,78,64,2941,0
2024-02-17,UC Riverside,UC Davis,3983362,50,41,123,0
2024-02-17,Oklahoma St.,Houston,3983432,57,65,2112,0
2024-02-17,Richmond,Loyola Chicago,3983086,75,71,1570,0
2024-02-17,North Ala.,Bellarmine,3983451,88,66,1496,0
2024-02-17,Yale,Princeton,3983071,25,70,545,0
2024-02-17,Cal St. Fullerton,UC San Diego,3983459,60,46,129,0
2024-02-17,BYU,Kansas,3983079,62,70,2317,0
2024-02-17,Bowling Green,Toledo,3983084,68,88,3998,0
2024-02-17,Long Beach St.,CSUN,3983397,86,62,1002,0
2024-02-17,Bucknell,Colgate,3983085,55,59,391,0
2024-02-17,South Dakota,St. Thomas (MN),3983461,75,61,1702,0
2024-02-17,UAlbany,UMBC,3983106,58,56,1111,0
2024-02-17,Western Caro.,Samford,3983467,57,72,689,0
2024-02-17,South Fla.,Fla. Atlantic,3983470,55,67,3724,0
2024-02-17,Saint Mary's (CA),Pepperdine,3983449,75,47,472,0
2024-02-17,UNLV,Air Force,3983075,95,68,1908,0
2024-02-17,Saint Louis,Duquesne,3983082,65,82,1013,0
2024-02-17,Hawaii,UC Santa Barbara,3983466,68,64,5068,0
2024-02-18,NC State,Georgia Tech,3983483,86,85,5500,0
2024-02-18,Clemson,Pittsburgh,3983504,57,72,880,0
2024-02-18,Kentucky,Florida,3983481,81,77,4692,0
2024-02-18,Michigan,Michigan St.,3954298,66,70,10461,0
2024-02-18,Stony Brook,Elon,3983477,61,32,1310,0
2024-02-18,South Carolina,Georgia,3983497,70,56,18478,0
2024-02-18,St. Bonaventure,Fordham,3983484,48,70,364,0
2024-02-18,Maryland,Penn St.,3954348,77,62,9443,0
2024-02-18,UNCW,Col. of Charleston,3983492,58,97,827,0
2024-02-18,Vanderbilt,Tennessee,3983486,61,86,6259,0
2024-02-18,Arizona St.,Washington St.,3996611,46,73,2021,0
2024-02-18,Arizona,Washington,4446768,90,82,7354,0
2024-02-18,Campbell,William & Mary,3983479,57,46,1002,0
2024-02-18,N.C. A&T,Monmouth,3983503,76,80,1048,0
2024-02-18,IU Indy,Robert Morris,3983501,70,50,391,0
2024-02-18,Loyola Maryland,Lehigh,3983499,93,76,953,0
2024-02-18,Purdue Fort Wayne,Detroit Mercy,3983498,77,67,729,0
2024-02-18,Providence,Xavier,3983496,66,42,1063,0
2024-02-18,La Salle,Saint Joseph's,3983495,29,60,418,0
2024-02-18,Virginia,Syracuse,3983494,79,85,6619,0
2024-02-18,Hofstra,Northeastern,3983490,66,46,768,0
2024-02-18,Louisville,Virginia Tech,3983488,70,86,12249,0
2024-02-18,Harvard,Columbia,3983464,63,71,1636,0
2024-02-18,Delaware,Drexel,3983478,59,61,1842,0
2024-02-18,Oregon St.,Southern California,3996649,50,58,8210,0
2024-02-18,Alabama,Auburn,3983473,67,61,3569,0
2024-02-18,North Texas,UTSA,3983505,63,66,1826,0
2024-02-18,Baylor,Texas Tech,3983472,61,32,7093,0
2024-02-18,Miami (FL),Florida St.,3983509,68,74,3584,0
2024-02-18,Ole Miss,Mississippi St.,3983507,75,71,4736,0
2024-02-18,Arkansas,Missouri,3983508,75,68,5927,0
2024-02-18,Oregon,UCLA,3983008,55,74,6792,0
2024-02-18,Wake Forest,North Carolina,3983511,50,58,1943,0
2024-02-18,SMU,Charlotte,3983476,64,49,1407,0
2024-02-19,UConn,Creighton,3983516,73,53,15684,0
2024-02-19,Illinois,Indiana,3954581,86,66,3878,0
2024-02-19,Howard,South Carolina St.,3983524,69,51,500,0
2024-02-19,Norfolk St.,N.C. Central,3983525,72,44,1723,0
2024-02-19,UMES,Coppin St.,3983522,73,51,183,0
2024-02-19,Alabama St.,Mississippi Val.,3983520,59,67,1129,0
2024-02-19,Alcorn,Florida A&M,3983513,64,49,832,0
2024-02-19,Jackson St.,Bethune-Cookman,3983512,52,39,0,0
2024-02-19,Prairie View,Grambling,3983523,55,64,513,0
2024-02-19,Alabama A&M,Ark.-Pine Bluff,3995860,67,59,941,0
2024-02-19,Texas Southern,Southern U.,3983526,52,68,1247,0
2024-02-19,Temple,Tulane,3983515,69,52,1033,0
2024-02-19,Texas A&M,LSU,3983527,58,81,6908,0
2024-02-19,Duke,Notre Dame,3983528,62,70,2485,0
2024-02-20,Morehead St.,Southern Ind.,3983533,64,72,1080,0
2024-02-20,Cincinnati,Oklahoma,3983539,87,95,1347,0
2024-02-20,Minnesota,Wisconsin,3954259,56,67,4559,0
2024-02-20,Georgetown,St. John's (NY),3983542,51,43,322,0
2024-02-20,Marquette,Seton Hall,3983541,68,62,1398,0
2024-02-20,Memphis,Rice,3983530,79,74,881,0
2024-02-20,Chicago St.,Eastern Ky.,3983529,63,85,313,0
2024-02-20,Nebraska,Northwestern,3953945,75,50,4238,0
2024-02-21,Duquesne,George Washington,3983548,79,69,0,0
2024-02-21,Morgan St.,UMES,3983389,46,58,257,0
2024-02-21,Richmond,La Salle,3983555,74,54,832,0
2024-02-21,Charleston So.,USC Upstate,3983556,66,59,221,0
2024-02-21,Lehigh,Army West Point,3983557,77,60,492,0
2024-02-21,Colgate,Lafayette,3983554,75,49,249,0
2024-02-21,Bucknell,Holy Cross,3983553,47,58,316,0
2024-02-21,VCU,Saint Joseph's,3983560,59,48,423,0
2024-02-21,Boston U.,American,3983625,58,56,650,0
2024-02-21,Buffalo,NIU,3983622,57,66,1740,0
2024-02-21,East Carolina,South Fla.,3983621,68,78,1106,0
2024-02-21,Presbyterian,Winthrop,3983629,62,40,273,0
2024-02-21,Ball St.,Central Mich.,3983561,78,54,1343,0
2024-02-21,Butler,Xavier,3983630,84,46,933,0
2024-02-21,UNC Asheville,Longwood,3983566,60,66,238,0
2024-02-21,Loyola Chicago,Massachusetts,3983624,64,52,522,0
2024-02-21,Maryland,Rutgers,3954232,81,62,5192,0
2024-02-21,Dayton,Miami-Hamilton,5246885,112,45,1679,0
2024-02-21,Navy,Loyola Maryland,3983638,53,51,814,0
2024-02-21,Radford,Gardner-Webb,3983635,58,63,744,0
2024-02-21,St. Bonaventure,George Mason,3983633,53,57,243,0
2024-02-21,Toledo,Miami (OH),3983565,68,36,3651,0
2024-02-21,Western Mich.,Eastern Mich.,3983563,65,55,797,0
2024-02-21,Akron,Bowling Green,3983551,68,74,837,0
2024-02-21,Fordham,Saint Louis,3983550,79,64,321,0
2024-02-21,IU Indy,Cleveland St.,3983643,52,75,493,0
2024-02-21,Ohio,Kent St.,3983642,79,77,567,0
2024-02-21,Wright St.,Robert Morris,3983641,76,68,1144,0
2024-02-21,Northern Ky.,Purdue Fort Wayne,3983640,58,70,841,0
2024-02-21,Villanova,Providence,3983639,68,58,1109,0
2024-02-21,Purdue,Michigan St.,3954046,59,68,3856,0
2024-02-21,Oklahoma St.,UCF,3983628,67,54,1819,0
2024-02-21,North Texas,Charlotte,3983632,69,70,1457,0
2024-02-21,Middle Tenn.,Jacksonville St.,3983545,66,40,3613,0
2024-02-21,Kansas St.,West Virginia,3983627,73,64,4266,0
2024-02-21,Tulsa,UAB,3983562,84,72,1058,0
2024-02-21,Baylor,Kansas,3983546,69,61,4238,0
2024-02-21,South Alabama,Louisiana,3983637,42,74,258,0
2024-02-21,Texas St.,Marshall,3983636,59,85,1064,0
2024-02-21,Houston,Iowa St.,3983552,64,76,995,0
2024-02-21,Arkansas St.,Troy,3983543,65,77,853,0
2024-02-21,Texas,Texas Tech,3983544,77,72,5892,0
2024-02-21,Boise St.,New Mexico,3983631,58,55,1454,0
2024-02-21,Southern Utah,UT Arlington,3983558,70,78,417,0
2024-02-21,Wyoming,UNLV,3983547,60,63,2261,0
2024-02-21,San Diego St.,Air Force,3983626,73,63,939,0
2024-02-21,BYU,TCU,3983549,58,68,1451,0
2024-02-21,Fresno St.,Nevada,3983564,57,45,1163,0
2024-02-21,San Jose St.,Utah St.,3983559,70,71,723,0
2024-02-22,Ga. Southern,James Madison,3983665,65,71,659,0
2024-02-22,Southeast Mo. St.,Little Rock,3983674,48,61,625,0
2024-02-22,Penn St.,Ohio St.,3954349,69,82,2501,0
2024-02-22,Quinnipiac,Niagara,3983724,60,66,421,0
2024-02-22,Tennessee St.,Eastern Ill.,3983669,56,66,443,0
2024-02-22,ULM,Southern Miss.,3983668,57,52,1086,0
2024-02-22,Binghamton,UMass Lowell,3983733,79,48,1342,0
2024-02-22,Indiana St.,Evansville,3996113,69,66,1245,0
2024-02-22,Florida St.,Boston College,3983732,84,71,1744,0
2024-02-22,Vermont,UAlbany,3983729,67,35,945,0
2024-02-22,Georgia Tech,Louisville,3983726,62,80,1554,0
2024-02-22,Western Ill.,Morehead St.,3983663,85,87,550,0
2024-02-22,Florida,Missouri,3983658,86,70,727,0
2024-02-22,Lindenwood,UT Martin,3983667,56,65,719,0
2024-02-22,Georgia St.,Coastal Carolina,3983737,52,60,927,0
2024-02-22,App State,Old Dominion,3983734,62,81,332,0
2024-02-22,Tennessee Tech,SIUE,3983704,86,76,920,0
2024-02-22,Jacksonville,Kennesaw St.,3983739,70,59,245,0
2024-02-22,Houston Christian,A&M-Corpus Christi,3983727,42,68,280,0
2024-02-22,Lipscomb,North Ala.,3983722,67,53,300,0
2024-02-22,Louisiana Tech,UTEP,3983719,85,69,1546,0
2024-02-22,UNI,Southern Ill.,3996086,74,51,3821,0
2024-02-22,Valparaiso,Belmont,3996306,56,83,270,0
2024-02-22,Samford,Wofford,3983657,64,62,131,0
2024-02-22,Austin Peay,Central Ark.,3983653,54,42,2162,0
2024-02-22,Bradley,Illinois St.,4470135,50,68,510,0
2024-02-22,Drake,Missouri St.,3996137,76,65,2448,0
2024-02-22,Central Conn. St.,Wagner,3983645,69,61,373,0
2024-02-22,Mercer,Furman,3983650,55,50,473,0
2024-02-22,Manhattan,Canisius,3983654,54,51,337,0
2024-02-22,Saint Francis,Merrimack,3983655,57,72,346,0
2024-02-22,Liberty,FIU,3983744,71,56,1396,0
2024-02-22,North Florida,Queens (NC),3983746,72,77,319,0
2024-02-22,Siena,Fairfield,3983750,67,71,806,0
2024-02-22,Marist,Mount St. Mary's,3983755,57,72,710,0
2024-02-22,UMBC,Maine,3983756,67,59,339,0
2024-02-22,Le Moyne,LIU,3983758,58,45,458,0
2024-02-22,Virginia,Miami (FL),3983759,77,60,3968,0
2024-02-22,South Carolina,Alabama,3983760,72,44,16229,0
2024-02-22,Notre Dame,Clemson,3983761,74,47,5596,0
2024-02-22,Chattanooga,Western Caro.,3983763,60,56,1549,0
2024-02-22,Pittsburgh,Wake Forest,3983765,50,65,1111,0
2024-02-22,Syracuse,Duke,3983766,45,58,3480,0
2024-02-22,NJIT,New Hampshire,3983767,64,52,255,0
2024-02-22,Rider,Saint Peter's,3983768,59,48,591,0
2024-02-22,ETSU,UNC Greensboro,3983769,54,51,411,0
2024-02-22,FDU,Sacred Heart,3983747,63,75,405,0
2024-02-22,Nicholls,UIW,3983648,47,52,433,0
2024-02-22,UTSA,Temple,3983656,48,56,881,0
2024-02-22,Ole Miss,Georgia,3983735,73,51,2505,0
2024-02-22,Mississippi St.,Kentucky,3983738,68,78,5975,0
2024-02-22,SFA,Seattle U,3983740,87,62,1585,0
2024-02-22,UTRGV,Utah Valley,3983741,63,62,777,0
2024-02-22,Sam Houston,New Mexico St.,3983742,66,56,449,0
2024-02-22,St. Thomas (MN),North Dakota St.,3983749,53,96,451,0
2024-02-22,Lamar University,McNeese,3983748,73,43,1896,0
2024-02-22,Green Bay,Oakland,3983745,74,45,1990,0
2024-02-22,Milwaukee,Detroit Mercy,3983743,61,55,517,0
2024-02-22,UIC,Murray St.,3996453,63,83,1607,0
2024-02-22,Indiana,Iowa,3953908,86,69,17222,0
2024-02-22,Oral Roberts,Omaha,3983762,87,78,967,0
2024-02-22,Kansas City,South Dakota,3983764,60,74,470,0
2024-02-22,Denver,South Dakota St.,3983725,64,73,262,0
2024-02-22,Grand Canyon,Tarleton St.,3983718,62,43,578,0
2024-02-22,North Carolina,NC State,3983771,80,70,4131,0
2024-02-22,Texas A&M,Arkansas,3983751,73,67,3712,0
2024-02-22,San Diego,Santa Clara,3983730,57,66,384,0
2024-02-22,UC Davis,CSUN,3983728,58,54,778,0
2024-02-22,Portland St.,Montana St.,3983723,60,55,338,0
2024-02-22,Idaho,Northern Colo.,3983721,38,57,1069,0
2024-02-22,Gonzaga,San Francisco,3983720,74,48,5415,0
2024-02-22,Pepperdine,Pacific,3983717,54,70,102,0
2024-02-22,California Baptist,Abilene Christian,3983659,70,58,337,0
2024-02-22,Eastern Wash.,Northern Ariz.,3983647,67,42,779,0
2024-02-22,Cal Poly,Cal St. Fullerton,3983651,58,47,921,0
2024-02-22,LSU,Auburn,3983770,71,66,11453,0
2024-02-22,UCLA,Utah,3984055,82,52,3711,0
2024-02-22,Sacramento St.,Montana,3983736,57,58,845,0
2024-02-22,CSU Bakersfield,Long Beach St.,3983754,67,69,515,0
2024-02-22,LMU (CA),Saint Mary's (CA),3983649,66,70,326,0
2024-02-22,UC Santa Barbara,UC Irvine,3983752,46,54,782,0
2024-02-22,UC San Diego,UC Riverside,3983652,48,63,471,0
2024-02-23,Monmouth,Drexel,3983773,61,55,696,0
2024-02-23,Hofstra,Col. of Charleston,3983790,59,88,519,0
2024-02-23,Delaware,UNCW,3983775,73,35,1217,0
2024-02-23,William & Mary,Elon,3983791,73,61,1088,0
2024-02-23,Hampton,Towson,3983474,65,78,1365,0
2024-02-23,Southern California,Colorado,3983777,87,81,5762,0
2024-02-23,Stanford,Arizona,3983774,61,68,4423,0
2024-02-23,Washington,Oregon,3996585,74,66,2840,0
2024-02-23,Washington St.,Oregon St.,3996631,52,65,1853,0
2024-02-23,California,Arizona St.,3996568,67,55,1872,0
2024-02-24,Creighton,Villanova,3983831,79,69,2188,0
2024-02-24,Western Ky.,Middle Tenn.,3983981,41,59,2015,0
2024-02-24,Holy Cross,Navy,3983836,71,63,1152,0
2024-02-24,George Washington,Massachusetts,3983809,59,55,405,0
2024-02-24,Western Mich.,Central Mich.,3983827,76,49,1323,0
2024-02-24,Robert Morris,Cleveland St.,3983835,40,79,357,0
2024-02-24,UCF,Texas,3983807,56,87,1621,0
2024-02-24,ULM,Marshall,3983803,90,99,1201,0
2024-02-24,Arkansas St.,Southern Miss.,3983925,59,70,4178,0
2024-02-24,Omaha,Kansas City,3984014,56,72,404,0
2024-02-24,Central Conn. St.,Sacred Heart,3983792,55,73,459,0
2024-02-24,Dartmouth,Yale,3983811,42,78,638,0
2024-02-24,Miami (OH),Eastern Mich.,3983903,48,37,1529,0
2024-02-24,Iona,Mount St. Mary's,3983854,62,56,690,0
2024-02-24,Gardner-Webb,UNC Asheville,3983855,80,65,255,0
2024-02-24,UMBC,New Hampshire,3983864,53,43,387,0
2024-02-24,Kent St.,Akron,3983891,73,51,2080,0
2024-02-24,Rider,Marist,3983900,62,61,848,0
2024-02-24,Army West Point,Bucknell,3983813,63,65,611,0
2024-02-24,Nicholls,East Texas A&M,3983798,89,77,433,0
2024-02-24,South Carolina St.,Delaware St.,3984012,69,61,575,0
2024-02-24,Alcorn,Jackson St.,3983812,54,62,968,0
2024-02-24,Southeastern La.,New Orleans,3983822,69,66,783,0
2024-02-24,Green Bay,Detroit Mercy,3983839,87,44,2272,0
2024-02-24,St. Thomas (MN),South Dakota St.,3983843,63,97,946,0
2024-02-24,Western Ill.,Southern Ind.,3983856,89,96,880,0
2024-02-24,NIU,Bowling Green,3983865,73,82,1401,0
2024-02-24,Lindenwood,Little Rock,3983872,61,54,737,0
2024-02-24,McNeese,UIW,3983877,48,61,347,0
2024-02-24,Houston Christian,Northwestern St.,3983880,55,64,245,0
2024-02-24,Tennessee Tech,Eastern Ill.,3983883,75,73,1278,0
2024-02-24,Tennessee St.,SIUE,3983886,75,65,669,0
2024-02-24,Oklahoma,Oklahoma St.,3983802,91,56,8059,0
2024-02-24,Michigan St.,Rutgers,3954233,93,57,7696,0
2024-02-24,Mercer,Wofford,3983805,79,74,1272,0
2024-02-24,Jacksonville,Queens (NC),3983806,79,66,200,0
2024-02-24,Cornell,Penn,3983816,54,61,341,0
2024-02-24,Fairfield,Niagara,3983821,95,65,1624,0
2024-02-24,UAlbany,UMass Lowell,3983826,59,39,1395,0
2024-02-24,Toledo,Ball St.,3983828,70,48,5556,0
2024-02-24,Florida A&M,Alabama St.,3983830,70,66,356,0
2024-02-24,NJIT,Maine,3983889,46,72,289,0
2024-02-24,Coppin St.,Norfolk St.,3983920,51,64,876,0
2024-02-24,App State,James Madison,3983924,83,79,600,0
2024-02-24,North Florida,Kennesaw St.,3983927,91,84,335,0
2024-02-24,FDU,Le Moyne,3983929,60,70,234,0
2024-02-24,Harvard,Brown,3983939,80,73,872,0
2024-02-24,High Point,Charleston So.,3983940,63,46,1384,0
2024-02-24,Buffalo,Ohio,3983954,67,54,1866,0
2024-02-24,Bethune-Cookman,Alabama A&M,3983956,58,63,441,0
2024-02-24,Ga. Southern,Coastal Carolina,3983967,81,87,1727,0
2024-02-24,Quinnipiac,Canisius,3983972,53,69,623,0
2024-02-24,Saint Peter's,Siena,3983973,57,75,272,0
2024-02-24,La Salle,VCU,3983974,50,75,436,0
2024-02-24,Xavier,Marquette,3983976,60,86,412,0
2024-02-24,Columbia,Princeton,3983977,67,65,2698,0
2024-02-24,Chattanooga,UNC Greensboro,3983978,64,68,1783,0
2024-02-24,Georgetown,Butler,3983979,70,63,919,0
2024-02-24,St. John's (NY),Providence,3983980,60,42,410,0
2024-02-24,West Virginia,Baylor,3983982,65,66,5616,0
2024-02-24,Saint Joseph's,Rhode Island,3983983,72,67,1222,0
2024-02-24,Northern Ky.,Youngstown St.,3983989,64,68,1132,0
2024-02-24,Howard,Morgan St.,3983993,70,47,850,0
2024-02-24,Bryant,Vermont,3983994,57,52,421,0
2024-02-24,IU Indy,Purdue Fort Wayne,3983995,55,68,548,0
2024-02-24,N.C. Central,UMES,3984008,64,71,1212,0
2024-02-24,LIU,Wagner,3984010,70,65,178,0
2024-02-24,ETSU,Western Caro.,3984011,71,33,1052,0
2024-02-24,Southeast Mo. St.,UT Martin,3983818,61,64,565,0
2024-02-24,Air Force,San Jose St.,3983799,67,53,485,0
2024-02-24,Boise St.,Fresno St.,3983896,70,65,1187,0
2024-02-24,Utah Tech,UT Arlington,3983968,88,69,612,0
2024-02-24,Northwestern,Michigan,3954299,60,74,2942,0
2024-02-24,South Alabama,Troy,3983804,79,88,358,0
2024-02-24,UAB,North Texas,3983814,77,95,516,0
2024-02-24,SMU,East Carolina,3983820,64,74,1021,0
2024-02-24,Milwaukee,Oakland,3983921,58,66,659,0
2024-02-24,Louisiana Tech,New Mexico St.,3983932,70,63,1775,0
2024-02-24,Lipscomb,Central Ark.,3983951,65,59,276,0
2024-02-24,Tulane,Memphis,3983955,44,54,1201,0
2024-02-24,Texas St.,Louisiana,3983962,50,55,903,0
2024-02-24,Oral Roberts,South Dakota,3983975,77,63,1097,0
2024-02-24,SFA,Utah Valley,3983984,84,35,1232,0
2024-02-24,Austin Peay,North Ala.,3983997,58,59,1963,0
2024-02-24,Texas Tech,Cincinnati,3983998,56,68,4788,0
2024-02-24,UTRGV,Seattle U,3984002,75,82,421,0
2024-02-24,Sam Houston,UTEP,3984013,66,82,570,0
2024-02-24,George Mason,Richmond,3983794,82,76,2457,0
2024-02-24,Jacksonville St.,FIU,3984016,80,63,268,0
2024-02-24,Sacramento St.,Montana St.,3983850,51,55,455,0
2024-02-24,California Baptist,Tarleton St.,3983895,97,64,401,0
2024-02-24,FGCU,Stetson,3984036,68,52,1984,0
2024-02-24,Eastern Ky.,Bellarmine,3984033,72,67,611,0
2024-02-24,American,Colgate,3984030,60,72,665,0
2024-02-24,Saint Francis,Stonehill,3983823,56,66,476,0
2024-02-24,USC Upstate,Winthrop,3983817,61,67,285,0
2024-02-24,Charlotte,Wichita St.,3983810,74,48,803,0
2024-02-24,Ark.-Pine Bluff,Prairie View,3984020,57,66,0,0
2024-02-24,Southern U.,Grambling,3984019,57,59,4689,0
2024-02-24,Lamar University,A&M-Corpus Christi,3984018,68,63,1862,0
2024-02-24,Weber St.,Idaho St.,3983991,57,72,671,0
2024-02-24,Grand Canyon,Abilene Christian,3983931,66,55,537,0
2024-02-24,Utah St.,Colorado St.,3983819,68,90,301,0
2024-02-24,Wyoming,New Mexico,3983796,58,59,3166,0
2024-02-24,LMU (CA),Pacific,3983800,80,71,375,0
2024-02-24,Eastern Wash.,Northern Colo.,3983795,68,63,859,0
2024-02-24,Georgia St.,Old Dominion,3983801,51,67,1536,0
2024-02-24,CSUN,Cal St. Fullerton,3983928,57,75,231,0
2024-02-24,Nebraska,Minnesota,3953946,70,51,7101,0
2024-02-24,Loyola Maryland,Boston U.,3984041,70,65,283,0
2024-02-24,Portland St.,Montana,3983970,65,76,439,0
2024-02-24,Mississippi Val.,Texas Southern,3984034,71,65,1500,0
2024-02-24,North Dakota St.,North Dakota,3983874,107,80,2502,0
2024-02-24,UC Irvine,UC San Diego,3983942,65,69,837,0
2024-02-24,Idaho,Northern Ariz.,3983946,55,60,1150,0
2024-02-24,San Diego,Saint Mary's (CA),3983988,69,52,1494,0
2024-02-24,UC Davis,CSU Bakersfield,3983986,78,62,876,0
2024-02-24,Pepperdine,Gonzaga,3983930,41,75,103,0
2024-02-24,Samford,Furman,3983829,74,66,423,0
2024-02-24,Long Beach St.,Hawaii,3983863,68,80,1504,0
2024-02-24,Iowa St.,BYU,3983825,74,49,10896,0
2024-02-24,TCU,Houston,3984049,59,49,2133,0
2024-02-24,Longwood,Radford,3983990,66,45,1453,0
2024-02-24,Lehigh,Lafayette,3983808,63,68,766,0
2024-02-24,Portland,San Francisco,3983815,47,59,833,0
2024-02-24,UC Riverside,Cal Poly,3984048,62,60,157,0
2024-02-24,Nevada,UNLV,3983858,67,98,2127,0
2024-02-25,Tennessee,LSU,3984065,60,75,15281,0
2024-02-25,Boston College,Notre Dame,3984067,55,79,3612,0
2024-02-25,Louisville,Virginia,3984066,68,73,10305,0
2024-02-25,Georgia,Florida,3984069,76,60,3802,0
2024-02-25,Drexel,UNCW,3984051,63,39,511,0
2024-02-25,Iowa,Illinois,3953909,101,85,14998,0
2024-02-25,William & Mary,Hampton,3984072,66,58,1291,0
2024-02-25,Elon,N.C. A&T,3984057,46,77,1342,0
2024-02-25,Monmouth,Col. of Charleston,3984056,73,63,816,0
2024-02-25,Georgia Tech,Wake Forest,3984075,66,71,1823,0
2024-02-25,Towson,Delaware,3984053,70,57,715,0
2024-02-25,Valparaiso,UIC,3996307,59,82,512,0
2024-02-25,Virginia Tech,North Carolina,3984076,74,62,8925,0
2024-02-25,UTSA,Fla. Atlantic,3984061,76,60,751,0
2024-02-25,Clemson,Miami (FL),3984078,50,56,1111,0
2024-02-25,Syracuse,Pittsburgh,3984077,63,53,4178,0
2024-02-25,Ohio St.,Maryland,3954399,79,66,10790,0
2024-02-25,Campbell,Hofstra,3984062,65,51,1047,0
2024-02-25,Kansas,Kansas St.,3984071,58,55,9007,0
2024-02-25,Arkansas,Vanderbilt,3984074,53,62,3839,0
2024-02-25,Loyola Chicago,Dayton,3984073,64,61,813,0
2024-02-25,Rice,Temple,3984054,66,75,1109,0
2024-02-25,Saint Louis,St. Bonaventure,3984052,83,61,825,0
2024-02-25,Auburn,Texas A&M,3984050,57,41,3760,0
2024-02-25,Missouri St.,Southern Ill.,3996105,77,42,3229,0
2024-02-25,Bradley,Indiana St.,3996114,67,74,373,0
2024-02-25,Drake,UNI,3996087,79,77,3646,0
2024-02-25,Illinois St.,Evansville,4446589,78,50,2412,0
2024-02-25,Southern California,Utah,3984063,68,74,7129,0
2024-02-25,Stanford,Arizona St.,3984058,81,67,4271,0
2024-02-25,California,Arizona,3996569,68,87,1909,0
2024-02-25,Washington,Oregon St.,3996646,61,51,3284,0
2024-02-25,Washington St.,Oregon,3996586,71,61,1331,0
2024-02-25,Kentucky,South Carolina,3984080,55,103,5626,0
2024-02-25,Murray St.,Belmont,3996318,63,76,1647,0
2024-02-25,Tulsa,South Fla.,3984079,72,65,1393,0
2024-02-25,Wisconsin,Purdue,3954047,55,79,4700,0
2024-02-25,Alabama,Mississippi St.,3984081,87,75,2980,0
2024-02-25,Duke,NC State,3984083,69,58,4633,0
2024-02-25,DePaul,UConn,3984082,67,104,5477,0
2024-02-26,Bethune-Cookman,Alabama St.,3984086,84,43,439,0
2024-02-26,N.C. Central,Delaware St.,3984093,64,75,1019,0
2024-02-26,Morgan St.,Norfolk St.,3984096,49,79,1537,0
2024-02-26,Florida A&M,Alabama A&M,3984095,43,65,412,0
2024-02-26,South Carolina St.,UMES,3984094,51,67,650,0
2024-02-26,Howard,Coppin St.,3984089,76,73,500,0
2024-02-26,Ark.-Pine Bluff,Texas Southern,3984091,81,62,768,0
2024-02-26,Mississippi Val.,Prairie View,3984088,63,69,1258,0
2024-02-26,Missouri,Ole Miss,3984097,45,66,4140,0
2024-02-26,UCLA,Colorado,3983772,53,45,5319,0
2024-02-27,Eastern Ill.,SIUE,3984102,80,66,1056,0
2024-02-27,Cincinnati,Baylor,3984111,53,74,1488,0
2024-02-27,Marshall,Georgia St.,3984100,97,69,2554,0
2024-02-27,Youngstown St.,Cleveland St.,3984113,53,56,1947,0
2024-02-27,Old Dominion,Ga. Southern,3984115,61,54,1896,0
2024-02-27,American,Army West Point,3984117,52,66,480,0
2024-02-27,Creighton,Xavier,3984110,99,57,1411,0
2024-02-27,Northwestern,Indiana,3954537,64,84,2864,0
2024-02-27,Robert Morris,Northern Ky.,3984118,52,76,252,0
2024-02-27,Louisiana,South Alabama,3984109,43,46,826,0
2024-02-27,Oklahoma St.,West Virginia,3984114,68,61,1847,0
2024-02-27,North Texas,East Carolina,3984116,93,91,1542,0
2024-02-27,Arkansas St.,ULM,3984099,60,69,893,0
2024-02-27,Marquette,St. John's (NY),3984119,50,56,2323,0
2024-02-28,Air Force,Utah St.,3984131,85,46,1050,0
2024-02-28,Colorado St.,Nevada,3984200,54,51,6536,0
2024-02-28,Coastal Carolina,James Madison,3984130,60,69,551,0
2024-02-28,Massachusetts,St. Bonaventure,3984128,58,45,1220,0
2024-02-28,Boston U.,Lehigh,3984197,89,78,685,0
2024-02-28,Colgate,Holy Cross,3984206,86,79,214,0
2024-02-28,Bucknell,Loyola Maryland,3984133,74,56,391,0
2024-02-28,Winthrop,High Point,3984191,64,65,284,0
2024-02-28,UCF,Kansas,3984139,53,65,1071,0
2024-02-28,Lafayette,Navy,3984196,49,58,189,0
2024-02-28,Richmond,Duquesne,3984134,90,74,1007,0
2024-02-28,Rhode Island,VCU,3984136,59,69,1439,0
2024-02-28,Presbyterian,USC Upstate,3984201,47,43,406,0
2024-02-28,Ball St.,Akron,3984143,75,41,1167,0
2024-02-28,La Salle,Saint Louis,3984202,57,78,234,0
2024-02-28,NIU,Toledo,3984195,61,74,770,0
2024-02-28,Louisiana Tech,Western Ky.,3984190,45,41,1564,0
2024-02-28,Oklahoma,Texas,3984129,71,70,6378,0
2024-02-28,Troy,App State,3984125,102,69,2574,0
2024-02-28,Wichita St.,SMU,3984123,84,88,1231,0
2024-02-28,Purdue,Penn St.,3954048,88,93,4593,0
2024-02-28,Ohio,Western Mich.,3984212,67,64,680,0
2024-02-28,Saint Joseph's,Fordham,3984211,57,62,734,0
2024-02-28,UConn,Villanova,3984210,67,46,10299,0
2024-02-28,Purdue Fort Wayne,Green Bay,3984209,61,70,589,0
2024-02-28,Providence,Seton Hall,3984207,65,71,579,0
2024-02-28,Radford,Charleston So.,3984204,81,68,627,0
2024-02-28,Fla. Atlantic,Tulane,3984145,80,67,404,0
2024-02-28,Temple,Tulsa,3984142,67,76,2341,0
2024-02-28,Longwood,Gardner-Webb,3984141,67,57,873,0
2024-02-28,Central Mich.,Miami (OH),3984138,76,73,1095,0
2024-02-28,Ohio St.,Michigan,3954300,67,51,10895,0
2024-02-28,Eastern Mich.,Kent St.,3984120,64,76,1440,0
2024-02-28,George Mason,Dayton,3984122,78,53,1142,0
2024-02-28,Davidson,George Washington,3984124,40,45,767,0
2024-02-28,Bowling Green,Buffalo,3984132,55,70,1868,0
2024-02-28,Kansas St.,Iowa St.,3984199,76,82,5340,0
2024-02-28,TCU,Texas Tech,3984203,73,52,2237,0
2024-02-28,Memphis,UTSA,3984137,60,53,973,0
2024-02-28,Texas St.,Southern Miss.,3984205,59,67,751,0
2024-02-28,DePaul,Butler,3984208,70,73,1154,0
2024-02-28,BYU,Houston,3984126,64,54,1760,0
2024-02-28,New Mexico,San Diego St.,3984135,66,63,5261,0
2024-02-28,Minnesota,Iowa,3953910,60,108,14625,0
2024-02-28,UNLV,Boise St.,3984121,63,57,1044,0
2024-02-28,San Jose St.,Wyoming,3984140,73,88,0,0
2024-02-28,Gonzaga,Portland,3984279,90,40,6000,0
2024-02-29,Morehead St.,Southeast Mo. St.,3984227,63,70,925,0
2024-02-29,Utah,Washington St.,3996632,82,67,4691,0
2024-02-29,Delaware St.,Morgan St.,3983521,57,53,250,0
2024-02-29,Little Rock,Tennessee St.,3984228,68,46,327,0
2024-02-29,Southern Ind.,Lindenwood,3984226,75,38,915,0
2024-02-29,Western Ill.,Eastern Ill.,3984225,64,54,811,0
2024-02-29,New Hampshire,UAlbany,3984292,40,45,244,0
2024-02-29,Maryland,Wisconsin,3954622,79,63,6608,0
2024-02-29,Niagara,Rider,3984276,75,56,584,0
2024-02-29,Canisius,Iona,3984280,58,71,742,0
2024-02-29,Miami (FL),Pittsburgh,3984287,62,44,2325,0
2024-02-29,Bryant,UMass Lowell,3984289,60,51,226,0
2024-02-29,Wake Forest,Clemson,3984290,64,68,910,0
2024-02-29,UT Martin,Tennessee Tech,3984240,67,37,1869,0
2024-02-29,Bellarmine,Lipscomb,3984296,80,74,263,0
2024-02-29,Southern Ill.,Illinois St.,3996484,66,75,600,0
2024-02-29,Abilene Christian,Southern Utah,3984286,75,42,1023,0
2024-02-29,UT Arlington,Seattle U,3984291,77,81,1025,0
2024-02-29,UNI,Valparaiso,3996088,78,59,4112,0
2024-02-29,Drake,UIC,3996138,84,63,2288,0
2024-02-29,Alabama,Florida,3984214,76,73,2257,0
2024-02-29,Maine,Binghamton,3984277,57,51,1115,0
2024-02-29,Wagner,Le Moyne,3984300,46,55,518,0
2024-02-29,Siena,Marist,3984301,73,62,662,0
2024-02-29,Kentucky,Ole Miss,3984302,45,75,3227,0
2024-02-29,Wofford,ETSU,3984303,75,64,574,0
2024-02-29,Mount St. Mary's,Manhattan,3984305,58,43,532,0
2024-02-29,Eastern Ky.,Austin Peay,3984306,55,63,470,0
2024-02-29,UMBC,NJIT,3984307,76,77,347,0
2024-02-29,NC State,Syracuse,3984309,75,71,5500,0
2024-02-29,Notre Dame,Virginia Tech,3984317,71,58,6416,0
2024-02-29,Tennessee,Texas A&M,3984318,75,66,8161,0
2024-02-29,Duke,Virginia,3984319,73,54,2005,0
2024-02-29,Boston College,North Carolina,3984322,78,74,1621,0
2024-02-29,Sacred Heart,Stonehill,3984324,78,49,441,0
2024-02-29,Detroit Mercy,IU Indy,3984325,64,59,378,0
2024-02-29,Oakland,Wright St.,3984327,84,82,326,0
2024-02-29,FGCU,North Florida,3984328,75,33,1830,0
2024-02-29,LIU,Central Conn. St.,3984329,56,65,134,0
2024-02-29,Fairfield,Quinnipiac,3984217,64,46,1117,0
2024-02-29,Merrimack,FDU,3984218,63,71,618,0
2024-02-29,Furman,Chattanooga,3984219,53,60,344,0
2024-02-29,Stetson,Jacksonville,3984229,55,51,268,0
2024-02-29,Missouri St.,Bradley,3996106,70,44,1818,0
2024-02-29,UIW,Southeastern La.,3984294,53,51,169,0
2024-02-29,UTRGV,Grand Canyon,3984298,40,66,625,0
2024-02-29,Northwestern St.,Nicholls,3984297,55,47,703,0
2024-02-29,SFA,California Baptist,3984295,96,100,1294,0
2024-02-29,East Texas A&M,Lamar University,3984215,58,74,472,0
2024-02-29,Northern Ariz.,Idaho St.,3984285,89,74,423,0
2024-02-29,Northern Colo.,Weber St.,3984284,72,64,635,0
2024-02-29,Arizona,Southern California,4446772,93,95,7594,0
2024-02-29,New Mexico St.,Liberty,3984275,56,60,808,0
2024-02-29,Louisville,Florida St.,3984332,70,55,7932,0
2024-02-29,Michigan St.,Illinois,3954432,87,70,3392,0
2024-02-29,Omaha,St. Thomas (MN),3984330,79,62,542,0
2024-02-29,South Dakota St.,North Dakota,3984321,103,47,2134,0
2024-02-29,Kansas City,Denver,3984320,60,74,771,0
2024-02-29,Missouri,Vanderbilt,3984316,61,68,4071,0
2024-02-29,Tarleton St.,Utah Tech,3984315,76,60,1013,0
2024-02-29,McNeese,Houston Christian,3984314,72,64,1190,0
2024-02-29,North Dakota St.,South Dakota,3984311,63,54,1035,0
2024-02-29,A&M-Corpus Christi,New Orleans,3984310,81,54,851,0
2024-02-29,Auburn,Mississippi St.,3984299,77,60,2818,0
2024-02-29,Arkansas,South Carolina,3984331,61,98,3891,0
2024-02-29,Cal Poly,UC Santa Barbara,3984288,73,64,1352,0
2024-02-29,Santa Clara,LMU (CA),3984283,86,45,551,0
2024-02-29,Pacific,San Diego,3984281,82,62,1040,0
2024-02-29,UC Irvine,CSUN,3984278,64,54,524,0
2024-02-29,Georgia,LSU,3984333,54,80,7406,0
2024-02-29,UTEP,Jacksonville St.,3984326,70,48,1215,0
2024-02-29,Arizona St.,UCLA,3984396,41,70,1871,0
2024-02-29,Montana St.,Idaho,3984308,53,58,1678,0
2024-02-29,Montana,Eastern Wash.,3984304,55,56,3495,0
2024-02-29,Colorado,Washington,4470144,68,62,4203,0
2024-02-29,Saint Mary's (CA),San Francisco,3984293,74,78,401,0
2024-02-29,Oregon,California,3996587,59,62,5914,0
2024-02-29,UC San Diego,CSU Bakersfield,3984323,50,43,357,0
2024-02-29,Cal St. Fullerton,Long Beach St.,3984312,59,74,417,0
2024-02-29,Oregon St.,Stanford,3984220,63,67,8158,0
2024-02-29,Hawaii,UC Davis,3984313,63,57,1852,0
2024-03-01,Yale,Cornell,3984335,79,72,447,0
2024-03-01,Brown,Columbia,3984342,62,77,277,0
2024-03-01,Princeton,Harvard,3984357,60,49,1505,0
2024-03-01,Coastal Carolina,Georgia St.,3984349,74,62,461,0
2024-03-01,Penn,Dartmouth,3984336,79,41,768,0
2024-03-01,Texas St.,ULM,3984348,76,73,0,0
2024-03-01,Louisiana,Southern Miss.,3984343,58,57,872,0
2024-03-01,Drexel,Stony Brook,3984339,58,60,618,0
2024-03-01,Marshall,Ga. Southern,3984356,90,43,2791,0
2024-03-01,Old Dominion,James Madison,3984358,58,70,4342,0
2024-03-01,Hofstra,Hampton,3984359,42,48,354,0
2024-03-01,UNCW,William & Mary,3984360,50,68,607,0
2024-03-01,Murray St.,Evansville,3996319,85,59,1431,0
2024-03-01,Troy,South Alabama,3984337,108,71,2796,0
2024-03-01,Col. of Charleston,Towson,3984338,55,67,312,0
2024-03-01,Delaware,Campbell,3984340,65,66,1094,0
2024-03-01,Northeastern,N.C. A&T,3984346,55,69,201,0
2024-03-01,Belmont,Indiana St.,3996115,87,62,789,0
2024-03-01,Arkansas St.,App State,3984334,57,64,957,0
2024-03-02,Ball St.,Eastern Mich.,3984390,75,47,2154,0
2024-03-02,Navy,American,3984402,73,57,1065,0
2024-03-02,Dayton,Rhode Island,3984399,42,77,2359,0
2024-03-02,Canisius,Rider,3984421,73,62,693,0
2024-03-02,St. Bonaventure,Richmond,3984422,46,61,225,0
2024-03-02,Gardner-Webb,Winthrop,3984427,54,72,369,0
2024-03-02,Eastern Ky.,Lipscomb,3984504,68,71,811,0
2024-03-02,Morehead St.,Lindenwood,3984436,72,59,880,0
2024-03-02,West Virginia,TCU,3984447,57,49,3789,0
2024-03-02,Army West Point,Loyola Maryland,3984450,52,55,644,0
2024-03-02,Bellarmine,Austin Peay,3984451,76,71,458,0
2024-03-02,Ohio,Central Mich.,3984453,77,63,755,0
2024-03-02,Detroit Mercy,Wright St.,3984455,56,66,405,0
2024-03-02,Kent St.,Buffalo,3984456,67,59,2687,0
2024-03-02,Western Mich.,Toledo,3984469,69,84,1004,0
2024-03-02,Maine,UAlbany,3984417,63,46,1425,0
2024-03-02,VCU,George Mason,3984388,61,56,6054,0
2024-03-02,Southern U.,Bethune-Cookman,3984547,65,59,3589,0
2024-03-02,New Hampshire,Binghamton,3984435,56,65,334,0
2024-03-02,Utah,Washington,4443877,47,62,5969,0
2024-03-02,Arizona St.,Southern California,3996612,55,70,2739,0
2024-03-02,Iowa St.,Cincinnati,3984393,76,60,10632,0
2024-03-02,Green Bay,Milwaukee,3984408,61,65,2371,0
2024-03-02,UT Martin,Tennessee St.,3984413,53,55,2106,0
2024-03-02,Western Ill.,SIUE,3984428,84,56,798,0
2024-03-02,A&M-Corpus Christi,Southeastern La.,3984437,79,73,1352,0
2024-03-02,McNeese,Nicholls,3984442,78,76,1321,0
2024-03-02,Houston Christian,East Texas A&M,3984445,63,78,259,0
2024-03-02,Western Ky.,FIU,3984446,68,71,1153,0
2024-03-02,Abilene Christian,Utah Tech,3984449,74,62,1008,0
2024-03-02,Little Rock,Tennessee Tech,3984452,72,69,717,0
2024-03-02,Northwestern St.,Lamar University,3984457,64,80,840,0
2024-03-02,Central Ark.,North Ala.,3984470,89,63,495,0
2024-03-02,Duquesne,Saint Joseph's,3984367,73,77,1812,0
2024-03-02,Fordham,La Salle,3984368,83,93,422,0
2024-03-02,Bowling Green,Miami (OH),3984373,66,47,1996,0
2024-03-02,Mercer,Samford,3984381,76,69,1072,0
2024-03-02,George Washington,Loyola Chicago,3984383,50,43,475,0
2024-03-02,Stetson,North Florida,3984389,59,56,431,0
2024-03-02,Manhattan,Fairfield,3984391,53,77,217,0
2024-03-02,Oakland,IU Indy,3984392,71,92,403,0
2024-03-02,Coppin St.,N.C. Central,3984479,44,52,411,0
2024-03-02,Wagner,FDU,3984484,51,59,853,0
2024-03-02,Stonehill,Central Conn. St.,3984485,45,64,147,0
2024-03-02,Niagara,Iona,3984487,86,56,405,0
2024-03-02,Wofford,Chattanooga,3984492,67,84,854,0
2024-03-02,UNC Greensboro,Western Caro.,3984496,61,54,452,0
2024-03-02,Queens (NC),Kennesaw St.,3984502,50,81,230,0
2024-03-02,Delaware St.,Norfolk St.,3984509,51,65,750,0
2024-03-02,Le Moyne,Saint Francis,3984511,56,24,656,0
2024-03-02,UMES,Howard,3984514,48,64,183,0
2024-03-02,Lafayette,Bucknell,3984515,45,56,337,0
2024-03-02,UNC Asheville,Radford,3984516,54,55,592,0
2024-03-02,Xavier,Georgetown,3984520,46,66,840,0
2024-03-02,Charleston So.,Presbyterian,3984524,68,49,207,0
2024-03-02,NJIT,Bryant,3984531,64,38,606,0
2024-03-02,Morgan St.,South Carolina St.,3984543,61,29,1157,0
2024-03-02,Cleveland St.,Northern Ky.,3984572,81,69,690,0
2024-03-02,Oregon St.,California,3996648,79,58,6377,0
2024-03-02,Colorado,Washington St.,3996633,63,72,7491,0
2024-03-02,Merrimack,Sacred Heart,3984550,51,64,423,0
2024-03-02,Purdue Fort Wayne,Youngstown St.,3984549,73,64,820,0
2024-03-02,Butler,Marquette,3984548,52,74,1780,0
2024-03-02,Brown,Cornell,3984544,75,66,364,0
2024-03-02,Boston U.,Holy Cross,3984379,66,63,1390,0
2024-03-02,UMass Lowell,Vermont,3984376,51,55,569,0
2024-03-02,Akron,NIU,3984370,69,54,499,0
2024-03-02,Yale,Columbia,3984361,50,76,618,0
2024-03-02,Alabama A&M,Alabama St.,3984605,58,47,5127,0
2024-03-02,UT Arlington,Utah Valley,3984539,67,53,1012,0
2024-03-02,UTRGV,California Baptist,3984534,58,72,462,0
2024-03-02,Texas Tech,Kansas St.,3984532,49,73,4852,0
2024-03-02,South Dakota St.,North Dakota St.,3984526,89,74,3768,0
2024-03-02,SFA,Grand Canyon,3984525,85,77,1328,0
2024-03-02,Kansas City,Oral Roberts,3984522,56,94,605,0
2024-03-02,South Dakota,North Dakota,3984521,65,54,1792,0
2024-03-02,Tarleton St.,Southern Utah,3984518,69,63,1111,0
2024-03-02,UIW,New Orleans,3984517,79,76,319,0
2024-03-02,Middle Tenn.,Sam Houston,3984491,93,62,3712,0
2024-03-02,UNI,UIC,3996089,61,52,4008,0
2024-03-02,Drake,Valparaiso,3996139,82,62,2303,0
2024-03-02,Tulsa,SMU,3984394,91,73,1583,0
2024-03-02,Grambling,Florida A&M,3984385,65,54,916,0
2024-03-02,Memphis,UAB,3984380,82,61,1131,0
2024-03-02,Rice,North Texas,3984378,54,63,1071,0
2024-03-02,Wichita St.,UTSA,3984366,61,68,1223,0
2024-03-02,Missouri St.,Illinois St.,3996107,67,62,3030,0
2024-03-02,Southern Ill.,Bradley,3980895,70,54,479,0
2024-03-02,Wyoming,Fresno St.,3984365,62,51,2860,0
2024-03-02,UTEP,Liberty,3984458,63,80,1155,0
2024-03-02,Northern Colo.,Idaho St.,3984519,63,51,857,0
2024-03-02,Princeton,Dartmouth,3984386,68,42,1510,0
2024-03-02,Marist,Saint Peter's,3984556,57,58,1217,0
2024-03-02,Prairie View,Alcorn,3984384,53,55,675,0
2024-03-02,Northern Ariz.,Weber St.,3984523,73,41,662,0
2024-03-02,Penn,Harvard,3984573,69,67,1093,0
2024-03-02,New Mexico,Nevada,3984375,82,83,6303,0
2024-03-02,Boise St.,Air Force,3984538,66,67,1731,0
2024-03-02,New Mexico St.,Jacksonville St.,3984486,51,60,2893,0
2024-03-02,Texas Southern,Jackson St.,3984552,51,101,1024,0
2024-03-02,Ark.-Pine Bluff,Mississippi Val.,3984557,78,57,2143,0
2024-03-02,Montana,Idaho,3984498,64,48,3597,0
2024-03-02,Montana St.,Eastern Wash.,3984507,50,52,2007,0
2024-03-02,Lehigh,Colgate,3984382,55,47,619,0
2024-03-02,Oregon,Stanford,3984395,56,76,6996,0
2024-03-02,Denver,St. Thomas (MN),3984434,68,79,517,0
2024-03-02,UNLV,San Diego St.,3984364,100,41,1851,0
2024-03-02,UC San Diego,CSUN,3984529,64,66,341,0
2024-03-02,Pepperdine,Saint Mary's (CA),3984483,48,69,213,0
2024-03-02,Siena,Mount St. Mary's,3984559,65,56,858,0
2024-03-02,Kansas,Oklahoma,3984377,83,74,4609,0
2024-03-02,Pacific,Santa Clara,3984499,77,85,917,0
2024-03-02,Long Beach St.,UC Irvine,3984503,76,86,819,0
2024-03-02,CSU Bakersfield,Cal Poly,3984506,56,74,420,0
2024-03-02,San Jose St.,Colorado St.,3984387,68,56,514,0
2024-03-02,Portland St.,Sacramento St.,3984508,57,51,526,0
2024-03-02,San Francisco,San Diego,3984513,68,66,578,0
2024-03-02,Furman,ETSU,3984542,67,59,417,0
2024-03-02,Southern Ind.,Southeast Mo. St.,3984563,70,59,1292,0
2024-03-02,FGCU,Jacksonville,3984575,80,55,1814,0
2024-03-02,South Fla.,Tulane,3984576,53,51,3923,0
2024-03-02,Providence,UConn,3984571,42,65,1246,0
2024-03-02,UC Santa Barbara,Cal St. Fullerton,3984555,65,78,771,0
2024-03-02,High Point,Longwood,3984363,61,58,1379,0
2024-03-02,LMU (CA),Portland,3984374,63,75,603,0
2024-03-02,Houston,UCF,3984372,68,67,1141,0
2024-03-02,Saint Louis,Knox,5250718,119,42,1125,0
2024-03-02,Texas,BYU,3984362,71,46,10364,0
2024-03-02,Arizona,UCLA,3984221,41,61,7845,0
2024-03-02,Hawaii,UC Riverside,3984574,62,51,4204,0
2024-03-03,Baylor,Oklahoma St.,3984577,67,45,4280,0
2024-03-03,Pittsburgh,Boston College,3984586,58,84,1744,0
2024-03-03,Florida,Auburn,3984580,74,77,1473,0
2024-03-03,South Carolina,Tennessee,3984585,76,68,18000,0
2024-03-03,Iowa,Ohio St.,3953911,93,83,14998,0
2024-03-03,UNCW,Towson,3984593,56,78,560,0
2024-03-03,Delaware,Elon,3984582,49,54,1625,0
2024-03-03,Penn St.,Minnesota,3954260,90,34,2830,0
2024-03-03,Northeastern,Hampton,3984592,64,60,251,0
2024-03-03,Notre Dame,Louisville,3984595,74,58,9149,0
2024-03-03,Vanderbilt,Georgia,3984588,72,55,3739,0
2024-03-03,NC State,Wake Forest,3984594,75,57,5500,0
2024-03-03,Rutgers,Northwestern,3954234,61,72,3571,0
2024-03-03,Col. of Charleston,William & Mary,3984578,77,72,358,0
2024-03-03,Drexel,Campbell,3984579,59,54,684,0
2024-03-03,Stony Brook,N.C. A&T,3984581,76,62,1131,0
2024-03-03,Fla. Atlantic,Charlotte,3984583,56,47,512,0
2024-03-03,Miami (FL),Georgia Tech,3984597,66,71,2739,0
2024-03-03,East Carolina,Temple,3984590,66,81,1170,0
2024-03-03,Hofstra,Monmouth,3984591,50,66,546,0
2024-03-03,Wisconsin,Michigan St.,3954433,52,78,4542,0
2024-03-03,Belmont,Evansville,4470139,80,55,1175,0
2024-03-03,LSU,Kentucky,3984587,77,56,13044,0
2024-03-03,Mississippi St.,Missouri,3984596,90,75,6297,0
2024-03-03,Texas A&M,Alabama,3984589,71,78,3526,0
2024-03-03,Seton Hall,Creighton,3984599,65,72,1040,0
2024-03-03,Indiana,Maryland,3954597,71,54,12402,0
2024-03-03,Murray St.,Indiana St.,3996320,87,70,1421,0
2024-03-03,Ole Miss,Arkansas,3984598,87,43,3353,0
2024-03-03,North Carolina,Duke,3984600,63,59,6319,0
2024-03-03,Illinois,Nebraska,3953947,74,73,4311,0
2024-03-03,Florida St.,Clemson,3984601,82,79,2445,0
2024-03-03,Villanova,DePaul,3984602,68,66,2619,0
2024-03-03,Virginia,Virginia Tech,3984603,80,75,11975,0
2024-03-03,Michigan,Purdue,3954049,64,60,3202,0
2024-03-04,Prairie View,Jackson St.,3984606,65,75,550,0
2024-03-04,Norfolk St.,UMES,3984613,52,40,1685,0
2024-03-04,Howard,Delaware St.,3984612,61,43,250,0
2024-03-04,Coppin St.,South Carolina St.,3984611,65,33,327,0
2024-03-04,Morgan St.,N.C. Central,3984609,58,63,1987,0
2024-03-04,Grambling,Bethune-Cookman,3984607,64,54,979,0
2024-03-04,Texas Southern,Alcorn,3984614,71,63,730,0
2024-03-04,Southern U.,Florida A&M,3984610,67,61,3853,0
2024-03-04,Weber St.,Montana St.,3984617,65,67,370,0
2024-03-04,Northern Colo.,Northern Ariz.,3984616,61,67,772,0
2024-03-04,Idaho St.,Montana,3984608,65,67,947,0
2024-03-04,Eastern Wash.,Sacramento St.,3984604,72,59,823,0
2024-03-04,Idaho,Portland St.,3984615,60,44,1218,0
2024-03-05,Ga. Southern,Texas St.,5246772,72,70,380,1
2024-03-05,Coastal Carolina,South Alabama,5246773,79,60,453,1
2024-03-05,Charlotte,East Carolina,3984618,66,71,803,0
2024-03-05,UAB,Wichita St.,3984619,65,68,229,0
2024-03-05,Youngstown St.,IU Indy,5246868,73,50,929,1
2024-03-05,Oakland,Northern Ky.,5246869,62,70,322,1
2024-03-05,Detroit Mercy,Robert Morris,5246867,59,48,359,1
2024-03-05,Tulane,Tulsa,3984624,56,61,1008,0
2024-03-05,UTSA,Rice,3984622,60,52,1252,0
2024-03-05,North Texas,Memphis,3984627,78,66,2528,0
2024-03-05,SMU,South Fla.,3984628,61,68,1065,0
2024-03-05,Utah St.,UNLV,3984620,44,104,483,0
2024-03-05,Harvard,Dartmouth,3984706,75,48,539,0
2024-03-05,Colorado St.,Boise St.,3984626,64,50,2174,0
2024-03-05,Fresno St.,New Mexico,3984623,58,72,1023,0
2024-03-05,San Diego St.,Wyoming,3984621,58,55,1937,0
2024-03-05,Nevada,San Jose St.,3984625,82,65,1222,0
2024-03-06,Kentucky,Georgia,5249602,64,50,8409,1
2024-03-06,La Salle,Massachusetts,5247322,49,54,1044,1
2024-03-06,Georgia St.,App State,5246768,68,73,410,1
2024-03-06,Morehead St.,Tennessee St.,5249393,50,58,464,1
2024-03-06,Clemson,Boston College,5246881,72,85,6322,1
2024-03-06,Florida,Missouri,5249603,66,60,8409,1
2024-03-06,Dayton,St. Bonaventure,5247323,66,52,1044,1
2024-03-06,ULM,Ga. Southern,5246769,78,57,902,1
2024-03-06,Colorado,Oregon,5249402,79,30,3894,1
2024-03-06,Georgia Tech,Pittsburgh,5246882,73,60,6322,1
2024-03-06,Tennessee Tech,Western Ill.,5249394,78,69,464,1
2024-03-06,Kent St.,Ball St.,3984645,71,75,1290,0
2024-03-06,California,Washington St.,5249404,65,44,3894,1
2024-03-06,New Orleans,McNeese,3984641,67,64,543,0
2024-03-06,A&M-Corpus Christi,UIW,3984637,65,43,1744,0
2024-03-06,East Texas A&M,Northwestern St.,3984631,69,58,489,0
2024-03-06,Southern Miss.,Coastal Carolina,5246770,70,53,588,1
2024-03-06,Gardner-Webb,UNC Asheville,5249227,74,75,978,1
2024-03-06,Bucknell,Navy,3984640,49,55,394,0
2024-03-06,Buffalo,Central Mich.,3984639,77,68,1841,0
2024-03-06,Army West Point,Lehigh,3984632,51,64,647,0
2024-03-06,Colgate,Boston U.,3984630,77,40,355,0
2024-03-06,Akron,Ohio,3984629,63,72,321,0
2024-03-06,Purdue,Northwestern,5249240,78,72,18392,1
2024-03-06,Virginia,Wake Forest,5246883,55,58,6322,1
2024-03-06,Toledo,Eastern Mich.,3984636,87,41,4877,0
2024-03-06,Loyola Maryland,American,3984644,70,73,370,0
2024-03-06,Miami (OH),NIU,3984646,46,56,434,0
2024-03-06,Western Mich.,Bowling Green,3984647,73,87,0,0
2024-03-06,Liberty,Middle Tenn.,3984643,52,67,980,0
2024-03-06,Temple,Fla. Atlantic,3984633,74,53,1189,0
2024-03-06,Holy Cross,Lafayette,3984635,77,69,305,0
2024-03-06,Sam Houston,Louisiana Tech,3984642,57,71,491,0
2024-03-06,Louisiana,Arkansas St.,5246771,54,41,690,1
2024-03-06,Arizona,Washington,5249405,58,50,4372,1
2024-03-06,Minnesota,Rutgers,5249241,77,69,18392,1
2024-03-06,Utah,Arizona St.,5249406,71,60,4372,1
2024-03-07,Louisville,Boston College,5246877,58,55,10823,1
2024-03-07,Loyola Chicago,Fordham,5247317,53,52,2270,1
2024-03-07,Chattanooga,Western Caro.,5249776,64,43,3029,1
2024-03-07,Sacred Heart,Saint Francis,3984681,76,47,1502,0
2024-03-07,High Point,UNC Asheville,5249223,70,57,1529,1
2024-03-07,Mississippi St.,Texas A&M,5249593,56,72,6144,1
2024-03-07,Maryland,Illinois,5249235,75,65,18392,1
2024-03-07,UNC Greensboro,Furman,5249779,64,44,3029,1
2024-03-07,Duquesne,Massachusetts,5247319,81,57,2270,1
2024-03-07,North Carolina,Miami (FL),5246878,59,60,10823,1
2024-03-07,Eastern Ill.,Tennessee St.,5249391,60,48,830,1
2024-03-07,Charleston So.,Presbyterian,5249224,51,54,1529,1
2024-03-07,Tennessee,Kentucky,5249594,76,62,6144,1
2024-03-07,San Diego,Pepperdine,5249788,79,64,513,1
2024-03-07,Nebraska,Purdue,5249236,64,56,18392,1
2024-03-07,Oregon St.,Colorado,5249398,85,79,4883,1
2024-03-07,Merrimack,Wagner,3984654,65,79,167,0
2024-03-07,Wofford,Samford,5249780,66,45,3029,1
2024-03-07,UT Martin,Tennessee Tech,5249392,79,71,830,1
2024-03-07,Rider,Siena,3984660,40,77,589,0
2024-03-07,Norfolk St.,Howard,3984663,59,53,1806,0
2024-03-07,Saint Louis,George Washington,5247320,75,68,1188,1
2024-03-07,Duke,Georgia Tech,5246879,70,58,7424,1
2024-03-07,Stanford,California,5249399,71,57,4883,1
2024-03-07,Wright St.,Milwaukee,5246866,70,60,1289,1
2024-03-07,Morgan St.,Coppin St.,3984665,45,65,1073,0
2024-03-07,UMES,Delaware St.,3984661,73,63,183,0
2024-03-07,N.C. Central,South Carolina St.,3984664,73,54,627,0
2024-03-07,Mercer,ETSU,5249777,67,52,3029,1
2024-03-07,USC Upstate,Longwood,5249225,60,37,1023,1
2024-03-07,Auburn,Arkansas,5249595,67,48,7187,1
2024-03-07,Indiana St.,UNI,3996090,62,91,1141,0
2024-03-07,Stonehill,LIU,3984668,65,74,112,0
2024-03-07,N.C. A&T,Drexel,3984670,54,67,1071,0
2024-03-07,Green Bay,Youngstown St.,5246864,94,57,2019,1
2024-03-07,Penn St.,Wisconsin,5249238,80,56,18392,1
2024-03-07,Texas Tech,Houston,5249615,74,60,2824,1
2024-03-07,Southeastern La.,Nicholls,3984634,68,62,779,0
2024-03-07,Jackson St.,Ark.-Pine Bluff,3984652,82,67,1752,0
2024-03-07,Alabama A&M,Grambling,3984657,55,60,1117,0
2024-03-07,Alabama St.,Southern U.,3984658,49,61,2100,0
2024-03-07,Alcorn,Mississippi Val.,3984662,63,48,256,0
2024-03-07,Purdue Fort Wayne,Detroit Mercy,5246865,66,35,667,1
2024-03-07,FIU,UTEP,3984683,88,62,444,0
2024-03-07,Saint Peter's,Fairfield,3984679,46,63,319,0
2024-03-07,Marist,Manhattan,3984678,49,48,740,0
2024-03-07,UNCW,Delaware,3984675,51,81,522,0
2024-03-07,Iona,Quinnipiac,3984674,68,72,675,0
2024-03-07,Campbell,Col. of Charleston,3984656,57,60,906,0
2024-03-07,Elon,Hofstra,3984653,74,62,812,0
2024-03-07,Hampton,Stony Brook,3984651,35,71,644,0
2024-03-07,Towson,Monmouth,3984650,64,70,825,0
2024-03-07,Central Conn. St.,FDU,3984649,56,70,362,0
2024-03-07,Cleveland St.,Northern Ky.,5246863,88,78,815,1
2024-03-07,Evansville,Drake,3996140,53,86,167,0
2024-03-07,Valparaiso,Southern Ill.,3996308,51,60,155,0
2024-03-07,Lamar University,Houston Christian,3984638,69,47,1000,0
2024-03-07,Bradley,Belmont,3984584,72,77,332,0
2024-03-07,Florida St.,Wake Forest,5246880,70,53,7424,1
2024-03-07,Rhode Island,Dayton,5247321,70,57,1188,1
2024-03-07,Illinois St.,Murray St.,4446590,85,75,1472,0
2024-03-07,UIC,Missouri St.,3996444,65,61,1107,0
2024-03-07,Utah Valley,Tarleton St.,3984667,73,66,699,0
2024-03-07,Radford,Winthrop,5249226,64,51,1023,1
2024-03-07,Vanderbilt,Florida,5249596,59,62,7187,1
2024-03-07,Southern Utah,SFA,3984672,74,81,480,0
2024-03-07,UC Davis,UC San Diego,3984669,64,56,1127,0
2024-03-07,California Baptist,UT Arlington,3984671,91,75,1157,0
2024-03-07,Cal Poly,UC Irvine,3984680,31,65,827,0
2024-03-07,Utah Tech,UTRGV,3984676,81,55,497,0
2024-03-07,Cincinnati,UCF,5249616,67,62,2824,1
2024-03-07,Southern California,Arizona,5249400,65,62,4901,1
2024-03-07,Michigan,Minnesota,5249239,76,57,18392,1
2024-03-07,Seattle U,Abilene Christian,3984648,59,54,239,0
2024-03-07,CSUN,Hawaii,3984666,62,65,175,0
2024-03-07,UC Santa Barbara,Long Beach St.,3984673,69,75,678,0
2024-03-07,Cal St. Fullerton,UC Riverside,3984677,50,65,288,0
2024-03-07,UCLA,Utah,5249401,67,57,4901,1
2024-03-08,Notre Dame,Louisville,5246873,77,68,15202,1
2024-03-08,Richmond,Loyola Chicago,5247306,70,54,3556,1
2024-03-08,Chattanooga,Mercer,5249774,66,55,2893,1
2024-03-08,Butler,Providence,5250239,60,75,4898,1
2024-03-08,Baylor,Texas Tech,5249611,71,60,3730,1
2024-03-08,South Carolina,Texas A&M,5249589,79,68,8841,1
2024-03-08,Marshall,App State,5246764,116,74,690,1
2024-03-08,Ohio St.,Maryland,5249231,61,82,18481,1
2024-03-08,UNC Greensboro,Wofford,5249775,72,62,2893,1
2024-03-08,Seton Hall,DePaul,5250240,71,64,4898,1
2024-03-08,George Mason,Duquesne,5247307,62,63,3556,1
2024-03-08,Virginia Tech,Miami (FL),5246874,55,47,15202,1
2024-03-08,Southern Ind.,Eastern Ill.,5249389,69,54,1157,1
2024-03-08,Oklahoma St.,TCU,5249612,66,68,3730,1
2024-03-08,Alabama,Tennessee,5249590,61,83,8841,1
2024-03-08,Pacific,San Diego,5249786,72,66,853,1
2024-03-08,Old Dominion,ULM,5246765,67,64,785,1
2024-03-08,Michigan St.,Nebraska,5249232,61,73,18481,1
2024-03-08,Georgetown,Xavier,5250241,62,40,4898,1
2024-03-08,Little Rock,UT Martin,5249390,48,54,1157,1
2024-03-08,Maine,UMass Lowell,5250006,49,43,1320,1
2024-03-08,NC State,Duke,5246875,54,51,7720,1
2024-03-08,VCU,Saint Louis,5247313,63,65,2185,1
2024-03-08,Kansas City,Omaha,5250276,55,61,7611,1
2024-03-08,Saint Mary's (CA),LMU (CA),5249787,62,78,971,1
2024-03-08,James Madison,Southern Miss.,5246766,77,49,842,1
2024-03-08,LSU,Auburn,5249591,78,48,8377,1
2024-03-08,Jacksonville,Bellarmine,5250017,79,62,117,1
2024-03-08,Vermont,UMBC,5250008,54,41,1096,1
2024-03-08,Bryant,Binghamton,5250009,51,56,325,1
2024-03-08,Austin Peay,Kennesaw St.,5250018,73,60,91,1
2024-03-08,Iowa,Penn St.,5249233,95,62,18575,1
2024-03-08,Kansas,BYU,5249613,77,53,4402,1
2024-03-08,UAlbany,NJIT,5250007,57,42,968,1
2024-03-08,Syracuse,Florida St.,5246876,65,78,7720,1
2024-03-08,Saint Joseph's,Rhode Island,5247316,47,57,2185,1
2024-03-08,Stanford,Oregon St.,5249396,66,57,5713,1
2024-03-08,Ole Miss,Florida,5249592,84,74,8377,1
2024-03-08,Troy,Louisiana,5246767,65,67,1136,1
2024-03-08,Indiana,Michigan,5249234,56,69,18575,1
2024-03-08,West Virginia,Cincinnati,5249614,70,55,4402,1
2024-03-08,Southern California,UCLA,5249397,80,70,5713,1
2024-03-09,Middle Tenn.,Louisiana Tech,3984685,79,58,4227,0
2024-03-09,Richmond,Duquesne,5247301,80,66,2271,1
2024-03-09,Iowa St.,Baylor,5249607,67,62,4963,1
2024-03-09,Elon,Drexel,3984691,43,56,809,0
2024-03-09,Virginia Tech,Notre Dame,5246871,53,82,10488,1
2024-03-09,UConn,Providence,5250235,86,53,8524,1
2024-03-09,Jackson St.,Mississippi Val.,3984722,77,59,3170,0
2024-03-09,Navy,Lafayette,5250468,67,45,263,1
2024-03-09,Bradley,Murray St.,4470153,64,81,307,0
2024-03-09,FIU,New Mexico St.,3984696,56,65,405,0
2024-03-09,Western Mich.,NIU,3984697,64,66,0,0
2024-03-09,Miami (OH),Ohio,3984702,68,64,649,0
2024-03-09,Manhattan,Iona,3984694,66,56,427,0
2024-03-09,William & Mary,Stony Brook,3984701,68,74,1032,0
2024-03-09,Mount St. Mary's,Saint Peter's,3984700,56,46,463,0
2024-03-09,Central Mich.,Akron,3984690,57,65,1081,0
2024-03-09,Indiana St.,Drake,3996117,64,96,1261,0
2024-03-09,Eastern Mich.,Bowling Green,3984684,59,54,1476,0
2024-03-09,North Dakota St.,Denver,5250245,72,60,8648,1
2024-03-09,Rhode Island,Saint Louis,5247303,68,62,2271,1
2024-03-09,Alcorn,Ark.-Pine Bluff,3984692,59,52,452,0
2024-03-09,UIC,Southern Ill.,3996454,65,69,1477,0
2024-03-09,Valparaiso,Missouri St.,3996309,66,77,466,0
2024-03-09,Nebraska,Maryland,5249229,78,68,18746,1
2024-03-09,Weber St.,Portland St.,5250375,62,53,2047,1
2024-03-09,Southern Ind.,UT Martin,5249388,81,53,1715,1
2024-03-09,Florida A&M,Bethune-Cookman,3984719,69,65,887,0
2024-03-09,N.C. A&T,Hofstra,3984718,57,46,808,0
2024-03-09,Fairfield,Rider,3984717,83,54,1525,0
2024-03-09,Cornell,Columbia,3984715,46,82,538,0
2024-03-09,Quinnipiac,Marist,3984711,51,42,670,0
2024-03-09,Buffalo,Ball St.,3984708,50,71,2371,0
2024-03-09,Niagara,Canisius,3984705,84,50,323,0
2024-03-09,Toledo,Kent St.,3984698,83,61,6238,0
2024-03-09,Princeton,Penn,3984693,72,55,1684,0
2024-03-09,Col. of Charleston,Delaware,3984686,102,77,438,0
2024-03-09,Oklahoma,TCU,5249608,69,53,4963,1
2024-03-09,NC State,Florida St.,5246872,69,43,10488,1
2024-03-09,Villanova,Marquette,5250236,48,50,8524,1
2024-03-09,Alabama A&M,Southern U.,3984723,50,59,711,0
2024-03-09,Jacksonville St.,Sam Houston,3984720,74,70,1223,0
2024-03-09,Monmouth,UNCW,3984689,65,53,706,0
2024-03-09,Western Ky.,Liberty,3984712,77,84,1613,0
2024-03-09,Evansville,UNI,3996091,46,67,153,0
2024-03-09,Alabama St.,Grambling,3984659,47,52,2234,0
2024-03-09,Brown,Yale,3984721,76,57,515,0
2024-03-09,Grand Canyon,California Baptist,3984703,81,85,1436,0
2024-03-09,Hampton,Campbell,3984688,61,70,634,0
2024-03-09,Texas Southern,Prairie View,3984724,83,70,3612,0
2024-03-09,Southern Utah,UTRGV,3984713,65,52,485,0
2024-03-09,Utah Tech,SFA,3984710,69,61,570,0
2024-03-09,Seattle U,Tarleton St.,3984699,57,62,701,0
2024-03-09,Utah Valley,Abilene Christian,3984704,50,81,571,0
2024-03-09,South Dakota St.,Omaha,5250247,66,53,8648,1
2024-03-09,UC Davis,Long Beach St.,3984714,70,58,917,0
2024-03-09,San Francisco,Pacific,5249784,71,76,1387,1
2024-03-09,Iowa,Michigan,5249230,95,68,18746,1
2024-03-09,South Carolina,Tennessee,5249587,74,73,12784,1
2024-03-09,Idaho St.,Sacramento St.,5250376,55,73,2047,1
2024-03-09,UC Irvine,Cal St. Fullerton,3984707,69,53,890,0
2024-03-09,CSU Bakersfield,Hawaii,3984709,48,85,512,0
2024-03-09,Cal Poly,UC San Diego,3984716,59,52,1428,0
2024-03-09,Lipscomb,Eastern Ky.,5250014,68,99,276,1
2024-03-09,Fla. Atlantic,Wichita St.,5250366,50,64,1518,1
2024-03-09,Illinois St.,Belmont,4446591,69,72,1725,0
2024-03-09,High Point,Presbyterian,5249221,50,59,1528,1
2024-03-09,FGCU,Jacksonville,5250013,76,69,1261,1
2024-03-09,Stetson,Austin Peay,5250015,45,49,304,1
2024-03-09,Portland,LMU (CA),5249785,78,51,1387,1
2024-03-09,Texas,Kansas,5249609,76,60,6610,1
2024-03-09,SMU,Tulane,5250367,62,68,1518,1
2024-03-09,LSU,Ole Miss,5249588,75,67,12784,1
2024-03-09,Bucknell,American,5250469,77,71,419,1
2024-03-09,Creighton,Seton Hall,5250237,72,65,5622,1
2024-03-09,USC Upstate,Radford,5249222,45,61,1528,1
2024-03-09,Central Ark.,North Ala.,5250016,69,52,1110,1
2024-03-09,Kansas St.,West Virginia,5249610,65,62,6610,1
2024-03-09,St. John's (NY),Georgetown,5250238,44,53,5622,1
2024-03-09,UC Riverside,UC Santa Barbara,3984725,53,46,307,0
2024-03-10,Iowa,Nebraska,5249228,94,89,18534,1
2024-03-10,Chattanooga,UNC Greensboro,5249773,69,60,1624,1
2024-03-10,Marshall,Old Dominion,5246762,76,70,754,1
2024-03-10,Memphis,East Carolina,5250361,63,65,1506,1
2024-03-10,NC State,Notre Dame,5246870,51,55,9102,1
2024-03-10,South Dakota,St. Thomas (MN),5250274,70,57,8061,1
2024-03-10,Eastern Wash.,Weber St.,5250373,71,58,1970,1
2024-03-10,UConn,Marquette,5250233,58,29,8003,1
2024-03-10,James Madison,Louisiana,5246763,64,54,946,1
2024-03-10,South Carolina,LSU,5249586,79,72,13163,1
2024-03-10,South Fla.,Wichita St.,5250362,69,62,1506,1
2024-03-10,Oral Roberts,North Dakota,5250246,91,68,8061,1
2024-03-10,Richmond,Rhode Island,5247300,65,51,3089,1
2024-03-10,Northern Ariz.,Sacramento St.,5250374,81,63,1970,1
2024-03-10,Stanford,Southern California,5249395,61,74,5526,1
2024-03-10,Air Force,Fresno St.,5250477,44,62,1212,1
2024-03-10,Creighton,Georgetown,5250234,46,55,8003,1
2024-03-10,Radford,Presbyterian,5249220,37,60,756,1
2024-03-10,UAB,Rice,5250364,56,71,1483,1
2024-03-10,San Diego St.,San Jose St.,5250478,72,51,1212,1
2024-03-10,Charlotte,Tulane,5250365,52,65,1483,1
2024-03-10,Boise St.,Utah St.,5250479,85,49,1212,1
2024-03-11,Cleveland St.,Wright St.,5246861,83,50,1473,1
2024-03-11,East Texas A&M,Northwestern St.,5249957,65,57,0,1
2024-03-11,Tulsa,East Carolina,5250357,71,75,1551,1
2024-03-11,South Dakota St.,South Dakota,5250244,76,63,8107,1
2024-03-11,Montana St.,Northern Colo.,5250371,47,44,2073,1
2024-03-11,Marshall,James Madison,5246761,95,92,785,1
2024-03-11,New Orleans,Nicholls,5249959,66,73,0,1
2024-03-11,Green Bay,Purdue Fort Wayne,5246862,64,55,1473,1
2024-03-11,Oklahoma,Iowa St.,5249605,68,85,5219,1
2024-03-11,UTSA,South Fla.,5250358,58,56,1551,1
2024-03-11,Gonzaga,Pacific,5249782,72,61,2949,1
2024-03-11,UNLV,Fresno St.,5250473,83,35,2683,1
2024-03-11,North Dakota St.,Oral Roberts,5250243,75,66,8107,1
2024-03-11,Montana,Idaho,5250372,73,61,2073,1
2024-03-11,Texas,Kansas St.,5249606,71,64,5219,1
2024-03-11,Nevada,Colorado St.,5250474,54,65,2683,1
2024-03-11,Santa Clara,Portland,5249783,61,63,3007,1
2024-03-11,Colgate,Navy,5250465,69,64,553,1
2024-03-11,Maine,Binghamton,5250004,64,58,1281,1
2024-03-11,Boston U.,Army West Point,5250466,64,62,483,1
2024-03-11,North Texas,Rice,5250359,59,61,1602,1
2024-03-11,Le Moyne,Stonehill,5249793,79,59,181,1
2024-03-11,Holy Cross,Bucknell,5250464,61,56,435,1
2024-03-11,UConn,Georgetown,5250232,78,42,7918,1
2024-03-11,UAlbany,Vermont,5250005,46,50,958,1
2024-03-11,Sacred Heart,Saint Francis,5249792,78,48,298,1
2024-03-11,FDU,LIU,5249794,71,59,677,1
2024-03-11,Merrimack,Central Conn. St.,5249795,76,51,319,1
2024-03-11,Loyola Maryland,Lehigh,5250467,58,51,737,1
2024-03-11,New Mexico,San Diego St.,5250475,56,67,2683,1
2024-03-11,Temple,Tulane,5250360,76,72,1602,1
2024-03-11,Wyoming,Boise St.,5250476,54,62,2683,1
2024-03-12,Rider,Iona,5250493,66,56,1005,1
2024-03-12,UIW,East Texas A&M,5249953,57,66,0,1
2024-03-12,Cleveland St.,Green Bay,5246860,40,64,3832,1
2024-03-12,Quinnipiac,Saint Peter's,5250494,68,63,1005,1
2024-03-12,Eastern Wash.,Montana St.,5250369,56,39,1900,1
2024-03-12,Southeastern La.,Nicholls,5249955,75,57,0,1
2024-03-12,Mount St. Mary's,Marist,5250495,60,47,1005,1
2024-03-12,Gonzaga,Portland,5249781,66,67,2594,1
2024-03-12,Northern Ariz.,Montana,5250370,74,67,1900,1
2024-03-12,South Dakota St.,North Dakota St.,5250242,67,54,7883,1
2024-03-12,UTEP,Sam Houston,5250287,78,64,2328,1
2024-03-12,UTSA,East Carolina,5250355,54,55,1520,1
2024-03-12,FGCU,Austin Peay,5250011,74,52,1487,1
2024-03-12,Central Ark.,Eastern Ky.,5250012,68,57,1845,1
2024-03-12,UNLV,Colorado St.,5250471,62,52,1887,1
2024-03-12,Texas,Iowa St.,5249604,70,53,5380,1
2024-03-12,Temple,Rice,5250356,57,60,1520,1
2024-03-12,Boise St.,San Diego St.,5250472,69,72,1887,1
2024-03-13,Toledo,Western Mich.,5250674,72,61,2714,1
2024-03-13,Lamar University,East Texas A&M,5249950,83,58,0,1
2024-03-13,Grambling,Florida A&M,5250883,66,60,428,1
2024-03-13,Norfolk St.,South Carolina St.,5250873,75,43,6000,1
2024-03-13,Middle Tenn.,UTEP,5250281,78,50,2565,1
2024-03-13,Fairfield,Rider,5250486,57,51,898,1
2024-03-13,Buffalo,Bowling Green,5250676,70,64,2714,1
2024-03-13,Hampton,Hofstra,5250669,55,71,350,1
2024-03-13,Howard,Morgan St.,5250876,49,44,6000,1
2024-03-13,A&M-Corpus Christi,Southeastern La.,5249951,60,59,0,1
2024-03-13,UC Davis,Cal St. Fullerton,5250655,81,56,557,1
2024-03-13,Liberty,Western Ky.,5250283,62,59,2731,1
2024-03-13,UT Arlington,Southern Utah,5250930,67,53,665,1
2024-03-13,Niagara,Quinnipiac,5250490,70,56,896,1
2024-03-13,Ball St.,Ohio,5250677,77,53,2714,1
2024-03-13,Northeastern,UNCW,5250670,66,60,350,1
2024-03-13,Eastern Wash.,Northern Ariz.,5250368,73,64,1840,1
2024-03-13,UC Santa Barbara,Long Beach St.,5250656,75,90,557,1
2024-03-13,Abilene Christian,Tarleton St.,5250931,41,54,665,1
2024-03-13,Kent St.,NIU,5250678,63,60,2714,1
2024-03-13,Jackson St.,Prairie View,5250881,67,58,1024,1
2024-03-13,East Carolina,Rice,5250354,41,61,2682,1
2024-03-13,UNLV,San Diego St.,5250470,66,49,2045,1
2024-03-14,Southern U.,Alcorn,5250884,52,59,427,1
2024-03-14,Coppin St.,UMES,5250875,61,55,7304,1
2024-03-14,Campbell,Elon,5250664,67,52,650,1
2024-03-14,Louisiana Tech,Jacksonville St.,5250284,60,54,2157,1
2024-03-14,Siena,Mount St. Mary's,5250492,80,57,875,1
2024-03-14,Southern Ill.,Indiana St.,5250981,54,66,776,1
2024-03-14,N.C. Central,Delaware St.,5250877,66,56,7304,1
2024-03-14,William & Mary,Hofstra,5250665,53,57,650,1
2024-03-14,Utah Tech,UT Arlington,5250925,57,72,733,1
2024-03-14,FIU,New Mexico St.,5250285,58,63,2029,1
2024-03-14,UC Riverside,Long Beach St.,5250653,75,83,580,1
2024-03-14,Manhattan,Canisius,5250488,55,58,875,1
2024-03-14,Illinois St.,Evansville,5250984,85,64,776,1
2024-03-14,Drexel,Delaware,5250666,57,55,650,1
2024-03-14,Lamar University,A&M-Corpus Christi,5249948,61,68,700,1
2024-03-14,Cal Poly,UC Davis,5250654,48,56,569,1
2024-03-14,SFA,Tarleton St.,5250928,70,58,733,1
2024-03-14,Colgate,Boston U.,5250463,40,52,428,1
2024-03-14,Ark.-Pine Bluff,Alabama A&M,5250882,82,74,827,1
2024-03-14,UIC,Valparaiso,5250987,79,77,759,1
2024-03-14,Sacred Heart,Merrimack,5249790,73,41,464,1
2024-03-14,Le Moyne,FDU,5249791,52,38,214,1
2024-03-14,Holy Cross,Loyola Maryland,5250462,72,54,754,1
2024-03-14,Towson,Northeastern,5250668,78,69,650,1
2024-03-14,Murray St.,Bradley,5250988,87,49,759,1
2024-03-15,Toledo,Buffalo,5250672,74,77,2587,1
2024-03-15,Fairfield,Canisius,5250483,77,64,1845,1
2024-03-15,Grambling,Alcorn,5250880,59,61,927,1
2024-03-15,Stony Brook,Campbell,5250660,61,52,900,1
2024-03-15,Norfolk St.,Coppin St.,5250871,73,44,13368,1
2024-03-15,Ball St.,Kent St.,5250673,50,65,2587,1
2024-03-15,Drake,Indiana St.,5250969,79,57,1515,1
2024-03-15,Niagara,Siena,5250484,87,70,1845,1
2024-03-15,Howard,N.C. Central,5250872,69,56,13368,1
2024-03-15,N.C. A&T,Hofstra,5250661,55,40,900,1
2024-03-15,California Baptist,UT Arlington,5250888,83,67,1343,1
2024-03-15,Hawaii,UC Davis,5250651,48,51,1239,1
2024-03-15,UNI,Illinois St.,5250970,79,75,1515,1
2024-03-15,Princeton,Penn,5250997,59,54,1552,1
2024-03-15,Maine,Vermont,5250003,64,48,1507,1
2024-03-15,Monmouth,Drexel,5250662,56,58,900,1
2024-03-15,Grand Canyon,SFA,5250889,63,66,1343,1
2024-03-15,UC Irvine,Long Beach St.,5250652,69,57,1239,1
2024-03-15,Middle Tenn.,Louisiana Tech,5250278,62,56,2701,1
2024-03-15,Jackson St.,Ark.-Pine Bluff,5250879,70,48,1072,1
2024-03-15,Belmont,UIC,5250974,70,65,1004,1
2024-03-15,Col. of Charleston,Towson,5250663,60,69,900,1
2024-03-15,Columbia,Harvard,5250998,63,61,2598,1
2024-03-15,Liberty,New Mexico St.,5250279,82,70,2157,1
2024-03-15,Missouri St.,Murray St.,5250978,71,70,1004,1
2024-03-16,Kent St.,Buffalo,5250671,78,60,2292,1
2024-03-16,California Baptist,SFA,5250887,75,74,759,1
2024-03-16,Stony Brook,N.C. A&T,5250658,59,51,875,1
2024-03-16,Drake,UNI,5250934,92,83,1747,1
2024-03-16,Fairfield,Niagara,5250481,70,62,1007,1
2024-03-16,Norfolk St.,Howard,5250870,51,46,6854,1
2024-03-16,Towson,Drexel,5250659,68,69,875,1
2024-03-16,Belmont,Missouri St.,5250968,48,63,1747,1
2024-03-16,Columbia,Princeton,5250994,58,75,2703,1
2024-03-16,Middle Tenn.,Liberty,5250277,67,51,4301,1
2024-03-16,Jackson St.,Alcorn,5250878,68,44,2856,1
2024-03-16,UC Irvine,UC Davis,5250650,53,39,1623,1
2024-03-16,FGCU,Central Ark.,5250010,76,47,2259,1
2024-03-17,Sacred Heart,Le Moyne,5249789,69,48,1467,1
2024-03-17,Holy Cross,Boston U.,5250461,61,55,1705,1
2024-03-17,Drake,Missouri St.,5250933,76,75,1305,1
2024-03-17,Stony Brook,Drexel,5250657,60,68,700,1
2024-03-20,Purdue Fort Wayne,Eastern Ky.,5254442,83,75,559,1
2024-03-20,Sacred Heart,Presbyterian,5254157,42,49,1196,1
2024-03-20,Southern Miss.,UAB,5254445,79,74,1130,1
2024-03-20,Vanderbilt,Columbia,5254154,72,68,599,1
2024-03-20,Montana,Boise St.,5254407,92,66,1471,1
2024-03-21,Ball St.,Belmont,5254264,59,77,719,1
2024-03-21,Penn St.,George Mason,5254263,84,80,1635,1
2024-03-21,Buffalo,Monmouth,5254450,58,68,710,1
2024-03-21,Colgate,UAlbany,5254447,64,50,273,1
2024-03-21,Auburn,Arizona,5254155,59,69,533,1
2024-03-21,James Madison,Stony Brook,5254251,70,81,922,1
2024-03-21,Villanova,VCU,5254259,75,60,851,1
2024-03-21,Saint Joseph's,Seton Hall,5254261,54,47,540,1
2024-03-21,Virginia,High Point,5254260,81,59,1883,1
2024-03-21,Toledo,Cleveland St.,5254258,76,68,1877,1
2024-03-21,Florida,St. John's (NY),5254257,60,79,503,1
2024-03-21,Butler,Bowling Green,5254451,75,63,537,1
2024-03-21,USC Upstate,Col. of Charleston,5254439,60,78,404,1
2024-03-21,FIU,Stetson,5254443,60,47,358,1
2024-03-21,Illinois,Missouri St.,5254252,74,69,1391,1
2024-03-21,Tulsa,Arkansas,5254253,80,62,1831,1
2024-03-21,Central Ark.,Saint Louis,5254416,61,66,625,1
2024-03-21,UTSA,Northern Colo.,5254408,80,62,873,1
2024-03-21,Mississippi St.,Georgia Tech,5254267,84,47,1683,1
2024-03-21,TCU,North Texas,5254265,67,58,1634,1
2024-03-21,Southern Ind.,UIC,5254440,69,64,1731,1
2024-03-21,Oral Roberts,Grambling,5254446,91,93,2591,1
2024-03-21,Pacific,Cal Poly,5254406,63,43,811,1
2024-03-21,Washington St.,Lamar University,5254255,66,46,490,1
2024-03-21,Santa Clara,BYU,5254256,60,59,357,1
2024-03-21,Holy Cross,UT Martin,5254156,72,45,1093,1
2024-03-21,Washington,Georgetown,5254254,56,64,699,1
2024-03-21,California,Hawaii,5254262,65,60,761,1
2024-03-22,North Carolina,Michigan St.,5254159,59,56,11536,1
2024-03-22,Ohio St.,Maine,5254188,80,57,5684,1
2024-03-22,Louisville,Middle Tenn.,5254164,69,71,12957,1
2024-03-22,South Carolina,Presbyterian,5254158,91,39,11536,1
2024-03-22,Duke,Richmond,5254189,72,61,5684,1
2024-03-22,Texas,Drexel,5254166,82,42,7487,1
2024-03-22,Virginia Tech,Marshall,5254163,92,49,8925,1
2024-03-22,LSU,Rice,5254165,70,60,12957,1
2024-03-22,Kansas St.,Portland,5254179,78,65,9642,1
2024-03-22,Alabama,Florida St.,5254167,82,74,7487,1
2024-03-22,Baylor,Vanderbilt,5254162,80,63,8925,1
2024-03-22,Colorado,Drake,5254178,86,72,9642,1
2024-03-22,N.C. A&T,UNC Greensboro,5254444,56,51,3909,1
2024-03-22,Niagara,Le Moyne,5254448,91,86,809,1
2024-03-22,Iowa St.,Maryland,5254172,93,86,4537,1
2024-03-22,Oregon St.,Eastern Wash.,5254187,73,51,6923,1
2024-03-22,South Dakota,UC Riverside,5254415,72,57,1465,1
2024-03-22,Stanford,Norfolk St.,5254173,79,50,4537,1
2024-03-22,Nebraska,Texas A&M,5254186,61,59,6923,1
2024-03-23,Tennessee,Green Bay,5254176,92,63,4901,1
2024-03-23,UConn,Jackson St.,5254171,86,64,10299,1
2024-03-23,Indiana,Fairfield,5254161,89,56,12753,1
2024-03-23,Kansas,Michigan,5254183,81,72,4318,1
2024-03-23,Notre Dame,Kent St.,5254169,81,67,9149,1
2024-03-23,NC State,Chattanooga,5254177,64,45,4901,1
2024-03-23,Iowa,Holy Cross,5254184,91,65,14324,1
2024-03-23,Syracuse,Arizona,5254170,74,69,10299,1
2024-03-23,Oklahoma,FGCU,5254160,73,70,12753,1
2024-03-23,Southern California,A&M-Corpus Christi,5254182,87,55,8386,1
2024-03-23,Ole Miss,Marquette,5254168,67,55,9149,1
2024-03-23,West Virginia,Princeton,5254185,63,53,14324,1
2024-03-23,Southern Miss.,Murray St.,5254427,78,67,1566,1
2024-03-23,Creighton,UNLV,5254180,87,73,8841,1
2024-03-23,Gonzaga,UC Irvine,5254175,75,56,6000,1
2024-03-23,UCLA,California Baptist,5254181,84,55,8841,1
2024-03-23,Utah,South Dakota St.,5254174,68,54,6000,1
2024-03-24,Ohio St.,Duke,5254190,63,75,8333,1
2024-03-24,South Carolina,North Carolina,5254202,88,41,14266,1
2024-03-24,Kansas St.,Colorado,5254205,50,63,10692,1
2024-03-24,Villanova,Virginia,5254247,73,55,1315,1
2024-03-24,Toledo,St. John's (NY),5254246,72,71,2521,1
2024-03-24,Cincinnati,Purdue Fort Wayne,5254433,58,84,857,1
2024-03-24,Tulsa,Georgetown,5254244,73,61,1464,1
2024-03-24,LSU,Middle Tenn.,5254198,83,56,12632,1
2024-03-24,Illinois,Stony Brook,5254243,79,62,1527,1
2024-03-24,Mississippi St.,TCU,5254250,68,61,1607,1
2024-03-24,Wyoming,UTSA,5254413,80,64,2061,1
2024-03-24,California,Saint Joseph's,5254248,61,63,607,1
2024-03-24,Washington St.,Santa Clara,5254245,73,47,674,1
2024-03-24,Oregon St.,Nebraska,5254194,61,51,7227,1
2024-03-24,Illinois St.,Col. of Charleston,5254435,74,67,1537,1
2024-03-24,Texas,Alabama,5254200,65,54,9753,1
2024-03-24,Saint Louis,UNI,5254434,68,64,511,1
2024-03-24,N.C. A&T,Old Dominion,5254426,48,45,3224,1
2024-03-24,Virginia Tech,Baylor,5254196,72,75,8925,1
2024-03-24,Stanford,Iowa St.,5254199,87,81,5811,1
2024-03-25,Notre Dame,Ole Miss,5254193,71,56,7882,1
2024-03-25,NC State,Tennessee,5254195,79,72,4803,1
2024-03-25,Penn St.,Belmont,5254249,74,66,1666,1
2024-03-25,UConn,Syracuse,5254201,72,64,10299,1
2024-03-25,Duquesne,Monmouth,5254431,69,65,1625,1
2024-03-25,Vermont,Niagara,5254430,69,63,781,1
2024-03-25,Indiana,Oklahoma,5254192,75,68,12385,1
2024-03-25,Troy,FIU,5254425,92,62,2196,1
2024-03-25,Providence,Colgate,5254429,41,54,476,1
2024-03-25,Butler,Purdue,5254432,51,62,1968,1
2024-03-25,ULM,Grambling,5254428,102,76,2805,1
2024-03-25,Southern Ind.,Wisconsin,5254438,62,67,3283,1
2024-03-25,Iowa,West Virginia,5254203,64,54,14324,1
2024-03-25,North Dakota St.,Montana,5254412,72,63,2254,1
2024-03-25,UCLA,Creighton,5254191,67,63,7839,1
2024-03-25,Southern California,Kansas,5254204,73,55,8941,1
2024-03-25,Gonzaga,Utah,5254197,77,66,6000,1
2024-03-26,Minnesota,Pacific,5254411,77,62,1140,1
2024-03-26,South Dakota,Northern Ariz.,5254414,79,65,1580,1
2024-03-27,ULM,Southern Miss.,5254420,84,71,1257,1
2024-03-28,Penn St.,Mississippi St.,5254242,92,87,1823,1
2024-03-28,Purdue,Duquesne,5254422,71,50,2531,1
2024-03-28,Villanova,Saint Joseph's,5254241,67,59,2415,1
2024-03-28,Tulsa,Illinois,5254239,61,69,3054,1
2024-03-28,Wisconsin,Illinois St.,5254424,86,61,3133,1
2024-03-28,Washington St.,Toledo,5254240,63,61,901,1
2024-03-29,Notre Dame,Oregon St.,5254207,65,70,13597,1
2024-03-29,South Carolina,Indiana,5254206,79,75,13597,1
2024-03-29,Vermont,Colgate,5254421,65,55,1232,1
2024-03-29,Purdue Fort Wayne,Saint Louis,5254423,78,82,767,1
2024-03-29,N.C. A&T,Troy,5254419,75,89,3712,1
2024-03-29,Stanford,NC State,5254211,67,77,10104,1
2024-03-29,Minnesota,North Dakota St.,5254409,69,65,2367,1
2024-03-29,Wyoming,South Dakota,5254410,84,52,3342,1
2024-03-29,Texas,Gonzaga,5254210,69,47,10104,1
2024-03-30,UCLA,LSU,5254213,69,78,13878,1
2024-03-30,Iowa,Colorado,5254212,89,68,13878,1
2024-03-30,Southern California,Baylor,5254208,74,70,12103,1
2024-03-30,UConn,Duke,5254209,53,45,12103,1
2024-03-31,South Carolina,Oregon St.,5254214,70,58,13568,1
2024-03-31,Texas,NC State,5254216,66,76,8210,1
2024-04-01,Villanova,Penn St.,5254238,58,53,1748,1
2024-04-01,Washington St.,Illinois,5254237,58,81,1748,1
2024-04-01,Troy,ULM,5254231,89,75,2397,1
2024-04-01,Purdue,Vermont,5254232,59,67,2679,1
2024-04-01,Iowa,LSU,5254217,94,87,13888,1
2024-04-01,Wisconsin,Saint Louis,5254233,60,65,2198,1
2024-04-01,Wyoming,Minnesota,5254229,54,65,3710,1
2024-04-01,Southern California,UConn,5254215,73,80,10869,1
2024-04-03,Vermont,Saint Louis,5254228,54,57,1694,1
2024-04-03,Villanova,Illinois,5254236,57,71,1925,1
2024-04-03,Troy,Minnesota,5254227,69,74,4333,1
2024-04-05,South Carolina,NC State,5254220,78,59,18284,1
2024-04-05,Iowa,UConn,5254221,71,69,18284,1
2024-04-06,Saint Louis,Minnesota,5254226,69,50,1545,1
2024-04-07,South Carolina,Iowa,5254219,87,75,18300,1
2024-11-01,Southeastern La.,La. Christian,5811156,87,38,375,0
2024-11-03,Baylor,Langston,5811355,100,39,3598,0
2024-11-04,Georgia Tech,Winthrop,5722020,85,39,3611,0
2024-11-04,Col. of Charleston,Meredith,5731902,124,26,4399,0
2024-11-04,North Carolina,Charleston So.,5735259,83,53,2638,0
2024-11-04,Miami (FL),Stetson,5736649,78,53,5532,0
2024-11-04,Maine,La Salle,5734330,65,51,1507,0
2024-11-04,Duke,Radford,5723719,89,36,1137,0
2024-11-04,Florida St.,North Florida,5722490,119,49,4132,0
2024-11-04,Iowa St.,Chicago St.,5730696,96,56,9983,0
2024-11-04,McNeese,Southeastern Bapt.,5735501,99,19,2220,0
2024-11-04,Vanderbilt,Lipscomb,5734777,102,50,5282,0
2024-11-04,Lamar University,TAMU-San Antonio,5722883,98,62,3302,0
2024-11-04,NIU,Louisiana,5729032,57,55,2011,0
2024-11-04,Oral Roberts,Northeastern St.,5723473,99,74,4836,0
2024-11-04,North Dakota St.,Drake,5735690,78,84,1073,0
2024-11-04,Kansas St.,Green Bay,5722801,92,45,4408,0
2024-11-04,Southern California,Ole Miss,5730794,68,66,3472,1
2024-11-04,Memphis,Mississippi Val.,5737130,89,78,1247,0
2024-11-04,Louisiana Tech,Nicholls,5730588,53,51,2660,0
2024-11-04,Wichita St.,Okla. Christian,5723135,66,52,2571,0
2024-11-04,Utah Tech,Northern N.M.,5732554,87,66,1841,0
2024-11-04,Utah,Southern Utah,5734732,105,52,4812,0
2024-11-04,New Mexico,Northern Ariz.,5730744,78,80,5114,0
2024-11-04,UTEP,Tarleton St.,5729807,52,49,2055,0
2024-11-04,Liberty,Valparaiso,5722029,77,58,1200,1
2024-11-04,UAB,West Ala.,5737650,78,47,470,0
2024-11-04,Nebraska,Omaha,5736016,88,48,8106,0
2024-11-04,Pacific,Stanislaus St.,5733691,87,47,2505,0
2024-11-04,George Mason,Johnson C. Smith,5730035,106,51,676,0
2024-11-04,St. John's (NY),Saint Peter's,5731968,80,39,446,0
2024-11-04,UCLA,Louisville,5731495,66,59,3472,1
2024-11-04,Clemson,Jackson St.,5736437,78,44,783,0
2024-11-04,Hampton,Bowie St.,5730409,65,55,879,0
2024-11-04,Boston U.,Northeastern,5734500,60,48,1676,0
2024-11-04,Penn St.,Bucknell,5733921,90,68,1575,0
2024-11-04,Army West Point,Cornell,5740531,54,60,850,0
2024-11-04,Kentucky,USC Upstate,5734934,98,43,4007,0
2024-11-04,Wake Forest,Queens (NC),5734550,102,40,916,0
2024-11-04,George Washington,Delaware,5732387,78,66,386,0
2024-11-04,Duquesne,Princeton,5734343,76,66,932,0
2024-11-04,Boston College,Lafayette,5736465,85,55,510,0
2024-11-04,Western Caro.,Warren Wilson,5809740,119,36,379,0
2024-11-04,Longwood,Lincoln (PA),5723053,81,70,1124,0
2024-11-04,Yale,Monmouth,5731182,64,61,398,0
2024-11-04,Notre Dame,Mercyhurst,5728654,105,61,7183,0
2024-11-04,Georgia,N.C. Central,5735001,96,52,2588,0
2024-11-04,Virginia Tech,UNCW,5731682,99,57,5064,0
2024-11-04,UNC Greensboro,North Greenville,5731509,91,31,158,0
2024-11-04,Morgan St.,Shepherd,5763032,77,64,136,0
2024-11-04,Delaware St.,Georgian Court,5734735,71,44,250,0
2024-11-04,Campbell,Mount Olive,5809527,72,29,1403,0
2024-11-04,Charlotte,Presbyterian,5737296,77,63,934,0
2024-11-04,Rhode Island,Stonehill,5735836,68,45,3810,0
2024-11-04,SMU,N.C. A&T,5733228,77,64,953,0
2024-11-04,Arizona,UT Arlington,5729202,73,54,6649,0
2024-11-04,Grand Canyon,CSU Bakersfield,5723131,93,52,552,0
2024-11-04,Weber St.,Park (AZ),5733534,94,41,283,0
2024-11-04,Tennessee St.,Cumberland (TN),5810222,72,62,0,0
2024-11-04,Alabama,New Orleans,5730196,115,53,2710,0
2024-11-04,St. Thomas (MN),Milwaukee,5723181,84,81,538,0
2024-11-04,Loyola Chicago,Kentucky St.,5731000,91,56,555,0
2024-11-04,SIUE,Mo.-St. Louis,5729659,54,60,532,0
2024-11-04,SFA,Texas Southern,5728383,86,45,983,0
2024-11-04,ULM,Central Baptist,5729769,117,60,893,0
2024-11-04,Oklahoma St.,Ark.-Pine Bluff,5722718,96,43,1558,0
2024-11-04,Austin Peay,Bethel (TN),5737651,52,64,1132,0
2024-11-04,Oklahoma,Southern U.,5735321,76,44,4886,0
2024-11-04,South Alabama,Delta St.,5735986,63,56,541,0
2024-11-04,South Carolina St.,Furman,5809690,54,60,511,0
2024-11-04,Buffalo,Troy,5722058,80,78,1055,0
2024-11-04,Northern Ky.,Middle Tenn.,5729961,58,79,1264,0
2024-11-04,Morehead St.,Asbury,5728265,92,80,475,0
2024-11-04,Colgate,UMass Lowell,5728355,74,62,426,0
2024-11-04,South Fla.,Bethune-Cookman,5728843,87,44,2466,0
2024-11-04,Lehigh,LIU,5725963,83,59,467,0
2024-11-04,Akron,Georgia St.,5731029,81,73,335,0
2024-11-04,Rider,Navy,5733573,52,74,589,0
2024-11-04,Chattanooga,Shorter,5737136,66,49,1374,0
2024-11-04,Norfolk St.,William & Mary,5731855,70,49,1924,0
2024-11-04,Holy Cross,Quinnipiac,5734289,74,78,1014,0
2024-11-04,Bryant,Merrimack,5733543,65,50,450,0
2024-11-04,Elon,High Point,5733744,66,65,321,0
2024-11-04,New Hampshire,Worcester St.,5731522,83,34,281,0
2024-11-04,Vermont,Missouri,5733393,62,46,1068,0
2024-11-04,Binghamton,Pitt.-Johnstown,5737633,79,34,1008,0
2024-11-04,Southeastern La.,Millsaps,5729654,79,45,886,0
2024-11-04,South Dakota,Saint Louis,5735542,83,85,1953,0
2024-11-04,Abilene Christian,Southwest (NM),5733885,95,38,783,0
2024-11-04,Bellarmine,Ind.-Southeast,5756775,88,56,473,0
2024-11-04,Ball St.,Old Dominion,5810364,60,46,1713,0
2024-11-04,Eastern Mich.,Texas St.,5730286,71,75,1137,0
2024-11-04,Florida A&M,Howard,5737810,66,78,2187,0
2024-11-04,Central Mich.,Coastal Carolina,5732223,62,65,1080,0
2024-11-04,Air Force,Regis (CO),5810656,94,64,485,0
2024-11-04,Fordham,Adelphi,5809681,50,58,161,0
2024-11-04,Washington St.,Eastern Wash.,5731471,83,82,906,0
2024-11-04,Providence,Mercy,5756758,64,32,261,0
2024-11-04,Tennessee Tech,Emory & Henry,5722766,82,54,528,0
2024-11-04,North Texas,Alcorn,5722772,84,65,1513,0
2024-11-04,Auburn,Southern Ill.,5722884,65,31,2564,0
2024-11-04,Southern Ind.,Brescia,5723030,100,49,914,0
2024-11-04,Texas Tech,UIW,5735005,78,48,3584,0
2024-11-04,Grambling,Centenary (LA),5737688,131,30,1005,0
2024-11-04,Alabama St.,Faulkner,5736671,70,58,650,0
2024-11-04,UT Martin,North Ala.,5738031,63,66,1103,0
2024-11-04,Ohio,Ga. Southern,5723654,70,82,679,0
2024-11-04,Coppin St.,Frostburg St.,5722339,72,70,327,0
2024-11-04,Gardner-Webb,West Ga.,5728433,67,63,225,0
2024-11-04,Kennesaw St.,Life (GA),5730496,72,53,647,0
2024-11-04,Virginia,American,5723364,104,68,3974,0
2024-11-04,Miami (OH),App State,5729115,75,48,442,0
2024-11-04,Bowling Green,Southern Miss.,5722831,71,67,1786,0
2024-11-04,Wagner,Saint Elizabeth,5729499,83,39,247,0
2024-11-04,UMBC,Maryland,5728520,32,74,2306,0
2024-11-04,Toledo,Marshall,5731009,71,68,3754,0
2024-11-04,Indiana St.,Western Ky.,5725952,59,71,1113,0
2024-11-04,Rutgers,Manhattan,5730094,85,79,1517,0
2024-11-04,Kent St.,James Madison,5723846,56,67,1350,0
2024-11-04,Indiana,Brown,5731326,82,60,10050,0
2024-11-04,Columbia,Stony Brook,5722748,87,47,874,0
2024-11-04,Western Mich.,Arkansas St.,5722991,61,52,658,0
2024-11-04,FDU,Dominican (NY),5732810,79,57,162,0
2024-11-04,Mercer,UNC Asheville,5731481,75,52,719,0
2024-11-04,FIU,Fla. National,5733870,132,25,727,0
2024-11-04,Florida,Fla. Atlantic,5736553,82,54,1288,0
2024-11-04,Saint Francis,NJIT,5737938,60,80,514,0
2024-11-04,Oregon,California Baptist,5731583,93,63,4141,0
2024-11-04,South Carolina,Michigan,5732292,68,62,6397,1
2024-11-04,Wyoming,Colorado,5731718,50,56,3866,0
2024-11-04,Colorado St.,San Francisco,5732089,52,47,1182,0
2024-11-04,Northern Colo.,Concordia (NE),5763056,66,64,774,0
2024-11-04,Tex. A&M-Commerce,UNT Dallas,5732080,75,50,242,0
2024-11-04,Central Ark.,Hendrix,5756760,104,30,376,0
2024-11-04,Arkansas,Fairfield,5756747,67,81,2034,0
2024-11-04,Hofstra,Sacred Heart,5735640,58,63,1543,0
2024-11-04,Wofford,Newberry,5735948,76,27,597,0
2024-11-04,Harvard,Massachusetts,5723130,71,58,752,0
2024-11-04,Texas A&M,A&M-Corpus Christi,5734517,56,62,2772,0
2024-11-04,Temple,Richmond,5733547,72,79,3485,0
2024-11-04,LSU,Eastern Ky.,5736262,95,44,9822,0
2024-11-04,Rice,South Dakota St.,5730145,63,65,603,0
2024-11-04,Minnesota,Central Conn. St.,5728661,89,48,2647,0
2024-11-04,Denver,Colo. Christian,5737423,66,73,328,0
2024-11-04,Utah St.,Kansas City,5723562,77,80,502,0
2024-11-04,Arizona St.,Jacksonville St.,5723354,74,66,1641,0
2024-11-04,Boise St.,Eastern Ore.,5736991,87,57,1050,0
2024-11-04,UC Irvine,New Mexico St.,5733139,49,57,511,0
2024-11-04,Santa Clara,UC Riverside,5734892,73,60,275,0
2024-11-04,Fresno St.,Fresno Pacific,5733991,72,46,1115,0
2024-11-04,Washington,Seattle U,5735169,95,53,1711,0
2024-11-04,San Diego St.,Cal St. San Marcos,5737229,76,48,806,0
2024-11-04,California,Saint Mary's (CA),5728910,90,58,1231,0
2024-11-04,Pepperdine,Cal St. Fullerton,5728870,59,57,220,0
2024-11-04,CSUN,La Sierra,5730189,70,56,225,0
2024-11-04,UC Davis,Simpson (CA),5723318,93,36,390,0
2024-11-04,Montana St.,Chadron St.,5735184,92,28,1337,0
2024-11-04,Idaho St.,Arizona Christian,5737802,91,52,738,0
2024-11-04,Sacramento St.,Jessup,5723663,78,51,425,0
2024-11-04,UNLV,LMU (CA),5730243,73,57,950,0
2024-11-04,UC San Diego,Occidental,5737345,86,51,317,0
2024-11-04,Stanford,Le Moyne,5723840,107,43,2887,0
2024-11-05,Xavier,San Jose St.,5737321,36,55,347,0
2024-11-05,Pittsburgh,Canisius,5723996,78,36,306,0
2024-11-05,Ohio St.,Cleveland St.,5736250,104,69,4828,0
2024-11-05,IU Indy,Evansville,5723906,101,76,706,0
2024-11-05,Michigan St.,Oakland,5736306,107,42,2549,0
2024-11-05,Tennessee,Samford,5735268,101,53,9515,0
2024-11-05,Davidson,FGCU,5736365,57,56,811,0
2024-11-05,UNI,Wis.-La Crosse,5722844,99,56,2227,0
2024-11-05,Syracuse,Niagara,5736674,108,84,1997,0
2024-11-05,UCF,Iona,5736331,76,44,812,0
2024-11-05,NC State,ETSU,5728707,80,55,4291,0
2024-11-05,West Virginia,Towson,5728238,85,41,2079,0
2024-11-05,Dayton,Southeast Mo. St.,5729869,75,70,1042,0
2024-11-05,Wisconsin,Wright St.,5733347,95,68,2850,0
2024-11-05,TCU,Houston Christian,5735152,78,41,1946,0
2024-11-05,Northwestern St.,Champion Chris.,5731299,84,33,360,0
2024-11-05,Western Ill.,Culver-Stockton,5723379,89,42,711,0
2024-11-05,UIC,Cincinnati,5733325,54,66,416,0
2024-11-05,Houston,UTRGV,5722100,68,70,759,0
2024-11-05,Gonzaga,Montana,5734142,82,69,4952,0
2024-11-06,North Florida,Trinity Baptist,5722492,146,53,1989,0
2024-11-06,Butler,Chicago St.,5734162,87,45,2941,0
2024-11-06,DePaul,Mercyhurst,5729697,74,53,5057,0
2024-11-06,Georgetown,Virginia-Lynchburg,5735669,88,31,733,0
2024-11-06,App State,Columbia (SC),5731712,97,43,287,0
2024-11-06,VCU,UMES,5756684,75,60,562,0
2024-11-06,Siena,Army West Point,5763047,56,66,864,0
2024-11-06,East Carolina,Charleston So.,5730460,81,56,987,0
2024-11-06,Jacksonville,Edward Waters,5811003,80,59,493,0
2024-11-06,Bellarmine,Midway,5756776,105,70,252,0
2024-11-06,UMBC,Notre Dame (MD),5728525,79,24,273,0
2024-11-06,Purdue,Purdue Fort Wayne,5723670,87,77,3531,0
2024-11-06,Milwaukee,Carroll (WI),5723170,74,49,676,0
2024-11-06,Lipscomb,Mississippi Val.,5734780,69,56,175,0
2024-11-06,Saint Joseph's,Goldey-Beacom,5723864,102,30,985,0
2024-11-06,Alabama St.,Stillman,5736672,55,50,981,0
2024-11-06,Navy,Bryn Athyn,5731564,103,45,325,0
2024-11-06,Robert Morris,Point Park,5809585,68,44,502,0
2024-11-06,Iowa,NIU,5733311,91,73,14998,0
2024-11-06,Sam Houston,Jarvis Christian,5737091,98,47,467,0
2024-11-06,Kansas,Lindenwood,5732101,56,43,3588,0
2024-11-06,Tulsa,Ark.-Pine Bluff,5722867,63,60,1355,0
2024-11-06,Northwestern,Illinois St.,5733390,77,81,1119,0
2024-11-06,Utah Valley,Kansas City,5723456,72,48,539,0
2024-11-06,Little Rock,Central Baptist,5731795,88,43,545,0
2024-11-06,San Diego,Biola,5737146,75,30,201,0
2024-11-06,Cal Poly,UC Merced,5737063,72,40,322,0
2024-11-06,BYU,Idaho,5722575,67,62,2876,0
2024-11-06,Oregon,Nevada,5731585,76,58,4253,0
2024-11-06,UC Santa Barbara,Claremont-M-S,5731083,70,26,378,0
2024-11-07,Radford,Hampton,5730410,65,55,3000,0
2024-11-07,Omaha,St. Mary (NE),5737053,108,45,4866,0
2024-11-07,South Alabama,Louisiana Tech,5730589,70,78,2030,0
2024-11-07,Texas A&M,UTSA,5734519,55,51,7507,0
2024-11-07,Southern Miss.,Blue Mountain (MS),5723082,87,60,3300,0
2024-11-07,California,Idaho St.,5735770,88,36,5066,0
2024-11-07,UNLV,Northern Ariz.,5730244,85,71,803,0
2024-11-07,UC Irvine,Pepperdine,5728872,65,56,1867,0
2024-11-07,Lipscomb,Johnson (TN),5734781,107,57,70,0
2024-11-07,Morgan St.,Johns Hopkins,5763033,60,45,102,0
2024-11-07,Florida,Florida A&M,5736559,102,67,1343,0
2024-11-07,Stetson,Fort Lauderdale,5736651,102,43,0,0
2024-11-07,McNeese,Biblical Stud. (TX),5735502,105,35,2589,0
2024-11-07,Western Caro.,Campbell,5736770,73,72,589,0
2024-11-07,Kentucky,Northern Ky.,5734981,70,41,4188,0
2024-11-07,Massachusetts,New Hampshire,5731523,45,48,1033,0
2024-11-07,Boston College,Sacred Heart,5735643,102,58,537,0
2024-11-07,Chattanooga,Tennessee Tech,5722770,46,48,1120,0
2024-11-07,Penn St.,Canisius,5723999,89,57,1741,0
2024-11-07,Maryland,Coppin St.,5722340,70,47,5040,0
2024-11-07,Prairie View,Texas Col.,5756663,105,71,493,0
2024-11-07,Tennessee,UT Martin,5735270,90,50,9788,0
2024-11-07,Charlotte,Wake Forest,5734557,41,60,804,0
2024-11-07,North Texas,Texas Southern,5722785,78,54,1643,0
2024-11-07,Stony Brook,Le Moyne,5722753,53,43,636,0
2024-11-07,Clemson,N.C. Central,5735007,91,33,814,0
2024-11-07,Alcorn,MUW,5756694,106,56,150,0
2024-11-07,Furman,Erskine,5809691,100,31,285,0
2024-11-07,Liberty,Duke,5722030,67,83,2845,0
2024-11-07,Central Conn. St.,Manhattan,5728663,64,78,2094,0
2024-11-07,Indiana,Harvard,5723140,68,72,10287,0
2024-11-07,Seton Hall,Wagner,5729500,84,40,750,0
2024-11-07,South Fla.,Mount St. Mary's,5728845,68,51,2171,0
2024-11-07,Norfolk St.,Longwood,5723100,71,62,884,0
2024-11-07,Rutgers,Cornell,5730095,72,61,1263,0
2024-11-07,James Madison,Loyola Maryland,5723857,85,54,2273,0
2024-11-07,UConn,Boston U.,5737005,86,32,13355,0
2024-11-07,Illinois,Florida St.,5728741,83,74,3741,0
2024-11-07,Murray St.,SIUE,5729630,104,60,1445,0
2024-11-07,Kent St.,Walsh,5736759,113,54,1242,0
2024-11-07,UCF,Marquette,5731850,57,50,1107,0
2024-11-07,North Carolina,UNCW,5731683,77,50,2445,0
2024-11-07,Texas Tech,Houston Christian,5735011,63,40,4609,0
2024-11-07,Drake,Saint Louis,5735818,95,70,2173,0
2024-11-07,Stonehill,Emmanuel (MA),5735837,79,36,216,0
2024-11-07,High Point,Guilford,5736406,100,47,1145,0
2024-11-07,Bradley,St. Francis (IL),5730846,70,32,473,0
2024-11-07,Drexel,Marist,5734705,64,53,728,0
2024-11-07,Utah,Weber St.,5729315,86,46,3154,0
2024-11-07,Oklahoma St.,Oral Roberts,5722723,89,68,1991,0
2024-11-07,Iowa St.,Indiana St.,5725953,64,42,9992,0
2024-11-07,Kansas St.,Belmont,5722810,82,56,3452,0
2024-11-07,Missouri,Southern U.,5733404,66,51,2727,0
2024-11-07,Mississippi St.,Memphis,5736627,100,56,4971,0
2024-11-07,UT Arlington,Arlington Baptist,5738225,105,35,1161,0
2024-11-07,Tulane,Nicholls,5756710,63,65,848,0
2024-11-07,Binghamton,Akron,5733417,66,50,1631,0
2024-11-07,Arizona,Tarleton St.,5729203,62,39,6751,0
2024-11-07,Rice,N.C. A&T,5730148,61,60,641,0
2024-11-07,St. Thomas (MN),Crown (MN),5733299,99,33,307,0
2024-11-07,Baylor,UIW,5733968,85,33,3333,0
2024-11-07,New Mexico St.,Utah Tech,5732300,85,63,762,0
2024-11-07,Alabama A&M,Alabama,5734591,59,84,5639,0
2024-11-07,Montana St.,Troy,5722130,73,63,1367,0
2024-11-07,New Mexico,Morehead St.,5728266,66,56,4372,0
2024-11-07,Washington,Pacific,5733694,81,50,1717,0
2024-11-07,Colorado,Northern Colo.,5736833,81,66,2161,0
2024-11-07,Portland,Hawaii,5734947,76,65,512,0
2024-11-07,Sacramento St.,UC San Diego,5723679,71,60,340,0
2024-11-07,Stanford,Washington St.,5723844,94,65,2428,0
2024-11-08,Oakland,Cleary,5736308,95,51,0,0
2024-11-08,Arkansas,East Texas A&M,5731983,84,65,12267,0
2024-11-08,American,FDU,5723369,59,62,417,0
2024-11-08,Central Ark.,Samford,5756635,63,44,1036,0
2024-11-08,Penn,Merrimack,5733548,64,52,306,0
2024-11-08,CSU Bakersfield,Colgate,5723136,42,71,1326,0
2024-11-08,Bryant,Bridgewater St.,5763060,80,57,325,0
2024-11-08,Arizona St.,Arkansas St.,5730591,96,100,1149,0
2024-11-08,Howard,George Washington,5736337,69,66,1400,0
2024-11-08,LIU,St. John's (NY),5725964,50,67,78,0
2024-11-08,Air Force,South Dakota,5735548,73,66,252,0
2024-11-08,Buffalo,Buffalo St.,5722059,123,44,1215,0
2024-11-08,Georgia,Houston,5722101,61,47,1739,0
2024-11-08,Dartmouth,Keene St.,5737224,98,47,791,0
2024-11-08,NJIT,Hofstra,5737630,69,74,325,0
2024-11-08,South Carolina St.,Presbyterian,5763037,59,54,0,0
2024-11-08,Fordham,Cal St. Fullerton,5732194,66,51,364,0
2024-11-08,Youngstown St.,Lake Erie,5734416,95,39,1358,0
2024-11-08,UAlbany,Rhode Island,5737159,67,57,1838,0
2024-11-08,FIU,Abilene Christian,5733599,73,76,501,0
2024-11-08,South Dakota St.,Creighton,5734578,76,71,3208,0
2024-11-08,Auburn,Virginia-Lynchburg,5722890,128,36,2670,0
2024-11-08,Louisiana,Loyola (LA),5729183,74,50,310,0
2024-11-08,Georgia Tech,Georgia St.,5731031,67,47,1437,0
2024-11-08,Ball St.,IU Indy,5723909,89,63,4018,0
2024-11-08,Michigan,Lehigh,5735113,86,55,2747,0
2024-11-08,Providence,Columbia,5732042,69,77,926,0
2024-11-08,Dayton,Delaware St.,5729870,79,44,1111,0
2024-11-08,Detroit Mercy,Bowling Green,5726044,73,66,437,0
2024-11-08,Eastern Ky.,Tennessee St.,5810204,48,66,211,0
2024-11-08,Michigan St.,Yale,5731184,100,44,2893,0
2024-11-08,Elon,Gardner-Webb,5728437,69,61,558,0
2024-11-08,Louisville,Southern Ind.,5723041,75,51,7666,0
2024-11-08,Colorado St.,Oregon St.,5732087,65,59,1108,0
2024-11-08,Middle Tenn.,Grand Canyon,5728949,57,47,3712,0
2024-11-08,Vanderbilt,Austin Peay,5737079,93,37,2343,0
2024-11-08,LSU,Northwestern St.,5730293,95,36,10226,0
2024-11-08,Utah St.,CSUN,5730054,65,69,670,0
2024-11-08,UC Davis,San Diego St.,5723330,77,83,712,0
2024-11-08,Minnesota,Vermont,5734367,74,52,3192,0
2024-11-08,North Dakota,Eastern Ill.,5734254,66,63,1712,0
2024-11-08,UC Riverside,Whittier,5738066,84,45,215,0
2024-11-08,Oklahoma,Virginia,5735327,95,51,4012,0
2024-11-08,Nevada,Bushnell,5735003,70,48,1412,0
2024-11-09,UNC Greensboro,USC Upstate,5731510,62,54,342,0
2024-11-09,La Salle,Delaware,5732433,68,54,3001,0
2024-11-09,Col. of Charleston,Robert Morris,5731904,74,69,307,0
2024-11-09,Richmond,Morgan St.,5733552,93,39,971,0
2024-11-09,Pittsburgh,Bucknell,5733922,64,61,347,0
2024-11-09,North Florida,Ga. Southern,5722491,65,81,498,0
2024-11-09,UMass Lowell,Holy Cross,5735851,49,61,276,0
2024-11-09,St. Bonaventure,Binghamton,5728754,82,61,347,0
2024-11-09,Army West Point,Saint Peter's,5731969,64,42,588,0
2024-11-09,Eastern Mich.,Alabama A&M,5733350,57,66,1147,0
2024-11-09,Xavier (LA),Grambling,5737690,55,69,712,0
2024-11-09,SMU,Old Dominion,5736468,70,79,1094,0
2024-11-09,DePaul,Princeton,5737885,58,79,1233,0
2024-11-09,Green Bay,UNI,5722602,56,71,1884,0
2024-11-09,Nebraska,Southeastern La.,5729647,78,68,5006,0
2024-11-09,Milwaukee,Butler,5723186,70,79,454,0
2024-11-09,West Virginia,Niagara,5728240,110,41,3186,0
2024-11-09,UMES,Bowie St.,5756685,65,57,900,0
2024-11-09,Fla. Atlantic,Mercer,5740551,58,48,774,0
2024-11-09,Queens (NC),Wesleyan (GA),5740619,97,29,207,0
2024-11-09,Lafayette,Saint Francis,5737096,53,45,246,0
2024-11-09,Monmouth,Brown,5732833,61,81,684,0
2024-11-09,N.C. Central,Wofford,5735010,56,75,178,0
2024-11-09,Bethune-Cookman,Fort Lauderdale,5729323,102,27,477,0
2024-11-09,Wichita St.,Belmont,5723142,55,75,1187,0
2024-11-09,Texas St.,A&M-Corpus Christi,5730287,57,62,855,0
2024-11-09,George Mason,Towson,5730037,76,55,1107,0
2024-11-09,UTSA,UTRGV,5734979,74,69,739,0
2024-11-09,Jacksonville St.,Southern Utah,5723360,77,58,519,0
2024-11-09,Saint Mary's (CA),Denver,5728913,69,64,425,0
2024-11-09,San Jose St.,California,5735773,53,82,1228,0
2024-11-09,BYU,Wyoming,5722576,76,63,1396,0
2024-11-09,Western Ky.,Kentucky St.,5735626,104,49,1042,0
2024-11-09,Southern California,Cal Poly,5730795,90,35,5216,0
2024-11-09,Fresno St.,Santa Clara,5733975,61,67,997,0
2024-11-09,Long Beach St.,William & Mary,5731856,67,65,1093,0
2024-11-09,LMU (CA),Bethesda (CA),5731749,101,43,278,0
2024-11-09,Chicago St.,Cleveland St.,5734166,67,111,360,0
2024-11-09,ETSU,Jackson St.,5736467,48,55,578,0
2024-11-09,San Francisco,UC Santa Barbara,5731086,59,37,516,0
2024-11-09,Liberty,California Baptist,5722031,72,44,1316,0
2024-11-09,Kennesaw St.,Utah Valley,5723461,61,64,470,0
2024-11-09,Sam Houston,Seattle U,5735170,69,57,174,0
2024-11-09,Kansas City,William Jewell,5723566,74,32,355,0
2024-11-09,Loyola Chicago,West Ga.,5731001,76,60,419,0
2024-11-09,Valparaiso,Purdue Fort Wayne,5723678,56,72,493,0
2024-11-09,Eastern Wash.,Walla Walla,5731472,81,33,453,0
2024-11-09,Portland St.,Hawaii,5733666,50,72,437,0
2024-11-10,Maine,Penn,5737561,52,56,1088,0
2024-11-10,Evansville,Wright St.,5736329,65,63,392,0
2024-11-10,Longwood,Hood,5723128,102,21,1036,0
2024-11-10,Le Moyne,Rhode Island,5736950,51,76,351,0
2024-11-10,LIU,Cal St. Fullerton,5725965,63,52,121,0
2024-11-10,Maryland,Duke,5723727,85,80,9042,0
2024-11-10,Massachusetts,Central Conn. St.,5728667,66,60,1054,0
2024-11-10,Georgia,Furman,5737203,74,46,1863,0
2024-11-10,Charleston So.,Coastal Carolina,5736372,53,97,479,0
2024-11-10,Ohio,Bellarmine,5736782,50,82,287,0
2024-11-10,Penn St.,Duquesne,5734346,92,83,2152,0
2024-11-10,Marshall,Northern Ky.,5733131,78,80,1245,0
2024-11-10,Xavier,Miami (OH),5729112,71,66,428,0
2024-11-10,NIU,St. Thomas (MN),5733302,68,75,1005,0
2024-11-10,McNeese,North American,5735503,77,52,2303,0
2024-11-10,Rutgers,NJIT,5730096,94,84,1548,0
2024-11-10,Cincinnati,Delaware St.,5733306,83,46,1115,0
2024-11-10,High Point,Davidson,5736411,56,53,789,0
2024-11-10,Howard,VCU,5737813,48,72,2100,0
2024-11-10,Marist,Cornell,5737120,62,56,889,0
2024-11-10,Radford,Western Caro.,5731640,53,55,902,0
2024-11-10,James Madison,East Carolina,5723873,57,51,2298,0
2024-11-10,Georgia St.,Berry,5731032,79,57,435,0
2024-11-10,Quinnipiac,Harvard,5723150,76,53,637,0
2024-11-10,Syracuse,Saint Joseph's,5723868,70,84,2215,0
2024-11-10,Winthrop,Paine,5729424,111,32,401,0
2024-11-10,Villanova,Wake Forest,5723475,64,56,1511,0
2024-11-10,TCU,New Orleans,5730198,107,52,1895,0
2024-11-10,Washington St.,Idaho,5725872,71,60,1114,0
2024-11-10,Alabama,Troy,5722131,94,71,2562,0
2024-11-10,Omaha,Western Ill.,5723352,83,89,306,0
2024-11-10,Iowa St.,Southern U.,5730697,84,56,10097,0
2024-11-10,Texas A&M,Western Mich.,5729246,86,38,3055,0
2024-11-10,Mount St. Mary's,FDU,5728869,59,63,601,0
2024-11-10,South Carolina,NC State,5728710,71,57,15424,1
2024-11-10,Southern Ill.,Eastern Ky.,5736529,49,70,483,0
2024-11-10,Memphis,Samford,5737135,88,75,802,0
2024-11-10,Ole Miss,Ark.-Pine Bluff,5732298,85,24,2879,0
2024-11-10,Missouri,Norfolk St.,5733411,54,57,2623,0
2024-11-10,North Dakota St.,Eastern Ill.,5734255,65,56,752,0
2024-11-10,Northwestern,Lehigh,5733395,68,85,1166,0
2024-11-10,Missouri St.,Tulsa,5722855,63,61,1803,0
2024-11-10,Texas,Southeast Mo. St.,5730711,119,47,6878,0
2024-11-10,Stanford,Gonzaga,5723847,89,58,3865,0
2024-11-10,Boise St.,Colorado,5736837,50,47,1537,0
2024-11-10,UNCW,Clinton,5731685,79,42,1046,0
2024-11-10,UConn,South Fla.,5728852,86,49,10299,0
2024-11-10,UC San Diego,Arizona,5729204,54,65,754,0
2024-11-10,Sacramento St.,Lincoln (CA),5723687,88,55,397,0
2024-11-10,UCLA,Colgate,5729164,81,63,3285,0
2024-11-10,Wisconsin,Georgetown,5733355,79,61,3452,0
2024-11-10,Washington,Siena,5731987,94,51,2137,0
2024-11-10,Montana,Southeastern (FL),5735181,72,60,1890,0
2024-11-10,Loyola Maryland,UMBC,5728529,54,46,658,0
2024-11-10,Iowa,Virginia Tech,5732291,71,52,15424,1
2024-11-10,Mississippi St.,Alcorn,5736643,73,45,4504,0
2024-11-10,Louisiana Tech,UT Arlington,5730598,71,60,1543,0
2024-11-10,Tennessee Tech,North Ala.,5722776,73,64,546,0
2024-11-10,Purdue,Notre Dame,5728658,58,102,5854,0
2024-11-10,UTEP,Morehead St.,5728267,68,41,1617,0
2024-11-10,Illinois,Marquette,5728743,65,53,3748,0
2024-11-10,Oregon,Baylor,5731587,76,74,6372,0
2024-11-11,Clemson,Presbyterian,5736886,81,33,6589,0
2024-11-11,ULM,La. Christian,5729772,67,48,4509,0
2024-11-11,Boston College,Northeastern,5734508,92,46,1016,0
2024-11-11,Merrimack,New Hampshire,5731524,59,49,524,0
2024-11-11,UC Irvine,William & Mary,5733141,72,55,583,0
2024-11-11,N.C. Central,Chattanooga,5735012,36,75,92,0
2024-11-11,Northern Ariz.,Fort Lewis,5738644,101,68,353,0
2024-11-11,George Washington,Virginia-Lynchburg,5736344,89,38,461,0
2024-11-11,Florida St.,Florida A&M,5731708,93,54,2274,0
2024-11-11,Old Dominion,Morgan St.,5763034,60,48,1641,0
2024-11-11,Michigan St.,Eastern Mich.,5733353,95,49,2515,0
2024-11-11,Southern Miss.,William Carey,5723089,66,47,1595,0
2024-11-11,Lipscomb,Tennessee St.,5737538,83,61,225,0
2024-11-11,Columbia,FGCU,5732043,62,51,762,0
2024-11-11,Miami (FL),Jacksonville,5729075,74,71,1907,0
2024-11-11,Creighton,Drake,5735819,80,72,1609,0
2024-11-11,Oklahoma St.,Texas Southern,5722726,87,57,1675,0
2024-11-11,Kansas,Sam Houston,5735370,66,51,2907,0
2024-11-11,UIW,Nelson,5736838,85,54,208,0
2024-11-11,Little Rock,Arkansas,5731796,60,71,1255,0
2024-11-11,Oral Roberts,UTRGV,5723477,65,58,1817,0
2024-11-11,Rice,South Alabama,5734052,76,58,567,0
2024-11-11,Northern Colo.,Air Force,5763057,66,73,605,0
2024-11-11,Fresno St.,UC Riverside,5733998,63,53,851,0
2024-11-11,San Diego St.,Idaho St.,5736539,62,51,917,0
2024-11-12,Iona,Navy,5733843,53,55,2171,0
2024-11-12,Coppin St.,Saint Francis,5722341,74,38,3247,0
2024-11-12,Gardner-Webb,ETSU,5728439,42,44,1500,0
2024-11-12,Abilene Christian,SFA,5833935,65,68,2207,0
2024-11-12,Murray St.,Southern Ind.,5723047,75,82,2713,0
2024-11-12,LSU,Charleston So.,5736564,117,44,11095,0
2024-11-12,SMU,Western Mich.,5729247,72,44,2719,0
2024-11-12,Valparaiso,Trinity Christian,5736507,81,40,675,0
2024-11-12,Tarleton St.,New Orleans,5729810,57,48,840,0
2024-11-12,Montana St.,Cal Poly,5735185,75,57,4117,0
2024-11-12,Oregon,North Texas,5731589,66,35,5065,0
2024-11-12,UCLA,Pepperdine,5728874,91,54,3898,0
2024-11-12,Purdue Fort Wayne,Defiance,5723682,104,31,1956,0
2024-11-12,Hofstra,Yale,5731186,75,61,464,0
2024-11-12,Ga. Southern,Bethune-Cookman,5723683,54,50,812,0
2024-11-12,Kentucky,Wofford,5734990,76,42,3844,0
2024-11-12,Ohio St.,Charlotte,5737492,94,53,4531,0
2024-11-12,Army West Point,Oakland,5736312,58,54,482,0
2024-11-12,Vermont,Providence,5734391,53,58,790,0
2024-11-12,Mercyhurst,Davis & Elkins,5729699,67,51,507,0
2024-11-12,Youngstown St.,St. Bonaventure,5728757,60,52,1602,0
2024-11-12,Tennessee,Middle Tenn.,5729962,89,75,9697,0
2024-11-12,Delaware,Temple,5732437,56,67,1199,0
2024-11-12,Alabama A&M,UAB,5734592,67,74,1065,0
2024-11-12,Missouri,Tulane,5733413,60,52,2627,0
2024-11-12,Seton Hall,Fordham,5734359,67,44,665,0
2024-11-12,Fairfield,Richmond,5733558,39,62,1443,0
2024-11-12,Mercer,Western Ky.,5735627,54,78,358,0
2024-11-12,Texas Tech,New Mexico,5730745,75,68,3690,0
2024-11-12,Lindenwood,Bradley,5730831,64,56,407,0
2024-11-12,UT Martin,Louisville,5810017,64,86,1453,0
2024-11-12,Cleveland St.,Bowling Green,5726043,75,68,411,0
2024-11-12,N.C. A&T,North Carolina,5733232,47,66,3593,0
2024-11-12,George Mason,Monmouth,5730039,89,66,732,0
2024-11-12,Wright St.,Indiana St.,5725954,51,68,1077,0
2024-11-12,Florida,Chicago St.,5734172,104,35,991,0
2024-11-12,West Virginia,Pittsburgh,5728241,82,54,3911,0
2024-11-12,Central Conn. St.,Bryant,5728671,48,59,502,0
2024-11-12,LIU,Rider,5725966,54,66,89,0
2024-11-12,Northwestern St.,Ark. Baptist,5730294,98,27,305,0
2024-11-12,East Texas A&M,LeTourneau,5731984,104,33,317,0
2024-11-12,Saint Louis,Illinois St.,5736009,78,71,857,0
2024-11-12,A&M-Corpus Christi,Sul Ross St.,5735623,98,54,984,0
2024-11-12,Western Ill.,Kansas City,5723342,62,43,623,0
2024-11-12,Loyola Chicago,DePaul,5731002,60,75,616,0
2024-11-12,Arizona,UNLV,5729205,75,66,7221,0
2024-11-12,Weber St.,San Diego,5729319,63,66,255,0
2024-11-12,Oregon St.,Northwest Nazarene,5737101,80,52,3479,0
2024-11-12,Nebraska,Southern U.,5736017,84,58,4326,0
2024-11-12,Minnesota,UMass Lowell,5736925,82,37,2616,0
2024-11-12,North Dakota,Dickinson St.,5735584,77,58,1200,1
2024-11-12,San Francisco,Portland St.,5733671,62,56,348,0
2024-11-12,San Jose St.,San Fran. St.,5737327,92,65,914,0
2024-11-12,Portland,Corban,5734949,108,41,403,0
2024-11-12,Colorado,Nevada,5735018,75,59,533,1
2024-11-12,Southern California,CSUN,5730055,124,39,3064,0
2024-11-13,Fla. Atlantic,North Florida,5722493,50,41,1211,0
2024-11-13,Oklahoma,Western Caro.,5735324,122,56,7757,0
2024-11-13,Mississippi St.,Alabama St.,5736640,83,29,6585,0
2024-11-13,Queens (NC),Winthrop,5722021,52,69,948,0
2024-11-13,BYU,Colorado St.,5722577,69,55,5154,0
2024-11-13,Nicholls,Grambling,5737689,76,61,465,0
2024-11-13,Utah Tech,Stonehill,5732332,86,89,327,0
2024-11-13,Marshall,Elon,5733132,65,56,966,0
2024-11-13,Drexel,La Salle,5734341,73,40,652,0
2024-11-13,Akron,Robert Morris,5733424,53,59,701,0
2024-11-13,NJIT,Sacred Heart,5735646,73,52,385,0
2024-11-13,Virginia Tech,UNC Asheville,5733823,85,62,4606,0
2024-11-13,Coastal Carolina,UNC Greensboro,5731511,69,62,858,0
2024-11-13,Penn,Siena,5731989,78,47,329,0
2024-11-13,Prairie View,Jarvis Christian,5756665,105,62,164,0
2024-11-13,Ball St.,Memphis,5737166,95,66,1809,0
2024-11-13,Cincinnati,Davidson,5733310,68,50,821,0
2024-11-13,South Carolina St.,USC Upstate,5737756,52,60,353,0
2024-11-13,Rhode Island,Maine,5737164,53,57,962,0
2024-11-13,Wichita St.,Missouri St.,5723151,77,82,1045,0
2024-11-13,Iowa,Toledo,5731010,94,57,14998,0
2024-11-13,Southern Ill.,ULM,5729774,66,79,322,0
2024-11-13,Alabama,Norfolk St.,5737082,68,58,2303,0
2024-11-13,FDU,Bucknell,5732821,67,56,287,0
2024-11-13,Marist,Lafayette,5737097,73,41,861,0
2024-11-13,Loyola Maryland,St. John's (NY),5736321,61,69,353,0
2024-11-13,Brown,Holy Cross,5734724,53,68,326,0
2024-11-13,Virginia,Radford,5731641,83,41,3754,0
2024-11-13,Syracuse,Maryland,5733742,73,84,2427,0
2024-11-13,FIU,Jacksonville,5729102,54,72,511,0
2024-11-13,Butler,Indiana,5730447,56,46,4135,0
2024-11-13,American,Longwood,5723113,41,59,528,0
2024-11-13,South Dakota,LMU (CA),5731750,67,71,1394,0
2024-11-13,Col. of Charleston,N.C. Central,5731905,84,54,322,0
2024-11-13,Stetson,Edward Waters,5736653,76,38,222,0
2024-11-13,UMES,Buffalo,5722060,46,56,129,0
2024-11-13,Notre Dame,James Madison,5723876,92,46,6716,0
2024-11-13,Princeton,Villanova,5723478,70,61,925,0
2024-11-13,Mount St. Mary's,Howard,5728871,35,39,518,0
2024-11-13,TCU,Texas St.,5730288,90,31,2273,0
2024-11-13,South Dakota St.,Wisconsin,5733363,79,57,3167,0
2024-11-13,UIC,Green Bay,5723595,71,74,667,0
2024-11-13,Texas,Lamar University,5722721,95,58,6243,0
2024-11-13,Dartmouth,UAlbany,5737225,53,58,767,0
2024-11-13,Utah Valley,Park (AZ),5725842,100,37,636,0
2024-11-13,Arkansas St.,Mississippi Val.,5730592,114,54,693,0
2024-11-13,Wyoming,Regis (CO),5731719,69,57,2087,0
2024-11-13,Fresno St.,Southern Utah,5734011,67,59,887,0
2024-11-13,Idaho,Walla Walla,5734148,76,51,1195,0
2024-11-13,Stanford,UC Davis,5723336,69,56,2499,0
2024-11-14,Presbyterian,UNCW,5731686,74,78,880,0
2024-11-14,Penn St.,Niagara,5734940,101,45,2311,0
2024-11-14,UIW,Texas Lutheran,5736843,57,51,0,0
2024-11-14,Utah St.,CSU Bakersfield,5731263,67,51,3450,0
2024-11-14,UC San Diego,Saint Mary's (CA),5728915,65,74,2649,0
2024-11-14,Miami (OH),Tiffin,5729118,84,53,415,0
2024-11-14,Morgan St.,Towson,5736661,64,63,1957,0
2024-11-14,Delaware St.,Ole Miss,5732304,42,80,300,0
2024-11-14,Florida St.,Samford,5731709,101,68,1316,0
2024-11-14,Chattanooga,Troy,5722132,66,76,1235,0
2024-11-14,Georgia,Georgia St.,5731035,60,66,1472,0
2024-11-14,East Carolina,Furman,5730461,67,51,884,0
2024-11-14,Arizona St.,Grand Canyon,5728953,59,70,4622,1
2024-11-14,Michigan St.,Eastern Ky.,5756766,96,54,2631,0
2024-11-14,Kansas St.,Creighton,5722821,86,68,5436,0
2024-11-14,Campbell,High Point,5736716,60,47,705,0
2024-11-14,South Carolina,Coppin St.,5722355,92,60,15550,0
2024-11-14,Harvard,Boston College,5723155,78,70,694,0
2024-11-14,Duke,Dayton,5723737,84,49,1976,0
2024-11-14,Northeastern,New Hampshire,5731525,31,58,398,0
2024-11-14,Georgia Tech,West Ga.,5734307,88,53,1147,0
2024-11-14,William & Mary,Chowan,5731857,66,42,717,0
2024-11-14,Cornell,Binghamton,5737634,68,51,675,0
2024-11-14,Northwestern,Utah,5733398,71,69,1114,0
2024-11-14,Michigan,Central Mich.,5732224,99,62,2423,0
2024-11-14,Alabama,Alcorn,5737085,88,59,2435,0
2024-11-14,Evansville,Southeast Mo. St.,5730714,70,55,225,0
2024-11-14,Milwaukee,Valparaiso,5723193,90,79,574,0
2024-11-14,Illinois,Eastern Ill.,5728745,84,37,3645,0
2024-11-14,New Mexico St.,UTSA,5737444,61,75,812,0
2024-11-14,South Fla.,Vanderbilt,5728855,49,62,2606,0
2024-11-14,NC State,Kent St.,5728711,79,51,4368,0
2024-11-14,Manhattan,LIU,5725967,73,50,313,0
2024-11-14,Navy,Wagner,5729502,79,46,302,0
2024-11-14,Arkansas,UT Arlington,5738226,93,65,2221,0
2024-11-14,Iowa St.,St. Thomas (MN),5730699,80,47,9951,0
2024-11-14,Belmont,Kennesaw St.,5730498,75,47,756,0
2024-11-14,Kansas,Omaha,5735372,75,56,2794,0
2024-11-14,Purdue,IU Indy,5723912,83,64,3432,0
2024-11-14,Tennessee Tech,Jackson St.,5722790,84,56,626,0
2024-11-14,Auburn,Little Rock,5722893,82,48,2682,0
2024-11-14,Rice,Houston,5722102,60,48,869,0
2024-11-14,Baylor,East Texas A&M,5731988,104,55,3510,0
2024-11-14,Boise St.,UC Riverside,5736999,72,57,1090,0
2024-11-14,Gonzaga,California,5734144,65,86,5060,0
2024-11-14,Washington,Eastern Wash.,5731473,83,59,1925,0
2024-11-14,Montana,Cal Poly,5734871,55,65,1863,0
2024-11-14,UC Santa Barbara,Nevada,5731087,73,80,492,0
2024-11-14,Cal St. Fullerton,Sacramento St.,5723694,40,67,266,0
2024-11-15,Richmond,Gardner-Webb,5728441,92,44,2914,0
2024-11-15,Rutgers,Iona,5730097,81,53,3349,0
2024-11-15,Saint Francis,Canisius,5724002,46,48,1418,0
2024-11-15,Wright St.,Tennessee St.,5736954,77,65,5912,0
2024-11-15,Lindenwood,Harris-Stowe,5732102,87,61,1102,0
2024-11-15,Southern California,Santa Clara,5734896,81,50,3594,0
2024-11-15,Old Dominion,Bowie St.,5810368,77,50,1699,0
2024-11-15,Penn,Saint Joseph's,5723871,57,68,632,0
2024-11-15,Rider,Bryant,5733581,54,62,489,0
2024-11-15,Coastal Carolina,Union Commonwealth,5736987,105,43,775,0
2024-11-15,Army West Point,Air Force,5763048,57,51,948,0
2024-11-15,Massachusetts,Monmouth,5732847,76,53,964,0
2024-11-15,Northern Ky.,Cedarville,5737770,81,67,1193,0
2024-11-15,North Carolina,UConn,5735245,58,69,10467,1
2024-11-15,Yale,Stony Brook,5722756,48,62,453,0
2024-11-15,Colgate,Central Conn. St.,5728675,74,60,256,0
2024-11-15,Youngstown St.,Clarion,5835023,69,52,342,0
2024-11-15,North Ala.,South Alabama,5735987,71,62,1939,0
2024-11-15,UNC Asheville,Charlotte,5734671,47,59,316,0
2024-11-15,Lipscomb,ETSU,5734785,62,61,225,0
2024-11-15,VCU,Temple,5756721,55,59,6093,0
2024-11-15,Fordham,Saint Peter's,5731970,64,56,204,0
2024-11-15,Indiana St.,Austin Peay,5725955,56,74,1140,0
2024-11-15,Southern Ind.,Ind.-Southeast,5723057,88,41,955,0
2024-11-15,Southeastern La.,Southern Miss.,5722892,68,61,1338,0
2024-11-15,Xavier,Mercyhurst,5729704,68,53,604,0
2024-11-15,West Virginia,Texas A&M,5728243,83,62,3714,0
2024-11-15,South Carolina St.,Jacksonville St.,5723370,41,72,100,0
2024-11-15,Western Ill.,Missouri,5723347,55,75,1853,0
2024-11-15,LSU,Murray St.,5736569,74,60,10181,0
2024-11-15,North Dakota St.,Jamestown,5735691,88,50,785,0
2024-11-15,New Mexico,Western N.M.,5730746,85,56,4521,0
2024-11-15,Pacific,Long Beach St.,5733696,81,65,553,0
2024-11-15,UNLV,Stonehill,5730245,93,57,835,0
2024-11-16,Ga. Southern,Longwood,5723138,68,64,503,0
2024-11-16,Tennessee,Liberty,5722032,109,93,9109,0
2024-11-16,Bowling Green,St. Bonaventure,5726042,92,41,1513,0
2024-11-16,Ohio,George Washington,5736353,52,40,584,0
2024-11-16,Akron,Cleveland St.,5733433,85,74,518,0
2024-11-16,Florida,Miami (FL),5736581,73,83,1724,0
2024-11-16,Abilene Christian,North Texas,5733618,60,71,709,0
2024-11-16,UNCW,Apprentice,5731688,103,22,522,0
2024-11-16,Detroit Mercy,Bellarmine,5737239,73,71,749,0
2024-11-16,Vermont,Holy Cross,5734397,67,50,877,0
2024-11-16,UTEP,UTSA,5734157,73,78,1041,0
2024-11-16,Dartmouth,UMass Lowell,5737226,57,41,473,0
2024-11-16,UAlbany,Sacred Heart,5735647,61,49,1231,0
2024-11-16,Fla. Atlantic,Bethune-Cookman,5729324,78,49,826,0
2024-11-16,Virginia Tech,Coppin St.,5722342,86,51,4890,0
2024-11-16,UMES,Virginia-Lynchburg,5756686,75,32,371,0
2024-11-16,SIUE,Loyola Chicago,5729632,52,57,669,0
2024-11-16,Villanova,Columbia,5723483,68,67,1518,0
2024-11-16,Tarleton St.,Northwestern St.,5729812,73,56,677,0
2024-11-16,California Baptist,Pepperdine,5728926,64,75,740,0
2024-11-16,USC Upstate,Western Caro.,5736772,52,80,237,0
2024-11-16,Delaware St.,Cheyney,5734754,80,44,250,0
2024-11-16,Quinnipiac,Princeton,5734293,74,66,685,0
2024-11-16,Chicago St.,Arizona,5729206,48,84,333,0
2024-11-16,UNI,Ball St.,5722603,70,76,2338,0
2024-11-16,Wichita St.,St. Thomas (MN),5723159,69,64,986,0
2024-11-16,Colorado St.,Columbia (MO),5732975,85,28,1288,0
2024-11-16,Minnesota,Oregon St.,5736926,73,38,1336,1
2024-11-16,Oklahoma St.,Fairfield,5722731,64,62,2176,0
2024-11-16,Tulane,Grambling,5737691,89,65,532,0
2024-11-16,UAB,Mississippi Val.,5737329,92,66,360,0
2024-11-16,UNC Greensboro,App State,5731512,68,55,528,0
2024-11-16,UCF,Stetson,5736654,89,58,1225,0
2024-11-16,Utah Valley,CSU Bakersfield,5723512,72,48,457,0
2024-11-16,San Diego St.,San Francisco,5737233,73,62,990,0
2024-11-16,Southern Utah,Idaho,5725875,53,66,355,0
2024-11-16,Seton Hall,Bryant,5734361,55,39,763,0
2024-11-16,UC Irvine,Saint Mary's (CA),5728916,64,61,548,0
2024-11-16,Kennesaw St.,Erskine,5730499,94,44,482,0
2024-11-16,IU Indy,Southern Ill.,5723917,80,85,531,0
2024-11-16,Hampton,Norfolk St.,5730411,53,62,2752,0
2024-11-16,Arizona St.,SMU,5733529,80,73,1356,1
2024-11-16,New Hampshire,Boston U.,5731526,69,60,270,0
2024-11-16,Kentucky,Louisville,5735000,71,61,6117,0
2024-11-16,Texas Tech,Washington St.,5735016,56,52,4467,0
2024-11-16,Merrimack,Bucknell,5733923,62,59,247,0
2024-11-16,Duquesne,Niagara,5734348,100,65,835,0
2024-11-16,SFA,Louisiana Tech,5728393,70,56,1031,0
2024-11-16,Elon,Kent St.,5733749,66,63,691,0
2024-11-16,South Dakota,Nebraska,5735559,70,113,3297,1
2024-11-16,UT Martin,Central Ark.,5756761,67,87,1103,0
2024-11-16,Davidson,Wofford,5735950,74,63,792,0
2024-11-16,Idaho St.,BYU,5722579,68,77,2133,0
2024-11-16,Seattle U,Portland St.,5733675,57,67,536,0
2024-11-16,Utah Tech,Weber St.,5729318,81,78,665,0
2024-11-17,Maryland,Towson,5733740,98,63,5108,0
2024-11-17,Boston College,Providence,5736466,67,60,1562,0
2024-11-17,High Point,Denver,5736724,63,55,783,0
2024-11-17,Michigan,Oakland,5735114,88,42,2643,0
2024-11-17,Brown,Lehigh,5734727,55,62,321,0
2024-11-17,Radford,Navy,5731643,73,78,286,1
2024-11-17,Maine,Harvard,5723160,41,83,1144,0
2024-11-17,Penn St.,Monmouth,5732864,100,55,1751,0
2024-11-17,Miami (OH),Austin Peay,5729121,59,52,522,0
2024-11-17,Central Mich.,Bradley,5730832,57,66,1019,0
2024-11-17,Dayton,Tennessee St.,5729871,76,58,1902,0
2024-11-17,FGCU,NJIT,5737940,73,53,1732,0
2024-11-17,Binghamton,Pittsburgh,5737591,56,61,1207,0
2024-11-17,Baylor,A&M-Corpus Christi,5733973,65,42,3435,0
2024-11-17,Minnesota,SMU,5736476,65,56,1738,1
2024-11-17,Saint Francis,Loyola Maryland,5738131,52,65,420,0
2024-11-17,Syracuse,FDU,5732826,77,58,2259,0
2024-11-17,Georgia Tech,Georgia,5734308,83,67,2551,0
2024-11-17,Rhode Island,St. John's (NY),5736322,45,60,1115,0
2024-11-17,Mercer,N.C. A&T,5733241,46,38,419,0
2024-11-17,Virginia,La Salle,5734342,76,47,4054,0
2024-11-17,South Carolina,East Carolina,5730462,95,44,18000,0
2024-11-17,Toledo,Northern Ky.,5731011,76,73,4023,0
2024-11-17,South Fla.,UTRGV,5728857,57,45,2460,0
2024-11-17,Indiana,Stanford,5723851,79,66,10351,0
2024-11-17,James Madison,Gardner-Webb,5723878,102,69,2240,0
2024-11-17,Lafayette,Notre Dame,5728665,55,91,2329,0
2024-11-17,UMBC,Morgan St.,5728532,81,72,687,0
2024-11-17,Wake Forest,Winthrop,5722022,66,50,897,0
2024-11-17,Houston,Houston Christian,5722103,54,52,751,0
2024-11-17,Morehead St.,Lipscomb,5728268,53,71,455,0
2024-11-17,Kansas,North Ala.,5735373,81,64,3229,0
2024-11-17,Drake,Iowa,5733331,73,86,6424,0
2024-11-17,Texas A&M,Northwestern St.,5730295,75,54,3279,0
2024-11-17,Rice,Sam Houston,5730150,65,60,733,0
2024-11-17,Tulsa,Oral Roberts,5722873,56,67,1880,0
2024-11-17,Illinois St.,Le Moyne,5736495,71,55,3974,0
2024-11-17,Middle Tenn.,Alcorn,5729964,80,48,3602,0
2024-11-17,Mississippi St.,Chattanooga,5736646,69,44,4037,0
2024-11-17,Southern Ind.,Saint Louis,5723064,71,59,1009,0
2024-11-17,Eastern Ky.,Southeast Mo. St.,5730716,89,61,261,0
2024-11-17,Belmont,Ohio St.,5731951,63,67,1814,0
2024-11-17,Wisconsin,Milwaukee,5723200,82,45,3410,0
2024-11-17,ULM,Alabama,5729775,52,75,1721,0
2024-11-17,Vanderbilt,Butler,5730446,81,52,2615,0
2024-11-17,TCU,NC State,5728715,76,73,3220,0
2024-11-17,North Dakota,Green Bay,5723597,63,66,1599,0
2024-11-17,South Dakota St.,Duke,5723743,71,75,4582,0
2024-11-17,Northern Colo.,Utah St.,5738076,85,57,581,0
2024-11-17,Gonzaga,Wyoming,5731720,62,51,5288,0
2024-11-17,Montana,Washington,5734875,82,68,2145,0
2024-11-17,Montana St.,UC Davis,5723348,77,59,1457,0
2024-11-17,Arizona St.,Oregon St.,5733536,79,60,1738,1
2024-11-17,Sacramento St.,Long Beach St.,5723697,68,69,411,0
2024-11-17,UC Santa Barbara,San Jose St.,5731090,86,76,501,0
2024-11-17,UC San Diego,Fresno St.,5734016,53,65,1002,0
2024-11-17,Eastern Wash.,Portland,5731475,62,74,1090,0
2024-11-17,Pacific,Northern Ariz.,5733698,63,68,522,0
2024-11-17,Western Mich.,Michigan St.,5729245,42,79,2051,0
2024-11-17,Manhattan,Hofstra,5737631,62,49,174,0
2024-11-17,Samford,Fisk,5756636,112,61,303,0
2024-11-17,Marshall,George Mason,5730041,56,69,1037,0
2024-11-17,Colorado,Southern U.,5736841,65,45,2393,0
2024-11-17,DePaul,Texas,5737787,61,91,1725,0
2024-11-17,UCLA,Arkansas,5736928,101,52,2255,0
2024-11-18,Illinois,Le Moyne,5728748,94,25,13486,0
2024-11-18,Marquette,Ill. Springfield,5731853,92,37,3750,0
2024-11-18,South Dakota,Bellevue,5735562,74,50,1468,0
2024-11-18,Ole Miss,Jackson St.,5732305,76,44,8653,0
2024-11-18,Boise St.,Col. of Idaho,5737004,86,34,3488,0
2024-11-18,Chicago St.,Western Ill.,5723338,75,93,140,0
2024-11-18,Buffalo,Cedarville,5722061,77,57,987,0
2024-11-18,Florida St.,N.C. Central,5731710,119,57,1332,0
2024-11-18,Kentucky,Purdue Fort Wayne,5723688,79,67,4156,0
2024-11-18,Jacksonville,Florida A&M,5729076,58,50,563,0
2024-11-18,Charlotte,Charleston So.,5737493,59,63,559,0
2024-11-18,Cincinnati,Seton Hall,5733313,68,69,903,0
2024-11-18,Purdue,Bellarmine,5734458,78,67,3415,0
2024-11-18,Lindenwood,Evansville,5732103,71,69,472,0
2024-11-18,Ark.-Pine Bluff,Tex. A&M-Texarkana,5737926,63,38,346,0
2024-11-18,Dartmouth,Vermont,5734401,37,61,496,0
2024-11-18,Queens (NC),Longwood,5723152,66,80,207,0
2024-11-18,Stony Brook,Marist,5722762,69,49,651,0
2024-11-18,UIW,Prairie View,5736861,68,49,94,0
2024-11-18,East Texas A&M,UT Arlington,5731992,71,73,256,0
2024-11-18,Kansas St.,Little Rock,5722828,73,43,3437,0
2024-11-18,LSU,Troy,5722133,98,59,9735,0
2024-11-18,Texas St.,Sul Ross St.,5730289,99,65,674,0
2024-11-18,Oregon,Grand Canyon,5728954,70,54,4518,0
2024-11-18,Utah,McNeese,5734736,118,50,3129,0
2024-11-18,Pepperdine,UC Riverside,5728927,55,52,183,0
2024-11-19,Youngstown St.,Mercyhurst,5729706,64,56,3539,0
2024-11-19,Bethune-Cookman,Trinity Baptist,5729325,117,34,711,0
2024-11-19,UCF,North Florida,5722494,82,53,2578,0
2024-11-19,Delaware,Colgate,5732445,88,82,4631,0
2024-11-19,UNC Greensboro,UNC Asheville,5731513,59,48,763,0
2024-11-19,UT Martin,Missouri St.,5735595,74,66,2483,0
2024-11-19,Samford,Montevallo,5756637,87,71,873,0
2024-11-19,New Orleans,South Alabama,5730200,57,67,1865,0
2024-11-19,Alabama A&M,Kansas City,5723578,57,52,4237,0
2024-11-19,Loyola Chicago,Valparaiso,5731003,70,62,451,0
2024-11-19,Virginia Tech,Rutgers,5730098,91,80,4644,0
2024-11-19,Canisius,St. Bonaventure,5728759,63,66,785,0
2024-11-19,Georgia St.,Western Caro.,5731037,68,64,287,0
2024-11-19,Cornell,Bryant,5740532,53,60,258,0
2024-11-19,Texas Tech,Abilene Christian,5733622,66,40,3907,0
2024-11-19,Wichita St.,Oklahoma,5723163,49,79,1574,0
2024-11-19,SIUE,Roosevelt,5729633,73,44,467,0
2024-11-19,Santa Clara,Jessup,5734899,67,41,132,0
2024-11-19,Furman,USC Upstate,5737758,81,53,263,0
2024-11-19,Campbell,ETSU,5756674,58,51,771,0
2024-11-19,Brown,JWU (Providence),5734730,104,47,282,0
2024-11-19,Stetson,Fla. Atlantic,5736656,75,63,293,0
2024-11-19,Miami (FL),FIU,5733604,79,51,2270,0
2024-11-19,Wofford,Southern Wesleyan,5735951,95,35,153,0
2024-11-19,Georgetown,Temple,5735670,65,51,743,0
2024-11-19,Xavier,Arkansas St.,5730593,45,41,256,0
2024-11-19,Yale,Merrimack,5731188,45,50,372,0
2024-11-19,West Virginia,Bowling Green,5726041,78,47,2772,0
2024-11-19,Harvard,Northeastern,5723167,89,37,514,0
2024-11-19,Louisiana Tech,Mississippi Val.,5730601,66,59,989,0
2024-11-19,SFA,Wiley,5728551,104,40,875,0
2024-11-19,Middle Tenn.,Tennessee Tech,5722795,69,52,3902,0
2024-11-19,Nicholls,Alcorn,5756695,74,55,256,0
2024-11-19,Memphis,Southeastern La.,5729660,57,63,915,0
2024-11-19,Nebraska,North Ala.,5736018,85,48,4414,0
2024-11-19,Air Force,UC-Colo. Springs,5810792,71,52,588,0
2024-11-19,Colorado St.,Southern U.,5732091,78,47,1084,0
2024-11-19,Cal Poly,LIFE Pacific,5737121,82,36,337,0
2024-11-19,BYU,McNeese,5722578,85,64,1488,0
2024-11-19,Colorado,Utah St.,5736874,95,65,2573,0
2024-11-19,Portland,Seattle U,5734951,78,55,415,0
2024-11-19,UNLV,San Diego,5730246,88,54,848,0
2024-11-20,Pittsburgh,Delaware St.,5734761,80,45,2622,0
2024-11-20,Morgan St.,Washington Adventist,5763035,85,45,1790,0
2024-11-20,East Carolina,Howard,5730463,65,44,6865,0
2024-11-20,Texas,Tarleton St.,5729813,83,41,6173,0
2024-11-20,Oklahoma St.,Central Ark.,5722751,89,58,4714,0
2024-11-20,UC Riverside,Idaho,5725876,42,56,88,0
2024-11-20,Clemson,South Carolina,5735876,45,77,5008,0
2024-11-20,Michigan,LIU,5725968,96,31,2012,0
2024-11-20,Bucknell,Mount St. Mary's,5728875,63,47,289,0
2024-11-20,Massachusetts,Holy Cross,5735852,70,75,940,0
2024-11-20,Drexel,UC Irvine,5733145,47,57,430,0
2024-11-20,Iona,Col. of Charleston,5731906,41,77,1041,0
2024-11-20,NJIT,Army West Point,5737941,68,69,345,0
2024-11-20,Chattanooga,King (TN),5737137,75,34,1289,0
2024-11-20,George Washington,Towson,5736359,69,57,506,0
2024-11-20,UMass Lowell,Rhode Island,5737168,35,81,267,0
2024-11-20,Boston College,New Hampshire,5731527,80,45,647,0
2024-11-20,App State,Clinton,5731713,101,44,262,0
2024-11-20,La Salle,Rider,5733601,55,54,211,0
2024-11-20,UMBC,American,5723374,50,45,273,0
2024-11-20,Michigan St.,Detroit Mercy,5737249,101,44,2812,0
2024-11-20,Chicago St.,NIU,5733315,68,77,143,0
2024-11-20,Iowa,Kansas,5733344,71,58,3347,1
2024-11-20,North Texas,Northwestern St.,5722794,62,59,1491,0
2024-11-20,UNI,Iowa St.,5722604,87,75,5304,0
2024-11-20,Virginia,Alabama St.,5736558,85,50,3675,0
2024-11-20,Robert Morris,Saint Francis,5738016,55,58,397,0
2024-11-20,Ohio,Ohio St.,5736786,42,106,4820,0
2024-11-20,Norfolk St.,Radford,5731645,71,65,819,0
2024-11-20,UConn,FDU,5732830,85,41,10299,0
2024-11-20,Kent St.,Duquesne,5734349,81,61,1147,0
2024-11-20,Columbia,Pacific,5732044,84,50,742,0
2024-11-20,Syracuse,UAlbany,5736679,70,73,2038,0
2024-11-20,West Ga.,Florida A&M,5734241,65,54,722,0
2024-11-20,Wake Forest,George Mason,5730043,41,50,744,0
2024-11-20,James Madison,Saint Peter's,5723888,73,32,2518,0
2024-11-20,Fairfield,Central Conn. St.,5728737,82,54,624,0
2024-11-20,South Fla.,Jacksonville,5728858,75,57,2407,0
2024-11-20,Butler,Indiana St.,5725956,80,55,877,0
2024-11-20,Villanova,Penn,5723491,80,64,1121,0
2024-11-20,UNCW,Winthrop,5722023,66,48,739,0
2024-11-20,Manhattan,Fordham,5809682,65,58,800,0
2024-11-20,Ark.-Pine Bluff,Ark. Baptist,5737931,71,39,397,0
2024-11-20,Vanderbilt,Hampton,5730412,94,45,2353,0
2024-11-20,UTSA,A&M-Corpus Christi,5735624,62,43,743,0
2024-11-20,Kansas St.,Milwaukee,5722837,111,46,3438,0
2024-11-20,Mississippi St.,Mercer,5736659,81,44,4003,0
2024-11-20,Jacksonville St.,UAB,5723397,68,56,1020,0
2024-11-20,Missouri,Saint Louis,5733420,112,59,2698,0
2024-11-20,Northern Ariz.,Arizona,5729208,92,75,487,0
2024-11-20,New Mexico St.,Western N.M.,5737476,78,41,1437,0
2024-11-20,California Baptist,San Diego St.,5737460,66,78,758,0
2024-11-20,Minnesota,Eastern Ill.,5734256,81,52,2946,0
2024-11-20,Sam Houston,St. Thomas (TX),5736723,86,48,426,0
2024-11-20,LSU,Tulane,5736572,85,74,10005,0
2024-11-20,Southern Utah,Saint Joseph's,5723879,53,82,369,0
2024-11-20,Oregon,Auburn,5722899,70,68,5067,0
2024-11-20,UC Davis,Sacramento St.,5723351,76,45,783,0
2024-11-20,New Mexico,South Carolina St.,5730747,80,38,4423,0
2024-11-20,California,Grambling,5735778,86,63,1153,0
2024-11-21,Bradley,IU Indy,5723922,72,47,3386,0
2024-11-21,TCU,UIW,5736352,81,43,5379,0
2024-11-21,Washington,Cal St. Fullerton,5732195,62,58,1575,0
2024-11-21,Oakland,St. Thomas (MN),5733304,62,73,244,0
2024-11-21,Texas Southern,East Texas A&M,5731995,86,87,373,0
2024-11-21,Georgia,Tulsa,5728451,60,44,673,1
2024-11-21,NC State,Coastal Carolina,5728719,89,68,4206,0
2024-11-21,Sacred Heart,Monmouth,5732869,63,56,1686,0
2024-11-21,Quinnipiac,Cornell,5734290,56,47,365,0
2024-11-21,Penn,UC Irvine,5733161,68,72,203,0
2024-11-21,Boston U.,Maine,5737008,67,57,459,0
2024-11-21,Richmond,William & Mary,5731858,82,47,1054,0
2024-11-21,Old Dominion,VCU,5810369,53,51,1949,0
2024-11-21,Charlotte,Gardner-Webb,5728442,83,67,560,0
2024-11-21,Bellarmine,Wright St.,5736956,79,71,472,0
2024-11-21,Eastern Mich.,Purdue Fort Wayne,5723698,49,94,1142,0
2024-11-21,UMES,Cheyney,5756687,67,42,179,0
2024-11-21,Houston Christian,Utah Tech,5732302,57,51,409,0
2024-11-21,Seton Hall,Princeton,5734362,75,78,816,0
2024-11-21,Abilene Christian,Western Ky.,5733625,64,68,624,0
2024-11-21,N.C. A&T,Winston-Salem,5733248,68,42,2094,0
2024-11-21,San Francisco,Boise St.,5737013,57,59,453,1
2024-11-21,Green Bay,DePaul,5723598,70,57,1869,0
2024-11-21,Arkansas,Oral Roberts,5723482,73,94,2277,0
2024-11-21,Wofford,High Point,5735952,71,65,311,0
2024-11-21,St. John's (NY),Marist,5736325,69,49,321,0
2024-11-21,Dayton,Providence,5729879,65,61,1457,0
2024-11-21,Louisville,Morehead St.,5728269,107,70,7344,0
2024-11-21,Duke,Belmont,5723747,79,47,2147,0
2024-11-21,Wisconsin,UIC,5733371,61,57,2728,0
2024-11-21,Penn St.,Marshall,5730434,74,59,657,1
2024-11-21,Houston,Alcorn,5722104,73,48,608,0
2024-11-21,South Dakota,N.C. Central,5735017,61,54,1362,0
2024-11-21,San Jose St.,Kennesaw St.,5730501,68,64,321,0
2024-11-21,North Dakota,Montana,5734877,59,71,1548,0
2024-11-21,Gonzaga,Rice,5730151,72,69,4876,0
2024-11-21,Idaho St.,Westminster (UT),5736537,64,43,760,0
2024-11-21,UC Santa Barbara,Cal Lutheran,5731091,96,60,489,0
2024-11-22,Miami (OH),Hiram,5729125,97,41,505,0
2024-11-22,Missouri,Little Rock,5731797,78,49,4681,0
2024-11-22,Wyoming,Colo. Christian,5731721,80,54,4766,0
2024-11-22,Washington,Prairie View,5737028,65,50,1665,0
2024-11-22,Denver,Christian Brothers,5737424,78,48,301,0
2024-11-22,Hawaii,ULM,5729777,69,64,2694,1
2024-11-22,Creighton,Nebraska,5736019,80,74,2374,0
2024-11-22,Cincinnati,Georgetown,5735671,59,57,902,1
2024-11-22,Miami (FL),Campbell,5737280,71,66,2259,0
2024-11-22,SMU,Lamar University,5722734,56,54,802,0
2024-11-22,Lehigh,Hofstra,5736676,80,61,488,0
2024-11-22,Bryant,Stonehill,5735839,82,71,391,0
2024-11-22,LIU,Binghamton,5725969,54,65,250,0
2024-11-22,Canisius,Buffalo,5722062,50,62,550,0
2024-11-22,Alabama Huntsville,Alabama A&M,5835204,68,71,828,0
2024-11-22,Presbyterian,Western Caro.,5736775,41,71,329,0
2024-11-22,UNC Greensboro,Livingstone,5731514,79,41,262,0
2024-11-22,USC Upstate,Queens (NC),5734794,58,65,178,0
2024-11-22,Louisiana,Nicholls,5729036,60,55,417,0
2024-11-22,UCF,SIUE,5729634,81,71,615,0
2024-11-22,Mercer,Charleston So.,5737952,59,48,498,0
2024-11-22,Wagner,Northeastern,5729501,56,71,226,0
2024-11-22,West Virginia,Lafayette,5728244,98,28,3042,0
2024-11-22,Toledo,Long Beach St.,5731012,79,72,4046,0
2024-11-22,Florida St.,Florida,5731711,98,74,2894,0
2024-11-22,Vanderbilt,Samford,5756638,104,59,2524,0
2024-11-22,Utah Valley,LMU (CA),5723515,68,76,474,0
2024-11-22,Tennessee St.,Akron,5733445,72,68,98,0
2024-11-22,Texas St.,SFA,5728401,60,79,753,0
2024-11-22,Illinois,Oregon St.,5728750,85,66,3891,0
2024-11-22,Kansas City,Lindenwood,5723586,62,67,643,0
2024-11-22,Southern Utah,Bethesda (CA),5737152,86,45,349,0
2024-11-22,Air Force,UC San Diego,5737354,67,64,691,0
2024-11-22,CSU Bakersfield,San Diego St.,5728489,46,88,295,0
2024-11-22,Fresno St.,CSUN,5730056,90,73,907,0
2024-11-22,Utah,Saint Joseph's,5723882,72,71,1901,0
2024-11-22,California,Auburn,5722905,63,59,1341,0
2024-11-22,North Dakota St.,Vermont,5729173,58,50,550,1
2024-11-22,Saint Mary's (CA),Eastern Wash.,5730250,59,57,2694,1
2024-11-22,UNLV,Oklahoma,5730247,58,88,2753,0
2024-11-22,Nevada,Weber St.,5729317,62,66,1519,0
2024-11-22,Stanford,Morgan St.,5723854,91,49,2540,0
2024-11-22,Alas. Anchorage,Troy,5728951,73,80,1102,1
2024-11-23,Bucknell,Youngstown St.,5733925,51,36,198,0
2024-11-23,George Washington,Ga. Southern,5723691,56,46,358,0
2024-11-23,Marshall,Tulsa,5728452,84,80,736,1
2024-11-23,FDU,Saint Peter's,5731971,67,50,185,0
2024-11-23,Gardner-Webb,Johnson C. Smith,5728443,88,67,55,0
2024-11-23,Wake Forest,Davidson,5734566,60,55,859,0
2024-11-23,St. Bonaventure,Colgate,5728762,72,82,303,0
2024-11-23,Longwood,Navy,5723178,61,75,1092,0
2024-11-23,Lipscomb,Evansville,5736336,86,79,327,0
2024-11-23,Massachusetts,Army West Point,5737853,50,56,959,0
2024-11-23,UNCW,Norfolk St.,5731689,52,71,667,0
2024-11-23,Rhode Island,Brown,5734737,63,58,1059,0
2024-11-23,Northwestern,Harvard,5723173,50,75,926,0
2024-11-23,Detroit Mercy,Western Mich.,5737265,72,63,411,0
2024-11-23,Pittsburgh,Robert Morris,5737601,64,51,219,0
2024-11-23,Kent St.,Xavier,5736763,89,69,1059,0
2024-11-23,FIU,Fla. Atlantic,5733609,52,62,590,0
2024-11-23,Baylor,Southern Miss.,5722735,101,55,990,1
2024-11-23,Saint Louis,Missouri St.,5735596,68,91,725,0
2024-11-23,Wisconsin,Omaha,5733376,67,65,3014,0
2024-11-23,McNeese,Utah Tech,5732303,69,79,2430,0
2024-11-23,San Jose St.,CSUN,5730057,62,44,514,0
2024-11-23,Temple,Drexel,5734716,52,43,1453,0
2024-11-23,Merrimack,NJIT,5733553,87,76,449,0
2024-11-23,Holy Cross,Boston College,5735855,55,81,1074,0
2024-11-23,Virginia Tech,Elon,5733753,87,69,5156,0
2024-11-23,Loyola Maryland,UNC Asheville,5734675,67,51,420,0
2024-11-23,Howard,New Hampshire,5731528,76,55,357,0
2024-11-23,Radford,Eastern Ky.,5731650,40,87,627,0
2024-11-23,ETSU,Tennessee Tech,5722802,53,48,382,0
2024-11-23,Furman,Bob Jones,5809692,101,47,127,0
2024-11-23,Winthrop,North Florida,5722024,71,61,360,0
2024-11-23,American,La Salle,5723382,60,69,411,0
2024-11-23,Penn St.,Georgia,5730437,67,47,735,1
2024-11-23,UTRGV,Arlington Baptist,5735262,110,37,633,0
2024-11-23,Sam Houston,Ark.-Pine Bluff,5737124,67,48,471,0
2024-11-23,Eastern Ill.,Loyola Chicago,5731004,66,60,100,0
2024-11-23,Texas Tech,New Orleans,5730203,78,70,4130,0
2024-11-23,Memphis,Murray St.,5737142,83,87,1113,0
2024-11-23,Cleveland St.,Ohio Dominican,5736251,94,52,539,0
2024-11-23,UTEP,N.M. Highlands,5734161,83,54,1083,0
2024-11-23,Seattle U,Evergreen St.,5735700,88,43,164,0
2024-11-23,Southern California,Notre Dame,5728678,61,74,7894,0
2024-11-23,Cal Poly,Idaho,5725877,54,74,392,0
2024-11-23,Utah Valley,Bethesda (CA),5731065,89,56,381,0
2024-11-23,Indiana,Columbia,5729151,72,62,299,1
2024-11-23,Louisiana Tech,Southeastern La.,5729664,47,59,1050,0
2024-11-23,Southern Ind.,Northern Ky.,5723075,75,73,869,0
2024-11-23,Georgetown,FGCU,5735672,57,66,1026,1
2024-11-23,BYU,Northern Colo.,5722582,60,67,1158,0
2024-11-23,Portland,California Baptist,5734953,85,66,667,0
2024-11-23,North Carolina,Ball St.,5729154,63,52,572,1
2024-11-23,UAlbany,Cornell,5738286,54,47,1559,0
2024-11-23,Fordham,Siena,5731990,90,51,321,0
2024-11-23,Georgia Tech,South Dakota St.,5734309,71,57,425,1
2024-11-23,Arizona,Grambling,5729210,84,60,7609,0
2024-11-23,Colorado St.,Northern Ariz.,5732092,80,84,1354,0
2024-11-23,Texas A&M,Villanova,5723554,57,65,381,1
2024-11-23,Alas. Anchorage,Vermont,5729168,68,52,869,1
2024-11-23,North Dakota St.,Troy,5729172,69,86,1001,1
2024-11-24,Yale,Pacific,5731190,50,60,427,0
2024-11-24,Ohio St.,Bowling Green,5726040,96,53,6660,0
2024-11-24,UCF,Florida A&M,5738022,80,55,1187,0
2024-11-24,Towson,Liberty,5722033,57,64,425,0
2024-11-24,Central Mich.,Oakland,5732225,65,76,1042,0
2024-11-24,Milwaukee,NIU,5723215,60,67,573,0
2024-11-24,Purdue,UT Arlington,5734559,73,55,4712,0
2024-11-24,South Fla.,Louisville,5728861,60,64,1310,1
2024-11-24,Mercyhurst,Bry. & Strat. (Syr.),5729709,109,43,350,0
2024-11-24,Maryland,Saint Francis,5733746,107,35,5773,0
2024-11-24,VCU,Rider,5733607,75,60,451,0
2024-11-24,Marquette,IU Indy,5723926,83,50,1502,0
2024-11-24,Baylor,Indiana,5729141,65,73,179,1
2024-11-24,Western Ky.,North Dakota,5735587,74,69,767,0
2024-11-24,Providence,Delaware,5732449,60,53,825,0
2024-11-24,South Carolina St.,UNC Greensboro,5731516,35,53,0,0
2024-11-24,Bellarmine,Akron,5733448,72,65,441,0
2024-11-24,UIW,Abilene Christian,5733632,53,61,123,0
2024-11-24,Michigan,Long Beach St.,5735115,111,56,2753,0
2024-11-24,Sacred Heart,Coppin St.,5722344,47,59,922,0
2024-11-24,Rutgers,Princeton,5730099,49,66,2281,0
2024-11-24,Butler,UMass Lowell,5730448,69,44,940,0
2024-11-24,St. John's (NY),Stony Brook,5722765,58,34,562,0
2024-11-24,Maine,Quinnipiac,5734291,53,61,1268,0
2024-11-24,Illinois St.,Harvard,5723177,62,72,1424,0
2024-11-24,Houston,North Texas,5722110,53,69,864,0
2024-11-24,Denver,UC San Diego,5737358,67,59,413,0
2024-11-24,New Mexico,Gonzaga,5730748,68,81,4943,0
2024-11-24,Bradley,Western Ill.,5723306,41,62,385,0
2024-11-24,FGCU,Cincinnati,5736371,59,52,804,1
2024-11-24,Minnesota,Montana,5734881,84,45,3961,0
2024-11-24,Tulane,Jackson St.,5736457,77,37,675,0
2024-11-24,Austin Peay,Mercer,5737653,66,53,1132,0
2024-11-24,Arkansas,Arkansas St.,5730594,76,60,2548,0
2024-11-24,Iowa St.,Drake,5730701,80,78,10368,0
2024-11-24,Jacksonville,Mississippi St.,5729078,35,80,1310,1
2024-11-24,App State,Richmond,5731567,61,73,417,0
2024-11-24,Nevada,Morgan St.,5735021,66,56,1308,0
2024-11-24,Boise St.,Weber St.,5733520,96,46,1366,0
2024-11-24,Virginia,Bethune-Cookman,5729326,82,48,3883,0
2024-11-24,Portland St.,Cal St. Fullerton,5732196,61,52,385,0
2024-11-24,UCLA,South Carolina,5735877,77,62,13660,0
2024-11-24,UMBC,Manhattan,5728538,50,60,452,0
2024-11-24,North Carolina,Villanova,5729142,53,36,385,1
2024-11-24,Iowa,Washington St.,5733351,72,43,14998,0
2024-11-24,ULM,Saint Mary's (CA),5729781,61,68,1744,1
2024-11-24,TCU,Idaho St.,5736358,86,46,2293,0
2024-11-24,Santa Clara,UC Davis,5723353,70,74,237,0
2024-11-24,UC Santa Barbara,San Diego,5731093,71,63,592,0
2024-11-24,Davidson,Presbyterian,5736417,81,39,0,0
2024-11-24,Southern Miss.,Columbia,5729144,66,85,313,1
2024-11-24,Wright St.,Ohio,5736788,68,57,1216,0
2024-11-24,Hawaii,Eastern Wash.,5730251,67,55,1744,1
2024-11-24,Utah,Montana St.,5734740,72,53,3102,0
2024-11-24,Ball St.,Texas A&M,5729145,75,62,313,1
2024-11-25,Chattanooga,Lipscomb,5736705,66,60,3734,0
2024-11-25,Canisius,Binghamton,5724007,58,68,2196,0
2024-11-25,Southern U.,NC State,5733652,47,77,267,1
2024-11-25,Indiana,North Carolina,5729137,39,69,437,1
2024-11-25,Dayton,UMES,5729878,56,62,126,1
2024-11-25,UAB,Clemson,5729618,52,90,250,1
2024-11-25,LSU,Washington,5736583,68,67,297,1
2024-11-25,Alabama,Alabama St.,5729619,83,33,200,1
2024-11-25,Baylor,Villanova,5729138,73,62,158,1
2024-11-25,Duke,Kansas St.,5722851,73,62,1087,1
2024-11-25,Columbia,Ball St.,5729139,69,62,131,1
2024-11-25,Syracuse,Missouri,5729622,82,59,300,1
2024-11-25,Ole Miss,Boston College,5732309,92,55,567,1
2024-11-25,UTRGV,St. Mary's (TX),5734982,73,42,807,0
2024-11-25,Oklahoma,DePaul,5730984,85,62,1087,1
2024-11-25,Delaware St.,Bloomfield,5734763,76,73,145,0
2024-11-25,Duquesne,Robert Morris,5734350,77,61,888,0
2024-11-25,Oral Roberts,Lindenwood,5723485,99,79,3624,0
2024-11-25,Charleston So.,Fairfield,5737956,36,79,456,0
2024-11-25,USC Upstate,Clinton,5737761,71,50,170,0
2024-11-25,N.C. A&T,N.C. Central,5733251,62,39,2084,0
2024-11-25,North Ala.,Cumberland (TN),5810420,87,48,1115,0
2024-11-25,Oregon,Georgia Tech,5731592,58,74,1800,1
2024-11-25,Hampton,Eastern Ky.,5730413,55,69,312,0
2024-11-25,Valparaiso,Goshen,5736555,72,41,207,0
2024-11-25,Southeast Mo. St.,Southern Ill.,5730718,70,58,580,0
2024-11-25,Oklahoma St.,Chicago St.,5723073,113,50,2080,0
2024-11-25,Central Ark.,Central Baptist,5756762,120,47,837,0
2024-11-25,UConn,Oregon St.,5738159,71,52,567,1
2024-11-25,Southern Miss.,Texas A&M,5729140,57,79,155,1
2024-11-25,St. Thomas (MN),Macalester,5733308,84,43,323,0
2024-11-25,SMU,Ark.-Pine Bluff,5736482,82,58,982,0
2024-11-25,Jacksonville St.,Sewanee,5723400,114,47,282,0
2024-11-25,Creighton,Wichita St.,5723214,91,63,450,1
2024-11-25,Colorado St.,Black Hills St.,5732093,59,39,1199,0
2024-11-25,Stanford,Cal Poly,5723856,81,45,2733,0
2024-11-26,Winthrop,JWU (Charlotte),5733456,96,39,2211,0
2024-11-26,Wofford,UNC Asheville,5734677,75,56,1324,0
2024-11-26,Georgia St.,Purdue Fort Wayne,5731040,57,56,285,1
2024-11-26,Florida A&M,Middle Tenn.,5729966,54,80,173,0
2024-11-26,South Dakota,Dayton,5729872,79,69,221,1
2024-11-26,Alabama St.,UAB,5729616,43,76,200,1
2024-11-26,Samford,Tennessee Tech,5722809,65,79,311,0
2024-11-26,Michigan St.,California,5730494,78,72,325,1
2024-11-26,Texas Southern,Biblical Stud. (TX),5763039,119,27,272,0
2024-11-26,UMES,Illinois,5728756,55,75,341,1
2024-11-26,Alabama,Clemson,5729617,73,39,400,1
2024-11-26,Campbell,Furman,5756585,82,72,285,1
2024-11-26,Central Conn. St.,Siena,5728738,50,87,208,0
2024-11-26,Monmouth,Saint Peter's,5731972,59,50,596,0
2024-11-26,Arizona,Vanderbilt,5729212,60,71,450,1
2024-11-26,Kentucky,Arizona St.,5730439,77,61,611,1
2024-11-26,La Salle,Lehigh,5734403,65,62,286,0
2024-11-26,A&M-Corpus Christi,UTEP,5734164,53,64,915,0
2024-11-26,Temple,Princeton,5737890,57,62,1063,0
2024-11-26,West Ga.,Talladega,5737590,76,31,253,0
2024-11-26,Wichita St.,Missouri,5729620,57,85,300,1
2024-11-26,Iona,Wagner,5729503,70,51,1138,0
2024-11-26,Georgia,Prairie View,5737205,79,62,1672,0
2024-11-26,Penn,Immaculata,5737765,114,39,224,0
2024-11-26,Queens (NC),South Carolina St.,5734799,73,57,226,0
2024-11-26,New Hampshire,Holy Cross,5731529,43,57,181,0
2024-11-26,Longwood,Elon,5723194,67,74,907,0
2024-11-26,Niagara,Buffalo,5722063,53,86,463,0
2024-11-26,Old Dominion,William & Mary,5731859,63,39,2536,0
2024-11-26,Loyola Chicago,Northwestern,5731005,64,73,567,0
2024-11-26,Xavier,Youngstown St.,5734424,61,43,518,0
2024-11-26,Detroit Mercy,Eastern Mich.,5733356,72,61,369,0
2024-11-26,Tennessee,Western Caro.,5735273,102,50,9086,0
2024-11-26,Wright St.,Findlay,5736971,64,65,1063,0
2024-11-26,Stonehill,Maine,5735838,75,87,273,0
2024-11-26,Louisiana,New Orleans,5729037,61,46,524,0
2024-11-26,Marist,Yale,5731191,67,65,901,0
2024-11-26,Oregon,South Dakota St.,5731593,70,75,550,1
2024-11-26,George Mason,Mount St. Mary's,5728877,87,51,882,0
2024-11-26,Houston Christian,Tarleton St.,5729814,42,48,523,0
2024-11-26,NJIT,Lafayette,5737098,69,71,375,0
2024-11-26,Northwestern St.,Southern-N.O.,5731300,80,45,194,0
2024-11-26,Omaha,Utah St.,5736955,79,77,440,0
2024-11-26,Little Rock,Murray St.,5731798,57,105,651,0
2024-11-26,Nebraska,Kansas City,5723594,84,38,4753,0
2024-11-26,Creighton,Syracuse,5729621,86,59,500,1
2024-11-26,Cal St. San Marcos,UC Riverside,5738073,46,54,198,0
2024-11-26,California Baptist,Saint Louis,5736010,70,82,461,0
2024-11-26,Montana,Evergreen St.,5810219,107,56,1756,0
2024-11-27,Southern U.,Washington,5738137,43,61,327,1
2024-11-27,St. Bonaventure,Loyola Maryland,5728764,42,60,352,0
2024-11-27,George Washington,Morgan St.,5736364,52,47,316,0
2024-11-27,Arizona St.,South Dakota,5730440,95,88,218,1
2024-11-27,Western Mich.,Cleary,5729248,70,48,677,0
2024-11-27,Boston U.,Georgetown,5735673,61,69,594,0
2024-11-27,Georgia St.,Furman,5731044,74,85,320,1
2024-11-27,Stony Brook,Harvard,5723183,51,60,713,0
2024-11-27,Cornell,Mercyhurst,5729712,64,63,266,0
2024-11-27,Penn St.,Drexel,5734721,86,78,1888,0
2024-11-27,NC State,LSU,5738138,65,82,327,1
2024-11-27,Grand Canyon,Liberty,5722034,79,50,534,0
2024-11-27,Eastern Ill.,IU Indy,5723927,66,49,271,0
2024-11-27,Kansas St.,DePaul,5730982,92,66,972,1
2024-11-27,Arizona,California,5730495,62,74,315,1
2024-11-27,UAlbany,Rensselaer,5738287,90,42,1007,0
2024-11-27,Wake Forest,Fairfield,5756765,65,72,788,0
2024-11-27,Eastern Ky.,Maryville (TN),5810226,101,25,167,0
2024-11-27,Purdue Fort Wayne,Campbell,5740636,67,71,320,1
2024-11-27,UNLV,UCF,5730248,71,52,949,1
2024-11-27,Utah Tech,Colorado,5732306,73,85,467,0
2024-11-27,Coastal Carolina,Coker,5756610,82,63,536,0
2024-11-27,Saint Joseph's,Saint Francis,5723887,88,35,650,0
2024-11-27,Bradley,Northern Ky.,5730833,62,57,501,0
2024-11-27,LMU (CA),Cal St. Fullerton,5731751,64,61,209,0
2024-11-27,Vanderbilt,Michigan St.,5730497,70,78,615,1
2024-11-27,Duke,Oklahoma,5730983,109,99,973,1
2024-11-27,Western Ky.,Tennessee St.,5735628,92,62,721,0
2024-11-27,Boston College,Oregon St.,5738149,49,54,417,1
2024-11-27,CSUN,Pepperdine,5728929,58,84,500,0
2024-11-27,Idaho,Montana Tech,5835751,94,54,1116,0
2024-11-27,East Carolina,Montana St.,5730464,56,62,949,1
2024-11-27,Jacksonville,Mercer,5729079,74,49,350,0
2024-11-27,McNeese,St. Thomas (TX),5735459,81,43,2382,0
2024-11-27,App State,Gardner-Webb,5728444,82,64,392,0
2024-11-27,Milwaukee,American,5723227,74,60,100,1
2024-11-27,Southern California,Seton Hall,5730504,84,51,500,1
2024-11-27,NIU,UIC,5733329,66,69,805,0
2024-11-27,ETSU,Presbyterian,5737298,64,31,316,0
2024-11-27,Tulsa,Chicago St.,5722901,76,46,1300,0
2024-11-27,Ole Miss,UConn,5738152,60,73,1507,1
2024-11-27,Illinois,Kentucky,5728760,53,76,368,1
2024-11-27,Eastern Wash.,CSU Bakersfield,5731476,67,58,503,0
2024-11-27,New Mexico,UC Irvine,5730749,65,62,4669,0
2024-11-28,Ohio St.,Old Dominion,5729662,70,47,60,1
2024-11-28,UNC Greensboro,UTSA,5731502,53,62,100,1
2024-11-28,Green Bay,Virginia,5723602,61,66,250,1
2024-11-28,Providence,VCU,5737204,51,57,250,1
2024-11-28,Georgia St.,Campbell,5731046,58,43,285,1
2024-11-28,St. John's (NY),Harvard,5723190,52,54,269,0
2024-11-28,Kansas,Pittsburgh,5730989,59,53,925,1
2024-11-28,Tulane,Florida,5736655,83,81,273,1
2024-11-28,South Carolina,Iowa St.,5730707,76,36,2122,1
2024-11-28,San Diego St.,Wisconsin,5733389,73,67,250,1
2024-11-28,Wyoming,Drake,5731722,71,57,250,1
2024-11-28,Brown,Kent St.,5731499,51,74,100,1
2024-11-28,Furman,Purdue Fort Wayne,5740655,88,84,285,1
2024-11-28,Auburn,UNI,5722605,65,64,925,1
2024-11-28,James Madison,Northern Ariz.,5723914,83,85,173,1
2024-11-28,Idaho St.,Vermont,5734415,44,64,151,1
2024-11-28,Norfolk St.,Washington St.,5735822,60,68,250,1
2024-11-28,UNCW,San Jose St.,5731506,65,61,100,1
2024-11-28,Middle Tenn.,Purdue,5729967,54,49,2122,1
2024-11-28,Gonzaga,Missouri St.,5730990,64,65,1825,1
2024-11-28,Iowa,Rhode Island,5737185,69,62,514,1
2024-11-28,Milwaukee,Air Force,5723233,40,56,100,1
2024-11-28,Utah,Mississippi St.,5734748,62,66,802,1
2024-11-28,Florida St.,Texas Tech,5730991,70,62,1825,1
2024-11-28,Rice,BYU,5734046,51,63,174,1
2024-11-29,Butler,Santa Clara,6080604,79,50,213,1
2024-11-29,Oakland,Richmond,5729665,49,76,75,1
2024-11-29,Drake,Green Bay,5723605,59,64,250,1
2024-11-29,Youngstown St.,Southern Ind.,5723096,34,70,100,1
2024-11-29,Le Moyne,UNC Greensboro,5731503,61,83,100,1
2024-11-29,Providence,Wisconsin,5733394,57,66,214,1
2024-11-29,Boise St.,Illinois St.,5736500,79,76,213,1
2024-11-29,Bellarmine,Jackson St.,5736699,67,59,117,1
2024-11-29,Cleveland St.,Louisiana,5729038,60,42,104,1
2024-11-29,Miami (FL),Charlotte,5731250,79,63,2205,1
2024-11-29,Central Conn. St.,Bridgeport,5728740,66,25,207,0
2024-11-29,FIU,Wagner,5729504,87,52,0,1
2024-11-29,Pittsburgh,Auburn,5722921,50,82,625,1
2024-11-29,North Florida,Coppin St.,5722345,61,76,360,1
2024-11-29,Penn,Chattanooga,5737138,74,61,77,1
2024-11-29,Colgate,UMBC,5736348,75,49,471,1
2024-11-29,Bowling Green,Stetson,5726047,79,43,125,1
2024-11-29,Bryant,Yale,5731193,67,52,287,0
2024-11-29,Norfolk St.,Wyoming,5731723,56,47,250,1
2024-11-29,West Virginia,High Point,6080603,89,54,277,1
2024-11-29,San Diego St.,VCU,5737219,55,46,211,1
2024-11-29,Kent St.,Colorado St.,5731500,54,60,100,1
2024-11-29,East Texas A&M,Seattle U,5731496,76,79,102,1
2024-11-29,Belmont,Michigan,5731952,58,68,787,1
2024-11-29,North Carolina,N.C. Central,5735022,119,43,2499,0
2024-11-29,West Ga.,South Carolina St.,5734242,74,57,284,0
2024-11-29,Robert Morris,Bucknell,5733926,54,65,293,0
2024-11-29,William & Mary,Howard,5731860,63,74,867,0
2024-11-29,Fla. Atlantic,Manhattan,5737656,65,50,677,1
2024-11-29,Towson,UTSA,5731504,40,71,100,1
2024-11-29,Rutgers,Marquette,5730100,57,59,1651,1
2024-11-29,Minnesota,Houston,5722105,61,44,214,1
2024-11-29,Florida,James Madison,5723920,72,77,333,1
2024-11-29,UCF,Montana St.,5730986,68,76,906,1
2024-11-29,UNI,Kansas,5722606,73,76,625,1
2024-11-29,Sacramento St.,Abilene Christian,5723716,53,75,0,1
2024-11-29,Baylor,New Orleans,5730205,84,58,3406,0
2024-11-29,USC Upstate,Morehead St.,5728270,64,66,152,1
2024-11-29,Utah St.,Ohio St.,5729667,51,87,135,1
2024-11-29,SFA,Samford,5728402,90,66,110,1
2024-11-29,Nevada,Central Mich.,5735026,57,60,1303,1
2024-11-29,UNCW,UMass Lowell,5731507,56,40,100,1
2024-11-29,Virginia,Washington St.,5735823,74,75,250,1
2024-11-29,FGCU,California Baptist,5737467,66,56,1466,1
2024-11-29,Iona,Akron,5785371,51,64,207,1
2024-11-29,Idaho St.,Rhode Island,5736543,52,50,200,1
2024-11-29,Ga. Southern,UMES,5723708,58,47,1651,1
2024-11-29,Pacific,Lamar University,5722784,54,69,167,1
2024-11-29,Grand Canyon,UC Santa Barbara,5728961,69,58,482,1
2024-11-29,Davidson,Virginia Tech,5733820,50,79,787,1
2024-11-29,Stanford,UC San Diego,5723860,84,54,3001,0
2024-11-29,San Diego,Omaha,5737083,66,70,186,1
2024-11-29,Quinnipiac,Southeastern La.,5729666,70,53,350,1
2024-11-29,Notre Dame,TCU,5737213,68,76,1034,1
2024-11-29,UT Martin,UCLA,5730252,37,97,1658,1
2024-11-29,Missouri St.,Florida St.,5730992,66,97,1725,1
2024-11-29,UNLV,East Carolina,5730249,64,49,906,1
2024-11-29,Oklahoma St.,Arkansas,5723088,70,56,145,1
2024-11-29,Charleston So.,North Dakota St.,5735693,67,60,225,0
2024-11-29,Portland,Southern Utah,5732233,77,63,1303,1
2024-11-29,Rice,Vermont,5734048,79,57,100,1
2024-11-29,Delaware,Tarleton St.,5729815,40,54,143,1
2024-11-29,Southern California,Saint Louis,5730507,104,65,2725,1
2024-11-29,Col. of Charleston,South Alabama,5731907,83,62,269,0
2024-11-29,Alabama A&M,Utah Valley,5731069,54,56,88,1
2024-11-29,Hawaii,Fresno St.,5730254,50,47,1658,1
2024-11-29,Winthrop,American,5723387,74,66,100,1
2024-11-29,Mississippi St.,South Fla.,5736557,59,52,1034,1
2024-11-29,Texas,New Mexico St.,5737792,90,50,332,1
2024-11-29,Northern Colo.,Cent. Christian (KS),5763059,140,26,566,0
2024-11-29,SMU,UT Arlington,5736603,71,46,927,0
2024-11-29,Texas Tech,Gonzaga,5730993,67,49,1725,1
2024-11-29,Nicholls,Evansville,5731497,63,50,204,1
2024-11-29,BYU,Iowa,5737223,48,68,500,1
2024-11-30,Green Bay,Norfolk St.,5723607,55,54,250,1
2024-11-30,Le Moyne,Southern Ind.,5723105,42,71,100,1
2024-11-30,Providence,San Diego St.,5737222,55,54,100,1
2024-11-30,Stetson,Utah St.,5729669,84,76,75,1
2024-11-30,Illinois St.,High Point,5756600,70,49,203,1
2024-11-30,South Carolina,Purdue,5734564,99,51,1913,1
2024-11-30,Louisiana,Minnesota,5729039,48,68,132,1
2024-11-30,Lehigh,Marist,5736681,56,39,482,1
2024-11-30,Jackson St.,Morehead St.,5736714,57,87,117,1
2024-11-30,Virginia,Wyoming,5731724,66,71,250,1
2024-11-30,UMBC,Iona,5785369,62,40,327,1
2024-11-30,California Baptist,Penn,5737474,51,64,47,1
2024-11-30,Coppin St.,SFA,5722346,60,81,102,1
2024-11-30,North Florida,Samford,5722495,79,71,358,1
2024-11-30,Northern Ariz.,Tulane,5738645,87,70,212,1
2024-11-30,Navy,Toledo,5733588,51,58,1325,1
2024-11-30,Austin Peay,Manhattan,5737659,46,61,264,1
2024-11-30,Arkansas,Bowling Green,5726048,78,79,105,1
2024-11-30,Colorado St.,Brown,5731501,63,69,100,1
2024-11-30,Towson,Youngstown St.,5731505,68,57,100,1
2024-11-30,Iowa St.,Middle Tenn.,5729969,75,59,1913,1
2024-11-30,Pittsburgh,UNI,5722607,74,90,1368,1
2024-11-30,VCU,Wisconsin,5733407,45,58,121,1
2024-11-30,Santa Clara,New Mexico St.,5756607,49,61,245,1
2024-11-30,Buffalo,St. Bonaventure,5722064,74,46,1091,0
2024-11-30,Rutgers,Ga. Southern,5723711,77,60,1703,1
2024-11-30,Seattle U,UC Santa Barbara,5731096,62,72,131,1
2024-11-30,A&M-Corpus Christi,Our Lady of the Lake,5735625,72,37,974,0
2024-11-30,Loyola Chicago,South Carolina St.,5731006,67,39,297,0
2024-11-30,Bethune-Cookman,Mercer,5729327,64,70,222,0
2024-11-30,Binghamton,Loyola Maryland,5737637,62,46,1080,0
2024-11-30,Jacksonville,Hofstra,5729080,84,70,300,0
2024-11-30,Lamar University,Cleveland St.,5722824,52,79,127,1
2024-11-30,North Dakota,Valparaiso,5735597,57,76,489,1
2024-11-30,Colorado,Louisville,5736844,71,79,3487,0
2024-11-30,Denver,UC Irvine,5733164,60,50,339,0
2024-11-30,Kansas City,Texas-Dallas,5723633,94,60,141,0
2024-11-30,UTRGV,Texas St.,5730290,59,68,515,0
2024-11-30,Ole Miss,Alabama St.,5732314,89,24,2770,0
2024-11-30,USC Upstate,Bellarmine,5737762,64,72,149,1
2024-11-30,Kansas,Auburn,5722932,61,60,1368,1
2024-11-30,Northern Ky.,Eastern Ky.,5737909,75,84,1148,0
2024-11-30,Maryland,George Mason,5730045,66,56,1305,1
2024-11-30,Old Dominion,Oakland,5729671,64,56,115,1
2024-11-30,Nevada,Southern Utah,5734971,72,54,1305,1
2024-11-30,Drake,Washington St.,5732120,79,68,250,1
2024-11-30,San Jose St.,UMass Lowell,5731508,68,67,100,1
2024-11-30,Liberty,Chris. Newport,5722035,106,58,989,0
2024-11-30,FGCU,Chattanooga,5737139,61,53,1505,1
2024-11-30,Colgate,Akron,5785370,62,45,327,1
2024-11-30,Tennessee St.,UNC Asheville,5734679,92,87,75,0
2024-11-30,Utah Tech,Westcliff,5732307,63,40,260,0
2024-11-30,Marquette,UMES,5731249,74,48,1703,1
2024-11-30,Grand Canyon,East Texas A&M,5728964,110,71,398,1
2024-11-30,Houston,Pacific,5722106,60,64,178,1
2024-11-30,Winthrop,Air Force,5728450,47,62,100,1
2024-11-30,Portland St.,UC Davis,5723358,66,61,373,0
2024-11-30,UCLA,Fresno St.,5730255,97,41,1552,1
2024-11-30,Saint Mary's (CA),UC Riverside,5728917,41,49,315,0
2024-11-30,Utah Valley,Omaha,5731068,48,53,97,1
2024-11-30,Belmont,Davidson,5810116,69,59,573,1
2024-11-30,Boise St.,West Virginia,5756608,47,82,314,1
2024-11-30,Notre Dame,Utah,5737218,67,78,885,1
2024-11-30,Missouri St.,Texas Tech,5730994,69,72,2525,1
2024-11-30,Richmond,Oklahoma St.,5723202,57,53,120,1
2024-11-30,Southeast Mo. St.,Indiana St.,5725957,65,68,625,0
2024-11-30,Evansville,Delaware,5731498,54,65,108,1
2024-11-30,Central Mich.,Portland,5732234,58,68,1305,1
2024-11-30,San Diego,Alabama A&M,5734594,67,78,1012,1
2024-11-30,Hawaii,UT Martin,5730256,47,39,1552,1
2024-11-30,TCU,South Fla.,5736566,87,46,895,1
2024-11-30,Butler,Texas,5756609,59,94,412,1
2024-11-30,Virginia Tech,Michigan,5810117,65,76,573,1
2024-11-30,Gonzaga,Florida St.,5730995,54,95,2525,1
2024-11-30,Northern Colo.,Tabor,5763058,93,46,608,0
2024-11-30,Tarleton St.,Nicholls,5729816,51,58,191,1
2024-12-01,High Point,Santa Clara,5756591,65,74,203,1
2024-12-01,Sacramento St.,Wagner,5731253,73,34,467,1
2024-12-01,Col. of Charleston,North Dakota St.,5731908,59,72,422,0
2024-12-01,Niagara,Bloomsburg,5737741,81,60,360,0
2024-12-01,Charlotte,Southeastern La.,5731251,53,62,107,1
2024-12-01,UAB,Southern Miss.,5722908,87,66,233,0
2024-12-01,North Dakota,Marist,5763030,56,60,348,1
2024-12-01,Duke,Columbia,5723762,77,61,2228,0
2024-12-01,Syracuse,Yale,5731195,78,50,3036,0
2024-12-01,Marshall,Salem (WV),5733144,98,41,986,0
2024-12-01,Ball St.,South Dakota St.,5734579,55,63,1200,0
2024-12-01,Stonehill,UAlbany,5735840,59,80,216,0
2024-12-01,Charleston So.,South Alabama,5735989,60,55,156,0
2024-12-01,FIU,Abilene Christian,5731254,67,87,467,1
2024-12-01,Boston U.,Rider,5733613,64,59,864,0
2024-12-01,Navy,George Mason,5730047,63,85,897,1
2024-12-01,Dayton,Central Conn. St.,5729873,65,38,1538,0
2024-12-01,St. Thomas (MN),UIC,5733309,75,71,411,0
2024-12-01,Illinois St.,New Mexico St.,5756593,82,66,177,1
2024-12-01,Georgia,Hampton,5730414,74,76,2133,0
2024-12-01,Dartmouth,New Hampshire,5731530,57,64,765,0
2024-12-01,Saint Joseph's,Villanova,5723496,65,81,1783,0
2024-12-01,Wake Forest,Gardner-Webb,5728445,73,52,843,0
2024-12-01,Central Mich.,Southern Utah,5732235,70,61,1381,1
2024-12-01,Fla. Atlantic,Austin Peay,5737663,58,59,558,1
2024-12-01,Northwestern,Cornell,5733430,67,54,2163,0
2024-12-01,Tulsa,Creighton,5722907,59,81,2043,0
2024-12-01,La Salle,Temple,5734407,68,73,192,0
2024-12-01,Monmouth,Lafayette,5732873,60,54,687,0
2024-12-01,Howard,Georgetown,5735674,63,69,1080,0
2024-12-01,Georgia Tech,Florida A&M,5734310,98,56,1468,0
2024-12-01,ETSU,Memphis,5737145,78,71,812,0
2024-12-01,Duquesne,Saint Francis,5734351,85,71,688,0
2024-12-01,Siena,Massachusetts,5731991,57,53,652,0
2024-12-01,Indiana,Maine,5731329,78,53,10477,0
2024-12-01,LIU,Northeastern,5725970,63,61,269,0
2024-12-01,Clemson,Kennesaw St.,5730503,67,48,1005,0
2024-12-01,Eastern Mich.,Xavier,5733361,72,60,1387,0
2024-12-01,Saint Peter's,NJIT,5731973,65,60,225,0
2024-12-01,Lehigh,Valparaiso,5763031,77,59,426,1
2024-12-01,Miami (FL),Quinnipiac,5731252,83,74,2080,1
2024-12-01,Mississippi Val.,Troy,5728959,66,65,763,0
2024-12-01,Baylor,Louisiana Tech,5730602,98,54,3621,0
2024-12-01,Western Ky.,Miami (OH),5729128,79,60,705,0
2024-12-01,Missouri,Jacksonville St.,5723609,79,45,2545,0
2024-12-01,New Mexico,North Texas,5730750,75,58,4489,0
2024-12-01,DePaul,SIUE,5729635,66,42,1118,0
2024-12-01,LSU,N.C. Central,5735024,131,44,10245,0
2024-12-01,Vanderbilt,App State,5731568,94,40,2621,0
2024-12-01,Toledo,Maryland,5733603,70,92,887,1
2024-12-01,Ark.-Pine Bluff,North Ala.,5737936,48,62,347,0
2024-12-01,Stony Brook,Fordham,5722771,55,64,2172,0
2024-12-01,Houston Christian,Southwestern (TX),5735158,62,49,326,0
2024-12-01,Nevada,Portland,5734974,72,88,1381,1
2024-12-01,Kansas St.,Central Ark.,5722876,86,39,4057,0
2024-12-01,Long Beach St.,Pepperdine,5728933,68,61,620,0
2024-12-01,Boise St.,Butler,5756595,64,70,274,1
2024-12-01,Fresno St.,UT Martin,5730257,75,66,2481,1
2024-12-01,West Virginia,Texas,5756597,73,78,457,1
2024-12-01,Hawaii,UCLA,5730258,49,70,2481,1
2024-12-02,Alabama,Georgia St.,5731048,98,49,3125,0
2024-12-02,Southern Ill.,Central Methodist,5736535,74,38,4849,0
2024-12-02,Canisius,Illinois,5724013,55,68,607,0
2024-12-02,Presbyterian,Queens (NC),5734804,47,60,275,0
2024-12-02,Seton Hall,San Francisco,5734364,59,53,582,0
2024-12-02,Alcorn,Ark. Baptist,5756696,71,47,65,0
2024-12-02,Penn St.,St. John's (NY),5734943,67,72,1759,0
2024-12-02,Florida,Hofstra,5736657,75,48,1322,0
2024-12-02,Wichita St.,Prairie View,5723242,74,45,910,0
2024-12-02,Arizona,Seattle U,5729213,78,43,6191,0
2024-12-03,Ohio,Ohio Christian,5736789,97,37,2250,0
2024-12-03,Cincinnati,Central Conn. St.,5728744,78,49,3235,0
2024-12-03,Chicago St.,Bradley,5730834,57,75,575,0
2024-12-03,Colorado,Tennessee Tech,5722816,91,79,2734,0
2024-12-03,Oregon St.,Grambling,5737692,63,56,7881,0
2024-12-03,Charleston So.,Col. of Charleston,5731909,45,86,356,0
2024-12-03,NJIT,Coppin St.,5722347,61,63,245,0
2024-12-03,Loyola Chicago,La Salle,5737488,45,55,500,0
2024-12-03,George Washington,George Mason,5756707,55,87,448,0
2024-12-03,Fairfield,Staten Island,6058284,94,47,678,0
2024-12-03,UConn,Holy Cross,5735853,88,52,10299,0
2024-12-03,Maryland,Mount St. Mary's,5728878,87,52,4678,0
2024-12-03,Texas Tech,SFA,5728403,78,68,4231,0
2024-12-03,Kansas St.,Eastern Ill.,5722880,90,43,3407,0
2024-12-03,Iowa St.,USC Upstate,5730710,92,35,9949,0
2024-12-03,Marquette,Indiana St.,5725958,83,67,1166,0
2024-12-03,Little Rock,Arkansas St.,5730596,59,49,685,0
2024-12-03,Nebraska,Lindenwood,5732104,69,48,4252,0
2024-12-03,Minnesota,North Florida,5722496,90,44,2931,0
2024-12-03,Saint Louis,Murray St.,5736011,66,91,317,0
2024-12-03,Southern California,California Baptist,5730796,94,52,2489,0
2024-12-04,Xavier,Creighton,5756752,54,82,5110,0
2024-12-04,Towson,UMBC,5728572,60,65,3590,0
2024-12-04,Loyola Maryland,Radford,5731655,70,64,1107,0
2024-12-04,Columbia,San Francisco,5732046,81,79,2733,0
2024-12-04,Elon,Furman,5733759,57,61,2783,0
2024-12-04,Bucknell,Vermont,5733928,62,59,1596,0
2024-12-04,UNC Asheville,Warren Wilson,5734685,98,23,1425,0
2024-12-04,Wake Forest,Campbell,5756767,63,46,4836,0
2024-12-04,North Texas,Tennessee St.,5722800,83,65,2242,0
2024-12-04,Nicholls,Dillard,6058344,63,47,3123,0
2024-12-04,Middle Tenn.,SIUE,5729636,85,41,5682,0
2024-12-04,Troy,Oakwood,5728963,109,47,2167,0
2024-12-04,Morehead St.,Alice Lloyd,5728327,89,51,1010,0
2024-12-04,Northern Ariz.,Oral Roberts,5723493,87,80,902,0
2024-12-04,FGCU,New College (FL),5756649,91,32,1334,0
2024-12-04,Louisville,Oklahoma,5722839,72,78,7446,0
2024-12-04,Miami (FL),Vanderbilt,5737104,70,88,2107,0
2024-12-04,Georgia,Virginia Tech,5733818,61,70,2162,0
2024-12-04,Akron,Slippery Rock,5733459,79,43,134,0
2024-12-04,Drexel,Lehigh,5734722,53,44,359,0
2024-12-04,Richmond,Georgetown,5733561,53,55,801,0
2024-12-04,Pittsburgh,Duquesne,5734354,69,73,551,0
2024-12-04,Lafayette,FDU,5732839,62,69,246,0
2024-12-04,Yale,Fordham,5731197,54,71,459,0
2024-12-04,Buffalo,Binghamton,5722065,74,51,1005,0
2024-12-04,Youngstown St.,Milwaukee,5723241,66,50,1343,0
2024-12-04,Central Mich.,Concordia (MI),5732232,68,57,1071,0
2024-12-04,Rhode Island,Providence,5737173,45,48,1075,0
2024-12-04,Cleveland St.,Northern Ky.,5736252,67,54,265,0
2024-12-04,Navy,Dartmouth,5733849,58,61,544,0
2024-12-04,Detroit Mercy,Wright St.,5736973,67,56,309,0
2024-12-04,Green Bay,IU Indy,5723610,78,56,1640,0
2024-12-04,Valparaiso,Western Mich.,5729252,67,54,234,0
2024-12-04,Lipscomb,Belmont,5731954,55,63,325,0
2024-12-04,Purdue,Maine,5734568,60,51,3413,0
2024-12-04,Indiana,Southern Ind.,5723112,67,63,10322,0
2024-12-04,Purdue Fort Wayne,Robert Morris,5723712,68,57,452,0
2024-12-04,Georgia Tech,Mississippi St.,5734312,78,75,1514,0
2024-12-04,Texas A&M,Syracuse,5734524,57,45,3043,0
2024-12-04,Tennessee,Florida St.,5735275,79,77,9529,0
2024-12-04,UTRGV,Abilene Christian,5733636,45,59,488,0
2024-12-04,TCU,Fla. Atlantic,5736369,78,42,1968,0
2024-12-04,UT Arlington,Houston,5722107,61,57,901,0
2024-12-04,Oklahoma St.,Houston Christian,5723228,93,39,1777,0
2024-12-04,Tarleton St.,Texas St.,5729817,59,71,927,0
2024-12-04,Lamar University,St. Thomas (TX),5722834,94,32,657,0
2024-12-04,Northwestern,DePaul,5733436,64,56,1045,0
2024-12-04,North Dakota,Weber St.,5733525,73,69,1414,0
2024-12-04,South Dakota St.,Eastern Wash.,5732161,81,58,2124,0
2024-12-04,St. Thomas (MN),Northern Colo.,5733312,54,62,327,0
2024-12-04,Baylor,Texas Southern,5733978,101,29,3121,0
2024-12-04,North Dakota St.,Montana,5734884,83,74,624,0
2024-12-04,Rice,Utah Tech,5730154,82,71,566,0
2024-12-04,Air Force,Utah Valley,5731070,76,58,798,0
2024-12-04,Oregon,Washington St.,5731596,85,70,4756,0
2024-12-04,LMU (CA),LIFE Pacific,6058345,83,43,184,0
2024-12-04,Montana St.,South Dakota,5735186,77,46,1527,0
2024-12-04,San Jose St.,Saint Mary's (CA),5728918,51,46,327,0
2024-12-04,Idaho St.,Denver,5736546,73,61,687,0
2024-12-04,Utah,Utah St.,5734752,87,34,3949,0
2024-12-04,Sacramento St.,Kansas City,5723639,74,57,329,0
2024-12-04,Portland St.,Omaha,5733679,57,65,301,0
2024-12-05,UNCW,West Ga.,5731691,66,70,2810,0
2024-12-05,Delaware St.,Saint Francis,5734770,60,69,315,0
2024-12-05,South Fla.,Merrimack,5729073,62,43,9821,0
2024-12-05,Mercer,Charlotte,5737504,42,43,931,0
2024-12-05,Ball St.,Davidson,5736423,80,61,5049,0
2024-12-05,Southeastern La.,Spring Hill,5729670,73,26,3296,0
2024-12-05,Sam Houston,McMurry,5731565,75,53,347,0
2024-12-05,Tulsa,Grambling,5722915,77,60,3067,0
2024-12-05,Illinois St.,St. Francis (IL),5809940,110,60,8027,0
2024-12-05,Southern Miss.,Mississippi Val.,5722936,77,66,2888,0
2024-12-05,Niagara,Kent St.,5736765,73,89,371,0
2024-12-05,North Carolina,Kentucky,5735252,72,53,2816,0
2024-12-05,Ga. Southern,Jacksonville,5723829,51,56,924,0
2024-12-05,Iona,Stetson,5736361,58,46,1068,0
2024-12-05,VCU,James Madison,5723938,42,55,825,0
2024-12-05,Massachusetts,Northeastern,5734513,81,50,915,0
2024-12-05,St. Bonaventure,Cornell,5728766,56,54,126,0
2024-12-05,Virginia,Auburn,5722937,57,66,3994,0
2024-12-05,Le Moyne,Boston U.,5736939,55,60,305,0
2024-12-05,Southern U.,Southern-N.O.,6058346,89,34,1976,0
2024-12-05,NC State,Ole Miss,5728727,68,61,5500,0
2024-12-05,Dayton,Miami (OH),5729131,43,60,1565,0
2024-12-05,Sacred Heart,Morgan St.,5735747,79,57,582,0
2024-12-05,Notre Dame,Texas,5728709,80,70,9149,0
2024-12-05,Butler,UT Martin,5730449,70,60,677,0
2024-12-05,Coppin St.,Arizona St.,5722348,74,68,511,0
2024-12-05,Monmouth,Rider,5732877,52,36,562,0
2024-12-05,Brown,Stonehill,5734741,78,45,326,0
2024-12-05,North Ala.,Samford,5738039,61,67,1621,0
2024-12-05,Arkansas,Boston College,5736469,75,64,2252,0
2024-12-05,Kansas,Wichita St.,5723250,70,60,3201,0
2024-12-05,Kansas St.,USC Upstate,5722891,110,24,3386,0
2024-12-05,Clemson,Florida,5736658,64,77,1475,0
2024-12-05,Arizona,Grand Canyon,5728966,66,69,6292,0
2024-12-05,UTEP,BYU,5722584,68,81,1459,0
2024-12-05,San Diego,La Sierra,5737187,76,37,128,0
2024-12-05,Fresno St.,UC Merced,5734020,83,60,930,0
2024-12-05,South Carolina,Duke,5723768,81,70,15677,0
2024-12-05,Long Beach St.,Cal St. Fullerton,5732197,67,56,779,0
2024-12-05,Pacific,Oregon St.,5733710,66,63,511,0
2024-12-05,UC Riverside,CSUN,5730058,72,48,275,0
2024-12-05,Cal Poly,UC Davis,5723363,60,66,518,0
2024-12-05,California,Alabama,5735779,69,65,1432,0
2024-12-05,Missouri,SMU,5733432,68,61,2358,0
2024-12-05,LSU,Stanford,5723862,94,88,10317,0
2024-12-05,CSU Bakersfield,UC Irvine,5728492,40,65,320,0
2024-12-05,UC San Diego,UC Santa Barbara,5731098,66,80,362,0
2024-12-06,West Virginia,ETSU,5756675,85,40,8489,0
2024-12-06,Longwood,South Carolina St.,5723224,67,60,1837,1
2024-12-06,Western Caro.,Gardner-Webb,5728446,65,73,1740,0
2024-12-06,Tennessee Tech,Cumberlands (KY),5722863,82,58,6024,0
2024-12-06,San Diego St.,Bethesda (CA),5737236,107,36,6906,0
2024-12-06,William & Mary,McNeese,5731861,57,48,1837,1
2024-12-06,UIW,Northwestern St.,5730296,48,46,103,0
2024-12-06,Boise St.,Utah Tech,5732308,90,56,1189,0
2024-12-06,Penn,La Salle,6080795,74,63,1526,1
2024-12-06,High Point,Winston-Salem,5736738,90,54,671,0
2024-12-06,Saint Joseph's,Drexel,6080797,69,47,1526,1
2024-12-06,Eastern Ill.,Indiana St.,5725959,73,60,505,0
2024-12-06,Bucknell,Dartmouth,5733930,53,50,258,0
2024-12-06,Cincinnati,Western Ill.,5723296,95,52,918,0
2024-12-06,Toledo,Mercyhurst,5729716,70,66,3814,0
2024-12-06,Oakland,Wright St.,5736314,84,70,629,0
2024-12-06,Seton Hall,Howard,5734368,87,63,813,0
2024-12-06,Missouri St.,Wyoming,5731725,62,50,2155,0
2024-12-06,Oklahoma St.,Alabama St.,5723236,125,49,1932,0
2024-12-06,Villanova,Temple,6080705,62,76,1526,1
2024-12-06,Pepperdine,Nevada,5728936,60,58,227,0
2024-12-06,New Mexico,New Mexico St.,5730751,71,81,4880,0
2024-12-06,Portland,Princeton,5734954,74,55,665,0
2024-12-07,Norfolk St.,Saint Louis,5736012,75,66,0,1
2024-12-07,Tarleton St.,LeTourneau,5729818,99,34,581,0
2024-12-07,South Dakota,Northern Ariz.,5735564,84,79,1423,0
2024-12-07,Vermont,Manhattan,5734437,74,57,915,0
2024-12-07,Le Moyne,UMass Lowell,5736940,56,69,256,0
2024-12-07,Navy,Stetson,5733851,66,49,365,0
2024-12-07,Akron,Canisius,5724022,82,43,418,0
2024-12-07,Northern Ky.,Youngstown St.,5734493,47,56,1295,0
2024-12-07,New Hampshire,Army West Point,5731531,59,60,339,0
2024-12-07,Western Mich.,Loyola Chicago,5729255,46,57,682,0
2024-12-07,Central Conn. St.,Morgan St.,5728746,48,53,212,0
2024-12-07,Penn St.,Indiana,5731331,60,75,2055,0
2024-12-07,FIU,Yale,5731198,82,60,494,0
2024-12-07,Belmont,Middle Tenn.,5729971,65,52,1219,0
2024-12-07,Louisiana,Rice,5729040,64,54,352,0
2024-12-07,Coastal Carolina,Jacksonville St.,5723612,55,44,670,0
2024-12-07,UMES,Arizona St.,5734604,57,64,0,0
2024-12-07,Southern Ind.,Oakland City,5723119,70,45,869,0
2024-12-07,Central Ark.,Little Rock,5731799,55,42,865,0
2024-12-07,Abilene Christian,East Texas A&M,5731998,74,59,348,0
2024-12-07,UTSA,Sam Houston,5737126,79,36,837,0
2024-12-07,A&M-Corpus Christi,Dallas Christian,5737916,81,28,1028,0
2024-12-07,Lindenwood,Alabama A&M,5732105,58,61,297,0
2024-12-07,Texas Southern,UCF,5763040,87,93,272,0
2024-12-07,Liberty,N.C. A&T,5722036,56,51,1013,0
2024-12-07,Purdue Fort Wayne,Green Bay,5723718,67,66,478,0
2024-12-07,Mount St. Mary's,Loyola Maryland,5728879,65,48,355,0
2024-12-07,Cleveland St.,IU Indy,5723934,82,49,243,0
2024-12-07,Robert Morris,Milwaukee,5723244,56,55,320,0
2024-12-07,Florida A&M,North Florida,5722497,85,57,0,0
2024-12-07,Harvard,Rhode Island,5723196,60,48,687,0
2024-12-07,Bryant,Marist,5737125,52,63,285,0
2024-12-07,Siena,UAlbany,5731993,70,65,1283,0
2024-12-07,Providence,Brown,5734879,87,81,725,0
2024-12-07,Purdue,Maryland,5733751,69,78,6203,0
2024-12-07,Delaware,Delaware St.,5732456,73,26,971,0
2024-12-07,Queens (NC),JWU (Charlotte),5740620,108,55,157,0
2024-12-07,UNI,Creighton,5722608,71,75,2745,0
2024-12-07,Murray St.,Austin Peay,5737300,116,80,1126,0
2024-12-07,Colorado,Southern Utah,5736847,76,59,2280,0
2024-12-07,Air Force,Seattle U,5735175,82,44,613,0
2024-12-07,Santa Clara,Cal Maritime,5734902,86,27,275,0
2024-12-07,Denver,Portland St.,5733684,57,41,947,0
2024-12-07,South Alabama,Faulkner,5736862,79,44,381,0
2024-12-07,Lamar University,ULM,5722843,71,60,599,0
2024-12-07,Omaha,Sacramento St.,5723754,67,63,757,0
2024-12-07,North Texas,Southern Ill.,5722805,87,54,1673,0
2024-12-07,UTRGV,SFA,5728404,78,72,418,0
2024-12-07,Arkansas St.,Jackson St.,5730597,76,65,563,0
2024-12-07,Missouri,NIU,5733335,94,55,2600,0
2024-12-07,Kansas City,Idaho St.,5723656,50,67,212,0
2024-12-07,Towson,American,5723390,89,62,325,0
2024-12-07,Oregon,Southern California,5731598,53,66,7246,0
2024-12-07,San Jose St.,LMU (CA),5731752,71,82,288,0
2024-12-07,Georgetown,Colgate,5729166,71,57,0,1
2024-12-07,Longwood,William & Mary,5723235,53,44,1123,1
2024-12-07,Louisiana Tech,Alcorn,5730606,79,45,958,0
2024-12-07,Northern Colo.,North Dakota,5735589,65,47,519,0
2024-12-07,Montana,South Dakota St.,5734922,70,78,2031,0
2024-12-07,Eastern Wash.,North Dakota St.,5731477,47,74,536,0
2024-12-07,Idaho,St. Thomas (MN),5725878,76,54,1199,0
2024-12-07,Cal St. Fullerton,UC Riverside,5732198,59,65,161,0
2024-12-07,Pacific,California,5733704,66,74,819,0
2024-12-07,CSUN,Cal Poly,5730059,45,58,330,0
2024-12-07,CSU Bakersfield,UC San Diego,5728494,40,55,239,0
2024-12-07,Saint Mary's (CA),California Baptist,5728919,68,71,325,0
2024-12-07,Oral Roberts,Montana St.,5723495,82,80,2111,0
2024-12-07,South Carolina St.,McNeese,5735452,38,62,1123,1
2024-12-07,Wofford,App State,5731569,71,63,440,0
2024-12-07,UC Santa Barbara,UC Davis,5731099,50,72,450,0
2024-12-07,Bowling Green,Xavier,5726039,78,59,1778,0
2024-12-07,Iowa,Tennessee,5733367,68,78,9114,1
2024-12-07,UConn,Louisville,5737282,85,52,9114,1
2024-12-07,Hawaii,Long Beach St.,5730369,69,73,1762,0
2024-12-08,Syracuse,Notre Dame,5736119,62,93,4440,0
2024-12-08,Iowa St.,Central Mich.,5730712,82,56,10103,0
2024-12-08,UIC,North Central (IL),5737712,113,53,346,0
2024-12-08,William & Mary,South Carolina St.,5731862,70,65,1941,1
2024-12-08,FGCU,Ave Maria,5756650,82,43,1345,0
2024-12-08,East Carolina,Elon,5730465,60,43,1157,0
2024-12-08,Detroit Mercy,Cleary,5737272,81,55,240,0
2024-12-08,Cornell,Lehigh,5737263,51,73,245,0
2024-12-08,Pittsburgh,Saint Peter's,5731974,59,51,128,0
2024-12-08,Texas St.,UNT Dallas,5809712,88,42,1597,0
2024-12-08,Ohio,Butler,5730450,60,69,702,0
2024-12-08,Houston,Southeastern La.,5722108,70,65,846,0
2024-12-08,Evansville,SIUE,5729637,87,74,412,0
2024-12-08,Wichita St.,Western Ky.,5723254,64,59,1563,0
2024-12-08,Nebraska,Minnesota,5736020,84,65,6009,0
2024-12-08,Ole Miss,Tennessee St.,5732315,85,38,2625,0
2024-12-08,Chattanooga,Kennesaw St.,5730506,42,64,1412,0
2024-12-08,Morehead St.,Bellarmine,5728272,70,76,675,0
2024-12-08,Saint Francis,UMBC,5728589,45,61,405,0
2024-12-08,North Carolina,Coppin St.,5722349,72,46,2415,0
2024-12-08,Miami (FL),Bethune-Cookman,5729328,81,63,2735,0
2024-12-08,Fairfield,Villanova,5723500,74,71,1644,0
2024-12-08,James Madison,Texas,5723939,62,93,3361,0
2024-12-08,Georgia St.,Sewanee,5731050,107,49,459,0
2024-12-08,Lafayette,Wagner,5729506,74,45,207,0
2024-12-08,NC State,Old Dominion,5728732,86,55,5500,0
2024-12-08,Holy Cross,Stony Brook,5722774,73,56,391,0
2024-12-08,Clemson,Radford,5731656,74,48,1239,0
2024-12-08,Western Caro.,West Ga.,5736810,81,76,531,0
2024-12-08,Richmond,Columbia,5732061,85,76,814,1
2024-12-08,Florida St.,SMU,5733711,93,85,1731,0
2024-12-08,Mercer,Georgia Tech,5734313,42,78,519,0
2024-12-08,Hofstra,Howard,5737632,55,52,769,0
2024-12-08,Rider,FDU,5732842,54,62,684,0
2024-12-08,St. John's (NY),Wake Forest,5736328,63,45,705,0
2024-12-08,Virginia,Boston College,5736471,57,72,3948,0
2024-12-08,Duquesne,Carnegie Mellon,5734355,98,58,702,0
2024-12-08,Michigan,Northwestern,5733442,60,54,3636,0
2024-12-08,Florida,Marshall,5733146,82,63,1732,0
2024-12-08,ETSU,UVA Wise,5756676,72,42,462,0
2024-12-08,Furman,Charleston So.,5737963,58,42,377,0
2024-12-08,Michigan St.,DePaul,5756732,89,61,3416,0
2024-12-08,Oklahoma,Alabama St.,5735331,110,46,3191,0
2024-12-08,Fordham,LIU,5725971,62,43,0,0
2024-12-08,Baylor,UNLV,5730253,71,64,3972,0
2024-12-08,Wisconsin,Rutgers,5730101,66,64,3266,0
2024-12-08,Grand Canyon,Utah St.,5728968,76,62,511,0
2024-12-08,Colorado St.,Gonzaga,5732094,74,72,5500,0
2024-12-08,Mississippi Val.,Nicholls,5737338,56,67,512,0
2024-12-08,LSU,Grambling,5736592,100,54,8299,1
2024-12-08,Marquette,Illinois St.,5731851,78,57,1814,0
2024-12-08,Southern Miss.,Memphis,5722940,82,69,1258,0
2024-12-08,Arkansas,Southeast Mo. St.,5730719,84,45,2609,0
2024-12-08,Auburn,UAB,5722942,69,62,4008,0
2024-12-08,Longwood,McNeese,5723243,81,54,1941,1
2024-12-08,Utah,Princeton,5734756,79,76,4062,0
2024-12-08,Boise St.,San Diego,5737019,76,59,2036,0
2024-12-08,Duke,Virginia Tech,5733817,81,59,2328,0
2024-12-08,Ohio St.,Illinois,5734053,83,74,6668,0
2024-12-08,Texas A&M,Kansas St.,5722896,50,89,3617,0
2024-12-08,New Mexico St.,New Mexico,5730752,68,60,547,0
2024-12-08,Portland,UTEP,5734167,83,67,603,0
2024-12-08,Washington,UCLA,5736935,62,73,3453,0
2024-12-08,Samford,Miles,5756639,82,41,303,0
2024-12-08,Chicago St.,Mississippi St.,5730445,42,102,235,0
2024-12-08,Dartmouth,Massachusetts,5737227,56,67,603,0
2024-12-08,TCU,South Carolina,5736264,52,85,8004,1
2024-12-09,VCU,Delaware St.,5734776,79,43,357,0
2024-12-09,Kentucky,Queens (NC),5734808,87,45,4193,0
2024-12-09,Quinnipiac,Yale,5731199,76,50,419,0
2024-12-09,Seton Hall,Sacred Heart,5734370,67,46,1064,0
2024-12-09,Georgetown,George Mason,5730048,55,63,385,0
2024-12-09,NJIT,Monmouth,5732881,54,63,234,0
2024-12-09,Saint Joseph's,Maine,5723892,74,48,884,0
2024-12-10,Brown,Bryant,5734959,53,50,211,0
2024-12-10,Tulane,North Dakota St.,5735695,67,61,1076,0
2024-12-10,George Washington,Coppin St.,5722350,61,64,436,0
2024-12-10,UMass Lowell,Iona,5736368,49,38,243,0
2024-12-10,Duquesne,Bucknell,5733932,65,48,662,0
2024-12-10,Boston U.,UAlbany,5737010,36,72,498,0
2024-12-10,Colgate,Union (NY),5729167,92,51,173,0
2024-12-10,Ohio St.,Ball St.,5809590,80,48,4977,0
2024-12-10,Stonehill,Dartmouth,5735841,75,43,117,0
2024-12-10,UNI,South Dakota,5722609,78,59,2360,0
2024-12-10,Arizona,CSU Bakersfield,5728496,76,39,6243,0
2024-12-10,Colorado,Denver,5736850,78,61,2036,0
2024-12-10,BYU,Utah Valley,5722585,76,36,2112,0
2024-12-10,San Jose St.,Tulsa,5722929,48,77,235,0
2024-12-10,Southern California,Fresno St.,5730797,89,40,3081,0
2024-12-11,Boston College,Massachusetts,5736473,62,57,3116,0
2024-12-11,N.C. Central,Presbyterian,5735030,63,67,75,0
2024-12-11,Georgia Tech,ULM,5729784,97,37,1075,0
2024-12-11,Winthrop,South Carolina St.,5722025,55,46,268,0
2024-12-11,Hofstra,St. John's (NY),5736332,38,62,622,0
2024-12-11,UNC Asheville,Furman,5734690,50,68,723,0
2024-12-11,Delaware,Villanova,5723505,65,75,1157,0
2024-12-11,IU Indy,Purdue Fort Wayne,5723726,71,79,377,0
2024-12-11,Rutgers,FDU,5730102,83,58,1681,0
2024-12-11,Liberty,Randolph,5722037,109,26,865,0
2024-12-11,Saint Peter's,LIU,5725972,51,37,268,0
2024-12-11,Butler,Wisconsin,5730451,64,71,1030,0
2024-12-11,Milwaukee,Green Bay,5723251,53,86,624,0
2024-12-11,Kansas,Kansas City,5723666,79,49,3004,0
2024-12-11,Princeton,Rhode Island,5737175,66,54,742,0
2024-12-11,North Carolina,UNC Greensboro,5731517,80,56,2249,0
2024-12-11,NC State,Davidson,5728734,59,57,4789,0
2024-12-11,Providence,Penn St.,5734945,51,68,1145,0
2024-12-11,Jacksonville St.,Col. of Charleston,5723616,47,66,753,0
2024-12-11,Western Ky.,Ky. Wesleyan,5735629,88,61,711,0
2024-12-11,Minnesota,Jackson St.,5736422,81,43,2812,0
2024-12-11,South Dakota St.,Dakota Wesleyan,5734574,76,48,1555,0
2024-12-11,Nebraska,Tarleton St.,5729819,63,50,4259,0
2024-12-11,Texas,Southern U.,5737791,97,39,6460,0
2024-12-11,SMU,Texas Tech,5735025,61,57,1834,0
2024-12-11,CSUN,California Baptist,5730060,71,73,250,0
2024-12-11,Cal St. Fullerton,San Diego St.,5732199,58,61,234,0
2024-12-11,Iowa,Iowa St.,5730713,75,69,14998,0
2024-12-11,Hawaii Hilo,Eastern Ky.,5809736,49,78,244,0
2024-12-12,Hampton,East Carolina,5730415,47,79,727,0
2024-12-12,Norfolk St.,Shaw,5737231,90,57,3232,0
2024-12-12,Drake,North Dakota,5735591,82,63,4919,0
2024-12-12,UMass Lowell,Boston U.,5737014,55,62,269,0
2024-12-12,Bellarmine,Chattanooga,5737141,67,66,408,0
2024-12-12,Louisville,Grambling,5737693,96,57,7395,0
2024-12-12,Wagner,NJIT,5729507,62,60,215,0
2024-12-12,Notre Dame,UConn,5728712,79,68,9149,0
2024-12-12,Illinois,Bradley,5728763,70,52,3684,0
2024-12-13,Ga. Southern,Coastal Ga.,5723832,78,46,3925,0
2024-12-13,Marshall,Jacksonville,5729081,78,76,3733,0
2024-12-13,Rice,Texas Southern,5730153,89,62,1599,0
2024-12-13,Howard,Army West Point,5737819,61,54,498,0
2024-12-13,La Salle,Chestnut Hill,5734411,95,46,128,0
2024-12-13,Cleveland St.,Bethune-Cookman,5729330,78,59,384,0
2024-12-13,ETSU,Radford,5731657,68,45,426,0
2024-12-13,Fla. Atlantic,Kennesaw St.,5730509,71,56,516,0
2024-12-13,Denver,Northern Colo.,5737427,64,53,318,0
2024-12-13,Oral Roberts,Oklahoma City,5729133,99,55,1776,0
2024-12-13,DePaul,UIC,5737713,73,56,1430,0
2024-12-13,Portland,Portland St.,5733687,71,46,557,0
2024-12-13,Washington St.,BYU,5722586,57,72,901,0
2024-12-13,California,Stanford,5734014,83,63,3189,0
2024-12-14,Ohio St.,Youngstown St.,5734496,87,39,5659,0
2024-12-14,Purdue Fort Wayne,Aquinas,5723740,115,41,439,0
2024-12-14,Providence,Merrimack,5733556,62,44,705,0
2024-12-14,Seton Hall,Le Moyne,5734372,68,41,848,0
2024-12-14,Stetson,High Point,5736669,76,72,117,0
2024-12-14,Missouri St.,Little Rock,5731800,67,45,1913,0
2024-12-14,North Dakota,Bethel (MN),5735593,62,42,0,0
2024-12-14,St. Thomas (MN),Western Ill.,5723139,69,56,421,0
2024-12-14,Green Bay,Creighton,5723618,52,74,1938,0
2024-12-14,Northwestern St.,Central Ark.,5730297,52,62,343,0
2024-12-14,A&M-Corpus Christi,SFA,5728405,59,66,758,0
2024-12-14,UAlbany,St. Bonaventure,5728769,64,48,1047,0
2024-12-14,Queens (NC),Western Caro.,5734811,66,82,212,0
2024-12-14,Tennessee,N.C. Central,5735031,139,59,9305,0
2024-12-14,Sacred Heart,Post,5735648,63,46,511,0
2024-12-14,Robert Morris,Mercyhurst,5729718,69,49,695,0
2024-12-14,LIU,Delaware St.,5725974,65,63,100,0
2024-12-14,North Florida,UNC Asheville,5722498,73,57,279,0
2024-12-14,Buffalo,Stony Brook,5722066,72,55,1082,0
2024-12-14,UIW,Schreiner,5785378,93,36,100,0
2024-12-14,Houston Christian,East Texas A&M,5732076,62,56,248,0
2024-12-14,Lindenwood,Omaha,5732106,66,73,267,0
2024-12-14,Michigan,Detroit Mercy,5735118,100,54,3423,0
2024-12-14,Mississippi St.,Belmont,5731955,73,70,3846,1
2024-12-14,Troy,Memphis,5728987,85,67,2245,0
2024-12-14,George Mason,UMES,5730050,61,40,1057,0
2024-12-14,Vanderbilt,Evansville,5736340,106,40,2599,0
2024-12-14,South Dakota St.,UNI,5722610,68,53,2156,0
2024-12-14,UTRGV,Lamar University,5722849,44,69,410,0
2024-12-14,Utah Tech,UTEP,5732310,57,71,377,0
2024-12-14,Colgate,Pitt.-Johnstown,5729169,71,46,183,0
2024-12-14,Seattle U,Weber St.,5733527,64,72,247,0
2024-12-14,Fresno St.,CSU Bakersfield,5728498,65,46,964,0
2024-12-14,Northern Ariz.,San Francisco,5738646,92,83,402,0
2024-12-14,California Baptist,UC San Diego,5737365,58,81,427,0
2024-12-14,Nevada,Cal St. East Bay,5735029,95,54,1454,0
2024-12-14,Purdue,Kentucky,5734571,52,82,5108,0
2024-12-14,Cal St. Fullerton,Chapman,5732200,80,39,129,0
2024-12-14,Gonzaga,Eastern Wash.,5732160,79,50,5243,0
2024-12-14,Long Beach St.,UCLA,5736930,51,102,2463,0
2024-12-14,San Diego,CSUN,5730061,74,52,1331,0
2024-12-14,Rider,Stonehill,5733571,65,53,584,0
2024-12-14,Kansas St.,Middle Tenn.,5722912,74,48,2115,1
2024-12-14,Grand Canyon,Westcliff,5729072,90,31,407,0
2024-12-14,Washington,Utah,5734758,57,67,2695,0
2024-12-15,Michigan St.,Iowa,5733377,68,66,5939,0
2024-12-15,Pittsburgh,Miami (FL),5737289,56,62,340,0
2024-12-15,Florida,Longwood,5723260,93,65,1334,0
2024-12-15,Boston College,Bryant,5736551,94,46,647,0
2024-12-15,Richmond,Texas,5733570,54,65,2714,0
2024-12-15,Xavier,Cincinnati,5733322,48,60,2519,0
2024-12-15,Butler,Saint Francis,5730452,95,38,943,0
2024-12-15,Louisville,NC State,5728735,42,72,9116,0
2024-12-15,Dayton,Central Mich.,5729875,72,68,1616,0
2024-12-15,Nebraska,Chattanooga,5736021,66,42,4637,0
2024-12-15,UConn,Georgetown,5735675,79,44,15684,0
2024-12-15,UAB,Alcorn,5737959,76,51,287,0
2024-12-15,South Dakota,Wyoming,5731726,45,79,1485,0
2024-12-15,Chicago St.,Illinois St.,5734191,52,79,149,0
2024-12-15,Illinois,Southern Ind.,5723122,73,50,4108,0
2024-12-15,UT Martin,Arkansas St.,5730600,82,71,868,0
2024-12-15,N.C. A&T,Norfolk St.,5733255,59,68,1036,0
2024-12-15,Duquesne,Canisius,5724025,90,66,762,0
2024-12-15,Villanova,James Madison,5723509,67,71,1501,0
2024-12-15,Notre Dame,Eastern Mich.,5728716,118,49,7936,0
2024-12-15,Indiana,Bellarmine,5731332,95,61,10220,0
2024-12-15,Temple,West Virginia,5728250,46,68,1672,0
2024-12-15,Rutgers,Wagner,5729508,86,48,1463,0
2024-12-15,South Carolina,South Fla.,5729074,78,62,16501,0
2024-12-15,Indiana St.,NIU,5725960,78,82,101,1
2024-12-15,Siena,Binghamton,5731994,62,64,503,0
2024-12-15,North Carolina,Georgia Tech,5734317,76,82,2381,0
2024-12-15,Presbyterian,Coastal Carolina,5737299,46,73,368,0
2024-12-15,St. John's (NY),Fairfield,5736342,77,68,589,0
2024-12-15,Vermont,Quinnipiac,5734294,63,68,791,0
2024-12-15,Florida St.,Drexel,5731714,101,51,1163,0
2024-12-15,Oklahoma,Oral Roberts,5723514,94,54,3460,0
2024-12-15,Southern California,Elon,5730798,88,30,4818,0
2024-12-15,Washington St.,Saint Martin's,5735824,76,48,839,0
2024-12-15,Denver,Texas St.,5730302,60,63,259,0
2024-12-15,TCU,Louisiana Tech,5730609,92,41,2088,0
2024-12-15,LSU,Louisiana,5729041,85,57,11328,0
2024-12-15,Northwestern,Bradley,5730835,67,57,1130,0
2024-12-15,Marquette,Milwaukee,5723265,69,51,2448,0
2024-12-15,DePaul,UNLV,5730262,61,80,1547,0
2024-12-15,Tulsa,Kansas City,5722938,89,61,1471,0
2024-12-15,Kansas,Penn St.,5734948,68,65,3527,0
2024-12-15,Alabama,Murray St.,5737088,90,63,2600,0
2024-12-15,Saint Louis,Ohio,5736013,96,52,625,0
2024-12-15,Ole Miss,South Alabama,5732316,94,39,2602,0
2024-12-15,Arkansas,Texas Tech,5735074,72,75,2511,0
2024-12-15,Tulane,Mercer,5756712,73,46,716,0
2024-12-15,Morehead St.,IU Columbus,5728273,120,46,1034,0
2024-12-15,Old Dominion,East Carolina,5730466,58,59,1756,0
2024-12-15,Northern Ky.,Ball St.,5737826,51,77,2124,0
2024-12-15,New Mexico,Pepperdine,5728938,82,59,4575,0
2024-12-15,Idaho,Utah St.,5725879,71,56,1410,0
2024-12-15,Oregon St.,UC Irvine,5733166,48,60,3451,0
2024-12-15,Wake Forest,Clemson,5736887,59,65,884,0
2024-12-15,Virginia Tech,Radford,5731658,73,34,5421,0
2024-12-15,Southern U.,Jarvis Christian,6081039,83,47,1725,0
2024-12-15,Missouri,Lipscomb,5733443,78,57,2541,0
2024-12-15,SIUE,Southern Ill.,5729638,71,59,727,0
2024-12-15,UC Davis,Arizona St.,5723386,57,50,521,0
2024-12-15,California,Austin Peay,5735780,71,45,1428,0
2024-12-15,Santa Clara,North Texas,5734903,63,58,163,0
2024-12-15,LMU (CA),Wichita St.,5731753,56,68,293,0
2024-12-15,UC Santa Barbara,Pacific,5731101,63,50,444,0
2024-12-15,Sacramento St.,San Jose St.,5723761,66,39,327,0
2024-12-15,Iowa St.,Eastern Ill.,5730715,87,55,10122,0
2024-12-16,Charlotte,Winthrop,5722026,55,47,2055,0
2024-12-16,Central Conn. St.,Dartmouth,5728747,59,61,204,0
2024-12-16,Georgia,UNC Greensboro,5731518,59,52,4524,0
2024-12-16,Kent St.,Virginia-Lynchburg,5736767,103,41,1864,0
2024-12-16,Campbell,Guilford,5809528,87,41,2845,0
2024-12-16,Drake,USC Upstate,5735820,84,34,6424,0
2024-12-16,Southeast Mo. St.,Missouri St.,5730720,49,77,2130,0
2024-12-16,Tarleton St.,New Mexico St.,5729820,65,55,676,0
2024-12-16,North Florida,Coastal Ga.,5722499,70,38,115,0
2024-12-16,Eastern Ky.,Indiana St.,5725961,89,72,112,0
2024-12-16,Stanford,UTSA,5723866,62,57,4600,0
2024-12-16,UT Arlington,FIU,5733615,72,56,734,0
2024-12-16,Mercyhurst,Mount St. Mary's,5728880,83,88,189,0
2024-12-16,FGCU,Montana St.,5735188,49,58,1429,0
2024-12-16,UAlbany,Merrimack,5733559,79,64,1047,0
2024-12-16,American,George Washington,5723392,47,62,311,0
2024-12-16,Wright St.,Cleveland St.,5736253,71,85,1318,0
2024-12-16,Oklahoma St.,McNeese,5723276,92,41,2020,0
2024-12-16,Arizona,Weber St.,5729214,87,66,6197,0
2024-12-16,Utah Valley,Jacksonville St.,5723623,49,45,422,0
2024-12-16,Texas A&M,Texas Southern,5734528,85,60,2977,0
2024-12-16,Colorado St.,UTEP,5732095,70,52,1343,0
2024-12-16,Southern Utah,Sam Houston,5737128,61,72,266,0
2024-12-16,Eastern Wash.,Warner Pacific,5732162,98,45,550,0
2024-12-16,Seattle U,Kennesaw St.,5730512,41,64,143,0
2024-12-16,UCLA,Cal Poly,5736933,69,37,2356,0
2024-12-16,Hawaii,Ark.-Pine Bluff,5730370,56,15,1610,0
2024-12-17,Holy Cross,Marist,5735854,66,49,3077,0
2024-12-17,Houston,Mississippi Val.,5722109,98,40,1229,0
2024-12-17,Evansville,IU Columbus,5736343,84,51,2120,0
2024-12-17,Howard,Old Dominion,5737821,58,75,996,0
2024-12-17,Loyola Chicago,Chicago St.,5731007,70,68,3455,0
2024-12-17,Ohio St.,Grand Valley St.,5809583,82,57,4710,0
2024-12-17,Texas Tech,Lamar University,5722858,73,67,13106,0
2024-12-17,San Francisco,Arizona St.,5733557,67,64,0,0
2024-12-17,UNC Asheville,ETSU,5734696,47,53,316,0
2024-12-17,ULM,Mississippi St.,5729785,70,78,1095,0
2024-12-17,Western Ill.,Tennessee Tech,5722872,52,72,423,0
2024-12-17,Seton Hall,LSU,5734378,64,91,7650,1
2024-12-17,Eastern Ky.,NIU,5733378,76,64,149,0
2024-12-17,South Carolina St.,Charleston So.,5737968,50,78,135,0
2024-12-17,St. Bonaventure,Niagara,5728771,76,68,305,0
2024-12-17,Houston Christian,St. Thomas (TX),6081163,46,44,201,0
2024-12-17,Virginia,UMES,5736567,80,64,3681,0
2024-12-17,Col. of Charleston,App State,5731570,83,47,221,0
2024-12-17,North Ala.,Alabama A&M,5734595,77,80,1176,0
2024-12-17,Abilene Christian,Howard Payne,5733644,108,35,728,0
2024-12-17,Creighton,Wyoming,5731727,76,60,1066,0
2024-12-17,UCF,High Point,5736741,60,64,1003,0
2024-12-17,Miami (OH),Purdue,5729132,51,67,639,0
2024-12-17,South Fla.,Northwestern St.,5729077,71,36,1784,0
2024-12-17,Western Mich.,Prairie View,5729258,87,58,695,0
2024-12-17,Hampton,Gardner-Webb,5728447,76,67,217,0
2024-12-17,TCU,Samford,5736380,103,64,1940,0
2024-12-17,South Dakota St.,Dakota St.,5734600,84,47,1431,0
2024-12-17,Texas,La Salle,5734418,111,49,6386,0
2024-12-17,North Dakota,Mayville St.,5735594,73,61,1588,0
2024-12-17,DePaul,Southern U.,5756734,76,64,900,0
2024-12-17,UConn,Iowa St.,5730717,101,68,6812,1
2024-12-17,California Baptist,Middle Tenn.,5729972,54,74,395,0
2024-12-17,Oregon,Air Force,5731599,98,36,4551,0
2024-12-17,Oklahoma,Michigan,5722856,72,62,16058,1
2024-12-18,Presbyterian,Morgan St.,5737301,41,54,100,1
2024-12-18,Davidson,UNC Pembroke,5736350,84,53,3471,0
2024-12-18,Northeastern,Stonehill,5734518,49,65,1003,0
2024-12-18,UAB,New Orleans,5730207,66,60,984,0
2024-12-18,Northwestern,UNLV,5730263,79,76,1092,0
2024-12-18,Louisiana,Auburn,5722948,51,68,5877,0
2024-12-18,Baylor,Utah Tech,5732312,97,34,6149,0
2024-12-18,Grambling,Ark. Baptist,5737695,94,52,203,0
2024-12-18,Fla. Atlantic,Ga. Southern,5723728,71,66,107,1
2024-12-18,Idaho,UC Davis,5723372,58,65,2024,0
2024-12-18,Georgia Tech,Rice,5730152,88,57,1212,0
2024-12-18,Webber Int'l,Longwood,5729428,38,105,85,0
2024-12-18,Boise St.,Furman,5737067,74,65,1738,1
2024-12-18,Lipscomb,Oglethorpe,5736710,113,38,145,0
2024-12-18,Grand Canyon,Wright St.,5728978,82,69,298,1
2024-12-18,CSU Bakersfield,Wichita St.,5723268,69,100,171,0
2024-12-18,Washington,North Dakota St.,5735696,64,51,1738,1
2024-12-18,Saint Louis,Valparaiso,5736014,69,59,293,0
2024-12-18,Lafayette,Dartmouth,5737099,47,60,164,0
2024-12-18,East Carolina,VCU,5730467,48,46,1086,0
2024-12-18,Coastal Carolina,UNCW,5731692,96,64,655,0
2024-12-18,Cincinnati,Marshall,5733148,67,64,1210,0
2024-12-18,Youngstown St.,Detroit Mercy,5734497,58,65,1205,0
2024-12-18,North Carolina,Florida,5735255,77,57,5859,1
2024-12-18,Stony Brook,Georgian Court,5722779,67,29,554,0
2024-12-18,Omaha,Bellevue,5736953,84,53,476,0
2024-12-18,Alabama St.,West Ga.,5736680,46,63,466,0
2024-12-18,Norfolk St.,Drexel,5734723,68,56,500,0
2024-12-18,Robert Morris,Oakland,5736317,53,55,281,0
2024-12-18,Duke,Wofford,5723775,93,58,1768,0
2024-12-18,Bowling Green,Marquette,5726038,64,62,1892,0
2024-12-18,Troy,Toledo,5728991,62,70,678,1
2024-12-18,Binghamton,Syracuse,5737638,60,87,2372,0
2024-12-18,Missouri,Oral Roberts,5723516,63,76,3194,0
2024-12-18,Kansas St.,New Mexico St.,5722917,83,39,3547,0
2024-12-18,Nicholls,Southeastern La.,5729672,54,58,350,0
2024-12-18,Utah St.,UC Riverside,5738074,59,74,394,0
2024-12-18,South Dakota,Mt. Marty,5735565,78,74,1256,0
2024-12-18,Denver,Western Colo.,5737428,64,58,392,0
2024-12-18,Memphis,Tennessee,5735723,75,90,3019,0
2024-12-18,Liberty,Arkansas,5722038,75,61,719,1
2024-12-19,Montana St.,Presbyterian,5735191,57,40,100,1
2024-12-19,Manhattan,Saint Peter's,5731975,49,62,1604,0
2024-12-19,Quinnipiac,Rider,5733621,70,62,2943,0
2024-12-19,Maryland,William & Mary,5731863,107,57,17950,0
2024-12-19,Stetson,South Alabama,5735988,79,87,122,1
2024-12-19,USC Upstate,Lees-McRae,5737767,65,59,818,0
2024-12-19,Montana,Michigan St.,5734569,38,69,173,1
2024-12-19,South Carolina,Charleston So.,5735878,82,46,15154,0
2024-12-19,FDU,Saint Michael's,5732849,91,52,185,0
2024-12-19,Morgan St.,Cleveland St.,5737002,39,56,100,1
2024-12-19,Buffalo,Vermont,5722067,70,68,875,0
2024-12-19,Bethune-Cookman,Bradley,5729331,36,71,122,1
2024-12-19,Wright St.,Ga. Southern,5723734,82,88,106,1
2024-12-19,Texas A&M,Mississippi Val.,5734530,96,54,839,0
2024-12-19,Pittsburgh,New Hampshire,5731532,94,39,157,0
2024-12-19,Boise St.,North Dakota St.,5735697,66,70,1780,1
2024-12-19,Clemson,Georgia,5730441,68,75,724,1
2024-12-19,Long Beach St.,Elon,5733766,67,68,718,0
2024-12-19,California Baptist,Texas Southern,5737475,72,58,181,0
2024-12-19,UTEP,Ark.-Pine Bluff,5734169,70,62,1228,0
2024-12-19,Grand Canyon,Fla. Atlantic,5728979,81,60,134,1
2024-12-19,Morehead St.,UT Martin,5810285,63,102,865,0
2024-12-19,UC San Diego,Northern Ky.,5737366,50,58,335,1
2024-12-19,Coppin St.,Kent St.,5722351,67,61,295,0
2024-12-19,A&M-Corpus Christi,Kansas City,5723699,64,59,85,1
2024-12-19,UTSA,UT Arlington,5738235,76,61,775,0
2024-12-19,Washington,Furman,5737037,71,43,1780,1
2024-12-19,Southern Ind.,Tennessee St.,5723137,74,56,1012,0
2024-12-19,Navy,Delaware,5732468,79,69,462,0
2024-12-19,Iona,Sacred Heart,5735650,58,44,776,0
2024-12-19,Siena,Niagara,5731996,65,57,323,0
2024-12-19,Florida St.,Jacksonville,5729082,97,74,1445,0
2024-12-19,Lindenwood,Tennessee Tech,5722894,67,54,456,0
2024-12-19,Little Rock,SIUE,5729639,83,60,0,0
2024-12-19,Southeast Mo. St.,Eastern Ill.,5730723,55,71,613,0
2024-12-19,Ball St.,Anderson (IN),6081223,112,35,1565,0
2024-12-19,San Diego St.,SFA,5733582,80,89,724,1
2024-12-19,NC State,James Madison,5723944,61,47,5500,0
2024-12-19,Murray St.,Western Caro.,5736813,110,79,1037,0
2024-12-19,Kennesaw St.,Georgia St.,5730516,65,62,658,0
2024-12-19,North Texas,SMU,5722812,66,74,1668,1
2024-12-19,Green Bay,Ripon,5723624,75,42,1810,0
2024-12-19,Mount St. Mary's,Marist,5728881,50,61,161,0
2024-12-19,Merrimack,Canisius,5724029,62,47,131,0
2024-12-19,Dayton,Vanderbilt,5729877,66,80,1632,0
2024-12-19,Arkansas,Troy,5729641,69,77,563,1
2024-12-19,Mercer,Jackson St.,5736426,54,66,419,0
2024-12-19,UTRGV,Eastern Mich.,5733318,73,66,502,1
2024-12-19,Louisiana Tech,Central Baptist,5730627,112,42,925,0
2024-12-19,UIC,LSU,5736606,73,91,4322,0
2024-12-19,Arkansas St.,Tarleton St.,5729821,68,78,426,0
2024-12-19,New Mexico,Sacramento St.,5723766,69,57,4260,1
2024-12-19,San Francisco,Gonzaga,5734147,73,58,358,0
2024-12-19,Fresno St.,Northern Ariz.,5734033,66,55,0,0
2024-12-19,Santa Clara,Saint Mary's (CA),5728921,56,64,243,0
2024-12-19,LMU (CA),Portland,5731754,48,83,219,0
2024-12-19,Oregon,UC Irvine,5731600,71,43,4508,0
2024-12-19,San Diego,Washington St.,5735825,42,65,203,0
2024-12-19,Liberty,Toledo,5729644,63,71,1176,1
2024-12-19,Oregon St.,Western Ky.,5735630,80,58,1007,1
2024-12-19,Miami (FL),Nevada,5735035,84,53,1007,1
2024-12-20,P.R.-Mayaguez,Montana St.,5735205,38,75,100,1
2024-12-20,Stetson,Bradley,5730837,66,58,117,1
2024-12-20,Saint Joseph's,Howard,5723897,69,53,2102,1
2024-12-20,Rhode Island,Saint Francis,5737179,77,37,5922,0
2024-12-20,Penn,Delaware St.,5734773,72,45,521,0
2024-12-20,Wisconsin,UAlbany,5733429,69,59,5820,0
2024-12-20,UMES,Mississippi St.,5736749,52,70,400,0
2024-12-20,Akron,Michigan,5733470,55,96,1156,0
2024-12-20,Boston College,Central Conn. St.,5728751,83,56,312,0
2024-12-20,Winthrop,N.C. Central,5722027,71,76,409,0
2024-12-20,Tulsa,Montana,5810221,68,58,124,1
2024-12-20,FIU,Hampton,5730416,70,60,517,1
2024-12-20,ULM,Central Ark.,5729786,65,49,586,1
2024-12-20,IU Indy,ETSU,5723937,41,54,1428,1
2024-12-20,Northwestern,Col. of Charleston,5731912,62,68,220,1
2024-12-20,UMass Lowell,Massachusetts,5737854,33,53,194,0
2024-12-20,Illinois,Southern U.,5728768,69,57,3396,0
2024-12-20,Missouri St.,Southern Miss.,5722946,92,54,1731,0
2024-12-20,Bethune-Cookman,South Alabama,5729332,67,62,117,1
2024-12-20,NIU,Idaho St.,5733386,51,50,705,0
2024-12-20,George Washington,Miami (OH),5729135,49,74,485,1
2024-12-20,UIW,East Texas A&M,5732077,76,55,76,0
2024-12-20,George Mason,UMBC,5728593,75,53,651,0
2024-12-20,Houston Christian,Sam Houston,5737131,68,79,204,0
2024-12-20,Richmond,Tennessee,5733593,67,92,373,1
2024-12-20,Tulane,Alabama A&M,5730261,53,46,586,1
2024-12-20,Minnesota,Prairie View,5736929,96,57,2570,0
2024-12-20,Wake Forest,UNC Greensboro,5731519,54,50,878,0
2024-12-20,Gardner-Webb,Queens (NC),5734812,97,99,375,0
2024-12-20,Northern Ky.,La Salle,5734425,67,70,135,1
2024-12-20,Radford,UVA Wise,5731659,96,54,832,0
2024-12-20,New Mexico St.,Eastern N.M.,5737805,77,46,438,0
2024-12-20,Southern Utah,Park (AZ),5737186,92,42,201,0
2024-12-20,Portland St.,Air Force,5733693,40,69,363,0
2024-12-20,Georgia,Colorado St.,5730444,56,72,205,1
2024-12-20,Abilene Christian,Sacramento St.,5723776,80,49,100,1
2024-12-20,FGCU,N.C. A&T,5731847,79,48,1428,1
2024-12-20,Michigan St.,Alabama,5737913,67,82,215,1
2024-12-20,Cal Poly,Seattle U,5735177,67,42,495,0
2024-12-20,Chicago St.,SMU,5734192,52,73,398,1
2024-12-20,Eastern Mich.,A&M-Corpus Christi,5733366,52,67,42,1
2024-12-20,Jacksonville St.,New Orleans,5723626,57,47,189,0
2024-12-20,Kentucky,Belmont,5731956,84,78,3887,0
2024-12-20,Binghamton,Molloy,5737639,67,40,916,0
2024-12-20,Hawaii,Clemson,5730442,58,72,205,1
2024-12-20,Samford,Florida A&M,5756640,67,72,173,0
2024-12-20,Illinois St.,UAB,5736503,68,71,1532,0
2024-12-20,UTRGV,Kansas City,5723723,71,54,258,1
2024-12-20,Iowa,UNI,5722611,92,86,14998,0
2024-12-20,South Dakota,South Dakota Mines,5735567,75,31,1151,0
2024-12-20,Weber St.,Utah Valley,5731071,55,57,467,0
2024-12-20,Western Ky.,Nevada,5735039,80,70,1206,1
2024-12-20,Stanford,Ohio St.,5723883,59,84,3766,1
2024-12-20,Eastern Wash.,UC Santa Barbara,5731102,54,46,496,0
2024-12-20,UCLA,Creighton,5731849,70,41,3766,1
2024-12-20,Oregon St.,Miami (FL),5737112,56,61,1206,1
2024-12-21,Alabama A&M,Central Ark.,5730259,55,53,535,1
2024-12-21,Tulane,ULM,5730260,68,63,142,1
2024-12-21,Cleveland St.,P.R.-Mayaguez,5737007,93,31,100,1
2024-12-21,Howard,Northwestern,5785443,66,68,864,1
2024-12-21,Syracuse,Dartmouth,5736684,87,52,2772,0
2024-12-21,Tennessee,Tulsa,5810373,102,61,274,1
2024-12-21,Fla. Atlantic,Wright St.,5736988,68,52,101,1
2024-12-21,North Carolina,Norfolk St.,5735256,90,47,2211,0
2024-12-21,FIU,Miami (OH),5729143,55,62,538,1
2024-12-21,East Carolina,UNCW,5730468,71,56,1308,0
2024-12-21,Wagner,Columbia,5729509,53,77,323,0
2024-12-21,Duquesne,Bowling Green,5726037,67,59,805,0
2024-12-21,Harvard,Boston U.,5723222,86,26,743,0
2024-12-21,Rutgers,Lafayette,5730104,72,65,1858,0
2024-12-21,South Fla.,Duke,5723780,65,56,5735,0
2024-12-21,Le Moyne,Colgate,5729170,45,69,259,0
2024-12-21,Virginia Tech,Campbell,5733815,81,46,5082,0
2024-12-21,Princeton,Vermont,5734466,60,45,792,0
2024-12-21,Lehigh,Wofford,5735953,69,64,512,0
2024-12-21,Youngstown St.,Point Park,5734499,85,42,1296,0
2024-12-21,Davidson,Charlotte,5736429,82,55,712,0
2024-12-21,Vanderbilt,West Ga.,5737109,103,68,2634,0
2024-12-21,Texas St.,UTSA,5730304,54,70,1522,0
2024-12-21,Auburn,Alabama St.,5722954,83,40,3076,0
2024-12-21,Marquette,Stonehill,5731852,87,42,1950,0
2024-12-21,Ole Miss,Mississippi Val.,5732333,78,44,2356,0
2024-12-21,N.C. A&T,IU Indy,5723940,62,53,107,1
2024-12-21,Saint Joseph's,Col. of Charleston,5785444,59,54,864,1
2024-12-21,Virginia,Coppin St.,5722352,74,66,4286,0
2024-12-21,Morehead St.,Tennessee St.,5728278,68,51,776,0
2024-12-21,VCU,LIU,5725973,72,42,454,0
2024-12-21,Marshall,Davis & Elkins,5733149,77,38,1080,0
2024-12-21,Seton Hall,Providence,5734380,51,40,686,0
2024-12-21,Northeastern,Holy Cross,5734520,37,61,189,0
2024-12-21,Coastal Carolina,South Carolina St.,5736428,104,58,0,0
2024-12-21,Alabama,Richmond,5737919,75,68,121,1
2024-12-21,Denver,North Ala.,5737430,78,70,217,0
2024-12-21,Purdue Fort Wayne,Western Mich.,5723753,83,75,518,0
2024-12-21,Chattanooga,Salem (WV),5785451,93,34,1853,0
2024-12-21,Sacred Heart,Quinnipiac,5734295,63,78,708,0
2024-12-21,Lindenwood,Western Ill.,5723120,63,59,872,0
2024-12-21,Southern Ind.,UT Martin,5723145,69,59,1082,0
2024-12-21,McNeese,Southeastern La.,5729673,56,82,2437,0
2024-12-21,Lamar University,Northern Colo.,5722870,60,43,750,0
2024-12-21,Green Bay,Wis.-Parkside,5723629,72,39,1843,0
2024-12-21,Saint Louis,Bellarmine,5736015,86,69,526,0
2024-12-21,Little Rock,Eastern Ill.,5731801,56,59,593,0
2024-12-21,St. Thomas (MN),Drake,5733314,81,92,653,0
2024-12-21,Valparaiso,Detroit Mercy,5736509,71,79,377,0
2024-12-21,George Washington,Hampton,5730417,72,69,486,1
2024-12-21,Fairfield,Mount St. Mary's,5728882,76,61,764,0
2024-12-21,Purdue,Indiana St.,5725962,87,68,3803,0
2024-12-21,Siena,Canisius,5724033,67,61,462,0
2024-12-21,Saint Peter's,Iona,5731976,50,56,302,0
2024-12-21,Villanova,St. John's (NY),5736327,71,57,1113,0
2024-12-21,UCF,TCU,5736401,52,92,1796,0
2024-12-21,Brown,New Hampshire,5731533,70,43,300,0
2024-12-21,Maine,Bates,5737565,96,39,1099,0
2024-12-21,Merrimack,Niagara,5733567,71,56,142,0
2024-12-21,High Point,Austin Peay,5736746,46,59,580,0
2024-12-21,Mercer,App State,5731571,61,74,319,0
2024-12-21,Bucknell,Hofstra,5733934,71,76,247,0
2024-12-21,Southeast Mo. St.,SIUE,5730724,67,61,635,0
2024-12-21,Grand Canyon,Ga. Southern,5723738,79,52,512,1
2024-12-21,Florida,North Florida,5722500,75,47,1394,0
2024-12-21,UC San Diego,La Salle,5734432,69,53,357,1
2024-12-21,New Mexico,Abilene Christian,5730753,69,77,4672,1
2024-12-21,Wyoming,North Dakota,5731728,73,41,2311,0
2024-12-21,Utah Tech,Pittsburgh,5732313,52,61,358,0
2024-12-21,Loyola Chicago,Evansville,5731008,70,57,447,0
2024-12-21,Oral Roberts,Wichita St.,5723277,77,65,2727,0
2024-12-21,Tarleton St.,St. Mary's (TX),5729822,64,31,527,0
2024-12-21,DePaul,Butler,5734305,66,43,1300,0
2024-12-21,FGCU,ETSU,5731848,67,54,1444,1
2024-12-21,BYU,Arizona,5736921,53,57,2075,0
2024-12-21,Colorado St.,SFA,5728407,69,80,1410,1
2024-12-21,UNC Asheville,Western Caro.,5734698,64,77,253,0
2024-12-21,Robert Morris,St. Bonaventure,5728772,65,41,303,0
2024-12-21,North Texas,Chicago St.,5722822,83,57,1422,1
2024-12-21,Monmouth,American,5723402,64,51,731,0
2024-12-21,San Diego,Gonzaga,5734149,59,66,754,0
2024-12-21,Saint Mary's (CA),LMU (CA),5728922,59,54,278,0
2024-12-21,Oklahoma St.,Iowa St.,5735126,81,75,3003,0
2024-12-21,Memphis,Louisville,5737155,68,87,2021,0
2024-12-21,Kansas,Baylor,5733980,66,86,3935,0
2024-12-21,CSUN,Idaho,5725880,52,68,275,0
2024-12-21,Georgia Tech,Nebraska,5734319,72,61,1971,0
2024-12-21,UNLV,UC Riverside,5730264,80,57,936,0
2024-12-21,Utah,Arizona St.,5733560,102,82,3787,0
2024-12-21,Portland,Pacific,5734956,84,71,623,0
2024-12-21,San Diego St.,Hawaii,5809617,54,52,1410,1
2024-12-21,Pepperdine,Santa Clara,5728940,69,70,209,0
2024-12-21,Marist,Manhattan,5737127,58,51,807,0
2024-12-21,San Jose St.,Bethesda (CA),5737332,100,44,412,0
2024-12-21,UConn,Southern California,5730799,70,72,15684,0
2024-12-21,Colorado,West Virginia,5736848,65,60,3209,0
2024-12-21,California,Fordham,5735781,69,53,1846,1
2024-12-21,Temple,Xavier,5756613,66,51,1856,1
2024-12-22,Indiana,Oakland,5731333,90,55,10378,0
2024-12-22,Notre Dame,Loyola Maryland,5728720,97,54,7746,0
2024-12-22,UIC,Ohio,5736791,91,45,535,0
2024-12-22,Texas,South Dakota St.,5734589,103,57,7020,0
2024-12-22,Southern Ill.,UAB,5736548,57,75,376,0
2024-12-22,Stony Brook,Cornell,5722788,54,40,736,0
2024-12-22,Central Mich.,Milwaukee,5723271,54,50,990,0
2024-12-22,Kansas St.,Cincinnati,5733323,76,59,7700,0
2024-12-22,Old Dominion,Virginia St.,6086046,68,58,1393,0
2024-12-22,Texas Tech,Houston,5735028,74,59,4227,0
2024-12-22,Arkansas St.,Delta St.,5730603,68,45,520,0
2024-12-22,Oklahoma,Omaha,5736970,111,65,6244,0
2024-12-22,Nicholls,New Orleans,5730209,65,61,400,0
2024-12-22,Fordham,Xavier,5785372,62,71,1912,1
2024-12-22,California,Temple,5785373,89,63,1912,1
2024-12-27,Grand Canyon,Park (AZ),5728977,108,44,325,0
2024-12-28,Le Moyne,Buffalo,5722068,59,107,259,0
2024-12-28,Bryant,Coppin St.,5722353,52,69,185,1
2024-12-28,St. John's (NY),Creighton,5736354,56,75,1474,0
2024-12-28,Wright St.,Purdue Fort Wayne,5723758,49,76,1264,0
2024-12-28,IU Indy,Youngstown St.,5723945,65,50,241,0
2024-12-28,NIU,Viterbo,5733408,92,44,802,0
2024-12-28,Indiana,Wisconsin,5731334,83,52,11212,0
2024-12-28,Toledo,Defiance,5733664,114,30,4241,0
2024-12-28,Akron,Miami-Hamilton,5733857,80,52,256,0
2024-12-28,Eastern Mich.,St. Thomas (MN),5733316,65,81,1127,0
2024-12-28,Robert Morris,Detroit Mercy,5737279,58,66,321,0
2024-12-28,Oral Roberts,Haskell,5729134,124,47,2017,0
2024-12-28,North Ala.,Bethel (TN),5810421,84,54,1147,0
2024-12-28,Washington St.,Pepperdine,5728942,67,46,924,0
2024-12-28,Illinois,Oregon,5731601,64,59,4914,0
2024-12-28,Northwestern,Washington,5733453,71,90,1439,0
2024-12-28,Santa Clara,Portland,5734909,54,81,291,0
2024-12-28,Southern Utah,Cal Poly,5737069,58,66,309,0
2024-12-28,Gonzaga,Oregon St.,5734150,67,71,5615,0
2024-12-28,UC Davis,Cal Maritime,5723704,115,29,823,0
2024-12-28,Kentucky,Western Ky.,5735631,88,70,5700,0
2024-12-28,Georgia,Ohio,5736792,83,50,2525,0
2024-12-28,FDU,Maine,5731845,66,48,377,1
2024-12-28,Minnesota,Penn St.,5734950,90,54,5312,0
2024-12-28,Austin Peay,Tenn. Southern,5737671,73,66,372,0
2024-12-28,Pacific,Saint Mary's (CA),5728923,78,80,536,0
2024-12-28,LMU (CA),San Francisco,5731755,73,85,176,0
2024-12-28,Georgetown,UMES,5735676,78,68,0,0
2024-12-29,Notre Dame,Virginia,5736122,95,54,9149,0
2024-12-29,Alabama,Jacksonville,5729083,93,46,2175,0
2024-12-29,Cleveland St.,Milwaukee,5723283,73,68,321,0
2024-12-29,Army West Point,Mt. St. Mary (NY),5763049,85,36,1102,0
2024-12-29,Vanderbilt,Alabama A&M,5734598,93,64,3061,0
2024-12-29,Duquesne,Davidson,5740599,70,76,1067,0
2024-12-29,American,Howard,5723404,46,75,495,0
2024-12-29,Ga. Southern,Louisiana,5723835,57,68,535,0
2024-12-29,Coastal Carolina,ULM,5729789,63,61,735,0
2024-12-29,Maine,Coppin St.,5722354,66,55,185,1
2024-12-29,Rice,South Fla.,5736574,64,74,1051,0
2024-12-29,Evansville,Drake,5735190,54,76,807,0
2024-12-29,Marshall,Texas St.,5730315,49,60,1117,0
2024-12-29,Canisius,Colgate,5724038,47,66,422,0
2024-12-29,UMBC,Bryn Athyn,5728596,101,49,394,0
2024-12-29,UNCW,Longwood,5723286,68,84,918,0
2024-12-29,Lehigh,Misericordia,5737267,81,22,628,0
2024-12-29,Northern Ky.,Oakland,5736323,85,86,1664,0
2024-12-29,Maryland,Michigan St.,5733757,72,66,9200,0
2024-12-29,Kent St.,John Carroll,5736771,97,59,1239,0
2024-12-29,Old Dominion,South Alabama,5735997,82,59,1505,0
2024-12-29,Towson,Columbia,5732065,53,73,475,0
2024-12-29,Massachusetts,Fordham,5737855,78,61,1393,0
2024-12-29,Rhode Island,Saint Louis,5737751,83,63,1162,0
2024-12-29,UConn,Providence,5737283,67,41,15684,0
2024-12-29,UT Martin,Fisk,5810286,86,38,1009,0
2024-12-29,Valparaiso,Southern Ill.,5736511,69,51,272,0
2024-12-29,LSU,UAlbany,5736609,83,61,12171,0
2024-12-29,UIW,Our Lady of the Lake,5736829,104,37,0,0
2024-12-29,A&M-Corpus Christi,Schreiner,5735633,90,38,923,0
2024-12-29,North Dakota St.,Dakota Wesleyan,5735698,64,55,835,0
2024-12-29,Wichita St.,North Texas,5738059,56,62,1083,0
2024-12-29,Saint Joseph's,VCU,5809697,70,62,801,0
2024-12-29,Tennessee,Winthrop,5722028,114,50,11152,0
2024-12-29,James Madison,Troy,5723952,63,52,3376,0
2024-12-29,Rutgers,Ohio St.,5730106,63,77,2929,0
2024-12-29,App State,Arkansas St.,5730607,77,62,604,0
2024-12-29,Yale,Boston U.,5731209,56,77,444,0
2024-12-29,Georgia St.,Southern Miss.,5722953,59,73,1384,0
2024-12-29,Princeton,Middle Tenn.,5729973,64,51,1079,0
2024-12-29,Radford,Bluefield Univ.,5731660,102,58,644,0
2024-12-29,La Salle,George Washington,5737489,54,65,187,0
2024-12-29,Drexel,Lebanon Valley,5734725,71,30,414,0
2024-12-29,Richmond,Dayton,5737884,55,37,1466,0
2024-12-29,South Carolina,Wofford,5735879,93,47,17711,0
2024-12-29,Hofstra,Iona,5736375,59,43,702,0
2024-12-29,Butler,Seton Hall,5734306,49,69,1776,0
2024-12-29,Indiana St.,UNI,5735793,65,75,1204,0
2024-12-29,West Ga.,Brenau,5734243,110,49,384,0
2024-12-29,Charlotte,UTSA,5737507,50,64,705,0
2024-12-29,Boston College,Louisville,5736478,73,86,1138,0
2024-12-29,Georgia Tech,Pittsburgh,5734320,100,61,2151,0
2024-12-29,Fla. Atlantic,Tulane,5740550,71,91,463,0
2024-12-29,Florida A&M,Thomas (GA),5763044,111,45,269,0
2024-12-29,Samford,Eastern Ky.,5756641,66,81,237,0
2024-12-29,DePaul,Marquette,5735484,59,78,1798,0
2024-12-29,Air Force,New Mexico,5730754,63,69,684,0
2024-12-29,UAB,Temple,5737966,74,97,305,0
2024-12-29,Loyola Chicago,St. Bonaventure,5756736,57,40,395,0
2024-12-29,Houston Christian,Northwestern St.,5730298,51,57,311,0
2024-12-29,Kansas City,Westminster (MO),5723782,103,49,225,0
2024-12-29,Auburn,Norfolk St.,5722958,57,63,3012,0
2024-12-29,SFA,TAMU-San Antonio,5728453,113,33,1107,0
2024-12-29,Tarleton St.,Texas Southern,5729823,67,55,627,0
2024-12-29,Belmont,Bradley,5733425,69,61,1005,0
2024-12-29,Tulsa,East Carolina,5737165,93,84,1251,0
2024-12-29,TCU,Brown,5734969,79,47,3012,0
2024-12-29,Murray St.,Illinois St.,5736505,91,80,1478,0
2024-12-29,Iowa,Purdue,5733391,84,63,14998,0
2024-12-29,Mississippi St.,South Carolina St.,5736742,95,47,4271,0
2024-12-29,Arkansas,Central Ark.,5756750,87,70,2976,0
2024-12-29,Missouri,Jackson St.,5733447,90,51,2986,0
2024-12-29,FDU,Bryant,5731846,63,49,300,1
2024-12-29,Florida,Alabama St.,5736662,88,31,1401,0
2024-12-29,Utah St.,Colorado St.,5736615,74,83,444,0
2024-12-29,Grand Canyon,Northern Ariz.,5728980,79,70,1689,0
2024-12-29,Nevada,San Jose St.,5735040,63,59,1367,0
2024-12-29,San Diego St.,Boise St.,5737070,74,59,2565,0
2024-12-29,Miami (FL),North Carolina,5735257,60,69,3397,0
2024-12-29,Prairie View,Wiley,5756666,85,44,226,0
2024-12-29,Texas,UTRGV,5734987,94,35,7157,0
2024-12-29,UIC,Missouri St.,5735598,69,62,485,0
2024-12-29,Oklahoma,New Mexico St.,5735337,82,64,6876,0
2024-12-29,CSU Bakersfield,Seattle U,5728505,49,58,307,0
2024-12-29,UC San Diego,LIFE Pacific,5737371,71,30,404,0
2024-12-29,Cal St. Fullerton,Bethesda (CA),5732201,100,40,139,0
2024-12-29,UNLV,Fresno St.,5734038,78,53,1008,0
2024-12-29,UCLA,Nebraska,5736022,91,54,5339,0
2024-12-29,NC State,Clemson,5733692,83,79,5500,0
2024-12-29,Southern California,Michigan,5730800,78,58,8043,0
2024-12-30,N.C. Central,Furman,5735034,77,76,345,0
2024-12-30,Abilene Christian,Nelson,5733648,87,40,705,0
2024-12-30,Morgan St.,Mount St. Mary's,5728883,72,68,89,0
2024-12-30,Western Caro.,Southern Wesleyan,5736815,112,53,388,0
2024-12-30,Wagner,Old Westbury,5729510,133,34,0,0
2024-12-30,Campbell,Bethune-Cookman,5729333,64,50,1152,0
2024-12-30,Loyola Maryland,Haverford,5809606,82,38,215,0
2024-12-30,Louisiana Tech,LSU-Alexandria,5730634,86,41,951,0
2024-12-30,Arizona St.,Penn,5737769,73,67,1219,0
2024-12-30,Delaware St.,Hampton,5730418,47,64,124,0
2024-12-30,Stonehill,New Hampshire,5731534,57,74,474,0
2024-12-30,UNC Asheville,Brevard,5734701,79,45,252,0
2024-12-30,Long Beach St.,Bethesda (CA),5737050,122,49,500,0
2024-12-30,Saint Mary's (CA),San Diego,5728924,85,75,326,0
2024-12-30,UT Arlington,Wiley,5738236,113,51,795,0
2024-12-30,Binghamton,SUNY Geneseo,5737640,75,42,1103,0
2024-12-30,Jacksonville St.,Life (GA),5723863,88,52,257,0
2024-12-30,Mercyhurst,Allegheny,5729722,71,52,285,0
2024-12-30,Siena,Cornell,5731997,73,76,434,0
2024-12-30,Georgetown,Xavier,5735677,64,41,629,0
2024-12-30,Kennesaw St.,Mercer,5730519,59,62,710,0
2024-12-30,LIU,NJIT,5725975,60,89,89,0
2024-12-30,Ole Miss,Alcorn,5732335,93,41,2896,0
2024-12-30,Western Ill.,Clarke,5723434,97,58,494,0
2024-12-30,Portland,Oregon St.,5734958,72,76,2064,0
2024-12-30,Santa Clara,San Francisco,5734912,53,65,241,0
2024-12-30,Gonzaga,Pepperdine,5728944,75,54,5165,0
2024-12-30,UTEP,Eastern N.M.,5734175,50,48,1207,0
2024-12-30,Pacific,Washington St.,5733718,66,74,540,0
2024-12-31,Southeast Mo. St.,William Woods,6300311,102,50,230,0
2024-12-31,Princeton,Le Moyne,5736938,75,43,796,0
2024-12-31,Presbyterian,Newberry,5737302,63,43,311,0
2024-12-31,Elon,Lees-McRae,5733770,97,53,1015,0
2024-12-31,Illinois,Washington,5734054,75,84,4272,0
2024-12-31,UNC Greensboro,Greensboro,5731520,104,21,197,0
2024-12-31,Arizona,Utah,5734798,48,69,6958,0
2024-12-31,Northwestern,Oregon,5731602,65,85,1377,0
2024-12-31,Benedictine Mesa,Penn,5737775,75,86,50,0
2024-12-31,Wisconsin,Minnesota,5733446,50,59,4480,0
2024-12-31,N.C. A&T,Mount Olive,5733258,100,42,526,0
2024-12-31,Southern Ind.,Morehead St.,5723149,79,65,1458,0
2025-01-01,Dartmouth,Colby-Sawyer,5737234,94,46,987,0
2025-01-01,Penn St.,Iowa,5733396,68,80,3417,0
2025-01-01,Kent St.,Bowling Green,5726036,81,71,1078,0
2025-01-01,Eastern Mich.,Western Mich.,5723005,51,65,1131,0
2025-01-01,Miami (OH),Ball St.,5729146,55,68,537,0
2025-01-01,Michigan St.,Purdue,5734572,77,59,5324,0
2025-01-01,Furman,Southern Wesleyan,5809693,107,51,237,0
2025-01-01,Providence,St. John's (NY),5736398,59,52,817,0
2025-01-01,Buffalo,Central Mich.,5722069,81,55,2001,0
2025-01-01,Marquette,UConn,5735485,45,77,3750,0
2025-01-01,West Virginia,UCF,5736855,80,58,5232,0
2025-01-01,Cincinnati,BYU,5736378,72,63,2587,0
2025-01-01,Colorado St.,San Diego St.,5736621,67,56,1480,0
2025-01-01,Southern California,Nebraska,5730801,75,55,5662,0
2025-01-01,Iowa St.,Kansas,5735376,78,64,10807,0
2025-01-01,Tulane,Rice,5756702,64,72,677,0
2025-01-01,Baylor,Oklahoma St.,5733981,61,84,3546,0
2025-01-01,Houston,Kansas St.,5733326,55,74,739,0
2025-01-01,Creighton,Butler,5734311,68,64,2196,0
2025-01-01,Wyoming,Utah St.,5731729,73,53,2463,0
2025-01-01,San Jose St.,UNLV,5737333,70,90,356,0
2025-01-01,Toledo,NIU,5733416,58,59,3830,0
2025-01-01,Temple,East Carolina,5737169,63,58,1356,0
2025-01-01,Ohio,Akron,5733488,61,74,558,0
2025-01-01,Memphis,Wichita St.,5737318,93,83,1064,0
2025-01-01,New Mexico,Nevada,5730755,70,62,5216,0
2025-01-01,UCLA,Michigan,5735119,86,70,4566,0
2025-01-01,North Texas,Tulsa,5740624,84,78,1579,0
2025-01-01,Arizona St.,Texas Tech,5735033,79,61,1277,0
2025-01-01,Detroit Mercy,IU Indy,5723946,67,59,601,0
2025-01-01,South Fla.,Charlotte,5736578,69,68,1987,0
2025-01-01,Purdue Fort Wayne,Youngstown St.,5723763,74,60,474,0
2025-01-01,TCU,Colorado,5736405,63,50,2864,0
2025-01-01,UTSA,UAB,5737970,67,56,917,0
2025-01-01,Villanova,Seton Hall,5734383,55,56,435,0
2025-01-01,Boise St.,Air Force,5737073,66,55,1649,0
2025-01-02,George Mason,Saint Joseph's,5756709,55,61,3354,0
2025-01-02,St. Bonaventure,Rhode Island,5737752,48,82,189,0
2025-01-02,LIU,Le Moyne,5725976,59,48,58,0
2025-01-02,Western Caro.,Montreat,5736818,94,54,424,0
2025-01-02,St. Thomas (MN),Kansas City,5723839,69,76,274,0
2025-01-02,Boston U.,Lafayette,5737016,55,66,261,0
2025-01-02,Longwood,Presbyterian,5737306,68,56,972,0
2025-01-02,South Alabama,App State,5731572,67,82,281,0
2025-01-02,Central Conn. St.,Saint Francis,5728749,63,79,212,0
2025-01-02,UMass Lowell,Maine,5737566,39,54,188,0
2025-01-02,NJIT,Binghamton,5737642,58,49,277,0
2025-01-02,Wofford,Erskine,5735954,107,35,294,0
2025-01-02,Rider,Fairfield,5733623,37,69,416,0
2025-01-02,Virginia Tech,Florida St.,5733715,74,105,5424,0
2025-01-02,FGCU,Queens (NC),5734817,81,58,1540,0
2025-01-02,Quinnipiac,Saint Peter's,5732062,54,39,355,0
2025-01-02,Army West Point,Colgate,5729171,56,38,569,0
2025-01-02,Eastern Ill.,Lindenwood,5732108,77,65,456,0
2025-01-02,New Hampshire,Bryant,5731535,49,61,342,0
2025-01-02,SIUE,Western Ill.,5723107,48,75,1331,0
2025-01-02,Central Ark.,Jacksonville,5729084,74,63,673,0
2025-01-02,Bucknell,Lehigh,5733935,53,65,287,0
2025-01-02,VCU,Duquesne,5740600,65,63,546,0
2025-01-02,Tennessee St.,Southeast Mo. St.,5730728,68,75,170,0
2025-01-02,UAlbany,Vermont,5734470,64,55,1163,0
2025-01-02,Loyola Maryland,Holy Cross,5735856,46,49,225,0
2025-01-02,Fordham,Richmond,5809683,80,78,278,0
2025-01-02,Bellarmine,North Ala.,5738048,89,90,417,0
2025-01-02,Tennessee Tech,Southern Ind.,5722903,83,79,1068,0
2025-01-02,UT Martin,Little Rock,5731802,61,66,1021,0
2025-01-02,Boston College,Duke,5736480,59,86,2273,0
2025-01-02,Stetson,West Ga.,5736692,79,64,210,0
2025-01-02,Gardner-Webb,Charleston So.,5735970,65,67,50,0
2025-01-02,Clemson,California,5735782,69,58,1143,0
2025-01-02,Georgia Tech,Syracuse,5734326,85,68,2076,0
2025-01-02,Davidson,La Salle,5737490,78,61,679,0
2025-01-02,Radford,High Point,5737154,55,67,579,0
2025-01-02,Dayton,Loyola Chicago,5737886,83,45,1565,0
2025-01-02,Manhattan,Siena,5731999,60,62,164,0
2025-01-02,USC Upstate,Winthrop,5737779,54,63,112,0
2025-01-02,Virginia,Wake Forest,5736571,69,46,4105,0
2025-01-02,Alabama A&M,Mississippi Val.,5734688,89,53,1187,0
2025-01-02,Texas Southern,Grambling,5737696,85,74,317,0
2025-01-02,Alabama,Florida,5736667,79,69,2516,0
2025-01-02,Drake,UIC,5735189,86,63,2316,0
2025-01-02,UNI,Valparaiso,5736513,93,70,2607,0
2025-01-02,Missouri,South Carolina,5733451,52,83,5154,0
2025-01-02,Southern Ill.,Murray St.,5736556,69,93,424,0
2025-01-02,UMES,Lincoln (PA),5756689,55,39,328,0
2025-01-02,Bradley,Evansville,5735278,45,42,453,0
2025-01-02,Austin Peay,Eastern Ky.,5737672,58,72,382,0
2025-01-02,Prairie View,Southern U.,5756667,48,60,127,0
2025-01-02,Louisiana,James Madison,5723960,63,68,511,0
2025-01-02,ETSU,Tusculum,5756677,103,55,389,0
2025-01-02,Milwaukee,Wright St.,5723288,75,50,685,0
2025-01-02,Chicago St.,Wagner,5731169,73,85,196,0
2025-01-02,Southeastern La.,UTRGV,5729674,80,41,541,0
2025-01-02,Green Bay,Northern Ky.,5723635,78,59,1750,0
2025-01-02,Troy,Coastal Carolina,5729001,92,84,1324,0
2025-01-02,Auburn,Ole Miss,5722964,58,85,2955,0
2025-01-02,Xavier,DePaul,5756735,60,65,1118,0
2025-01-02,Lipscomb,North Florida,5722501,76,53,225,0
2025-01-02,Southern Miss.,Old Dominion,5722962,47,65,1200,0
2025-01-02,Alabama St.,Ark.-Pine Bluff,5736686,58,46,450,0
2025-01-02,Maryland,Rutgers,5730107,78,61,5434,0
2025-01-02,American,Navy,5723405,59,66,355,0
2025-01-02,Stonehill,Mercyhurst,5729742,72,54,223,0
2025-01-02,Kentucky,Mississippi St.,5736757,91,69,4493,0
2025-01-02,Louisville,Miami (FL),5737281,74,56,7956,0
2025-01-02,Marist,Iona,5736381,67,69,783,0
2025-01-02,Missouri St.,Belmont,5733464,57,55,2093,0
2025-01-02,Vanderbilt,Georgia,5737111,108,82,3120,0
2025-01-02,Illinois St.,Indiana St.,5735794,96,69,1596,0
2025-01-02,East Texas A&M,Nicholls,5732078,68,60,186,0
2025-01-02,Middle Tenn.,FIU,5729974,69,38,3209,0
2025-01-02,New Orleans,A&M-Corpus Christi,5730210,66,78,389,0
2025-01-02,ULM,Ga. Southern,5723744,83,67,886,0
2025-01-02,Northwestern St.,McNeese,5730299,70,55,351,0
2025-01-02,SFA,Houston Christian,5728409,82,35,857,0
2025-01-02,Louisiana Tech,UTEP,5730637,63,50,1016,0
2025-01-02,Western Ky.,Liberty,5722039,66,77,788,0
2025-01-02,Sam Houston,New Mexico St.,5737132,61,79,456,0
2025-01-02,Saint Louis,Massachusetts,5737856,55,72,729,0
2025-01-02,SMU,Stanford,5734017,67,63,1446,0
2025-01-02,Omaha,North Dakota,5735606,71,66,683,0
2025-01-02,Lamar University,UIW,5722889,69,47,463,0
2025-01-02,Texas A&M,Tennessee,5734533,78,91,3070,0
2025-01-02,Arkansas St.,Marshall,5730612,66,56,421,0
2025-01-02,Oral Roberts,South Dakota St.,5723519,76,81,2891,0
2025-01-02,Denver,South Dakota,5735569,71,77,390,0
2025-01-02,Weber St.,Northern Colo.,5723362,65,52,359,0
2025-01-02,Texas St.,Georgia St.,5731052,51,59,618,0
2025-01-02,CSUN,Cal St. Fullerton,5730062,79,76,200,0
2025-01-02,UC Davis,CSU Bakersfield,5723403,81,37,412,0
2025-01-02,Pepperdine,San Diego,5728946,63,49,180,0
2025-01-02,San Francisco,Saint Mary's (CA),5728925,87,73,294,0
2025-01-02,UC Irvine,Cal Poly,5733169,60,38,792,0
2025-01-02,UC Riverside,Long Beach St.,5737044,48,63,136,0
2025-01-02,Oregon St.,LMU (CA),5731756,59,56,3519,0
2025-01-02,Washington St.,Santa Clara,5734913,62,68,865,0
2025-01-02,Portland,Gonzaga,5734152,71,76,1116,0
2025-01-02,Montana St.,Idaho,5725881,59,56,1527,0
2025-01-02,Idaho St.,Northern Ariz.,5736549,71,79,816,0
2025-01-02,Montana,Eastern Wash.,5732163,78,70,2304,0
2025-01-02,Oklahoma,Texas,5722875,73,80,8039,0
2025-01-02,Arkansas,LSU,5736613,64,98,3985,0
2025-01-02,UC Santa Barbara,Hawaii,5731103,72,62,622,0
2025-01-03,Northeastern,Stony Brook,5731271,51,72,175,0
2025-01-03,Drexel,Delaware,5732486,65,59,438,0
2025-01-03,Col. of Charleston,Towson,5731919,67,50,411,0
2025-01-03,UNC Greensboro,CarolinaU,5733435,86,51,147,0
2025-01-03,N.C. A&T,Elon,5733260,57,40,644,0
2025-01-03,Oakland,Cleveland St.,5736254,71,68,510,0
2025-01-03,UNCW,Campbell,5731693,67,61,596,0
2025-01-03,William & Mary,Hampton,5730419,71,52,766,0
2025-01-03,Monmouth,Hofstra,5732885,67,75,618,0
2025-01-04,Indiana,UCLA,5731335,62,73,11528,0
2025-01-04,Alcorn,Jackson St.,5736470,64,67,977,0
2025-01-04,Canisius,Sacred Heart,5724042,63,70,466,0
2025-01-04,Niagara,Mount St. Mary's,5728887,68,89,294,0
2025-01-04,Quinnipiac,Marist,5734296,64,52,653,0
2025-01-04,Iona,Siena,5732000,82,75,976,0
2025-01-04,Seton Hall,Georgetown,5734385,74,71,847,0
2025-01-04,Maine,Bryant,5737567,87,64,1196,0
2025-01-04,East Carolina,Fla. Atlantic,5737171,48,64,1335,0
2025-01-04,Ball St.,Central Mich.,5732226,72,61,2112,0
2025-01-04,East Texas A&M,McNeese,5732079,55,64,367,0
2025-01-04,Central Conn. St.,Mercyhurst,5728752,78,52,279,0
2025-01-04,Tennessee Tech,Morehead St.,5722910,76,63,1005,0
2025-01-04,SIUE,Lindenwood,5729642,59,73,882,0
2025-01-04,Northwestern St.,Nicholls,5730300,56,44,205,0
2025-01-04,Chicago St.,LIU,5725977,64,59,0,0
2025-01-04,Louisiana,Georgia St.,5729042,68,50,618,0
2025-01-04,Abilene Christian,Utah Valley,5731073,63,64,988,0
2025-01-04,Green Bay,Wright St.,5723638,69,51,1904,0
2025-01-04,Kansas City,North Dakota,5723852,60,63,345,0
2025-01-04,UT Martin,Southeast Mo. St.,5730729,85,69,1236,0
2025-01-04,Eastern Ill.,Western Ill.,5723101,70,60,506,0
2025-01-04,Southeastern La.,A&M-Corpus Christi,5729677,75,62,623,0
2025-01-04,Tennessee St.,Little Rock,5731803,63,67,174,0
2025-01-04,NIU,Ohio,5733437,55,71,775,0
2025-01-04,Missouri St.,Murray St.,5735600,85,78,1676,0
2025-01-04,St. Thomas (MN),North Dakota St.,5733319,59,73,773,0
2025-01-04,Kansas St.,Texas Tech,5733332,77,57,6042,0
2025-01-04,Alabama St.,Mississippi Val.,5736689,64,49,2075,0
2025-01-04,IU Indy,Robert Morris,5723949,56,46,458,0
2025-01-04,Yale,Harvard,5723232,43,61,564,0
2025-01-04,FDU,Wagner,5731170,75,49,279,0
2025-01-04,UMBC,Binghamton,5728600,50,60,355,0
2025-01-04,Coppin St.,N.C. Central,5735037,69,66,211,0
2025-01-04,Fairfield,Merrimack,5733592,72,48,711,0
2025-01-04,Stetson,Queens (NC),5734820,69,61,214,0
2025-01-04,Manhattan,Rider,5733631,81,40,220,0
2025-01-04,Winthrop,Radford,5737157,65,58,490,0
2025-01-04,High Point,UNC Asheville,5737655,84,53,1281,0
2025-01-04,Brown,Dartmouth,5734972,48,64,397,0
2025-01-04,Wofford,King (TN),5735955,73,38,354,0
2025-01-04,Norfolk St.,UMES,5737237,72,54,1247,0
2025-01-04,Presbyterian,Gardner-Webb,5735971,58,62,263,0
2025-01-04,Charleston So.,Longwood,5737409,72,73,321,0
2025-01-04,Stonehill,Saint Francis,5735842,73,59,219,0
2025-01-04,UCF,Arizona,5736922,53,75,1385,0
2025-01-04,Akron,Toledo,5733528,54,74,276,0
2025-01-04,Vermont,New Hampshire,5731536,72,52,1045,0
2025-01-04,Penn,Columbia,5732066,59,74,732,0
2025-01-04,Bellarmine,Central Ark.,5756763,68,60,372,0
2025-01-04,Providence,Creighton,5756753,46,60,783,0
2025-01-04,Morgan St.,South Carolina St.,5763038,55,54,67,0
2025-01-04,UMass Lowell,UAlbany,5738288,39,53,285,0
2025-01-04,North Ala.,Jacksonville,5729085,73,57,1414,0
2025-01-04,Western Mich.,Miami (OH),5723024,51,57,1075,0
2025-01-04,Princeton,Cornell,5737894,72,39,0,0
2025-01-04,UNI,UIC,5737715,75,64,2543,0
2025-01-04,Lipscomb,Eastern Ky.,5736717,79,48,175,0
2025-01-04,Southern Ill.,Belmont,5733473,66,79,302,0
2025-01-04,Drake,Valparaiso,5735187,82,64,2656,0
2025-01-04,Baylor,Colorado,5733983,76,62,3764,0
2025-01-04,Southern Miss.,App State,5722966,56,76,1166,0
2025-01-04,Memphis,North Texas,5737305,71,73,1209,0
2025-01-04,Louisiana Tech,New Mexico St.,5730638,67,58,1031,0
2025-01-04,Alabama A&M,Ark.-Pine Bluff,5734691,66,52,1503,0
2025-01-04,Western Ky.,FIU,5733619,79,80,813,0
2025-01-04,Austin Peay,North Florida,5722502,60,52,687,0
2025-01-04,Milwaukee,Northern Ky.,5723292,65,68,628,0
2025-01-04,ULM,Old Dominion,5729791,68,72,1002,0
2025-01-04,UT Arlington,Tarleton St.,5729824,87,79,1041,0
2025-01-04,Air Force,Nevada,5735052,55,58,604,0
2025-01-04,Oral Roberts,South Dakota,5723521,82,70,1633,0
2025-01-04,Washington St.,Oregon St.,5735826,66,52,997,0
2025-01-04,Sam Houston,UTEP,5734179,62,64,117,0
2025-01-04,Samford,Berry,5756642,94,35,191,0
2025-01-04,Prairie View,Grambling,5737697,44,67,148,0
2025-01-04,Tulsa,UTSA,5738271,53,60,1317,0
2025-01-04,New Orleans,UTRGV,5730211,62,64,345,0
2025-01-04,Colorado St.,San Jose St.,5736624,87,51,1538,0
2025-01-04,Texas St.,James Madison,5723962,60,81,756,0
2025-01-04,Arkansas St.,Ga. Southern,5723746,76,73,408,0
2025-01-04,Oklahoma St.,Kansas,5735128,66,75,3390,0
2025-01-04,South Alabama,Coastal Carolina,5735999,58,73,528,0
2025-01-04,Denver,South Dakota St.,5734615,42,79,553,0
2025-01-04,SFA,UIW,5728411,67,60,996,0
2025-01-04,Jacksonville St.,Kennesaw St.,5723651,68,56,688,0
2025-01-04,Oregon,Wisconsin,5731603,68,52,5847,0
2025-01-04,Montana St.,Eastern Wash.,5732164,66,54,1517,0
2025-01-04,Seattle U,California Baptist,5737480,64,70,243,0
2025-01-04,Idaho St.,Northern Colo.,5736550,58,50,0,0
2025-01-04,FGCU,West Ga.,5737592,63,49,1632,0
2025-01-04,Cal Poly,Hawaii,5735403,50,62,448,0
2025-01-04,Southern Utah,Grand Canyon,5728981,57,75,346,0
2025-01-04,Weber St.,Northern Ariz.,5723365,78,92,472,0
2025-01-04,Montana,Idaho,5725882,50,63,2268,0
2025-01-04,Middle Tenn.,Liberty,5722040,69,41,4107,0
2025-01-04,Lamar University,Houston Christian,5722897,69,29,1054,0
2025-01-04,Marquette,Butler,5734314,57,54,3109,0
2025-01-04,Charlotte,Tulane,5737510,58,79,662,0
2025-01-04,Texas Southern,Southern U.,5763041,55,51,663,0
2025-01-04,Florida A&M,Bethune-Cookman,5729334,62,54,2312,0
2025-01-04,San Diego St.,New Mexico,5730756,59,68,1529,0
2025-01-04,Troy,Marshall,5729002,80,69,1346,0
2025-01-04,Fresno St.,Wyoming,5734041,59,68,1198,0
2025-01-04,San Diego,Pacific,5733725,66,72,173,0
2025-01-04,Gonzaga,Santa Clara,5734153,82,56,5280,0
2025-01-04,Portland St.,Sacramento St.,5723781,74,76,530,0
2025-01-04,UC Davis,CSUN,5723440,68,41,732,0
2025-01-04,Long Beach St.,CSU Bakersfield,5728509,58,43,579,0
2025-01-04,San Francisco,Pepperdine,5728955,76,60,203,0
2025-01-04,UC San Diego,Cal St. Fullerton,5732202,57,45,392,0
2025-01-04,Howard,Delaware St.,5734782,74,66,559,0
2025-01-04,Illinois St.,Evansville,5736347,79,55,1483,0
2025-01-04,West Virginia,BYU,5736857,66,53,4066,0
2025-01-04,UAB,Wichita St.,5737972,70,82,362,0
2025-01-04,Portland,LMU (CA),5731757,80,61,636,0
2025-01-04,UC Riverside,UC Irvine,5733170,59,54,178,0
2025-01-04,Houston,Arizona St.,5733574,60,69,904,0
2025-01-04,South Fla.,Temple,5736580,65,56,2370,0
2025-01-04,Bowling Green,Eastern Mich.,5726035,90,76,2108,0
2025-01-04,TCU,Cincinnati,5736383,81,66,3627,0
2025-01-04,Boise St.,UNLV,5737074,57,61,1946,0
2025-01-05,Miami (FL),Virginia Tech,5733811,64,68,2553,0
2025-01-05,George Washington,Loyola Chicago,5809531,63,67,409,0
2025-01-05,Saint Louis,Davidson,5738079,53,94,126,0
2025-01-05,Florida,Georgia,5736673,73,57,1656,0
2025-01-05,Duke,Pittsburgh,5736702,69,31,2550,0
2025-01-05,Ohio St.,Northwestern,5733460,92,62,7190,0
2025-01-05,North Carolina,Notre Dame,5735258,66,76,4785,0
2025-01-05,Massachusetts,Richmond,5737859,52,82,1100,0
2025-01-05,William & Mary,Elon,5731864,66,70,854,0
2025-01-05,VCU,Dayton,5737889,49,69,540,0
2025-01-05,UNCW,Towson,5731694,69,70,618,0
2025-01-05,Army West Point,Boston U.,5737018,69,59,588,0
2025-01-05,Detroit Mercy,Cleveland St.,5736255,62,72,401,0
2025-01-05,Villanova,UConn,5736333,52,83,6501,0
2025-01-05,Oakland,Purdue Fort Wayne,5723770,37,77,507,0
2025-01-05,Holy Cross,American,5723408,69,61,872,0
2025-01-05,Colgate,Bucknell,5729174,34,51,278,0
2025-01-05,Monmouth,Stony Brook,5731273,75,61,711,0
2025-01-05,Hampton,N.C. A&T,5730420,48,75,865,0
2025-01-05,NC State,Boston College,5733689,91,52,5500,0
2025-01-05,Delaware,Hofstra,5732489,57,63,954,0
2025-01-05,Mississippi St.,South Carolina,5735880,68,95,6164,0
2025-01-05,Drexel,Northeastern,5734526,70,55,442,0
2025-01-05,Lehigh,Loyola Maryland,5737269,74,66,493,0
2025-01-05,Col. of Charleston,Campbell,5731933,78,63,431,0
2025-01-05,La Salle,Saint Joseph's,5737491,49,85,273,0
2025-01-05,Clemson,Stanford,5734019,65,61,2418,0
2025-01-05,Duquesne,Fordham,5740601,62,64,886,0
2025-01-05,Florida St.,Syracuse,5733754,85,73,1849,0
2025-01-05,Lafayette,Navy,5733874,49,71,274,0
2025-01-05,Minnesota,Illinois,5734055,68,61,4788,0
2025-01-05,Alabama,Missouri,5733457,68,49,2550,0
2025-01-05,Texas A&M,Ole Miss,5732336,60,58,3729,0
2025-01-05,Vanderbilt,Kentucky,5737114,78,96,8501,0
2025-01-05,Nebraska,Penn St.,5734952,72,61,5945,0
2025-01-05,Texas,Arkansas,5737793,90,56,8113,0
2025-01-05,Bradley,Indiana St.,5735279,65,52,531,0
2025-01-05,George Mason,St. Bonaventure,5756711,83,63,1064,0
2025-01-05,Tennessee,Oklahoma,5735339,86,87,11321,0
2025-01-05,Kent St.,Buffalo,5722070,82,73,1203,0
2025-01-05,Wake Forest,Louisville,5756771,76,81,1019,0
2025-01-05,LSU,Auburn,5722970,73,63,11302,0
2025-01-05,Iowa,Maryland,5733399,66,74,14998,0
2025-01-05,SMU,California,5735783,66,81,1323,0
2025-01-05,Iowa St.,Utah,5734803,67,75,9251,0
2025-01-05,Rutgers,Southern California,5730109,42,92,7356,0
2025-01-06,Delaware St.,Norfolk St.,5734783,54,94,600,0
2025-01-06,Coppin St.,South Carolina St.,5736474,84,38,130,0
2025-01-07,Morgan St.,N.C. Central,5735038,84,79,63,0
2025-01-07,Eastern Ill.,SIUE,5729645,69,56,342,0
2025-01-07,Purdue,UCLA,5734575,49,83,3742,0
2025-01-07,St. John's (NY),DePaul,5736498,60,67,676,0
2025-01-07,Washington,Wisconsin,5733452,79,58,2700,0
2025-01-08,Fordham,George Washington,5809685,61,53,2850,0
2025-01-08,American,Boston U.,5723410,67,70,302,0
2025-01-08,Kansas,TCU,5735379,73,80,3014,0
2025-01-08,Georgia St.,Ga. Southern,5723750,57,82,1297,0
2025-01-08,Lafayette,Bucknell,5733937,48,64,165,0
2025-01-08,Winthrop,Gardner-Webb,5735972,63,49,334,0
2025-01-08,Northern Ky.,Robert Morris,5737828,72,58,1429,0
2025-01-08,St. Bonaventure,Saint Louis,5738081,68,66,155,0
2025-01-08,Akron,NIU,5733498,73,71,428,0
2025-01-08,Richmond,George Mason,5756713,88,86,114,0
2025-01-08,Lehigh,Colgate,5729175,66,70,530,0
2025-01-08,Old Dominion,Coastal Carolina,5736433,77,80,1422,0
2025-01-08,Ball St.,Eastern Mich.,5733372,101,69,2145,0
2025-01-08,Cincinnati,Oklahoma St.,5735131,48,64,701,0
2025-01-08,UNC Asheville,Longwood,5737412,51,95,194,0
2025-01-08,Presbyterian,USC Upstate,5737780,59,58,642,0
2025-01-08,Central Mich.,Miami (OH),5729148,47,46,971,0
2025-01-08,Wichita St.,South Fla.,5736584,46,72,809,0
2025-01-08,Loyola Chicago,VCU,5809532,44,62,317,0
2025-01-08,Texas Tech,West Virginia,5735036,53,89,4222,0
2025-01-08,Queens (NC),Bellarmine,5734839,67,71,356,0
2025-01-08,Dayton,Massachusetts,5737860,67,64,1470,0
2025-01-08,West Ga.,Eastern Ky.,5734244,71,64,223,0
2025-01-08,Toledo,Kent St.,5733637,70,59,4055,0
2025-01-08,Butler,Providence,5734315,57,47,787,0
2025-01-08,Davidson,Rhode Island,5737753,65,55,806,0
2025-01-08,Navy,Holy Cross,5733878,67,56,501,0
2025-01-08,Wright St.,Detroit Mercy,5736975,67,64,1237,0
2025-01-08,Michigan,Ohio St.,5734734,77,84,5112,0
2025-01-08,North Ala.,Austin Peay,5737673,57,75,1114,0
2025-01-08,Georgetown,Villanova,5735678,62,77,219,0
2025-01-08,Oakland,IU Indy,5723953,73,79,401,0
2025-01-08,Fla. Atlantic,Temple,5740552,69,75,461,0
2025-01-08,Creighton,Marquette,5735487,71,68,1290,0
2025-01-08,High Point,Charleston So.,5737944,78,51,958,0
2025-01-08,Saint Joseph's,Duquesne,5740602,64,67,703,0
2025-01-08,UAB,Memphis,5737322,73,56,270,0
2025-01-08,Loyola Maryland,Army West Point,5763050,55,70,145,0
2025-01-08,Bowling Green,Buffalo,5722071,60,70,1690,0
2025-01-08,Western Mich.,Ohio,5723054,66,49,647,0
2025-01-08,Tulane,North Texas,5740625,65,62,555,0
2025-01-08,UConn,Xavier,5737287,81,27,13529,0
2025-01-08,UTSA,Rice,5738273,67,58,819,0
2025-01-08,Central Ark.,Lipscomb,5736721,86,75,337,0
2025-01-08,Tulsa,Charlotte,5737512,76,70,1122,0
2025-01-08,Minnesota,Rutgers,5730119,76,50,2924,0
2025-01-08,Arizona,Baylor,5733986,76,81,6398,0
2025-01-08,Nebraska,Michigan St.,5736023,85,80,4903,0
2025-01-08,Utah St.,Boise St.,5737076,77,82,609,0
2025-01-08,Northwestern,Indiana,5731336,64,68,1452,0
2025-01-08,Texas St.,Arkansas St.,5730325,50,66,511,0
2025-01-08,Maryland,Southern California,5731670,74,79,14735,0
2025-01-08,Arizona St.,Iowa St.,5734228,83,90,1640,0
2025-01-08,Colorado,UCF,5736869,81,62,2127,0
2025-01-08,BYU,Houston,5736451,89,75,1492,0
2025-01-08,Utah,Kansas St.,5733334,47,71,4746,0
2025-01-08,New Mexico,Wyoming,5730757,73,67,4470,0
2025-01-08,San Jose St.,Fresno St.,5734043,64,77,245,0
2025-01-08,UNLV,Colorado St.,5736629,70,61,875,0
2025-01-08,Nevada,San Diego St.,5737245,62,81,1228,0
2025-01-09,Syracuse,SMU,5736642,71,72,2856,0
2025-01-09,Siena,Quinnipiac,5732001,51,69,2148,0
2025-01-09,Vermont,UMass Lowell,5734477,77,52,3024,0
2025-01-09,Little Rock,Morehead St.,5728280,69,59,225,0
2025-01-09,App State,Troy,5729003,68,85,486,0
2025-01-09,Alcorn,Alabama St.,5736694,61,54,61,0
2025-01-09,ULM,Southern Miss.,5722972,84,75,838,0
2025-01-09,UT Arlington,Utah Tech,5732317,81,60,0,0
2025-01-09,Penn St.,Oregon,5731605,61,63,1701,0
2025-01-09,Florida,Kentucky,5736678,55,71,1585,0
2025-01-09,South Carolina,Texas A&M,5734535,90,49,15479,0
2025-01-09,Notre Dame,Wake Forest,5736126,100,64,6753,0
2025-01-09,Binghamton,Maine,5737568,69,59,1011,0
2025-01-09,South Alabama,Louisiana,5729043,50,76,488,0
2025-01-09,Eastern Ill.,Tennessee Tech,5722922,71,40,451,0
2025-01-09,Western Ill.,UT Martin,5723095,60,73,567,0
2025-01-09,Georgia,Missouri,5737207,74,72,2209,0
2025-01-09,Iona,Fairfield,5736387,50,72,969,0
2025-01-09,Lindenwood,Tennessee St.,5732110,68,54,402,0
2025-01-09,Ole Miss,Vanderbilt,5732337,87,59,3825,0
2025-01-09,Rider,Canisius,5724044,43,63,286,0
2025-01-09,Mercyhurst,Le Moyne,5729745,63,52,178,0
2025-01-09,Tarleton St.,Southern Utah,5729825,64,53,282,0
2025-01-09,Western Caro.,Chattanooga,5736820,56,67,437,0
2025-01-09,Pittsburgh,Louisville,5737607,56,65,357,0
2025-01-09,Southeast Mo. St.,Southern Ind.,5723158,69,93,0,0
2025-01-09,UAlbany,New Hampshire,5731537,59,32,921,0
2025-01-09,Jacksonville,Stetson,5729086,68,60,400,0
2025-01-09,Tennessee,LSU,5735704,87,89,10220,0
2025-01-09,Youngstown St.,Green Bay,5723645,50,58,1328,0
2025-01-09,UMBC,NJIT,5728602,55,83,317,0
2025-01-09,Auburn,Arkansas,5722975,58,59,2791,0
2025-01-09,Mississippi Val.,Texas Southern,5737339,54,80,980,0
2025-01-09,Illinois,Iowa,5733403,62,57,4231,0
2025-01-09,Jackson St.,Alabama A&M,5734720,65,55,523,0
2025-01-09,Houston Christian,McNeese,5735453,51,61,222,0
2025-01-09,Liberty,Sam Houston,5722041,69,54,869,0
2025-01-09,North Florida,FGCU,5722503,54,89,359,0
2025-01-09,FIU,Louisiana Tech,5730640,72,61,611,0
2025-01-09,Purdue Fort Wayne,Milwaukee,5723299,70,58,418,0
2025-01-09,Central Conn. St.,LIU,5725978,52,48,211,0
2025-01-09,Mount St. Mary's,Manhattan,5728891,47,75,212,0
2025-01-09,Kennesaw St.,Middle Tenn.,5729976,47,59,534,0
2025-01-09,James Madison,Marshall,5723964,71,59,2235,0
2025-01-09,Merrimack,Sacred Heart,5733722,64,53,0,0
2025-01-09,Saint Peter's,Niagara,5732063,80,50,237,0
2025-01-09,Clemson,Virginia,5736576,60,67,1821,0
2025-01-09,Georgia Tech,Virginia Tech,5733806,94,105,1518,0
2025-01-09,North Carolina,Duke,5735260,53,46,4296,0
2025-01-09,Stonehill,Chicago St.,5734193,77,75,127,0
2025-01-09,UNC Greensboro,ETSU,5733427,64,43,228,0
2025-01-09,Saint Francis,FDU,5732852,55,63,156,0
2025-01-09,UTRGV,East Texas A&M,5732081,69,68,459,0
2025-01-09,Mississippi St.,Oklahoma,5735341,81,77,4316,0
2025-01-09,UIW,Nicholls,5736834,57,68,66,0
2025-01-09,SFA,Southeastern La.,5728414,81,87,853,0
2025-01-09,Jacksonville St.,Western Ky.,5723657,44,51,655,0
2025-01-09,Southern U.,Bethune-Cookman,5729335,73,56,1875,0
2025-01-09,Grand Canyon,Utah Valley,5728982,71,59,1160,0
2025-01-09,South Dakota St.,Omaha,5734617,93,55,2074,0
2025-01-09,South Dakota,St. Thomas (MN),5733321,77,60,1225,0
2025-01-09,Texas,Alabama,5737795,84,40,6680,0
2025-01-09,North Dakota St.,Denver,5735699,69,59,570,0
2025-01-09,A&M-Corpus Christi,Northwestern St.,5730301,42,46,868,0
2025-01-09,North Dakota,Oral Roberts,5723524,91,98,1489,0
2025-01-09,Lamar University,New Orleans,5722941,94,52,852,0
2025-01-09,Northern Colo.,Montana St.,5735209,57,68,691,0
2025-01-09,Northern Ariz.,Montana,5734894,65,46,347,0
2025-01-09,Idaho,Sacramento St.,5723783,63,48,1177,0
2025-01-09,Cal Poly,UC San Diego,5737072,61,56,413,0
2025-01-09,Eastern Wash.,Portland St.,5732165,78,49,575,0
2025-01-09,Oregon St.,San Francisco,5737116,64,57,3651,0
2025-01-09,Pacific,Santa Clara,5733730,75,64,614,0
2025-01-09,UC Irvine,CSUN,5730086,68,39,632,0
2025-01-09,Saint Mary's (CA),Washington St.,5728928,57,66,312,0
2025-01-09,CSU Bakersfield,UC Santa Barbara,5728511,57,61,269,0
2025-01-09,California,NC State,5733695,78,71,1874,0
2025-01-09,Stanford,Florida St.,5734021,89,84,2660,0
2025-01-09,Cal St. Fullerton,UC Davis,5723454,54,80,153,0
2025-01-09,Hawaii,UC Riverside,5730371,61,47,1562,0
2025-01-10,Towson,Monmouth,5732888,54,56,850,0
2025-01-10,Belmont,UIC,5733480,67,52,514,0
2025-01-10,Hofstra,Col. of Charleston,5731935,51,64,537,0
2025-01-10,Delaware,N.C. A&T,5732499,49,65,903,0
2025-01-10,Stony Brook,William & Mary,5731276,66,48,752,0
2025-01-10,Bradley,Drake,5735195,63,67,510,0
2025-01-10,Murray St.,Valparaiso,5736514,82,45,873,0
2025-01-10,Elon,Hampton,5730421,59,51,680,0
2025-01-10,Illinois St.,UNI,5736508,79,66,1630,0
2025-01-11,Sacred Heart,Mount St. Mary's,5728892,51,75,586,0
2025-01-11,George Washington,Duquesne,5740603,55,97,505,0
2025-01-11,Seton Hall,Creighton,5734387,64,72,921,0
2025-01-11,North Dakota St.,Oral Roberts,5723525,79,69,745,0
2025-01-11,Eastern Ky.,North Ala.,5738052,94,58,213,0
2025-01-11,Mercyhurst,FDU,5729748,63,77,236,0
2025-01-11,Georgia St.,Troy,5729004,72,80,1223,0
2025-01-11,Miami (OH),Bowling Green,5726034,78,63,422,0
2025-01-11,Navy,Loyola Maryland,5733881,63,59,1027,0
2025-01-11,Dayton,La Salle,5737494,79,61,1470,0
2025-01-11,FIU,Sam Houston,5733628,61,54,587,0
2025-01-11,Detroit Mercy,Oakland,5736326,67,59,757,0
2025-01-11,Gardner-Webb,High Point,5735973,64,52,148,0
2025-01-11,Central Mich.,Toledo,5732227,66,71,1162,0
2025-01-11,Cornell,Columbia,5732067,44,69,340,0
2025-01-11,Eastern Mich.,Akron,5733374,56,61,1118,0
2025-01-11,NJIT,UMass Lowell,5737942,72,54,221,0
2025-01-11,UTSA,Wichita St.,5738060,69,51,1594,0
2025-01-11,Loyola Chicago,Fordham,5809537,53,68,502,0
2025-01-11,Temple,Tulsa,5756722,73,71,1243,0
2025-01-11,NIU,Western Mich.,5729261,57,61,940,0
2025-01-11,SIUE,Tennessee Tech,5722934,58,74,981,0
2025-01-11,A&M-Corpus Christi,UTRGV,5734992,53,61,2004,0
2025-01-11,Abilene Christian,Seattle U,5733670,83,55,703,0
2025-01-11,Alcorn,Alabama A&M,5734719,56,66,121,0
2025-01-11,Lindenwood,UT Martin,5732112,79,73,698,0
2025-01-11,South Dakota,Omaha,5735571,71,66,1518,0
2025-01-11,North Dakota,Denver,5735615,69,61,1673,0
2025-01-11,McNeese,Nicholls,5735454,47,60,2568,0
2025-01-11,Houston Christian,UIW,5736846,45,76,208,0
2025-01-11,Jackson St.,Alabama St.,5736696,74,44,695,0
2025-01-11,Western Ill.,Tennessee St.,5723090,88,67,603,0
2025-01-11,Fla. Atlantic,UAB,5737978,61,73,463,0
2025-01-11,Liberty,Louisiana Tech,5722042,75,64,1029,0
2025-01-11,Buffalo,Ball St.,5722072,56,78,1242,0
2025-01-11,Kennesaw St.,Western Ky.,5730521,62,72,0,0
2025-01-11,Bucknell,American,5723411,65,50,378,0
2025-01-11,Robert Morris,Green Bay,5723648,48,78,207,0
2025-01-11,Jacksonville,FGCU,5729087,50,92,450,0
2025-01-11,Brown,Yale,5731210,77,69,390,0
2025-01-11,James Madison,Ga. Southern,5723756,85,68,2370,0
2025-01-11,North Florida,Stetson,5722504,63,80,367,0
2025-01-11,LIU,Stonehill,5725979,50,61,96,0
2025-01-11,Boston U.,Colgate,5729176,49,61,915,0
2025-01-11,Princeton,Harvard,5723237,52,50,1961,0
2025-01-11,UAlbany,Maine,5737570,60,55,1282,0
2025-01-11,Saint Peter's,Canisius,5732064,61,55,125,0
2025-01-11,Old Dominion,Marshall,5733151,80,75,2113,0
2025-01-11,Quinnipiac,Iona,5734297,66,58,558,0
2025-01-11,Vermont,Bryant,5734478,74,43,1011,0
2025-01-11,Bellarmine,Austin Peay,5737674,58,69,483,0
2025-01-11,Radford,USC Upstate,5737161,64,56,638,0
2025-01-11,East Carolina,Tulane,5737176,75,64,1022,0
2025-01-11,Howard,Morgan St.,5737824,75,56,699,0
2025-01-11,UCF,Cincinnati,5736386,58,64,1425,0
2025-01-11,UNC Greensboro,Chattanooga,5733434,62,48,171,0
2025-01-11,UNC Asheville,Presbyterian,5737309,56,60,184,0
2025-01-11,Holy Cross,Lafayette,5735857,75,69,753,0
2025-01-11,Rider,Niagara,5733639,79,59,342,0
2025-01-11,Manhattan,Merrimack,5733723,77,61,271,0
2025-01-11,Fairfield,Marist,5737140,70,31,747,0
2025-01-11,Xavier,St. John's (NY),5736528,39,60,1153,0
2025-01-11,N.C. Central,UMES,5735042,92,86,1243,0
2025-01-11,Binghamton,New Hampshire,5731538,67,44,1126,0
2025-01-11,South Carolina St.,Delaware St.,5734786,68,62,352,0
2025-01-11,Norfolk St.,Coppin St.,5736475,82,66,1136,0
2025-01-11,Penn,Dartmouth,5737247,49,61,482,0
2025-01-11,Purdue,Michigan,5734576,60,87,9231,0
2025-01-11,West Ga.,Lipscomb,5734245,73,83,202,0
2025-01-11,Mercer,Samford,5756643,56,53,619,0
2025-01-11,Wisconsin,Maryland,5733462,68,83,4115,0
2025-01-11,Southeast Mo. St.,Morehead St.,5730730,61,64,615,0
2025-01-11,California Baptist,Utah Valley,5731074,77,50,486,0
2025-01-11,Santa Clara,San Diego,5734916,67,59,287,0
2025-01-11,North Texas,South Fla.,5736587,72,65,1602,0
2025-01-11,UT Arlington,Southern Utah,5737192,78,54,867,0
2025-01-11,Marquette,Villanova,5736339,64,59,3012,0
2025-01-11,Oklahoma St.,West Virginia,5735134,64,57,2992,0
2025-01-11,South Dakota St.,Kansas City,5723865,78,61,2848,0
2025-01-11,Washington St.,Gonzaga,5734154,61,69,1639,0
2025-01-11,Colorado,Kansas,5735381,84,76,4562,0
2025-01-11,Louisiana,Southern Miss.,5722978,77,68,569,0
2025-01-11,ULM,Arkansas St.,5729793,70,75,928,0
2025-01-11,Tarleton St.,Utah Tech,5729837,74,65,276,0
2025-01-11,Grambling,Bethune-Cookman,5729336,52,70,687,0
2025-01-11,Texas St.,South Alabama,5730328,65,54,769,0
2025-01-11,New Orleans,Southeastern La.,5729681,53,83,349,0
2025-01-11,Northern Ky.,IU Indy,5723957,80,63,1093,0
2025-01-11,Southern U.,Florida A&M,5763045,77,61,2275,0
2025-01-11,Utah,Houston,5734815,69,42,4326,0
2025-01-11,Jacksonville St.,Middle Tenn.,5723662,35,69,511,0
2025-01-11,App State,Coastal Carolina,5731573,63,60,468,0
2025-01-11,Ohio,Kent St.,5736800,64,79,4011,0
2025-01-11,San Jose St.,Air Force,5737335,90,84,314,0
2025-01-11,Fresno St.,Boise St.,5734044,68,62,1308,0
2025-01-11,Nevada,Utah St.,5735059,78,69,1474,0
2025-01-11,Weber St.,Idaho St.,5723367,72,67,401,0
2025-01-11,Northern Ariz.,Montana St.,5735211,81,87,512,0
2025-01-11,Arizona,Iowa St.,5736923,58,79,7246,0
2025-01-11,Georgetown,UConn,5735679,55,73,3827,0
2025-01-11,Wyoming,San Diego St.,5731731,78,71,2344,0
2025-01-11,Northern Colo.,Montana,5734897,57,49,793,0
2025-01-11,Lamar University,SFA,5722956,77,74,897,0
2025-01-11,Wagner,Central Conn. St.,5728755,55,62,0,0
2025-01-11,Saint Francis,Le Moyne,5736947,73,41,394,0
2025-01-11,New Mexico St.,UTEP,5734182,65,49,896,0
2025-01-11,Eastern Wash.,Sacramento St.,5723785,89,80,642,0
2025-01-11,Idaho,Portland St.,5725883,60,56,1242,0
2025-01-11,Long Beach St.,UC Davis,5723445,73,60,754,0
2025-01-11,CSUN,CSU Bakersfield,5728518,56,62,200,0
2025-01-11,UC Irvine,UC San Diego,5733174,73,66,877,0
2025-01-11,Mississippi Val.,Prairie View,5737344,69,52,1098,0
2025-01-11,Arizona St.,Baylor,5733989,59,78,9449,0
2025-01-11,Longwood,Winthrop,5737414,77,59,923,0
2025-01-11,BYU,Kansas St.,5733340,65,92,2517,0
2025-01-11,UC Santa Barbara,Cal Poly,5731104,50,51,596,0
2025-01-11,Texas Tech,TCU,5735041,43,69,5465,0
2025-01-11,Portland,San Francisco,5734960,74,60,1097,0
2025-01-11,Saint Mary's (CA),Pacific,5733736,64,44,411,0
2025-01-11,Hawaii,Cal St. Fullerton,5730372,54,44,1951,0
2025-01-12,Rhode Island,George Mason,5737754,65,71,1723,0
2025-01-12,Stony Brook,Col. of Charleston,5731281,87,83,787,0
2025-01-12,Virginia,Duke,5736585,55,60,5203,0
2025-01-12,Clemson,Notre Dame,5736125,58,67,3816,0
2025-01-12,South Carolina,Texas,5735881,67,50,18000,0
2025-01-12,St. Bonaventure,Massachusetts,5737862,58,67,188,0
2025-01-12,Army West Point,Lehigh,5737273,51,90,450,0
2025-01-12,Western Caro.,ETSU,5736821,64,60,613,0
2025-01-12,Northeastern,UNCW,5731695,48,51,176,0
2025-01-12,Ohio St.,Oregon,5731607,69,60,8664,0
2025-01-12,Arkansas,Tennessee,5735705,63,93,3072,0
2025-01-12,Pittsburgh,SMU,5736648,72,59,290,0
2025-01-12,Little Rock,Southern Ind.,5723162,89,83,470,0
2025-01-12,Virginia Tech,Wake Forest,5733804,61,54,5502,0
2025-01-12,North Carolina,Boston College,5736493,80,67,3478,0
2025-01-12,Hofstra,Drexel,5734726,60,53,739,0
2025-01-12,Indiana St.,Evansville,5735795,90,74,1472,0
2025-01-12,Towson,N.C. A&T,5733265,59,61,540,0
2025-01-12,Georgia,Mississippi St.,5737210,68,79,3410,0
2025-01-12,Wright St.,Youngstown St.,5734506,77,62,1174,0
2025-01-12,Wofford,Furman,5735956,68,51,548,0
2025-01-12,Monmouth,William & Mary,5731865,74,83,686,0
2025-01-12,Queens (NC),Central Ark.,5734841,57,66,282,0
2025-01-12,Michigan St.,Washington,5737041,80,68,4192,0
2025-01-12,Rutgers,Nebraska,5730121,62,69,4016,0
2025-01-12,Campbell,Hampton,5730422,72,42,1129,0
2025-01-12,Cleveland St.,Purdue Fort Wayne,5723777,75,78,322,0
2025-01-12,VCU,Saint Joseph's,5809698,57,50,1662,0
2025-01-12,Murray St.,UIC,5737303,67,60,1521,0
2025-01-12,Stanford,NC State,5733701,67,81,3735,0
2025-01-12,Rice,Memphis,5737328,70,59,745,0
2025-01-12,Illinois St.,Drake,5735196,64,85,2519,0
2025-01-12,Kentucky,Auburn,5722980,80,61,4579,0
2025-01-12,Belmont,Valparaiso,5733487,67,53,1012,0
2025-01-12,Iowa,Indiana,5731337,67,74,14998,0
2025-01-12,Missouri,Florida,5733471,67,93,2990,0
2025-01-12,Missouri St.,Southern Ill.,5735601,75,37,2528,0
2025-01-12,Bradley,UNI,5735281,44,67,652,0
2025-01-12,DePaul,Providence,5756737,62,56,1462,0
2025-01-12,Davidson,Richmond,5809671,41,63,896,0
2025-01-12,New Mexico,UNLV,5730758,73,88,5767,0
2025-01-12,Louisville,Georgia Tech,5734329,69,60,8917,0
2025-01-12,Ole Miss,Alabama,5732338,78,84,7844,0
2025-01-12,Oklahoma,Texas A&M,5734538,77,62,5010,0
2025-01-12,California,Florida St.,5733764,82,70,2311,0
2025-01-12,Syracuse,Miami (FL),5736693,66,61,3185,0
2025-01-12,Southern California,Penn St.,5730802,95,73,5881,0
2025-01-13,Ark.-Pine Bluff,Prairie View,5737954,61,68,476,0
2025-01-13,Loyola Maryland,American,5723415,77,38,1312,0
2025-01-13,Howard,Coppin St.,5736477,76,71,831,0
2025-01-13,South Carolina St.,UMES,5756690,55,63,252,0
2025-01-13,N.C. Central,Delaware St.,5734787,76,71,1367,0
2025-01-13,Morgan St.,Norfolk St.,5737241,69,77,102,0
2025-01-13,Grambling,Florida A&M,5737698,78,64,1095,0
2025-01-13,LSU,Vanderbilt,5736618,83,77,10201,0
2025-01-14,Southeast Mo. St.,Little Rock,5730732,63,67,0,0
2025-01-14,Butler,Georgetown,5734316,63,53,742,0
2025-01-14,South Fla.,UAB,5736589,61,62,2066,0
2025-01-14,Maryland,Minnesota,5733763,99,92,5049,0
2025-01-14,Iowa St.,Texas Tech,5735045,71,58,9137,0
2025-01-14,TCU,UCF,5736409,90,81,2541,0
2025-01-14,Baylor,Utah,5733994,70,61,3216,0
2025-01-14,Houston,Oklahoma St.,5735138,79,76,613,0
2025-01-15,Massachusetts,La Salle,5737495,82,66,2898,0
2025-01-15,Colgate,Navy,5729177,62,54,1604,0
2025-01-15,Lafayette,Army West Point,5737100,65,74,1829,0
2025-01-15,Robert Morris,Cleveland St.,5736256,53,74,873,0
2025-01-15,Villanova,DePaul,5736341,66,55,1219,0
2025-01-15,Marshall,James Madison,5723966,65,93,1149,0
2025-01-15,USC Upstate,UNC Asheville,5737658,60,57,240,0
2025-01-15,Richmond,St. Bonaventure,5756739,98,60,877,0
2025-01-15,Charleston So.,Winthrop,5737946,78,50,586,0
2025-01-15,Lehigh,Boston U.,5737020,80,54,563,0
2025-01-15,Ga. Southern,Texas St.,5728425,69,62,573,0
2025-01-15,Akron,Central Mich.,5732228,55,75,312,0
2025-01-15,Duquesne,Dayton,5740604,71,80,975,0
2025-01-15,Holy Cross,Bucknell,5733939,63,37,601,0
2025-01-15,VCU,Rhode Island,5737755,50,64,472,0
2025-01-15,Charlotte,East Carolina,5737181,65,72,780,0
2025-01-15,Youngstown St.,Northern Ky.,5734512,75,66,1273,0
2025-01-15,Old Dominion,App State,5731574,78,71,1513,0
2025-01-15,Eastern Mich.,Buffalo,5722073,55,77,1132,0
2025-01-15,IU Indy,Wright St.,5723959,75,63,496,0
2025-01-15,West Virginia,Colorado,5736870,73,46,3153,0
2025-01-15,Michigan,Washington,5735120,82,69,2687,0
2025-01-15,Gardner-Webb,Radford,5735974,70,71,375,0
2025-01-15,Wichita St.,Tulane,5738061,62,66,956,0
2025-01-15,St. John's (NY),UConn,5736533,45,71,4917,0
2025-01-15,Kent St.,Ball St.,5736777,57,66,1157,0
2025-01-15,George Mason,Loyola Chicago,5756715,69,39,853,0
2025-01-15,Providence,Xavier,5756755,51,45,703,0
2025-01-15,NIU,Miami (OH),5729149,52,73,770,0
2025-01-15,Ohio,Bowling Green,5726033,53,74,786,0
2025-01-15,High Point,Longwood,5737415,68,72,782,0
2025-01-15,Rutgers,Michigan St.,5730124,60,70,1585,0
2025-01-15,Saint Joseph's,Fordham,5809686,72,65,900,0
2025-01-15,Western Mich.,Toledo,5729262,41,38,711,0
2025-01-15,North Texas,Rice,5740626,61,53,1858,0
2025-01-15,Tulsa,Fla. Atlantic,5740553,79,64,1044,0
2025-01-15,Arkansas St.,Louisiana,5729044,67,65,713,0
2025-01-15,Kansas City,Denver,5723870,73,66,392,0
2025-01-15,Saint Louis,George Washington,5738084,64,63,532,0
2025-01-15,North Dakota,South Dakota,5735573,80,54,1841,0
2025-01-15,Memphis,UTSA,5737330,68,70,884,0
2025-01-15,Boise St.,San Jose St.,5737078,93,64,1251,0
2025-01-15,Wyoming,Nevada,5731732,66,61,1958,0
2025-01-15,Oregon,Purdue,5731609,69,53,4944,0
2025-01-15,Fresno St.,Utah St.,5734045,74,54,937,0
2025-01-15,Marquette,Seton Hall,5734392,52,58,2126,0
2025-01-15,UNLV,Air Force,5737844,84,51,957,0
2025-01-15,San Diego St.,Colorado St.,5736632,58,62,1353,0
2025-01-15,UCLA,Penn St.,5734955,83,67,1563,0
2025-01-16,Coastal Carolina,Georgia St.,5731053,83,68,1295,0
2025-01-16,Binghamton,Vermont,5734479,46,55,4627,0
2025-01-16,Marist,Saint Peter's,5732098,50,30,1814,0
2025-01-16,Niagara,Fairfield,5737742,49,96,1175,0
2025-01-16,Milwaukee,Oakland,5723302,72,75,2091,0
2025-01-16,California Baptist,Tarleton St.,5729826,73,72,4362,0
2025-01-16,Morehead St.,Western Ill.,5723081,63,92,682,0
2025-01-16,Tennessee St.,SIUE,5729648,70,76,713,0
2025-01-16,Southern Ind.,Lindenwood,5723166,70,66,1084,0
2025-01-16,Bryant,UAlbany,5738289,40,55,202,0
2025-01-16,Florida St.,Clemson,5733809,82,67,1336,0
2025-01-16,Maine,NJIT,5737572,71,58,880,0
2025-01-16,New Hampshire,UMBC,5728603,56,39,223,0
2025-01-16,Canisius,Iona,5724046,66,63,552,0
2025-01-16,Virginia Tech,Virginia,5733799,65,73,5473,0
2025-01-16,Chattanooga,Samford,5737143,69,63,1746,0
2025-01-16,Notre Dame,Georgia Tech,5734331,81,66,7786,0
2025-01-16,Wake Forest,Stanford,5734022,71,74,926,0
2025-01-16,Florida A&M,Mississippi Val.,5737348,88,60,402,0
2025-01-16,UT Martin,Eastern Ill.,5734257,48,51,1411,0
2025-01-16,Tennessee Tech,Southeast Mo. St.,5722943,79,66,977,0
2025-01-16,McNeese,SFA,5728415,49,91,1406,0
2025-01-16,Lipscomb,Jacksonville,5729088,85,82,124,0
2025-01-16,Troy,South Alabama,5729006,99,60,2958,0
2025-01-16,Southern Miss.,ULM,5722981,55,67,1234,0
2025-01-16,Green Bay,Detroit Mercy,5723653,70,47,1619,0
2025-01-16,Auburn,Texas,5722990,57,74,3151,0
2025-01-16,North Ala.,Stetson,5736700,75,57,1673,0
2025-01-16,Oklahoma,Missouri,5733475,80,63,3238,0
2025-01-16,UNI,Murray St.,5737308,89,95,2432,0
2025-01-16,Houston Christian,A&M-Corpus Christi,5735639,55,62,331,0
2025-01-16,Texas Southern,Jackson St.,5736488,69,54,927,0
2025-01-16,Alabama,South Carolina,5735882,58,76,3669,0
2025-01-16,Drake,Belmont,5733495,65,80,2874,0
2025-01-16,Abilene Christian,Grand Canyon,5733677,67,81,504,0
2025-01-16,Iowa,Nebraska,5733406,84,87,14998,0
2025-01-16,Prairie View,Alcorn,5756668,62,52,0,0
2025-01-16,Louisville,Syracuse,5810025,72,62,7442,0
2025-01-16,Indiana,Illinois,5731338,54,68,10534,0
2025-01-16,Bethune-Cookman,Ark.-Pine Bluff,5729337,62,58,551,0
2025-01-16,Mount St. Mary's,Rider,5728894,66,60,471,0
2025-01-16,Sacred Heart,Siena,5732002,59,79,641,0
2025-01-16,Queens (NC),FGCU,5734843,47,69,184,0
2025-01-16,Eastern Ky.,Austin Peay,5737675,57,59,203,0
2025-01-16,Wofford,UNC Greensboro,5733441,62,39,365,0
2025-01-16,Miami (FL),Boston College,5736496,79,83,1925,0
2025-01-16,Furman,Western Caro.,5736823,82,73,319,0
2025-01-16,Indiana St.,Southern Ill.,5735796,58,63,1163,0
2025-01-16,NC State,Pittsburgh,5733713,83,67,5500,0
2025-01-16,West Ga.,Bellarmine,5734246,78,86,342,0
2025-01-16,Tennessee,Mississippi St.,5735706,86,73,9018,0
2025-01-16,Merrimack,Quinnipiac,5733729,67,72,478,0
2025-01-16,ETSU,Mercer,5756678,70,46,283,0
2025-01-16,East Texas A&M,Southeastern La.,5729684,44,57,637,0
2025-01-16,Louisiana Tech,Jacksonville St.,5723671,80,73,1053,0
2025-01-16,Kansas St.,Arizona,5733343,62,47,4356,0
2025-01-16,UIW,UTRGV,5734996,52,43,117,0
2025-01-16,Sam Houston,Kennesaw St.,5730541,73,85,587,0
2025-01-16,Kansas,Arizona St.,5734229,75,52,3020,0
2025-01-16,Central Ark.,North Florida,5722505,67,53,0,0
2025-01-16,Northwestern St.,New Orleans,5730303,83,66,434,0
2025-01-16,Nicholls,Lamar University,5722977,53,67,345,0
2025-01-16,New Mexico St.,FIU,5733633,74,50,482,0
2025-01-16,Utah Valley,UT Arlington,5731075,86,75,483,0
2025-01-16,Duke,California,5735784,72,38,2428,0
2025-01-16,Texas A&M,Georgia,5734542,68,63,4108,0
2025-01-16,SMU,North Carolina,5735261,33,64,1195,0
2025-01-16,Omaha,North Dakota St.,5735702,67,81,693,0
2025-01-16,Oral Roberts,St. Thomas (MN),5723526,71,68,1478,0
2025-01-16,San Francisco,Washington St.,5735827,58,74,0,0
2025-01-16,Gonzaga,Portland,5734155,66,65,5414,0
2025-01-16,Santa Clara,Oregon St.,5734917,72,74,280,0
2025-01-16,Pacific,LMU (CA),5731759,62,51,537,0
2025-01-16,UC San Diego,Long Beach St.,5737055,79,68,1982,0
2025-01-16,CSUN,Hawaii,5730078,47,75,160,0
2025-01-16,UC Davis,Cal Poly,5723406,63,51,692,0
2025-01-16,UC Riverside,UC Santa Barbara,5731105,62,52,203,0
2025-01-16,UTEP,Liberty,5722043,64,75,1346,0
2025-01-16,Montana,Weber St.,5723373,74,70,2107,0
2025-01-16,Ole Miss,Florida,5732339,94,69,2884,0
2025-01-16,Utah Tech,Seattle U,5732319,80,70,543,0
2025-01-16,Montana St.,Idaho St.,5735217,94,52,1867,0
2025-01-16,Wisconsin,Ohio St.,5733483,69,80,2820,0
2025-01-16,Sacramento St.,Northern Ariz.,5723787,70,75,318,0
2025-01-16,Saint Mary's (CA),Pepperdine,5728931,56,41,302,0
2025-01-16,Cal St. Fullerton,UC Irvine,5732203,63,79,123,0
2025-01-16,Portland St.,Northern Colo.,5733697,58,52,471,0
2025-01-17,Towson,Northeastern,5734529,79,43,318,0
2025-01-17,Baylor,Houston,5733996,70,51,3321,0
2025-01-17,Valparaiso,Illinois St.,5736510,65,79,242,0
2025-01-17,Evansville,Missouri St.,5735602,57,84,352,0
2025-01-17,Elon,Stony Brook,5731285,60,48,675,0
2025-01-17,Campbell,UNCW,5731696,68,55,1097,0
2025-01-17,N.C. A&T,Drexel,5733273,64,57,939,0
2025-01-17,Hampton,Delaware,5730423,69,79,955,0
2025-01-17,Col. of Charleston,Monmouth,5731940,55,59,372,0
2025-01-17,TCU,Utah,5734822,81,73,2735,0
2025-01-17,UIC,Bradley,5735282,52,49,539,0
2025-01-18,Massachusetts,Saint Joseph's,5737864,55,67,1035,0
2025-01-18,Michigan,Rutgers,5730125,87,71,4683,0
2025-01-18,Le Moyne,Chicago St.,5734194,77,71,377,0
2025-01-18,Kent St.,Western Mich.,5729264,80,50,3045,0
2025-01-18,Canisius,Fairfield,5724049,51,97,432,0
2025-01-18,Ga. Southern,Georgia St.,5728427,83,88,813,0
2025-01-18,Maine,UMBC,5728606,61,47,1214,0
2025-01-18,FDU,Central Conn. St.,5728758,75,58,309,0
2025-01-18,St. Bonaventure,Davidson,5756741,45,83,145,0
2025-01-18,Old Dominion,Texas St.,5730331,60,65,1749,0
2025-01-18,Mercyhurst,Wagner,5729750,63,71,234,0
2025-01-18,Cornell,Penn,5737777,51,57,321,0
2025-01-18,Gardner-Webb,USC Upstate,5735975,79,73,378,0
2025-01-18,Central Mich.,Eastern Mich.,5732229,73,64,1124,0
2025-01-18,Ball St.,Akron,5733535,80,57,4412,0
2025-01-18,Navy,Bucknell,5733898,49,47,678,0
2025-01-18,Marshall,App State,5731575,64,68,1533,0
2025-01-18,Niagara,Manhattan,5737743,54,79,309,0
2025-01-18,UMass Lowell,Bryant,5763061,43,64,310,0
2025-01-18,Morehead St.,Lindenwood,5728285,51,73,788,0
2025-01-18,East Texas A&M,New Orleans,5730213,62,66,364,0
2025-01-18,Arkansas St.,ULM,5729795,71,43,5617,0
2025-01-18,Coastal Carolina,James Madison,5723969,54,74,941,0
2025-01-18,Nicholls,SFA,5728416,75,71,411,0
2025-01-18,Tennessee Tech,Little Rock,5722949,70,49,998,0
2025-01-18,McNeese,Lamar University,5723051,52,68,2123,0
2025-01-18,Northwestern St.,Southeastern La.,5730305,57,66,374,0
2025-01-18,Green Bay,Oakland,5723660,69,39,1969,0
2025-01-18,Southern Ind.,Western Ill.,5723069,72,58,1606,0
2025-01-18,UT Martin,SIUE,5729650,72,65,1342,0
2025-01-18,Houston Christian,UTRGV,5734999,67,64,348,0
2025-01-18,UIW,A&M-Corpus Christi,5735636,76,58,231,0
2025-01-18,Tennessee St.,Eastern Ill.,5734258,54,67,352,0
2025-01-18,Central Ark.,Stetson,5736703,85,64,574,0
2025-01-18,UAB,UTSA,5737981,63,73,322,0
2025-01-18,Buffalo,Miami (OH),5722074,59,51,1362,0
2025-01-18,Purdue Fort Wayne,Northern Ky.,5723779,76,52,716,0
2025-01-18,American,Holy Cross,5723432,44,76,590,0
2025-01-18,Quinnipiac,Mount St. Mary's,5728895,64,69,541,0
2025-01-18,Yale,Columbia,5731211,64,84,606,0
2025-01-18,IU Indy,Cleveland St.,5723961,39,61,569,0
2025-01-18,Colgate,Lafayette,5729178,72,56,208,0
2025-01-18,Saint Peter's,Sacred Heart,5724045,56,53,262,0
2025-01-18,Harvard,Brown,5723247,83,53,807,0
2025-01-18,Radford,Charleston So.,5737163,74,62,643,0
2025-01-18,Wofford,Western Caro.,5736824,66,53,569,0
2025-01-18,Presbyterian,High Point,5737311,47,75,345,0
2025-01-18,Chattanooga,Mercer,5737151,60,37,1511,0
2025-01-18,Fordham,Dayton,5737892,58,55,628,0
2025-01-18,Winthrop,UNC Asheville,5737660,63,43,491,0
2025-01-18,La Salle,George Mason,5737496,40,57,382,0
2025-01-18,Youngstown St.,Robert Morris,5734514,61,67,3172,0
2025-01-18,Providence,Georgetown,5735680,48,60,1184,0
2025-01-18,Toledo,Ohio,5733673,80,65,4337,0
2025-01-18,Temple,Charlotte,5737514,80,62,1490,0
2025-01-18,Boston U.,Army West Point,5737022,52,59,473,0
2025-01-18,Xavier,Butler,5734318,50,49,1293,0
2025-01-18,Norfolk St.,Virginia-Lynchburg,5737242,123,51,1023,0
2025-01-18,Siena,Merrimack,5732003,79,57,418,0
2025-01-18,Furman,UNC Greensboro,5733444,54,64,877,0
2025-01-18,St. John's (NY),Villanova,5736345,64,66,717,0
2025-01-18,West Ga.,FGCU,5734247,62,95,287,0
2025-01-18,Princeton,Dartmouth,5737248,63,39,1111,0
2025-01-18,UAlbany,Binghamton,5737643,79,55,1515,0
2025-01-18,Queens (NC),Lipscomb,5734844,73,87,211,0
2025-01-18,ETSU,Samford,5756644,69,48,341,0
2025-01-18,UTEP,FIU,5733638,70,68,1537,0
2025-01-18,Alabama A&M,Alabama St.,5734718,54,47,5981,0
2025-01-18,Omaha,St. Thomas (MN),5733327,53,67,416,0
2025-01-18,Prairie View,Jackson St.,5736490,48,67,113,0
2025-01-18,Drake,Murray St.,5735198,59,81,2739,0
2025-01-18,Air Force,Fresno St.,5734047,65,36,543,0
2025-01-18,Rice,East Carolina,5756703,65,56,833,0
2025-01-18,Milwaukee,Detroit Mercy,5723308,52,54,637,0
2025-01-18,Colorado St.,New Mexico,5730759,74,78,2338,0
2025-01-18,Kansas City,North Dakota St.,5723918,56,51,313,0
2025-01-18,Bethune-Cookman,Mississippi Val.,5729338,67,49,676,0
2025-01-18,Tulane,Memphis,5737331,65,68,801,0
2025-01-18,Creighton,DePaul,5756738,92,71,1321,0
2025-01-18,Western Ky.,Middle Tenn.,5729978,63,58,1499,0
2025-01-18,North Texas,Wichita St.,5738062,80,58,2077,0
2025-01-18,Sam Houston,Jacksonville St.,5723676,53,48,507,0
2025-01-18,Southern Miss.,South Alabama,5722987,78,49,1291,0
2025-01-18,UNI,Belmont,5733509,60,74,2621,0
2025-01-18,South Dakota St.,North Dakota,5734628,87,73,3129,0
2025-01-18,Southern U.,Grambling,5737699,59,53,4124,0
2025-01-18,Utah St.,San Diego St.,5737260,66,85,519,0
2025-01-18,Southern Utah,Seattle U,5735178,61,57,414,0
2025-01-18,Montana St.,Weber St.,5723375,75,51,2567,0
2025-01-18,Utah Tech,Utah Valley,5731076,46,62,699,0
2025-01-18,New Mexico St.,Liberty,5722044,72,82,593,0
2025-01-18,California Baptist,Abilene Christian,5733700,55,71,413,0
2025-01-18,Idaho,Eastern Wash.,5725884,67,57,2246,0
2025-01-18,Florida A&M,Ark.-Pine Bluff,5737965,84,50,579,0
2025-01-18,Eastern Ky.,Bellarmine,5756768,91,75,310,0
2025-01-18,UCF,Oklahoma St.,5735140,58,72,3002,0
2025-01-18,Rider,Marist,5733646,55,67,389,0
2025-01-18,Saint Francis,LIU,5725980,63,54,452,0
2025-01-18,Texas Southern,Alcorn,5756697,70,48,678,0
2025-01-18,Louisiana Tech,Kennesaw St.,5730542,83,71,1511,0
2025-01-18,Montana,Idaho St.,5734901,81,60,2638,0
2025-01-18,Boise St.,Nevada,5735061,61,53,1937,0
2025-01-18,Troy,Louisiana,5729008,81,73,1594,0
2025-01-18,Washington,Purdue,5734577,87,58,9294,0
2025-01-18,CSU Bakersfield,Hawaii,5728523,37,66,251,0
2025-01-18,Sacramento St.,Northern Colo.,5723789,51,48,668,0
2025-01-18,San Diego,Pepperdine,5728962,66,68,151,0
2025-01-18,UC Davis,UC Santa Barbara,5723455,50,63,816,0
2025-01-18,Cal St. Fullerton,Long Beach St.,5732204,60,72,193,0
2025-01-18,Cal Poly,UC Irvine,5733176,57,59,531,0
2025-01-18,LMU (CA),Gonzaga,5731760,58,69,301,0
2025-01-18,UC San Diego,UC Riverside,5737376,59,58,382,0
2025-01-18,Loyola Maryland,Lehigh,5737275,43,54,245,0
2025-01-18,Portland St.,Northern Ariz.,5733702,53,76,436,0
2025-01-18,Pacific,San Francisco,5733743,76,64,594,0
2025-01-18,Santa Clara,Washington St.,5734919,47,74,299,0
2025-01-18,Denver,Oral Roberts,5723530,72,79,450,0
2025-01-18,Austin Peay,Jacksonville,5729089,61,65,388,0
2025-01-18,New Hampshire,NJIT,5731539,70,48,426,0
2025-01-18,Cincinnati,Colorado,5736388,65,59,1650,0
2025-01-18,South Fla.,Fla. Atlantic,5736593,85,59,8636,0
2025-01-18,Texas Tech,BYU,5735047,70,65,4008,0
2025-01-18,Bowling Green,NIU,5726032,74,60,1712,0
2025-01-18,North Ala.,North Florida,5722506,65,54,1351,0
2025-01-18,Tarleton St.,Grand Canyon,5728984,53,57,1009,0
2025-01-18,Saint Louis,Loyola Chicago,5738085,63,66,904,0
2025-01-18,Oregon St.,Portland,5734962,61,86,4695,0
2025-01-19,Indiana,Southern California,5731342,66,73,12534,0
2025-01-19,Boston College,Syracuse,5736501,92,51,1386,0
2025-01-19,Elon,Hofstra,5733776,70,51,757,0
2025-01-19,Florida,LSU,5736619,63,80,6568,0
2025-01-19,Duke,Stanford,5734023,74,49,4701,0
2025-01-19,UNCW,Monmouth,5731697,80,77,817,0
2025-01-19,UConn,Seton Hall,5734395,96,36,10299,0
2025-01-19,Penn St.,Ohio St.,5734738,62,59,2817,0
2025-01-19,West Virginia,Iowa St.,5810317,82,68,4444,0
2025-01-19,Northeastern,William & Mary,5731866,66,74,325,0
2025-01-19,Evansville,Southern Ill.,5736351,85,70,410,0
2025-01-19,Indiana St.,Missouri St.,5735603,57,73,1262,0
2025-01-19,Pittsburgh,North Carolina,5735263,58,75,800,0
2025-01-19,NC State,Virginia,5733716,73,68,5500,0
2025-01-19,Georgia Tech,Clemson,5734332,89,65,6386,0
2025-01-19,Wake Forest,California,5735785,55,67,1123,0
2025-01-19,Duquesne,Rhode Island,5737757,77,64,903,0
2025-01-19,Georgia,Kentucky,5737211,64,78,3071,0
2025-01-19,Campbell,Delaware,5732635,75,54,1039,0
2025-01-19,Florida St.,Miami (FL),5733828,88,66,2631,0
2025-01-19,N.C. A&T,Stony Brook,5731310,79,46,847,0
2025-01-19,Hampton,Drexel,5730424,58,59,527,0
2025-01-19,Richmond,VCU,5810253,75,42,3462,0
2025-01-19,Kansas St.,Arizona St.,5733346,81,69,6879,0
2025-01-19,Valparaiso,Bradley,5735284,59,52,227,0
2025-01-19,Auburn,Missouri,5722999,75,60,3692,0
2025-01-19,Vanderbilt,Tennessee,5735707,71,70,8299,0
2025-01-19,Illinois,Michigan St.,5734056,68,86,5896,0
2025-01-19,Kansas,Arizona,5735382,59,74,4049,0
2025-01-19,UIC,Illinois St.,5736512,66,75,728,0
2025-01-19,Mississippi St.,Ole Miss,5732341,63,71,6925,0
2025-01-19,South Carolina,Oklahoma,5735343,101,60,18000,0
2025-01-19,Northwestern,Minnesota,5733469,82,87,1854,0
2025-01-19,UNLV,Wyoming,5731733,72,71,1410,0
2025-01-19,Virginia Tech,Louisville,5733791,70,65,8925,0
2025-01-19,Oregon,Iowa,5731612,50,49,7307,0
2025-01-19,Arkansas,Alabama,5737843,62,94,3093,0
2025-01-19,Notre Dame,SMU,5736124,88,64,7904,0
2025-01-20,Ball St.,Toledo,5733643,77,63,1810,0
2025-01-20,Mercyhurst,LIU,5725981,78,51,309,0
2025-01-20,Brown,Cornell,5734973,49,39,473,0
2025-01-20,Penn,Harvard,5723266,44,73,458,0
2025-01-20,FDU,Chicago St.,5732858,49,43,309,0
2025-01-20,Baylor,UCLA,5734002,57,72,0,1
2025-01-20,LMU (CA),San Diego,5731758,55,52,182,0
2025-01-20,Idaho,Montana,5725885,70,57,1209,0
2025-01-20,Maryland,Texas,5733774,51,89,6147,1
2025-01-20,Le Moyne,Stonehill,5735843,69,67,369,0
2025-01-20,Dartmouth,Yale,5731212,67,70,584,0
2025-01-20,Saint Francis,Wagner,5731171,51,47,401,0
2025-01-20,Columbia,Princeton,5732068,58,50,2217,0
2025-01-20,Nebraska,Wisconsin,5733489,91,60,4571,0
2025-01-20,Eastern Wash.,Montana St.,5732166,56,58,655,0
2025-01-21,Tennessee St.,UT Martin,5810287,77,61,427,0
2025-01-21,Utah St.,New Mexico,5730760,79,101,491,0
2025-01-21,Colorado St.,Boise St.,5736636,79,70,1156,0
2025-01-22,La Salle,Duquesne,5737497,57,67,185,0
2025-01-22,Central Mich.,Kent St.,5732230,56,77,1510,0
2025-01-22,Army West Point,Holy Cross,5735858,52,61,2503,0
2025-01-22,Providence,Marquette,5736363,54,67,1456,0
2025-01-22,Boston U.,Navy,5733901,64,74,766,0
2025-01-22,Houston,Texas Tech,5735049,44,62,611,0
2025-01-22,Presbyterian,Charleston So.,5737313,58,71,302,0
2025-01-22,UNC Asheville,Gardner-Webb,5735976,65,77,239,0
2025-01-22,George Washington,VCU,5810043,56,65,463,0
2025-01-22,Buffalo,Ohio,5722075,72,55,1047,0
2025-01-22,Marshall,Ga. Southern,5723759,67,60,1117,0
2025-01-22,Air Force,Wyoming,5731734,50,62,466,0
2025-01-22,Bucknell,Colgate,5729179,71,67,294,0
2025-01-22,East Carolina,Temple,5737183,52,69,861,0
2025-01-22,Lafayette,Loyola Maryland,5737102,60,59,186,0
2025-01-22,Lehigh,American,5723435,61,55,732,0
2025-01-22,Michigan St.,Penn St.,5734957,82,61,3208,0
2025-01-22,Eastern Mich.,NIU,5733381,70,78,1068,0
2025-01-22,Georgia St.,Coastal Carolina,5731054,75,72,9085,0
2025-01-22,Rhode Island,Massachusetts,5737759,60,58,1045,0
2025-01-22,UAB,Rice,5737984,63,56,397,0
2025-01-22,Fla. Atlantic,Charlotte,5737516,68,75,422,0
2025-01-22,George Mason,Davidson,5756718,81,73,901,0
2025-01-22,Saint Joseph's,St. Bonaventure,5756743,83,56,630,0
2025-01-22,Longwood,Radford,5737167,56,51,939,0
2025-01-22,UConn,Villanova,5736346,100,57,10299,0
2025-01-22,Georgetown,St. John's (NY),5735681,56,54,693,0
2025-01-22,High Point,USC Upstate,5737782,84,31,736,0
2025-01-22,Miami (OH),Akron,5729150,76,54,209,0
2025-01-22,Butler,Creighton,5734321,52,63,864,0
2025-01-22,Purdue,Southern California,5731671,37,79,7543,0
2025-01-22,Detroit Mercy,Purdue Fort Wayne,5723784,65,72,405,0
2025-01-22,Dayton,Saint Louis,5737893,87,76,1286,0
2025-01-22,Bowling Green,Western Mich.,5726031,60,63,1535,0
2025-01-22,Iowa St.,BYU,5737066,82,59,9701,0
2025-01-22,UTSA,Tulsa,5738272,64,53,1345,0
2025-01-22,Oklahoma St.,TCU,5735142,60,59,3477,0
2025-01-22,Minnesota,Michigan,5735121,65,70,4344,0
2025-01-22,Kansas City,Oral Roberts,5723532,61,74,372,0
2025-01-22,DePaul,Xavier,5756740,57,50,898,0
2025-01-22,Denver,Omaha,5736942,71,56,283,0
2025-01-22,Arizona,Cincinnati,5736394,72,62,6371,0
2025-01-22,South Dakota,North Dakota St.,5735575,53,72,1442,0
2025-01-22,St. Thomas (MN),South Dakota St.,5733333,76,83,733,0
2025-01-22,Arizona St.,West Virginia,5734230,59,89,1571,0
2025-01-22,Fresno St.,UNLV,5734050,48,73,1029,0
2025-01-22,San Diego St.,San Jose St.,5737262,57,68,1191,0
2025-01-22,Washington,Iowa,5733412,61,85,3380,0
2025-01-22,Utah,Kansas,5734827,79,61,3531,0
2025-01-23,Fairfield,Manhattan,6317590,69,44,3573,0
2025-01-23,Iona,Rider,5733649,84,53,1704,0
2025-01-23,UMBC,UAlbany,5728609,71,59,3108,0
2025-01-23,Texas St.,Troy,5729010,58,105,2382,0
2025-01-23,Western Ky.,Louisiana Tech,5730645,69,61,4313,0
2025-01-23,Bryant,New Hampshire,5731540,42,41,395,0
2025-01-23,NJIT,Vermont,5734481,38,60,181,0
2025-01-23,Maine,UMass Lowell,5737573,74,44,978,0
2025-01-23,Tennessee St.,Tennessee Tech,5722955,64,71,252,0
2025-01-23,Lindenwood,Southeast Mo. St.,5730734,84,76,897,0
2025-01-23,SIUE,Southern Ind.,5723172,65,69,837,0
2025-01-23,Pfeiffer,N.C. Central,5809973,55,90,325,0
2025-01-23,Pittsburgh,Virginia Tech,5733787,57,84,196,0
2025-01-23,Western Ill.,Little Rock,5723058,60,65,616,0
2025-01-23,Northern Ky.,Milwaukee,5723310,66,62,1277,0
2025-01-23,Eastern Ill.,Morehead St.,5728286,100,46,936,0
2025-01-23,Ohio St.,Maryland,5733778,74,66,7082,0
2025-01-23,Syracuse,NC State,5733720,66,74,2445,0
2025-01-23,Jacksonville,West Ga.,5729090,87,74,320,0
2025-01-23,FGCU,Bellarmine,5737877,80,63,1854,0
2025-01-23,App State,Old Dominion,5731576,74,66,654,0
2025-01-23,Mercer,Wofford,5735958,51,61,1583,0
2025-01-23,Jackson St.,Florida A&M,5736491,73,62,753,0
2025-01-23,Ark.-Pine Bluff,Grambling,5737700,57,64,647,0
2025-01-23,Austin Peay,North Ala.,5737677,71,60,408,0
2025-01-23,Lipscomb,Central Ark.,5736728,69,71,195,0
2025-01-23,Texas A&M,Kentucky,5734543,61,55,3044,0
2025-01-23,Louisiana,Arkansas St.,5729045,49,62,429,0
2025-01-23,Chicago St.,Central Conn. St.,5728761,84,77,97,0
2025-01-23,Loyola Chicago,Richmond,5809538,45,85,409,0
2025-01-23,Samford,Furman,5756645,77,62,231,0
2025-01-23,Stonehill,FDU,5732875,54,72,242,0
2025-01-23,Stetson,Eastern Ky.,5736707,83,68,0,0
2025-01-23,Merrimack,Saint Peter's,5733735,64,49,316,0
2025-01-23,Wright St.,Green Bay,5723667,62,75,1038,0
2025-01-23,Mount St. Mary's,Siena,5728897,92,57,411,0
2025-01-23,Sacred Heart,Canisius,5724051,53,67,555,0
2025-01-23,Kennesaw St.,New Mexico St.,5730543,68,66,709,0
2025-01-23,Wagner,Mercyhurst,5729753,57,63,187,0
2025-01-23,LIU,Saint Francis,5725982,63,56,188,0
2025-01-23,Rutgers,UCLA,5730127,66,84,3138,0
2025-01-23,Clemson,Miami (FL),5736893,64,61,2183,0
2025-01-23,Marist,Niagara,5737144,74,52,746,0
2025-01-23,Virginia,Georgia Tech,5734334,62,75,4022,0
2025-01-23,Oakland,Robert Morris,5736330,63,73,704,0
2025-01-23,Cleveland St.,Youngstown St.,5734521,67,53,519,0
2025-01-23,Boston College,Notre Dame,5736128,63,89,2879,0
2025-01-23,North Carolina,Wake Forest,5735264,76,51,2463,0
2025-01-23,North Florida,Queens (NC),5734847,81,84,279,0
2025-01-23,Jacksonville St.,UTEP,5723700,72,71,455,0
2025-01-23,Vanderbilt,Arkansas,5737115,101,60,3500,0
2025-01-23,Mississippi St.,Auburn,5723006,96,56,4652,0
2025-01-23,Middle Tenn.,Sam Houston,5729980,66,38,2806,0
2025-01-23,Grand Canyon,Southern Utah,5728985,79,51,698,0
2025-01-23,Weber St.,Portland St.,5723377,62,48,325,0
2025-01-23,Utah Valley,California Baptist,5731077,59,50,509,0
2025-01-23,Northern Colo.,Idaho,5725887,57,68,616,0
2025-01-23,Northern Ariz.,Eastern Wash.,5732167,75,63,513,0
2025-01-23,Tarleton St.,Abilene Christian,5729827,79,54,1234,0
2025-01-23,SMU,Duke,5736664,46,81,1496,0
2025-01-23,Northwestern,Illinois,5733474,60,85,1735,0
2025-01-23,Texas,Tennessee,5735708,80,76,7530,0
2025-01-23,Long Beach St.,CSUN,5730079,88,75,620,0
2025-01-23,San Diego,Saint Mary's (CA),5728932,63,72,158,0
2025-01-23,Pepperdine,Pacific,5728965,43,58,165,0
2025-01-23,Seattle U,UT Arlington,5735179,58,70,275,0
2025-01-23,San Francisco,Oregon St.,5737123,54,52,228,0
2025-01-23,Washington St.,Portland,5734963,65,83,1015,0
2025-01-23,UC Irvine,UC Riverside,5733180,56,53,460,0
2025-01-23,Idaho St.,Sacramento St.,5723791,63,72,828,0
2025-01-23,LMU (CA),Santa Clara,5731761,60,67,191,0
2025-01-23,CSU Bakersfield,Cal St. Fullerton,5728527,58,63,581,0
2025-01-23,UC Santa Barbara,UC San Diego,5731106,43,62,572,0
2025-01-23,Stanford,California,5734025,72,75,3599,0
2025-01-23,Hawaii,UC Davis,5723462,56,46,1652,0
2025-01-24,South Carolina,LSU,5735883,66,56,18000,0
2025-01-24,Hofstra,Campbell,5737635,55,47,509,0
2025-01-24,Drexel,Col. of Charleston,5731942,58,56,574,0
2025-01-24,Delaware,Elon,5732644,67,69,1423,0
2025-01-24,Stony Brook,Northeastern,5731286,62,46,605,0
2025-01-24,James Madison,Southern Miss.,5722993,62,47,2320,0
2025-01-24,Murray St.,Indiana St.,5735797,97,71,0,0
2025-01-24,Monmouth,N.C. A&T,5732893,54,49,687,0
2025-01-24,Southern Ill.,UNI,5736562,59,84,402,0
2025-01-24,William & Mary,UNCW,5731698,78,55,815,0
2025-01-24,Hampton,Towson,5730425,61,58,352,0
2025-01-24,Missouri St.,Drake,5735200,72,68,3115,0
2025-01-24,Belmont,Evansville,5733512,90,65,933,0
2025-01-24,Oregon,Indiana,5731344,54,47,5572,0
2025-01-25,Cleveland St.,Ohio Christian,6355511,107,46,146,0
2025-01-25,Michigan,Michigan St.,5735122,58,88,10873,0
2025-01-25,Sacred Heart,Niagara,5735719,86,43,925,0
2025-01-25,Central Conn. St.,Le Moyne,5728765,67,50,449,0
2025-01-25,Northern Ky.,Green Bay,5723672,56,64,1380,0
2025-01-25,Western Mich.,Central Mich.,5729266,70,81,1257,0
2025-01-25,Georgia St.,Old Dominion,5731055,57,64,1690,0
2025-01-25,Miami (OH),Kent St.,5729152,63,77,364,0
2025-01-25,Charleston So.,UNC Asheville,5737665,57,52,578,0
2025-01-25,VCU,Massachusetts,5737865,49,54,1124,0
2025-01-25,Cornell,Princeton,5737898,54,62,257,0
2025-01-25,Seton Hall,St. John's (NY),5734398,57,48,1284,0
2025-01-25,Detroit Mercy,Robert Morris,5737285,64,77,333,0
2025-01-25,Ohio,Eastern Mich.,5733384,69,59,630,0
2025-01-25,New Hampshire,UMass Lowell,5731541,54,56,485,0
2025-01-25,Liberty,FIU,5722045,83,54,1546,0
2025-01-25,St. Thomas (MN),Denver,5733336,78,65,413,0
2025-01-25,NJIT,UAlbany,5737945,59,75,233,0
2025-01-25,Middle Tenn.,Louisiana Tech,5729982,61,43,3212,0
2025-01-25,Northern Ariz.,Idaho,5725888,106,76,405,0
2025-01-25,Omaha,Kansas City,5723924,65,66,475,0
2025-01-25,Eastern Ill.,Southern Ind.,5723175,51,49,1434,0
2025-01-25,Jackson St.,Bethune-Cookman,5729340,64,47,927,0
2025-01-25,UT Martin,Tennessee Tech,5722971,59,70,1297,0
2025-01-25,SIUE,Morehead St.,5728287,76,58,899,0
2025-01-25,Southeastern La.,UIW,5729700,66,42,619,0
2025-01-25,Western Ill.,Southeast Mo. St.,5723046,94,66,677,0
2025-01-25,South Dakota,South Dakota St.,5734635,59,77,2956,0
2025-01-25,Lindenwood,Little Rock,5731804,70,68,453,0
2025-01-25,A&M-Corpus Christi,Nicholls,5735641,43,59,1793,0
2025-01-25,Alabama St.,Prairie View,5736725,68,62,645,0
2025-01-25,Chicago St.,Stonehill,5734195,64,66,113,0
2025-01-25,North Dakota St.,North Dakota,5735608,70,66,2210,0
2025-01-25,NIU,Ball St.,5733516,62,81,2565,0
2025-01-25,Alcorn,Florida A&M,5756698,75,72,250,0
2025-01-25,Mercer,Furman,5809694,47,57,1619,0
2025-01-25,App State,Ga. Southern,5723764,60,56,660,0
2025-01-25,Purdue Fort Wayne,IU Indy,5723790,82,55,539,0
2025-01-25,UMBC,Vermont,5728613,44,67,455,0
2025-01-25,Jacksonville,Queens (NC),5729091,83,76,238,0
2025-01-25,Kennesaw St.,UTEP,5730544,84,70,688,0
2025-01-25,Toledo,Bowling Green,5726030,80,68,6527,0
2025-01-25,Harvard,Yale,5723272,91,35,890,0
2025-01-25,Marist,Canisius,5724054,67,48,1139,0
2025-01-25,LIU,Mercyhurst,5725983,58,73,118,0
2025-01-25,Manhattan,Mount St. Mary's,5728899,66,80,220,0
2025-01-25,Colgate,American,5723437,85,43,303,0
2025-01-25,North Florida,West Ga.,5722676,71,79,408,0
2025-01-25,Stetson,Bellarmine,5736709,52,67,351,0
2025-01-25,UMES,Delaware St.,5734789,66,46,378,0
2025-01-25,Siena,Iona,5732004,79,68,740,0
2025-01-25,Chattanooga,ETSU,5737148,48,46,1495,0
2025-01-25,FGCU,Eastern Ky.,5737878,86,56,2017,0
2025-01-25,Saint Joseph's,La Salle,5737498,76,52,1195,0
2025-01-25,Holy Cross,Loyola Maryland,5735859,53,27,1067,0
2025-01-25,Villanova,Xavier,5736349,67,52,2133,0
2025-01-25,Presbyterian,Radford,5737170,50,62,416,0
2025-01-25,Columbia,Penn,5732069,79,54,1604,0
2025-01-25,Binghamton,Bryant,5737644,54,68,1758,0
2025-01-25,Morgan St.,Coppin St.,5736479,56,61,389,0
2025-01-25,Rider,Quinnipiac,5733654,53,66,486,0
2025-01-25,Western Caro.,UNC Greensboro,5733450,58,66,421,0
2025-01-25,N.C. Central,South Carolina St.,5735043,71,56,2122,0
2025-01-25,Bucknell,Boston U.,5733941,74,59,268,0
2025-01-25,Dartmouth,Brown,5734975,56,64,754,0
2025-01-25,Winthrop,High Point,5740534,55,73,339,0
2025-01-25,Temple,Tulane,5756716,60,62,1435,0
2025-01-25,Fla. Atlantic,North Texas,5740554,61,73,718,0
2025-01-25,Fordham,St. Bonaventure,5756745,51,49,478,0
2025-01-25,Jacksonville St.,New Mexico St.,5723713,60,56,880,0
2025-01-25,Samford,Wofford,5735959,49,84,317,0
2025-01-25,New Orleans,Houston Christian,5730215,62,55,288,0
2025-01-25,Austin Peay,Central Ark.,5737678,50,51,423,0
2025-01-25,Merrimack,Fairfield,5733745,55,74,612,0
2025-01-25,UT Arlington,Abilene Christian,5733706,71,52,1303,0
2025-01-25,South Alabama,Arkansas St.,5730615,71,82,452,0
2025-01-25,Marquette,Georgetown,5735488,75,58,1962,0
2025-01-25,Alabama A&M,Texas Southern,5734713,65,75,1017,0
2025-01-25,Western Ky.,Sam Houston,5735632,82,49,958,0
2025-01-25,Lipscomb,North Ala.,5736730,85,76,158,0
2025-01-25,Tulsa,Memphis,5737334,64,57,1344,0
2025-01-25,Houston,Kansas,5735383,43,57,1405,0
2025-01-25,Colorado,Kansas St.,5733352,63,53,4407,0
2025-01-25,Wichita St.,UAB,5737987,73,76,1179,0
2025-01-25,Charlotte,Rice,5737517,60,84,668,0
2025-01-25,SFA,Northwestern St.,5728419,67,65,1213,0
2025-01-25,Louisiana,Troy,5729011,70,53,488,0
2025-01-25,George Mason,George Washington,5756720,91,50,1814,0
2025-01-25,Texas Tech,Oklahoma St.,5735050,68,71,4468,0
2025-01-25,UTRGV,McNeese,5735008,73,65,808,0
2025-01-25,Texas St.,ULM,5729799,66,74,780,0
2025-01-25,Norfolk St.,Howard,5737250,69,53,2692,0
2025-01-25,Montana,Montana St.,5734904,66,67,3432,0
2025-01-25,Idaho St.,Portland St.,5733707,66,52,983,0
2025-01-25,Northern Colo.,Eastern Wash.,5732168,66,57,687,0
2025-01-25,Wyoming,Colorado St.,5731736,56,61,2692,0
2025-01-25,Utah Valley,Seattle U,5731095,99,55,577,0
2025-01-25,New Mexico,Fresno St.,5730761,64,77,5127,0
2025-01-25,Grand Canyon,Utah Tech,5728986,78,43,1584,0
2025-01-25,Weber St.,Sacramento St.,5723383,68,52,394,0
2025-01-25,California Baptist,Southern Utah,5737206,63,64,426,0
2025-01-25,San Diego St.,UNLV,5737264,59,58,2154,0
2025-01-25,Nevada,Air Force,5735063,62,59,1614,0
2025-01-25,San Jose St.,Utah St.,5737336,64,70,1439,0
2025-01-25,Pepperdine,Gonzaga,5728967,53,81,160,0
2025-01-25,Long Beach St.,Cal Poly,5737058,71,78,606,0
2025-01-25,East Carolina,South Fla.,5736604,60,63,1116,0
2025-01-25,USC Upstate,Longwood,5737419,46,45,228,0
2025-01-25,Wright St.,Milwaukee,5723313,69,61,1234,0
2025-01-25,Wagner,Saint Francis,5731172,48,50,200,0
2025-01-25,Ark.-Pine Bluff,Southern U.,5737992,36,52,843,0
2025-01-25,Lamar University,East Texas A&M,5723608,83,65,1012,0
2025-01-25,Lehigh,Lafayette,5737103,73,51,1747,0
2025-01-25,BYU,Utah,5734831,76,81,4889,0
2025-01-25,Akron,Buffalo,5722076,71,80,432,0
2025-01-25,Mississippi Val.,Grambling,5737353,62,69,1523,0
2025-01-25,Iowa St.,UCF,5763053,90,56,10326,0
2025-01-25,CSUN,UC San Diego,5730080,44,82,250,0
2025-01-25,LMU (CA),Washington St.,5731762,79,76,313,0
2025-01-25,San Diego,San Francisco,5737216,56,63,270,0
2025-01-25,Creighton,UConn,5737288,61,72,11141,0
2025-01-25,Arizona St.,Cincinnati,5734231,66,73,12762,0
2025-01-25,UC Santa Barbara,Cal St. Fullerton,5731107,61,64,612,0
2025-01-25,UC Riverside,CSU Bakersfield,5728530,60,48,175,0
2025-01-25,Saint Mary's (CA),Santa Clara,5728934,67,74,749,0
2025-01-25,Arizona,West Virginia,5736859,77,62,7773,0
2025-01-25,Pacific,Oregon St.,5733750,67,66,615,0
2025-01-25,Hawaii,UC Irvine,5730373,46,42,3695,0
2025-01-26,Davidson,Saint Louis,5738089,51,60,831,0
2025-01-26,Kentucky,Arkansas,5737513,89,69,4870,0
2025-01-26,Miami (FL),SMU,5736666,70,63,2858,0
2025-01-26,North Carolina,Florida St.,5733829,84,86,4313,0
2025-01-26,Stony Brook,Campbell,5731287,75,70,1202,0
2025-01-26,William & Mary,Towson,5731867,58,47,1009,0
2025-01-26,Drexel,Elon,5733782,64,37,396,0
2025-01-26,Dayton,Richmond,5737895,72,83,1978,0
2025-01-26,Hofstra,N.C. A&T,5733279,44,63,693,0
2025-01-26,Rhode Island,Loyola Chicago,5737760,67,49,1635,0
2025-01-26,Marshall,Southern Miss.,5723000,48,54,1132,0
2025-01-26,James Madison,Coastal Carolina,5723975,76,69,2396,0
2025-01-26,Army West Point,Navy,5733907,59,49,4643,0
2025-01-26,Penn St.,Rutgers,5730128,73,77,2438,0
2025-01-26,Alabama,Vanderbilt,5737117,64,66,2712,0
2025-01-26,Virginia,Louisville,5736588,65,68,5551,0
2025-01-26,Wake Forest,Boston College,5736517,69,59,1076,0
2025-01-26,Butler,DePaul,5734322,67,74,2018,0
2025-01-26,Monmouth,Northeastern,5732895,69,46,797,0
2025-01-26,Youngstown St.,Oakland,5734525,73,56,1888,0
2025-01-26,Georgia Tech,Duke,5734335,50,55,4301,0
2025-01-26,Delaware,Col. of Charleston,5731944,45,58,924,0
2025-01-26,Maryland,UCLA,5733783,67,82,13648,0
2025-01-26,Clemson,Syracuse,5736895,55,67,2540,0
2025-01-26,Hampton,UNCW,5730426,50,66,237,0
2025-01-26,Oklahoma,Georgia,5735346,86,55,4176,0
2025-01-26,Murray St.,Evansville,5736355,104,66,1527,0
2025-01-26,Missouri St.,UNI,5735604,81,45,2241,0
2025-01-26,Southern Ill.,Drake,5735201,66,93,377,0
2025-01-26,Illinois St.,Bradley,5735285,74,58,2302,0
2025-01-26,UIC,Valparaiso,5736518,60,45,639,0
2025-01-26,Ole Miss,Texas,5732343,58,61,4073,0
2025-01-26,TCU,Baylor,5734003,80,75,5415,0
2025-01-26,Minnesota,Wisconsin,5733500,71,50,7554,0
2025-01-26,Belmont,Indiana St.,5733518,88,58,876,0
2025-01-26,Nebraska,Ohio St.,5734742,66,72,9772,0
2025-01-26,Auburn,Florida,5723012,74,51,3946,0
2025-01-26,LSU,Texas A&M,5734544,64,51,11061,0
2025-01-26,NC State,Virginia Tech,5733727,85,57,5500,0
2025-01-27,Alcorn,Bethune-Cookman,5729339,68,58,95,0
2025-01-27,Boston U.,Holy Cross,5735860,52,49,1632,0
2025-01-27,New Orleans,UIW,5730214,55,58,137,0
2025-01-27,Lamar University,Northwestern St.,5723091,59,55,957,0
2025-01-27,Southeastern La.,Houston Christian,5729693,65,41,444,0
2025-01-27,UTRGV,Nicholls,5735004,50,58,351,0
2025-01-27,A&M-Corpus Christi,McNeese,5735455,54,59,1258,0
2025-01-27,SFA,East Texas A&M,5728417,92,65,945,0
2025-01-27,Alabama St.,Texas Southern,5736718,67,69,655,0
2025-01-27,Alabama A&M,Prairie View,5734714,68,59,1108,0
2025-01-27,Mississippi Val.,Southern U.,5737352,51,71,2109,0
2025-01-27,Tennessee,South Carolina,5735709,63,70,12033,0
2025-01-27,Missouri,Mississippi St.,5733478,78,77,2514,0
2025-01-27,Illinois,Purdue,5734058,74,38,4081,0
2025-01-27,Washington,Indiana,5731345,70,73,2219,0
2025-01-27,Oregon St.,Washington St.,5833833,57,65,3844,0
2025-01-28,Morehead St.,Southern Ind.,5723180,52,72,700,0
2025-01-28,Pepperdine,LMU (CA),5728960,55,43,0,0
2025-01-28,Iowa,Northwestern,5733476,85,80,14998,0
2025-01-28,Boise St.,New Mexico,5730762,89,80,1467,0
2025-01-29,Western Mich.,Buffalo,5722077,40,73,723,0
2025-01-29,Saint Louis,George Mason,5738092,53,80,4233,0
2025-01-29,Nevada,Fresno St.,5734070,59,65,10689,0
2025-01-29,Northern Ky.,Detroit Mercy,5737286,79,49,1320,0
2025-01-29,Ga. Southern,James Madison,5723978,60,77,573,0
2025-01-29,Coastal Carolina,Marshall,5733153,76,64,828,0
2025-01-29,St. Bonaventure,La Salle,5737499,58,67,375,0
2025-01-29,East Carolina,Wichita St.,5737188,72,62,1004,0
2025-01-29,Penn St.,Maryland,5733789,73,82,2066,0
2025-01-29,Massachusetts,George Washington,5737867,71,54,1195,0
2025-01-29,Colgate,Army West Point,5729180,60,65,197,0
2025-01-29,Charleston So.,USC Upstate,5737784,62,58,485,0
2025-01-29,IU Indy,Milwaukee,5723320,62,66,467,0
2025-01-29,Cincinnati,Houston,5736400,73,65,1495,0
2025-01-29,Old Dominion,Georgia St.,5731056,62,66,2502,0
2025-01-29,Youngstown St.,Purdue Fort Wayne,5723793,56,79,1185,0
2025-01-29,Fordham,Rhode Island,5737763,35,53,226,0
2025-01-29,Presbyterian,Winthrop,5737315,58,67,449,0
2025-01-29,DePaul,UConn,5737290,58,84,8305,0
2025-01-29,Loyola Chicago,Dayton,5737896,64,67,412,0
2025-01-29,NIU,Central Mich.,5732231,80,75,707,0
2025-01-29,St. John's (NY),Providence,5736536,62,55,530,0
2025-01-29,Loyola Maryland,Bucknell,5733943,49,54,230,0
2025-01-29,Ohio,Ball St.,5736803,61,83,980,0
2025-01-29,Xavier,Marquette,5736370,38,67,1085,0
2025-01-29,Radford,UNC Asheville,5737174,63,47,772,0
2025-01-29,Seton Hall,Butler,5734323,71,48,900,0
2025-01-29,Longwood,Gardner-Webb,5735977,64,52,969,0
2025-01-29,Kent St.,Eastern Mich.,5733387,79,59,1239,0
2025-01-29,Georgetown,Creighton,5735682,70,84,313,0
2025-01-29,Robert Morris,Wright St.,5736976,74,53,231,0
2025-01-29,UCF,Baylor,5734004,64,75,1354,0
2025-01-29,Navy,Lehigh,5733909,66,87,557,0
2025-01-29,Davidson,Saint Joseph's,5809672,46,60,685,0
2025-01-29,American,Lafayette,5723442,54,52,477,0
2025-01-29,Bowling Green,Akron,5726029,82,69,1611,0
2025-01-29,Toledo,Miami (OH),5729153,64,59,4187,0
2025-01-29,South Fla.,UTSA,5736608,75,63,2754,0
2025-01-29,North Texas,Temple,5740630,70,67,1950,0
2025-01-29,Tulane,Fla. Atlantic,5740555,68,52,818,0
2025-01-29,Oklahoma St.,Arizona St.,5734232,83,71,2508,0
2025-01-29,Wisconsin,Michigan,5733504,82,75,4023,0
2025-01-29,Kansas,Texas Tech,5735053,57,50,3076,0
2025-01-29,South Dakota St.,North Dakota St.,5734637,63,55,4156,0
2025-01-29,Oral Roberts,Omaha,5723536,95,57,1588,0
2025-01-29,Memphis,Charlotte,5737337,59,67,1083,0
2025-01-29,Rice,Tulsa,5756704,64,45,694,0
2025-01-29,Air Force,Utah St.,5738077,78,66,635,0
2025-01-29,San Jose St.,Wyoming,5731737,64,77,286,0
2025-01-29,BYU,Colorado,5736871,66,67,2020,0
2025-01-30,Stetson,Austin Peay,5736715,79,63,768,0
2025-01-30,UMass Lowell,NJIT,5737948,38,52,3204,0
2025-01-30,Seattle U,Grand Canyon,5728988,50,88,396,0
2025-01-30,Eastern Wash.,Idaho St.,5732169,78,71,2100,0
2025-01-30,CSUN,UC Santa Barbara,5730081,53,68,1704,0
2025-01-30,Morehead St.,Tennessee Tech,5722965,73,82,650,0
2025-01-30,Little Rock,Tennessee St.,5731805,67,60,450,0
2025-01-30,Lindenwood,SIUE,5729651,86,70,732,0
2025-01-30,Western Ill.,Eastern Ill.,5723037,62,52,512,0
2025-01-30,Bryant,UMBC,5728616,46,49,185,0
2025-01-30,Niagara,Canisius,5724056,53,70,483,0
2025-01-30,Vermont,Binghamton,5734483,53,40,817,0
2025-01-30,Wake Forest,NC State,5733775,83,90,1785,0
2025-01-30,Virginia Tech,Notre Dame,5733779,61,77,5750,0
2025-01-30,Iona,Manhattan,5736392,64,47,1080,0
2025-01-30,Siena,Marist,5732005,62,46,808,0
2025-01-30,Western Caro.,Samford,5736831,86,90,648,0
2025-01-30,FGCU,Lipscomb,5736734,63,50,1789,0
2025-01-30,Michigan St.,Oregon,5731614,59,63,3521,0
2025-01-30,Boston College,Florida St.,5733832,80,104,933,0
2025-01-30,New Hampshire,Maine,5731543,54,65,482,0
2025-01-30,Georgia,Ole Miss,5732344,58,63,2262,0
2025-01-30,Southeast Mo. St.,UT Martin,5730739,54,78,1098,0
2025-01-30,Bellarmine,North Florida,5722509,80,69,372,0
2025-01-30,App State,Louisiana,5729046,61,52,354,0
2025-01-30,Florida A&M,Alabama St.,5736743,82,46,400,0
2025-01-30,Rutgers,Illinois,5730129,65,69,2016,0
2025-01-30,Saint Peter's,Rider,5732100,52,57,298,0
2025-01-30,Bethune-Cookman,Alabama A&M,5729342,49,66,588,0
2025-01-30,Liberty,Kennesaw St.,5722046,74,39,941,0
2025-01-30,UNC Greensboro,Mercer,5733455,70,37,368,0
2025-01-30,Kentucky,Alabama,5737515,65,56,4471,0
2025-01-30,Furman,ETSU,5756679,62,72,217,0
2025-01-30,West Ga.,Central Ark.,5734248,64,67,472,0
2025-01-30,Florida,Vanderbilt,5736682,86,99,1709,0
2025-01-30,Fairfield,Quinnipiac,5734298,72,63,1188,0
2025-01-30,McNeese,UIW,5735456,63,77,1342,0
2025-01-30,LSU,Oklahoma,5735348,107,100,10637,0
2025-01-30,Evansville,UIC,5736360,43,74,315,0
2025-01-30,Southeastern La.,Lamar University,5723611,60,48,1669,0
2025-01-30,Abilene Christian,California Baptist,5728983,84,87,673,0
2025-01-30,Southern Miss.,Texas St.,5723004,52,46,1307,0
2025-01-30,Green Bay,Cleveland St.,5723677,66,52,2177,0
2025-01-30,North Ala.,Queens (NC),5740621,87,62,1381,0
2025-01-30,Eastern Ky.,Jacksonville,5729092,88,75,403,0
2025-01-30,Indiana St.,Valparaiso,5735798,54,73,1201,0
2025-01-30,FIU,Jacksonville St.,5723730,62,52,647,0
2025-01-30,Purdue,Nebraska,5734580,68,74,6315,0
2025-01-30,Wofford,Chattanooga,5735960,57,54,541,0
2025-01-30,Miami (FL),Virginia,5736590,77,74,2630,0
2025-01-30,Mount St. Mary's,Merrimack,5728901,75,49,729,0
2025-01-30,Nicholls,Houston Christian,6313082,76,51,362,0
2025-01-30,Southern U.,Jackson St.,5736494,64,47,2687,0
2025-01-30,Grambling,Alcorn,5737701,82,69,754,0
2025-01-30,East Texas A&M,A&M-Corpus Christi,5732082,45,55,392,0
2025-01-30,Arkansas,Texas A&M,5734546,72,51,2558,0
2025-01-30,ULM,South Alabama,5729801,78,70,989,0
2025-01-30,New Orleans,SFA,5728421,65,83,389,0
2025-01-30,Northwestern St.,UTRGV,5730306,73,66,361,0
2025-01-30,Duquesne,VCU,5740605,69,59,878,0
2025-01-30,Kansas City,South Dakota,5723928,77,54,365,0
2025-01-30,SMU,Louisville,5736668,75,80,1148,0
2025-01-30,North Dakota,St. Thomas (MN),5733339,71,76,1624,0
2025-01-30,New Mexico St.,Middle Tenn.,5729985,59,66,366,0
2025-01-30,Arkansas St.,Troy,5729013,91,77,942,0
2025-01-30,Southern Utah,UT Arlington,5737208,58,62,0,0
2025-01-30,Kansas St.,Iowa St.,5733354,87,79,5497,0
2025-01-30,UTEP,Western Ky.,5734186,59,65,1085,0
2025-01-30,Utah Tech,Tarleton St.,5729828,61,70,618,0
2025-01-30,San Francisco,LMU (CA),5731763,68,73,0,0
2025-01-30,Washington St.,Pacific,5733755,82,70,1034,0
2025-01-30,Gonzaga,San Diego,5734158,64,48,5006,0
2025-01-30,UC Irvine,Long Beach St.,5733184,61,47,672,0
2025-01-30,Oregon St.,Pepperdine,5728969,63,54,3729,0
2025-01-30,UC Davis,UC Riverside,5723466,52,41,515,0
2025-01-30,Idaho,Weber St.,5723384,77,62,1424,0
2025-01-30,Portland,Saint Mary's (CA),5728935,66,58,1039,0
2025-01-30,Cal Poly,CSU Bakersfield,5728535,51,42,321,0
2025-01-30,Texas,Missouri,5733482,70,61,6831,0
2025-01-30,Sacramento St.,Montana St.,5723792,45,67,473,0
2025-01-30,California,North Carolina,5735265,52,65,2886,0
2025-01-30,Portland St.,Montana,5733708,61,73,486,0
2025-01-30,Southern California,Minnesota,5730804,82,69,5243,0
2025-01-30,UC San Diego,Hawaii,5735404,63,65,435,0
2025-01-30,Stanford,Pittsburgh,5734027,58,46,2807,0
2025-01-31,Northeastern,Drexel,5734536,47,53,142,0
2025-01-31,Yale,Princeton,5731215,38,74,590,0
2025-01-31,Dartmouth,Cornell,5737252,48,60,841,0
2025-01-31,Towson,Delaware,5732651,62,48,957,0
2025-01-31,Bradley,Missouri St.,5735286,62,73,439,0
2025-01-31,Robert Morris,Purdue Fort Wayne,5723795,54,63,321,0
2025-01-31,Campbell,Monmouth,5732897,76,67,879,0
2025-01-31,Brown,Penn,5735103,65,57,341,0
2025-01-31,Col. of Charleston,Stony Brook,5731288,66,53,365,0
2025-01-31,Harvard,Columbia,5723278,71,80,1349,0
2025-01-31,N.C. A&T,Hampton,5730427,74,51,4847,0
2025-01-31,UNCW,Hofstra,5731699,70,67,938,0
2025-01-31,Elon,William & Mary,5731868,59,64,1119,0
2025-01-31,Illinois St.,Southern Ill.,5736515,78,60,1589,0
2025-01-31,Utah,Arizona,5734833,67,58,4431,0
2025-02-01,Le Moyne,Wagner,5731173,62,52,322,0
2025-02-01,UCF,Houston,5736453,70,56,1327,0
2025-02-01,West Virginia,Oklahoma St.,5735145,54,37,5247,0
2025-02-01,Coastal Carolina,Louisiana,5729047,77,68,974,0
2025-02-01,Eastern Ky.,North Florida,5722510,78,44,296,0
2025-02-01,Ga. Southern,Marshall,5728430,65,71,621,0
2025-02-01,UMass Lowell,UMBC,5728622,48,56,273,0
2025-02-01,Central Mich.,Bowling Green,5726027,69,76,1232,0
2025-02-01,Central Conn. St.,Stonehill,5728767,71,59,324,0
2025-02-01,FIU,Kennesaw St.,5730545,65,64,534,0
2025-02-01,Miami (OH),Ohio,5729155,72,34,2011,0
2025-02-01,FDU,Mercyhurst,5729756,75,45,500,0
2025-02-01,Army West Point,American,5723447,84,60,558,0
2025-02-01,Maine,Vermont,5734485,45,39,1181,0
2025-02-01,Oakland,Detroit Mercy,5736334,77,63,841,0
2025-02-01,Gardner-Webb,Winthrop,5735978,66,54,300,0
2025-02-01,Dayton,George Mason,5737897,53,86,2040,0
2025-02-01,Western Caro.,Mercer,5736832,66,71,764,0
2025-02-01,Kent St.,Akron,5733539,73,51,2256,0
2025-02-01,Ball St.,Western Mich.,5756759,61,51,2025,0
2025-02-01,Liberty,Jacksonville St.,5722047,62,53,1011,0
2025-02-01,Texas Southern,Prairie View,5756669,82,69,3017,0
2025-02-01,Fla. Atlantic,Rice,5740556,66,61,1330,0
2025-02-01,East Texas A&M,Northwestern St.,5730307,50,61,371,0
2025-02-01,Western Ill.,SIUE,5723027,94,82,917,0
2025-02-01,Southern Ind.,Tennessee Tech,5722979,62,81,1069,0
2025-02-01,Southern Miss.,Troy,5723010,45,70,3613,0
2025-02-01,Oral Roberts,Denver,5723539,68,67,1191,0
2025-02-01,Southeastern La.,New Orleans,5729711,59,50,708,0
2025-02-01,Nicholls,McNeese,5735457,84,67,412,0
2025-02-01,North Dakota St.,St. Thomas (MN),5733341,81,74,895,0
2025-02-01,Lindenwood,Eastern Ill.,5732116,57,55,539,0
2025-02-01,Ark.-Pine Bluff,Mississippi Val.,5737355,68,39,749,0
2025-02-01,UIW,Houston Christian,5736852,68,55,0,0
2025-02-01,Central Ark.,Queens (NC),5740622,68,50,567,0
2025-02-01,George Washington,Saint Joseph's,5809700,42,57,914,0
2025-02-01,Buffalo,NIU,5722078,84,58,2055,0
2025-02-01,Bellarmine,Jacksonville,5729093,83,91,365,0
2025-02-01,Mount St. Mary's,Saint Peter's,5728903,79,59,611,0
2025-02-01,Lafayette,Colgate,5729181,44,75,668,0
2025-02-01,LIU,Chicago St.,5725984,49,55,178,0
2025-02-01,Old Dominion,James Madison,5723983,62,85,2987,0
2025-02-01,Coppin St.,Delaware St.,5734790,90,57,665,0
2025-02-01,Quinnipiac,Siena,5732006,77,74,624,0
2025-02-01,Wright St.,Northern Ky.,5736977,75,67,1105,0
2025-02-01,Binghamton,UAlbany,5737645,54,65,1706,0
2025-02-01,Stetson,Lipscomb,5736737,74,70,312,0
2025-02-01,Norfolk St.,South Carolina St.,5737253,83,37,2994,0
2025-02-01,Fairfield,Iona,5736397,63,46,1340,0
2025-02-01,Longwood,Charleston So.,5737421,50,55,1343,0
2025-02-01,Furman,Chattanooga,5737153,60,68,487,0
2025-02-01,Eastern Mich.,Toledo,5733392,49,77,1055,0
2025-02-01,Manhattan,Sacred Heart,5735722,64,58,157,0
2025-02-01,Indiana St.,UIC,5735799,53,58,1278,0
2025-02-01,UNC Greensboro,Samford,5733461,78,66,414,0
2025-02-01,Wofford,ETSU,5735961,50,63,778,0
2025-02-01,Bryant,NJIT,5737949,71,66,430,0
2025-02-01,Morgan St.,UMES,5756691,59,77,450,0
2025-02-01,Southeast Mo. St.,Tennessee St.,5730740,62,70,1012,0
2025-02-01,Utah Tech,UT Arlington,5732320,67,86,510,0
2025-02-01,Colorado St.,Air Force,5736638,71,75,1868,0
2025-02-01,Washington St.,San Diego,5735828,67,60,1203,0
2025-02-01,UTEP,Middle Tenn.,5729987,42,64,1565,0
2025-02-01,Merrimack,Rider,5733661,63,65,313,0
2025-02-01,Bethune-Cookman,Alabama St.,5729343,71,40,699,0
2025-02-01,Tulsa,Wichita St.,5738063,56,42,1387,0
2025-02-01,Tulane,UAB,5737988,72,55,708,0
2025-02-01,UTSA,Temple,5738275,70,61,1412,0
2025-02-01,Memphis,East Carolina,5737190,75,69,981,0
2025-02-01,Grambling,Jackson St.,5736497,56,67,2500,0
2025-02-01,DePaul,Seton Hall,5734399,55,72,1354,0
2025-02-01,South Dakota,North Dakota,5735576,76,66,2042,0
2025-02-01,Omaha,South Dakota St.,5734642,63,93,930,0
2025-02-01,UTRGV,A&M-Corpus Christi,5735014,56,37,1761,0
2025-02-01,Little Rock,UT Martin,5731806,59,64,600,0
2025-02-01,Drake,UNI,5735203,69,63,4355,0
2025-02-01,Arkansas St.,South Alabama,5730617,80,63,1007,0
2025-02-01,Sam Houston,Louisiana Tech,5730647,70,65,536,0
2025-02-01,Milwaukee,Cleveland St.,5723323,81,89,600,0
2025-02-01,ULM,Texas St.,5729804,64,67,1021,0
2025-02-01,Southern U.,Alcorn,5756699,55,59,2189,0
2025-02-01,App State,Georgia St.,5731057,55,62,1212,0
2025-02-01,New Mexico St.,Western Ky.,5735634,64,59,397,0
2025-02-01,Florida A&M,Alabama A&M,5734710,54,58,450,0
2025-02-01,FGCU,Austin Peay,5737679,45,35,2399,0
2025-02-01,Wyoming,Boise St.,5731738,79,45,2716,0
2025-02-01,USC Upstate,Radford,5737177,59,65,234,0
2025-02-01,Utah Valley,Grand Canyon,5728989,64,76,1313,0
2025-02-01,Southern Utah,Tarleton St.,5729829,53,74,376,0
2025-02-01,Northern Ariz.,Northern Colo.,5738647,68,52,568,0
2025-02-01,Bucknell,Navy,5733915,75,79,421,0
2025-02-01,New Mexico,San Diego St.,5730763,46,59,5186,0
2025-02-01,San Francisco,Santa Clara,5734920,50,59,0,0
2025-02-01,Boston U.,Loyola Maryland,5737023,68,72,627,0
2025-02-01,UNLV,Nevada,5735066,68,59,1961,0
2025-02-01,Lehigh,Holy Cross,5735861,60,47,941,0
2025-02-01,Cal St. Fullerton,Hawaii,5732205,47,54,307,0
2025-02-01,Dartmouth,Columbia,5732071,48,71,1031,0
2025-02-01,Fresno St.,San Jose St.,5734074,99,85,1884,0
2025-02-01,Portland St.,Montana St.,5733709,39,85,602,0
2025-02-01,Brown,Princeton,5734976,47,60,586,0
2025-02-01,Harvard,Cornell,5723284,72,60,869,0
2025-02-01,UC Davis,UC Irvine,5723468,49,52,867,0
2025-02-01,CSU Bakersfield,CSUN,5728539,51,65,322,0
2025-02-01,Oregon St.,Saint Mary's (CA),5728937,80,45,4121,0
2025-02-01,Idaho,Idaho St.,5725890,44,52,1426,0
2025-02-01,Eastern Wash.,Weber St.,5723385,48,62,765,0
2025-02-01,Belmont,Murray St.,5733526,96,89,1087,0
2025-02-01,Sacramento St.,Montana,5723794,63,69,543,0
2025-02-01,Long Beach St.,UC Santa Barbara,5731108,68,77,1112,0
2025-02-01,Cal Poly,UC Riverside,5737075,56,64,634,0
2025-02-01,Gonzaga,Pacific,5733760,68,64,5328,0
2025-02-01,Yale,Penn,5731218,60,80,581,0
2025-02-01,SFA,Lamar University,5723619,72,66,991,0
2025-02-01,Evansville,Valparaiso,5736366,54,66,618,0
2025-02-01,North Ala.,West Ga.,5737593,82,73,1790,0
2025-02-01,High Point,Presbyterian,5737316,62,43,721,0
2025-02-01,South Fla.,North Texas,5736614,65,58,2572,0
2025-02-01,Saint Louis,Fordham,5738094,59,53,1165,0
2025-02-01,Portland,Pepperdine,5734964,76,52,1240,0
2025-02-01,Arizona St.,BYU,5734233,67,77,2590,0
2025-02-02,VCU,Davidson,5809673,51,54,714,0
2025-02-02,South Carolina,Auburn,5723019,83,66,18000,0
2025-02-02,Indiana,Nebraska,5731977,76,60,11476,0
2025-02-02,Michigan,Oregon,5731616,80,48,4306,0
2025-02-02,Syracuse,Virginia,5736594,67,70,3994,0
2025-02-02,Louisville,Notre Dame,5736121,71,89,11603,0
2025-02-02,Elon,Monmouth,5732899,47,62,763,0
2025-02-02,William & Mary,Campbell,5731869,71,92,1356,0
2025-02-02,Northeastern,Delaware,5732662,54,62,461,0
2025-02-02,UNCW,Stony Brook,5731289,65,57,854,0
2025-02-02,UConn,Butler,5734327,101,59,15684,0
2025-02-02,Col. of Charleston,Hofstra,5731949,73,42,717,0
2025-02-02,Maryland,Illinois,5733792,65,66,8068,0
2025-02-02,St. Bonaventure,Duquesne,5740606,46,80,346,0
2025-02-02,Iowa,Southern California,5731673,76,69,14998,0
2025-02-02,LSU,Mississippi St.,5736623,81,67,11275,0
2025-02-02,Miami (FL),Georgia Tech,5734337,66,77,2292,0
2025-02-02,Purdue,Wisconsin,5733507,84,71,5012,0
2025-02-02,Boston College,Clemson,5736506,94,65,1910,0
2025-02-02,Virginia Tech,SMU,5733769,79,71,5762,0
2025-02-02,St. John's (NY),Xavier,5736538,55,44,685,0
2025-02-02,Villanova,Marquette,5736357,65,53,2335,0
2025-02-02,Drexel,Towson,5734728,53,49,581,0
2025-02-02,Richmond,Rhode Island,5737764,79,56,2496,0
2025-02-02,La Salle,Massachusetts,5737500,50,60,215,0
2025-02-02,IU Indy,Green Bay,5723684,54,76,595,0
2025-02-02,Creighton,Providence,5756754,79,66,2239,0
2025-02-02,Missouri,Tennessee,5733486,71,76,4613,0
2025-02-02,Kansas,Kansas St.,5733358,64,91,8180,0
2025-02-02,UCLA,Minnesota,5736932,79,53,6184,0
2025-02-02,Vanderbilt,Ole Miss,5732345,61,76,6021,0
2025-02-02,Illinois St.,Missouri St.,5735605,66,55,2784,0
2025-02-02,Stanford,North Carolina,5734029,67,69,4181,0
2025-02-02,Northwestern,Michigan St.,5733479,75,89,1861,0
2025-02-02,Bradley,Southern Ill.,5735287,68,46,513,0
2025-02-02,Alabama,Georgia,5737212,72,57,2547,0
2025-02-02,Baylor,Cincinnati,5734007,98,59,3897,0
2025-02-02,Colorado,Texas Tech,5735056,67,51,4953,0
2025-02-02,Oklahoma,Kentucky,5735350,86,95,6008,0
2025-02-02,Iowa St.,TCU,5736412,69,82,10331,0
2025-02-02,Ohio St.,Washington,5734744,66,56,8602,0
2025-02-02,Florida St.,Wake Forest,5733835,97,68,2139,0
2025-02-02,Texas A&M,Texas,5734547,50,70,4676,0
