loc_y,loc_x,shot_team_id,shot_outcome,play_id,description,game_id,home_id,away_id,game_date,full_name,team_id,team_name,time
25.953400573730505,38,488,FALSE,112039287,'1st 06:55 : 3pt jump shot (outside left) missed by Jordyn Dorsey(Aggies),5254426,560959,561001,2024-03-24,N.C. A&T Aggies,560959,N.C. A&T,2024-03-25
5.282802581787095,40.1150016784668,488,FALSE,112039296,'1st 06:32 : 2pt jump shot (2nd chance) (inside left) missed by D’Mya Tucker(Aggies),5254426,560959,561001,2024-03-24,N.C. A&T Aggies,560959,N.C. A&T,2024-03-25
3.5155979919433378,11.52000045776365,488,TRUE,112039608,'1st 01:52 : 2pt jump shot (off turnover) (inside right wing) made by Maleia Bracone(Aggies),5254426,560959,561001,2024-03-24,N.C. A&T Aggies,560959,N.C. A&T,2024-03-25
23.46239913940434,45.185001373291,488,FALSE,112039223,'1st 08:19 : 3pt jump shot (outside left) missed by D’Mya Tucker(Aggies),5254426,560959,561001,2024-03-24,N.C. A&T Aggies,560959,N.C. A&T,2024-03-25
4.841000089645384,24.8150005340576,523,TRUE,112039226,'1st 08:06 : 2pt layup (under the basket) made by Brenda Fontana(ODU),5254426,560959,561001,2024-03-24,Old Dominion Monarchs,561001,Old Dominion,2024-03-25
3.224200286865255,25.32500076293945,488,FALSE,112039231,'1st 07:38 : 2pt driving layup (blocked) (in the paint) missed by Maleia Bracone(Aggies),5254426,560959,561001,2024-03-24,N.C. A&T Aggies,560959,N.C. A&T,2024-03-25
4.841000089645384,24.5349998474121,523,TRUE,112039236,'1st 07:31 : 2pt driving layup (fast break) (under the basket) made by Simone Cunningham(ODU),5254426,560959,561001,2024-03-24,Old Dominion Monarchs,561001,Old Dominion,2024-03-25
4.841000089645384,25.3799991607666,523,FALSE,112039260,'1st 07:21 : 2pt driving layup (off turnover) (under the basket) missed by Jordan McLaughlin(ODU),5254426,560959,561001,2024-03-24,Old Dominion Monarchs,561001,Old Dominion,2024-03-25
5.4237999820709195,24.95999908447265,523,FALSE,112039272,'1st 07:13 : 2pt layup (2nd chance;off turnover) (under the basket) missed by Simone Cunningham(ODU),5254426,560959,561001,2024-03-24,Old Dominion Monarchs,561001,Old Dominion,2024-03-25
18.17959655761716,46.45000076293945,488,FALSE,112039319,'1st 06:19 : 3pt jump shot (2nd chance) (outside left) missed by D’Mya Tucker(Aggies),5254426,560959,561001,2024-03-24,N.C. A&T Aggies,560959,N.C. A&T,2024-03-25
1.908199973106384,47.77500009536743,523,FALSE,112039322,'1st 06:09 : 3pt jump shot (outside left wing) missed by Kaye Clark(ODU),5254426,560959,561001,2024-03-24,Old Dominion Monarchs,561001,Old Dominion,2024-03-25
6.0160000896453845,38.1949996948242,523,FALSE,112039351,'1st 05:37 : 2pt jump shot (off turnover) (inside left) missed by Mimi McCollister(ODU),5254426,560959,561001,2024-03-24,Old Dominion Monarchs,561001,Old Dominion,2024-03-25
4.690597991943335,48,488,FALSE,112039381,'1st 05:09 : 3pt jump shot (off turnover) (outside left wing) missed by Maleia Bracone(Aggies),5254426,560959,561001,2024-03-24,N.C. A&T Aggies,560959,N.C. A&T,2024-03-25
2.782400035858152,23.4099998474121,523,TRUE,112039385,'1st 04:52 : 2pt driving layup (in the paint) made by Mikayla Brown(ODU),5254426,560959,561001,2024-03-24,Old Dominion Monarchs,561001,Old Dominion,2024-03-25
5.282802581787095,44.1949996948242,488,FALSE,112039390,'1st 04:26 : 2pt jump shot (inside left wing) missed by Laila Acox(Aggies),5254426,560959,561001,2024-03-24,N.C. A&T Aggies,560959,N.C. A&T,2024-03-25
5.282802581787095,26.72999954223635,488,TRUE,112039397,'1st 04:09 : 2pt driving layup (off turnover;fast break) (under the basket) made by Jordyn Dorsey(Aggies) 6-4',5254426,560959,561001,2024-03-24,N.C. A&T Aggies,560959,N.C. A&T,2024-03-25
26.545599784851102,37.35000038146975,523,FALSE,112039487,'1st 03:31 : 3pt jump shot (outside left) missed by Halima Salat(ODU),5254426,560959,561001,2024-03-24,Old Dominion Monarchs,561001,Old Dominion,2024-03-25
21.845599784851107,15.0999984741211,523,FALSE,112039496,'1st 03:22 : 2pt jump shot (2nd chance) (inside right) missed by Jordan McLaughlin(ODU),5254426,560959,561001,2024-03-24,Old Dominion Monarchs,561001,Old Dominion,2024-03-25
2.491001434326165,25.4650001525879,488,FALSE,112039559,'1st 02:29 : 2pt driving layup (off turnover) (in the paint) missed by Laila Acox(Aggies),5254426,560959,561001,2024-03-24,N.C. A&T Aggies,560959,N.C. A&T,2024-03-25
3.374596557617167,25.1849994659424,488,FALSE,112039515,'1st 03:10 : 2pt driving layup (off turnover) (in the paint) missed by Maleia Bracone(Aggies),5254426,560959,561001,2024-03-24,N.C. A&T Aggies,560959,N.C. A&T,2024-03-25
24.48699928283687,41.4350004196167,523,FALSE,112039191,'1st 09:44 : 3pt jump shot (outside left) missed by Mimi McCollister(ODU),5254426,560959,561001,2024-03-24,Old Dominion Monarchs,561001,Old Dominion,2024-03-25
4.690597991943335,25.4650001525879,488,TRUE,112039204,'1st 09:02 : 2pt driving layup (off turnover;fast break) (under the basket) made by Maleia Bracone(Aggies) 0-2',5254426,560959,561001,2024-03-24,N.C. A&T Aggies,560959,N.C. A&T,2024-03-25
3.224200286865255,25.88500022888185,488,FALSE,112039211,'1st 08:37 : 2pt driving layup (off turnover) (in the paint) missed by Maleia Bracone(Aggies),5254426,560959,561001,2024-03-24,N.C. A&T Aggies,560959,N.C. A&T,2024-03-25
24.195599784851105,41.85999965667725,523,FALSE,112039217,'1st 08:29 : 3pt jump shot (outside left) missed by Mimi McCollister(ODU),5254426,560959,561001,2024-03-24,Old Dominion Monarchs,561001,Old Dominion,2024-03-25
23.90420028686525,5.2400016784668,523,FALSE,112039614,'1st 01:45 : 3pt jump shot (outside right) missed by Kaye Clark(ODU),5254426,560959,561001,2024-03-24,Old Dominion Monarchs,561001,Old Dominion,2024-03-25
3.666000089645384,47.63499999046326,523,FALSE,112039702,'1st 00:52.60 : 3pt jump shot (outside left wing) missed by Brenda Fontana(ODU),5254426,560959,561001,2024-03-24,Old Dominion Monarchs,561001,Old Dominion,2024-03-25
21.41320064544677,43.125,523,FALSE,112039715,'1st 00:35.40 : 3pt jump shot (off turnover) (outside left) missed by Mimi McCollister(ODU),5254426,560959,561001,2024-03-24,Old Dominion Monarchs,561001,Old Dominion,2024-03-25
23.171001434326172,42.3650016784668,488,FALSE,112039727,'1st 00:16.30 : 3pt jump shot (outside left) missed by Talia Davis(Aggies),5254426,560959,561001,2024-03-24,N.C. A&T Aggies,560959,N.C. A&T,2024-03-25
11.580799713134748,13.689998626709,523,FALSE,112039796,'2nd 09:47 : 2pt jump shot (inside right) missed by Jordan McLaughlin(ODU),5254426,560959,561001,2024-03-24,Old Dominion Monarchs,561001,Old Dominion,2024-03-25
4.690597991943335,28.70499992370605,488,FALSE,112039829,'2nd 08:58 : 2pt layup (off turnover) (under the basket) missed by Jordyn Dorsey(Aggies),5254426,560959,561001,2024-03-24,N.C. A&T Aggies,560959,N.C. A&T,2024-03-25
18.912800788879395,37.0699996948242,523,TRUE,112039960,'2nd 08:15 : 2pt jump shot (off turnover) (inside left) made by Jordan McLaughlin(ODU) 8-9',5254426,560959,561001,2024-03-24,Old Dominion Monarchs,561001,Old Dominion,2024-03-25
14.814402008056677,26.5900001525879,488,FALSE,112039965,'2nd 07:48 : 2pt jump shot (in the paint) missed by Paris Locke(Aggies),5254426,560959,561001,2024-03-24,N.C. A&T Aggies,560959,N.C. A&T,2024-03-25
4.841001434326174,25.60499954223635,488,FALSE,112039971,'2nd 07:42 : 2pt layup (2nd chance) (under the basket) missed by Chaniya Clark(Aggies),5254426,560959,561001,2024-03-24,N.C. A&T Aggies,560959,N.C. A&T,2024-03-25
30.2115994262695,25.10000038146975,523,TRUE,112040032,'2nd 07:30 : 3pt jump shot (outside center) made by Kaye Clark(ODU) 11-10',5254426,560959,561001,2024-03-24,Old Dominion Monarchs,561001,Old Dominion,2024-03-25
22.28739913940433,25.1849994659424,488,TRUE,112040033,'2nd 07:09 : 2pt jump shot (inside center) made by Laila Acox(Aggies),5254426,560959,561001,2024-03-24,N.C. A&T Aggies,560959,N.C. A&T,2024-03-25
5.282799892425536,25.10000038146975,523,FALSE,112040035,'2nd 06:51 : 2pt driving layup (under the basket) missed by Kaye Clark(ODU),5254426,560959,561001,2024-03-24,Old Dominion Monarchs,561001,Old Dominion,2024-03-25
16.42179935455323,38.3400001525879,523,TRUE,112040039,'2nd 06:47 : 2pt jump shot (2nd chance) (inside left) made by Jordan McLaughlin(ODU),5254426,560959,561001,2024-03-24,Old Dominion Monarchs,561001,Old Dominion,2024-03-25
24.48700286865234,41.2400016784668,488,FALSE,112040042,'2nd 06:18 : 3pt jump shot (outside left) missed by Paris Locke(Aggies),5254426,560959,561001,2024-03-24,N.C. A&T Aggies,560959,N.C. A&T,2024-03-25
21.845599784851107,6.50500106811525,523,FALSE,112040051,'2nd 06:04 : 3pt jump shot (outside right) missed by Jordan McLaughlin(ODU),5254426,560959,561001,2024-03-24,Old Dominion Monarchs,561001,Old Dominion,2024-03-25
5.132399139404328,27.1550006866455,488,TRUE,112040057,'2nd 05:38 : 2pt driving layup (under the basket) made by Maleia Bracone(Aggies),5254426,560959,561001,2024-03-24,N.C. A&T Aggies,560959,N.C. A&T,2024-03-25
10.997999820709197,22.70499992370605,488,TRUE,112041250,'3rd 01:29 : 2pt jump shot (off turnover) (in the paint) made by Chaniya Clark(Aggies),5254426,560959,561001,2024-03-24,N.C. A&T Aggies,560959,N.C. A&T,2024-03-25
2.491001434326165,11.100000381469748,523,FALSE,112041263,'3rd 00:58.60 : 2pt jump shot (inside right wing) missed by Mimi McCollister(ODU),5254426,560959,561001,2024-03-24,Old Dominion Monarchs,561001,Old Dominion,2024-03-25
2.491001434326165,1.8049999475479128,523,FALSE,112041279,'3rd 00:30.90 : 3pt jump shot (off turnover) (outside right wing) missed by Kaye Clark(ODU),5254426,560959,561001,2024-03-24,Old Dominion Monarchs,561001,Old Dominion,2024-03-25
4.399200286865252,26.45000076293945,523,TRUE,112041281,'3rd 00:23.30 : 2pt layup (2nd chance;off turnover) (under the basket) made by Brenda Fontana(ODU),5254426,560959,561001,2024-03-24,Old Dominion Monarchs,561001,Old Dominion,2024-03-25
2.1995999193191516,35.3800001144409,523,FALSE,112040100,'2nd 05:19 : 2pt jump shot (inside left wing) missed by Brenda Fontana(ODU),5254426,560959,561001,2024-03-24,Old Dominion Monarchs,561001,Old Dominion,2024-03-25
8.798399677276615,10.1699981689453,523,FALSE,112040174,'2nd 04:41 : 2pt jump shot (2nd chance;off turnover) (inside right) missed by Jordan McLaughlin(ODU),5254426,560959,561001,2024-03-24,Old Dominion Monarchs,561001,Old Dominion,2024-03-25
4.24879998207092,23.9699993133545,488,FALSE,112041285,'3rd 00:07.00 : 2pt layup (under the basket) missed by D’Mya Tucker(Aggies),5254426,560959,561001,2024-03-24,N.C. A&T Aggies,560959,N.C. A&T,2024-03-25
30.653400573730508,16.309999465942397,523,FALSE,112041291,'3rd 00:00.10 : 3pt jump shot (outside center) missed by Jordan McLaughlin(ODU),5254426,560959,561001,2024-03-24,Old Dominion Monarchs,561001,Old Dominion,2024-03-25
27.57020172119141,39.54999923706055,523,TRUE,112041330,'4th 09:41 : 3pt jump shot (outside left) made by Mimi McCollister(ODU),5254426,560959,561001,2024-03-24,Old Dominion Monarchs,561001,Old Dominion,2024-03-25
3.5155979919433378,23.0699996948242,523,TRUE,112041355,'4th 08:53 : 2pt layup (off turnover) (in the paint) made by Simone Cunningham(ODU),5254426,560959,561001,2024-03-24,Old Dominion Monarchs,561001,Old Dominion,2024-03-25
21.554200286865253,15.8050003051758,488,FALSE,112041363,'4th 08:36 : 2pt jump shot (inside right) missed by Jordyn Dorsey(Aggies),5254426,560959,561001,2024-03-24,N.C. A&T Aggies,560959,N.C. A&T,2024-03-25
4.690597991943335,25.1849994659424,523,FALSE,112041381,'4th 08:07 : 2pt driving layup (under the basket) missed by Mimi McCollister(ODU),5254426,560959,561001,2024-03-24,Old Dominion Monarchs,561001,Old Dominion,2024-03-25
3.957400035858152,26.5049991607666,523,FALSE,112040233,'2nd 04:05 : 2pt driving layup (blocked) (in the paint) missed by Mimi McCollister(ODU),5254426,560959,561001,2024-03-24,Old Dominion Monarchs,561001,Old Dominion,2024-03-25
17.59680114746091,26.17000007629395,488,FALSE,112040237,'2nd 03:57 : 2pt jump shot (in the paint) missed by Laila Acox(Aggies),5254426,560959,561001,2024-03-24,N.C. A&T Aggies,560959,N.C. A&T,2024-03-25
14.372600860595668,38.2799987792969,488,FALSE,112040239,'2nd 03:48 : 2pt jump shot (2nd chance) (inside left) missed by Maleia Bracone(Aggies),5254426,560959,561001,2024-03-24,N.C. A&T Aggies,560959,N.C. A&T,2024-03-25
4.399200286865252,31.3799991607666,488,TRUE,112040249,'2nd 03:46 : 2pt jump shot (2nd chance) (inside left) made by D’Mya Tucker(Aggies) 15-17',5254426,560959,561001,2024-03-24,N.C. A&T Aggies,560959,N.C. A&T,2024-03-25
29.328000717163132,18.6200008392334,523,FALSE,112040271,'2nd 03:18 : 3pt jump shot (outside center) missed by Mimi McCollister(ODU),5254426,560959,561001,2024-03-24,Old Dominion Monarchs,561001,Old Dominion,2024-03-25
31.085799713134755,15.324999809265153,488,FALSE,112040279,'2nd 03:06 : 3pt jump shot (outside center) missed by Maleia Bracone(Aggies),5254426,560959,561001,2024-03-24,N.C. A&T Aggies,560959,N.C. A&T,2024-03-25
22.57880043029788,4.5349998474121,488,FALSE,112041453,'4th 07:17 : 3pt jump shot (outside right) missed by Paris Locke(Aggies),5254426,560959,561001,2024-03-24,N.C. A&T Aggies,560959,N.C. A&T,2024-03-25
18.771801147460906,37.1549987792969,523,TRUE,112041456,'4th 07:11 : 2pt jump shot (fast break) (inside left) made by Jordan McLaughlin(ODU) 41-38',5254426,560959,561001,2024-03-24,Old Dominion Monarchs,561001,Old Dominion,2024-03-25
6.157002868652327,41.2400016784668,523,FALSE,112041507,'4th 06:26 : 2pt jump shot (off turnover) (inside left) missed by Jordan McLaughlin(ODU),5254426,560959,561001,2024-03-24,Old Dominion Monarchs,561001,Old Dominion,2024-03-25
3.957400035858152,23.125,488,FALSE,112041544,'4th 06:04 : 2pt layup (blocked) (in the paint) missed by D’Mya Tucker(Aggies),5254426,560959,561001,2024-03-24,N.C. A&T Aggies,560959,N.C. A&T,2024-03-25
4.690597991943335,36.310001373291,523,FALSE,112041547,'4th 05:56 : 2pt jump shot (inside left) missed by Joy Campbell(ODU),5254426,560959,561001,2024-03-24,Old Dominion Monarchs,561001,Old Dominion,2024-03-25
23.020599784851107,21.86000061035155,523,TRUE,112040291,'2nd 02:59 : 2pt jump shot (fast break) (inside center) made by Kaye Clark(ODU) 17-17',5254426,560959,561001,2024-03-24,Old Dominion Monarchs,561001,Old Dominion,2024-03-25
9.68200286865232,32.6500015258789,488,TRUE,112040301,'2nd 02:31 : 2pt turnaround jump shot (inside left) made by D’Mya Tucker(Aggies),5254426,560959,561001,2024-03-24,N.C. A&T Aggies,560959,N.C. A&T,2024-03-25
3.9573991394043304,26.17000007629395,488,FALSE,112040350,'2nd 01:43 : 2pt layup (in the paint) missed by Laila Acox(Aggies),5254426,560959,561001,2024-03-24,N.C. A&T Aggies,560959,N.C. A&T,2024-03-25
5.423796844482425,28.8449993133545,488,FALSE,112040357,'2nd 01:39 : 2pt layup (2nd chance) (in the paint) missed by Chaniya Clark(Aggies),5254426,560959,561001,2024-03-24,N.C. A&T Aggies,560959,N.C. A&T,2024-03-25
4.690597991943335,26.72999954223635,488,TRUE,112040360,'2nd 01:39 : 2pt layup (2nd chance) (under the basket) made by Laila Acox(Aggies) 18-21',5254426,560959,561001,2024-03-24,N.C. A&T Aggies,560959,N.C. A&T,2024-03-25
13.047200107574447,25.6599998474121,488,FALSE,112041552,'4th 05:32 : 2pt turnaround jump shot (in the paint) missed by Chaniya Clark(Aggies),5254426,560959,561001,2024-03-24,N.C. A&T Aggies,560959,N.C. A&T,2024-03-25
4.107802581787098,26.875,523,FALSE,112041556,'4th 05:14 : 2pt layup (under the basket) missed by Mimi McCollister(ODU),5254426,560959,561001,2024-03-24,Old Dominion Monarchs,561001,Old Dominion,2024-03-25
4.399199838638303,48.05499994754791,488,TRUE,112041582,'4th 04:55 : 3pt jump shot (outside left wing) made by Talia Davis(Aggies),5254426,560959,561001,2024-03-24,N.C. A&T Aggies,560959,N.C. A&T,2024-03-25
16.42180114746091,25.60499954223635,523,TRUE,112041610,'4th 04:23 : 2pt jump shot (in the paint) made by Simone Cunningham(ODU),5254426,560959,561001,2024-03-24,Old Dominion Monarchs,561001,Old Dominion,2024-03-25
27.720599784851107,42.56500005722045,523,FALSE,112040403,'2nd 01:23 : 3pt jump shot (outside left) missed by Kaye Clark(ODU),5254426,560959,561001,2024-03-24,Old Dominion Monarchs,561001,Old Dominion,2024-03-25
7.482399139404336,29.4099998474121,488,TRUE,112040440,'2nd 00:22.30 : 2pt layup (off turnover) (in the paint) made by Chaniya Clark(Aggies),5254426,560959,561001,2024-03-24,N.C. A&T Aggies,560959,N.C. A&T,2024-03-25
6.0160000896453845,25.10000038146975,488,TRUE,112041674,'4th 03:50 : 2pt driving layup (under the basket) made by Maleia Bracone(Aggies) 43-43',5254426,560959,561001,2024-03-24,N.C. A&T Aggies,560959,N.C. A&T,2024-03-25
2.35,24.39500045776365,488,TRUE,112041682,'4th 03:22 : 2pt driving layup (off turnover;fast break) (in the paint) made by Maleia Bracone(Aggies) 43-45',5254426,560959,561001,2024-03-24,N.C. A&T Aggies,560959,N.C. A&T,2024-03-25
13.780403442382834,22.36499977111815,523,TRUE,112041692,'4th 03:01 : 2pt jump shot (in the paint) made by Kaye Clark(ODU),5254426,560959,561001,2024-03-24,Old Dominion Monarchs,561001,Old Dominion,2024-03-25
11.580799713134752,23.77499961853025,523,FALSE,112040764,'3rd 09:32 : 2pt floating jump shot (off turnover) (in the paint) missed by Jordan McLaughlin(ODU),5254426,560959,561001,2024-03-24,Old Dominion Monarchs,561001,Old Dominion,2024-03-25
4.690597991943335,48.42499923706055,523,TRUE,112040772,'3rd 09:17 : 3pt jump shot (2nd chance;off turnover) (outside left wing) made by Kaye Clark(ODU),5254426,560959,561001,2024-03-24,Old Dominion Monarchs,561001,Old Dominion,2024-03-25
6.307400035858152,24.95999908447265,488,TRUE,112040778,'3rd 08:53 : 2pt layup (under the basket) made by Maleia Bracone(Aggies),5254426,560959,561001,2024-03-24,N.C. A&T Aggies,560959,N.C. A&T,2024-03-25
6.0160000896453845,25.10000038146975,488,FALSE,112040788,'3rd 08:38 : 2pt driving layup (off turnover;blocked) (under the basket) missed by Jordyn Dorsey(Aggies),5254426,560959,561001,2024-03-24,N.C. A&T Aggies,560959,N.C. A&T,2024-03-25
16.42180114746091,36.72999954223635,523,FALSE,112040802,'3rd 08:25 : 2pt jump shot (off turnover) (inside left) missed by Kaye Clark(ODU),5254426,560959,561001,2024-03-24,Old Dominion Monarchs,561001,Old Dominion,2024-03-25
7.04059978485107,21.1550006866455,488,TRUE,112040807,'3rd 08:10 : 2pt layup (in the paint) made by Chaniya Clark(Aggies),5254426,560959,561001,2024-03-24,N.C. A&T Aggies,560959,N.C. A&T,2024-03-25
4.107802581787098,25.1849994659424,523,FALSE,112041778,'4th 01:26 : 2pt driving layup (off turnover) (under the basket) missed by Jordan McLaughlin(ODU),5254426,560959,561001,2024-03-24,Old Dominion Monarchs,561001,Old Dominion,2024-03-25
9.822997131347677,12.505000114440897,523,FALSE,112041780,'4th 01:05 : 2pt jump shot (2nd chance;off turnover) (inside right) missed by Mimi McCollister(ODU),5254426,560959,561001,2024-03-24,Old Dominion Monarchs,561001,Old Dominion,2024-03-25
4.982000179290768,24.5349998474121,488,FALSE,112041785,'4th 00:40.80 : 2pt driving layup (under the basket) missed by Maleia Bracone(Aggies),5254426,560959,561001,2024-03-24,N.C. A&T Aggies,560959,N.C. A&T,2024-03-25
25.370597991943328,10.11499977111815,523,TRUE,112040815,'3rd 07:48 : 3pt jump shot (outside right) made by Mimi McCollister(ODU),5254426,560959,561001,2024-03-24,Old Dominion Monarchs,561001,Old Dominion,2024-03-25
15.397199211120606,11.86000061035155,488,FALSE,112040826,'3rd 07:25 : 2pt jump shot (inside right) missed by Chaniya Clark(Aggies),5254426,560959,561001,2024-03-24,N.C. A&T Aggies,560959,N.C. A&T,2024-03-25
4.841000089645384,23.4099998474121,488,FALSE,112040868,'3rd 06:42 : 2pt driving layup (off turnover) (under the basket) missed by Jordyn Dorsey(Aggies),5254426,560959,561001,2024-03-24,N.C. A&T Aggies,560959,N.C. A&T,2024-03-25
10.55620315551758,47.86000061035155,523,FALSE,112040912,'3rd 05:56 : 3pt jump shot (off turnover) (outside left) missed by Jordan McLaughlin(ODU),5254426,560959,561001,2024-03-24,Old Dominion Monarchs,561001,Old Dominion,2024-03-25
3.666000089645384,22.8449993133545,488,FALSE,112040926,'3rd 05:38 : 2pt layup (in the paint) missed by Chaniya Clark(Aggies),5254426,560959,561001,2024-03-24,N.C. A&T Aggies,560959,N.C. A&T,2024-03-25
7.773796844482419,16.450000762939453,523,FALSE,112040929,'3rd 05:24 : 2pt jump shot (inside right) missed by Joy Campbell(ODU),5254426,560959,561001,2024-03-24,Old Dominion Monarchs,561001,Old Dominion,2024-03-25
19.946801147460917,32.79000091552735,523,FALSE,112040965,'3rd 05:02 : 2pt jump shot (inside left) missed by Joy Campbell(ODU),5254426,560959,561001,2024-03-24,Old Dominion Monarchs,561001,Old Dominion,2024-03-25
3.816399946212768,37.21000003814695,488,TRUE,112040969,'3rd 04:46 : 2pt jump shot (inside left wing) made by Paris Locke(Aggies),5254426,560959,561001,2024-03-24,N.C. A&T Aggies,560959,N.C. A&T,2024-03-25
24.637399139404337,41.85999965667725,488,FALSE,112041069,'3rd 04:02 : 3pt jump shot (outside left) missed by Maleia Bracone(Aggies),5254426,560959,561001,2024-03-24,N.C. A&T Aggies,560959,N.C. A&T,2024-03-25
17.44639770507807,37.2949981689453,523,FALSE,112041072,'3rd 03:56 : 2pt jump shot (inside left) missed by Jordan McLaughlin(ODU),5254426,560959,561001,2024-03-24,Old Dominion Monarchs,561001,Old Dominion,2024-03-25
18.912800788879395,43.96999979019165,488,FALSE,112041082,'3rd 03:42 : 3pt jump shot (outside left) missed by Maleia Bracone(Aggies),5254426,560959,561001,2024-03-24,N.C. A&T Aggies,560959,N.C. A&T,2024-03-25
25.812399139404334,40.67499923706055,523,TRUE,112041090,'3rd 03:27 : 3pt jump shot (outside left) made by Kaye Clark(ODU),5254426,560959,561001,2024-03-24,Old Dominion Monarchs,561001,Old Dominion,2024-03-25
4.549596557617164,27.1550006866455,523,TRUE,112041102,'3rd 03:03 : 2pt driving layup (off turnover;fast break) (under the basket) made by Kaye Clark(ODU),5254426,560959,561001,2024-03-24,Old Dominion Monarchs,561001,Old Dominion,2024-03-25
3.816399946212768,23.9699993133545,488,TRUE,112041194,'3rd 02:49 : 2pt driving layup (in the paint) made by D’Mya Tucker(Aggies),5254426,560959,561001,2024-03-24,N.C. A&T Aggies,560959,N.C. A&T,2024-03-25
12.022600860595674,40.67499923706055,523,FALSE,112041229,'3rd 02:24 : 2pt jump shot (inside left) missed by Joy Campbell(ODU),5254426,560959,561001,2024-03-24,Old Dominion Monarchs,561001,Old Dominion,2024-03-25
3.666000089645384,23.6900005340576,488,FALSE,112041235,'3rd 02:05 : 2pt layup (in the paint) missed by Maleia Bracone(Aggies),5254426,560959,561001,2024-03-24,N.C. A&T Aggies,560959,N.C. A&T,2024-03-25
17.446399497985855,45.49499988555908,742,FALSE,112041156,'1st 02:50 : 3pt pull up jump shot (outside left) missed by Georgia Amoore(Hokies),5254196,561196,560611,2024-03-24,Virginia Tech Hokies,561196,Virginia Tech,2024-03-25
22.28739913940433,8.590000152587898,51,FALSE,112041161,'1st 02:40 : 3pt jump shot (outside right) missed by Jana Van Gytenbeek(Bears),5254196,561196,560611,2024-03-24,Baylor Bears,560611,Baylor,2024-03-25
21.704600143432625,24.22500038146975,742,FALSE,112041168,'1st 02:30 : 2pt pull up jump shot (inside center) missed by Carleigh Wenzel(Hokies),5254196,561196,560611,2024-03-24,Virginia Tech Hokies,561196,Virginia Tech,2024-03-25
8.21559978485107,14.79000091552735,742,FALSE,112041170,'1st 02:26 : 2pt turnaround jump shot (2nd chance) (inside right) missed by Clara Strack(Hokies),5254196,561196,560611,2024-03-24,Virginia Tech Hokies,561196,Virginia Tech,2024-03-25
29.18700286865233,32.67499923706055,51,TRUE,112041172,'1st 02:09 : 3pt jump shot (outside center) made by Dre&#39;una Edwards(Bears),5254196,561196,560611,2024-03-24,Baylor Bears,560611,Baylor,2024-03-25
15.397197418212912,21.9699993133545,742,FALSE,112042898,'4th 09:25 : 2pt turnaround jump shot (in the paint) missed by Matilda Ekh(Hokies),5254196,561196,560611,2024-03-24,Virginia Tech Hokies,561196,Virginia Tech,2024-03-25
8.21559978485107,27.1849994659424,51,TRUE,112042902,'4th 09:19 : 2pt driving layup (under the basket) made by Jada Walker(Bears) 58-55',5254196,561196,560611,2024-03-24,Baylor Bears,560611,Baylor,2024-03-25
5.132399139404328,48.875,742,TRUE,112042921,'4th 09:04 : 3pt jump shot (outside left wing) made by Matilda Ekh(Hokies),5254196,561196,560611,2024-03-24,Virginia Tech Hokies,561196,Virginia Tech,2024-03-25
17.747199211120606,22.67499923706055,51,FALSE,112042030,'3rd 09:49 : 2pt turnaround jump shot (in the paint) missed by Aijha Blackwell(Bears),5254196,561196,560611,2024-03-24,Baylor Bears,560611,Baylor,2024-03-25
13.780403442382834,47.8849983215332,742,TRUE,112042035,'3rd 09:41 : 3pt jump shot (outside left) made by Matilda Ekh(Hokies),5254196,561196,560611,2024-03-24,Virginia Tech Hokies,561196,Virginia Tech,2024-03-25
6.0160000896453845,27.32500076293945,51,TRUE,112042042,'3rd 09:28 : 2pt driving layup (under the basket) made by Jada Walker(Bears) 36-31',5254196,561196,560611,2024-03-24,Baylor Bears,560611,Baylor,2024-03-25
7.0405979919433435,12.675000190734847,742,FALSE,112042050,'3rd 09:02 : 2pt jump shot (inside right) missed by Olivia Summiel(Hokies),5254196,561196,560611,2024-03-24,Virginia Tech Hokies,561196,Virginia Tech,2024-03-25
6.0160000896453845,28.72999954223635,51,TRUE,112042927,'4th 08:48 : 2pt layup (under the basket) made by Bella Fontleroy(Bears),5254196,561196,560611,2024-03-24,Baylor Bears,560611,Baylor,2024-03-25
13.489000358581515,28.0300006866455,51,FALSE,112042937,'4th 08:25 : 2pt floating jump shot (off turnover) (in the paint) missed by Sarah Andrews(Bears),5254196,561196,560611,2024-03-24,Baylor Bears,560611,Baylor,2024-03-25
27.57019992828374,37.32499980926515,51,FALSE,112042945,'4th 08:16 : 3pt jump shot (off turnover) (outside left) missed by Bella Fontleroy(Bears),5254196,561196,560611,2024-03-24,Baylor Bears,560611,Baylor,2024-03-25
5.282802581787095,20.5650005340576,51,TRUE,112041212,'1st 01:43 : 2pt driving layup (off turnover) (in the paint) made by Jana Van Gytenbeek(Bears) 18-13',5254196,561196,560611,2024-03-24,Baylor Bears,560611,Baylor,2024-03-25
30.94479827880858,26.0550003051758,742,FALSE,112041216,'1st 01:26 : 3pt jump shot (outside center) missed by Matilda Ekh(Hokies),5254196,561196,560611,2024-03-24,Virginia Tech Hokies,561196,Virginia Tech,2024-03-25
4.982000179290768,34.9300003051758,742,TRUE,112041226,'1st 01:06 : 2pt pull up jump shot (inside left) made by Georgia Amoore(Hokies) 20-15',5254196,561196,560611,2024-03-24,Virginia Tech Hokies,561196,Virginia Tech,2024-03-25
17.59680114746091,28.5900001525879,51,FALSE,112041227,'1st 00:54.60 : 2pt pull up jump shot (in the paint) missed by Sarah Andrews(Bears),5254196,561196,560611,2024-03-24,Baylor Bears,560611,Baylor,2024-03-25
22.57880043029788,41.4099998474121,742,FALSE,112041231,'1st 00:33.30 : 3pt jump shot (outside left) missed by Carleigh Wenzel(Hokies),5254196,561196,560611,2024-03-24,Virginia Tech Hokies,561196,Virginia Tech,2024-03-25
5.91260086059566,27.6849994659424,742,TRUE,112042951,'4th 07:59 : 2pt driving layup (under the basket) made by Cayla King(Hokies) 60-57',5254196,561196,560611,2024-03-24,Virginia Tech Hokies,561196,Virginia Tech,2024-03-25
16.713200645446772,3.0999984741211,51,FALSE,112042955,'4th 07:36 : 3pt jump shot (outside right) missed by Sarah Andrews(Bears),5254196,561196,560611,2024-03-24,Baylor Bears,560611,Baylor,2024-03-25
7.1815994262695,27.60499954223635,742,TRUE,112042960,'4th 07:14 : 2pt driving layup (under the basket) made by Clara Strack(Hokies),5254196,561196,560611,2024-03-24,Virginia Tech Hokies,561196,Virginia Tech,2024-03-25
5.86559978485107,23.52000045776365,742,TRUE,112041259,'1st 00:04.70 : 2pt layup (under the basket) made by Georgia Amoore(Hokies) 21-17',5254196,561196,560611,2024-03-24,Virginia Tech Hokies,561196,Virginia Tech,2024-03-25
22.28739913940433,22.11499977111815,51,FALSE,112041267,'1st 00:00.10 : 2pt pull up jump shot (inside center) missed by Jana Van Gytenbeek(Bears) 21-18',5254196,561196,560611,2024-03-24,Baylor Bears,560611,Baylor,2024-03-25
13.047197418212916,28.72999954223635,742,TRUE,112042093,'3rd 08:35 : 2pt layup (2nd chance) (in the paint) made by Clara Strack(Hokies) 36-33',5254196,561196,560611,2024-03-24,Virginia Tech Hokies,561196,Virginia Tech,2024-03-25
27.27880043029788,36.47999954223635,51,FALSE,112042117,'3rd 08:27 : 3pt jump shot (outside left) missed by Bella Fontleroy(Bears),5254196,561196,560611,2024-03-24,Baylor Bears,560611,Baylor,2024-03-25
29.18700286865233,31.9699993133545,742,FALSE,112042990,'4th 06:53 : 3pt jump shot (off turnover) (outside center) missed by Cayla King(Hokies),5254196,561196,560611,2024-03-24,Virginia Tech Hokies,561196,Virginia Tech,2024-03-25
8.356600322723386,21.9699993133545,51,FALSE,112042995,'4th 06:42 : 2pt driving layup (in the paint) missed by Jada Walker(Bears),5254196,561196,560611,2024-03-24,Baylor Bears,560611,Baylor,2024-03-25
5.64,25,51,TRUE,112042997,'4th 06:39 : 2pt layup (2nd chance) (under the basket) made by Darianna Littlepage-Buggs(Bears) 62-59',5254196,561196,560611,2024-03-24,Baylor Bears,560611,Baylor,2024-03-25
4.399200286865252,27.1849994659424,742,FALSE,112043005,'4th 06:20 : 2pt layup (under the basket) missed by Clara Strack(Hokies),5254196,561196,560611,2024-03-24,Virginia Tech Hokies,561196,Virginia Tech,2024-03-25
19.946801147460917,24.79000091552735,742,FALSE,112042130,'3rd 08:02 : 2pt jump shot (in the paint) missed by Olivia Summiel(Hokies),5254196,561196,560611,2024-03-24,Virginia Tech Hokies,561196,Virginia Tech,2024-03-25
9.240199928283689,24.08499908447265,51,FALSE,112043015,'4th 06:01 : 2pt driving layup (blocked) (under the basket) missed by Sarah Andrews(Bears),5254196,561196,560611,2024-03-24,Baylor Bears,560611,Baylor,2024-03-25
27.419800071716264,35.35000038146975,742,TRUE,112041326,'2nd 09:23 : 3pt step back jump shot (off turnover) (outside left) made by Georgia Amoore(Hokies) 21-21',5254196,561196,560611,2024-03-24,Virginia Tech Hokies,561196,Virginia Tech,2024-03-25
25.370597991943328,40.564998626709,51,FALSE,112041327,'2nd 09:13 : 3pt pull up jump shot (outside left) missed by Jana Van Gytenbeek(Bears),5254196,561196,560611,2024-03-24,Baylor Bears,560611,Baylor,2024-03-25
4.248796844482428,22.11499977111815,51,FALSE,112041329,'2nd 09:09 : 2pt layup (2nd chance;blocked) (under the basket) missed by Yaya Felder(Bears),5254196,561196,560611,2024-03-24,Baylor Bears,560611,Baylor,2024-03-25
14.513599605560303,12.95999908447265,51,TRUE,112043049,'4th 05:42 : 2pt pull up jump shot (inside right) made by Jada Walker(Bears) 64-60',5254196,561196,560611,2024-03-24,Baylor Bears,560611,Baylor,2024-03-25
10.55620315551758,29.86000061035155,742,TRUE,112043056,'4th 05:23 : 2pt driving layup (in the paint) made by Matilda Ekh(Hokies) 64-62',5254196,561196,560611,2024-03-24,Virginia Tech Hokies,561196,Virginia Tech,2024-03-25
18.038600502014145,3.2400016784668,742,FALSE,112041333,'2nd 09:04 : 3pt jump shot (blocked) (outside right) missed by Matilda Ekh(Hokies),5254196,561196,560611,2024-03-24,Virginia Tech Hokies,561196,Virginia Tech,2024-03-25
25.953400573730505,36.7599983215332,51,FALSE,112041337,'2nd 08:55 : 3pt jump shot (outside left) missed by Aijha Blackwell(Bears),5254196,561196,560611,2024-03-24,Baylor Bears,560611,Baylor,2024-03-25
19.213600502014145,44.08500003814695,742,FALSE,112041354,'2nd 08:19 : 3pt step back jump shot (off turnover) (outside left) missed by Georgia Amoore(Hokies),5254196,561196,560611,2024-03-24,Virginia Tech Hokies,561196,Virginia Tech,2024-03-25
12.90619956970212,46.90000009536743,51,FALSE,112043059,'4th 04:58 : 3pt jump shot (outside left) missed by Sarah Andrews(Bears),5254196,561196,560611,2024-03-24,Baylor Bears,560611,Baylor,2024-03-25
23.46239913940434,43.52000045776365,51,FALSE,112041369,'2nd 08:04 : 3pt jump shot (outside left) missed by Yaya Felder(Bears),5254196,561196,560611,2024-03-24,Baylor Bears,560611,Baylor,2024-03-25
25.953400573730505,40.8450002670288,742,FALSE,112041377,'2nd 07:51 : 3pt jump shot (outside left) missed by Matilda Ekh(Hokies),5254196,561196,560611,2024-03-24,Virginia Tech Hokies,561196,Virginia Tech,2024-03-25
28.303400573730507,15.49499893188475,742,FALSE,112041406,'2nd 07:20 : 3pt jump shot (off turnover) (outside right) missed by Carys Baker(Hokies),5254196,561196,560611,2024-03-24,Virginia Tech Hokies,561196,Virginia Tech,2024-03-25
9.531599426269494,33.38000106811525,742,TRUE,112042258,'3rd 07:21 : 2pt floating jump shot (inside left) made by Georgia Amoore(Hokies) 38-36',5254196,561196,560611,2024-03-24,Virginia Tech Hokies,561196,Virginia Tech,2024-03-25
16.092800788879394,7.4550018310547,51,FALSE,112042259,'3rd 07:13 : 2pt pull up jump shot (inside right) missed by Jada Walker(Bears) 38-36',5254196,561196,560611,2024-03-24,Baylor Bears,560611,Baylor,2024-03-25
6.307400035858152,28.45000076293945,51,TRUE,112042295,'3rd 06:29 : 2pt driving layup (under the basket) made by Bella Fontleroy(Bears) 40-38',5254196,561196,560611,2024-03-24,Baylor Bears,560611,Baylor,2024-03-25
11.289402008056657,16.055000305175803,742,FALSE,112042606,'3rd 02:39 : 2pt jump shot (inside right) missed by Carleigh Wenzel(Hokies),5254196,561196,560611,2024-03-24,Virginia Tech Hokies,561196,Virginia Tech,2024-03-25
2.6413977050780773,39.01499938964845,742,FALSE,112042612,'3rd 02:37 : 2pt jump shot (2nd chance;blocked) (inside left wing) missed by Rose Micheaux(Hokies),5254196,561196,560611,2024-03-24,Virginia Tech Hokies,561196,Virginia Tech,2024-03-25
5.282799892425536,47.605000019073486,742,FALSE,112041432,'2nd 06:52 : 3pt jump shot (outside left wing) missed by Matilda Ekh(Hokies),5254196,561196,560611,2024-03-24,Virginia Tech Hokies,561196,Virginia Tech,2024-03-25
29.619400215148893,28.875,742,FALSE,112041438,'2nd 06:39 : 3pt jump shot (2nd chance) (outside center) missed by Olivia Summiel(Hokies),5254196,561196,560611,2024-03-24,Virginia Tech Hokies,561196,Virginia Tech,2024-03-25
7.698602294921827,47.2599983215332,51,TRUE,112041463,'2nd 06:10 : 3pt step back jump shot (outside left) made by Sarah Andrews(Bears) 24-21',5254196,561196,560611,2024-03-24,Baylor Bears,560611,Baylor,2024-03-25
6.307399139404339,27.88500022888185,742,FALSE,112042321,'3rd 06:15 : 2pt floating jump shot (under the basket) missed by Georgia Amoore(Hokies),5254196,561196,560611,2024-03-24,Virginia Tech Hokies,561196,Virginia Tech,2024-03-25
7.773796844482419,28.5900001525879,742,TRUE,112042647,'3rd 02:06 : 2pt layup (in the paint) made by Rose Micheaux(Hokies),5254196,561196,560611,2024-03-24,Virginia Tech Hokies,561196,Virginia Tech,2024-03-25
5.132400035858152,22.2549991607666,51,TRUE,112043140,'4th 04:45 : 2pt layup (2nd chance) (under the basket) made by Darianna Littlepage-Buggs(Bears),5254196,561196,560611,2024-03-24,Baylor Bears,560611,Baylor,2024-03-25
6.44840057373051,28.0300006866455,51,TRUE,112040761,'1st 09:38 : 2pt driving layup (under the basket) made by Sarah Andrews(Bears) 2-0',5254196,561196,560611,2024-03-24,Baylor Bears,560611,Baylor,2024-03-25
5.865597991943346,21.9699993133545,51,FALSE,112040767,'1st 09:23 : 2pt driving layup (off turnover) (under the basket) missed by Aijha Blackwell(Bears),5254196,561196,560611,2024-03-24,Baylor Bears,560611,Baylor,2024-03-25
8.507000179290769,27.60499954223635,742,TRUE,112040775,'1st 09:00 : 2pt driving layup (under the basket) made by Matilda Ekh(Hokies) 2-2',5254196,561196,560611,2024-03-24,Virginia Tech Hokies,561196,Virginia Tech,2024-03-25
7.332002868652324,2.5350000858306885,51,FALSE,112040776,'1st 08:53 : 3pt jump shot (outside right) missed by Bella Fontleroy(Bears),5254196,561196,560611,2024-03-24,Baylor Bears,560611,Baylor,2024-03-25
30.2115994262695,22.2549991607666,742,FALSE,112040786,'1st 08:33 : 3pt jump shot (blocked) (outside center) missed by Olivia Summiel(Hokies),5254196,561196,560611,2024-03-24,Virginia Tech Hokies,561196,Virginia Tech,2024-03-25
25.953400573730505,12.675000190734847,51,FALSE,112040812,'1st 08:01 : 3pt jump shot (off turnover) (outside right) missed by Bella Fontleroy(Bears),5254196,561196,560611,2024-03-24,Baylor Bears,560611,Baylor,2024-03-25
7.0405979919433435,30,51,TRUE,112040831,'1st 07:32 : 2pt driving layup (off turnover) (in the paint) made by Jada Walker(Bears) 4-2',5254196,561196,560611,2024-03-24,Baylor Bears,560611,Baylor,2024-03-25
8.21559978485107,22.67499923706055,742,FALSE,112041486,'2nd 05:45 : 2pt driving layup (under the basket) missed by Georgia Amoore(Hokies),5254196,561196,560611,2024-03-24,Virginia Tech Hokies,561196,Virginia Tech,2024-03-25
6.749200286865246,27.7450008392334,51,FALSE,112041488,'2nd 05:38 : 2pt driving layup (under the basket) missed by Jada Walker(Bears),5254196,561196,560611,2024-03-24,Baylor Bears,560611,Baylor,2024-03-25
5.574200286865249,27.60499954223635,51,FALSE,112041496,'2nd 05:35 : 2pt layup (2nd chance) (under the basket) missed by Dre&#39;una Edwards(Bears),5254196,561196,560611,2024-03-24,Baylor Bears,560611,Baylor,2024-03-25
15.246799354553229,47.18499994277954,742,TRUE,112041505,'2nd 05:12 : 3pt jump shot (outside left) made by Cayla King(Hokies),5254196,561196,560611,2024-03-24,Virginia Tech Hokies,561196,Virginia Tech,2024-03-25
16.280799713134755,45.49499893188475,51,FALSE,112041511,'2nd 04:56 : 3pt jump shot (outside left) missed by Bella Fontleroy(Bears),5254196,561196,560611,2024-03-24,Baylor Bears,560611,Baylor,2024-03-25
7.332000179290768,28.875,51,FALSE,112042652,'3rd 01:47 : 2pt driving layup (in the paint) missed by Jada Walker(Bears),5254196,561196,560611,2024-03-24,Baylor Bears,560611,Baylor,2024-03-25
22.879600143432626,19.1550006866455,51,FALSE,112042694,'3rd 01:19 : 2pt pull up jump shot (inside center) missed by Jada Walker(Bears),5254196,561196,560611,2024-03-24,Baylor Bears,560611,Baylor,2024-03-25
6.749200286865246,16.194999694824197,742,FALSE,112043152,'4th 04:14 : 2pt floating jump shot (inside right) missed by Georgia Amoore(Hokies),5254196,561196,560611,2024-03-24,Virginia Tech Hokies,561196,Virginia Tech,2024-03-25
24.054600143432623,39.29500007629395,742,FALSE,112040879,'1st 07:01 : 3pt jump shot (2nd chance) (outside left) missed by Georgia Amoore(Hokies),5254196,561196,560611,2024-03-24,Virginia Tech Hokies,561196,Virginia Tech,2024-03-25
6.890201721191431,22.11499977111815,51,TRUE,112041548,'2nd 04:52 : 2pt layup (2nd chance) (under the basket) made by Bella Fontleroy(Bears),5254196,561196,560611,2024-03-24,Baylor Bears,560611,Baylor,2024-03-25
5.865597991943346,21.82999992370605,51,TRUE,112041554,'2nd 04:22 : 2pt layup (off turnover) (under the basket) made by Dre&#39;una Edwards(Bears) 28-24',5254196,561196,560611,2024-03-24,Baylor Bears,560611,Baylor,2024-03-25
8.948800430297851,9.57500076293945,742,FALSE,112041578,'2nd 03:49 : 2pt pull up jump shot (blocked) (inside right) missed by Carleigh Wenzel(Hokies),5254196,561196,560611,2024-03-24,Virginia Tech Hokies,561196,Virginia Tech,2024-03-25
21.11239913940433,24.36499977111815,51,FALSE,112041595,'2nd 03:23 : 2pt jump shot (off turnover) (inside center) missed by Dre&#39;una Edwards(Bears),5254196,561196,560611,2024-03-24,Baylor Bears,560611,Baylor,2024-03-25
6.890199928283687,28.45000076293945,742,TRUE,112041608,'2nd 03:11 : 2pt driving layup (under the basket) made by Georgia Amoore(Hokies) 28-26',5254196,561196,560611,2024-03-24,Virginia Tech Hokies,561196,Virginia Tech,2024-03-25
6.157002868652327,21.6900005340576,51,TRUE,112041611,'2nd 02:54 : 2pt driving layup (under the basket) made by Dre&#39;una Edwards(Bears) 30-26',5254196,561196,560611,2024-03-24,Baylor Bears,560611,Baylor,2024-03-25
24.48699928283687,9.01499938964845,742,FALSE,112041627,'2nd 02:29 : 3pt step back jump shot (outside right) missed by Georgia Amoore(Hokies),5254196,561196,560611,2024-03-24,Virginia Tech Hokies,561196,Virginia Tech,2024-03-25
26.98739913940433,12.960000038146951,51,FALSE,112041632,'2nd 02:17 : 3pt jump shot (outside right) missed by Sarah Andrews(Bears),5254196,561196,560611,2024-03-24,Baylor Bears,560611,Baylor,2024-03-25
6.307400035858152,28.3099994659424,51,TRUE,112042696,'3rd 01:15 : 2pt layup (2nd chance) (under the basket) made by Bella Fontleroy(Bears) 50-49',5254196,561196,560611,2024-03-24,Baylor Bears,560611,Baylor,2024-03-25
6.157002868652327,29.01499938964845,742,FALSE,112042721,'3rd 00:31.40 : 2pt driving layup (off turnover) (in the paint) missed by Georgia Amoore(Hokies),5254196,561196,560611,2024-03-24,Virginia Tech Hokies,561196,Virginia Tech,2024-03-25
5.132399139404328,21.54999923706055,742,TRUE,112043188,'4th 03:26 : 2pt driving layup (off turnover) (under the basket) made by Cayla King(Hokies) 66-64',5254196,561196,560611,2024-03-24,Virginia Tech Hokies,561196,Virginia Tech,2024-03-25
11.289400215148891,37.32499980926515,51,TRUE,112043191,'4th 03:05 : 2pt pull up jump shot (inside left) made by Jada Walker(Bears) 68-64',5254196,561196,560611,2024-03-24,Baylor Bears,560611,Baylor,2024-03-25
20.37920028686525,20.13999938964845,51,FALSE,112043203,'4th 02:45 : 2pt pull up jump shot (off turnover) (inside center) missed by Jada Walker(Bears),5254196,561196,560611,2024-03-24,Baylor Bears,560611,Baylor,2024-03-25
28.594798278808582,36.1949996948242,51,TRUE,112040886,'1st 06:53 : 3pt step back jump shot (outside left) made by Sarah Andrews(Bears) 7-3',5254196,561196,560611,2024-03-24,Baylor Bears,560611,Baylor,2024-03-25
8.798399677276615,20.5650005340576,742,TRUE,112040928,'1st 06:16 : 2pt jump shot (in the paint) made by Clara Strack(Hokies),5254196,561196,560611,2024-03-24,Virginia Tech Hokies,561196,Virginia Tech,2024-03-25
26.98739913940434,13.6599998474121,742,FALSE,112041638,'2nd 02:01 : 3pt jump shot (outside right) missed by Carys Baker(Hokies),5254196,561196,560611,2024-03-24,Virginia Tech Hokies,561196,Virginia Tech,2024-03-25
17.88820064544677,13.52000045776365,742,FALSE,112041663,'2nd 01:42 : 2pt pull up jump shot (inside right) missed by Georgia Amoore(Hokies),5254196,561196,560611,2024-03-24,Virginia Tech Hokies,561196,Virginia Tech,2024-03-25
11.731203155517576,47.74499893188475,51,TRUE,112041667,'2nd 01:32 : 3pt jump shot (outside left) made by Sarah Andrews(Bears),5254196,561196,560611,2024-03-24,Baylor Bears,560611,Baylor,2024-03-25
6.448400125503536,27.88500022888185,742,TRUE,112041689,'2nd 00:43.90 : 2pt driving layup (off turnover) (under the basket) made by Carleigh Wenzel(Hokies) 34-28',5254196,561196,560611,2024-03-24,Virginia Tech Hokies,561196,Virginia Tech,2024-03-25
7.0405979919433435,2.255000114440918,742,TRUE,112042432,'3rd 06:00 : 3pt jump shot (2nd chance) (outside right) made by Matilda Ekh(Hokies),5254196,561196,560611,2024-03-24,Virginia Tech Hokies,561196,Virginia Tech,2024-03-25
6.749200286865246,21.9699993133545,51,TRUE,112040951,'1st 06:06 : 2pt driving layup (under the basket) made by Darianna Littlepage-Buggs(Bears) 9-6',5254196,561196,560611,2024-03-24,Baylor Bears,560611,Baylor,2024-03-25
27.720599784851107,14.08499908447265,742,FALSE,112040957,'1st 05:48 : 3pt step back jump shot (outside right) missed by Georgia Amoore(Hokies),5254196,561196,560611,2024-03-24,Virginia Tech Hokies,561196,Virginia Tech,2024-03-25
6.157002868652327,12.960000038146951,51,TRUE,112040961,'1st 05:36 : 2pt pull up jump shot (inside right) made by Darianna Littlepage-Buggs(Bears) 11-6',5254196,561196,560611,2024-03-24,Baylor Bears,560611,Baylor,2024-03-25
22.729200286865257,22.67499923706055,742,TRUE,112040967,'1st 05:19 : 2pt jump shot (inside center) made by Olivia Summiel(Hokies),5254196,561196,560611,2024-03-24,Virginia Tech Hokies,561196,Virginia Tech,2024-03-25
6.44840057373051,21.6900005340576,51,FALSE,112040970,'1st 05:06 : 2pt layup (under the basket) missed by Darianna Littlepage-Buggs(Bears),5254196,561196,560611,2024-03-24,Baylor Bears,560611,Baylor,2024-03-25
6.890199928283687,20.2800006866455,742,TRUE,112040991,'1st 04:46 : 2pt jump shot (in the paint) made by Clara Strack(Hokies),5254196,561196,560611,2024-03-24,Virginia Tech Hokies,561196,Virginia Tech,2024-03-25
21.554200286865253,23.23999977111815,742,FALSE,112041716,'2nd 00:15.90 : 2pt pull up jump shot (off turnover) (inside center) missed by Georgia Amoore(Hokies),5254196,561196,560611,2024-03-24,Virginia Tech Hokies,561196,Virginia Tech,2024-03-25
29.619402008056667,28.3099994659424,742,FALSE,112042480,'3rd 05:17 : 3pt jump shot (outside center) missed by Cayla King(Hokies),5254196,561196,560611,2024-03-24,Virginia Tech Hokies,561196,Virginia Tech,2024-03-25
7.773796844482419,48.0299987792969,742,TRUE,112042785,'3rd 00:07.80 : 3pt jump shot (outside left) made by Carleigh Wenzel(Hokies),5254196,561196,560611,2024-03-24,Virginia Tech Hokies,561196,Virginia Tech,2024-03-25
42.23420028686525,26.47999954223635,51,TRUE,112042793,'3rd 00:00.10 : 3pt jump shot (back court) made by Jada Walker(Bears) 55-52',5254196,561196,560611,2024-03-24,Baylor Bears,560611,Baylor,2024-03-25
6.890201721191431,21.82999992370605,51,FALSE,112041078,'1st 04:31 : 2pt driving layup (blocked) (under the basket) missed by Dre&#39;una Edwards(Bears),5254196,561196,560611,2024-03-24,Baylor Bears,560611,Baylor,2024-03-25
19.354596557617157,43.8050003051758,742,TRUE,112042500,'3rd 04:55 : 3pt jump shot (outside left) made by Matilda Ekh(Hokies),5254196,561196,560611,2024-03-24,Virginia Tech Hokies,561196,Virginia Tech,2024-03-25
30.2115994262695,29.4349994659424,51,FALSE,112042506,'3rd 04:43 : 3pt jump shot (outside center) missed by Dre&#39;una Edwards(Bears),5254196,561196,560611,2024-03-24,Baylor Bears,560611,Baylor,2024-03-25
28.74520172119142,38.0299987792969,742,FALSE,112042510,'3rd 04:29 : 3pt pull up jump shot (outside left) missed by Georgia Amoore(Hokies),5254196,561196,560611,2024-03-24,Virginia Tech Hokies,561196,Virginia Tech,2024-03-25
6.598799982070919,22.11499977111815,51,TRUE,112042514,'3rd 04:19 : 2pt driving layup (under the basket) made by Jada Walker(Bears) 46-44',5254196,561196,560611,2024-03-24,Baylor Bears,560611,Baylor,2024-03-25
25.812399139404334,11.409999847412102,742,FALSE,112042517,'3rd 04:05 : 3pt pull up jump shot (outside right) missed by Georgia Amoore(Hokies),5254196,561196,560611,2024-03-24,Virginia Tech Hokies,561196,Virginia Tech,2024-03-25
7.482399139404336,27.88500022888185,51,TRUE,112041095,'1st 04:28 : 2pt layup (2nd chance) (under the basket) made by Darianna Littlepage-Buggs(Bears),5254196,561196,560611,2024-03-24,Baylor Bears,560611,Baylor,2024-03-25
6.890199928283687,28.17000007629395,742,FALSE,112041104,'1st 04:02 : 2pt jump shot (blocked) (under the basket) missed by Rose Micheaux(Hokies),5254196,561196,560611,2024-03-24,Virginia Tech Hokies,561196,Virginia Tech,2024-03-25
25.953400573730505,25.20999908447265,51,FALSE,112041114,'1st 03:41 : 2pt pull up jump shot (inside center) missed by Sarah Andrews(Bears),5254196,561196,560611,2024-03-24,Baylor Bears,560611,Baylor,2024-03-25
7.482400035858152,22.2549991607666,51,TRUE,112042534,'3rd 03:49 : 2pt driving layup (under the basket) made by Sarah Andrews(Bears) 48-44',5254196,561196,560611,2024-03-24,Baylor Bears,560611,Baylor,2024-03-25
9.822997131347677,14.649999618530252,742,TRUE,112042545,'3rd 03:24 : 2pt pull up jump shot (inside right) made by Matilda Ekh(Hokies) 48-46',5254196,561196,560611,2024-03-24,Virginia Tech Hokies,561196,Virginia Tech,2024-03-25
5.4237999820709195,28.3099994659424,51,FALSE,112042551,'3rd 03:09 : 2pt driving layup (under the basket) missed by Sarah Andrews(Bears),5254196,561196,560611,2024-03-24,Baylor Bears,560611,Baylor,2024-03-25
10.55619956970212,20.8449993133545,742,TRUE,112041145,'1st 03:22 : 2pt jump shot (in the paint) made by Clara Strack(Hokies),5254196,561196,560611,2024-03-24,Virginia Tech Hokies,561196,Virginia Tech,2024-03-25
5.132399139404328,21.82999992370605,51,FALSE,112041151,'1st 03:04 : 2pt driving layup (under the basket) missed by Darianna Littlepage-Buggs(Bears),5254196,561196,560611,2024-03-24,Baylor Bears,560611,Baylor,2024-03-25
12.614800071716266,20.70499992370605,674,FALSE,112043799,'1st 01:18 : 2pt pull up jump shot (in the paint) missed by Cameron Brink(STAN),5254199,561123,560816,2024-03-24,Stanford Cardinal,561123,Stanford,2024-03-25
28.15299713134766,17.184999465942397,311,TRUE,112043801,'1st 01:09 : 3pt jump shot (outside center) made by Emily Ryan(ISU) 17-13',5254199,561123,560816,2024-03-24,Iowa St. Cyclones,560816,Iowa St.,2024-03-25
29.76979827880858,17.465000152587898,311,TRUE,112043813,'1st 00:46.40 : 3pt jump shot (off turnover) (outside center) made by Addy Brown(ISU) 20-13',5254199,561123,560816,2024-03-24,Iowa St. Cyclones,560816,Iowa St.,2024-03-25
9.089800071716311,22.95999908447265,674,TRUE,112043857,'1st 00:29.00 : 2pt driving layup (under the basket) made by Nunu Agara(STAN) 20-15',5254199,561123,560816,2024-03-24,Stanford Cardinal,561123,Stanford,2024-03-25
27.720597991943336,37.8849983215332,311,TRUE,112043877,'1st 00:06.00 : 3pt jump shot (outside left) made by Emily Ryan(ISU),5254199,561123,560816,2024-03-24,Iowa St. Cyclones,560816,Iowa St.,2024-03-25
14.955399856567372,35.91499996185305,674,TRUE,112043389,'1st 09:44 : 2pt jump shot (inside left) made by Kiki Iriafen(STAN),5254199,561123,560816,2024-03-24,Stanford Cardinal,561123,Stanford,2024-03-25
13.93079971313476,24.64999961853025,311,FALSE,112043402,'1st 09:27 : 2pt turnaround jump shot (in the paint) missed by Audi Crooks(ISU),5254199,561123,560816,2024-03-24,Iowa St. Cyclones,560816,Iowa St.,2024-03-25
21.554200286865253,24.64999961853025,674,FALSE,112043404,'1st 09:16 : 2pt jump shot (inside center) missed by Kiki Iriafen(STAN),5254199,561123,560816,2024-03-24,Stanford Cardinal,561123,Stanford,2024-03-25
22.879600143432626,41.82999992370605,674,FALSE,112043419,'1st 09:06 : 3pt jump shot (2nd chance) (outside left) missed by Talana Lepolo(STAN),5254199,561123,560816,2024-03-24,Stanford Cardinal,561123,Stanford,2024-03-25
21.11239913940434,42.3949999809265,674,FALSE,112043441,'1st 08:30 : 3pt jump shot (off turnover) (outside left) missed by Hannah Jump(STAN),5254199,561123,560816,2024-03-24,Stanford Cardinal,561123,Stanford,2024-03-25
7.773796844482419,2.115000009536743,674,FALSE,112044626,'3rd 09:48 : 3pt jump shot (outside right) missed by Hannah Jump(STAN),5254199,561123,560816,2024-03-24,Stanford Cardinal,561123,Stanford,2024-03-25
9.089800071716311,33.52000045776365,674,TRUE,112043468,'1st 07:57 : 2pt jump shot (off turnover) (inside left) made by Kiki Iriafen(STAN),5254199,561123,560816,2024-03-24,Stanford Cardinal,561123,Stanford,2024-03-25
30.061203155517575,22.11499977111815,311,TRUE,112043494,'1st 07:26 : 3pt jump shot (off turnover) (outside center) made by Hannah Belanger(ISU) 3-4',5254199,561123,560816,2024-03-24,Iowa St. Cyclones,560816,Iowa St.,2024-03-25
7.773796844482419,21.4099998474121,311,FALSE,112043967,'2nd 09:46 : 2pt layup (in the paint) missed by Audi Crooks(ISU),5254199,561123,560816,2024-03-24,Iowa St. Cyclones,560816,Iowa St.,2024-03-25
7.914798278808576,27.7450008392334,674,TRUE,112044639,'3rd 09:08 : 2pt layup (under the basket) made by Kiki Iriafen(STAN) 34-33',5254199,561123,560816,2024-03-24,Stanford Cardinal,561123,Stanford,2024-03-25
26.254200286865252,9.15499877929685,311,TRUE,112044643,'3rd 08:49 : 3pt (outside right) made by ISU 37-33',5254199,561123,560816,2024-03-24,Iowa St. Cyclones,560816,Iowa St.,2024-03-25
27.861599426269493,14.930000305175804,311,TRUE,112043531,'1st 06:43 : 3pt jump shot (outside right) made by Emily Ryan(ISU),5254199,561123,560816,2024-03-24,Iowa St. Cyclones,560816,Iowa St.,2024-03-25
31.3865994262695,29.7199993133545,674,FALSE,112043536,'1st 06:29 : 3pt jump shot (outside center) missed by Elena Bosgana(STAN),5254199,561123,560816,2024-03-24,Stanford Cardinal,561123,Stanford,2024-03-25
6.598799982070919,28.875,674,TRUE,112043542,'1st 06:23 : 2pt layup (2nd chance) (in the paint) made by Kiki Iriafen(STAN) 6-8',5254199,561123,560816,2024-03-24,Stanford Cardinal,561123,Stanford,2024-03-25
7.914800071716313,27.88500022888185,674,FALSE,112043990,'2nd 08:52 : 2pt layup (off turnover) (under the basket) missed by Kiki Iriafen(STAN),5254199,561123,560816,2024-03-24,Stanford Cardinal,561123,Stanford,2024-03-25
8.065199928283686,26.89999961853025,674,TRUE,112043992,'2nd 08:45 : 2pt layup (2nd chance;off turnover) (under the basket) made by Kiki Iriafen(STAN),5254199,561123,560816,2024-03-24,Stanford Cardinal,561123,Stanford,2024-03-25
9.822997131347677,24.5049991607666,311,FALSE,112044000,'2nd 08:26 : 2pt layup (blocked) (in the paint) missed by Audi Crooks(ISU),5254199,561123,560816,2024-03-24,Iowa St. Cyclones,560816,Iowa St.,2024-03-25
7.332000179290768,34.64999961853025,674,FALSE,112044013,'2nd 08:00 : 2pt step back jump shot (inside left) missed by Kiki Iriafen(STAN),5254199,561123,560816,2024-03-24,Stanford Cardinal,561123,Stanford,2024-03-25
5.64,25,674,FALSE,112044015,'2nd 07:54 : 2pt layup (2nd chance) (under the basket) missed by Cameron Brink(STAN),5254199,561123,560816,2024-03-24,Stanford Cardinal,561123,Stanford,2024-03-25
8.647999820709233,27.88500022888185,674,TRUE,112043574,'1st 05:46 : 2pt layup (off turnover) (in the paint) made by Cameron Brink(STAN),5254199,561123,560816,2024-03-24,Stanford Cardinal,561123,Stanford,2024-03-25
23.904200286865247,35.49499893188475,311,TRUE,112043581,'1st 05:33 : 2pt jump shot (inside left) made by Hannah Belanger(ISU) 8-10',5254199,561123,560816,2024-03-24,Iowa St. Cyclones,560816,Iowa St.,2024-03-25
20.85860050201414,7.2849998474121,674,FALSE,112043591,'1st 05:11 : 3pt jump shot (blocked) (outside right) missed by Hannah Jump(STAN),5254199,561123,560816,2024-03-24,Stanford Cardinal,561123,Stanford,2024-03-25
29.47840057373051,32.95999908447265,311,FALSE,112043596,'1st 05:01 : 3pt jump shot (outside center) missed by Nyamer Diew(ISU) 8-10',5254199,561123,560816,2024-03-24,Iowa St. Cyclones,560816,Iowa St.,2024-03-25
26.54559799194334,39.01499938964845,311,FALSE,112043610,'1st 04:40 : 3pt jump shot (off turnover) (outside left) missed by Nyamer Diew(ISU),5254199,561123,560816,2024-03-24,Iowa St. Cyclones,560816,Iowa St.,2024-03-25
11.289400215148891,10.8450012207031,674,FALSE,112044036,'2nd 07:13 : 2pt jump shot (off turnover) (inside right) missed by Kiki Iriafen(STAN),5254199,561123,560816,2024-03-24,Stanford Cardinal,561123,Stanford,2024-03-25
8.948796844482416,29.29500007629395,311,FALSE,112044045,'2nd 06:54 : 2pt hook shot (in the paint) missed by Audi Crooks(ISU),5254199,561123,560816,2024-03-24,Iowa St. Cyclones,560816,Iowa St.,2024-03-25
8.356600322723386,21.6900005340576,674,TRUE,112044051,'2nd 06:39 : 2pt layup (in the paint) made by Kiki Iriafen(STAN) 23-20',5254199,561123,560816,2024-03-24,Stanford Cardinal,561123,Stanford,2024-03-25
8.065201721191428,21.6900005340576,311,FALSE,112044061,'2nd 06:15 : 2pt hook shot (in the paint) missed by Emily Ryan(ISU),5254199,561123,560816,2024-03-24,Iowa St. Cyclones,560816,Iowa St.,2024-03-25
20.821001434326178,36.0550003051758,311,FALSE,112044071,'2nd 06:10 : 2pt jump shot (2nd chance;blocked) (inside left) missed by Hannah Belanger(ISU),5254199,561123,560816,2024-03-24,Iowa St. Cyclones,560816,Iowa St.,2024-03-25
27.861599426269496,10.564998626709,674,FALSE,112044075,'2nd 06:02 : 3pt jump shot (outside right) missed by Hannah Jump(STAN),5254199,561123,560816,2024-03-24,Stanford Cardinal,561123,Stanford,2024-03-25
9.822997131347677,23.8050003051758,311,FALSE,112043664,'1st 04:20 : 2pt turnaround jump shot (off turnover) (in the paint) missed by Audi Crooks(ISU),5254199,561123,560816,2024-03-24,Iowa St. Cyclones,560816,Iowa St.,2024-03-25
9.973399677276568,21.6900005340576,674,FALSE,112043670,'1st 04:05 : 2pt driving layup (in the paint) missed by Kiki Iriafen(STAN),5254199,561123,560816,2024-03-24,Stanford Cardinal,561123,Stanford,2024-03-25
21.262802581787085,29.29500007629395,311,FALSE,112043678,'1st 03:52 : 2pt pull up jump shot (inside center) missed by Hannah Belanger(ISU),5254199,561123,560816,2024-03-24,Iowa St. Cyclones,560816,Iowa St.,2024-03-25
17.747199211120606,11.27000045776365,674,TRUE,112043685,'1st 03:36 : 2pt jump shot (inside right) made by Kiki Iriafen(STAN),5254199,561123,560816,2024-03-24,Stanford Cardinal,561123,Stanford,2024-03-25
7.773796844482419,21.27000045776365,311,FALSE,112043707,'1st 03:01 : 2pt turnaround jump shot (in the paint) missed by Audi Crooks(ISU),5254199,561123,560816,2024-03-24,Iowa St. Cyclones,560816,Iowa St.,2024-03-25
7.77380043029785,22.11499977111815,674,FALSE,112044095,'2nd 05:53 : 2pt layup (2nd chance) (under the basket) missed by Kiki Iriafen(STAN),5254199,561123,560816,2024-03-24,Stanford Cardinal,561123,Stanford,2024-03-25
29.327997131347672,34.08499908447265,311,FALSE,112044103,'2nd 05:41 : 3pt jump shot (outside center) missed by Emily Ryan(ISU),5254199,561123,560816,2024-03-24,Iowa St. Cyclones,560816,Iowa St.,2024-03-25
31.3865994262695,30,674,TRUE,112044113,'2nd 05:21 : 3pt jump shot (outside center) made by Hannah Jump(STAN),5254199,561123,560816,2024-03-24,Stanford Cardinal,561123,Stanford,2024-03-25
23.46239913940434,25.63500022888185,311,TRUE,112044121,'2nd 05:02 : 2pt pull up jump shot (inside center) made by Hannah Belanger(ISU) 25-23',5254199,561123,560816,2024-03-24,Iowa St. Cyclones,560816,Iowa St.,2024-03-25
6.890199928283687,10.8450012207031,674,FALSE,112043779,'1st 02:13 : 2pt pull up jump shot (inside right) missed by Cameron Brink(STAN),5254199,561123,560816,2024-03-24,Stanford Cardinal,561123,Stanford,2024-03-25
8.21559799194334,28.3099994659424,311,TRUE,112043786,'1st 02:02 : 2pt layup (in the paint) made by Audi Crooks(ISU) 11-13',5254199,561123,560816,2024-03-24,Iowa St. Cyclones,560816,Iowa St.,2024-03-25
22.729200286865257,17.74499893188475,674,FALSE,112043791,'1st 01:44 : 2pt turnaround jump shot (inside right) missed by Cameron Brink(STAN),5254199,561123,560816,2024-03-24,Stanford Cardinal,561123,Stanford,2024-03-25
28.74520172119142,16.899999618530252,311,TRUE,112043795,'1st 01:35 : 3pt jump shot (outside center) made by Addy Brown(ISU),5254199,561123,560816,2024-03-24,Iowa St. Cyclones,560816,Iowa St.,2024-03-25
8.798399677276615,22.11499977111815,674,FALSE,112044206,'2nd 04:40 : 2pt layup (blocked) (in the paint) missed by Kiki Iriafen(STAN),5254199,561123,560816,2024-03-24,Stanford Cardinal,561123,Stanford,2024-03-25
8.507002868652322,20.42499923706055,311,FALSE,112044222,'2nd 04:25 : 2pt layup (in the paint) missed by Audi Crooks(ISU),5254199,561123,560816,2024-03-24,Iowa St. Cyclones,560816,Iowa St.,2024-03-25
24.195599784851105,10.564998626709,674,FALSE,112044229,'2nd 04:17 : 3pt jump shot (outside right) missed by Jzaniya Harriel(STAN),5254199,561123,560816,2024-03-24,Stanford Cardinal,561123,Stanford,2024-03-25
19.505,4.3650016784668,674,TRUE,112044240,'2nd 03:49 : 3pt jump shot (off turnover) (outside right) made by Jzaniya Harriel(STAN),5254199,561123,560816,2024-03-24,Stanford Cardinal,561123,Stanford,2024-03-25
12.906203155517574,28.875,311,FALSE,112044272,'2nd 03:11 : 2pt jump shot (in the paint) missed by Emily Ryan(ISU),5254199,561123,560816,2024-03-24,Iowa St. Cyclones,560816,Iowa St.,2024-03-25
5.640000000000001,25,311,TRUE,112044274,'2nd 03:08 : 2pt layup (2nd chance) (under the basket) made by Audi Crooks(ISU) 27-26',5254199,561123,560816,2024-03-24,Iowa St. Cyclones,560816,Iowa St.,2024-03-25
21.704600143432625,42.67500019073485,674,FALSE,112044282,'2nd 02:56 : 3pt jump shot (outside left) missed by Jzaniya Harriel(STAN),5254199,561123,560816,2024-03-24,Stanford Cardinal,561123,Stanford,2024-03-25
9.531599426269494,19.01499938964845,311,FALSE,112044292,'2nd 02:39 : 2pt jump shot (inside right) missed by Addy Brown(ISU),5254199,561123,560816,2024-03-24,Iowa St. Cyclones,560816,Iowa St.,2024-03-25
31.236199569702123,22.39500045776365,674,FALSE,112044301,'2nd 02:27 : 3pt jump shot (outside center) missed by Courtney Ogden(STAN),5254199,561123,560816,2024-03-24,Stanford Cardinal,561123,Stanford,2024-03-25
22.57880043029788,23.9449996948242,674,TRUE,112044313,'2nd 01:47 : 2pt jump shot (off turnover) (inside center) made by Kiki Iriafen(STAN),5254199,561123,560816,2024-03-24,Stanford Cardinal,561123,Stanford,2024-03-25
7.623400573730507,21.9699993133545,311,TRUE,112044319,'2nd 01:25 : 2pt layup (under the basket) made by Emily Ryan(ISU) 29-28',5254199,561123,560816,2024-03-24,Iowa St. Cyclones,560816,Iowa St.,2024-03-25
7.914800071716313,28.0300006866455,674,FALSE,112044325,'2nd 01:11 : 2pt layup (under the basket) missed by Kiki Iriafen(STAN),5254199,561123,560816,2024-03-24,Stanford Cardinal,561123,Stanford,2024-03-25
23.90420028686525,41.9700002670288,674,TRUE,112044327,'2nd 01:05 : 3pt jump shot (2nd chance) (outside left) made by Hannah Jump(STAN),5254199,561123,560816,2024-03-24,Stanford Cardinal,561123,Stanford,2024-03-25
12.755799713134763,25.0699996948242,311,TRUE,112044333,'2nd 00:46.00 : 2pt layup (in the paint) made by Emily Ryan(ISU) 31-31',5254199,561123,560816,2024-03-24,Iowa St. Cyclones,560816,Iowa St.,2024-03-25
20.68,31.54999923706055,674,FALSE,112044345,'2nd 00:29.80 : 2pt jump shot (inside left) missed by Kiki Iriafen(STAN),5254199,561123,560816,2024-03-24,Stanford Cardinal,561123,Stanford,2024-03-25
10.997997131347674,24.5049991607666,311,FALSE,112044356,'2nd 00:01.00 : 2pt (in the paint) missed by Audi Crooks(ISU) 31-31',5254199,561123,560816,2024-03-24,Iowa St. Cyclones,560816,Iowa St.,2024-03-25
30.061203155517575,27.04000091552735,311,FALSE,112044359,'2nd 00:02.10 : 3pt jump shot (outside center) missed by Audi Crooks(ISU),5254199,561123,560816,2024-03-24,Iowa St. Cyclones,560816,Iowa St.,2024-03-25
12.906203155517574,25.2849998474121,311,FALSE,112044433,'2nd 07:35 : 2pt jump shot (blocked) (in the paint) missed by Audi Crooks(ISU),5254199,561123,560816,2024-03-24,Iowa St. Cyclones,560816,Iowa St.,2024-03-25
28.15300071716313,12.5349998474121,194,FALSE,112048720,'1st 07:22 : 3pt jump shot (off turnover) (outside right) missed by Tess Myers(DUQ),5254431,560725,560910,2024-03-24,Duquesne Dukes,560725,Duquesne,2024-03-25
8.647999820709233,28.0300006866455,194,FALSE,112048724,'1st 07:13 : 2pt driving layup (2nd chance;off turnover) (in the paint) missed by Naelle Bernard(DUQ),5254431,560725,560910,2024-03-24,Duquesne Dukes,560725,Duquesne,2024-03-25
8.21559978485107,22.5349998474121,194,TRUE,112048818,'1st 06:26 : 2pt driving layup (under the basket) made by Megan McConnell(DUQ) 2-5',5254431,560725,560910,2024-03-24,Duquesne Dukes,560725,Duquesne,2024-03-25
6.890201721191431,13.805000305175804,439,FALSE,112048823,'1st 06:11 : 2pt pull up jump shot (inside right) missed by Jania Hall(MON),5254431,560725,560910,2024-03-24,Monmouth Hawks,560910,Monmouth,2024-03-25
5.640000000000001,25,439,TRUE,112048833,'1st 06:06 : 2pt layup (2nd chance) (under the basket) made by Taisha Exanor(MON) 4-5',5254431,560725,560910,2024-03-24,Monmouth Hawks,560910,Monmouth,2024-03-25
16.280799713134755,46.7599983215332,439,FALSE,112048854,'1st 05:36 : 3pt jump shot (off turnover) (outside left) missed by Ella Farrelly(MON) 4-5',5254431,560725,560910,2024-03-24,Monmouth Hawks,560910,Monmouth,2024-03-25
17.88820064544677,17.185001373291,194,FALSE,112048862,'1st 05:20 : 2pt jump shot (inside right) missed by Precious Johnson(DUQ),5254431,560725,560910,2024-03-24,Duquesne Dukes,560725,Duquesne,2024-03-25
3.9573991394043304,43.9449996948242,439,TRUE,112048881,'1st 04:58 : 2pt jump shot (inside left wing) made by Rosalie Mercille(MON),5254431,560725,560910,2024-03-24,Monmouth Hawks,560910,Monmouth,2024-03-25
26.686599426269495,10.7050018310547,194,FALSE,112048889,'1st 04:29 : 3pt jump shot (blocked) (outside right) missed by Amaya Hamilton(DUQ),5254431,560725,560910,2024-03-24,Duquesne Dukes,560725,Duquesne,2024-03-25
10.706600322723432,23.8050003051758,194,TRUE,112048896,'1st 04:17 : 2pt jump shot (2nd chance) (in the paint) made by Amaya Hamilton(DUQ),5254431,560725,560910,2024-03-24,Duquesne Dukes,560725,Duquesne,2024-03-25
7.482399139404336,25.20999908447265,439,FALSE,112048900,'1st 04:11 : 2pt layup (under the basket) missed by Jania Hall(MON),5254431,560725,560910,2024-03-24,Monmouth Hawks,560910,Monmouth,2024-03-25
20.529600143432628,43.9450001716614,194,FALSE,112048902,'1st 04:04 : 3pt jump shot (outside left) missed by Lauren Wasylson(DUQ),5254431,560725,560910,2024-03-24,Duquesne Dukes,560725,Duquesne,2024-03-25
14.513599605560303,20.98500061035155,194,FALSE,112048904,'1st 03:58 : 2pt pull up jump shot (2nd chance) (in the paint) missed by Jerni Kiaku(DUQ),5254431,560725,560910,2024-03-24,Duquesne Dukes,560725,Duquesne,2024-03-25
5.132399139404328,1.9700000286102295,439,TRUE,112048997,'1st 03:39 : 3pt jump shot (outside right wing) made by Jania Hall(MON),5254431,560725,560910,2024-03-24,Monmouth Hawks,560910,Monmouth,2024-03-25
3.515600008964536,28.45000076293945,194,FALSE,112049017,'1st 03:22 : 2pt layup (in the paint) missed by Ayanna Townsend(DUQ),5254431,560725,560910,2024-03-24,Duquesne Dukes,560725,Duquesne,2024-03-25
16.572197418212923,20.13999938964845,439,FALSE,112049036,'1st 02:50 : 2pt jump shot (in the paint) missed by Rosalie Mercille(MON),5254431,560725,560910,2024-03-24,Monmouth Hawks,560910,Monmouth,2024-03-25
10.847600860595662,26.0550003051758,439,FALSE,112049050,'1st 02:25 : 2pt hook shot (off turnover) (in the paint) missed by Belle Kranbuhl(MON) 9-7',5254431,560725,560910,2024-03-24,Monmouth Hawks,560910,Monmouth,2024-03-25
8.798400573730504,26.76000022888185,439,TRUE,112049051,'1st 02:17 : 2pt hook shot (off turnover) (under the basket) made by Belle Kranbuhl(MON) 11-7',5254431,560725,560910,2024-03-24,Monmouth Hawks,560910,Monmouth,2024-03-25
5.574199838638304,26.76000022888185,194,TRUE,112049062,'1st 01:51 : 2pt driving layup (under the basket) made by Megan McConnell(DUQ) 11-9',5254431,560725,560910,2024-03-24,Duquesne Dukes,560725,Duquesne,2024-03-25
16.280799713134755,3.5199999809265137,439,TRUE,112049063,'1st 01:41 : 3pt jump shot (outside right) made by Rosalie Mercille(MON),5254431,560725,560910,2024-03-24,Monmouth Hawks,560910,Monmouth,2024-03-25
31.67800071716313,24.22500038146975,194,FALSE,112049071,'1st 01:08 : 3pt pull up jump shot (outside center) missed by Megan McConnell(DUQ),5254431,560725,560910,2024-03-24,Duquesne Dukes,560725,Duquesne,2024-03-25
9.822997131347677,22.2549991607666,439,FALSE,112049076,'1st 00:52.20 : 2pt driving layup (blocked) (in the paint) missed by Ariana Vanderhoop(MON),5254431,560725,560910,2024-03-24,Monmouth Hawks,560910,Monmouth,2024-03-25
9.9734005737305,21.9699993133545,439,TRUE,112049134,'1st 00:02.90 : 2pt (off turnover) (in the paint) made by MON 16-10',5254431,560725,560910,2024-03-24,Monmouth Hawks,560910,Monmouth,2024-03-25
9.9734005737305,21.9699993133545,439,FALSE,112049135,'1st 00:02.90 : 2pt driving layup (off turnover) (in the paint) missed by Ariana Vanderhoop(MON),5254431,560725,560910,2024-03-24,Monmouth Hawks,560910,Monmouth,2024-03-25
5.640000000000001,25,439,FALSE,112049137,'1st 00:00.30 : 2pt layup (2nd chance;off turnover) (under the basket) missed by Sandrine Clesca(MON),5254431,560725,560910,2024-03-24,Monmouth Hawks,560910,Monmouth,2024-03-25
8.948800430297851,25.77499961853025,194,FALSE,112049223,'2nd 09:41 : 2pt layup (under the basket) missed by Ayanna Townsend(DUQ),5254431,560725,560910,2024-03-24,Duquesne Dukes,560725,Duquesne,2024-03-25
8.64799713134768,32.1150016784668,439,FALSE,112049225,'2nd 09:31 : 2pt turnaround jump shot (inside left) missed by Ariana Vanderhoop(MON),5254431,560725,560910,2024-03-24,Monmouth Hawks,560910,Monmouth,2024-03-25
7.181599874496465,27.7450008392334,194,TRUE,112049239,'2nd 09:08 : 2pt driving layup (under the basket) made by Naelle Bernard(DUQ) 14-12',5254431,560725,560910,2024-03-24,Duquesne Dukes,560725,Duquesne,2024-03-25
10.415199928283734,20.13999938964845,194,TRUE,112049254,'2nd 08:42 : 2pt turnaround jump shot (off turnover) (in the paint) made by Amaya Hamilton(DUQ) 14-14',5254431,560725,560910,2024-03-24,Duquesne Dukes,560725,Duquesne,2024-03-25
9.9734005737305,28.45000076293945,439,FALSE,112049262,'2nd 08:23 : 2pt hook shot (in the paint) missed by Belle Kranbuhl(MON),5254431,560725,560910,2024-03-24,Monmouth Hawks,560910,Monmouth,2024-03-25
9.682000179290808,23.8050003051758,194,TRUE,112049268,'2nd 08:10 : 2pt jump shot (in the paint) made by Precious Johnson(DUQ),5254431,560725,560910,2024-03-24,Duquesne Dukes,560725,Duquesne,2024-03-25
26.103796844482417,38.45000076293945,439,FALSE,112049279,'2nd 07:48 : 3pt jump shot (outside left) missed by Ariana Vanderhoop(MON),5254431,560725,560910,2024-03-24,Monmouth Hawks,560910,Monmouth,2024-03-25
5.86559978485107,26.47999954223635,194,FALSE,112049281,'2nd 07:35 : 2pt driving layup (under the basket) missed by Naelle Bernard(DUQ),5254431,560725,560910,2024-03-24,Duquesne Dukes,560725,Duquesne,2024-03-25
24.19559799194333,29.1550006866455,439,TRUE,112049357,'2nd 06:26 : 2pt pull up jump shot (off turnover) (inside center) made by Jania Hall(MON) 18-16',5254431,560725,560910,2024-03-24,Monmouth Hawks,560910,Monmouth,2024-03-25
14.081203155517583,33.0999984741211,439,FALSE,112049364,'2nd 06:07 : 2pt pull up jump shot (off turnover) (inside left) missed by Jania Hall(MON),5254431,560725,560910,2024-03-24,Monmouth Hawks,560910,Monmouth,2024-03-25
6.890201721191431,25.20999908447265,439,FALSE,112049388,'2nd 05:21 : 2pt driving layup (off turnover) (under the basket) missed by Rosalie Mercille(MON),5254431,560725,560910,2024-03-24,Monmouth Hawks,560910,Monmouth,2024-03-25
24.787802581787076,8.3100004196167,439,FALSE,112049402,'2nd 04:48 : 3pt jump shot (off turnover) (outside right) missed by Jania Hall(MON),5254431,560725,560910,2024-03-24,Monmouth Hawks,560910,Monmouth,2024-03-25
7.04059978485107,24.9300003051758,194,TRUE,112049404,'2nd 04:35 : 2pt layup (under the basket) made by Precious Johnson(DUQ),5254431,560725,560910,2024-03-24,Duquesne Dukes,560725,Duquesne,2024-03-25
18.25479827880858,7.579999923706048,439,TRUE,112049407,'2nd 04:26 : 2pt jump shot (inside right) made by Ella Farrelly(MON) 22-18',5254431,560725,560910,2024-03-24,Monmouth Hawks,560910,Monmouth,2024-03-25
16.28079971313475,9.01499938964845,194,FALSE,112049414,'2nd 03:55 : 2pt pull up jump shot (inside right) missed by Megan McConnell(DUQ),5254431,560725,560910,2024-03-24,Duquesne Dukes,560725,Duquesne,2024-03-25
10.114402008056658,28.72999954223635,439,TRUE,112049417,'2nd 03:46 : 2pt driving layup (fast break) (in the paint) made by Ariana Vanderhoop(MON) 23-18',5254431,560725,560910,2024-03-24,Monmouth Hawks,560910,Monmouth,2024-03-25
29.18699928283687,39.57499980926515,194,FALSE,112049601,'2nd 03:05 : 3pt jump shot (blocked) (outside left) missed by Kiandra Browne(DUQ),5254431,560725,560910,2024-03-24,Duquesne Dukes,560725,Duquesne,2024-03-25
10.26479827880857,22.8150005340576,194,TRUE,112051410,'3rd 04:40 : 2pt driving layup (off turnover;fast break) (in the paint) made by Jerni Kiaku(DUQ) 32-35',5254431,560725,560910,2024-03-24,Duquesne Dukes,560725,Duquesne,2024-03-25
30.06119956970212,21.6900005340576,439,TRUE,112051436,'3rd 04:20 : 3pt jump shot (outside center) made by Ella Farrelly(MON),5254431,560725,560910,2024-03-24,Monmouth Hawks,560910,Monmouth,2024-03-25
5.132399139404328,20.98500061035155,439,FALSE,112049617,'2nd 02:54 : 2pt pull up jump shot (off turnover) (in the paint) missed by Taisha Exanor(MON),5254431,560725,560910,2024-03-24,Monmouth Hawks,560910,Monmouth,2024-03-25
8.948800430297851,27.7450008392334,194,FALSE,112049622,'2nd 02:44 : 2pt driving layup (in the paint) missed by Jerni Kiaku(DUQ),5254431,560725,560910,2024-03-24,Duquesne Dukes,560725,Duquesne,2024-03-25
7.332002868652324,24.79000091552735,439,TRUE,112049624,'2nd 02:38 : 2pt driving layup (fast break) (under the basket) made by Taisha Exanor(MON) 25-18',5254431,560725,560910,2024-03-24,Monmouth Hawks,560910,Monmouth,2024-03-25
8.356600322723386,26.76000022888185,194,TRUE,112049636,'2nd 02:15 : 2pt layup (under the basket) made by Precious Johnson(DUQ),5254431,560725,560910,2024-03-24,Duquesne Dukes,560725,Duquesne,2024-03-25
7.1815994262695,29.57500076293945,439,FALSE,112049646,'2nd 02:05 : 2pt driving layup (blocked) (in the paint) missed by Jania Hall(MON),5254431,560725,560910,2024-03-24,Monmouth Hawks,560910,Monmouth,2024-03-25
8.948796844482416,28.17000007629395,439,FALSE,112049661,'2nd 02:01 : 2pt jump shot (2nd chance) (in the paint) missed by Taisha Exanor(MON),5254431,560725,560910,2024-03-24,Monmouth Hawks,560910,Monmouth,2024-03-25
8.21559799194334,29.4349994659424,439,FALSE,112049711,'2nd 01:34 : 2pt driving layup (in the paint) missed by Kaci Donovan(MON),5254431,560725,560910,2024-03-24,Monmouth Hawks,560910,Monmouth,2024-03-25
5.132400035858152,22.67499923706055,194,TRUE,112049730,'2nd 01:16 : 2pt layup (under the basket) made by Jerni Kiaku(DUQ),5254431,560725,560910,2024-03-24,Duquesne Dukes,560725,Duquesne,2024-03-25
25.370599784851105,36.3400001525879,194,FALSE,112049755,'2nd 00:40.20 : 3pt jump shot (off turnover) (outside left) missed by Precious Johnson(DUQ),5254431,560725,560910,2024-03-24,Duquesne Dukes,560725,Duquesne,2024-03-25
20.821001434326178,34.3650016784668,439,FALSE,112049761,'2nd 00:25.30 : 2pt pull up jump shot (inside left) missed by Jaye Haynes(MON),5254431,560725,560910,2024-03-24,Monmouth Hawks,560910,Monmouth,2024-03-25
7.04059978485107,24.5049991607666,194,TRUE,112049791,'2nd 00:01.00 : 2pt layup (under the basket) made by Kiandra Browne(DUQ),5254431,560725,560910,2024-03-24,Duquesne Dukes,560725,Duquesne,2024-03-25
7.332000179290768,21.6900005340576,439,FALSE,112050433,'3rd 09:51 : 2pt layup (under the basket) missed by Ariana Vanderhoop(MON),5254431,560725,560910,2024-03-24,Monmouth Hawks,560910,Monmouth,2024-03-25
22.72920028686525,41.97000122070315,194,FALSE,112050453,'3rd 09:45 : 3pt jump shot (blocked) (outside left) missed by Tess Myers(DUQ),5254431,560725,560910,2024-03-24,Duquesne Dukes,560725,Duquesne,2024-03-25
10.55619956970212,25.63500022888185,439,FALSE,112050484,'3rd 09:23 : 2pt jump shot (in the paint) missed by Belle Kranbuhl(MON),5254431,560725,560910,2024-03-24,Monmouth Hawks,560910,Monmouth,2024-03-25
4.98200286865233,23.8050003051758,194,FALSE,112050552,'3rd 09:03 : 2pt driving layup (under the basket) missed by Amaya Hamilton(DUQ),5254431,560725,560910,2024-03-24,Duquesne Dukes,560725,Duquesne,2024-03-25
6.598796844482422,27.7450008392334,194,TRUE,112050571,'3rd 08:58 : 2pt layup (2nd chance) (under the basket) made by Amaya Hamilton(DUQ) 25-26',5254431,560725,560910,2024-03-24,Duquesne Dukes,560725,Duquesne,2024-03-25
25.953400573730505,10.7050018310547,439,FALSE,112050591,'3rd 08:42 : 3pt pull up jump shot (outside right) missed by Ariana Vanderhoop(MON),5254431,560725,560910,2024-03-24,Monmouth Hawks,560910,Monmouth,2024-03-25
8.64799713134768,23.8050003051758,194,FALSE,112050616,'3rd 08:33 : 2pt driving layup (under the basket) missed by Naelle Bernard(DUQ),5254431,560725,560910,2024-03-24,Duquesne Dukes,560725,Duquesne,2024-03-25
5.7151999282836865,33.6599998474121,439,FALSE,112050624,'3rd 08:26 : 2pt pull up jump shot (inside left) missed by Sandrine Clesca(MON),5254431,560725,560910,2024-03-24,Monmouth Hawks,560910,Monmouth,2024-03-25
6.749200286865246,21.54999923706055,194,TRUE,112050669,'3rd 08:03 : 2pt driving layup (under the basket) made by Megan McConnell(DUQ) 25-28',5254431,560725,560910,2024-03-24,Duquesne Dukes,560725,Duquesne,2024-03-25
17.747199211120606,46.1949999332428,439,TRUE,112050704,'3rd 07:46 : 3pt jump shot (outside left) made by Kaci Donovan(MON),5254431,560725,560910,2024-03-24,Monmouth Hawks,560910,Monmouth,2024-03-25
6.44840057373051,1.830000042915344,194,FALSE,112050795,'3rd 07:27 : 3pt jump shot (outside right wing) missed by Megan McConnell(DUQ),5254431,560725,560910,2024-03-24,Duquesne Dukes,560725,Duquesne,2024-03-25
21.413198852539097,44.2249984741211,194,FALSE,112050838,'3rd 07:11 : 3pt jump shot (off turnover) (outside left) missed by Tess Myers(DUQ),5254431,560725,560910,2024-03-24,Duquesne Dukes,560725,Duquesne,2024-03-25
12.90619956970212,26.3400001525879,439,TRUE,112050854,'3rd 06:58 : 2pt hook shot (in the paint) made by Ariana Vanderhoop(MON),5254431,560725,560910,2024-03-24,Monmouth Hawks,560910,Monmouth,2024-03-25
30.502997131347666,23.6599998474121,194,TRUE,112050893,'3rd 06:42 : 3pt jump shot (outside center) made by Precious Johnson(DUQ),5254431,560725,560910,2024-03-24,Duquesne Dukes,560725,Duquesne,2024-03-25
12.614800071716266,17.60499954223635,439,TRUE,112050916,'3rd 06:16 : 2pt turnaround jump shot (inside right) made by Ariana Vanderhoop(MON) 32-31',5254431,560725,560910,2024-03-24,Monmouth Hawks,560910,Monmouth,2024-03-25
7.332002868652324,27.1849994659424,194,TRUE,112050964,'3rd 05:49 : 2pt driving layup (under the basket) made by Megan McConnell(DUQ) 32-33',5254431,560725,560910,2024-03-24,Duquesne Dukes,560725,Duquesne,2024-03-25
22.879600143432626,21.125,439,FALSE,112050981,'3rd 05:40 : 2pt pull up jump shot (inside center) missed by Ariana Vanderhoop(MON),5254431,560725,560910,2024-03-24,Monmouth Hawks,560910,Monmouth,2024-03-25
10.55619956970212,21.27000045776365,439,FALSE,112051073,'3rd 05:19 : 2pt layup (off turnover) (in the paint) missed by Rosalie Mercille(MON),5254431,560725,560910,2024-03-24,Monmouth Hawks,560910,Monmouth,2024-03-25
6.307399139404339,22.11499977111815,194,FALSE,112051080,'3rd 05:07 : 2pt driving layup (blocked) (under the basket) missed by Megan McConnell(DUQ),5254431,560725,560910,2024-03-24,Duquesne Dukes,560725,Duquesne,2024-03-25
23.462399139404337,8.72999954223635,439,FALSE,112051091,'3rd 04:58 : 3pt jump shot (outside right) missed by Jania Hall(MON),5254431,560725,560910,2024-03-24,Monmouth Hawks,560910,Monmouth,2024-03-25
10.415201721191425,26.76000022888185,439,FALSE,112048627,'1st 09:35 : 2pt hook shot (in the paint) missed by Belle Kranbuhl(MON),5254431,560725,560910,2024-03-24,Monmouth Hawks,560910,Monmouth,2024-03-25
10.264800071716266,24.9300003051758,194,FALSE,112048641,'1st 09:09 : 2pt pull up jump shot (in the paint) missed by Ayanna Townsend(DUQ),5254431,560725,560910,2024-03-24,Duquesne Dukes,560725,Duquesne,2024-03-25
20.971397705078076,16.194999694824197,439,FALSE,112048648,'1st 08:54 : 2pt pull up jump shot (blocked) (inside right) missed by Kaci Donovan(MON),5254431,560725,560910,2024-03-24,Monmouth Hawks,560910,Monmouth,2024-03-25
5.4237999820709195,37.88500022888185,194,FALSE,112048657,'1st 08:34 : 2pt jump shot (inside left) missed by Ayanna Townsend(DUQ),5254431,560725,560910,2024-03-24,Duquesne Dukes,560725,Duquesne,2024-03-25
8.356600322723386,21.82999992370605,194,FALSE,112048672,'1st 08:14 : 2pt driving layup (off turnover) (in the paint) missed by Ayanna Townsend(DUQ),5254431,560725,560910,2024-03-24,Duquesne Dukes,560725,Duquesne,2024-03-25
5.282799892425536,29.29500007629395,194,TRUE,112048678,'1st 08:09 : 2pt driving layup (2nd chance;off turnover) (in the paint) made by Megan McConnell(DUQ) 0-2',5254431,560725,560910,2024-03-24,Duquesne Dukes,560725,Duquesne,2024-03-25
15.397197418212912,28.45000076293945,439,FALSE,112048701,'1st 07:37 : 2pt pull up jump shot (in the paint) missed by Belle Kranbuhl(MON),5254431,560725,560910,2024-03-24,Monmouth Hawks,560910,Monmouth,2024-03-25
5.893796844482424,23.35000038146975,738,FALSE,112048686,'1st 07:40 : 2pt layup (under the basket) missed by Keira Hanson(UVM),5254430,561189,560952,2024-03-24,Vermont Catamounts,561189,Vermont,2024-03-25
30.03300071716313,23.4099998474121,482,TRUE,112048690,'1st 07:15 : 3pt jump shot (outside center) made by Destiny Strother(NIA),5254430,561189,560952,2024-03-24,Niagara Purple Eagles,560952,Niagara,2024-03-25
21.15000000000001,30.11499977111815,738,FALSE,112048712,'1st 07:00 : 2pt pull up jump shot (inside center) missed by Emma Utterback(UVM),5254430,561189,560952,2024-03-24,Vermont Catamounts,561189,Vermont,2024-03-25
14.692197418212912,29.82999992370605,738,TRUE,112048747,'1st 06:22 : 2pt jump shot (off turnover) (in the paint) made by Bella Vito(UVM),5254430,561189,560952,2024-03-24,Vermont Catamounts,561189,Vermont,2024-03-25
11.411600322723432,6.6500015258789,482,FALSE,112048763,'1st 06:05 : 2pt jump shot (inside right) missed by Ary Hicks(NIA),5254430,561189,560952,2024-03-24,Niagara Purple Eagles,560952,Niagara,2024-03-25
30.53120315551758,28.2800006866455,482,FALSE,112051446,'3rd 04:44 : 3pt jump shot (off turnover) (outside center) missed by Marlie Dickerson(NIA),5254430,561189,560952,2024-03-24,Niagara Purple Eagles,560952,Niagara,2024-03-25
5.752802581787094,20.67499923706055,738,FALSE,112048780,'1st 05:30 : 2pt layup (off turnover) (in the paint) missed by Delaney Richason(UVM),5254430,561189,560952,2024-03-24,Vermont Catamounts,561189,Vermont,2024-03-25
6.627002868652326,22.08499908447265,738,FALSE,112048826,'1st 04:50 : 2pt driving layup (off turnover) (under the basket) missed by Emma Utterback(UVM),5254430,561189,560952,2024-03-24,Vermont Catamounts,561189,Vermont,2024-03-25
6.044200286865248,47.86000061035155,738,FALSE,112048834,'1st 04:32 : 3pt jump shot (2nd chance;off turnover) (outside left wing) missed by Keira Hanson(UVM),5254430,561189,560952,2024-03-24,Vermont Catamounts,561189,Vermont,2024-03-25
11.120199928283734,25.3799991607666,482,FALSE,112048850,'1st 04:00 : 2pt hook shot (in the paint) missed by Saige Glover(NIA),5254430,561189,560952,2024-03-24,Niagara Purple Eagles,560952,Niagara,2024-03-25
14.786199569702122,29.04000091552735,482,TRUE,112048925,'1st 03:45 : 2pt jump shot (off turnover) (in the paint) made by Alyssa Rossignol(NIA),5254430,561189,560952,2024-03-24,Niagara Purple Eagles,560952,Niagara,2024-03-25
6.185201721191419,26.3099994659424,738,TRUE,112048956,'1st 02:58 : 2pt layup (off turnover;fast break) (under the basket) made by Keira Hanson(UVM) 7-6',5254430,561189,560952,2024-03-24,Vermont Catamounts,561189,Vermont,2024-03-25
10.236600322723431,31.29500007629395,482,FALSE,112048962,'1st 02:35 : 2pt jump shot (inside left) missed by Saige Glover(NIA),5254430,561189,560952,2024-03-24,Niagara Purple Eagles,560952,Niagara,2024-03-25
6.777399139404338,21.10000038146975,738,TRUE,112048972,'1st 02:28 : 2pt layup (in the paint) made by Emma Utterback(UVM),5254430,561189,560952,2024-03-24,Vermont Catamounts,561189,Vermont,2024-03-25
6.57059978485107,31.86000061035155,482,FALSE,112048975,'1st 02:17 : 2pt jump shot (inside left) missed by Alyssa Rossignol(NIA),5254430,561189,560952,2024-03-24,Niagara Purple Eagles,560952,Niagara,2024-03-25
9.117997131347678,1.659999966621399,738,TRUE,112049013,'1st 02:10 : 3pt jump shot (outside right) made by Andjela Matic(UVM),5254430,561189,560952,2024-03-24,Vermont Catamounts,561189,Vermont,2024-03-25
12.201203155517575,0.959999978542328,482,FALSE,112049025,'1st 01:40 : 3pt (off turnover) (back court) missed by Angel Parker(NIA) 7-11',5254430,561189,560952,2024-03-24,Niagara Purple Eagles,560952,Niagara,2024-03-25
17.41820064544677,34.5349998474121,482,TRUE,112049030,'1st 01:28 : 2pt jump shot (off turnover) (inside left) made by Angel Parker(NIA) 9-11',5254430,561189,560952,2024-03-24,Niagara Purple Eagles,560952,Niagara,2024-03-25
7.651599426269499,22.5049991607666,738,TRUE,112049043,'1st 01:15 : 2pt layup (under the basket) made by Anna Olson(UVM) 9-13',5254430,561189,560952,2024-03-24,Vermont Catamounts,561189,Vermont,2024-03-25
5.546000089645385,30.72999954223635,482,TRUE,112049056,'1st 00:56.10 : 2pt layup (in the paint) made by Angel Parker(NIA) 11-13',5254430,561189,560952,2024-03-24,Niagara Purple Eagles,560952,Niagara,2024-03-25
8.093400573730506,47.72000122070315,738,TRUE,112049064,'1st 00:39.70 : 3pt jump shot (outside left) made by Andjela Matic(UVM),5254430,561189,560952,2024-03-24,Vermont Catamounts,561189,Vermont,2024-03-25
5.687000179290768,28.47999954223635,482,TRUE,112049069,'1st 00:30.50 : 2pt driving layup (under the basket) made by Angel Parker(NIA) 14-16',5254430,561189,560952,2024-03-24,Niagara Purple Eagles,560952,Niagara,2024-03-25
6.862000179290768,22.5650005340576,482,TRUE,112049145,'2nd 09:34 : 2pt layup (off turnover;fast break) (under the basket) made by Aaliyah Parker(NIA) 19-16',5254430,561189,560952,2024-03-24,Niagara Purple Eagles,560952,Niagara,2024-03-25
16.685,16.08499908447265,482,FALSE,112049164,'2nd 08:44 : 2pt jump shot (off turnover) (inside right) missed by Amelia Strong(NIA),5254430,561189,560952,2024-03-24,Niagara Purple Eagles,560952,Niagara,2024-03-25
27.156599426269494,36.45000076293945,738,FALSE,112049217,'2nd 08:30 : 3pt jump shot (outside left) missed by Delaney Richason(UVM),5254430,561189,560952,2024-03-24,Vermont Catamounts,561189,Vermont,2024-03-25
6.335597991943345,21.10000038146975,738,FALSE,112049220,'2nd 08:25 : 2pt layup (2nd chance) (in the paint) missed by Bella Vito(UVM),5254430,561189,560952,2024-03-24,Vermont Catamounts,561189,Vermont,2024-03-25
27.683000717163132,10.45000076293945,482,TRUE,112049241,'2nd 08:02 : 3pt jump shot (outside right) made by Shelby Fiddler(NIA),5254430,561189,560952,2024-03-24,Niagara Purple Eagles,560952,Niagara,2024-03-25
6.044200286865248,26.5900001525879,738,FALSE,112049249,'2nd 07:45 : 2pt driving layup (under the basket) missed by Emma Utterback(UVM),5254430,561189,560952,2024-03-24,Vermont Catamounts,561189,Vermont,2024-03-25
6.777399139404338,41.8050003051758,738,TRUE,112049269,'2nd 07:16 : 2pt jump shot (off turnover) (inside left) made by Emma Utterback(UVM) 19-18',5254430,561189,560952,2024-03-24,Vermont Catamounts,561189,Vermont,2024-03-25
10.819400215148892,48.05499994754791,482,FALSE,112049272,'2nd 07:04 : 3pt jump shot (outside left) missed by Lore Porter(NIA),5254430,561189,560952,2024-03-24,Niagara Purple Eagles,560952,Niagara,2024-03-25
6.777399139404338,28.8449993133545,738,FALSE,112049286,'2nd 06:36 : 2pt layup (in the paint) missed by Emma Utterback(UVM),5254430,561189,560952,2024-03-24,Vermont Catamounts,561189,Vermont,2024-03-25
6.7210000896453845,27.91500091552735,482,FALSE,112049291,'2nd 06:24 : 2pt driving layup (blocked) (under the basket) missed by Chardonnay Hartley(NIA),5254430,561189,560952,2024-03-24,Niagara Purple Eagles,560952,Niagara,2024-03-25
3.9291998386383034,48.19500005245209,482,FALSE,112049317,'2nd 06:15 : 3pt jump shot (2nd chance) (outside left wing) missed by Marlie Dickerson(NIA),5254430,561189,560952,2024-03-24,Niagara Purple Eagles,560952,Niagara,2024-03-25
8.97700286865232,1.8049999475479128,738,TRUE,112049335,'2nd 06:07 : 3pt jump shot (outside right) made by Andjela Matic(UVM),5254430,561189,560952,2024-03-24,Vermont Catamounts,561189,Vermont,2024-03-25
17.277199211120607,18.89999961853025,482,FALSE,112049342,'2nd 05:54 : 2pt step back jump shot (inside right) missed by Aaliyah Parker(NIA),5254430,561189,560952,2024-03-24,Niagara Purple Eagles,560952,Niagara,2024-03-25
5.452002868652329,23.20999908447265,738,TRUE,112049348,'2nd 05:38 : 2pt layup (under the basket) made by Bella Vito(UVM),5254430,561189,560952,2024-03-24,Vermont Catamounts,561189,Vermont,2024-03-25
5.395599784851069,27.4950008392334,482,FALSE,112049410,'2nd 05:03 : 2pt driving layup (under the basket) missed by Aaliyah Parker(NIA),5254430,561189,560952,2024-03-24,Niagara Purple Eagles,560952,Niagara,2024-03-25
26.658400573730503,26.79000091552735,482,FALSE,112049430,'2nd 04:23 : 2pt jump shot (off turnover) (inside center) missed by Aaliyah Parker(NIA),5254430,561189,560952,2024-03-24,Niagara Purple Eagles,560952,Niagara,2024-03-25
20.116001434326165,43.7750015258789,738,FALSE,112049434,'2nd 03:57 : 3pt jump shot (outside left) missed by Malia Lenz(UVM),5254430,561189,560952,2024-03-24,Vermont Catamounts,561189,Vermont,2024-03-25
11.618400573730511,47.435001373291,738,FALSE,112049453,'2nd 03:33 : 3pt jump shot (2nd chance) (outside left) missed by Keira Hanson(UVM),5254430,561189,560952,2024-03-24,Vermont Catamounts,561189,Vermont,2024-03-25
4.718796844482426,48,738,FALSE,112049455,'2nd 03:26 : 3pt jump shot (2nd chance) (outside left wing) missed by Keira Hanson(UVM),5254430,561189,560952,2024-03-24,Vermont Catamounts,561189,Vermont,2024-03-25
4.079600143432617,36.5050001144409,482,FALSE,112049457,'2nd 03:17 : 2pt jump shot (inside left) missed by Marlie Dickerson(NIA),5254430,561189,560952,2024-03-24,Niagara Purple Eagles,560952,Niagara,2024-03-25
5.64,25,482,TRUE,112049463,'2nd 03:12 : 2pt layup (2nd chance) (under the basket) made by Amelia Strong(NIA) 21-23',5254430,561189,560952,2024-03-24,Niagara Purple Eagles,560952,Niagara,2024-03-25
7.303799982070919,48.480000019073486,482,FALSE,112049511,'2nd 02:36 : 3pt jump shot (outside left) missed by Chardonnay Hartley(NIA),5254430,561189,560952,2024-03-24,Niagara Purple Eagles,560952,Niagara,2024-03-25
5.837400035858152,27.20999908447265,482,FALSE,112049518,'2nd 02:27 : 2pt layup (2nd chance) (under the basket) missed by Amelia Strong(NIA),5254430,561189,560952,2024-03-24,Niagara Purple Eagles,560952,Niagara,2024-03-25
5.64,25,482,FALSE,112049520,'2nd 02:22 : 2pt layup (2nd chance) (under the basket) missed by Amelia Strong(NIA),5254430,561189,560952,2024-03-24,Niagara Purple Eagles,560952,Niagara,2024-03-25
5.64,25,482,FALSE,112049526,'2nd 02:21 : 2pt layup (2nd chance) (under the basket) missed by Amelia Strong(NIA),5254430,561189,560952,2024-03-24,Niagara Purple Eagles,560952,Niagara,2024-03-25
8.093400573730506,24.3400001525879,738,TRUE,112049535,'2nd 02:12 : 2pt layup (under the basket) made by Delaney Richason(UVM),5254430,561189,560952,2024-03-24,Vermont Catamounts,561189,Vermont,2024-03-25
17.126799354553228,45.38000011444092,482,FALSE,112049537,'2nd 02:06 : 3pt jump shot (outside left) missed by Destiny Strother(NIA),5254430,561189,560952,2024-03-24,Niagara Purple Eagles,560952,Niagara,2024-03-25
13.517197418212916,3.069999933242798,738,TRUE,112049557,'2nd 01:49 : 3pt jump shot (outside right) made by Andjela Matic(UVM),5254430,561189,560952,2024-03-24,Vermont Catamounts,561189,Vermont,2024-03-25
5.254600143432616,27.0699996948242,482,TRUE,112049724,'2nd 00:02.80 : 2pt driving layup (under the basket) made by Angel Parker(NIA) 27-33',5254430,561189,560952,2024-03-24,Niagara Purple Eagles,560952,Niagara,2024-03-25
6.044200286865248,13.350000381469748,482,FALSE,112050290,'3rd 09:40 : 2pt jump shot (inside right) missed by Destiny Strother(NIA),5254430,561189,560952,2024-03-24,Niagara Purple Eagles,560952,Niagara,2024-03-25
6.044200286865248,26.17000007629395,482,FALSE,112050292,'3rd 09:34 : 2pt layup (2nd chance;blocked) (under the basket) missed by Amelia Strong(NIA),5254430,561189,560952,2024-03-24,Niagara Purple Eagles,560952,Niagara,2024-03-25
7.510597991943342,17.7199993133545,482,TRUE,112050331,'3rd 09:27 : 2pt jump shot (2nd chance) (inside right) made by Aaliyah Parker(NIA) 29-33',5254430,561189,560952,2024-03-24,Niagara Purple Eagles,560952,Niagara,2024-03-25
4.662400035858152,38.0550003051758,738,FALSE,112050471,'3rd 08:46 : 2pt turnaround jump shot (off turnover) (inside left) missed by Anna Olson(UVM),5254430,561189,560952,2024-03-24,Vermont Catamounts,561189,Vermont,2024-03-25
30.380799713134756,18,482,FALSE,112050500,'3rd 08:33 : 3pt jump shot (outside center) missed by Angel Parker(NIA),5254430,561189,560952,2024-03-24,Niagara Purple Eagles,560952,Niagara,2024-03-25
27.447997131347663,13.63500022888185,482,TRUE,112050692,'3rd 07:45 : 3pt jump shot (off turnover) (outside right) made by Destiny Strother(NIA),5254430,561189,560952,2024-03-24,Niagara Purple Eagles,560952,Niagara,2024-03-25
25.436399497985857,31.4650001525879,738,TRUE,112050719,'3rd 07:33 : 2pt jump shot (inside center) made by Bella Vito(UVM) 36-36',5254430,561189,560952,2024-03-24,Vermont Catamounts,561189,Vermont,2024-03-25
6.777399139404338,23.20999908447265,482,FALSE,112050818,'3rd 07:17 : 2pt layup (under the basket) missed by Angel Parker(NIA),5254430,561189,560952,2024-03-24,Niagara Purple Eagles,560952,Niagara,2024-03-25
5.640000000000001,25,482,TRUE,112050824,'3rd 07:09 : 2pt layup (2nd chance) (under the basket) made by Aaliyah Parker(NIA) 34-37',5254430,561189,560952,2024-03-24,Niagara Purple Eagles,560952,Niagara,2024-03-25
6.48600143432617,29.27000045776365,482,TRUE,112050873,'3rd 06:44 : 2pt layup (off turnover;fast break) (in the paint) made by Angel Parker(NIA),5254430,561189,560952,2024-03-24,Niagara Purple Eagles,560952,Niagara,2024-03-25
28.858000717163133,15.9449996948242,482,FALSE,112048625,'1st 09:45 : 3pt jump shot (outside right) missed by Aaliyah Parker(NIA),5254430,561189,560952,2024-03-24,Niagara Purple Eagles,560952,Niagara,2024-03-25
10.152002868652332,48,738,FALSE,112048630,'1st 09:30 : 3pt jump shot (outside left) missed by Keira Hanson(UVM),5254430,561189,560952,2024-03-24,Vermont Catamounts,561189,Vermont,2024-03-25
6.185201721191419,39.8300018310547,738,TRUE,112048636,'1st 09:24 : 2pt jump shot (2nd chance) (inside left) made by Delaney Richason(UVM),5254430,561189,560952,2024-03-24,Vermont Catamounts,561189,Vermont,2024-03-25
23.28380043029788,8.7599983215332,482,FALSE,112048645,'1st 09:08 : 3pt jump shot (outside right) missed by Marlie Dickerson(NIA),5254430,561189,560952,2024-03-24,Niagara Purple Eagles,560952,Niagara,2024-03-25
15.519400215148892,46.78999996185303,482,FALSE,112048665,'1st 08:25 : 3pt jump shot (off turnover) (outside left) missed by Destiny Strother(NIA),5254430,561189,560952,2024-03-24,Niagara Purple Eagles,560952,Niagara,2024-03-25
29.06479827880858,21.8050003051758,738,FALSE,112048675,'1st 07:59 : 3pt jump shot (outside center) missed by Delaney Richason(UVM),5254430,561189,560952,2024-03-24,Vermont Catamounts,561189,Vermont,2024-03-25
20.059600143432625,6.9300003051758,482,FALSE,112048679,'1st 07:47 : 3pt jump shot (outside right) missed by Angel Parker(NIA),5254430,561189,560952,2024-03-24,Niagara Purple Eagles,560952,Niagara,2024-03-25
5.837400035858152,31.57500076293945,738,FALSE,112051272,'3rd 06:17 : 2pt jump shot (2nd chance) (inside left) missed by Anna Olson(UVM),5254430,561189,560952,2024-03-24,Vermont Catamounts,561189,Vermont,2024-03-25
5.452002868652329,21.23999977111815,482,TRUE,112051300,'3rd 06:09 : 2pt layup (under the basket) made by Saige Glover(NIA),5254430,561189,560952,2024-03-24,Niagara Purple Eagles,560952,Niagara,2024-03-25
22.118200645446773,20.17000007629395,738,FALSE,112051318,'3rd 05:55 : 2pt jump shot (inside center) missed by Emma Utterback(UVM),5254430,561189,560952,2024-03-24,Vermont Catamounts,561189,Vermont,2024-03-25
7.303799982070919,12,738,TRUE,112051332,'3rd 05:51 : 2pt jump shot (2nd chance) (inside right) made by Bella Vito(UVM),5254430,561189,560952,2024-03-24,Vermont Catamounts,561189,Vermont,2024-03-25
10.152002868652332,31.8050003051758,482,FALSE,112051369,'3rd 05:21 : 2pt jump shot (inside left) missed by Saige Glover(NIA),5254430,561189,560952,2024-03-24,Niagara Purple Eagles,560952,Niagara,2024-03-25
5.574200286865249,20.375,688,FALSE,112048886,'1st 04:49 : 2pt driving layup (in the paint) missed by Georgia Woolley(Syracuse),5254201,560694,561132,2024-03-24,Syracuse Orange,561132,Syracuse,2024-03-25
16.28079971313475,25.6800003051758,164,TRUE,112049816,'2nd 02:06 : 2pt jump shot (in the paint) made by Paige Bueckers(UConn),5254201,560694,561132,2024-03-24,UConn Huskies,560694,UConn,2024-03-25
7.914798278808576,15.869999885559103,688,TRUE,112049830,'2nd 01:43 : 2pt jump shot (inside right) made by Saniaa Wilson(Syracuse),5254201,560694,561132,2024-03-24,Syracuse Orange,561132,Syracuse,2024-03-25
28.74520172119142,36.7150001525879,688,FALSE,112049873,'2nd 01:02 : 3pt pull up jump shot (outside left) missed by Sophie Burrows(Syracuse),5254201,560694,561132,2024-03-24,Syracuse Orange,561132,Syracuse,2024-03-25
13.639400215148893,13.9900016784668,164,TRUE,112049883,'2nd 00:42.50 : 2pt pull up jump shot (inside right) made by Paige Bueckers(UConn) 28-37',5254201,560694,561132,2024-03-24,UConn Huskies,560694,UConn,2024-03-25
23.61280258178708,43.4749984741211,688,FALSE,112049891,'2nd 00:29.10 : 3pt jump shot (outside left) missed by Dyaisha Fair(Syracuse),5254201,560694,561132,2024-03-24,Syracuse Orange,561132,Syracuse,2024-03-25
21.11239913940434,20.32999992370605,164,TRUE,112049899,'2nd 00:04.70 : 2pt pull up jump shot (inside center) made by Paige Bueckers(UConn) 28-39',5254201,560694,561132,2024-03-24,UConn Huskies,560694,UConn,2024-03-25
20.68,43.98999977111815,164,FALSE,112048998,'1st 04:33 : 3pt jump shot (outside left) missed by Ashlynn Shade(UConn),5254201,560694,561132,2024-03-24,UConn Huskies,560694,UConn,2024-03-25
8.21559799194334,26.85499954223635,688,FALSE,112049027,'1st 04:20 : 2pt layup (blocked) (under the basket) missed by Alyssa Latham(Syracuse),5254201,560694,561132,2024-03-24,Syracuse Orange,561132,Syracuse,2024-03-25
16.42180114746091,23.7549991607666,688,FALSE,112049158,'1st 04:07 : 2pt turnaround jump shot (2nd chance;blocked) (in the paint) missed by Izabel Varejão(Syracuse),5254201,560694,561132,2024-03-24,Syracuse Orange,561132,Syracuse,2024-03-25
11.731203155517576,22.6299991607666,688,FALSE,112049161,'1st 03:59 : 2pt turnaround jump shot (2nd chance) (in the paint) missed by Sophie Burrows(Syracuse),5254201,560694,561132,2024-03-24,Syracuse Orange,561132,Syracuse,2024-03-25
3.224200286865255,48.26499938964845,688,FALSE,112049167,'1st 03:38 : 3pt jump shot (off turnover) (outside left wing) missed by Dyaisha Fair(Syracuse),5254201,560694,561132,2024-03-24,Syracuse Orange,561132,Syracuse,2024-03-25
6.157002868652327,21.07999992370605,688,TRUE,112049170,'1st 03:28 : 2pt layup (2nd chance;off turnover) (in the paint) made by Alyssa Latham(Syracuse),5254201,560694,561132,2024-03-24,Syracuse Orange,561132,Syracuse,2024-03-25
18.480399856567377,24.5550003051758,164,TRUE,112049172,'1st 03:21 : 2pt pull up jump shot (fast break) (in the paint) made by Paige Bueckers(UConn) 13-13',5254201,560694,561132,2024-03-24,UConn Huskies,560694,UConn,2024-03-25
8.356600322723386,25.6800003051758,164,FALSE,112049175,'1st 02:53 : 2pt floating jump shot (off turnover;blocked) (under the basket) missed by KK Arnold(UConn),5254201,560694,561132,2024-03-24,UConn Huskies,560694,UConn,2024-03-25
5.282802581787095,23.7549991607666,688,FALSE,112049190,'1st 02:18 : 2pt driving layup (off turnover;blocked) (under the basket) missed by Alyssa Latham(Syracuse),5254201,560694,561132,2024-03-24,Syracuse Orange,561132,Syracuse,2024-03-25
5.574200286865249,2.2049999237060547,688,TRUE,112049193,'1st 02:16 : 3pt jump shot (2nd chance;off turnover) (outside right wing) made by Sophie Burrows(Syracuse),5254201,560694,561132,2024-03-24,Syracuse Orange,561132,Syracuse,2024-03-25
7.482400035858152,1.17499923706055,164,TRUE,112049195,'1st 01:56 : 3pt jump shot (outside right) made by Ashlynn Shade(UConn),5254201,560694,561132,2024-03-24,UConn Huskies,560694,UConn,2024-03-25
12.755799713134747,25.26000022888185,164,TRUE,112049199,'1st 01:24 : 2pt floating jump shot (off turnover) (in the paint) made by Paige Bueckers(UConn),5254201,560694,561132,2024-03-24,UConn Huskies,560694,UConn,2024-03-25
5.282802581787095,14.88500022888185,688,FALSE,112049201,'1st 00:59.50 : 2pt jump shot (inside right) missed by Alyssa Latham(Syracuse),5254201,560694,561132,2024-03-24,Syracuse Orange,561132,Syracuse,2024-03-25
9.089798278808573,15.869999885559103,688,FALSE,112049209,'1st 00:46.00 : 2pt pull up jump shot (2nd chance) (inside right) missed by Dyaisha Fair(Syracuse),5254201,560694,561132,2024-03-24,Syracuse Orange,561132,Syracuse,2024-03-25
5.640000000000001,25,688,FALSE,112049211,'1st 00:41.80 : 2pt layup (2nd chance) (under the basket) missed by Kyra Wood(Syracuse),5254201,560694,561132,2024-03-24,Syracuse Orange,561132,Syracuse,2024-03-25
23.61280078887939,42.57999992370605,164,FALSE,112049214,'1st 00:06.30 : 3pt jump shot (off turnover) (outside left) missed by Nika Muhl(UConn),5254201,560694,561132,2024-03-24,UConn Huskies,560694,UConn,2024-03-25
17.59680114746091,26.01000022888185,688,FALSE,112049283,'2nd 09:43 : 2pt pull up jump shot (in the paint) missed by Alyssa Latham(Syracuse),5254201,560694,561132,2024-03-24,Syracuse Orange,561132,Syracuse,2024-03-25
7.332000179290768,49.34500002861023,164,TRUE,112049298,'2nd 09:19 : 3pt jump shot (outside left) made by Ashlynn Shade(UConn),5254201,560694,561132,2024-03-24,UConn Huskies,560694,UConn,2024-03-25
28.3034005737305,12.0649995803833,688,FALSE,112049352,'2nd 08:20 : 3pt pull up jump shot (off turnover;blocked) (outside right) missed by Dyaisha Fair(Syracuse),5254201,560694,561132,2024-03-24,Syracuse Orange,561132,Syracuse,2024-03-25
30.352600860595665,27.8400001525879,164,FALSE,112051005,'3rd 09:51 : 3pt jump shot (off turnover) (outside center) missed by Nika Muhl(UConn),5254201,560694,561132,2024-03-24,UConn Huskies,560694,UConn,2024-03-25
20.68,46.95000004768371,688,FALSE,112051046,'3rd 09:32 : 3pt step back jump shot (outside left) missed by Dyaisha Fair(Syracuse),5254201,560694,561132,2024-03-24,Syracuse Orange,561132,Syracuse,2024-03-25
6.307400035858152,47.795000076293945,164,TRUE,112049367,'2nd 07:56 : 3pt jump shot (off turnover) (outside left wing) made by Ashlynn Shade(UConn),5254201,560694,561132,2024-03-24,UConn Huskies,560694,UConn,2024-03-25
31.085799713134755,23.04999923706055,688,FALSE,112049371,'2nd 07:40 : 3pt pull up jump shot (outside center) missed by Sophie Burrows(Syracuse),5254201,560694,561132,2024-03-24,Syracuse Orange,561132,Syracuse,2024-03-25
13.930799713134748,24.27000045776365,164,TRUE,112049381,'2nd 07:25 : 2pt floating jump shot (in the paint) made by Paige Bueckers(UConn) 16-26',5254201,560694,561132,2024-03-24,UConn Huskies,560694,UConn,2024-03-25
11.43979827880858,15.444999694824196,688,FALSE,112049385,'2nd 06:54 : 2pt (inside right) missed by Syracuse 16-26',5254201,560694,561132,2024-03-24,Syracuse Orange,561132,Syracuse,2024-03-25
11.43979827880858,15.444999694824196,688,TRUE,112049386,'2nd 06:54 : 2pt pull up jump shot (inside right) made by Dyaisha Fair(Syracuse) 18-26',5254201,560694,561132,2024-03-24,Syracuse Orange,561132,Syracuse,2024-03-25
7.181599874496465,23.42499923706055,164,TRUE,112049390,'2nd 06:36 : 2pt layup (under the basket) made by Aaliyah Edwards(UConn),5254201,560694,561132,2024-03-24,UConn Huskies,560694,UConn,2024-03-25
13.930799713134748,27.22999954223635,688,TRUE,112051052,'3rd 09:22 : 2pt jump shot (2nd chance) (in the paint) made by Alyssa Latham(Syracuse),5254201,560694,561132,2024-03-24,Syracuse Orange,561132,Syracuse,2024-03-25
13.639402008056663,27.97999954223635,164,FALSE,112051095,'3rd 08:55 : 2pt floating jump shot (in the paint) missed by Paige Bueckers(UConn),5254201,560694,561132,2024-03-24,UConn Huskies,560694,UConn,2024-03-25
13.047197418212916,2.3450000286102295,688,FALSE,112049459,'2nd 06:02 : 3pt pull up jump shot (outside right) missed by Georgia Woolley(Syracuse),5254201,560694,561132,2024-03-24,Syracuse Orange,561132,Syracuse,2024-03-25
9.240199928283689,29.625,164,FALSE,112049461,'2nd 05:54 : 2pt driving layup (in the paint) missed by Paige Bueckers(UConn),5254201,560694,561132,2024-03-24,UConn Huskies,560694,UConn,2024-03-25
22.437800788879393,6.810001373291,164,FALSE,112049476,'2nd 05:47 : 3pt jump shot (2nd chance) (outside right) missed by Ashlynn Shade(UConn),5254201,560694,561132,2024-03-24,UConn Huskies,560694,UConn,2024-03-25
17.305399856567373,22.29999923706055,164,TRUE,112049479,'2nd 05:42 : 2pt jump shot (2nd chance) (in the paint) made by Paige Bueckers(UConn) 18-30',5254201,560694,561132,2024-03-24,UConn Huskies,560694,UConn,2024-03-25
7.77380043029785,22.1599998474121,164,FALSE,112049510,'2nd 05:24 : 2pt layup (off turnover) (under the basket) missed by Ice Brady(UConn),5254201,560694,561132,2024-03-24,UConn Huskies,560694,UConn,2024-03-25
28.745199928283736,7.0900001525879,688,FALSE,112051166,'3rd 08:35 : 3pt jump shot (outside right) missed by Georgia Woolley(Syracuse),5254201,560694,561132,2024-03-24,Syracuse Orange,561132,Syracuse,2024-03-25
7.623399677276614,21.17499923706055,688,FALSE,112051168,'3rd 08:30 : 2pt layup (2nd chance;blocked) (in the paint) missed by Kyra Wood(Syracuse),5254201,560694,561132,2024-03-24,Syracuse Orange,561132,Syracuse,2024-03-25
12.755799713134747,25.6800003051758,688,FALSE,112051210,'3rd 08:10 : 2pt pull up jump shot (off turnover) (in the paint) missed by Dyaisha Fair(Syracuse),5254201,560694,561132,2024-03-24,Syracuse Orange,561132,Syracuse,2024-03-25
5.865597991943346,47.1349983215332,164,FALSE,112051245,'3rd 07:52 : 3pt jump shot (outside left wing) missed by Ashlynn Shade(UConn),5254201,560694,561132,2024-03-24,UConn Huskies,560694,UConn,2024-03-25
5.282802581787095,40.79999923706055,688,FALSE,112048714,'1st 09:39 : 2pt floating jump shot (inside left) missed by Dyaisha Fair(Syracuse),5254201,560694,561132,2024-03-24,Syracuse Orange,561132,Syracuse,2024-03-25
15.397199211120606,26.66500091552735,164,FALSE,112049561,'2nd 05:14 : 2pt jump shot (2nd chance;off turnover) (in the paint) missed by Aaliyah Edwards(UConn),5254201,560694,561132,2024-03-24,UConn Huskies,560694,UConn,2024-03-25
11.881599426269489,25.16500091552735,688,TRUE,112049566,'2nd 04:59 : 2pt turnaround jump shot (in the paint) made by Georgia Woolley(Syracuse) 20-30',5254201,560694,561132,2024-03-24,Syracuse Orange,561132,Syracuse,2024-03-25
26.836999282836867,39.9049997329712,164,FALSE,112049567,'2nd 04:45 : 3pt jump shot (outside left) missed by Paige Bueckers(UConn),5254201,560694,561132,2024-03-24,UConn Huskies,560694,UConn,2024-03-25
8.948800430297851,2.02000045776365,164,FALSE,112049571,'2nd 04:36 : 3pt jump shot (2nd chance) (outside right) missed by Paige Bueckers(UConn),5254201,560694,561132,2024-03-24,UConn Huskies,560694,UConn,2024-03-25
30.94479827880858,20.61000061035155,688,FALSE,112051258,'3rd 07:41 : 3pt jump shot (outside center) missed by Alyssa Latham(Syracuse),5254201,560694,561132,2024-03-24,Syracuse Orange,561132,Syracuse,2024-03-25
16.130403442382843,39.11000061035155,164,FALSE,112051267,'3rd 07:31 : 2pt pull up jump shot (inside left) missed by Ashlynn Shade(UConn),5254201,560694,561132,2024-03-24,UConn Huskies,560694,UConn,2024-03-25
15.10579971313475,28.5,688,FALSE,112051309,'3rd 07:08 : 2pt pull up jump shot (in the paint) missed by Dyaisha Fair(Syracuse),5254201,560694,561132,2024-03-24,Syracuse Orange,561132,Syracuse,2024-03-25
15.10579971313475,47.36999988555908,164,TRUE,112048730,'1st 09:16 : 3pt jump shot (outside left) made by KK Arnold(UConn),5254201,560694,561132,2024-03-24,UConn Huskies,560694,UConn,2024-03-25
4.690597991943335,38.9650001525879,688,FALSE,112048749,'1st 08:55 : 2pt jump shot (inside left) missed by Alyssa Latham(Syracuse),5254201,560694,561132,2024-03-24,Syracuse Orange,561132,Syracuse,2024-03-25
15.10579971313475,2.7249984741211,164,FALSE,112048760,'1st 08:33 : 3pt jump shot (outside right) missed by Paige Bueckers(UConn),5254201,560694,561132,2024-03-24,UConn Huskies,560694,UConn,2024-03-25
30.211599426269498,29.95499992370605,688,TRUE,112048770,'1st 08:16 : 3pt step back jump shot (outside center) made by Georgia Woolley(Syracuse),5254201,560694,561132,2024-03-24,Syracuse Orange,561132,Syracuse,2024-03-25
19.64600143432617,43.4749984741211,688,TRUE,112049590,'2nd 04:22 : 3pt jump shot (off turnover;fast break) (outside left) made by Sophie Burrows(Syracuse),5254201,560694,561132,2024-03-24,Syracuse Orange,561132,Syracuse,2024-03-25
15.397199211120606,29.48500061035155,164,FALSE,112049604,'2nd 03:51 : 2pt pull up jump shot (in the paint) missed by Paige Bueckers(UConn),5254201,560694,561132,2024-03-24,UConn Huskies,560694,UConn,2024-03-25
8.647999820709233,23.5699996948242,164,TRUE,112049614,'2nd 03:34 : 2pt layup (off turnover;fast break) (under the basket) made by Paige Bueckers(UConn) 23-32',5254201,560694,561132,2024-03-24,UConn Huskies,560694,UConn,2024-03-25
11.881600322723433,12.7249984741211,688,FALSE,112051363,'3rd 06:34 : 2pt pull up jump shot (off turnover) (inside right) missed by Georgia Woolley(Syracuse),5254201,560694,561132,2024-03-24,Syracuse Orange,561132,Syracuse,2024-03-25
21.704600143432625,42.57999992370605,688,TRUE,112051403,'3rd 06:10 : 3pt pull up jump shot (off turnover;fast break) (outside left) made by Dyaisha Fair(Syracuse) 33-41',5254201,560694,561132,2024-03-24,Syracuse Orange,561132,Syracuse,2024-03-25
4.841001434326174,11.925000190734847,164,FALSE,112051422,'3rd 05:48 : 2pt pull up jump shot (inside right) missed by Paige Bueckers(UConn),5254201,560694,561132,2024-03-24,UConn Huskies,560694,UConn,2024-03-25
19.06320064544677,29.48500061035155,164,FALSE,112048804,'1st 07:47 : 2pt jump shot (in the paint) missed by Aaliyah Edwards(UConn),5254201,560694,561132,2024-03-24,UConn Huskies,560694,UConn,2024-03-25
21.996001434326175,6.574999809265151,688,TRUE,112048817,'1st 07:29 : 3pt jump shot (outside right) made by Georgia Woolley(Syracuse),5254201,560694,561132,2024-03-24,Syracuse Orange,561132,Syracuse,2024-03-25
8.065199928283686,22.57999992370605,164,TRUE,112048822,'1st 07:18 : 2pt layup (under the basket) made by Aaliyah Edwards(UConn),5254201,560694,561132,2024-03-24,UConn Huskies,560694,UConn,2024-03-25
5.7151999282836865,27.79500007629395,164,TRUE,112048832,'1st 07:01 : 2pt layup (off turnover;fast break) (under the basket) made by Paige Bueckers(UConn),5254201,560694,561132,2024-03-24,UConn Huskies,560694,UConn,2024-03-25
8.64799713134768,2.630000114440918,688,TRUE,112048839,'1st 06:50 : 3pt jump shot (outside right) made by Sophie Burrows(Syracuse),5254201,560694,561132,2024-03-24,Syracuse Orange,561132,Syracuse,2024-03-25
20.37920028686524,29.95499992370605,688,FALSE,112049749,'2nd 03:02 : 2pt pull up jump shot (inside center) missed by Georgia Woolley(Syracuse),5254201,560694,561132,2024-03-24,Syracuse Orange,561132,Syracuse,2024-03-25
15.10579971313475,37.0900001525879,688,TRUE,112051445,'3rd 05:32 : 2pt jump shot (inside left) made by Georgia Woolley(Syracuse),5254201,560694,561132,2024-03-24,Syracuse Orange,561132,Syracuse,2024-03-25
14.955403442382844,27.42000007629395,164,FALSE,112051492,'3rd 05:08 : 2pt floating jump shot (in the paint) missed by Paige Bueckers(UConn),5254201,560694,561132,2024-03-24,UConn Huskies,560694,UConn,2024-03-25
10.415199928283734,48.77999997138977,688,TRUE,112051505,'3rd 05:00 : 3pt jump shot (outside left) made by Sophie Burrows(Syracuse),5254201,560694,561132,2024-03-24,Syracuse Orange,561132,Syracuse,2024-03-25
18.771801147460906,30.9400005340576,688,TRUE,112048848,'1st 06:37 : 2pt pull up jump shot (off turnover;fast break) (inside left) made by Georgia Woolley(Syracuse) 11-7',5254201,560694,561132,2024-03-24,Syracuse Orange,561132,Syracuse,2024-03-25
19.505,22.29999923706055,164,TRUE,112048852,'1st 06:20 : 2pt (in the paint) made by UConn 11-9',5254201,560694,561132,2024-03-24,UConn Huskies,560694,UConn,2024-03-25
19.505,22.29999923706055,164,FALSE,112048853,'1st 06:20 : 2pt pull up jump shot (in the paint) missed by Paige Bueckers(UConn),5254201,560694,561132,2024-03-24,UConn Huskies,560694,UConn,2024-03-25
17.44639770507807,19.5300006866455,688,FALSE,112048860,'1st 06:04 : 2pt pull up jump shot (in the paint) missed by Georgia Woolley(Syracuse),5254201,560694,561132,2024-03-24,Syracuse Orange,561132,Syracuse,2024-03-25
7.77380043029785,23.0049991607666,164,TRUE,112048868,'1st 05:48 : 2pt driving layup (under the basket) made by KK Arnold(UConn) 11-9',5254201,560694,561132,2024-03-24,UConn Huskies,560694,UConn,2024-03-25
9.822997131347677,20.0949993133545,688,FALSE,112048873,'1st 05:27 : 2pt floating jump shot (in the paint) missed by Georgia Woolley(Syracuse),5254201,560694,561132,2024-03-24,Syracuse Orange,561132,Syracuse,2024-03-25
8.21559978485107,23.5699996948242,164,TRUE,112048876,'1st 05:20 : 2pt layup (fast break) (under the basket) made by Paige Bueckers(UConn),5254201,560694,561132,2024-03-24,UConn Huskies,560694,UConn,2024-03-25
27.128400573730502,36.7150001525879,688,FALSE,112048880,'1st 05:10 : 3pt jump shot (outside left) missed by Izabel Varejão(Syracuse),5254201,560694,561132,2024-03-24,Syracuse Orange,561132,Syracuse,2024-03-25
8.798399677276615,27.79500007629395,164,FALSE,112048884,'1st 05:00 : 2pt driving layup (in the paint) missed by KK Arnold(UConn),5254201,560694,561132,2024-03-24,UConn Huskies,560694,UConn,2024-03-25
12.614800071716266,28.07500076293945,164,FALSE,112049768,'2nd 02:44 : 2pt layup (in the paint) missed by Ice Brady(UConn),5254201,560694,561132,2024-03-24,UConn Huskies,560694,UConn,2024-03-25
12.022600860595674,15.72999954223635,688,FALSE,112049771,'2nd 02:33 : 2pt pull up jump shot (inside right) missed by Dyaisha Fair(Syracuse),5254201,560694,561132,2024-03-24,Syracuse Orange,561132,Syracuse,2024-03-25
11.289402008056657,24.45999908447265,688,TRUE,112049794,'2nd 02:30 : 2pt layup (2nd chance) (in the paint) made by Georgia Woolley(Syracuse),5254201,560694,561132,2024-03-24,Syracuse Orange,561132,Syracuse,2024-03-25
6.0160000896453845,26.08499908447265,14927,FALSE,112048913,'1st 04:33 : 2pt layup (off turnover) (under the basket) missed by Kensley Feltner(Belmont),5254249,561013,560553,2024-03-24,Belmont Bruins,560553,Belmont,2024-03-25
6.448400125503536,23.125,14927,TRUE,112048919,'1st 04:19 : 2pt layup (2nd chance;off turnover) (under the basket) made by Tessa Miller(Belmont),5254249,561013,560553,2024-03-24,Belmont Bruins,560553,Belmont,2024-03-25
20.971397705078076,21.3799991607666,539,FALSE,112048928,'1st 03:59 : 2pt pull up jump shot (inside center) missed by Jayla Oden(Penn St.),5254249,561013,560553,2024-03-24,Penn St. Nittany Lions,561013,Penn St.,2024-03-25
12.022600860595674,20.95999908447265,539,TRUE,112048950,'1st 03:30 : 2pt jump shot (off turnover) (in the paint) made by Makenna Marisa(Penn St.) 7-8',5254249,561013,560553,2024-03-24,Penn St. Nittany Lions,561013,Penn St.,2024-03-25
8.948796844482416,20.95999908447265,539,TRUE,112048986,'1st 03:00 : 2pt layup (in the paint) made by Makenna Marisa(Penn St.) 9-10',5254249,561013,560553,2024-03-24,Penn St. Nittany Lions,561013,Penn St.,2024-03-25
8.948800430297851,24.67499923706055,14927,TRUE,112049026,'1st 02:32 : 2pt hook shot (under the basket) made by Tuti Jones(Belmont) 11-10',5254249,561013,560553,2024-03-24,Belmont Bruins,560553,Belmont,2024-03-25
24.787800788879395,11.7200012207031,14927,TRUE,112049044,'1st 02:01 : 3pt jump shot (off turnover) (outside right) made by Kendal Cheesman(Belmont),5254249,561013,560553,2024-03-24,Belmont Bruins,560553,Belmont,2024-03-25
7.914798278808576,27.1550006866455,539,FALSE,112049048,'1st 01:46 : 2pt jump shot (under the basket) missed by Kylie Lavelle(Penn St.),5254249,561013,560553,2024-03-24,Penn St. Nittany Lions,561013,Penn St.,2024-03-25
28.74520172119142,25.4650001525879,539,TRUE,112049066,'1st 00:59.80 : 3pt jump shot (off turnover) (outside center) made by Ashley Owusu(Penn St.),5254249,561013,560553,2024-03-24,Penn St. Nittany Lions,561013,Penn St.,2024-03-25
8.356600322723386,46.78999996185303,539,TRUE,112050412,'3rd 09:42 : 3pt jump shot (outside left) made by Shay Ciezki(Penn St.),5254249,561013,560553,2024-03-24,Penn St. Nittany Lions,561013,Penn St.,2024-03-25
23.46239913940434,9.409999847412102,539,FALSE,112049128,'1st 00:03.40 : 3pt jump shot (off turnover) (outside right) missed by Ashley Owusu(Penn St.),5254249,561013,560553,2024-03-24,Penn St. Nittany Lions,561013,Penn St.,2024-03-25
6.749199838638304,47.21000003814697,14927,FALSE,112049152,'2nd 09:51 : 3pt jump shot (outside left) missed by Kensley Feltner(Belmont),5254249,561013,560553,2024-03-24,Belmont Bruins,560553,Belmont,2024-03-25
19.796397705078064,7.295000076293952,14927,FALSE,112050479,'3rd 09:21 : 3pt jump shot (outside right) missed by Kilyn McGuff(Belmont),5254249,561013,560553,2024-03-24,Belmont Bruins,560553,Belmont,2024-03-25
21.262800788879396,26.79000091552735,539,TRUE,112050507,'3rd 09:04 : 2pt jump shot (inside center) made by Ashley Owusu(Penn St.),5254249,561013,560553,2024-03-24,Penn St. Nittany Lions,561013,Penn St.,2024-03-25
7.914800071716313,26.64999961853025,539,TRUE,112050615,'3rd 08:29 : 2pt driving layup (off turnover) (under the basket) made by Ashley Owusu(Penn St.) 32-36',5254249,561013,560553,2024-03-24,Penn St. Nittany Lions,561013,Penn St.,2024-03-25
14.513602294921824,3.9149999618530273,14927,FALSE,112050622,'3rd 08:15 : 3pt jump shot (outside right) missed by Kendal Cheesman(Belmont),5254249,561013,560553,2024-03-24,Belmont Bruins,560553,Belmont,2024-03-25
20.529600143432628,42.56500005722045,539,FALSE,112050644,'3rd 08:04 : 3pt jump shot (outside left) missed by Ashley Owusu(Penn St.),5254249,561013,560553,2024-03-24,Penn St. Nittany Lions,561013,Penn St.,2024-03-25
8.356599426269497,3.2100000381469727,14927,TRUE,112050721,'3rd 07:41 : 3pt jump shot (outside right) made by Blair Schoenwald(Belmont),5254249,561013,560553,2024-03-24,Belmont Bruins,560553,Belmont,2024-03-25
29.18700286865233,24.76000022888185,539,FALSE,112049228,'2nd 09:22 : 3pt jump shot (outside center) missed by Leilani Kapinus(Penn St.),5254249,561013,560553,2024-03-24,Penn St. Nittany Lions,561013,Penn St.,2024-03-25
17.88820064544677,31.01499938964845,14927,TRUE,112049237,'2nd 09:10 : 2pt jump shot (inside left) made by Emily La Chapell(Belmont),5254249,561013,560553,2024-03-24,Belmont Bruins,560553,Belmont,2024-03-25
16.572199211120605,44.96000003814695,539,FALSE,112050763,'3rd 07:30 : 3pt jump shot (outside left) missed by Makenna Marisa(Penn St.),5254249,561013,560553,2024-03-24,Penn St. Nittany Lions,561013,Penn St.,2024-03-25
6.598799982070919,28.1949996948242,14927,TRUE,112049261,'2nd 08:14 : 2pt layup (off turnover) (under the basket) made by Kilyn McGuff(Belmont) 18-14',5254249,561013,560553,2024-03-24,Belmont Bruins,560553,Belmont,2024-03-25
14.513602294921824,24.76000022888185,539,TRUE,112049288,'2nd 07:51 : 2pt jump shot (in the paint) made by Ali Brigham(Penn St.),5254249,561013,560553,2024-03-24,Penn St. Nittany Lions,561013,Penn St.,2024-03-25
8.647999820709233,47.63499999046326,14927,FALSE,112049294,'2nd 07:30 : 3pt jump shot (outside left) missed by Emily La Chapell(Belmont),5254249,561013,560553,2024-03-24,Belmont Bruins,560553,Belmont,2024-03-25
7.77380043029785,24.5349998474121,539,FALSE,112050887,'3rd 07:00 : 2pt hook shot (under the basket) missed by Ali Brigham(Penn St.),5254249,561013,560553,2024-03-24,Penn St. Nittany Lions,561013,Penn St.,2024-03-25
9.381203155517582,2.930000066757202,14927,FALSE,112050914,'3rd 06:41 : 3pt jump shot (outside right) missed by Tuti Jones(Belmont),5254249,561013,560553,2024-03-24,Belmont Bruins,560553,Belmont,2024-03-25
25.52100143432617,14.194999694824196,14927,TRUE,112050943,'3rd 06:35 : 3pt jump shot (2nd chance) (outside right) made by Blair Schoenwald(Belmont),5254249,561013,560553,2024-03-24,Belmont Bruins,560553,Belmont,2024-03-25
6.157000179290768,26.64999961853025,14927,TRUE,112049299,'2nd 07:19 : 2pt layup (2nd chance) (under the basket) made by Emily La Chapell(Belmont) 21-16',5254249,561013,560553,2024-03-24,Belmont Bruins,560553,Belmont,2024-03-25
6.448400125503536,26.79000091552735,539,TRUE,112050963,'3rd 06:15 : 2pt layup (under the basket) made by Ashley Owusu(Penn St.) 39-38',5254249,561013,560553,2024-03-24,Penn St. Nittany Lions,561013,Penn St.,2024-03-25
20.68,31.4349994659424,14927,TRUE,112049384,'2nd 06:07 : 2pt jump shot (inside left) made by Tessa Miller(Belmont),5254249,561013,560553,2024-03-24,Belmont Bruins,560553,Belmont,2024-03-25
5.86559978485107,47.0699999332428,539,FALSE,112051078,'3rd 05:46 : 3pt jump shot (off turnover) (outside left wing) missed by Shay Ciezki(Penn St.),5254249,561013,560553,2024-03-24,Penn St. Nittany Lions,561013,Penn St.,2024-03-25
17.59680114746091,45.185001373291,14927,FALSE,112051088,'3rd 05:30 : 3pt jump shot (outside left) missed by Kensley Feltner(Belmont),5254249,561013,560553,2024-03-24,Belmont Bruins,560553,Belmont,2024-03-25
7.0405979919433435,27.01499938964845,539,TRUE,112049400,'2nd 05:37 : 2pt layup (under the basket) made by Ashley Owusu(Penn St.),5254249,561013,560553,2024-03-24,Penn St. Nittany Lions,561013,Penn St.,2024-03-25
4.69059978485107,2.564998626709,14927,FALSE,112049405,'2nd 05:18 : 3pt jump shot (outside right wing) missed by Kendal Cheesman(Belmont),5254249,561013,560553,2024-03-24,Belmont Bruins,560553,Belmont,2024-03-25
3.816399946212768,47.0699999332428,14927,FALSE,112049412,'2nd 05:05 : 3pt jump shot (2nd chance) (outside left wing) missed by Kilyn McGuff(Belmont),5254249,561013,560553,2024-03-24,Belmont Bruins,560553,Belmont,2024-03-25
6.0160000896453845,25.8050003051758,14927,TRUE,112049416,'2nd 04:47 : 2pt layup (2nd chance) (under the basket) made by Kilyn McGuff(Belmont) 25-19',5254249,561013,560553,2024-03-24,Belmont Bruins,560553,Belmont,2024-03-25
27.57020172119141,35.04000091552735,539,TRUE,112049422,'2nd 04:38 : 3pt jump shot (outside left) made by Leilani Kapinus(Penn St.),5254249,561013,560553,2024-03-24,Penn St. Nittany Lions,561013,Penn St.,2024-03-25
6.44840057373051,48.42499923706055,539,FALSE,112048602,'1st 09:43 : 3pt jump shot (outside left wing) missed by Shay Ciezki(Penn St.),5254249,561013,560553,2024-03-24,Penn St. Nittany Lions,561013,Penn St.,2024-03-25
6.598796844482422,23.63500022888185,539,TRUE,112048604,'1st 09:38 : 2pt layup (2nd chance) (under the basket) made by Ali Brigham(Penn St.) 0-2',5254249,561013,560553,2024-03-24,Penn St. Nittany Lions,561013,Penn St.,2024-03-25
6.0160000896453845,23.6900005340576,14927,TRUE,112048614,'1st 09:22 : 2pt layup (under the basket) made by Kilyn McGuff(Belmont),5254249,561013,560553,2024-03-24,Belmont Bruins,560553,Belmont,2024-03-25
7.482399139404336,22.9300003051758,539,FALSE,112048623,'1st 09:08 : 2pt layup (under the basket) missed by Makenna Marisa(Penn St.),5254249,561013,560553,2024-03-24,Penn St. Nittany Lions,561013,Penn St.,2024-03-25
10.264800071716266,2.13999938964845,14927,TRUE,112048631,'1st 08:54 : 3pt jump shot (outside right) made by Blair Schoenwald(Belmont),5254249,561013,560553,2024-03-24,Belmont Bruins,560553,Belmont,2024-03-25
6.157002868652327,22.36499977111815,539,TRUE,112048640,'1st 08:29 : 2pt layup (under the basket) made by Ali Brigham(Penn St.),5254249,561013,560553,2024-03-24,Penn St. Nittany Lions,561013,Penn St.,2024-03-25
5.865597991943346,28.70499992370605,539,FALSE,112048656,'1st 07:46 : 2pt jump shot (off turnover) (under the basket) missed by Ashley Owusu(Penn St.),5254249,561013,560553,2024-03-24,Penn St. Nittany Lions,561013,Penn St.,2024-03-25
15.397199211120606,45.38000011444092,14927,FALSE,112048666,'1st 07:28 : 3pt jump shot (outside left) missed by Kilyn McGuff(Belmont),5254249,561013,560553,2024-03-24,Belmont Bruins,560553,Belmont,2024-03-25
21.55420028686524,22.64999961853025,539,FALSE,112048671,'1st 07:17 : 2pt jump shot (inside center) missed by Ashley Owusu(Penn St.),5254249,561013,560553,2024-03-24,Penn St. Nittany Lions,561013,Penn St.,2024-03-25
21.262800788879396,18.76000022888185,539,TRUE,112051183,'3rd 05:08 : 2pt jump shot (off turnover) (inside center) made by Makenna Marisa(Penn St.),5254249,561013,560553,2024-03-24,Penn St. Nittany Lions,561013,Penn St.,2024-03-25
10.114402008056658,30.67499923706055,14927,FALSE,112051212,'3rd 04:48 : 2pt layup (blocked) (in the paint) missed by Emily La Chapell(Belmont),5254249,561013,560553,2024-03-24,Belmont Bruins,560553,Belmont,2024-03-25
13.347999820709196,2.98500061035155,14927,FALSE,112048677,'1st 06:58 : 3pt jump shot (outside right) missed by Kilyn McGuff(Belmont),5254249,561013,560553,2024-03-24,Belmont Bruins,560553,Belmont,2024-03-25
6.44840057373051,23.77499961853025,539,TRUE,112048684,'1st 06:50 : 2pt layup (fast break) (under the basket) made by Leilani Kapinus(Penn St.),5254249,561013,560553,2024-03-24,Penn St. Nittany Lions,561013,Penn St.,2024-03-25
5.282802581787095,2.0850000381469727,539,FALSE,112049539,'2nd 04:06 : 3pt jump shot (outside right wing) missed by Jayla Oden(Penn St.),5254249,561013,560553,2024-03-24,Penn St. Nittany Lions,561013,Penn St.,2024-03-25
7.482399139404336,22.08499908447265,539,FALSE,112049568,'2nd 03:24 : 2pt layup (off turnover) (under the basket) missed by Jayla Oden(Penn St.),5254249,561013,560553,2024-03-24,Penn St. Nittany Lions,561013,Penn St.,2024-03-25
6.890201721191431,28.98500061035155,539,FALSE,112049574,'2nd 03:20 : 2pt layup (2nd chance;off turnover;blocked) (in the paint) missed by Grace Hall(Penn St.),5254249,561013,560553,2024-03-24,Penn St. Nittany Lions,561013,Penn St.,2024-03-25
8.798400573730504,27.7199993133545,539,FALSE,112048748,'1st 06:01 : 2pt jump shot (off turnover) (in the paint) missed by Leilani Kapinus(Penn St.),5254249,561013,560553,2024-03-24,Penn St. Nittany Lions,561013,Penn St.,2024-03-25
6.598799982070919,2.564998626709,14927,FALSE,112048765,'1st 05:45 : 3pt jump shot (outside right wing) missed by Kendal Cheesman(Belmont),5254249,561013,560553,2024-03-24,Belmont Bruins,560553,Belmont,2024-03-25
8.948800430297851,47.0699999332428,14927,FALSE,112048784,'1st 05:30 : 3pt jump shot (2nd chance) (outside left) missed by Emily La Chapell(Belmont),5254249,561013,560553,2024-03-24,Belmont Bruins,560553,Belmont,2024-03-25
12.314000358581518,28.47999954223635,14927,TRUE,112049672,'2nd 02:55 : 2pt jump shot (off turnover) (in the paint) made by Emily La Chapell(Belmont) 28-22',5254249,561013,560553,2024-03-24,Belmont Bruins,560553,Belmont,2024-03-25
26.686599426269495,15.8050003051758,14927,FALSE,112048790,'1st 05:24 : 3pt jump shot (2nd chance) (outside right) missed by Tuti Jones(Belmont),5254249,561013,560553,2024-03-24,Belmont Bruins,560553,Belmont,2024-03-25
5.86559978485107,27.35000038146975,14927,TRUE,112049686,'2nd 02:41 : 2pt layup (off turnover;fast break) (under the basket) made by Emily La Chapell(Belmont) 30-22',5254249,561013,560553,2024-03-24,Belmont Bruins,560553,Belmont,2024-03-25
15.105799713134758,19.125,539,TRUE,112049697,'2nd 02:19 : 2pt jump shot (in the paint) made by Jayla Oden(Penn St.) 30-24',5254249,561013,560553,2024-03-24,Penn St. Nittany Lions,561013,Penn St.,2024-03-25
6.598799982070919,27.35000038146975,14927,FALSE,112049705,'2nd 01:55 : 2pt layup (under the basket) missed by Tessa Miller(Belmont),5254249,561013,560553,2024-03-24,Belmont Bruins,560553,Belmont,2024-03-25
6.016001434326171,43.3499984741211,539,FALSE,112049710,'2nd 01:46 : 2pt jump shot (inside left) missed by Alli Campbell(Penn St.),5254249,561013,560553,2024-03-24,Penn St. Nittany Lions,561013,Penn St.,2024-03-25
8.065201721191428,2.6500000953674316,539,TRUE,112049732,'2nd 01:26 : 3pt jump shot (2nd chance) (outside right) made by Moriah Murray(Penn St.),5254249,561013,560553,2024-03-24,Penn St. Nittany Lions,561013,Penn St.,2024-03-25
24.195599784851105,38.89999961853025,14927,FALSE,112049737,'2nd 01:12 : 3pt jump shot (outside left) missed by Kendal Cheesman(Belmont),5254249,561013,560553,2024-03-24,Belmont Bruins,560553,Belmont,2024-03-25
6.0160000896453845,22.2800006866455,14927,TRUE,112049743,'2nd 01:04 : 2pt layup (2nd chance) (under the basket) made by Tessa Miller(Belmont),5254249,561013,560553,2024-03-24,Belmont Bruins,560553,Belmont,2024-03-25
19.64600143432617,32.08499908447265,539,TRUE,112049752,'2nd 00:55.30 : 2pt jump shot (inside left) made by Jayla Oden(Penn St.) 32-29',5254249,561013,560553,2024-03-24,Penn St. Nittany Lions,561013,Penn St.,2024-03-25
7.77380043029785,30.72999954223635,14927,FALSE,112049754,'2nd 00:29.30 : 2pt layup (blocked) (in the paint) missed by Kensley Feltner(Belmont),5254249,561013,560553,2024-03-24,Belmont Bruins,560553,Belmont,2024-03-25
16.42180114746091,4.929999828338623,306,TRUE,112051489,'2nd 01:14 : 3pt jump shot (outside right) made by Sara Scalia(IND),5254192,560811,560999,2024-03-24,Indiana Hoosiers,560811,Indiana,2024-03-25
28.594800071716264,25.63500022888185,522,FALSE,112051379,'2nd 02:39 : 3pt jump shot (outside center) missed by Payton Verhulst(OKL),5254192,560811,560999,2024-03-24,Oklahoma Sooners,560999,Oklahoma,2024-03-25
19.504999999999995,19.86000061035155,306,TRUE,112051400,'2nd 02:13 : 2pt pull up jump shot (in the paint) made by Chloe Moore-McNeil(IND) 28-26',5254192,560811,560999,2024-03-24,Indiana Hoosiers,560811,Indiana,2024-03-25
21.262800788879396,4.2249984741211,522,FALSE,112051441,'2nd 01:43 : 3pt jump shot (outside right) missed by Payton Verhulst(OKL),5254192,560811,560999,2024-03-24,Oklahoma Sooners,560999,Oklahoma,2024-03-25
8.356599426269497,28.72999954223635,306,FALSE,112051561,'2nd 00:45.90 : 2pt layup (off turnover) (in the paint) missed by Mackenzie Holmes(IND),5254192,560811,560999,2024-03-24,Indiana Hoosiers,560811,Indiana,2024-03-25
11.148399677276569,19.29500007629395,522,TRUE,112051573,'2nd 00:36.90 : 2pt hook shot (in the paint) made by Skylar Vann(OKL),5254192,560811,560999,2024-03-24,Oklahoma Sooners,560999,Oklahoma,2024-03-25
8.21559799194334,29.7199993133545,306,FALSE,112049458,'1st 09:36 : 2pt driving layup (in the paint) missed by Mackenzie Holmes(IND),5254192,560811,560999,2024-03-24,Indiana Hoosiers,560811,Indiana,2024-03-25
7.332000179290768,21.54999923706055,522,TRUE,112049470,'1st 09:16 : 2pt layup (under the basket) made by Skylar Vann(OKL),5254192,560811,560999,2024-03-24,Oklahoma Sooners,560999,Oklahoma,2024-03-25
19.64600143432617,46.1949996948242,306,FALSE,112049474,'1st 09:00 : 3pt jump shot (outside left) missed by Sara Scalia(IND),5254192,560811,560999,2024-03-24,Indiana Hoosiers,560811,Indiana,2024-03-25
9.409400215148892,20.70499992370605,522,TRUE,112049477,'1st 08:46 : 2pt pull up jump shot (in the paint) made by Sahara Williams(OKL) 4-2',5254192,560811,560999,2024-03-24,Oklahoma Sooners,560999,Oklahoma,2024-03-25
6.890201721191431,27.32500076293945,306,TRUE,112049499,'1st 08:29 : 2pt layup (under the basket) made by Mackenzie Holmes(IND) 4-2',5254192,560811,560999,2024-03-24,Indiana Hoosiers,560811,Indiana,2024-03-25
26.686599426269495,24.08499908447265,522,FALSE,112049507,'1st 08:14 : 2pt jump shot (inside center) missed by Sahara Williams(OKL),5254192,560811,560999,2024-03-24,Oklahoma Sooners,560999,Oklahoma,2024-03-25
31.677997131347663,31.82999992370605,306,FALSE,112049515,'1st 08:06 : 3pt jump shot (outside center) missed by Chloe Moore-McNeil(IND),5254192,560811,560999,2024-03-24,Indiana Hoosiers,560811,Indiana,2024-03-25
26.686599426269495,35.35000038146975,522,FALSE,112049523,'1st 07:53 : 3pt pull up jump shot (outside left) missed by Skylar Vann(OKL),5254192,560811,560999,2024-03-24,Oklahoma Sooners,560999,Oklahoma,2024-03-25
23.171001434326172,7.184999942779548,306,TRUE,112049531,'1st 07:41 : 3pt jump shot (outside right) made by Sydney Parrish(IND),5254192,560811,560999,2024-03-24,Indiana Hoosiers,560811,Indiana,2024-03-25
8.356599426269497,27.60499954223635,306,FALSE,112049548,'1st 07:16 : 2pt layup (off turnover;blocked) (under the basket) missed by Mackenzie Holmes(IND),5254192,560811,560999,2024-03-24,Indiana Hoosiers,560811,Indiana,2024-03-25
7.332000179290768,22.8150005340576,522,TRUE,112049555,'1st 07:09 : 2pt layup (fast break) (under the basket) made by Skylar Vann(OKL),5254192,560811,560999,2024-03-24,Oklahoma Sooners,560999,Oklahoma,2024-03-25
10.847600860595662,9.7200002670288,306,FALSE,112049576,'1st 06:38 : 2pt pull up jump shot (inside right) missed by Yarden Garzon(IND) 6-7',5254192,560811,560999,2024-03-24,Indiana Hoosiers,560811,Indiana,2024-03-25
8.507002868652322,23.9449996948242,306,TRUE,112049578,'1st 06:35 : 2pt layup (2nd chance) (under the basket) made by Mackenzie Holmes(IND) 6-7',5254192,560811,560999,2024-03-24,Indiana Hoosiers,560811,Indiana,2024-03-25
8.948800430297851,23.6599998474121,522,FALSE,112049585,'1st 06:27 : 2pt layup (blocked) (under the basket) missed by Beatrice Culliton(OKL),5254192,560811,560999,2024-03-24,Oklahoma Sooners,560999,Oklahoma,2024-03-25
23.462399139404337,41.82999992370605,522,FALSE,112049588,'1st 06:22 : 3pt jump shot (2nd chance) (outside left) missed by Lexy Keys(OKL),5254192,560811,560999,2024-03-24,Oklahoma Sooners,560999,Oklahoma,2024-03-25
6.749199838638304,24.36499977111815,522,TRUE,112049596,'1st 06:19 : 2pt layup (2nd chance) (under the basket) made by Skylar Vann(OKL) 8-7',5254192,560811,560999,2024-03-24,Oklahoma Sooners,560999,Oklahoma,2024-03-25
11.289402008056657,25.4950008392334,306,FALSE,112049602,'1st 05:54 : 2pt layup (in the paint) missed by Chloe Moore-McNeil(IND),5254192,560811,560999,2024-03-24,Indiana Hoosiers,560811,Indiana,2024-03-25
15.397197418212912,27.32500076293945,306,FALSE,112049609,'1st 05:50 : 2pt (2nd chance) (in the paint) missed by IND 8-7',5254192,560811,560999,2024-03-24,Indiana Hoosiers,560811,Indiana,2024-03-25
6.598796844482422,29.4349994659424,306,TRUE,112049634,'1st 05:30 : 2pt driving layup (off turnover) (in the paint) made by Chloe Moore-McNeil(IND) 8-10',5254192,560811,560999,2024-03-24,Indiana Hoosiers,560811,Indiana,2024-03-25
9.531600322723431,23.3799991607666,522,FALSE,112049638,'1st 05:19 : 2pt layup (blocked) (in the paint) missed by Beatrice Culliton(OKL),5254192,560811,560999,2024-03-24,Oklahoma Sooners,560999,Oklahoma,2024-03-25
5.86559978485107,21.54999923706055,522,TRUE,112049662,'1st 05:17 : 2pt layup (2nd chance) (under the basket) made by Skylar Vann(OKL),5254192,560811,560999,2024-03-24,Oklahoma Sooners,560999,Oklahoma,2024-03-25
20.680000000000007,26.47999954223635,306,FALSE,112049682,'1st 04:57 : 2pt jump shot (inside center) missed by Chloe Moore-McNeil(IND),5254192,560811,560999,2024-03-24,Indiana Hoosiers,560811,Indiana,2024-03-25
7.332000179290768,26.6200008392334,522,FALSE,112049684,'1st 04:50 : 2pt driving layup (blocked) (under the basket) missed by Nevaeh Tot(OKL),5254192,560811,560999,2024-03-24,Oklahoma Sooners,560999,Oklahoma,2024-03-25
8.948800430297851,28.72999954223635,522,TRUE,112049802,'1st 04:34 : 2pt turnaround jump shot (2nd chance) (in the paint) made by Aubrey Joens(OKL),5254192,560811,560999,2024-03-24,Oklahoma Sooners,560999,Oklahoma,2024-03-25
14.814402008056677,18.875,306,FALSE,112049809,'1st 04:12 : 2pt floating jump shot (inside right) missed by Sara Scalia(IND),5254192,560811,560999,2024-03-24,Indiana Hoosiers,560811,Indiana,2024-03-25
10.969798278808582,20.72500038146975,306,FALSE,112049827,'1st 04:03 : 2pt driving layup (2nd chance;blocked) (in the paint) missed by Yarden Garzon(IND) 14-10',5254192,560811,560999,2024-03-24,Indiana Hoosiers,560811,Indiana,2024-03-25
8.507000179290769,27.88500022888185,522,TRUE,112049831,'1st 03:56 : 2pt layup (fast break) (under the basket) made by Kiersten Johnson(OKL),5254192,560811,560999,2024-03-24,Oklahoma Sooners,560999,Oklahoma,2024-03-25
11.580799713134748,21.4099998474121,522,TRUE,112049870,'1st 03:28 : 2pt driving layup (in the paint) made by Reyna Scott(OKL) 16-12',5254192,560811,560999,2024-03-24,Oklahoma Sooners,560999,Oklahoma,2024-03-25
7.0405979919433435,20.98500061035155,306,TRUE,112049871,'1st 03:03 : 2pt driving layup (in the paint) made by Mackenzie Holmes(IND),5254192,560811,560999,2024-03-24,Indiana Hoosiers,560811,Indiana,2024-03-25
20.971399497985857,20.13999938964845,522,FALSE,112049881,'1st 02:52 : 2pt jump shot (inside center) missed by Kiersten Johnson(OKL),5254192,560811,560999,2024-03-24,Oklahoma Sooners,560999,Oklahoma,2024-03-25
8.64799713134768,21.27000045776365,306,FALSE,112049884,'1st 02:44 : 2pt driving layup (blocked) (in the paint) missed by Lexus Bargesser(IND),5254192,560811,560999,2024-03-24,Indiana Hoosiers,560811,Indiana,2024-03-25
23.61280258178708,10,306,TRUE,112049897,'1st 02:43 : 3pt jump shot (2nd chance) (outside right) made by Sydney Parrish(IND),5254192,560811,560999,2024-03-24,Indiana Hoosiers,560811,Indiana,2024-03-25
19.354600143432627,4.08499908447265,522,TRUE,112049900,'1st 02:26 : 3pt jump shot (outside right) made by Aubrey Joens(OKL),5254192,560811,560999,2024-03-24,Oklahoma Sooners,560999,Oklahoma,2024-03-25
9.822997131347677,28.5900001525879,306,TRUE,112049919,'1st 02:03 : 2pt driving layup (in the paint) made by Mackenzie Holmes(IND),5254192,560811,560999,2024-03-24,Indiana Hoosiers,560811,Indiana,2024-03-25
29.920199928283736,22.5349998474121,522,FALSE,112049923,'1st 01:53 : 3pt jump shot (outside center) missed by Skylar Vann(OKL),5254192,560811,560999,2024-03-24,Oklahoma Sooners,560999,Oklahoma,2024-03-25
21.11239913940434,30.98500061035155,522,FALSE,112049961,'1st 01:25 : 2pt jump shot (off turnover) (inside center) missed by Skylar Vann(OKL),5254192,560811,560999,2024-03-24,Oklahoma Sooners,560999,Oklahoma,2024-03-25
23.020597991943333,42.67499923706055,306,FALSE,112049965,'1st 01:14 : 3pt jump shot (outside left) missed by Yarden Garzon(IND),5254192,560811,560999,2024-03-24,Indiana Hoosiers,560811,Indiana,2024-03-25
9.822997131347677,22.39500045776365,306,FALSE,112049967,'1st 01:09 : 2pt layup (2nd chance;blocked) (in the paint) missed by Mackenzie Holmes(IND),5254192,560811,560999,2024-03-24,Indiana Hoosiers,560811,Indiana,2024-03-25
11.148400573730498,28.875,306,FALSE,112050009,'1st 00:37.30 : 2pt layup (off turnover) (in the paint) missed by Julianna LaMendola(IND),5254192,560811,560999,2024-03-24,Indiana Hoosiers,560811,Indiana,2024-03-25
21.554200286865253,25.91500091552735,522,FALSE,112050020,'1st 00:09.70 : 2pt jump shot (inside center) missed by Skylar Vann(OKL),5254192,560811,560999,2024-03-24,Oklahoma Sooners,560999,Oklahoma,2024-03-25
7.181599874496465,20.70499992370605,522,TRUE,112050574,'2nd 06:06 : 2pt layup (in the paint) made by Aubrey Joens(OKL),5254192,560811,560999,2024-03-24,Oklahoma Sooners,560999,Oklahoma,2024-03-25
8.64799713134768,19.7199993133545,306,FALSE,112050620,'2nd 05:41 : 2pt turnaround jump shot (blocked) (in the paint) missed by Lilly Meister(IND),5254192,560811,560999,2024-03-24,Indiana Hoosiers,560811,Indiana,2024-03-25
8.065199928283686,28.875,522,FALSE,112050677,'2nd 05:30 : 2pt driving layup (off turnover;blocked) (in the paint) missed by Aubrey Joens(OKL),5254192,560811,560999,2024-03-24,Oklahoma Sooners,560999,Oklahoma,2024-03-25
21.554200286865253,42.11499977111815,522,TRUE,112050155,'2nd 09:32 : 3pt jump shot (outside left) made by Payton Verhulst(OKL),5254192,560811,560999,2024-03-24,Oklahoma Sooners,560999,Oklahoma,2024-03-25
6.44840057373051,20.8449993133545,306,FALSE,112050175,'2nd 09:17 : 2pt layup (in the paint) missed by Sydney Parrish(IND),5254192,560811,560999,2024-03-24,Indiana Hoosiers,560811,Indiana,2024-03-25
8.065201721191428,24.08499908447265,306,TRUE,112050177,'2nd 09:15 : 2pt layup (2nd chance) (under the basket) made by Sydney Parrish(IND) 22-21',5254192,560811,560999,2024-03-24,Indiana Hoosiers,560811,Indiana,2024-03-25
5.574199838638304,27.88500022888185,522,FALSE,112050195,'2nd 08:51 : 2pt driving layup (under the basket) missed by Nevaeh Tot(OKL),5254192,560811,560999,2024-03-24,Oklahoma Sooners,560999,Oklahoma,2024-03-25
31.96940200805667,30.42499923706055,306,FALSE,112050259,'2nd 08:19 : 3pt jump shot (outside center) missed by Chloe Moore-McNeil(IND),5254192,560811,560999,2024-03-24,Indiana Hoosiers,560811,Indiana,2024-03-25
9.822999820709192,21.54999923706055,522,FALSE,112050261,'2nd 08:09 : 2pt layup (blocked) (in the paint) missed by Lexy Keys(OKL),5254192,560811,560999,2024-03-24,Oklahoma Sooners,560999,Oklahoma,2024-03-25
25.370599784851105,10.7050018310547,522,FALSE,112050688,'2nd 05:26 : 3pt jump shot (2nd chance;off turnover) (outside right) missed by Payton Verhulst(OKL),5254192,560811,560999,2024-03-24,Oklahoma Sooners,560999,Oklahoma,2024-03-25
14.081203155517583,17.465000152587898,306,FALSE,112050842,'2nd 04:51 : 2pt jump shot (inside right) missed by Lilly Meister(IND),5254192,560811,560999,2024-03-24,Indiana Hoosiers,560811,Indiana,2024-03-25
9.531600322723431,24.36499977111815,522,FALSE,112050283,'2nd 08:05 : 2pt layup (2nd chance) (under the basket) missed by Beatrice Culliton(OKL),5254192,560811,560999,2024-03-24,Oklahoma Sooners,560999,Oklahoma,2024-03-25
29.76979827880858,24.36499977111815,306,FALSE,112050295,'2nd 07:39 : 3pt pull up jump shot (outside center) missed by Sara Scalia(IND),5254192,560811,560999,2024-03-24,Indiana Hoosiers,560811,Indiana,2024-03-25
9.682000179290808,22.5349998474121,522,FALSE,112050333,'2nd 07:24 : 2pt layup (in the paint) missed by Skylar Vann(OKL),5254192,560811,560999,2024-03-24,Oklahoma Sooners,560999,Oklahoma,2024-03-25
23.31200286865233,9.86499977111815,306,FALSE,112050342,'2nd 07:16 : 3pt jump shot (outside right) missed by Sydney Parrish(IND) 22-21',5254192,560811,560999,2024-03-24,Indiana Hoosiers,560811,Indiana,2024-03-25
30.35260086059566,27.04000091552735,522,FALSE,112050389,'2nd 07:05 : 3pt jump shot (outside center) missed by Skylar Vann(OKL),5254192,560811,560999,2024-03-24,Oklahoma Sooners,560999,Oklahoma,2024-03-25
8.798400573730504,21.4099998474121,306,FALSE,112050407,'2nd 06:54 : 2pt layup (blocked) (in the paint) missed by Mackenzie Holmes(IND),5254192,560811,560999,2024-03-24,Indiana Hoosiers,560811,Indiana,2024-03-25
16.28079971313475,22.39500045776365,522,FALSE,112050419,'2nd 06:43 : 2pt turnaround jump shot (in the paint) missed by Skylar Vann(OKL),5254192,560811,560999,2024-03-24,Oklahoma Sooners,560999,Oklahoma,2024-03-25
6.307400035858152,23.10000038146975,522,TRUE,112050422,'2nd 06:40 : 2pt layup (2nd chance) (under the basket) made by Beatrice Culliton(OKL) 24-21',5254192,560811,560999,2024-03-24,Oklahoma Sooners,560999,Oklahoma,2024-03-25
26.254200286865252,12.5349998474121,522,FALSE,112050867,'2nd 04:36 : 3pt pull up jump shot (outside right) missed by Payton Verhulst(OKL),5254192,560811,560999,2024-03-24,Oklahoma Sooners,560999,Oklahoma,2024-03-25
6.598796844482422,26.76000022888185,306,TRUE,112050906,'2nd 04:11 : 2pt driving layup (under the basket) made by Sydney Parrish(IND),5254192,560811,560999,2024-03-24,Indiana Hoosiers,560811,Indiana,2024-03-25
8.798399677276615,11.54999923706055,522,FALSE,112051255,'2nd 04:01 : 2pt jump shot (inside right) missed by Landry Allen(OKL),5254192,560811,560999,2024-03-24,Oklahoma Sooners,560999,Oklahoma,2024-03-25
7.482400035858152,26.76000022888185,522,TRUE,112051299,'2nd 03:38 : 2pt driving layup (off turnover;fast break) (under the basket) made by Reyna Scott(OKL) 28-24',5254192,560811,560999,2024-03-24,Oklahoma Sooners,560999,Oklahoma,2024-03-25
21.262800788879396,19.86000061035155,522,FALSE,112051336,'2nd 03:00 : 2pt jump shot (off turnover) (inside center) missed by Landry Allen(OKL),5254192,560811,560999,2024-03-24,Oklahoma Sooners,560999,Oklahoma,2024-03-25
12.906203155517574,25.63500022888185,306,FALSE,112051358,'2nd 02:48 : 2pt hook shot (in the paint) missed by Mackenzie Holmes(IND),5254192,560811,560999,2024-03-24,Indiana Hoosiers,560811,Indiana,2024-03-25
9.531599426269494,22.67499923706055,716,FALSE,112050327,'1st 09:47 : 2pt layup (in the paint) missed by Tai&#39;Sheka Porchia(TROY),5254425,561165,560753,2024-03-24,Troy Trojans,561165,Troy,2024-03-25
9.68200286865232,35.0699996948242,716,FALSE,112050336,'1st 09:42 : 2pt jump shot (2nd chance) (inside left) missed by Ja&#39;Mia Hollings(TROY),5254425,561165,560753,2024-03-24,Troy Trojans,561165,Troy,2024-03-25
13.489000358581515,25.91500091552735,231,FALSE,112050343,'1st 09:32 : 2pt jump shot (in the paint) missed by Courtney Prenger(FIU),5254425,561165,560753,2024-03-24,FIU Panthers,560753,FIU,2024-03-25
8.948796844482416,24.9300003051758,716,TRUE,112050392,'1st 09:24 : 2pt layup (fast break) (under the basket) made by Shaulana Wagner(TROY) 0-2',5254425,561165,560753,2024-03-24,Troy Trojans,561165,Troy,2024-03-25
6.749199838638304,23.52000045776365,231,TRUE,112050406,'1st 09:08 : 2pt layup (under the basket) made by Courtney Prenger(FIU) 2-2',5254425,561165,560753,2024-03-24,FIU Panthers,560753,FIU,2024-03-25
12.172997131347673,26.6200008392334,716,TRUE,112050420,'1st 08:58 : 2pt jump shot (in the paint) made by Nia Daniel(TROY) 2-4',5254425,561165,560753,2024-03-24,Troy Trojans,561165,Troy,2024-03-25
21.704600143432625,36.0550003051758,231,FALSE,112050437,'1st 08:48 : 2pt jump shot (inside left) missed by Tanajah Hayes(FIU),5254425,561165,560753,2024-03-24,FIU Panthers,560753,FIU,2024-03-25
13.639402008056663,28.0300006866455,716,FALSE,112050459,'1st 08:40 : 2pt jump shot (in the paint) missed by Nia Daniel(TROY),5254425,561165,560753,2024-03-24,Troy Trojans,561165,Troy,2024-03-25
5.640000000000001,25,716,TRUE,112050464,'1st 08:36 : 2pt layup (2nd chance) (under the basket) made by Ja&#39;Mia Hollings(TROY) 2-6',5254425,561165,560753,2024-03-24,Troy Trojans,561165,Troy,2024-03-25
9.531600322723431,25.20999908447265,231,TRUE,112050490,'1st 08:22 : 2pt layup (under the basket) made by Courtney Prenger(FIU) 4-6',5254425,561165,560753,2024-03-24,FIU Panthers,560753,FIU,2024-03-25
5.132399139404328,21.54999923706055,716,TRUE,112050511,'1st 08:15 : 2pt layup (fast break) (under the basket) made by Nia Daniel(TROY),5254425,561165,560753,2024-03-24,Troy Trojans,561165,Troy,2024-03-25
24.34599964141848,9.57500076293945,231,FALSE,112050540,'1st 07:54 : 3pt jump shot (outside right) missed by Olivia Trice(FIU),5254425,561165,560753,2024-03-24,FIU Panthers,560753,FIU,2024-03-25
6.749199838638304,47.88499999046326,231,FALSE,112050632,'1st 07:27 : 3pt jump shot (off turnover) (outside left) missed by Olivia Trice(FIU),5254425,561165,560753,2024-03-24,FIU Panthers,560753,FIU,2024-03-25
19.796397705078064,36.9000015258789,716,TRUE,112050636,'1st 07:20 : 2pt jump shot (inside left) made by Makayia Hallmon(TROY) 4-10',5254425,561165,560753,2024-03-24,Troy Trojans,561165,Troy,2024-03-25
7.181599874496465,27.04000091552735,231,TRUE,112050725,'1st 07:02 : 2pt layup (under the basket) made by Courtney Prenger(FIU),5254425,561165,560753,2024-03-24,FIU Panthers,560753,FIU,2024-03-25
13.047200107574447,26.76000022888185,231,TRUE,112050800,'1st 06:50 : 2pt layup (off turnover) (in the paint) made by Courtney Prenger(FIU) 8-10',5254425,561165,560753,2024-03-24,FIU Panthers,560753,FIU,2024-03-25
7.1815994262695,24.64999961853025,716,FALSE,112050812,'1st 06:40 : 2pt layup (blocked) (under the basket) missed by Nia Daniel(TROY),5254425,561165,560753,2024-03-24,Troy Trojans,561165,Troy,2024-03-25
8.21559799194334,25.0699996948242,716,TRUE,112050845,'1st 06:35 : 2pt layup (2nd chance) (under the basket) made by Nia Daniel(TROY) 8-12',5254425,561165,560753,2024-03-24,Troy Trojans,561165,Troy,2024-03-25
10.706600322723432,26.0550003051758,231,TRUE,112050857,'1st 06:25 : 2pt layup (in the paint) made by Courtney Prenger(FIU),5254425,561165,560753,2024-03-24,FIU Panthers,560753,FIU,2024-03-25
18.912802581787076,35.7750015258789,716,TRUE,112050859,'1st 06:17 : 2pt jump shot (fast break) (inside left) made by Leilani Augmon(TROY),5254425,561165,560753,2024-03-24,Troy Trojans,561165,Troy,2024-03-25
10.264800071716266,26.89999961853025,231,TRUE,112050957,'1st 05:46 : 2pt layup (in the paint) made by Courtney Prenger(FIU),5254425,561165,560753,2024-03-24,FIU Panthers,560753,FIU,2024-03-25
15.688602294921822,3.944999933242798,716,FALSE,112050993,'1st 05:39 : 3pt jump shot (outside right) missed by Makayia Hallmon(TROY),5254425,561165,560753,2024-03-24,Troy Trojans,561165,Troy,2024-03-25
25.953400573730505,36.3400001525879,231,TRUE,112051006,'1st 05:31 : 3pt jump shot (outside left) made by Mya Kone(FIU),5254425,561165,560753,2024-03-24,FIU Panthers,560753,FIU,2024-03-25
26.103796844482417,39.86000061035155,716,FALSE,112051051,'1st 05:06 : 3pt jump shot (outside left) missed by Makayia Hallmon(TROY),5254425,561165,560753,2024-03-24,Troy Trojans,561165,Troy,2024-03-25
11.289402008056657,8.875,716,FALSE,112051077,'1st 04:49 : 2pt jump shot (off turnover) (inside right) missed by Sharonica Hartsfield(TROY),5254425,561165,560753,2024-03-24,Troy Trojans,561165,Troy,2024-03-25
8.21559799194334,20.42499923706055,716,FALSE,112051093,'1st 04:34 : 2pt layup (off turnover;blocked) (in the paint) missed by Sharonica Hartsfield(TROY),5254425,561165,560753,2024-03-24,Troy Trojans,561165,Troy,2024-03-25
9.531600322723431,26.0550003051758,231,TRUE,112051465,'1st 04:06 : 2pt layup (under the basket) made by Kaliah Henderson(FIU),5254425,561165,560753,2024-03-24,FIU Panthers,560753,FIU,2024-03-25
8.356599426269497,1.125,716,FALSE,112051503,'1st 03:44 : 3pt jump shot (outside right) missed by Sharonica Hartsfield(TROY),5254425,561165,560753,2024-03-24,Troy Trojans,561165,Troy,2024-03-25
7.482400035858152,25.35000038146975,231,TRUE,112051540,'1st 03:33 : 2pt layup (under the basket) made by Angena Belloso(FIU) 20-16',5254425,561165,560753,2024-03-24,FIU Panthers,560753,FIU,2024-03-25
26.686599426269495,10.2799997329712,716,FALSE,112051547,'1st 03:21 : 3pt jump shot (outside right) missed by Leilani Guion(TROY),5254425,561165,560753,2024-03-24,Troy Trojans,561165,Troy,2024-03-25
7.332000179290768,24.2549991607666,87,FALSE,112050405,'1st 09:46 : 2pt driving layup (under the basket) missed by Riley Makalusky(Butler),5254432,560638,561032,2024-03-24,Butler Bulldogs,560638,Butler,2024-03-25
17.59680114746091,28.2800006866455,559,FALSE,112050438,'1st 09:26 : 2pt pull up jump shot (in the paint) missed by Mary Ashley Stevenson (Purdue),5254432,560638,561032,2024-03-24,Purdue Boilermakers,561032,Purdue,2024-03-25
19.796399497985856,29.32500076293945,87,FALSE,112050457,'1st 09:12 : 2pt pull up jump shot (in the paint) missed by Riley Makalusky(Butler),5254432,560638,561032,2024-03-24,Butler Bulldogs,560638,Butler,2024-03-25
3.374596557617167,23.20999908447265,559,TRUE,112050469,'1st 08:59 : 2pt layup (in the paint) made by Jeanae Terry(Purdue) 2-0',5254432,560638,561032,2024-03-24,Purdue Boilermakers,561032,Purdue,2024-03-25
6.598799982070919,24.95999908447265,87,TRUE,112050512,'1st 08:42 : 2pt layup (under the basket) made by Riley Makalusky(Butler),5254432,560638,561032,2024-03-24,Butler Bulldogs,560638,Butler,2024-03-25
4.690597991943335,40.1150016784668,559,FALSE,112050539,'1st 08:26 : 2pt pull up jump shot (inside left wing) missed by Rashunda Jones(Purdue),5254432,560638,561032,2024-03-24,Purdue Boilermakers,561032,Purdue,2024-03-25
25.370599784851105,40.5900001525879,87,FALSE,112050576,'1st 08:05 : 3pt jump shot (outside left) missed by Karsyn Norman(Butler),5254432,560638,561032,2024-03-24,Butler Bulldogs,560638,Butler,2024-03-25
18.179600143432623,12.8450012207031,87,FALSE,112050621,'1st 08:00 : 2pt pull up jump shot (2nd chance) (inside right) missed by Caroline Strande(Butler),5254432,560638,561032,2024-03-24,Butler Bulldogs,560638,Butler,2024-03-25
1.908198852539087,24.0550003051758,559,TRUE,112050661,'1st 07:42 : 2pt driving layup (in the paint) made by Jeanae Terry(Purdue) 4-2',5254432,560638,561032,2024-03-24,Purdue Boilermakers,561032,Purdue,2024-03-25
29.478400573730504,13.9700012207031,87,FALSE,112050684,'1st 07:21 : 3pt jump shot (outside right) missed by Caroline Strande(Butler),5254432,560638,561032,2024-03-24,Butler Bulldogs,560638,Butler,2024-03-25
29.036599426269493,36.36499977111815,87,TRUE,112050813,'1st 06:44 : 3pt pull up jump shot (off turnover) (outside left) made by Caroline Strande(Butler) 4-5',5254432,560638,561032,2024-03-24,Butler Bulldogs,560638,Butler,2024-03-25
6.307400035858152,27.4950008392334,87,FALSE,112050986,'1st 05:53 : 2pt layup (blocked) (under the basket) missed by Sydney Jaynes(Butler),5254432,560638,561032,2024-03-24,Butler Bulldogs,560638,Butler,2024-03-25
5.91260086059566,29.8199996948242,559,TRUE,112051050,'1st 05:32 : 2pt layup (off turnover) (in the paint) made by Jayla Smith(Purdue) 7-5',5254432,560638,561032,2024-03-24,Purdue Boilermakers,561032,Purdue,2024-03-25
6.598799982070919,23.82999992370605,87,TRUE,112051081,'1st 05:12 : 2pt driving layup (under the basket) made by Rachel Kent(Butler),5254432,560638,561032,2024-03-24,Butler Bulldogs,560638,Butler,2024-03-25
31.085799713134755,27.01499938964845,559,FALSE,112051094,'1st 05:00 : 3pt jump shot (outside center) missed by Alaina Harper(Purdue),5254432,560638,561032,2024-03-24,Purdue Boilermakers,561032,Purdue,2024-03-25
19.64599964141848,29.04000091552735,87,FALSE,112051343,'1st 04:34 : 2pt pull up jump shot (in the paint) missed by Caroline Strande(Butler),5254432,560638,561032,2024-03-24,Butler Bulldogs,560638,Butler,2024-03-25
4.98200286865233,26.17000007629395,559,TRUE,112051378,'1st 04:13 : 2pt driving layup (under the basket) made by Abbey Ellis(Purdue) 9-7',5254432,560638,561032,2024-03-24,Purdue Boilermakers,561032,Purdue,2024-03-25
6.890199928283687,23.125,87,TRUE,112051387,'1st 04:00 : 2pt layup (under the basket) made by Jordan Meulemans(Butler),5254432,560638,561032,2024-03-24,Butler Bulldogs,560638,Butler,2024-03-25
13.639402008056663,34.7599983215332,559,FALSE,112051442,'1st 03:27 : 2pt turnaround jump shot (inside left) missed by Abbey Ellis(Purdue),5254432,560638,561032,2024-03-24,Purdue Boilermakers,561032,Purdue,2024-03-25
28.745199928283736,7.91500091552735,87,FALSE,112051459,'1st 03:19 : 3pt pull up jump shot (outside right) missed by Caroline Strande(Butler),5254432,560638,561032,2024-03-24,Butler Bulldogs,560638,Butler,2024-03-25
6.157002868652327,40.25500106811525,559,FALSE,112051491,'1st 03:00 : 2pt jump shot (inside left) missed by Mila Reynolds(Purdue),5254432,560638,561032,2024-03-24,Purdue Boilermakers,561032,Purdue,2024-03-25
21.41320064544677,18.3400001525879,87,FALSE,112051577,'1st 02:28 : 2pt pull up jump shot (inside right) missed by Ari Wiggins(Butler),5254432,560638,561032,2024-03-24,Butler Bulldogs,560638,Butler,2024-03-25
8.21559799194334,26.6200008392334,153,FALSE,112051158,'1st 05:03 : 2pt layup (under the basket) missed by Tiasia McMillan(COL),5254429,561030,560686,2024-03-24,Colgate Raiders,560686,Colgate,2024-03-25
8.948800430297851,22.67499923706055,556,TRUE,112051164,'1st 04:48 : 2pt layup (under the basket) made by Sarah Bandoma(PRO),5254429,561030,560686,2024-03-24,Providence Friars,561030,Providence,2024-03-25
13.047197418212916,23.52000045776365,153,FALSE,112051216,'1st 04:19 : 2pt driving layup (in the paint) missed by Tiasia McMillan(COL),5254429,561030,560686,2024-03-24,Colgate Raiders,560686,Colgate,2024-03-25
9.240201721191426,43.8050003051758,153,FALSE,112051575,'1st 03:40 : 2pt jump shot (inside left) missed by Sophia Diehl(COL),5254429,561030,560686,2024-03-24,Colgate Raiders,560686,Colgate,2024-03-25
4.549600143432617,23.10000038146975,556,TRUE,112050397,'1st 09:54 : 2pt driving layup (under the basket) made by Grace Efosa(PRO) 0-2',5254429,561030,560686,2024-03-24,Providence Friars,561030,Providence,2024-03-25
8.948796844482416,47.74499893188475,153,FALSE,112050436,'1st 09:30 : 3pt jump shot (outside left) missed by Taylor Golembiewski(COL),5254429,561030,560686,2024-03-24,Colgate Raiders,560686,Colgate,2024-03-25
20.971397705078076,27.4650001525879,153,TRUE,112050517,'1st 08:50 : 2pt pull up jump shot (off turnover) (inside center) made by Alexa Brodie(COL) 2-2',5254429,561030,560686,2024-03-24,Colgate Raiders,560686,Colgate,2024-03-25
25.370599784851105,38.72999954223635,556,FALSE,112050563,'1st 08:29 : 3pt jump shot (outside left) missed by Brynn Farrell(PRO),5254429,561030,560686,2024-03-24,Providence Friars,561030,Providence,2024-03-25
8.647999820709233,24.22500038146975,556,FALSE,112050955,'1st 06:57 : 2pt driving layup (off turnover) (under the basket) missed by Grace Efosa(PRO),5254429,561030,560686,2024-03-24,Providence Friars,561030,Providence,2024-03-25
19.063198852539088,39.435001373291,153,TRUE,112050968,'1st 06:46 : 2pt jump shot (inside left) made by Tiasia McMillan(COL),5254429,561030,560686,2024-03-24,Colgate Raiders,560686,Colgate,2024-03-25
10.706600322723432,22.8150005340576,556,FALSE,112050749,'1st 08:01 : 2pt driving layup (in the paint) missed by Grace Efosa(PRO),5254429,561030,560686,2024-03-24,Providence Friars,561030,Providence,2024-03-25
22.87959655761716,6.619999885559103,153,FALSE,112050778,'1st 07:50 : 3pt jump shot (outside right) missed by Sophia Diehl(COL),5254429,561030,560686,2024-03-24,Colgate Raiders,560686,Colgate,2024-03-25
23.904200286865247,9.574999809265153,153,FALSE,112051075,'1st 05:49 : 3pt jump shot (off turnover) (outside right) missed by Alexa Brodie(COL),5254429,561030,560686,2024-03-24,Colgate Raiders,560686,Colgate,2024-03-25
5.4237999820709195,22.95999908447265,556,TRUE,112051084,'1st 05:44 : 2pt layup (fast break) (under the basket) made by Nariah Scott(PRO),5254429,561030,560686,2024-03-24,Providence Friars,561030,Providence,2024-03-25
4.841001434326174,22.9300003051758,498,FALSE,112053340,'1st 06:36 : 2pt jump shot (off turnover) (under the basket) missed by Katlyn Manuel(ULM),5254428,560971,560778,2024-03-25,ULM Warhawks,560971,ULM,2024-03-26
7.623399677276614,2.564998626709,261,FALSE,112053348,'1st 06:29 : 3pt jump shot (outside right) missed by Jordyn Carter(Grambling),5254428,560971,560778,2024-03-25,Grambling Lady Tigers,560778,Grambling,2024-03-26
8.21559799194334,20.39500045776365,498,FALSE,112055224,'2nd 05:44 : 2pt jump shot (off turnover) (in the paint) missed by Daisha Bradford(ULM),5254428,560971,560778,2024-03-25,ULM Warhawks,560971,ULM,2024-03-26
17.747199211120606,12.7050018310547,261,FALSE,112055271,'2nd 05:20 : 2pt jump shot (inside right) missed by Amanda Blake(Grambling),5254428,560971,560778,2024-03-25,Grambling Lady Tigers,560778,Grambling,2024-03-26
22.57880043029788,22.5650005340576,261,FALSE,112053401,'1st 06:24 : 2pt pull up jump shot (2nd chance) (inside center) missed by Jordyn Carter(Grambling),5254428,560971,560778,2024-03-25,Grambling Lady Tigers,560778,Grambling,2024-03-26
7.482399139404336,47.57500076293945,498,FALSE,112054918,'2nd 08:08 : 3pt jump shot (2nd chance) (outside left) missed by Daisha Bradford(ULM),5254428,560971,560778,2024-03-25,ULM Warhawks,560971,ULM,2024-03-26
9.973399677276568,40.3100004196167,261,FALSE,112054933,'2nd 07:59 : 2pt pull up jump shot (inside left) missed by Kahia Warmsley(Grambling),5254428,560971,560778,2024-03-25,Grambling Lady Tigers,560778,Grambling,2024-03-26
4.549596557617164,22.9300003051758,498,FALSE,112054936,'2nd 07:49 : 2pt layup (under the basket) missed by Brianna Harris(ULM),5254428,560971,560778,2024-03-25,ULM Warhawks,560971,ULM,2024-03-26
4.690597991943335,23.0699996948242,498,TRUE,112055936,'2nd 02:13 : 2pt layup (2nd chance) (under the basket) made by Brianna Harris(ULM),5254428,560971,560778,2024-03-25,ULM Warhawks,560971,ULM,2024-03-26
25.953400573730505,7.91500091552735,261,FALSE,112055367,'2nd 05:02 : 3pt jump shot (outside right) missed by Kahia Warmsley(Grambling),5254428,560971,560778,2024-03-25,Grambling Lady Tigers,560778,Grambling,2024-03-26
28.453796844482422,32.08499908447265,498,TRUE,112054313,'1st 00:52.50 : 3pt jump shot (off turnover) (outside center) made by Brianna Harris(ULM),5254428,560971,560778,2024-03-25,ULM Warhawks,560971,ULM,2024-03-26
7.04059978485107,47.0699999332428,261,TRUE,112054959,'2nd 07:39 : 3pt jump shot (outside left) made by Douthsine Prien(Grambling),5254428,560971,560778,2024-03-25,Grambling Lady Tigers,560778,Grambling,2024-03-26
24.054600143432623,19.4650001525879,261,TRUE,112054327,'1st 00:35.40 : 2pt pull up jump shot (inside center) made by Zayla Tinner(Grambling) 11-21',5254428,560971,560778,2024-03-25,Grambling Lady Tigers,560778,Grambling,2024-03-26
29.619402008056667,26.45000076293945,498,FALSE,112056093,'2nd 01:35 : 3pt jump shot (outside center) missed by Olivia Knight(ULM),5254428,560971,560778,2024-03-25,ULM Warhawks,560971,ULM,2024-03-26
5.71520172119142,27.4349994659424,498,TRUE,112056102,'2nd 01:25 : 2pt layup (2nd chance) (under the basket) made by Jakayla Johnson(ULM) 28-45',5254428,560971,560778,2024-03-25,ULM Warhawks,560971,ULM,2024-03-26
15.98,14.25500106811525,261,FALSE,112056147,'2nd 01:19 : 2pt pull up jump shot (inside right) missed by Kahia Warmsley(Grambling),5254428,560971,560778,2024-03-25,Grambling Lady Tigers,560778,Grambling,2024-03-26
26.545599784851102,10.72999954223635,261,FALSE,112053578,'1st 05:01 : 3pt jump shot (outside right) missed by Jazmyne Jackson(Grambling),5254428,560971,560778,2024-03-25,Grambling Lady Tigers,560778,Grambling,2024-03-26
7.914800071716313,21.29500007629395,261,FALSE,112054441,'1st 00:02.30 : 2pt layup (blocked) (in the paint) missed by Kahia Warmsley(Grambling),5254428,560971,560778,2024-03-25,Grambling Lady Tigers,560778,Grambling,2024-03-26
26.103796844482417,39.54999923706055,498,FALSE,112055061,'2nd 06:56 : 3pt jump shot (off turnover) (outside left) missed by Jakayla Johnson(ULM),5254428,560971,560778,2024-03-25,ULM Warhawks,560971,ULM,2024-03-26
5.86559978485107,28.6200008392334,261,FALSE,112055083,'2nd 06:40 : 2pt layup (off turnover) (under the basket) missed by Jordyn Carter(Grambling),5254428,560971,560778,2024-03-25,Grambling Lady Tigers,560778,Grambling,2024-03-26
26.54559799194334,14.76000022888185,498,TRUE,112055092,'2nd 06:30 : 3pt jump shot (outside right) made by Lauren Gross(ULM),5254428,560971,560778,2024-03-25,ULM Warhawks,560971,ULM,2024-03-26
22.437800788879393,6.9300003051758,261,TRUE,112055101,'2nd 06:21 : 3pt jump shot (outside right) made by Jazmyne Jackson(Grambling),5254428,560971,560778,2024-03-25,Grambling Lady Tigers,560778,Grambling,2024-03-26
18.33,46.310001373291,498,TRUE,112055111,'2nd 06:11 : 3pt jump shot (outside left) made by Jakayla Johnson(ULM),5254428,560971,560778,2024-03-25,ULM Warhawks,560971,ULM,2024-03-26
24.34599964141848,22.98500061035155,261,FALSE,112055581,'2nd 04:22 : 2pt jump shot (off turnover) (inside center) missed by Anijah Grant(Grambling),5254428,560971,560778,2024-03-25,Grambling Lady Tigers,560778,Grambling,2024-03-26
6.0160000896453845,23.9699993133545,261,TRUE,112053872,'1st 04:22 : 2pt driving layup (off turnover) (under the basket) made by Kahia Warmsley(Grambling) 9-12',5254428,560971,560778,2024-03-25,Grambling Lady Tigers,560778,Grambling,2024-03-26
11.148400573730498,21.8050003051758,498,TRUE,112055601,'2nd 04:00 : 2pt pull up jump shot (in the paint) made by Katlyn Manuel(ULM),5254428,560971,560778,2024-03-25,ULM Warhawks,560971,ULM,2024-03-26
6.598796844482422,26.5900001525879,498,TRUE,112052855,'1st 09:43 : 2pt (under the basket) made by Daisha Bradford(ULM) 0-2',5254428,560971,560778,2024-03-25,ULM Warhawks,560971,ULM,2024-03-26
28.15300071716313,31.86000061035155,261,FALSE,112053912,'1st 03:57 : 3pt jump shot (off turnover) (outside center) missed by Arianna Mosley(Grambling),5254428,560971,560778,2024-03-25,Grambling Lady Tigers,560778,Grambling,2024-03-26
5.132399139404328,23.63500022888185,498,FALSE,112053931,'1st 03:38 : 2pt layup (under the basket) missed by Jakayla Johnson(ULM),5254428,560971,560778,2024-03-25,ULM Warhawks,560971,ULM,2024-03-26
28.453796844482422,34.47999954223635,498,FALSE,112055761,'2nd 03:26 : 3pt jump shot (outside left) missed by Brianna Harris(ULM),5254428,560971,560778,2024-03-25,ULM Warhawks,560971,ULM,2024-03-26
29.036599426269493,35.9449996948242,261,FALSE,112055776,'2nd 03:15 : 3pt jump shot (outside left) missed by Jazmyne Jackson(Grambling),5254428,560971,560778,2024-03-25,Grambling Lady Tigers,560778,Grambling,2024-03-26
14.081203155517583,25.4650001525879,498,FALSE,112055799,'2nd 03:06 : 2pt floating jump shot (in the paint) missed by Olivia Knight(ULM),5254428,560971,560778,2024-03-25,ULM Warhawks,560971,ULM,2024-03-26
20.68,44.11499977111815,261,TRUE,112055806,'2nd 02:56 : 3pt jump shot (outside left) made by Jazmyne Jackson(Grambling),5254428,560971,560778,2024-03-25,Grambling Lady Tigers,560778,Grambling,2024-03-26
4.690597991943335,23.77499961853025,498,TRUE,112055827,'2nd 02:41 : 2pt driving layup (under the basket) made by Brianna Harris(ULM) 24-39',5254428,560971,560778,2024-03-25,ULM Warhawks,560971,ULM,2024-03-26
7.623399677276614,22.98500061035155,261,FALSE,112052954,'1st 09:13 : 2pt layup (off turnover) (under the basket) missed by Amanda Blake(Grambling),5254428,560971,560778,2024-03-25,Grambling Lady Tigers,560778,Grambling,2024-03-26
5.64,25,261,FALSE,112052958,'1st 09:08 : 2pt layup (2nd chance;off turnover) (under the basket) missed by Anijah Grant(Grambling),5254428,560971,560778,2024-03-25,Grambling Lady Tigers,560778,Grambling,2024-03-26
5.64,25,261,TRUE,112052961,'1st 09:07 : 2pt layup (2nd chance;off turnover) (under the basket) made by Anijah Grant(Grambling) 2-0',5254428,560971,560778,2024-03-25,Grambling Lady Tigers,560778,Grambling,2024-03-26
5.4237999820709195,26.9300003051758,261,FALSE,112054708,'2nd 09:52 : 2pt layup (blocked) (under the basket) missed by Tiana Gardner(Grambling),5254428,560971,560778,2024-03-25,Grambling Lady Tigers,560778,Grambling,2024-03-26
11.289400215148891,16.6500015258789,261,FALSE,112053101,'1st 08:35 : 2pt jump shot (off turnover) (inside right) missed by Amanda Blake(Grambling),5254428,560971,560778,2024-03-25,Grambling Lady Tigers,560778,Grambling,2024-03-26
10.264800071716266,8.7599983215332,261,FALSE,112054049,'1st 02:46 : 2pt pull up jump shot (inside right) missed by Jazmyne Jackson(Grambling),5254428,560971,560778,2024-03-25,Grambling Lady Tigers,560778,Grambling,2024-03-26
22.879600143432626,12.42499923706055,261,FALSE,112054747,'2nd 09:30 : 2pt jump shot (off turnover) (inside right) missed by Zayla Tinner(Grambling),5254428,560971,560778,2024-03-25,Grambling Lady Tigers,560778,Grambling,2024-03-26
15.838998565673831,13.914999961853049,498,FALSE,112054763,'2nd 09:11 : 2pt pull up jump shot (inside right) missed by Sania Wells(ULM),5254428,560971,560778,2024-03-25,ULM Warhawks,560971,ULM,2024-03-26
20.971397705078076,11.805000305175804,498,TRUE,112053169,'1st 08:09 : 2pt jump shot (inside right) made by Sania Wells(ULM) 2-2',5254428,560971,560778,2024-03-25,ULM Warhawks,560971,ULM,2024-03-26
18.179600143432623,45.38000011444092,261,TRUE,112053178,'1st 07:56 : 3pt jump shot (outside left) made by Zayla Tinner(Grambling),5254428,560971,560778,2024-03-25,Grambling Lady Tigers,560778,Grambling,2024-03-26
4.690597991943335,23.91500091552735,498,TRUE,112053192,'1st 07:44 : 2pt driving layup (under the basket) made by Daisha Bradford(ULM) 5-4',5254428,560971,560778,2024-03-25,ULM Warhawks,560971,ULM,2024-03-26
22.729200286865257,42,261,FALSE,112053821,'1st 04:42 : 3pt jump shot (off turnover) (outside left) missed by Zayla Tinner(Grambling),5254428,560971,560778,2024-03-25,Grambling Lady Tigers,560778,Grambling,2024-03-26
4.690597991943335,23.77499961853025,498,FALSE,112054072,'1st 02:35 : 2pt driving layup (under the basket) missed by Sania Wells(ULM),5254428,560971,560778,2024-03-25,ULM Warhawks,560971,ULM,2024-03-26
10.26479827880857,23.4950008392334,498,TRUE,112054079,'1st 02:30 : 2pt jump shot (2nd chance) (in the paint) made by Katlyn Manuel(ULM) 9-16',5254428,560971,560778,2024-03-25,ULM Warhawks,560971,ULM,2024-03-26
16.863600502014144,45.38000011444092,261,FALSE,112054082,'1st 02:17 : 3pt jump shot (outside left) missed by Jazmyne Jackson(Grambling),5254428,560971,560778,2024-03-25,Grambling Lady Tigers,560778,Grambling,2024-03-26
21.262800788879396,27.63500022888185,261,FALSE,112054774,'2nd 09:04 : 2pt pull up jump shot (inside center) missed by Zayla Tinner(Grambling) 11-23',5254428,560971,560778,2024-03-25,Grambling Lady Tigers,560778,Grambling,2024-03-26
29.327997131347672,22.5049991607666,498,TRUE,112054779,'2nd 08:53 : 3pt jump shot (outside center) made by Sania Wells(ULM),5254428,560971,560778,2024-03-25,ULM Warhawks,560971,ULM,2024-03-26
6.749199838638304,24.5349998474121,261,FALSE,112053477,'1st 05:47 : 2pt layup (under the basket) missed by Zayla Tinner(Grambling),5254428,560971,560778,2024-03-25,Grambling Lady Tigers,560778,Grambling,2024-03-26
5.132399139404328,26.0300006866455,498,TRUE,112053484,'1st 05:29 : 2pt layup (under the basket) made by Katlyn Manuel(ULM),5254428,560971,560778,2024-03-25,ULM Warhawks,560971,ULM,2024-03-26
10.114402008056658,23.91500091552735,498,TRUE,112054807,'2nd 08:28 : 2pt turnaround jump shot (off turnover) (in the paint) made by Brianna Harris(ULM) 11-28',5254428,560971,560778,2024-03-25,ULM Warhawks,560971,ULM,2024-03-26
24.637399139404337,40.25500106811525,498,FALSE,112053289,'1st 07:11 : 3pt jump shot (outside left) missed by Lauren Gross(ULM),5254428,560971,560778,2024-03-25,ULM Warhawks,560971,ULM,2024-03-26
25.079200286865245,10.255000114440897,498,TRUE,112053304,'1st 07:00 : 3pt jump shot (2nd chance) (outside right) made by Brianna Harris(ULM),5254428,560971,560778,2024-03-25,ULM Warhawks,560971,ULM,2024-03-26
5.132400035858152,23.27000045776365,261,FALSE,112054146,'1st 02:00 : 2pt driving layup (off turnover) (under the basket) missed by Douthsine Prien(Grambling),5254428,560971,560778,2024-03-25,Grambling Lady Tigers,560778,Grambling,2024-03-26
6.44840057373051,23.20999908447265,498,FALSE,112054165,'1st 01:39 : 2pt layup (under the basket) missed by Jakayla Johnson(ULM),5254428,560971,560778,2024-03-25,ULM Warhawks,560971,ULM,2024-03-26
5.640000000000001,25,498,TRUE,112054167,'1st 01:36 : 2pt layup (2nd chance) (under the basket) made by Katlyn Manuel(ULM) 9-18',5254428,560971,560778,2024-03-25,ULM Warhawks,560971,ULM,2024-03-26
5.132399139404328,23.77499961853025,498,FALSE,112054873,'2nd 08:12 : 2pt driving layup (under the basket) missed by Daisha Bradford(ULM),5254428,560971,560778,2024-03-25,ULM Warhawks,560971,ULM,2024-03-26
26.686599426269495,34.96000003814695,261,TRUE,112055950,'2nd 02:00 : 3pt jump shot (outside left) made by Jazmyne Jackson(Grambling) 27-43',5254428,560971,560778,2024-03-25,Grambling Lady Tigers,560778,Grambling,2024-03-26
5.71520172119142,24.89999961853025,498,TRUE,112056175,'2nd 00:59.60 : 2pt driving layup (under the basket) made by Jakayla Johnson(ULM) 28-48',5254428,560971,560778,2024-03-25,ULM Warhawks,560971,ULM,2024-03-26
5.574199838638304,23.125,261,TRUE,112056187,'2nd 00:50.00 : 2pt driving layup (under the basket) made by Zayla Tinner(Grambling) 30-48',5254428,560971,560778,2024-03-25,Grambling Lady Tigers,560778,Grambling,2024-03-26
15.397197418212912,30.39500045776365,498,FALSE,112056255,'2nd 00:02.00 : 2pt floating jump shot (off turnover) (in the paint) missed by Jakayla Johnson(ULM),5254428,560971,560778,2024-03-25,ULM Warhawks,560971,ULM,2024-03-26
19.504999999999995,18.70499992370605,261,FALSE,112057085,'3rd 09:48 : 2pt jump shot (inside right) missed by Zayla Tinner(Grambling),5254428,560971,560778,2024-03-25,Grambling Lady Tigers,560778,Grambling,2024-03-26
5.4237999820709195,26.64999961853025,498,FALSE,112057102,'3rd 09:31 : 2pt layup (under the basket) missed by Brianna Harris(ULM),5254428,560971,560778,2024-03-25,ULM Warhawks,560971,ULM,2024-03-26
12.464400215148892,11.01499938964845,498,TRUE,112057105,'3rd 09:28 : 2pt jump shot (2nd chance) (inside right) made by Jakayla Johnson(ULM),5254428,560971,560778,2024-03-25,ULM Warhawks,560971,ULM,2024-03-26
5.423796844482425,26.45000076293945,261,FALSE,112057112,'3rd 09:19 : 2pt layup (under the basket) missed by Douthsine Prien(Grambling),5254428,560971,560778,2024-03-25,Grambling Lady Tigers,560778,Grambling,2024-03-26
5.640000000000001,25,261,TRUE,112057116,'3rd 09:16 : 2pt layup (2nd chance) (under the basket) made by Amanda Blake(Grambling) 32-50',5254428,560971,560778,2024-03-25,Grambling Lady Tigers,560778,Grambling,2024-03-26
21.554200286865253,7.49499893188475,498,TRUE,112057249,'3rd 09:00 : 3pt jump shot (outside right) made by Lauren Gross(ULM),5254428,560971,560778,2024-03-25,ULM Warhawks,560971,ULM,2024-03-26
6.598799982070919,23.54999923706055,498,FALSE,112057281,'3rd 08:27 : 2pt layup (off turnover) (under the basket) missed by Brianna Harris(ULM),5254428,560971,560778,2024-03-25,ULM Warhawks,560971,ULM,2024-03-26
24.34599964141848,7.6349983215332,498,FALSE,112057339,'3rd 08:00 : 3pt jump shot (outside right) missed by Jakayla Johnson(ULM),5254428,560971,560778,2024-03-25,ULM Warhawks,560971,ULM,2024-03-26
6.448400125503536,29.04000091552735,498,TRUE,112057349,'3rd 07:54 : 2pt jump shot (2nd chance) (in the paint) made by Daisha Bradford(ULM) 32-55',5254428,560971,560778,2024-03-25,ULM Warhawks,560971,ULM,2024-03-26
4.690597991943335,26.3099994659424,261,FALSE,112057356,'3rd 07:45 : 2pt driving layup (under the basket) missed by Douthsine Prien(Grambling),5254428,560971,560778,2024-03-25,Grambling Lady Tigers,560778,Grambling,2024-03-26
5.640000000000001,25,261,FALSE,112057358,'3rd 07:41 : 2pt layup (2nd chance) (under the basket) missed by Amanda Blake(Grambling),5254428,560971,560778,2024-03-25,Grambling Lady Tigers,560778,Grambling,2024-03-26
6.448400125503536,26.08499908447265,498,FALSE,112057442,'3rd 07:17 : 2pt layup (2nd chance) (under the basket) missed by Daisha Bradford(ULM),5254428,560971,560778,2024-03-25,ULM Warhawks,560971,ULM,2024-03-26
6.890199928283687,26.79000091552735,498,TRUE,112057456,'3rd 06:58 : 2pt layup (off turnover) (under the basket) made by Jakayla Johnson(ULM),5254428,560971,560778,2024-03-25,ULM Warhawks,560971,ULM,2024-03-26
29.328000717163132,24.8150005340576,498,TRUE,112057478,'3rd 06:34 : 3pt jump shot (off turnover) (outside center) made by Sania Wells(ULM),5254428,560971,560778,2024-03-25,ULM Warhawks,560971,ULM,2024-03-26
7.482399139404336,18.8449993133545,261,FALSE,112057502,'3rd 06:06 : 2pt hook shot (inside right) missed by Kahia Warmsley(Grambling),5254428,560971,560778,2024-03-25,Grambling Lady Tigers,560778,Grambling,2024-03-26
8.356599426269497,48,261,FALSE,112057388,'3rd 07:34 : 3pt jump shot (2nd chance) (outside left) missed by Zayla Tinner(Grambling),5254428,560971,560778,2024-03-25,Grambling Lady Tigers,560778,Grambling,2024-03-26
5.640000000000001,25,261,FALSE,112057395,'3rd 07:28 : 2pt layup (2nd chance) (under the basket) missed by Anijah Grant(Grambling),5254428,560971,560778,2024-03-25,Grambling Lady Tigers,560778,Grambling,2024-03-26
15.98,24.5349998474121,498,TRUE,112057410,'3rd 07:22 : 2pt turnaround jump shot (in the paint) made by Brianna Harris(ULM),5254428,560971,560778,2024-03-25,ULM Warhawks,560971,ULM,2024-03-26
14.222200107574446,26.08499908447265,498,FALSE,112057518,'3rd 05:45 : 2pt pull up jump shot (in the paint) missed by Daisha Bradford(ULM),5254428,560971,560778,2024-03-25,ULM Warhawks,560971,ULM,2024-03-26
17.155,20.875,498,FALSE,112057574,'3rd 05:40 : 2pt jump shot (2nd chance) (in the paint) missed by Katlyn Manuel(ULM),5254428,560971,560778,2024-03-25,ULM Warhawks,560971,ULM,2024-03-26
5.865597991943346,25.7450008392334,261,TRUE,112057588,'3rd 05:19 : 2pt driving layup (under the basket) made by Douthsine Prien(Grambling) 35-62',5254428,560971,560778,2024-03-25,Grambling Lady Tigers,560778,Grambling,2024-03-26
7.332000179290768,34.67500019073485,498,FALSE,112057601,'3rd 05:01 : 2pt turnaround jump shot (inside left) missed by Katlyn Manuel(ULM),5254428,560971,560778,2024-03-25,ULM Warhawks,560971,ULM,2024-03-26
5.132399139404328,25.88500022888185,261,FALSE,112057606,'3rd 04:54 : 2pt driving layup (under the basket) missed by Arianna Mosley(Grambling),5254428,560971,560778,2024-03-25,Grambling Lady Tigers,560778,Grambling,2024-03-26
9.089800071716311,25.0699996948242,441,TRUE,112055218,'1st 08:27 : 2pt (2nd chance;off turnover) (under the basket) made by Montana 5-3',5254412,560965,560914,2024-03-25,Montana Grizzlies,560914,Montana,2024-03-26
9.089800071716311,25.0699996948242,441,FALSE,112055220,'1st 08:27 : 2pt jump shot (2nd chance;off turnover) (under the basket) missed by Carmen Gfeller(Montana),5254412,560965,560914,2024-03-25,Montana Grizzlies,560914,Montana,2024-03-26
11.43979827880858,1.690000057220459,493,FALSE,112055249,'1st 08:11 : 3pt jump shot (outside right) missed by Heaven Hamling(North Dakota St.),5254412,560965,560914,2024-03-25,North Dakota St. Bison,560965,North Dakota St.,2024-03-26
6.44840057373051,23.9449996948242,493,FALSE,112055252,'1st 08:03 : 2pt jump shot (2nd chance) (under the basket) missed by Abby Krzewinski(North Dakota St.),5254412,560965,560914,2024-03-25,North Dakota St. Bison,560965,North Dakota St.,2024-03-26
10.114400215148892,28.3099994659424,441,FALSE,112055305,'1st 07:37 : 2pt layup (blocked) (in the paint) missed by Maggie Espenmiller-McGraw(Montana),5254412,560965,560914,2024-03-25,Montana Grizzlies,560914,Montana,2024-03-26
19.796397705078064,5.210000038146951,493,TRUE,112055339,'1st 07:19 : 3pt jump shot (outside right) made by Elle Evans(North Dakota St.) 3-6',5254412,560965,560914,2024-03-25,North Dakota St. Bison,560965,North Dakota St.,2024-03-26
5.7151999282836865,37.60499954223635,441,TRUE,112055361,'1st 06:53 : 2pt jump shot (inside left) made by Carmen Gfeller(Montana),5254412,560965,560914,2024-03-25,Montana Grizzlies,560914,Montana,2024-03-26
5.865597991943346,28.875,493,FALSE,112055397,'1st 06:28 : 2pt layup (in the paint) missed by Abby Krzewinski(North Dakota St.),5254412,560965,560914,2024-03-25,North Dakota St. Bison,560965,North Dakota St.,2024-03-26
7.623399677276614,22.2549991607666,441,TRUE,112055429,'1st 06:12 : 2pt layup (under the basket) made by Gina Marxen(Montana) 7-6',5254412,560965,560914,2024-03-25,Montana Grizzlies,560914,Montana,2024-03-26
10.415201721191425,24.22500038146975,493,TRUE,112055474,'1st 05:57 : 2pt jump shot (in the paint) made by Avery Koenen(North Dakota St.),5254412,560965,560914,2024-03-25,North Dakota St. Bison,560965,North Dakota St.,2024-03-26
9.089800071716311,22.95999908447265,441,FALSE,112055511,'1st 05:13 : 2pt layup (blocked) (under the basket) missed by Maggie Espenmiller-McGraw(Montana),5254412,560965,560914,2024-03-25,Montana Grizzlies,560914,Montana,2024-03-26
7.482399139404336,20.5650005340576,493,FALSE,112055803,'1st 03:25 : 2pt layup (2nd chance;blocked) (in the paint) missed by Abby Krzewinski(North Dakota St.),5254412,560965,560914,2024-03-25,North Dakota St. Bison,560965,North Dakota St.,2024-03-26
8.065201721191428,28.0300006866455,493,TRUE,112056096,'1st 01:14 : 2pt layup (under the basket) made by Abby Schulte(North Dakota St.) 12-16',5254412,560965,560914,2024-03-25,North Dakota St. Bison,560965,North Dakota St.,2024-03-26
3.515600008964536,47.18499994277954,441,TRUE,112056111,'1st 01:01 : 3pt jump shot (outside left wing) made by Gina Marxen(Montana),5254412,560965,560914,2024-03-25,Montana Grizzlies,560914,Montana,2024-03-26
30.502997131347666,23.9449996948242,493,TRUE,112055138,'1st 09:37 : 3pt jump shot (outside center) made by Abby Krzewinski(North Dakota St.),5254412,560965,560914,2024-03-25,North Dakota St. Bison,560965,North Dakota St.,2024-03-26
10.706600322723432,46.33999991416931,441,TRUE,112055171,'1st 09:11 : 3pt jump shot (outside left) made by Maggie Espenmiller-McGraw(Montana),5254412,560965,560914,2024-03-25,Montana Grizzlies,560914,Montana,2024-03-26
7.482400035858152,27.7450008392334,441,TRUE,112055686,'1st 04:42 : 2pt layup (under the basket) made by Mack Konig(Montana) 9-10',5254412,560965,560914,2024-03-25,Montana Grizzlies,560914,Montana,2024-03-26
6.749200286865246,20.70499992370605,493,TRUE,112055709,'1st 04:20 : 2pt layup (in the paint) made by Avery Koenen(North Dakota St.),5254412,560965,560914,2024-03-25,North Dakota St. Bison,560965,North Dakota St.,2024-03-26
10.997999820709197,20.5650005340576,441,FALSE,112055746,'1st 03:49 : 2pt jump shot (in the paint) missed by Adria Lincoln(Montana),5254412,560965,560914,2024-03-25,Montana Grizzlies,560914,Montana,2024-03-26
9.381203155517582,28.0300006866455,493,FALSE,112055771,'1st 03:32 : 2pt jump shot (in the paint) missed by Avery Koenen(North Dakota St.),5254412,560965,560914,2024-03-25,North Dakota St. Bison,560965,North Dakota St.,2024-03-26
10.114400215148892,28.5900001525879,441,FALSE,112055939,'1st 02:36 : 2pt layup (in the paint) missed by Mack Konig(Montana),5254412,560965,560914,2024-03-25,Montana Grizzlies,560914,Montana,2024-03-26
9.973399677276568,20.5650005340576,441,FALSE,112055959,'1st 02:19 : 2pt layup (off turnover) (in the paint) missed by Mack Konig(Montana),5254412,560965,560914,2024-03-25,Montana Grizzlies,560914,Montana,2024-03-26
10.706600322723432,27.7450008392334,441,FALSE,112055215,'1st 08:31 : 2pt layup (off turnover) (in the paint) missed by Gina Marxen(Montana),5254412,560965,560914,2024-03-25,Montana Grizzlies,560914,Montana,2024-03-26
12.022600860595674,26.89999961853025,493,FALSE,112055999,'1st 01:53 : 2pt jump shot (in the paint) missed by Elle Evans(North Dakota St.),5254412,560965,560914,2024-03-25,North Dakota St. Bison,560965,North Dakota St.,2024-03-26
26.98739913940434,39.7200002670288,441,TRUE,112056066,'1st 01:37 : 3pt jump shot (outside left) made by Maggie Espenmiller-McGraw(Montana) 12-14',5254412,560965,560914,2024-03-25,Montana Grizzlies,560914,Montana,2024-03-26
28.45380043029788,35.0699996948242,441,TRUE,112056534,'2nd 07:00 : 3pt jump shot (outside left) made by Gina Marxen(Montana) 20-21',5254412,560965,560914,2024-03-25,Montana Grizzlies,560914,Montana,2024-03-26
8.21559799194334,28.45000076293945,493,FALSE,112056550,'2nd 06:39 : 2pt jump shot (in the paint) missed by Avery Koenen(North Dakota St.),5254412,560965,560914,2024-03-25,North Dakota St. Bison,560965,North Dakota St.,2024-03-26
23.31199928283687,42.96000003814695,441,TRUE,112056557,'2nd 06:26 : 3pt jump shot (outside left) made by Gina Marxen(Montana),5254412,560965,560914,2024-03-25,Montana Grizzlies,560914,Montana,2024-03-26
10.997999820709197,22.5349998474121,441,FALSE,112056171,'1st 00:37.40 : 2pt layup (off turnover) (in the paint) missed by Gina Marxen(Montana),5254412,560965,560914,2024-03-25,Montana Grizzlies,560914,Montana,2024-03-26
30.503000717163133,31.6900005340576,441,FALSE,112056369,'2nd 09:50 : 3pt jump shot (outside center) missed by Gina Marxen(Montana),5254412,560965,560914,2024-03-25,Montana Grizzlies,560914,Montana,2024-03-26
29.327997131347672,25.77499961853025,493,FALSE,112056376,'2nd 09:41 : 3pt jump shot (outside center) missed by Abbie Draper(North Dakota St.),5254412,560965,560914,2024-03-25,North Dakota St. Bison,560965,North Dakota St.,2024-03-26
8.356600322723386,20.5650005340576,441,FALSE,112056386,'2nd 09:22 : 2pt layup (blocked) (in the paint) missed by Mack Konig(Montana),5254412,560965,560914,2024-03-25,Montana Grizzlies,560914,Montana,2024-03-26
25.662002868652337,37.04000091552735,493,TRUE,112056437,'2nd 08:46 : 3pt jump shot (off turnover) (outside left) made by Elle Evans(North Dakota St.),5254412,560965,560914,2024-03-25,North Dakota St. Bison,560965,North Dakota St.,2024-03-26
9.822997131347677,27.04000091552735,493,FALSE,112056652,'2nd 06:03 : 2pt hook shot (in the paint) missed by Abby Schulte(North Dakota St.),5254412,560965,560914,2024-03-25,North Dakota St. Bison,560965,North Dakota St.,2024-03-26
30.94479827880858,36.0550003051758,441,FALSE,112056668,'2nd 05:50 : 3pt jump shot (outside left) missed by Gina Marxen(Montana),5254412,560965,560914,2024-03-25,Montana Grizzlies,560914,Montana,2024-03-26
9.68200286865232,24.08499908447265,493,FALSE,112056699,'2nd 05:30 : 2pt jump shot (under the basket) missed by Heaven Hamling(North Dakota St.),5254412,560965,560914,2024-03-25,North Dakota St. Bison,560965,North Dakota St.,2024-03-26
8.798399677276615,3.0999984741211,441,FALSE,112056714,'2nd 05:06 : 3pt jump shot (outside right) missed by Carmen Gfeller(Montana),5254412,560965,560914,2024-03-25,Montana Grizzlies,560914,Montana,2024-03-26
6.598796844482422,27.32500076293945,493,TRUE,112056724,'2nd 04:55 : 2pt layup (under the basket) made by Abbie Draper(North Dakota St.),5254412,560965,560914,2024-03-25,North Dakota St. Bison,560965,North Dakota St.,2024-03-26
21.41320064544677,43.3800001144409,441,FALSE,112056916,'2nd 03:43 : 3pt jump shot (outside left) missed by Maggie Espenmiller-McGraw(Montana),5254412,560965,560914,2024-03-25,Montana Grizzlies,560914,Montana,2024-03-26
16.572197418212923,2.674999952316284,493,FALSE,112056921,'2nd 03:34 : 3pt jump shot (outside right) missed by Taryn Hamling(North Dakota St.),5254412,560965,560914,2024-03-25,North Dakota St. Bison,560965,North Dakota St.,2024-03-26
10.114400215148892,22.8150005340576,441,FALSE,112056453,'2nd 08:16 : 2pt layup (in the paint) missed by Alex Pirog(Montana),5254412,560965,560914,2024-03-25,Montana Grizzlies,560914,Montana,2024-03-26
7.0405979919433435,28.17000007629395,493,TRUE,112056839,'2nd 04:30 : 2pt jump shot (off turnover) (under the basket) made by Abbie Draper(North Dakota St.) 23-26',5254412,560965,560914,2024-03-25,North Dakota St. Bison,560965,North Dakota St.,2024-03-26
7.482400035858152,26.47999954223635,441,TRUE,112056859,'2nd 04:11 : 2pt layup (under the basket) made by Adria Lincoln(Montana) 25-26',5254412,560965,560914,2024-03-25,Montana Grizzlies,560914,Montana,2024-03-26
8.21559799194334,21.27000045776365,493,TRUE,112056975,'2nd 03:03 : 2pt layup (in the paint) made by Abbie Draper(North Dakota St.),5254412,560965,560914,2024-03-25,North Dakota St. Bison,560965,North Dakota St.,2024-03-26
16.42179935455323,24.08499908447265,441,FALSE,112056989,'2nd 02:31 : 2pt turnaround jump shot (in the paint) missed by Carmen Gfeller(Montana),5254412,560965,560914,2024-03-25,Montana Grizzlies,560914,Montana,2024-03-26
9.381203155517582,28.5900001525879,493,FALSE,112057002,'2nd 02:02 : 2pt turnaround jump shot (in the paint) missed by Abby Schulte(North Dakota St.),5254412,560965,560914,2024-03-25,North Dakota St. Bison,560965,North Dakota St.,2024-03-26
8.21559978485107,21.9699993133545,441,TRUE,112057036,'2nd 01:50 : 2pt layup (under the basket) made by Carmen Gfeller(Montana),5254412,560965,560914,2024-03-25,Montana Grizzlies,560914,Montana,2024-03-26
8.798400573730504,20.42499923706055,493,FALSE,112057066,'2nd 01:26 : 2pt jump shot (in the paint) missed by Avery Koenen(North Dakota St.),5254412,560965,560914,2024-03-25,North Dakota St. Bison,560965,North Dakota St.,2024-03-26
5.640000000000001,25,493,TRUE,112057069,'2nd 01:21 : 2pt layup (2nd chance) (under the basket) made by Avery Koenen(North Dakota St.) 28-32',5254412,560965,560914,2024-03-25,North Dakota St. Bison,560965,North Dakota St.,2024-03-26
16.863600502014144,29.29500007629395,441,TRUE,112057075,'2nd 01:15 : 2pt jump shot (in the paint) made by Mack Konig(Montana) 30-32',5254412,560965,560914,2024-03-25,Montana Grizzlies,560914,Montana,2024-03-26
20.971397705078076,7.88500022888185,493,TRUE,112057094,'2nd 00:56.40 : 3pt jump shot (outside right) made by Heaven Hamling(North Dakota St.),5254412,560965,560914,2024-03-25,North Dakota St. Bison,560965,North Dakota St.,2024-03-26
30.794398422241212,25.0699996948242,441,FALSE,112057101,'2nd 00:43.30 : 3pt jump shot (outside center) missed by Dani Bartsch(Montana),5254412,560965,560914,2024-03-25,Montana Grizzlies,560914,Montana,2024-03-26
10.997997131347674,28.45000076293945,493,FALSE,112057124,'2nd 00:10.50 : 2pt jump shot (blocked) (in the paint) missed by Avery Koenen(North Dakota St.),5254412,560965,560914,2024-03-25,North Dakota St. Bison,560965,North Dakota St.,2024-03-26
28.45380043029788,40.70499992370605,441,FALSE,112057139,'2nd 00:00.10 : 3pt jump shot (outside left) missed by Gina Marxen(Montana),5254412,560965,560914,2024-03-25,Montana Grizzlies,560914,Montana,2024-03-26
6.307400035858152,21.54999923706055,493,TRUE,112057654,'3rd 09:39 : 2pt layup (under the basket) made by Abby Krzewinski(North Dakota St.),5254412,560965,560914,2024-03-25,North Dakota St. Bison,560965,North Dakota St.,2024-03-26
22.578796844482422,8.3100004196167,441,FALSE,112057657,'3rd 09:26 : 3pt (outside right) missed by Mack Konig(Montana) 30-37',5254412,560965,560914,2024-03-25,Montana Grizzlies,560914,Montana,2024-03-26
10.114402008056658,21.6900005340576,493,TRUE,112056466,'2nd 08:06 : 2pt turnaround jump shot (in the paint) made by Elle Evans(North Dakota St.) 15-21',5254412,560965,560914,2024-03-25,North Dakota St. Bison,560965,North Dakota St.,2024-03-26
16.713200645446772,17.60499954223635,441,TRUE,112056475,'2nd 07:49 : 2pt jump shot (inside right) made by Maggie Espenmiller-McGraw(Montana) 17-21',5254412,560965,560914,2024-03-25,Montana Grizzlies,560914,Montana,2024-03-26
29.76979827880858,23.10000038146975,493,FALSE,112056520,'2nd 07:15 : 3pt jump shot (outside center) missed by Miriley Simon(North Dakota St.),5254412,560965,560914,2024-03-25,North Dakota St. Bison,560965,North Dakota St.,2024-03-26
31.085799713134755,30.11499977111815,661,TRUE,112054916,'1st 09:38 : 3pt jump shot (outside center) made by Meredith Raley(USI),5254438,561263,561227,2024-03-25,Southern Ind. Screaming Eagles,561263,Southern Ind.,2024-03-26
34.018598709106456,11.01499938964845,796,FALSE,112054956,'1st 09:03 : 3pt jump shot (outside right) missed by Sania Copeland(UW),5254438,561263,561227,2024-03-25,Wisconsin Badgers,561227,Wisconsin,2024-03-26
9.089798278808573,23.35000038146975,661,TRUE,112054967,'1st 08:52 : 2pt turnaround jump shot (under the basket) made by Madison Webb(USI),5254438,561263,561227,2024-03-25,Southern Ind. Screaming Eagles,561263,Southern Ind.,2024-03-26
16.130399856567372,25.23999977111815,796,TRUE,112054981,'1st 08:41 : 2pt jump shot (in the paint) made by Ronnie Porter(UW) 2-5',5254438,561263,561227,2024-03-25,Wisconsin Badgers,561227,Wisconsin,2024-03-26
7.914798278808576,27.01499938964845,661,FALSE,112055004,'1st 08:27 : 2pt layup (under the basket) missed by Madison Webb(USI),5254438,561263,561227,2024-03-25,Southern Ind. Screaming Eagles,561263,Southern Ind.,2024-03-26
31.085799713134755,38.42499923706055,661,TRUE,112055029,'1st 08:21 : 3pt jump shot (2nd chance) (outside left) made by Addy Blackwell(USI),5254438,561263,561227,2024-03-25,Southern Ind. Screaming Eagles,561263,Southern Ind.,2024-03-26
3.0831999731063835,47.77500009536743,796,FALSE,112055067,'1st 07:49 : 3pt jump shot (outside left wing) missed by Sania Copeland(UW),5254438,561263,561227,2024-03-25,Wisconsin Badgers,561227,Wisconsin,2024-03-26
8.356599426269497,23.20999908447265,661,FALSE,112055081,'1st 07:36 : 2pt layup (blocked) (under the basket) missed by Meredith Raley(USI),5254438,561263,561227,2024-03-25,Southern Ind. Screaming Eagles,561263,Southern Ind.,2024-03-26
7.623400573730507,22.79000091552735,661,FALSE,112055090,'1st 07:34 : 2pt layup (2nd chance) (under the basket) missed by Madison Webb(USI),5254438,561263,561227,2024-03-25,Southern Ind. Screaming Eagles,561263,Southern Ind.,2024-03-26
6.749199838638304,37.91499996185305,796,TRUE,112055118,'1st 07:13 : 2pt jump shot (inside left) made by Serah Williams(UW) 4-8',5254438,561263,561227,2024-03-25,Wisconsin Badgers,561227,Wisconsin,2024-03-26
32.41119956970212,29.04000091552735,796,FALSE,112055132,'1st 07:04 : 3pt jump shot (off turnover) (outside center) missed by Brooke Schramek(UW),5254438,561263,561227,2024-03-25,Wisconsin Badgers,561227,Wisconsin,2024-03-26
13.488998565673825,33.20999908447265,661,TRUE,112055412,'1st 05:05 : 2pt turnaround jump shot (off turnover) (inside left) made by Vanessa Shafford(USI) 6-14',5254438,561263,561227,2024-03-25,Southern Ind. Screaming Eagles,561263,Southern Ind.,2024-03-26
31.085799713134747,3.27000045776365,661,FALSE,112055421,'1st 04:51 : 3pt (back court) missed by USI 6-14',5254438,561263,561227,2024-03-25,Southern Ind. Screaming Eagles,561263,Southern Ind.,2024-03-26
11.881600322723433,21.57500076293945,796,FALSE,112055600,'1st 04:33 : 2pt layup (blocked) (in the paint) missed by Serah Williams(UW),5254438,561263,561227,2024-03-25,Wisconsin Badgers,561227,Wisconsin,2024-03-26
6.157002868652327,24.1949996948242,661,TRUE,112055612,'1st 04:19 : 2pt layup (under the basket) made by Madison Webb(USI) 6-16',5254438,561263,561227,2024-03-25,Southern Ind. Screaming Eagles,561263,Southern Ind.,2024-03-26
24.195599784851105,7.3499984741211,796,FALSE,112055631,'1st 04:01 : 3pt jump shot (outside right) missed by Ronnie Porter(UW),5254438,561263,561227,2024-03-25,Wisconsin Badgers,561227,Wisconsin,2024-03-26
7.04059978485107,23.54999923706055,796,TRUE,112055635,'1st 03:57 : 2pt layup (2nd chance) (under the basket) made by Serah Williams(UW) 8-16',5254438,561263,561227,2024-03-25,Wisconsin Badgers,561227,Wisconsin,2024-03-26
14.222200107574446,19.88500022888185,796,FALSE,112055695,'1st 03:29 : 2pt layup (off turnover) (in the paint) missed by Ronnie Porter(UW),5254438,561263,561227,2024-03-25,Wisconsin Badgers,561227,Wisconsin,2024-03-26
11.148400573730498,28.70499992370605,661,FALSE,112055775,'1st 03:18 : 2pt layup (off turnover) (in the paint) missed by Triniti Ralston(USI),5254438,561263,561227,2024-03-25,Southern Ind. Screaming Eagles,561263,Southern Ind.,2024-03-26
7.773796844482419,22.08499908447265,661,FALSE,112055860,'1st 02:57 : 2pt layup (off turnover;blocked) (under the basket) missed by Ali Saunders(USI),5254438,561263,561227,2024-03-25,Southern Ind. Screaming Eagles,561263,Southern Ind.,2024-03-26
8.507000179290769,22.8449993133545,796,TRUE,112055867,'1st 02:52 : 2pt layup (fast break) (under the basket) made by Ronnie Porter(UW),5254438,561263,561227,2024-03-25,Wisconsin Badgers,561227,Wisconsin,2024-03-26
10.997997131347674,25.1849994659424,661,FALSE,112055165,'1st 06:46 : 2pt layup (off turnover;blocked) (in the paint) missed by Meredith Raley(USI),5254438,561263,561227,2024-03-25,Southern Ind. Screaming Eagles,561263,Southern Ind.,2024-03-26
9.240201721191426,26.0300006866455,661,TRUE,112055168,'1st 06:39 : 2pt jump shot (2nd chance;off turnover) (under the basket) made by Meredith Raley(USI) 4-10',5254438,561263,561227,2024-03-25,Southern Ind. Screaming Eagles,561263,Southern Ind.,2024-03-26
16.28079971313475,24.5349998474121,796,TRUE,112055187,'1st 06:14 : 2pt jump shot (in the paint) made by Sania Copeland(UW) 6-10',5254438,561263,561227,2024-03-25,Wisconsin Badgers,561227,Wisconsin,2024-03-26
8.21559799194334,21.6599998474121,661,FALSE,112055205,'1st 06:00 : 2pt layup (blocked) (in the paint) missed by Madison Webb(USI),5254438,561263,561227,2024-03-25,Southern Ind. Screaming Eagles,561263,Southern Ind.,2024-03-26
5.282802581787095,48.13999938964845,661,FALSE,112056004,'1st 01:44 : 3pt jump shot (off turnover) (outside left wing) missed by Tori Handley(USI),5254438,561263,561227,2024-03-25,Southern Ind. Screaming Eagles,561263,Southern Ind.,2024-03-26
6.749199838638304,27.35000038146975,796,FALSE,112056065,'1st 01:25 : 2pt jump shot (under the basket) missed by Natalie Leuzinger(UW),5254438,561263,561227,2024-03-25,Wisconsin Badgers,561227,Wisconsin,2024-03-26
32.852997131347664,34.47999954223635,661,TRUE,112056077,'1st 01:14 : 3pt jump shot (outside center) made by Meredith Raley(USI) 10-22',5254438,561263,561227,2024-03-25,Southern Ind. Screaming Eagles,561263,Southern Ind.,2024-03-26
28.3034005737305,40.1150016784668,661,TRUE,112056564,'2nd 09:41 : 3pt jump shot (outside left) made by Ali Saunders(USI),5254438,561263,561227,2024-03-25,Southern Ind. Screaming Eagles,561263,Southern Ind.,2024-03-26
12.02259996414182,25.3799991607666,796,FALSE,112056196,'1st 00:47.90 : 2pt jump shot (in the paint) missed by Ronnie Porter(UW),5254438,561263,561227,2024-03-25,Wisconsin Badgers,561227,Wisconsin,2024-03-26
16.280799713134755,46.875,796,FALSE,112057867,'3rd 09:21 : 3pt jump shot (off turnover) (outside left) missed by Natalie Leuzinger(UW),5254438,561263,561227,2024-03-25,Wisconsin Badgers,561227,Wisconsin,2024-03-26
17.305399856567373,22.98500061035155,661,FALSE,112057870,'3rd 09:07 : 2pt jump shot (in the paint) missed by Madison Webb(USI),5254438,561263,561227,2024-03-25,Southern Ind. Screaming Eagles,561263,Southern Ind.,2024-03-26
8.647999820709233,27.63500022888185,661,FALSE,112057885,'3rd 08:38 : 2pt jump shot (blocked) (under the basket) missed by Madison Webb(USI),5254438,561263,561227,2024-03-25,Southern Ind. Screaming Eagles,561263,Southern Ind.,2024-03-26
32.11979827880858,27.35000038146975,661,FALSE,112058398,'3rd 01:52 : 3pt jump shot (outside center) missed by Addy Blackwell(USI),5254438,561263,561227,2024-03-25,Southern Ind. Screaming Eagles,561263,Southern Ind.,2024-03-26
7.77380043029785,23.54999923706055,661,TRUE,112058471,'3rd 01:39 : 2pt driving layup (under the basket) made by Chloe Gannon(USI),5254438,561263,561227,2024-03-25,Southern Ind. Screaming Eagles,561263,Southern Ind.,2024-03-26
28.453796844482422,39.4099998474121,796,FALSE,112058477,'3rd 01:12 : 3pt jump shot (outside left) missed by Sania Copeland(UW),5254438,561263,561227,2024-03-25,Wisconsin Badgers,561227,Wisconsin,2024-03-26
32.41119956970212,24.39500045776365,661,FALSE,112058518,'3rd 00:38.00 : 3pt jump shot (outside center) missed by Madison Webb(USI),5254438,561263,561227,2024-03-25,Southern Ind. Screaming Eagles,561263,Southern Ind.,2024-03-26
7.0405979919433435,27.7199993133545,796,TRUE,112058634,'4th 09:43 : 2pt layup (fast break) (under the basket) made by Serah Williams(UW),5254438,561263,561227,2024-03-25,Wisconsin Badgers,561227,Wisconsin,2024-03-26
28.15300071716313,10.5900001525879,661,FALSE,112058639,'4th 09:31 : 3pt jump shot (outside right) missed by Triniti Ralston(USI),5254438,561263,561227,2024-03-25,Southern Ind. Screaming Eagles,561263,Southern Ind.,2024-03-26
6.749200286865246,23.77499961853025,796,TRUE,112058653,'4th 09:18 : 2pt layup (off turnover) (under the basket) made by Serah Williams(UW),5254438,561263,561227,2024-03-25,Wisconsin Badgers,561227,Wisconsin,2024-03-26
29.920201721191415,38.42499923706055,661,FALSE,112056405,'1st 00:05.40 : 3pt jump shot (off turnover) (outside left) missed by Vanessa Shafford(USI),5254438,561263,561227,2024-03-25,Southern Ind. Screaming Eagles,561263,Southern Ind.,2024-03-26
20.68,22.70499992370605,661,FALSE,112058779,'4th 08:02 : 2pt jump shot (off turnover) (inside center) missed by Madison Webb(USI),5254438,561263,561227,2024-03-25,Southern Ind. Screaming Eagles,561263,Southern Ind.,2024-03-26
15.688602294921822,31.6599998474121,796,FALSE,112058782,'4th 07:41 : 2pt jump shot (inside left) missed by Serah Williams(UW),5254438,561263,561227,2024-03-25,Wisconsin Badgers,561227,Wisconsin,2024-03-26
20.087800788879395,22.13999938964845,661,FALSE,112058792,'4th 07:18 : 2pt hook shot (inside center) missed by Madison Webb(USI),5254438,561263,561227,2024-03-25,Southern Ind. Screaming Eagles,561263,Southern Ind.,2024-03-26
6.307399139404339,22.64999961853025,796,TRUE,112058795,'4th 07:11 : 2pt layup (fast break) (under the basket) made by Ronnie Porter(UW),5254438,561263,561227,2024-03-25,Wisconsin Badgers,561227,Wisconsin,2024-03-26
5.7151999282836865,47.63499999046326,661,FALSE,112058677,'4th 08:56 : 3pt jump shot (outside left wing) missed by Vanessa Shafford(USI),5254438,561263,561227,2024-03-25,Southern Ind. Screaming Eagles,561263,Southern Ind.,2024-03-26
8.065201721191428,23.20999908447265,796,TRUE,112057897,'3rd 08:28 : 2pt layup (under the basket) made by Ronnie Porter(UW) 29-44',5254438,561263,561227,2024-03-25,Wisconsin Badgers,561227,Wisconsin,2024-03-26
9.973399677276568,24.67499923706055,661,FALSE,112057908,'3rd 08:15 : 2pt layup (in the paint) missed by Ali Saunders(USI),5254438,561263,561227,2024-03-25,Southern Ind. Screaming Eagles,561263,Southern Ind.,2024-03-26
8.065201721191428,48.84500122070315,796,FALSE,112057914,'3rd 07:57 : 3pt jump shot (outside left) missed by Ronnie Porter(UW),5254438,561263,561227,2024-03-25,Wisconsin Badgers,561227,Wisconsin,2024-03-26
17.44639770507807,4.619999885559082,796,FALSE,112057924,'3rd 07:38 : 3pt jump shot (off turnover) (outside right) missed by Natalie Leuzinger(UW),5254438,561263,561227,2024-03-25,Wisconsin Badgers,561227,Wisconsin,2024-03-26
6.598799982070919,22.8449993133545,661,FALSE,112058161,'3rd 03:38 : 2pt layup (blocked) (under the basket) missed by Chloe Gannon(USI),5254438,561263,561227,2024-03-25,Southern Ind. Screaming Eagles,561263,Southern Ind.,2024-03-26
8.948800430297851,27.0699996948242,661,FALSE,112058183,'3rd 03:11 : 2pt layup (blocked) (under the basket) missed by Chloe Gannon(USI),5254438,561263,561227,2024-03-25,Southern Ind. Screaming Eagles,561263,Southern Ind.,2024-03-26
10.706600322723432,22.2800006866455,661,FALSE,112058524,'3rd 00:19.00 : 2pt jump shot (2nd chance) (in the paint) missed by Madison Webb(USI),5254438,561263,561227,2024-03-25,Southern Ind. Screaming Eagles,561263,Southern Ind.,2024-03-26
7.914798278808576,23.20999908447265,796,TRUE,112058526,'3rd 00:12.70 : 2pt layup (fast break) (under the basket) made by Natalie Leuzinger(UW),5254438,561263,561227,2024-03-25,Wisconsin Badgers,561227,Wisconsin,2024-03-26
30.502997131347666,27.86000061035155,796,TRUE,112058554,'3rd 00:02.30 : 3pt jump shot (outside center) made by Sania Copeland(UW),5254438,561263,561227,2024-03-25,Wisconsin Badgers,561227,Wisconsin,2024-03-26
5.7151999282836865,28.76000022888185,661,TRUE,112058812,'4th 06:45 : 2pt layup (under the basket) made by Chloe Gannon(USI),5254438,561263,561227,2024-03-25,Southern Ind. Screaming Eagles,561263,Southern Ind.,2024-03-26
8.647999820709233,27.0699996948242,796,FALSE,112056586,'2nd 09:16 : 2pt layup (blocked) (under the basket) missed by Halle Douglass(UW),5254438,561263,561227,2024-03-25,Wisconsin Badgers,561227,Wisconsin,2024-03-26
4.107799892425535,44.5349998474121,796,FALSE,112056599,'2nd 09:11 : 2pt jump shot (2nd chance) (inside left wing) missed by Serah Williams(UW),5254438,561263,561227,2024-03-25,Wisconsin Badgers,561227,Wisconsin,2024-03-26
12.022600860595674,26.17000007629395,661,FALSE,112056627,'2nd 08:43 : 2pt jump shot (in the paint) missed by Chloe Gannon(USI),5254438,561263,561227,2024-03-25,Southern Ind. Screaming Eagles,561263,Southern Ind.,2024-03-26
31.085799713134755,27.86000061035155,661,TRUE,112056658,'2nd 08:14 : 3pt jump shot (off turnover) (outside center) made by Ali Saunders(USI),5254438,561263,561227,2024-03-25,Southern Ind. Screaming Eagles,561263,Southern Ind.,2024-03-26
18.77179935455323,21.1550006866455,796,FALSE,112056888,'2nd 07:42 : 2pt jump shot (in the paint) missed by Serah Williams(UW),5254438,561263,561227,2024-03-25,Wisconsin Badgers,561227,Wisconsin,2024-03-26
15.688602294921822,47.01499938964845,661,FALSE,112056900,'2nd 07:33 : 3pt jump shot (outside left) missed by Vanessa Shafford(USI),5254438,561263,561227,2024-03-25,Southern Ind. Screaming Eagles,561263,Southern Ind.,2024-03-26
6.307400035858152,26.36499977111815,796,TRUE,112056903,'2nd 07:27 : 2pt layup (fast break) (under the basket) made by Natalie Leuzinger(UW),5254438,561263,561227,2024-03-25,Wisconsin Badgers,561227,Wisconsin,2024-03-26
8.356599426269497,20.95999908447265,661,FALSE,112056923,'2nd 07:05 : 2pt layup (in the paint) missed by Chloe Gannon(USI),5254438,561263,561227,2024-03-25,Southern Ind. Screaming Eagles,561263,Southern Ind.,2024-03-26
13.780399856567374,28.76000022888185,796,FALSE,112056938,'2nd 06:49 : 2pt jump shot (in the paint) missed by Serah Williams(UW),5254438,561263,561227,2024-03-25,Wisconsin Badgers,561227,Wisconsin,2024-03-26
7.482399139404336,21.6599998474121,661,FALSE,112057132,'2nd 04:56 : 2pt layup (under the basket) missed by Vanessa Shafford(USI),5254438,561263,561227,2024-03-25,Southern Ind. Screaming Eagles,561263,Southern Ind.,2024-03-26
16.713200645446772,17.7750015258789,796,FALSE,112057144,'2nd 04:36 : 2pt jump shot (inside right) missed by Ronnie Porter(UW),5254438,561263,561227,2024-03-25,Wisconsin Badgers,561227,Wisconsin,2024-03-26
32.26079971313476,21.52000045776365,661,TRUE,112057156,'2nd 04:20 : 3pt jump shot (outside center) made by Meredith Raley(USI),5254438,561263,561227,2024-03-25,Southern Ind. Screaming Eagles,561263,Southern Ind.,2024-03-26
17.747199211120606,46.78999996185303,796,TRUE,112057167,'2nd 03:56 : 3pt jump shot (outside left) made by Leena Patibandla(UW),5254438,561263,561227,2024-03-25,Wisconsin Badgers,561227,Wisconsin,2024-03-26
8.21559799194334,26.0300006866455,661,TRUE,112057192,'2nd 03:29 : 2pt turnaround jump shot (under the basket) made by Madison Webb(USI),5254438,561263,561227,2024-03-25,Southern Ind. Screaming Eagles,561263,Southern Ind.,2024-03-26
29.18699928283687,34.11499977111815,796,TRUE,112057207,'2nd 03:10 : 3pt jump shot (outside center) made by Ronnie Porter(UW),5254438,561263,561227,2024-03-25,Wisconsin Badgers,561227,Wisconsin,2024-03-26
8.065201721191428,23.0699996948242,661,FALSE,112057222,'2nd 02:47 : 2pt layup (blocked) (under the basket) missed by Madison Webb(USI),5254438,561263,561227,2024-03-25,Southern Ind. Screaming Eagles,561263,Southern Ind.,2024-03-26
9.240201721191426,37.435001373291,661,FALSE,112056965,'2nd 06:33 : 2pt jump shot (inside left) missed by Chloe Gannon(USI),5254438,561263,561227,2024-03-25,Southern Ind. Screaming Eagles,561263,Southern Ind.,2024-03-26
5.282802581787095,22.79000091552735,661,TRUE,112057082,'2nd 05:53 : 2pt layup (under the basket) made by Tori Handley(USI),5254438,561263,561227,2024-03-25,Southern Ind. Screaming Eagles,561263,Southern Ind.,2024-03-26
28.745199928283736,36.78999996185305,796,FALSE,112057110,'2nd 05:26 : 3pt jump shot (outside left) missed by Sania Copeland(UW),5254438,561263,561227,2024-03-25,Wisconsin Badgers,561227,Wisconsin,2024-03-26
29.920201721191415,26.875,661,FALSE,112057120,'2nd 05:11 : 3pt jump shot (outside center) missed by Addy Blackwell(USI),5254438,561263,561227,2024-03-25,Southern Ind. Screaming Eagles,561263,Southern Ind.,2024-03-26
7.77380043029785,27.20999908447265,796,TRUE,112057126,'2nd 05:04 : 2pt layup (fast break) (under the basket) made by Sania Copeland(UW),5254438,561263,561227,2024-03-25,Wisconsin Badgers,561227,Wisconsin,2024-03-26
4.841000089645384,2,796,FALSE,112057235,'2nd 02:30 : 3pt jump shot (outside right wing) missed by Leena Patibandla(UW),5254438,561263,561227,2024-03-25,Wisconsin Badgers,561227,Wisconsin,2024-03-26
10.26479827880857,23.77499961853025,661,FALSE,112057415,'2nd 00:06.10 : 2pt layup (off turnover) (in the paint) missed by Triniti Ralston(USI),5254438,561263,561227,2024-03-25,Southern Ind. Screaming Eagles,561263,Southern Ind.,2024-03-26
8.065201721191428,27.1550006866455,661,TRUE,112057417,'2nd 00:03.70 : 2pt layup (2nd chance;off turnover) (under the basket) made by Chloe Gannon(USI) 25-44',5254438,561263,561227,2024-03-25,Southern Ind. Screaming Eagles,561263,Southern Ind.,2024-03-26
3.8163977050780744,48,796,FALSE,112057948,'3rd 07:22 : 3pt jump shot (off turnover) (outside left wing) missed by Brooke Schramek(UW),5254438,561263,561227,2024-03-25,Wisconsin Badgers,561227,Wisconsin,2024-03-26
7.0405979919433435,24.1949996948242,796,FALSE,112057950,'3rd 07:17 : 2pt layup (2nd chance;off turnover) (under the basket) missed by Ronnie Porter(UW),5254438,561263,561227,2024-03-25,Wisconsin Badgers,561227,Wisconsin,2024-03-26
10.415199928283734,23.9699993133545,661,FALSE,112057962,'3rd 06:57 : 2pt layup (in the paint) missed by Chloe Gannon(USI),5254438,561263,561227,2024-03-25,Southern Ind. Screaming Eagles,561263,Southern Ind.,2024-03-26
9.089798278808573,25.88500022888185,796,FALSE,112058004,'3rd 06:02 : 2pt layup (off turnover) (under the basket) missed by Ronnie Porter(UW),5254438,561263,561227,2024-03-25,Wisconsin Badgers,561227,Wisconsin,2024-03-26
8.356599426269497,23.77499961853025,796,FALSE,112058015,'3rd 05:37 : 2pt layup (off turnover) (under the basket) missed by Serah Williams(UW),5254438,561263,561227,2024-03-25,Wisconsin Badgers,561227,Wisconsin,2024-03-26
4.549596557617164,27.1550006866455,796,TRUE,112058021,'3rd 05:16 : 2pt layup (off turnover) (under the basket) made by Serah Williams(UW),5254438,561263,561227,2024-03-25,Wisconsin Badgers,561227,Wisconsin,2024-03-26
7.181599874496465,28.1949996948242,661,FALSE,112058026,'3rd 04:54 : 2pt layup (under the basket) missed by Chloe Gannon(USI),5254438,561263,561227,2024-03-25,Southern Ind. Screaming Eagles,561263,Southern Ind.,2024-03-26
6.598799982070919,26.36499977111815,661,TRUE,112058029,'3rd 04:51 : 2pt (2nd chance) (under the basket) made by USI 31-46',5254438,561263,561227,2024-03-25,Southern Ind. Screaming Eagles,561263,Southern Ind.,2024-03-26
16.280799713134755,27.01499938964845,796,FALSE,112058151,'3rd 03:51 : 2pt jump shot (off turnover) (in the paint) missed by Brooke Schramek(UW) 31-46',5254438,561263,561227,2024-03-25,Wisconsin Badgers,561227,Wisconsin,2024-03-26
27.27880043029788,11.01499938964845,661,TRUE,112058189,'3rd 03:03 : 3pt jump shot (2nd chance) (outside right) made by Ali Saunders(USI),5254438,561263,561227,2024-03-25,Southern Ind. Screaming Eagles,561263,Southern Ind.,2024-03-26
14.513602294921824,2.930000066757202,796,FALSE,112058199,'3rd 02:44 : 3pt jump shot (outside right) missed by Ronnie Porter(UW),5254438,561263,561227,2024-03-25,Wisconsin Badgers,561227,Wisconsin,2024-03-26
14.37259996414182,2.13999938964845,661,TRUE,112058202,'3rd 02:33 : 3pt jump shot (outside right) made by Ali Saunders(USI),5254438,561263,561227,2024-03-25,Southern Ind. Screaming Eagles,561263,Southern Ind.,2024-03-26
22.437800788879393,23.54999923706055,796,FALSE,112057328,'2nd 01:54 : 2pt jump shot (inside center) missed by Halle Douglass(UW),5254438,561263,561227,2024-03-25,Wisconsin Badgers,561227,Wisconsin,2024-03-26
7.623399677276614,22.2800006866455,796,FALSE,112057330,'2nd 01:50 : 2pt jump shot (2nd chance) (under the basket) missed by Serah Williams(UW),5254438,561263,561227,2024-03-25,Wisconsin Badgers,561227,Wisconsin,2024-03-26
26.395201721191413,10.255000114440897,661,TRUE,112057379,'2nd 01:02 : 3pt jump shot (off turnover) (outside right) made by Ali Saunders(USI) 25-42',5254438,561263,561227,2024-03-25,Southern Ind. Screaming Eagles,561263,Southern Ind.,2024-03-26
7.181599874496465,25.8050003051758,661,FALSE,112058627,'4th 09:49 : 2pt layup (blocked) (under the basket) missed by Meredith Raley(USI),5254438,561263,561227,2024-03-25,Southern Ind. Screaming Eagles,561263,Southern Ind.,2024-03-26
15.980000000000004,47.57500076293945,796,TRUE,112058818,'4th 06:19 : 3pt jump shot (outside left) made by Ronnie Porter(UW),5254438,561263,561227,2024-03-25,Wisconsin Badgers,561227,Wisconsin,2024-03-26
15.246801147460914,47.01499938964845,796,TRUE,112058836,'4th 05:33 : 3pt jump shot (off turnover) (outside left) made by Sania Copeland(UW),5254438,561263,561227,2024-03-25,Wisconsin Badgers,561227,Wisconsin,2024-03-26
3.816399946212768,2.5349998474121,312,FALSE,112058954,'4th 07:44 : 3pt jump shot (off turnover) (outside right wing) missed by Gabbie Marshall(IOWA),5254203,560818,561209,2024-03-25,Iowa Hawkeyes,560818,Iowa,2024-03-26
26.103796844482417,40.84500122070315,768,FALSE,112058966,'4th 07:21 : 3pt jump shot (outside left) missed by Lauren Fields(WVU),5254203,560818,561209,2024-03-25,West Virginia Mountaineers,561209,West Virginia,2024-03-26
28.01200286865233,36.61999893188475,768,FALSE,112059000,'4th 06:54 : 3pt jump shot (outside left) missed by Lauren Fields(WVU),5254203,560818,561209,2024-03-25,West Virginia Mountaineers,561209,West Virginia,2024-03-26
26.836999282836867,35.63500022888185,312,FALSE,112059009,'4th 06:25 : 3pt step back jump shot (outside left) missed by Caitlin Clark(IOWA),5254203,560818,561209,2024-03-25,Iowa Hawkeyes,560818,Iowa,2024-03-26
6.44840057373051,25.20999908447265,768,FALSE,112059021,'4th 06:11 : 2pt layup (under the basket) missed by Kyah Watson(WVU),5254203,560818,561209,2024-03-25,West Virginia Mountaineers,561209,West Virginia,2024-03-26
5.71520172119142,1.690000057220459,768,FALSE,112059032,'4th 06:05 : 3pt jump shot (2nd chance) (outside right wing) missed by Ja&#39;Naiya Quinerly(WVU),5254203,560818,561209,2024-03-25,West Virginia Mountaineers,561209,West Virginia,2024-03-26
5.640000000000001,25,768,TRUE,112059035,'4th 05:57 : 2pt layup (2nd chance) (under the basket) made by Jordan Harrison(WVU) 45-48',5254203,560818,561209,2024-03-25,West Virginia Mountaineers,561209,West Virginia,2024-03-26
30.6534005737305,30.13999938964845,312,FALSE,112059039,'4th 05:40 : 3pt jump shot (outside center) missed by Caitlin Clark(IOWA),5254203,560818,561209,2024-03-25,Iowa Hawkeyes,560818,Iowa,2024-03-26
13.780403442382834,47.8849983215332,768,TRUE,112059043,'4th 05:18 : 3pt jump shot (outside left) made by Jayla Hemingway(WVU),5254203,560818,561209,2024-03-25,West Virginia Mountaineers,561209,West Virginia,2024-03-26
7.1815994262695,26.6200008392334,768,FALSE,112059131,'4th 04:24 : 2pt layup (under the basket) missed by Tirzah Moore(WVU),5254203,560818,561209,2024-03-25,West Virginia Mountaineers,561209,West Virginia,2024-03-26
6.307400035858152,23.52000045776365,312,FALSE,112059139,'4th 04:12 : 2pt driving layup (under the basket) missed by Caitlin Clark(IOWA),5254203,560818,561209,2024-03-25,Iowa Hawkeyes,560818,Iowa,2024-03-26
7.332000179290768,20.70499992370605,312,FALSE,112059152,'4th 04:02 : 2pt jump shot (2nd chance) (in the paint) missed by Kate Martin(IOWA),5254203,560818,561209,2024-03-25,Iowa Hawkeyes,560818,Iowa,2024-03-26
6.307399139404339,2.3949999809265137,768,FALSE,112059162,'4th 03:48 : 3pt jump shot (outside right wing) missed by Jayla Hemingway(WVU),5254203,560818,561209,2024-03-25,West Virginia Mountaineers,561209,West Virginia,2024-03-26
7.0405979919433435,20.98500061035155,768,TRUE,112059203,'4th 03:40 : 2pt jump shot (2nd chance) (in the paint) made by Tirzah Moore(WVU),5254203,560818,561209,2024-03-25,West Virginia Mountaineers,561209,West Virginia,2024-03-26
6.44840057373051,26.1949996948242,768,TRUE,112059235,'4th 02:55 : 2pt driving layup (under the basket) made by Ja&#39;Naiya Quinerly(WVU) 52-52',5254203,560818,561209,2024-03-25,West Virginia Mountaineers,561209,West Virginia,2024-03-26
7.332000179290768,27.04000091552735,312,FALSE,112059238,'4th 02:42 : 2pt driving layup (under the basket) missed by Caitlin Clark(IOWA),5254203,560818,561209,2024-03-25,Iowa Hawkeyes,560818,Iowa,2024-03-26
27.27879684448243,14.225000381469748,768,FALSE,112059248,'4th 02:12 : 3pt jump shot (blocked) (outside right) missed by Ja&#39;Naiya Quinerly(WVU),5254203,560818,561209,2024-03-25,West Virginia Mountaineers,561209,West Virginia,2024-03-26
7.332000179290768,26.1949996948242,312,TRUE,112059254,'4th 02:03 : 2pt driving layup (under the basket) made by Sydney Affolter(IOWA) 52-54',5254203,560818,561209,2024-03-25,Iowa Hawkeyes,560818,Iowa,2024-03-26
18.33,4.929999828338623,768,FALSE,112059266,'4th 01:39 : 3pt jump shot (outside right) missed by Jayla Hemingway(WVU),5254203,560818,561209,2024-03-25,West Virginia Mountaineers,561209,West Virginia,2024-03-26
7.914800071716313,26.89999961853025,312,FALSE,112059272,'4th 01:21 : 2pt layup (under the basket) missed by Hannah Stuelke(IOWA),5254203,560818,561209,2024-03-25,Iowa Hawkeyes,560818,Iowa,2024-03-26
8.065201721191428,21.4099998474121,768,FALSE,112059379,'4th 00:53.50 : 2pt driving layup (in the paint) missed by Jordan Harrison(WVU),5254203,560818,561209,2024-03-25,West Virginia Mountaineers,561209,West Virginia,2024-03-26
29.76979827880858,33.944999694824205,768,FALSE,112059408,'4th 00:38.10 : 3pt jump shot (outside center) missed by Jordan Harrison(WVU),5254203,560818,561209,2024-03-25,West Virginia Mountaineers,561209,West Virginia,2024-03-26
29.47840057373051,45.0699996948242,312,TRUE,112055922,'1st 07:05 : 3pt jump shot (outside left) made by Caitlin Clark(IOWA) 5-5',5254203,560818,561209,2024-03-25,Iowa Hawkeyes,560818,Iowa,2024-03-26
8.356600322723386,1.9700012207031,768,TRUE,112055945,'1st 06:37 : 3pt jump shot (outside right) made by Kylee Blacksten(WVU),5254203,560818,561209,2024-03-25,West Virginia Mountaineers,561209,West Virginia,2024-03-26
6.307399139404339,23.52000045776365,312,TRUE,112056138,'1st 05:29 : 2pt layup (under the basket) made by Hannah Stuelke(IOWA),5254203,560818,561209,2024-03-25,Iowa Hawkeyes,560818,Iowa,2024-03-26
6.44840057373051,22.2549991607666,312,FALSE,112055693,'1st 09:35 : 2pt driving layup (blocked) (under the basket) missed by Caitlin Clark(IOWA),5254203,560818,561209,2024-03-25,Iowa Hawkeyes,560818,Iowa,2024-03-26
4.841000089645384,48.5900000333786,768,TRUE,112055710,'1st 09:29 : 3pt jump shot (fast break) (outside left wing) made by Kyah Watson(WVU),5254203,560818,561209,2024-03-25,West Virginia Mountaineers,561209,West Virginia,2024-03-26
6.0160000896453845,23.23999977111815,768,TRUE,112055737,'1st 09:07 : 2pt layup (off turnover;fast break) (under the basket) made by Kyah Watson(WVU) 5-0',5254203,560818,561209,2024-03-25,West Virginia Mountaineers,561209,West Virginia,2024-03-26
34.018598709106456,40.7050018310547,312,FALSE,112055769,'1st 08:39 : 3pt jump shot (outside left) missed by Caitlin Clark(IOWA),5254203,560818,561209,2024-03-25,Iowa Hawkeyes,560818,Iowa,2024-03-26
21.99599964141848,42.67500019073485,768,FALSE,112055822,'1st 08:09 : 3pt jump shot (outside left) missed by Lauren Fields(WVU),5254203,560818,561209,2024-03-25,West Virginia Mountaineers,561209,West Virginia,2024-03-26
11.73119956970212,2.1150016784668,768,FALSE,112055878,'1st 07:44 : 3pt jump shot (off turnover) (outside right) missed by Kyah Watson(WVU),5254203,560818,561209,2024-03-25,West Virginia Mountaineers,561209,West Virginia,2024-03-26
6.890201721191431,27.7450008392334,312,TRUE,112055891,'1st 07:32 : 2pt driving layup (under the basket) made by Sydney Affolter(IOWA) 5-2',5254203,560818,561209,2024-03-25,Iowa Hawkeyes,560818,Iowa,2024-03-26
13.19759996414182,47.88499999046326,768,FALSE,112055907,'1st 07:19 : 3pt jump shot (outside left) missed by Lauren Fields(WVU),5254203,560818,561209,2024-03-25,West Virginia Mountaineers,561209,West Virginia,2024-03-26
29.619400215148893,18.17000007629395,768,TRUE,112056118,'1st 05:43 : 3pt jump shot (off turnover) (outside center) made by Ja&#39;Naiya Quinerly(WVU),5254203,560818,561209,2024-03-25,West Virginia Mountaineers,561209,West Virginia,2024-03-26
10.55619956970212,1.8300018310547,768,TRUE,112057581,'2nd 03:02 : 3pt jump shot (off turnover) (outside right) made by Jayla Hemingway(WVU),5254203,560818,561209,2024-03-25,West Virginia Mountaineers,561209,West Virginia,2024-03-26
31.3865994262695,29.7199993133545,312,FALSE,112057591,'2nd 02:43 : 3pt jump shot (outside center) missed by Caitlin Clark(IOWA),5254203,560818,561209,2024-03-25,Iowa Hawkeyes,560818,Iowa,2024-03-26
10.114400215148892,24.36499977111815,312,TRUE,112058646,'3rd 00:49.40 : 2pt floating jump shot (in the paint) made by Caitlin Clark(IOWA) 38-45',5254203,560818,561209,2024-03-25,Iowa Hawkeyes,560818,Iowa,2024-03-26
7.04059978485107,21.82999992370605,312,FALSE,112058849,'4th 09:52 : 2pt layup (blocked) (under the basket) missed by Caitlin Clark(IOWA),5254203,560818,561209,2024-03-25,Iowa Hawkeyes,560818,Iowa,2024-03-26
5.132399139404328,24.22500038146975,768,TRUE,112058855,'4th 09:32 : 2pt layup (under the basket) made by Tirzah Moore(WVU) 40-48',5254203,560818,561209,2024-03-25,West Virginia Mountaineers,561209,West Virginia,2024-03-26
6.016001434326171,23.52000045776365,768,FALSE,112058893,'4th 08:47 : 2pt driving layup (off turnover;blocked) (under the basket) missed by Ja&#39;Naiya Quinerly(WVU),5254203,560818,561209,2024-03-25,West Virginia Mountaineers,561209,West Virginia,2024-03-26
16.713198852539094,46.47999954223635,768,TRUE,112058905,'4th 08:43 : 3pt jump shot (2nd chance;off turnover) (outside left) made by Kyah Watson(WVU),5254203,560818,561209,2024-03-25,West Virginia Mountaineers,561209,West Virginia,2024-03-26
28.745199928283736,16.1949996948242,312,FALSE,112058917,'4th 08:12 : 3pt jump shot (outside right) missed by Caitlin Clark(IOWA),5254203,560818,561209,2024-03-25,Iowa Hawkeyes,560818,Iowa,2024-03-26
19.64600143432617,5.070000171661398,768,FALSE,112058113,'3rd 09:37 : 3pt jump shot (outside right) missed by Ja&#39;Naiya Quinerly(WVU),5254203,560818,561209,2024-03-25,West Virginia Mountaineers,561209,West Virginia,2024-03-26
6.598799982070919,22.39500045776365,312,FALSE,112058118,'3rd 09:24 : 2pt layup (blocked) (under the basket) missed by Hannah Stuelke(IOWA),5254203,560818,561209,2024-03-25,Iowa Hawkeyes,560818,Iowa,2024-03-26
18.480403442382837,45.49499893188475,768,FALSE,112058129,'3rd 09:05 : 3pt jump shot (outside left) missed by Lauren Fields(WVU),5254203,560818,561209,2024-03-25,West Virginia Mountaineers,561209,West Virginia,2024-03-26
10.264800071716266,24.22500038146975,312,TRUE,112058135,'3rd 08:54 : 2pt jump shot (in the paint) made by Caitlin Clark(IOWA) 26-31',5254203,560818,561209,2024-03-25,Iowa Hawkeyes,560818,Iowa,2024-03-26
16.713200645446772,25.0699996948242,312,FALSE,112058167,'3rd 08:32 : 2pt floating jump shot (2nd chance) (in the paint) missed by Gabbie Marshall(IOWA),5254203,560818,561209,2024-03-25,Iowa Hawkeyes,560818,Iowa,2024-03-26
21.554200286865253,42.3949999809265,312,FALSE,112058170,'3rd 08:14 : 3pt jump shot (2nd chance) (outside left) missed by Kate Martin(IOWA),5254203,560818,561209,2024-03-25,Iowa Hawkeyes,560818,Iowa,2024-03-26
6.749200286865246,26.0550003051758,768,TRUE,112058173,'3rd 08:04 : 2pt layup (fast break) (under the basket) made by Kylee Blacksten(WVU) 26-28',5254203,560818,561209,2024-03-25,West Virginia Mountaineers,561209,West Virginia,2024-03-26
16.713200645446772,46.480000019073486,312,TRUE,112058184,'3rd 07:43 : 3pt jump shot (outside left) made by Caitlin Clark(IOWA),5254203,560818,561209,2024-03-25,Iowa Hawkeyes,560818,Iowa,2024-03-26
9.089798278808573,26.3400001525879,768,FALSE,112058197,'3rd 07:14 : 2pt jump shot (under the basket) missed by Ja&#39;Naiya Quinerly(WVU),5254203,560818,561209,2024-03-25,West Virginia Mountaineers,561209,West Virginia,2024-03-26
27.861599426269496,33.10000038146975,312,FALSE,112058208,'3rd 06:53 : 3pt jump shot (outside left) missed by Gabbie Marshall(IOWA),5254203,560818,561209,2024-03-25,Iowa Hawkeyes,560818,Iowa,2024-03-26
5.64,25,312,TRUE,112058211,'3rd 06:48 : 2pt layup (2nd chance) (under the basket) made by Sydney Affolter(IOWA) 26-33',5254203,560818,561209,2024-03-25,Iowa Hawkeyes,560818,Iowa,2024-03-26
7.1815994262695,1.830000042915344,768,FALSE,112058288,'3rd 06:15 : 3pt jump shot (outside right) missed by Kylee Blacksten(WVU),5254203,560818,561209,2024-03-25,West Virginia Mountaineers,561209,West Virginia,2024-03-26
12.314000358581518,47.03999996185303,312,FALSE,112058295,'3rd 06:07 : 3pt jump shot (outside left) missed by Sydney Affolter(IOWA),5254203,560818,561209,2024-03-25,Iowa Hawkeyes,560818,Iowa,2024-03-26
29.328000717163132,37.32499980926515,312,TRUE,112058301,'3rd 05:59 : 3pt jump shot (2nd chance) (outside left) made by Caitlin Clark(IOWA),5254203,560818,561209,2024-03-25,Iowa Hawkeyes,560818,Iowa,2024-03-26
29.47840057373051,19.4349994659424,768,FALSE,112058310,'3rd 05:38 : 3pt jump shot (outside center) missed by Kylee Blacksten(WVU),5254203,560818,561209,2024-03-25,West Virginia Mountaineers,561209,West Virginia,2024-03-26
21.262802581787085,7.324999809265151,768,TRUE,112058393,'3rd 04:51 : 3pt jump shot (off turnover) (outside right) made by Ja&#39;Naiya Quinerly(WVU),5254203,560818,561209,2024-03-25,West Virginia Mountaineers,561209,West Virginia,2024-03-26
5.132399139404328,23.6599998474121,768,TRUE,112058483,'3rd 04:21 : 2pt layup (off turnover;fast break) (under the basket) made by Jayla Hemingway(WVU),5254203,560818,561209,2024-03-25,West Virginia Mountaineers,561209,West Virginia,2024-03-26
6.890199928283687,28.5900001525879,312,FALSE,112058527,'3rd 03:35 : 2pt turnaround jump shot (under the basket) missed by Kate Martin(IOWA),5254203,560818,561209,2024-03-25,Iowa Hawkeyes,560818,Iowa,2024-03-26
22.72920028686525,42.5349998474121,768,TRUE,112058534,'3rd 03:12 : 3pt jump shot (outside left) made by Ja&#39;Naiya Quinerly(WVU),5254203,560818,561209,2024-03-25,West Virginia Mountaineers,561209,West Virginia,2024-03-26
7.332002868652324,21.6900005340576,768,FALSE,112058562,'3rd 02:37 : 2pt layup (off turnover) (under the basket) missed by Tirzah Moore(WVU),5254203,560818,561209,2024-03-25,West Virginia Mountaineers,561209,West Virginia,2024-03-26
15.688600502014143,45.77500009536743,768,FALSE,112056276,'1st 05:18 : 3pt jump shot (outside left) missed by Lauren Fields(WVU),5254203,560818,561209,2024-03-25,West Virginia Mountaineers,561209,West Virginia,2024-03-26
7.773796844482419,48.72999954223635,312,FALSE,112056279,'1st 04:55 : 3pt jump shot (outside left) missed by Kylie Feuerbach(IOWA),5254203,560818,561209,2024-03-25,Iowa Hawkeyes,560818,Iowa,2024-03-26
19.796397705078064,5.210000038146951,312,FALSE,112056283,'1st 04:48 : 3pt jump shot (2nd chance) (outside right) missed by Gabbie Marshall(IOWA),5254203,560818,561209,2024-03-25,Iowa Hawkeyes,560818,Iowa,2024-03-26
6.307400035858152,22.39500045776365,768,TRUE,112056287,'1st 04:43 : 2pt driving layup (fast break) (under the basket) made by Ja&#39;Naiya Quinerly(WVU) 13-8',5254203,560818,561209,2024-03-25,West Virginia Mountaineers,561209,West Virginia,2024-03-26
31.81899856567383,31.6900005340576,312,TRUE,112056289,'1st 04:35 : 3pt jump shot (outside center) made by Caitlin Clark(IOWA) 13-11',5254203,560818,561209,2024-03-25,Iowa Hawkeyes,560818,Iowa,2024-03-26
20.087800788879395,27.1849994659424,768,FALSE,112056292,'1st 04:16 : 2pt jump shot (inside center) missed by Ja&#39;Naiya Quinerly(WVU),5254203,560818,561209,2024-03-25,West Virginia Mountaineers,561209,West Virginia,2024-03-26
6.44840057373051,26.47999954223635,312,TRUE,112056297,'1st 04:10 : 2pt layup (fast break) (under the basket) made by Hannah Stuelke(IOWA),5254203,560818,561209,2024-03-25,Iowa Hawkeyes,560818,Iowa,2024-03-26
32.11979827880859,24.22500038146975,312,TRUE,112056577,'1st 03:00 : 3pt step back jump shot (off turnover) (outside center) made by Caitlin Clark(IOWA) 13-16',5254203,560818,561209,2024-03-25,Iowa Hawkeyes,560818,Iowa,2024-03-26
8.065199928283686,27.1849994659424,768,FALSE,112056594,'1st 02:29 : 2pt layup (under the basket) missed by Kyah Watson(WVU),5254203,560818,561209,2024-03-25,West Virginia Mountaineers,561209,West Virginia,2024-03-26
29.920201721191415,36.9000015258789,312,FALSE,112056657,'1st 01:55 : 3pt jump shot (outside left) missed by Caitlin Clark(IOWA),5254203,560818,561209,2024-03-25,Iowa Hawkeyes,560818,Iowa,2024-03-26
6.598799982070919,22.11499977111815,768,FALSE,112056687,'1st 01:35 : 2pt driving layup (blocked) (under the basket) missed by Jayla Hemingway(WVU),5254203,560818,561209,2024-03-25,West Virginia Mountaineers,561209,West Virginia,2024-03-26
26.10380043029788,39.4350004196167,768,FALSE,112056705,'1st 01:24 : 3pt jump shot (off turnover) (outside left) missed by Kyah Watson(WVU),5254203,560818,561209,2024-03-25,West Virginia Mountaineers,561209,West Virginia,2024-03-26
23.462399139404337,41.4099998474121,768,FALSE,112057135,'2nd 08:46 : 3pt jump shot (outside left) missed by Jayla Hemingway(WVU),5254203,560818,561209,2024-03-25,West Virginia Mountaineers,561209,West Virginia,2024-03-26
0.5828025817870923,42.5349998474121,312,TRUE,112056713,'1st 01:02 : 2pt (inside left wing) made by IOWA 15-18',5254203,560818,561209,2024-03-25,Iowa Hawkeyes,560818,Iowa,2024-03-26
19.213602294921827,30.42499923706055,312,TRUE,112056716,'1st 00:58.00 : 2pt jump shot (in the paint) made by Kate Martin(IOWA),5254203,560818,561209,2024-03-25,Iowa Hawkeyes,560818,Iowa,2024-03-26
6.598799982070919,21.125,768,FALSE,112056734,'1st 00:29.00 : 2pt layup (blocked) (in the paint) missed by Ja&#39;Naiya Quinerly(WVU),5254203,560818,561209,2024-03-25,West Virginia Mountaineers,561209,West Virginia,2024-03-26
32.11979827880859,25.20999908447265,312,FALSE,112057038,'2nd 09:53 : 3pt jump shot (outside center) missed by Caitlin Clark(IOWA),5254203,560818,561209,2024-03-25,Iowa Hawkeyes,560818,Iowa,2024-03-26
28.15299713134766,33.52000045776365,312,FALSE,112057040,'2nd 09:47 : 3pt jump shot (2nd chance) (outside left) missed by Sydney Affolter(IOWA),5254203,560818,561209,2024-03-25,Iowa Hawkeyes,560818,Iowa,2024-03-26
11.881600322723433,47.46499991416931,768,FALSE,112057072,'2nd 09:26 : 3pt jump shot (outside left) missed by Jayla Hemingway(WVU),5254203,560818,561209,2024-03-25,West Virginia Mountaineers,561209,West Virginia,2024-03-26
5.423796844482425,23.6599998474121,312,FALSE,112057115,'2nd 09:07 : 2pt layup (under the basket) missed by Hannah Stuelke(IOWA),5254203,560818,561209,2024-03-25,Iowa Hawkeyes,560818,Iowa,2024-03-26
7.482400035858152,21.125,768,FALSE,112057189,'2nd 08:03 : 2pt jump shot (off turnover) (in the paint) missed by Kyah Watson(WVU),5254203,560818,561209,2024-03-25,West Virginia Mountaineers,561209,West Virginia,2024-03-26
6.749200286865246,27.88500022888185,312,TRUE,112057194,'2nd 07:57 : 2pt layup (fast break) (under the basket) made by Sydney Affolter(IOWA),5254203,560818,561209,2024-03-25,Iowa Hawkeyes,560818,Iowa,2024-03-26
6.157000179290768,20.2800006866455,768,TRUE,112057211,'2nd 07:29 : 2pt pull up jump shot (in the paint) made by Ja&#39;Naiya Quinerly(WVU) 17-22',5254203,560818,561209,2024-03-25,West Virginia Mountaineers,561209,West Virginia,2024-03-26
6.44840057373051,14.085000038146951,312,FALSE,112057225,'2nd 07:14 : 2pt step back jump shot (inside right) missed by Caitlin Clark(IOWA),5254203,560818,561209,2024-03-25,Iowa Hawkeyes,560818,Iowa,2024-03-26
26.10380043029788,38.17000007629395,768,FALSE,112057242,'2nd 06:40 : 3pt jump shot (outside left) missed by Kyah Watson(WVU),5254203,560818,561209,2024-03-25,West Virginia Mountaineers,561209,West Virginia,2024-03-26
5.64,25,768,TRUE,112057251,'2nd 06:36 : 2pt layup (2nd chance) (under the basket) made by Tirzah Moore(WVU) 19-22',5254203,560818,561209,2024-03-25,West Virginia Mountaineers,561209,West Virginia,2024-03-26
6.307399139404339,26.1949996948242,312,TRUE,112057272,'2nd 06:15 : 2pt layup (under the basket) made by Hannah Stuelke(IOWA),5254203,560818,561209,2024-03-25,Iowa Hawkeyes,560818,Iowa,2024-03-26
6.307399139404339,23.3799991607666,312,TRUE,112057446,'2nd 04:49 : 2pt driving layup (off turnover;fast break) (under the basket) made by Caitlin Clark(IOWA) 19-26',5254203,560818,561209,2024-03-25,Iowa Hawkeyes,560818,Iowa,2024-03-26
19.06320064544677,4.2249984741211,768,FALSE,112057364,'2nd 05:45 : 3pt jump shot (outside right) missed by Jayla Hemingway(WVU),5254203,560818,561209,2024-03-25,West Virginia Mountaineers,561209,West Virginia,2024-03-26
6.307400035858152,26.0550003051758,768,FALSE,112057372,'2nd 05:39 : 2pt layup (2nd chance) (under the basket) missed by Jayla Hemingway(WVU),5254203,560818,561209,2024-03-25,West Virginia Mountaineers,561209,West Virginia,2024-03-26
6.44840057373051,22.67499923706055,312,FALSE,112057549,'2nd 03:52 : 2pt layup (off turnover) (under the basket) missed by Kate Martin(IOWA),5254203,560818,561209,2024-03-25,Iowa Hawkeyes,560818,Iowa,2024-03-26
8.647999820709233,23.23999977111815,768,FALSE,112057553,'2nd 03:38 : 2pt layup (blocked) (under the basket) missed by Tirzah Moore(WVU),5254203,560818,561209,2024-03-25,West Virginia Mountaineers,561209,West Virginia,2024-03-26
6.749199838638304,26.76000022888185,768,TRUE,112057600,'2nd 02:11 : 2pt driving layup (under the basket) made by Kyah Watson(WVU) 24-26',5254203,560818,561209,2024-03-25,West Virginia Mountaineers,561209,West Virginia,2024-03-26
31.085799713134755,24.64999961853025,312,FALSE,112057604,'2nd 01:59 : 3pt jump shot (outside center) missed by Caitlin Clark(IOWA),5254203,560818,561209,2024-03-25,Iowa Hawkeyes,560818,Iowa,2024-03-26
21.554200286865253,42.3949999809265,768,FALSE,112057614,'2nd 01:43 : 3pt jump shot (outside left) missed by Jayla Hemingway(WVU),5254203,560818,561209,2024-03-25,West Virginia Mountaineers,561209,West Virginia,2024-03-26
5.865597991943346,48.1699981689453,312,FALSE,112057664,'2nd 00:40.00 : 3pt jump shot (off turnover) (outside left wing) missed by Kate Martin(IOWA),5254203,560818,561209,2024-03-25,Iowa Hawkeyes,560818,Iowa,2024-03-26
5.423796844482425,24.22500038146975,312,FALSE,112056516,'1st 03:24 : 2pt layup (off turnover;blocked) (under the basket) missed by Addison O&#39;Grady(IOWA),5254203,560818,561209,2024-03-25,Iowa Hawkeyes,560818,Iowa,2024-03-26
7.482400035858152,26.6200008392334,768,FALSE,112057560,'2nd 03:25 : 2pt layup (2nd chance) (under the basket) missed by Jayla Hemingway(WVU),5254203,560818,561209,2024-03-25,West Virginia Mountaineers,561209,West Virginia,2024-03-26
8.948800430297851,48.730000019073486,768,FALSE,112057709,'2nd 00:06.10 : 3pt jump shot (outside left) missed by Jayla Hemingway(WVU),5254203,560818,561209,2024-03-25,West Virginia Mountaineers,561209,West Virginia,2024-03-26
5.64,25,768,FALSE,112057712,'2nd 00:05.20 : 2pt layup (2nd chance) (under the basket) missed by Jayla Hemingway(WVU),5254203,560818,561209,2024-03-25,West Virginia Mountaineers,561209,West Virginia,2024-03-26
6.598796844482422,1.690000057220459,768,TRUE,112058588,'3rd 02:14 : 3pt jump shot (outside right wing) made by Kyah Watson(WVU),5254203,560818,561209,2024-03-25,West Virginia Mountaineers,561209,West Virginia,2024-03-26
7.332002868652324,24.22500038146975,768,FALSE,112058595,'3rd 01:48 : 2pt driving layup (off turnover) (under the basket) missed by Ja&#39;Naiya Quinerly(WVU),5254203,560818,561209,2024-03-25,West Virginia Mountaineers,561209,West Virginia,2024-03-26
22.729200286865257,7.8849983215332,312,FALSE,112058606,'3rd 01:28 : 3pt jump shot (outside right) missed by Caitlin Clark(IOWA),5254203,560818,561209,2024-03-25,Iowa Hawkeyes,560818,Iowa,2024-03-26
5.64,25,312,TRUE,112058608,'3rd 01:25 : 2pt layup (2nd chance) (under the basket) made by Kate Martin(IOWA) 38-42',5254203,560818,561209,2024-03-25,Iowa Hawkeyes,560818,Iowa,2024-03-26
14.814402008056677,47.32500076293945,768,FALSE,112058629,'3rd 01:08 : 3pt jump shot (outside left) missed by Jayla Hemingway(WVU),5254203,560818,561209,2024-03-25,West Virginia Mountaineers,561209,West Virginia,2024-03-26
17.01400035858152,33.3799991607666,110,FALSE,112059192,'3rd 01:46 : 2pt jump shot (inside left) missed by Charisma Osborne(UCLA),5254191,560661,560701,2024-03-25,UCLA Bruins,560661,UCLA,2024-03-26
17.59680114746091,21.9699993133545,169,TRUE,112059212,'3rd 01:15 : 2pt floating jump shot (in the paint) made by Kiani Lockett(Creighton) 53-54',5254191,560661,560701,2024-03-25,Creighton Bluejays,560701,Creighton,2024-03-26
11.439800071716263,33.3799991607666,110,TRUE,112059218,'3rd 00:49.00 : 2pt turnaround jump shot (inside left) made by Kiki Rice(UCLA),5254191,560661,560701,2024-03-25,UCLA Bruins,560661,UCLA,2024-03-26
32.55219741821292,27.04000091552735,169,FALSE,112059222,'3rd 00:40.30 : 3pt jump shot (outside center) missed by Morgan Maly(Creighton),5254191,560661,560701,2024-03-25,Creighton Bluejays,560701,Creighton,2024-03-26
14.814402008056677,2.3949999809265137,169,TRUE,112059228,'3rd 00:27.00 : 3pt jump shot (2nd chance) (outside right) made by Lauren Jensen(Creighton),5254191,560661,560701,2024-03-25,Creighton Bluejays,560701,Creighton,2024-03-26
6.44840057373051,40.42499923706055,169,FALSE,112059340,'4th 09:25 : 2pt jump shot (off turnover) (inside left) missed by Emma Ronsiek(Creighton),5254191,560661,560701,2024-03-25,Creighton Bluejays,560701,Creighton,2024-03-26
7.914800071716313,21.125,110,FALSE,112059344,'4th 09:13 : 2pt layup (in the paint) missed by Lauren Betts(UCLA),5254191,560661,560701,2024-03-25,UCLA Bruins,560661,UCLA,2024-03-26
17.59680114746091,16.47999954223635,169,FALSE,112059375,'4th 08:58 : 2pt pull up jump shot (inside right) missed by Lauren Jensen(Creighton),5254191,560661,560701,2024-03-25,Creighton Bluejays,560701,Creighton,2024-03-26
6.448400125503536,1.689998626709,110,FALSE,112059400,'4th 08:30 : 3pt jump shot (outside right wing) missed by Gabriela Jaquez(UCLA),5254191,560661,560701,2024-03-25,UCLA Bruins,560661,UCLA,2024-03-26
25.953400573730505,11.27000045776365,110,TRUE,112059412,'4th 08:17 : 3pt jump shot (off turnover) (outside right) made by Angela Dugalić(UCLA),5254191,560661,560701,2024-03-25,UCLA Bruins,560661,UCLA,2024-03-26
9.381203155517582,28.45000076293945,169,TRUE,112058971,'3rd 05:11 : 2pt jump shot (in the paint) made by Morgan Maly(Creighton) 48-43',5254191,560661,560701,2024-03-25,Creighton Bluejays,560701,Creighton,2024-03-26
25.07920028686525,9.01499938964845,110,TRUE,112058978,'3rd 04:49 : 3pt jump shot (outside right) made by Kiki Rice(UCLA) 48-46',5254191,560661,560701,2024-03-25,UCLA Bruins,560661,UCLA,2024-03-26
11.731203155517576,30.2800006866455,169,TRUE,112058989,'3rd 04:27 : 2pt jump shot (in the paint) made by Lauren Jensen(Creighton) 50-46',5254191,560661,560701,2024-03-25,Creighton Bluejays,560701,Creighton,2024-03-26
11.289402008056657,47.185001373291,169,FALSE,112059059,'3rd 04:02 : 3pt jump shot (outside left) missed by Morgan Maly(Creighton),5254191,560661,560701,2024-03-25,Creighton Bluejays,560701,Creighton,2024-03-26
5.132400035858152,28.0300006866455,110,TRUE,112059062,'3rd 03:51 : 2pt layup (under the basket) made by Lauren Betts(UCLA),5254191,560661,560701,2024-03-25,UCLA Bruins,560661,UCLA,2024-03-26
11.731203155517576,13.659999847412102,169,FALSE,112059086,'3rd 03:11 : 2pt jump shot (inside right) missed by Molly Mogensen(Creighton),5254191,560661,560701,2024-03-25,Creighton Bluejays,560701,Creighton,2024-03-26
10.114400215148892,20.98500061035155,110,TRUE,112059090,'3rd 03:04 : 2pt layup (fast break) (in the paint) made by Kiki Rice(UCLA) 50-52',5254191,560661,560701,2024-03-25,UCLA Bruins,560661,UCLA,2024-03-26
12.172999820709194,35.0699996948242,110,FALSE,112059141,'3rd 02:41 : 2pt jump shot (off turnover) (inside left) missed by Angela Dugalić(UCLA),5254191,560661,560701,2024-03-25,UCLA Bruins,560661,UCLA,2024-03-26
29.76980007171626,24.36499977111815,110,FALSE,112059148,'3rd 02:28 : 3pt jump shot (2nd chance;off turnover;blocked) (outside center) missed by Kiki Rice(UCLA),5254191,560661,560701,2024-03-25,UCLA Bruins,560661,UCLA,2024-03-26
9.089800071716311,36.47999954223635,169,FALSE,112057594,'1st 04:17 : 2pt step back jump shot (inside left) missed by Emma Ronsiek(Creighton),5254191,560661,560701,2024-03-25,Creighton Bluejays,560701,Creighton,2024-03-26
26.103796844482417,10.984999656677251,110,TRUE,112057597,'1st 04:06 : 3pt jump shot (outside right) made by Kiki Rice(UCLA),5254191,560661,560701,2024-03-25,UCLA Bruins,560661,UCLA,2024-03-26
15.397197418212912,25.91500091552735,110,FALSE,112058262,'2nd 02:38 : 2pt jump shot (in the paint) missed by Camryn Brown(UCLA),5254191,560661,560701,2024-03-25,UCLA Bruins,560661,UCLA,2024-03-26
23.61280078887939,9.01499938964845,169,FALSE,112058282,'2nd 02:17 : 3pt jump shot (outside right) missed by Emma Ronsiek(Creighton),5254191,560661,560701,2024-03-25,Creighton Bluejays,560701,Creighton,2024-03-26
16.28079971313475,45.34999990463257,169,FALSE,112058299,'2nd 02:13 : 3pt jump shot (2nd chance) (outside left) missed by Molly Mogensen(Creighton),5254191,560661,560701,2024-03-25,Creighton Bluejays,560701,Creighton,2024-03-26
8.356599426269497,27.88500022888185,110,TRUE,112058309,'2nd 01:44 : 2pt layup (under the basket) made by Gabriela Jaquez(UCLA) 38-30',5254191,560661,560701,2024-03-25,UCLA Bruins,560661,UCLA,2024-03-26
5.86559978485107,21.27000045776365,169,TRUE,112058314,'2nd 01:34 : 2pt layup (under the basket) made by Kiani Lockett(Creighton),5254191,560661,560701,2024-03-25,Creighton Bluejays,560701,Creighton,2024-03-26
6.598796844482422,21.82999992370605,110,TRUE,112058320,'2nd 01:14 : 2pt layup (under the basket) made by Gabriela Jaquez(UCLA),5254191,560661,560701,2024-03-25,UCLA Bruins,560661,UCLA,2024-03-26
6.307399139404339,28.875,110,TRUE,112058411,'2nd 00:06.00 : 2pt layup (in the paint) made by Camryn Brown(UCLA),5254191,560661,560701,2024-03-25,UCLA Bruins,560661,UCLA,2024-03-26
26.395199928283738,35.0699996948242,110,FALSE,112058847,'3rd 07:59 : 3pt jump shot (off turnover) (outside left) missed by Angela Dugalić(UCLA),5254191,560661,560701,2024-03-25,UCLA Bruins,560661,UCLA,2024-03-26
12.172997131347673,11.9700002670288,169,TRUE,112058852,'3rd 07:38 : 2pt jump shot (inside right) made by Morgan Maly(Creighton),5254191,560661,560701,2024-03-25,Creighton Bluejays,560701,Creighton,2024-03-26
16.713198852539094,34.6500015258789,169,FALSE,112058864,'3rd 07:18 : 2pt jump shot (off turnover) (inside left) missed by Mallory Brake(Creighton),5254191,560661,560701,2024-03-25,Creighton Bluejays,560701,Creighton,2024-03-26
7.623399677276614,27.32500076293945,110,TRUE,112058872,'3rd 07:05 : 2pt layup (under the basket) made by Lauren Betts(UCLA),5254191,560661,560701,2024-03-25,UCLA Bruins,560661,UCLA,2024-03-26
11.148400573730498,33.38000106811525,169,FALSE,112058911,'3rd 06:26 : 2pt step back jump shot (inside left) missed by Morgan Maly(Creighton),5254191,560661,560701,2024-03-25,Creighton Bluejays,560701,Creighton,2024-03-26
7.77380043029785,19.86000061035155,110,TRUE,112058916,'3rd 06:10 : 2pt layup (in the paint) made by Gabriela Jaquez(UCLA) 46-41',5254191,560661,560701,2024-03-25,UCLA Bruins,560661,UCLA,2024-03-26
9.9734005737305,22.8150005340576,169,FALSE,112058926,'3rd 05:46 : 2pt layup (in the paint) missed by Lauren Jensen(Creighton),5254191,560661,560701,2024-03-25,Creighton Bluejays,560701,Creighton,2024-03-26
7.1815994262695,22.39500045776365,110,FALSE,112058154,'2nd 04:17 : 2pt hook shot (under the basket) missed by Gabriela Jaquez(UCLA),5254191,560661,560701,2024-03-25,UCLA Bruins,560661,UCLA,2024-03-26
7.623400573730507,29.57500076293945,110,FALSE,112058369,'2nd 00:40.10 : 2pt jump shot (off turnover) (in the paint) missed by Kiki Rice(UCLA),5254191,560661,560701,2024-03-25,UCLA Bruins,560661,UCLA,2024-03-26
14.664000358581518,20.98500061035155,169,TRUE,112058397,'2nd 00:20.10 : 2pt step back jump shot (in the paint) made by Lauren Jensen(Creighton) 42-32',5254191,560661,560701,2024-03-25,Creighton Bluejays,560701,Creighton,2024-03-26
8.798400573730504,20.5650005340576,169,TRUE,112058756,'3rd 09:44 : 2pt layup (off turnover;fast break) (in the paint) made by Mallory Brake(Creighton),5254191,560661,560701,2024-03-25,Creighton Bluejays,560701,Creighton,2024-03-26
7.482400035858152,22.39500045776365,110,TRUE,112058760,'3rd 09:22 : 2pt (under the basket) made by UCLA 44-36',5254191,560661,560701,2024-03-25,UCLA Bruins,560661,UCLA,2024-03-26
7.482400035858152,22.39500045776365,110,FALSE,112058761,'3rd 09:22 : 2pt layup (under the basket) missed by Lauren Betts(UCLA),5254191,560661,560701,2024-03-25,UCLA Bruins,560661,UCLA,2024-03-26
28.886203155517578,26.1949996948242,169,FALSE,112058766,'3rd 09:14 : 3pt jump shot (outside center) missed by Lauren Jensen(Creighton),5254191,560661,560701,2024-03-25,Creighton Bluejays,560701,Creighton,2024-03-26
7.332000179290768,21.4099998474121,110,FALSE,112058770,'3rd 09:04 : 2pt layup (in the paint) missed by Angela Dugalić(UCLA),5254191,560661,560701,2024-03-25,UCLA Bruins,560661,UCLA,2024-03-26
6.598799982070919,28.5900001525879,110,FALSE,112058798,'3rd 08:55 : 2pt layup (2nd chance) (under the basket) missed by Kiki Rice(UCLA),5254191,560661,560701,2024-03-25,UCLA Bruins,560661,UCLA,2024-03-26
22.146397705078073,29.01499938964845,110,FALSE,112057220,'1st 09:47 : 2pt jump shot (inside center) missed by Lauren Betts(UCLA),5254191,560661,560701,2024-03-25,UCLA Bruins,560661,UCLA,2024-03-26
6.890199928283687,27.60499954223635,169,TRUE,112057233,'1st 09:26 : 2pt layup (under the basket) made by Emma Ronsiek(Creighton),5254191,560661,560701,2024-03-25,Creighton Bluejays,560701,Creighton,2024-03-26
8.798400573730504,26.3400001525879,110,TRUE,112057245,'1st 09:11 : 2pt hook shot (under the basket) made by Lauren Betts(UCLA),5254191,560661,560701,2024-03-25,UCLA Bruins,560661,UCLA,2024-03-26
28.88619956970212,32.5349998474121,169,TRUE,112057277,'1st 08:54 : 3pt jump shot (outside center) made by Lauren Jensen(Creighton),5254191,560661,560701,2024-03-25,Creighton Bluejays,560701,Creighton,2024-03-26
17.88820064544677,19.1550006866455,169,FALSE,112057403,'1st 06:40 : 2pt jump shot (in the paint) missed by Mallory Brake(Creighton),5254191,560661,560701,2024-03-25,Creighton Bluejays,560701,Creighton,2024-03-26
7.482399139404336,28.875,110,TRUE,112057408,'1st 06:28 : 2pt jump shot (in the paint) made by Lauren Betts(UCLA),5254191,560661,560701,2024-03-25,UCLA Bruins,560661,UCLA,2024-03-26
20.68,31.27000045776365,169,FALSE,112057471,'1st 05:56 : 2pt pull up jump shot (inside left) missed by Morgan Maly(Creighton),5254191,560661,560701,2024-03-25,Creighton Bluejays,560701,Creighton,2024-03-26
8.507000179290769,32.95999908447265,169,TRUE,112057485,'1st 05:32 : 2pt jump shot (off turnover) (inside left) made by Emma Ronsiek(Creighton) 42-34',5254191,560661,560701,2024-03-25,Creighton Bluejays,560701,Creighton,2024-03-26
9.089800071716311,26.0550003051758,169,TRUE,112057608,'1st 03:46 : 2pt layup (under the basket) made by Lauren Jensen(Creighton),5254191,560661,560701,2024-03-25,Creighton Bluejays,560701,Creighton,2024-03-26
8.356599426269497,28.72999954223635,110,FALSE,112057637,'1st 03:29 : 2pt layup (in the paint) missed by Lauren Betts(UCLA),5254191,560661,560701,2024-03-25,UCLA Bruins,560661,UCLA,2024-03-26
3.9573991394043304,22.95999908447265,110,TRUE,112057643,'1st 03:25 : 2pt layup (2nd chance) (in the paint) made by Lauren Betts(UCLA) 13-13',5254191,560661,560701,2024-03-25,UCLA Bruins,560661,UCLA,2024-03-26
7.332000179290768,21.9699993133545,169,TRUE,112057653,'1st 02:59 : 2pt layup (under the basket) made by Morgan Maly(Creighton),5254191,560661,560701,2024-03-25,Creighton Bluejays,560701,Creighton,2024-03-26
23.753796844482423,29.7199993133545,110,FALSE,112057660,'1st 02:40 : 2pt jump shot (inside center) missed by Charisma Osborne(UCLA),5254191,560661,560701,2024-03-25,UCLA Bruins,560661,UCLA,2024-03-26
29.18700286865233,26.1949996948242,110,FALSE,112057676,'1st 02:30 : 3pt jump shot (2nd chance) (outside center) missed by Gabriela Jaquez(UCLA),5254191,560661,560701,2024-03-25,UCLA Bruins,560661,UCLA,2024-03-26
6.157002868652327,22.5349998474121,110,TRUE,112057679,'1st 02:23 : 2pt layup (2nd chance) (under the basket) made by Lauren Betts(UCLA),5254191,560661,560701,2024-03-25,UCLA Bruins,560661,UCLA,2024-03-26
16.130399856567372,36.0550003051758,169,FALSE,112057797,'1st 00:34.20 : 2pt turnaround jump shot (inside left) missed by Lauren Jensen(Creighton),5254191,560661,560701,2024-03-25,Creighton Bluejays,560701,Creighton,2024-03-26
11.439800071716263,12.5349998474121,169,FALSE,112057807,'1st 00:01.90 : 2pt pull up jump shot (off turnover) (inside right) missed by Lauren Jensen(Creighton),5254191,560661,560701,2024-03-25,Creighton Bluejays,560701,Creighton,2024-03-26
8.798399677276615,16.7599983215332,169,FALSE,112057913,'2nd 09:20 : 2pt pull up jump shot (off turnover) (inside right) missed by Lauren Jensen(Creighton),5254191,560661,560701,2024-03-25,Creighton Bluejays,560701,Creighton,2024-03-26
10.706599426269491,47.74499893188475,110,FALSE,112057919,'2nd 09:06 : 3pt jump shot (outside left) missed by Gabriela Jaquez(UCLA),5254191,560661,560701,2024-03-25,UCLA Bruins,560661,UCLA,2024-03-26
8.948800430297851,29.29500007629395,169,TRUE,112057944,'2nd 08:45 : 2pt layup (in the paint) made by Morgan Maly(Creighton),5254191,560661,560701,2024-03-25,Creighton Bluejays,560701,Creighton,2024-03-26
19.504999999999995,5.775000095367453,110,FALSE,112057946,'2nd 08:37 : 3pt jump shot (outside right) missed by Londynn Jones(UCLA),5254191,560661,560701,2024-03-25,UCLA Bruins,560661,UCLA,2024-03-26
26.395199928283738,35.91499996185305,169,FALSE,112057951,'2nd 08:23 : 3pt jump shot (outside left) missed by Lauren Jensen(Creighton),5254191,560661,560701,2024-03-25,Creighton Bluejays,560701,Creighton,2024-03-26
6.016001434326171,48.0299987792969,110,FALSE,112057960,'2nd 08:15 : 3pt jump shot (outside left wing) missed by Londynn Jones(UCLA),5254191,560661,560701,2024-03-25,UCLA Bruins,560661,UCLA,2024-03-26
7.773796844482419,32.95999908447265,110,FALSE,112057707,'1st 01:43 : 2pt jump shot (off turnover) (inside left) missed by Lauren Betts(UCLA),5254191,560661,560701,2024-03-25,UCLA Bruins,560661,UCLA,2024-03-26
27.57019992828374,33.8050003051758,169,TRUE,112057741,'1st 01:34 : 3pt jump shot (outside left) made by Morgan Maly(Creighton),5254191,560661,560701,2024-03-25,Creighton Bluejays,560701,Creighton,2024-03-26
20.971397705078076,19.86000061035155,110,FALSE,112057747,'1st 01:17 : 2pt step back jump shot (inside center) missed by Londynn Jones(UCLA),5254191,560661,560701,2024-03-25,UCLA Bruins,560661,UCLA,2024-03-26
7.1815994262695,47.60499954223635,110,FALSE,112057784,'1st 01:06 : 3pt jump shot (outside left) missed by Londynn Jones(UCLA),5254191,560661,560701,2024-03-25,UCLA Bruins,560661,UCLA,2024-03-26
7.0405979919433435,22.8150005340576,110,TRUE,112057789,'1st 00:52.90 : 2pt layup (2nd chance) (under the basket) made by Lauren Betts(UCLA),5254191,560661,560701,2024-03-25,UCLA Bruins,560661,UCLA,2024-03-26
5.86559978485107,13.38000106811525,169,TRUE,112057967,'2nd 07:53 : 2pt jump shot (inside right) made by Lauren Jensen(Creighton),5254191,560661,560701,2024-03-25,Creighton Bluejays,560701,Creighton,2024-03-26
18.912800788879395,25.35000038146975,169,TRUE,112057977,'2nd 07:30 : 2pt pull up jump shot (off turnover;fast break) (in the paint) made by Molly Mogensen(Creighton) 26-19',5254191,560661,560701,2024-03-25,Creighton Bluejays,560701,Creighton,2024-03-26
30.944798278808584,20.98500061035155,110,FALSE,112057984,'2nd 07:11 : 3pt jump shot (outside center) missed by Kiki Rice(UCLA),5254191,560661,560701,2024-03-25,UCLA Bruins,560661,UCLA,2024-03-26
7.623399677276614,32.8150005340576,169,TRUE,112057999,'2nd 06:59 : 2pt jump shot (inside left) made by Emma Ronsiek(Creighton),5254191,560661,560701,2024-03-25,Creighton Bluejays,560701,Creighton,2024-03-26
7.623400573730507,22.11499977111815,110,FALSE,112058055,'2nd 06:38 : 2pt layup (under the basket) missed by Kiki Rice(UCLA),5254191,560661,560701,2024-03-25,UCLA Bruins,560661,UCLA,2024-03-26
5.640000000000001,25,110,TRUE,112058060,'2nd 06:34 : 2pt layup (2nd chance) (under the basket) made by Kiki Rice(UCLA) 28-21',5254191,560661,560701,2024-03-25,UCLA Bruins,560661,UCLA,2024-03-26
29.76980007171626,30.70499992370605,169,TRUE,112058061,'2nd 06:27 : 3pt jump shot (outside center) made by Emma Ronsiek(Creighton),5254191,560661,560701,2024-03-25,Creighton Bluejays,560701,Creighton,2024-03-26
24.19559799194333,41.125,110,TRUE,112058080,'2nd 06:01 : 3pt jump shot (outside left) made by Charisma Osborne(UCLA),5254191,560661,560701,2024-03-25,UCLA Bruins,560661,UCLA,2024-03-26
6.44840057373051,29.4349994659424,110,FALSE,112058125,'2nd 05:12 : 2pt hook shot (off turnover) (in the paint) missed by Lauren Betts(UCLA),5254191,560661,560701,2024-03-25,UCLA Bruins,560661,UCLA,2024-03-26
17.747199211120606,19.1550006866455,169,FALSE,112058133,'2nd 04:54 : 2pt jump shot (in the paint) missed by Lauren Jensen(Creighton),5254191,560661,560701,2024-03-25,Creighton Bluejays,560701,Creighton,2024-03-26
7.0405979919433435,21.82999992370605,110,TRUE,112058140,'2nd 04:43 : 2pt layup (under the basket) made by Lauren Betts(UCLA),5254191,560661,560701,2024-03-25,UCLA Bruins,560661,UCLA,2024-03-26
21.704600143432625,41.125,169,TRUE,112058147,'2nd 04:35 : 3pt jump shot (outside left) made by Emma Ronsiek(Creighton),5254191,560661,560701,2024-03-25,Creighton Bluejays,560701,Creighton,2024-03-26
28.594798278808582,17.7450008392334,110,FALSE,112058229,'2nd 04:05 : 3pt jump shot (2nd chance) (outside center) missed by Charisma Osborne(UCLA),5254191,560661,560701,2024-03-25,UCLA Bruins,560661,UCLA,2024-03-26
8.507000179290769,28.0300006866455,169,TRUE,112058235,'2nd 03:57 : 2pt layup (fast break) (in the paint) made by Emma Ronsiek(Creighton),5254191,560661,560701,2024-03-25,Creighton Bluejays,560701,Creighton,2024-03-26
6.890201721191431,29.01499938964845,110,TRUE,112058242,'2nd 03:38 : 2pt layup (in the paint) made by Camryn Brown(UCLA),5254191,560661,560701,2024-03-25,UCLA Bruins,560661,UCLA,2024-03-26
11.881600322723433,20.2800006866455,169,FALSE,112058245,'2nd 03:15 : 2pt jump shot (in the paint) missed by Morgan Maly(Creighton),5254191,560661,560701,2024-03-25,Creighton Bluejays,560701,Creighton,2024-03-26
9.531600322723431,30.70499992370605,169,TRUE,112058254,'2nd 03:00 : 2pt pull up jump shot (2nd chance) (in the paint) made by Lauren Jensen(Creighton) 38-28',5254191,560661,560701,2024-03-25,Creighton Bluejays,560701,Creighton,2024-03-26
18.17959655761716,33.944999694824205,110,FALSE,112057309,'1st 08:32 : 2pt jump shot (blocked) (inside left) missed by Charisma Osborne(UCLA),5254191,560661,560701,2024-03-25,UCLA Bruins,560661,UCLA,2024-03-26
17.155,45.34999990463257,169,FALSE,112057338,'1st 08:13 : 3pt jump shot (outside left) missed by Morgan Maly(Creighton),5254191,560661,560701,2024-03-25,Creighton Bluejays,560701,Creighton,2024-03-26
8.948796844482416,20.5650005340576,110,TRUE,112057353,'1st 07:58 : 2pt layup (in the paint) made by Lauren Betts(UCLA),5254191,560661,560701,2024-03-25,UCLA Bruins,560661,UCLA,2024-03-26
30.94479827880858,25.0699996948242,169,TRUE,112057377,'1st 07:31 : 3pt step back jump shot (outside center) made by Lauren Jensen(Creighton) 8-4',5254191,560661,560701,2024-03-25,Creighton Bluejays,560701,Creighton,2024-03-26
21.996001434326175,7.6050000190735005,110,FALSE,112057382,'1st 07:08 : 3pt jump shot (outside right) missed by Charisma Osborne(UCLA),5254191,560661,560701,2024-03-25,UCLA Bruins,560661,UCLA,2024-03-26
10.706599426269491,27.32500076293945,169,FALSE,112058822,'3rd 08:25 : 2pt layup (in the paint) missed by Lauren Jensen(Creighton),5254191,560661,560701,2024-03-25,Creighton Bluejays,560701,Creighton,2024-03-26
20.238198852539085,31.4099998474121,169,FALSE,112058828,'3rd 08:19 : 2pt jump shot (2nd chance) (inside left) missed by Lauren Jensen(Creighton),5254191,560661,560701,2024-03-25,Creighton Bluejays,560701,Creighton,2024-03-26
23.90420028686525,39.57499980926515,110,TRUE,112058832,'3rd 08:10 : 3pt jump shot (outside left) made by Angela Dugalić(UCLA),5254191,560661,560701,2024-03-25,UCLA Bruins,560661,UCLA,2024-03-26
9.822999820709192,12.5349998474121,328,TRUE,112059472,'1st 04:38 : 2pt floating jump shot (inside right) made by Zakiyah Franklin(KAN),5254204,561101,560831,2024-03-25,Kansas Jayhawks,560831,Kansas,2024-03-26
29.47840057373051,18.0300006866455,657,FALSE,112059478,'1st 04:11 : 3pt jump shot (outside center) missed by McKenzie Forbes(USC),5254204,561101,560831,2024-03-25,Southern California Trojans,561101,Southern California,2024-03-26
14.513599605560303,28.17000007629395,328,FALSE,112059488,'1st 03:50 : 2pt floating jump shot (off turnover) (in the paint) missed by Wyvette Mayberry(KAN),5254204,561101,560831,2024-03-25,Kansas Jayhawks,560831,Kansas,2024-03-26
32.55219741821292,36.1949996948242,657,FALSE,112059493,'1st 03:17 : 3pt jump shot (outside center) missed by McKenzie Forbes(USC),5254204,561101,560831,2024-03-25,Southern California Trojans,561101,Southern California,2024-03-26
8.065199928283686,1.689998626709,328,FALSE,112059501,'1st 02:56 : 3pt jump shot (outside right) missed by Wyvette Mayberry(KAN),5254204,561101,560831,2024-03-25,Kansas Jayhawks,560831,Kansas,2024-03-26
18.17959655761716,24.64999961853025,657,FALSE,112059506,'1st 02:39 : 2pt turnaround jump shot (in the paint) missed by McKenzie Forbes(USC),5254204,561101,560831,2024-03-25,Southern California Trojans,561101,Southern California,2024-03-26
9.822999820709192,27.04000091552735,328,FALSE,112059510,'1st 02:12 : 2pt jump shot (blocked) (in the paint) missed by Taiyanna Jackson(KAN),5254204,561101,560831,2024-03-25,Kansas Jayhawks,560831,Kansas,2024-03-26
11.148399677276569,27.04000091552735,328,FALSE,112059517,'1st 02:07 : 2pt jump shot (2nd chance;blocked) (in the paint) missed by Taiyanna Jackson(KAN),5254204,561101,560831,2024-03-25,Kansas Jayhawks,560831,Kansas,2024-03-26
8.798400573730504,24.79000091552735,657,FALSE,112059539,'1st 01:49 : 2pt layup (off turnover) (under the basket) missed by Rayah Marshall(USC) 9-12',5254204,561101,560831,2024-03-25,Southern California Trojans,561101,Southern California,2024-03-26
6.890201721191431,20.70499992370605,657,TRUE,112059543,'1st 01:44 : 2pt layup (2nd chance;off turnover) (in the paint) made by Rayah Marshall(USC),5254204,561101,560831,2024-03-25,Southern California Trojans,561101,Southern California,2024-03-26
7.04059978485107,20.98500061035155,328,FALSE,112059548,'1st 01:22 : 2pt driving layup (in the paint) missed by S&#39;Mya Nichols(KAN),5254204,561101,560831,2024-03-25,Kansas Jayhawks,560831,Kansas,2024-03-26
24.787802581787076,43.2400016784668,657,TRUE,112059566,'1st 00:53.10 : 3pt jump shot (off turnover) (outside left) made by Kayla Padilla(USC),5254204,561101,560831,2024-03-25,Southern California Trojans,561101,Southern California,2024-03-26
9.240199928283689,22.11499977111815,328,FALSE,112059570,'1st 00:35.60 : 2pt hook shot (blocked) (in the paint) missed by Danai Papadopoulou(KAN),5254204,561101,560831,2024-03-25,Kansas Jayhawks,560831,Kansas,2024-03-26
20.37920028686525,32.2549991607666,328,FALSE,112059575,'1st 00:29.80 : 2pt jump shot (2nd chance) (inside left) missed by Zakiyah Franklin(KAN),5254204,561101,560831,2024-03-25,Kansas Jayhawks,560831,Kansas,2024-03-26
23.904200286865247,7.744999885559103,657,FALSE,112059582,'1st 00:04.50 : 3pt jump shot (outside right) missed by Kayla Padilla(USC),5254204,561101,560831,2024-03-25,Southern California Trojans,561101,Southern California,2024-03-26
13.047197418212916,9.574999809265153,657,FALSE,112059600,'2nd 09:35 : 2pt jump shot (off turnover) (inside right) missed by Rayah Marshall(USC),5254204,561101,560831,2024-03-25,Southern California Trojans,561101,Southern California,2024-03-26
29.920201721191415,23.10000038146975,657,FALSE,112059602,'2nd 09:30 : 3pt jump shot (2nd chance;off turnover) (outside center) missed by Kayla Williams(USC),5254204,561101,560831,2024-03-25,Southern California Trojans,561101,Southern California,2024-03-26
28.74520172119142,14.225000381469748,657,TRUE,112059610,'2nd 09:03 : 3pt jump shot (off turnover;fast break) (outside right) made by McKenzie Forbes(USC) 9-20',5254204,561101,560831,2024-03-25,Southern California Trojans,561101,Southern California,2024-03-26
31.085799713134755,17.04000091552735,657,TRUE,112059662,'2nd 08:41 : 3pt pull up jump shot (outside center) made by JuJu Watkins(USC) 9-24',5254204,561101,560831,2024-03-25,Southern California Trojans,561101,Southern California,2024-03-26
9.682000179290808,20.98500061035155,328,TRUE,112059663,'2nd 08:21 : 2pt driving layup (in the paint) made by S&#39;Mya Nichols(KAN) 11-24',5254204,561101,560831,2024-03-25,Kansas Jayhawks,560831,Kansas,2024-03-26
4.107802581787098,1.409999966621399,657,TRUE,112059675,'2nd 08:07 : 3pt jump shot (outside right wing) made by Kayla Padilla(USC),5254204,561101,560831,2024-03-25,Southern California Trojans,561101,Southern California,2024-03-26
3.8163977050780744,48.5900001525879,657,FALSE,112059694,'2nd 07:34 : 3pt jump shot (off turnover) (outside left wing) missed by Kayla Padilla(USC),5254204,561101,560831,2024-03-25,Southern California Trojans,561101,Southern California,2024-03-26
30.794402008056664,42.1150016784668,657,FALSE,112059699,'2nd 07:24 : 3pt jump shot (2nd chance;off turnover) (outside left) missed by JuJu Watkins(USC),5254204,561101,560831,2024-03-25,Southern California Trojans,561101,Southern California,2024-03-26
6.307400035858152,22.39500045776365,328,TRUE,112059708,'2nd 07:09 : 2pt layup (under the basket) made by S&#39;Mya Nichols(KAN),5254204,561101,560831,2024-03-25,Kansas Jayhawks,560831,Kansas,2024-03-26
13.047200107574447,26.76000022888185,328,TRUE,112059756,'2nd 06:16 : 2pt (off turnover) (in the paint) made by KAN 16-27',5254204,561101,560831,2024-03-25,Kansas Jayhawks,560831,Kansas,2024-03-26
13.047200107574447,26.76000022888185,328,FALSE,112059757,'2nd 06:16 : 2pt layup (off turnover) (in the paint) missed by Taiyanna Jackson(KAN),5254204,561101,560831,2024-03-25,Kansas Jayhawks,560831,Kansas,2024-03-26
29.03659942626949,30.98500061035155,657,FALSE,112059782,'2nd 05:54 : 3pt jump shot (outside center) missed by JuJu Watkins(USC),5254204,561101,560831,2024-03-25,Southern California Trojans,561101,Southern California,2024-03-26
23.31199928283687,41.55000019073485,328,FALSE,112059787,'2nd 05:45 : 3pt jump shot (outside left) missed by S&#39;Mya Nichols(KAN),5254204,561101,560831,2024-03-25,Kansas Jayhawks,560831,Kansas,2024-03-26
10.997997131347674,22.5349998474121,657,FALSE,112059799,'2nd 04:55 : 2pt hook shot (off turnover;blocked) (in the paint) missed by McKenzie Forbes(USC),5254204,561101,560831,2024-03-25,Southern California Trojans,561101,Southern California,2024-03-26
9.089800071716311,1.689998626709,328,TRUE,112059808,'2nd 04:46 : 3pt jump shot (outside right) made by S&#39;Mya Nichols(KAN),5254204,561101,560831,2024-03-25,Kansas Jayhawks,560831,Kansas,2024-03-26
4.690597991943335,3.0999999046325684,657,FALSE,112059851,'2nd 04:26 : 3pt jump shot (outside right wing) missed by McKenzie Forbes(USC),5254204,561101,560831,2024-03-25,Southern California Trojans,561101,Southern California,2024-03-26
13.19759996414182,15.7750015258789,328,FALSE,112059856,'2nd 04:09 : 2pt floating jump shot (blocked) (inside right) missed by Wyvette Mayberry(KAN),5254204,561101,560831,2024-03-25,Kansas Jayhawks,560831,Kansas,2024-03-26
28.15300071716313,33.3799991607666,328,FALSE,112059860,'2nd 04:00 : 3pt jump shot (2nd chance) (outside left) missed by S&#39;Mya Nichols(KAN),5254204,561101,560831,2024-03-25,Kansas Jayhawks,560831,Kansas,2024-03-26
28.594798278808582,14.930000305175804,657,TRUE,112059866,'2nd 03:50 : 3pt jump shot (outside right) made by McKenzie Forbes(USC),5254204,561101,560831,2024-03-25,Southern California Trojans,561101,Southern California,2024-03-26
9.973399677276568,29.01499938964845,328,TRUE,112059869,'2nd 03:31 : 2pt hook shot (in the paint) made by Zakiyah Franklin(KAN) 19-30',5254204,561101,560831,2024-03-25,Kansas Jayhawks,560831,Kansas,2024-03-26
24.787802581787076,9.574999809265153,657,FALSE,112059875,'2nd 03:07 : 3pt jump shot (outside right) missed by Kayla Williams(USC),5254204,561101,560831,2024-03-25,Southern California Trojans,561101,Southern California,2024-03-26
11.881600322723433,30.5650005340576,328,FALSE,112059881,'2nd 02:33 : 2pt hook shot (off turnover) (in the paint) missed by Taiyanna Jackson(KAN),5254204,561101,560831,2024-03-25,Kansas Jayhawks,560831,Kansas,2024-03-26
30.211599426269498,19.29500007629395,657,FALSE,112059887,'2nd 02:21 : 3pt jump shot (outside center) missed by JuJu Watkins(USC),5254204,561101,560831,2024-03-25,Southern California Trojans,561101,Southern California,2024-03-26
10.847600860595662,37.04000091552735,657,FALSE,112059279,'1st 09:36 : 2pt jump shot (inside left) missed by Rayah Marshall(USC),5254204,561101,560831,2024-03-25,Southern California Trojans,561101,Southern California,2024-03-26
7.332000179290768,27.4650001525879,328,FALSE,112059286,'1st 09:17 : 2pt driving layup (under the basket) missed by Holly Kersgieter(KAN),5254204,561101,560831,2024-03-25,Kansas Jayhawks,560831,Kansas,2024-03-26
5.64,25,328,FALSE,112059288,'1st 09:13 : 2pt layup (2nd chance;blocked) (under the basket) missed by Taiyanna Jackson(KAN),5254204,561101,560831,2024-03-25,Kansas Jayhawks,560831,Kansas,2024-03-26
14.081203155517583,28.72999954223635,657,FALSE,112059889,'2nd 02:16 : 2pt hook shot (2nd chance) (in the paint) missed by Kaitlyn Davis(USC),5254204,561101,560831,2024-03-25,Southern California Trojans,561101,Southern California,2024-03-26
29.47840057373051,9.574999809265153,657,TRUE,112059891,'2nd 02:11 : 3pt jump shot (2nd chance) (outside right) made by McKenzie Forbes(USC),5254204,561101,560831,2024-03-25,Southern California Trojans,561101,Southern California,2024-03-26
15.246799354553229,20.2800006866455,328,FALSE,112059894,'2nd 01:48 : 2pt hook shot (in the paint) missed by S&#39;Mya Nichols(KAN),5254204,561101,560831,2024-03-25,Kansas Jayhawks,560831,Kansas,2024-03-26
15.105799713134758,21.6900005340576,657,FALSE,112059897,'2nd 01:27 : 2pt hook shot (in the paint) missed by McKenzie Forbes(USC),5254204,561101,560831,2024-03-25,Southern California Trojans,561101,Southern California,2024-03-26
6.448400125503536,20.98500061035155,328,TRUE,112059899,'2nd 01:19 : 2pt layup (fast break) (in the paint) made by Taiyanna Jackson(KAN),5254204,561101,560831,2024-03-25,Kansas Jayhawks,560831,Kansas,2024-03-26
27.57020172119141,17.88500022888185,657,TRUE,112059311,'1st 08:55 : 3pt jump shot (off turnover) (outside center) made by JuJu Watkins(USC),5254204,561101,560831,2024-03-25,Southern California Trojans,561101,Southern California,2024-03-26
8.948796844482416,33.944999694824205,657,FALSE,112059323,'1st 08:28 : 2pt pull up jump shot (off turnover) (inside left) missed by McKenzie Forbes(USC) 0-3',5254204,561101,560831,2024-03-25,Southern California Trojans,561101,Southern California,2024-03-26
7.773796844482419,21.125,657,TRUE,112059331,'1st 08:18 : 2pt driving layup (2nd chance;off turnover) (in the paint) made by JuJu Watkins(USC),5254204,561101,560831,2024-03-25,Southern California Trojans,561101,Southern California,2024-03-26
13.19759996414182,25.4950008392334,328,FALSE,112059338,'1st 08:00 : 2pt driving layup (in the paint) missed by S&#39;Mya Nichols(KAN),5254204,561101,560831,2024-03-25,Kansas Jayhawks,560831,Kansas,2024-03-26
18.038602294921816,12.8149995803833,657,FALSE,112059360,'1st 07:44 : 2pt step back jump shot (inside right) missed by JuJu Watkins(USC),5254204,561101,560831,2024-03-25,Southern California Trojans,561101,Southern California,2024-03-26
25.370599784851105,40.70499992370605,328,FALSE,112059368,'1st 07:31 : 3pt step back jump shot (outside left) missed by Wyvette Mayberry(KAN) 2-5',5254204,561101,560831,2024-03-25,Kansas Jayhawks,560831,Kansas,2024-03-26
8.507002868652322,23.52000045776365,657,FALSE,112059373,'1st 07:21 : 2pt driving layup (under the basket) missed by McKenzie Forbes(USC),5254204,561101,560831,2024-03-25,Southern California Trojans,561101,Southern California,2024-03-26
27.57020172119141,38.45000076293945,657,FALSE,112059945,'2nd 00:29.80 : 3pt jump shot (outside left) missed by McKenzie Forbes(USC),5254204,561101,560831,2024-03-25,Southern California Trojans,561101,Southern California,2024-03-26
6.598799982070919,26.76000022888185,328,TRUE,112059950,'2nd 00:04.80 : 2pt driving layup (under the basket) made by S&#39;Mya Nichols(KAN) 23-33',5254204,561101,560831,2024-03-25,Kansas Jayhawks,560831,Kansas,2024-03-26
18.038600502014145,19.4349994659424,328,TRUE,112059377,'1st 07:08 : 2pt jump shot (in the paint) made by Taiyanna Jackson(KAN),5254204,561101,560831,2024-03-25,Kansas Jayhawks,560831,Kansas,2024-03-26
8.798400573730504,24.5049991607666,657,TRUE,112059385,'1st 06:53 : 2pt driving layup (under the basket) made by JuJu Watkins(USC) 4-7',5254204,561101,560831,2024-03-25,Southern California Trojans,561101,Southern California,2024-03-26
6.890201721191431,23.23999977111815,657,TRUE,112059415,'1st 06:17 : 2pt layup (under the basket) made by Rayah Marshall(USC),5254204,561101,560831,2024-03-25,Southern California Trojans,561101,Southern California,2024-03-26
20.52959655761715,45.3499984741211,657,TRUE,112059425,'1st 05:40 : 3pt step back jump shot (off turnover) (outside left) made by McKenzie Forbes(USC) 5-12',5254204,561101,560831,2024-03-25,Southern California Trojans,561101,Southern California,2024-03-26
13.639400215148893,23.8050003051758,328,TRUE,112059430,'1st 05:18 : 2pt pull up jump shot (in the paint) made by Wyvette Mayberry(KAN),5254204,561101,560831,2024-03-25,Kansas Jayhawks,560831,Kansas,2024-03-26
6.890201721191431,21.125,657,FALSE,112059436,'1st 04:55 : 2pt driving layup (in the paint) missed by JuJu Watkins(USC),5254204,561101,560831,2024-03-25,Southern California Trojans,561101,Southern California,2024-03-26
22.146399497985858,17.49499893188475,260,TRUE,112059731,'1st 09:43 : 2pt jump shot (inside right) made by Yvonne Ejim(Gonzaga),5254197,560776,561183,2024-03-25,Gonzaga Bulldogs,560776,Gonzaga,2024-03-26
7.482399139404336,20.5349998474121,732,TRUE,112059745,'1st 09:23 : 2pt layup (in the paint) made by Alissa Pili(Utah),5254197,560776,561183,2024-03-25,Utah Utes,561183,Utah,2024-03-26
27.27880043029788,35.23999977111815,260,FALSE,112059752,'1st 09:06 : 3pt jump shot (outside left) missed by Eliza Hollingsworth(Gonzaga),5254197,560776,561183,2024-03-25,Gonzaga Bulldogs,560776,Gonzaga,2024-03-26
7.482399139404336,48,732,FALSE,112059759,'1st 08:56 : 3pt jump shot (outside left) missed by Kennady McQueen(Utah),5254197,560776,561183,2024-03-25,Utah Utes,561183,Utah,2024-03-26
5.132400035858152,11.7200012207031,260,FALSE,112059764,'1st 08:41 : 2pt jump shot (inside right) missed by Kaylynne Truong(Gonzaga),5254197,560776,561183,2024-03-25,Gonzaga Bulldogs,560776,Gonzaga,2024-03-26
23.904200286865247,41.0999984741211,732,FALSE,112059776,'1st 08:16 : 3pt jump shot (outside left) missed by Maty Wilke(Utah),5254197,560776,561183,2024-03-25,Utah Utes,561183,Utah,2024-03-26
8.356599426269497,28.8449993133545,732,TRUE,112059781,'1st 07:54 : 2pt layup (2nd chance) (in the paint) made by Alissa Pili(Utah) 4-2',5254197,560776,561183,2024-03-25,Utah Utes,561183,Utah,2024-03-26
23.61280078887939,40.5900001525879,260,FALSE,112059784,'1st 07:43 : 3pt jump shot (outside left) missed by Kayleigh Truong(Gonzaga),5254197,560776,561183,2024-03-25,Gonzaga Bulldogs,560776,Gonzaga,2024-03-26
29.920201721191415,26.17000007629395,732,TRUE,112059789,'1st 07:33 : 3pt jump shot (outside center) made by Alissa Pili(Utah),5254197,560776,561183,2024-03-25,Utah Utes,561183,Utah,2024-03-26
10.114400215148892,18.89999961853025,260,TRUE,112059796,'1st 07:11 : 2pt pull up jump shot (inside right) made by Kayleigh Truong(Gonzaga) 7-4',5254197,560776,561183,2024-03-25,Gonzaga Bulldogs,560776,Gonzaga,2024-03-26
7.181599874496465,20.875,260,TRUE,112059802,'1st 06:33 : 2pt layup (off turnover) (in the paint) made by Yvonne Ejim(Gonzaga),5254197,560776,561183,2024-03-25,Gonzaga Bulldogs,560776,Gonzaga,2024-03-26
31.085799713134755,24.76000022888185,732,TRUE,112059812,'1st 06:14 : 3pt jump shot (outside center) made by Alissa Pili(Utah),5254197,560776,561183,2024-03-25,Utah Utes,561183,Utah,2024-03-26
28.011999282836868,13.8300018310547,260,TRUE,112059817,'1st 05:54 : 3pt jump shot (outside right) made by Eliza Hollingsworth(Gonzaga),5254197,560776,561183,2024-03-25,Gonzaga Bulldogs,560776,Gonzaga,2024-03-26
20.821001434326178,44.7599983215332,732,FALSE,112059820,'1st 05:38 : 3pt jump shot (outside left) missed by Jenna Johnson(Utah),5254197,560776,561183,2024-03-25,Utah Utes,561183,Utah,2024-03-26
29.327997131347672,31.6599998474121,732,FALSE,112059917,'1st 04:07 : 3pt jump shot (off turnover) (outside center) missed by Kennady McQueen(Utah),5254197,560776,561183,2024-03-25,Utah Utes,561183,Utah,2024-03-26
23.61280078887939,8.7599983215332,260,TRUE,112059944,'1st 03:30 : 3pt jump shot (outside right) made by Kayleigh Truong(Gonzaga) 10-14',5254197,560776,561183,2024-03-25,Gonzaga Bulldogs,560776,Gonzaga,2024-03-26
7.482399139404336,20.5349998474121,732,TRUE,112059948,'1st 03:14 : 2pt layup (in the paint) made by Kennady McQueen(Utah),5254197,560776,561183,2024-03-25,Utah Utes,561183,Utah,2024-03-26
10.706600322723432,36.22500038146975,260,FALSE,112059952,'1st 02:58 : 2pt jump shot (inside left) missed by Yvonne Ejim(Gonzaga),5254197,560776,561183,2024-03-25,Gonzaga Bulldogs,560776,Gonzaga,2024-03-26
28.3034005737305,14.619999885559103,732,TRUE,112059958,'1st 02:45 : 3pt step back jump shot (outside right) made by Kennady McQueen(Utah) 15-14',5254197,560776,561183,2024-03-25,Utah Utes,561183,Utah,2024-03-26
7.04059978485107,21.57500076293945,260,FALSE,112059963,'1st 02:21 : 2pt jump shot (blocked) (under the basket) missed by Maud Huijbens(Gonzaga),5254197,560776,561183,2024-03-25,Gonzaga Bulldogs,560776,Gonzaga,2024-03-26
30.06119956970212,21.29500007629395,260,FALSE,112059967,'1st 02:13 : 3pt jump shot (2nd chance) (outside center) missed by Yvonne Ejim(Gonzaga),5254197,560776,561183,2024-03-25,Gonzaga Bulldogs,560776,Gonzaga,2024-03-26
27.720599784851107,16.79000091552735,260,FALSE,112059982,'1st 01:46 : 3pt jump shot (outside right) missed by Brynna Maxwell(Gonzaga),5254197,560776,561183,2024-03-25,Gonzaga Bulldogs,560776,Gonzaga,2024-03-26
19.796397705078064,4.760000228881836,732,FALSE,112059984,'1st 01:36 : 3pt jump shot (outside right) missed by Lani White(Utah),5254197,560776,561183,2024-03-25,Utah Utes,561183,Utah,2024-03-26
12.314000358581518,19.60499954223635,260,FALSE,112059989,'1st 01:25 : 2pt jump shot (in the paint) missed by Kaylynne Truong(Gonzaga),5254197,560776,561183,2024-03-25,Gonzaga Bulldogs,560776,Gonzaga,2024-03-26
25.370597991943328,39.97000122070315,732,TRUE,112059994,'1st 01:04 : 3pt jump shot (outside left) made by Dasia Young(Utah),5254197,560776,561183,2024-03-25,Utah Utes,561183,Utah,2024-03-26
30.2115994262695,33.9699993133545,260,TRUE,112060003,'1st 00:35.20 : 3pt jump shot (outside center) made by Kaylynne Truong(Gonzaga),5254197,560776,561183,2024-03-25,Gonzaga Bulldogs,560776,Gonzaga,2024-03-26
27.720597991943336,14.194999694824196,732,TRUE,112060011,'1st 00:02.40 : 3pt jump shot (outside right) made by Jenna Johnson(Utah),5254197,560776,561183,2024-03-25,Utah Utes,561183,Utah,2024-03-26
26.395201721191413,39.97000122070315,732,FALSE,112060042,'2nd 09:48 : 3pt jump shot (outside left) missed by Lani White(Utah),5254197,560776,561183,2024-03-25,Utah Utes,561183,Utah,2024-03-26
6.890199928283687,22.2800006866455,260,TRUE,112060047,'2nd 09:35 : 2pt layup (under the basket) made by Yvonne Ejim(Gonzaga),5254197,560776,561183,2024-03-25,Gonzaga Bulldogs,560776,Gonzaga,2024-03-26
8.21559799194334,21.52000045776365,732,TRUE,112060050,'2nd 09:18 : 2pt layup (in the paint) made by Alissa Pili(Utah),5254197,560776,561183,2024-03-25,Utah Utes,561183,Utah,2024-03-26
30.944798278808584,24.3400001525879,732,FALSE,112060069,'2nd 08:59 : 3pt jump shot (off turnover) (outside center) missed by Lani White(Utah),5254197,560776,561183,2024-03-25,Utah Utes,561183,Utah,2024-03-26
23.020599784851107,17.20999908447265,260,TRUE,112060071,'2nd 08:44 : 2pt pull up jump shot (inside right) made by Brynna Maxwell(Gonzaga) 26-21',5254197,560776,561183,2024-03-25,Gonzaga Bulldogs,560776,Gonzaga,2024-03-26
16.572199211120605,45.94500017166138,260,TRUE,112060085,'2nd 08:08 : 3pt jump shot (off turnover) (outside left) made by Kaylynne Truong(Gonzaga),5254197,560776,561183,2024-03-25,Gonzaga Bulldogs,560776,Gonzaga,2024-03-26
14.081203155517583,2.6500000953674316,732,FALSE,112060090,'2nd 07:39 : 3pt jump shot (outside right) missed by Kennady McQueen(Utah),5254197,560776,561183,2024-03-25,Utah Utes,561183,Utah,2024-03-26
12.614800071716266,14.5349998474121,260,FALSE,112060094,'2nd 07:12 : 2pt jump shot (inside right) missed by Kayleigh Truong(Gonzaga),5254197,560776,561183,2024-03-25,Gonzaga Bulldogs,560776,Gonzaga,2024-03-26
24.787802581787076,41.2400016784668,732,FALSE,112060103,'2nd 06:34 : 3pt jump shot (off turnover) (outside left) missed by Maty Wilke(Utah),5254197,560776,561183,2024-03-25,Utah Utes,561183,Utah,2024-03-26
18.912800788879395,44.81500005722045,260,TRUE,112060105,'2nd 06:18 : 3pt jump shot (outside left) made by Kayleigh Truong(Gonzaga),5254197,560776,561183,2024-03-25,Gonzaga Bulldogs,560776,Gonzaga,2024-03-26
28.74520172119142,35.32500076293945,732,TRUE,112060145,'2nd 06:02 : 3pt jump shot (outside left) made by Kennady McQueen(Utah),5254197,560776,561183,2024-03-25,Utah Utes,561183,Utah,2024-03-26
7.181599874496465,28.1949996948242,260,TRUE,112060152,'2nd 05:46 : 2pt driving layup (under the basket) made by Kayleigh Truong(Gonzaga) 29-29',5254197,560776,561183,2024-03-25,Gonzaga Bulldogs,560776,Gonzaga,2024-03-26
8.507002868652322,30.8150005340576,193,FALSE,112236768,'1st 18:18 : 2pt turnaround jump shot (in the paint) missed by Kyle Filipowski(Duke),5254133,560879,560978,2024-03-30,Duke Blue Devils,560879,Duke,2024-03-31
13.639400215148893,29.60499954223635,490,FALSE,112236773,'1st 17:57 : 2pt hook shot (in the paint) missed by D.J. Burns Jr.(NC St),5254133,560879,560978,2024-03-30,NC State Wolfpack,560978,NC State,2024-03-31
27.57020172119141,17.575000762939453,193,FALSE,112236776,'1st 17:50 : 3pt jump shot (fast break) (outside center) missed by Jeremy Roach(Duke),5254133,560879,560978,2024-03-30,Duke Blue Devils,560879,Duke,2024-03-31
25.220199928283737,29.4650001525879,490,FALSE,112236778,'1st 17:40 : 2pt pull up jump shot (inside center) missed by DJ Horne(NC St),5254133,560879,560978,2024-03-30,NC State Wolfpack,560978,NC State,2024-03-31
15.246801147460914,27.4349994659424,193,FALSE,112236780,'1st 17:17 : 2pt turnaround jump shot (in the paint) missed by Kyle Filipowski(Duke),5254133,560879,560978,2024-03-30,Duke Blue Devils,560879,Duke,2024-03-31
10.997997131347674,35.74499893188475,193,FALSE,112237080,'1st 02:13 : 2pt jump shot (off turnover) (inside left) missed by Jeremy Roach(Duke),5254133,560879,560978,2024-03-30,Duke Blue Devils,560879,Duke,2024-03-31
15.10579971313475,27.0699996948242,490,FALSE,112237082,'1st 02:02 : 2pt pull up jump shot (in the paint) missed by Michael O&#39;Connell(NC St),5254133,560879,560978,2024-03-30,NC State Wolfpack,560978,NC State,2024-03-31
8.507002868652322,26.5900001525879,193,TRUE,112237084,'1st 01:39 : 2pt alley oop (under the basket) made by Sean Stewart(Duke),5254133,560879,560978,2024-03-30,Duke Blue Devils,560879,Duke,2024-03-31
18.179600143432623,26.4650001525879,490,TRUE,112237086,'1st 01:19 : 2pt jump shot (in the paint) made by Jayden Taylor(NC St) 21-27',5254133,560879,560978,2024-03-30,NC State Wolfpack,560978,NC State,2024-03-31
18.038600502014145,22,193,FALSE,112237602,'2nd 04:44 : 2pt pull up jump shot (in the paint) missed by Jared McCain(Duke),5254133,560879,560978,2024-03-30,Duke Blue Devils,560879,Duke,2024-03-31
5.4707997131347526,16.965000152587898,490,TRUE,112237604,'2nd 04:20 : 2pt floating jump shot (inside right) made by D.J. Burns Jr.(NC St) 58-44',5254133,560879,560978,2024-03-30,NC State Wolfpack,560978,NC State,2024-03-31
17.446399497985855,25.10000038146975,193,TRUE,112237606,'2nd 04:06 : 2pt pull up jump shot (in the paint) made by Jeremy Roach(Duke),5254133,560879,560978,2024-03-30,Duke Blue Devils,560879,Duke,2024-03-31
14.165799713134748,35.32999992370605,193,FALSE,112237612,'2nd 08:05 : 2pt jump shot (blocked) (inside left) missed by Kyle Filipowski(Duke),5254133,560879,560978,2024-03-30,Duke Blue Devils,560879,Duke,2024-03-31
7.999402008056663,27.25,490,TRUE,112237623,'2nd 03:46 : 2pt layup (under the basket) made by D.J. Burns Jr.(NC St),5254133,560879,560978,2024-03-30,NC State Wolfpack,560978,NC State,2024-03-31
10.415201721191425,23.20999908447265,193,FALSE,112236800,'1st 16:23 : 2pt driving layup (off turnover) (in the paint) missed by Jeremy Roach(Duke),5254133,560879,560978,2024-03-30,Duke Blue Devils,560879,Duke,2024-03-31
16.54400035858152,29.3199996948242,490,TRUE,112236807,'1st 16:01 : 2pt pull up jump shot (in the paint) made by Casey Morsell(NC St) 8-7',5254133,560879,560978,2024-03-30,NC State Wolfpack,560978,NC State,2024-03-31
10.997997131347674,24.3400001525879,193,FALSE,112236808,'1st 15:46 : 2pt driving layup (in the paint) missed by Tyrese Proctor(Duke),5254133,560879,560978,2024-03-30,Duke Blue Devils,560879,Duke,2024-03-31
27.720599784851107,12.13999938964845,490,FALSE,112236810,'1st 15:41 : 3pt pull up jump shot (fast break) (outside right) missed by DJ Horne(NC St),5254133,560879,560978,2024-03-30,NC State Wolfpack,560978,NC State,2024-03-31
17.30540344238284,23.4950008392334,193,FALSE,112236817,'1st 15:18 : 2pt pull up jump shot (in the paint) missed by Mark Mitchell(Duke),5254133,560879,560978,2024-03-30,Duke Blue Devils,560879,Duke,2024-03-31
14.222200107574446,23.125,490,FALSE,112236820,'1st 15:02 : 2pt floating jump shot (in the paint) missed by Casey Morsell(NC St) 6-4',5254133,560879,560978,2024-03-30,NC State Wolfpack,560978,NC State,2024-03-31
8.798399677276615,32.5650005340576,490,FALSE,112237103,'1st 00:47.40 : 2pt turnaround jump shot (off turnover) (inside left) missed by D.J. Burns Jr.(NC St),5254133,560879,560978,2024-03-30,NC State Wolfpack,560978,NC State,2024-03-31
29.03659942626949,8,193,FALSE,112237111,'1st 00:15.40 : 3pt jump shot (outside right) missed by Jared McCain(Duke),5254133,560879,560978,2024-03-30,Duke Blue Devils,560879,Duke,2024-03-31
8.64799713134768,27.29500007629395,193,FALSE,112237113,'1st 00:11.70 : 2pt layup (2nd chance) (under the basket) missed by Jaylen Blakes(Duke),5254133,560879,560978,2024-03-30,Duke Blue Devils,560879,Duke,2024-03-31
10.706600322723432,21.57500076293945,490,FALSE,112237115,'1st 00:03.20 : 2pt driving layup (blocked) (in the paint) missed by Michael O&#39;Connell(NC St),5254133,560879,560978,2024-03-30,NC State Wolfpack,560978,NC State,2024-03-31
29.18699928283687,14.1150016784668,490,FALSE,112236826,'1st 14:30 : 3pt step back jump shot (off turnover) (outside right) missed by DJ Horne(NC St),5254133,560879,560978,2024-03-30,NC State Wolfpack,560978,NC State,2024-03-31
28.3034005737305,11.659999847412102,193,TRUE,112236828,'1st 14:24 : 3pt pull up jump shot (fast break) (outside right) made by Jared McCain(Duke),5254133,560879,560978,2024-03-30,Duke Blue Devils,560879,Duke,2024-03-31
14.222200107574446,20.875,490,TRUE,112236832,'1st 13:48 : 2pt hook shot (in the paint) made by D.J. Burns Jr.(NC St) 8-7',5254133,560879,560978,2024-03-30,NC State Wolfpack,560978,NC State,2024-03-31
9.381199569702147,20.5900001525879,490,FALSE,112236890,'1st 12:28 : 2pt layup (in the paint) missed by Ben Middlebrooks(NC St),5254133,560879,560978,2024-03-30,NC State Wolfpack,560978,NC State,2024-03-31
9.68200286865232,24.89999961853025,193,FALSE,112236892,'1st 12:22 : 2pt driving layup (blocked;fast break) (under the basket) missed by Tyrese Proctor(Duke) 9-12',5254133,560879,560978,2024-03-30,Duke Blue Devils,560879,Duke,2024-03-31
16.863600502014144,3.8300018310547,490,FALSE,112236895,'1st 12:13 : 3pt jump shot (fast break) (outside right) missed by Michael O&#39;Connell(NC St),5254133,560879,560978,2024-03-30,NC State Wolfpack,560978,NC State,2024-03-31
29.18699928283687,24.5349998474121,490,FALSE,112236897,'1st 12:09 : 3pt jump shot (2nd chance) (outside center) missed by DJ Horne(NC St),5254133,560879,560978,2024-03-30,NC State Wolfpack,560978,NC State,2024-03-31
6.598799982070919,2.8450012207031,193,FALSE,112237209,'2nd 19:46 : 3pt jump shot (outside right) missed by Tyrese Proctor(Duke),5254133,560879,560978,2024-03-30,Duke Blue Devils,560879,Duke,2024-03-31
5.865597991943346,23.20999908447265,490,TRUE,112237213,'2nd 19:21 : 2pt layup (under the basket) made by D.J. Burns Jr.(NC St) 23-27',5254133,560879,560978,2024-03-30,NC State Wolfpack,560978,NC State,2024-03-31
17.747199211120606,45.94500017166138,193,FALSE,112237215,'2nd 18:53 : 3pt jump shot (outside left) missed by Jared McCain(Duke),5254133,560879,560978,2024-03-30,Duke Blue Devils,560879,Duke,2024-03-31
7.181599874496465,26.08499908447265,193,TRUE,112237222,'2nd 18:27 : 2pt layup (off turnover) (under the basket) made by Kyle Filipowski(Duke) 23-29',5254133,560879,560978,2024-03-30,Duke Blue Devils,560879,Duke,2024-03-31
8.356600322723386,22.8449993133545,490,FALSE,112236928,'1st 11:37 : 2pt driving layup (off turnover;blocked) (under the basket) missed by Ben Middlebrooks(NC St),5254133,560879,560978,2024-03-30,NC State Wolfpack,560978,NC State,2024-03-31
27.419798278808585,17.7199993133545,193,FALSE,112236931,'1st 11:11 : 3pt jump shot (outside center) missed by Kyle Filipowski(Duke),5254133,560879,560978,2024-03-30,Duke Blue Devils,560879,Duke,2024-03-31
8.21559978485107,32.2800006866455,490,TRUE,112236937,'1st 10:59 : 2pt hook shot (inside left) made by D.J. Burns Jr.(NC St) 11-12',5254133,560879,560978,2024-03-30,NC State Wolfpack,560978,NC State,2024-03-31
12.313998565673828,20.67499923706055,193,FALSE,112236938,'1st 10:37 : 2pt driving layup (in the paint) missed by Jeremy Roach(Duke),5254133,560879,560978,2024-03-30,Duke Blue Devils,560879,Duke,2024-03-31
6.598799982070919,28.47999954223635,490,FALSE,112236948,'1st 10:26 : 2pt driving layup (under the basket) missed by D.J. Burns Jr.(NC St),5254133,560879,560978,2024-03-30,NC State Wolfpack,560978,NC State,2024-03-31
25.220201721191415,8.425000190734849,193,TRUE,112236950,'1st 10:11 : 3pt jump shot (outside right) made by Jared McCain(Duke),5254133,560879,560978,2024-03-30,Duke Blue Devils,560879,Duke,2024-03-31
5.574200286865249,48,490,FALSE,112237225,'2nd 18:07 : 3pt jump shot (outside left wing) missed by Michael O&#39;Connell(NC St),5254133,560879,560978,2024-03-30,NC State Wolfpack,560978,NC State,2024-03-31
16.572199211120605,45.38000011444092,193,FALSE,112237227,'2nd 17:56 : 3pt jump shot (outside left) missed by Tyrese Proctor(Duke),5254133,560879,560978,2024-03-30,Duke Blue Devils,560879,Duke,2024-03-31
7.332000179290768,24.2549991607666,193,FALSE,112237229,'2nd 17:52 : 2pt layup (2nd chance) (under the basket) missed by Kyle Filipowski(Duke),5254133,560879,560978,2024-03-30,Duke Blue Devils,560879,Duke,2024-03-31
6.44840057373051,23.77499961853025,490,TRUE,112237233,'2nd 17:44 : 2pt driving layup (off turnover;fast break) (under the basket) made by DJ Horne(NC St),5254133,560879,560978,2024-03-30,NC State Wolfpack,560978,NC State,2024-03-31
10.415199928283734,28.1949996948242,193,TRUE,112237235,'2nd 17:16 : 2pt jump shot (in the paint) made by Jared McCain(Duke),5254133,560879,560978,2024-03-30,Duke Blue Devils,560879,Duke,2024-03-31
12.313998565673828,27.1550006866455,490,TRUE,112237238,'2nd 16:51 : 2pt hook shot (in the paint) made by D.J. Burns Jr.(NC St) 27-31',5254133,560879,560978,2024-03-30,NC State Wolfpack,560978,NC State,2024-03-31
9.089800071716311,21.01499938964845,193,TRUE,112237239,'2nd 16:32 : 2pt layup (in the paint) made by Mark Mitchell(Duke),5254133,560879,560978,2024-03-30,Duke Blue Devils,560879,Duke,2024-03-31
15.688602294921822,46.310001373291,490,FALSE,112237243,'2nd 16:15 : 3pt jump shot (outside left) missed by Mohamed Diarra(NC St),5254133,560879,560978,2024-03-30,NC State Wolfpack,560978,NC State,2024-03-31
14.222200107574446,32.42499923706055,490,FALSE,112236952,'1st 09:50 : 2pt jump shot (inside left) missed by D.J. Burns Jr.(NC St),5254133,560879,560978,2024-03-30,NC State Wolfpack,560978,NC State,2024-03-31
7.914798278808576,23.20999908447265,193,FALSE,112236962,'1st 09:29 : 2pt driving layup (under the basket) missed by Jared McCain(Duke),5254133,560879,560978,2024-03-30,Duke Blue Devils,560879,Duke,2024-03-31
10.114400215148892,47.0699999332428,490,TRUE,112236966,'1st 09:08 : 3pt step back jump shot (outside left) made by DJ Horne(NC St),5254133,560879,560978,2024-03-30,NC State Wolfpack,560978,NC State,2024-03-31
13.780403442382834,25.1849994659424,193,TRUE,112236968,'1st 08:45 : 2pt floating jump shot (in the paint) made by Kyle Filipowski(Duke) 14-17',5254133,560879,560978,2024-03-30,Duke Blue Devils,560879,Duke,2024-03-31
7.181599874496465,21.29500007629395,193,FALSE,112237246,'2nd 15:53 : 2pt driving layup (in the paint) missed by Jeremy Roach(Duke),5254133,560879,560978,2024-03-30,Duke Blue Devils,560879,Duke,2024-03-31
7.0405979919433435,23.4950008392334,490,TRUE,112237248,'2nd 15:38 : 2pt dunk (under the basket) made by Mohamed Diarra(NC St),5254133,560879,560978,2024-03-30,NC State Wolfpack,560978,NC State,2024-03-31
6.749199838638304,23.82999992370605,490,FALSE,112236975,'1st 08:23 : 2pt layup (under the basket) missed by Ben Middlebrooks(NC St),5254133,560879,560978,2024-03-30,NC State Wolfpack,560978,NC State,2024-03-31
27.720599784851107,14.39500045776365,490,FALSE,112236977,'1st 08:18 : 3pt jump shot (2nd chance) (outside right) missed by Mohamed Diarra(NC St),5254133,560879,560978,2024-03-30,NC State Wolfpack,560978,NC State,2024-03-31
8.64799713134768,23.0699996948242,193,TRUE,112236979,'1st 07:54 : 2pt driving layup (under the basket) made by Jeremy Roach(Duke) 14-19',5254133,560879,560978,2024-03-30,Duke Blue Devils,560879,Duke,2024-03-31
9.682000179290808,22.2800006866455,490,FALSE,112236980,'1st 07:31 : 2pt driving layup (in the paint) missed by Mohamed Diarra(NC St),5254133,560879,560978,2024-03-30,NC State Wolfpack,560978,NC State,2024-03-31
7.773796844482419,27.01499938964845,193,TRUE,112236986,'1st 07:09 : 2pt layup (under the basket) made by Mark Mitchell(Duke),5254133,560879,560978,2024-03-30,Duke Blue Devils,560879,Duke,2024-03-31
16.280799713134755,4.054999828338623,490,FALSE,112237273,'2nd 14:46 : 3pt jump shot (outside right) missed by Mohamed Diarra(NC St),5254133,560879,560978,2024-03-30,NC State Wolfpack,560978,NC State,2024-03-31
5.640000000000001,25,490,TRUE,112237275,'2nd 14:42 : 2pt layup (2nd chance) (under the basket) made by Casey Morsell(NC St) 31-33',5254133,560879,560978,2024-03-30,NC State Wolfpack,560978,NC State,2024-03-31
20.68,11.435001373291,193,FALSE,112237286,'2nd 13:30 : 2pt jump shot (off turnover) (inside right) missed by Tyrese Proctor(Duke),5254133,560879,560978,2024-03-30,Duke Blue Devils,560879,Duke,2024-03-31
17.01399856567383,46.310001373291,490,TRUE,112237288,'2nd 13:24 : 3pt pull up jump shot (fast break) (outside left) made by DJ Horne(NC St),5254133,560879,560978,2024-03-30,NC State Wolfpack,560978,NC State,2024-03-31
10.997999820709197,23.6900005340576,490,FALSE,112237010,'1st 06:56 : 2pt driving layup (in the paint) missed by DJ Horne(NC St),5254133,560879,560978,2024-03-30,NC State Wolfpack,560978,NC State,2024-03-31
6.448400125503536,47.34999990463257,193,FALSE,112237306,'2nd 13:06 : 3pt jump shot (outside left wing) missed by Tyrese Proctor(Duke) 40-38',5254133,560879,560978,2024-03-30,Duke Blue Devils,560879,Duke,2024-03-31
9.531600322723431,23.82999992370605,193,TRUE,112237334,'2nd 12:41 : 2pt hook shot (under the basket) made by Kyle Filipowski(Duke),5254133,560879,560978,2024-03-30,Duke Blue Devils,560879,Duke,2024-03-31
11.148400573730498,22.36499977111815,490,TRUE,112237346,'2nd 12:20 : 2pt turnaround jump shot (in the paint) made by D.J. Burns Jr.(NC St) 38-38',5254133,560879,560978,2024-03-30,NC State Wolfpack,560978,NC State,2024-03-31
14.081203155517583,20.67499923706055,490,TRUE,112237360,'2nd 11:48 : 2pt floating jump shot (off turnover) (in the paint) made by DJ Horne(NC St) 40-38',5254133,560879,560978,2024-03-30,NC State Wolfpack,560978,NC State,2024-03-31
10.55619956970212,22,193,FALSE,112237385,'2nd 11:26 : 2pt jump shot (blocked) (in the paint) missed by Kyle Filipowski(Duke),5254133,560879,560978,2024-03-30,Duke Blue Devils,560879,Duke,2024-03-31
11.71239913940434,32.25,490,TRUE,112237388,'2nd 11:02 : 2pt turnaround jump shot (inside left) made by D.J. Burns Jr.(NC St) 42-38',5254133,560879,560978,2024-03-30,NC State Wolfpack,560978,NC State,2024-03-31
6.749199838638304,23.9699993133545,193,FALSE,112237393,'2nd 10:45 : 2pt driving layup (under the basket) missed by Jeremy Roach(Duke),5254133,560879,560978,2024-03-30,Duke Blue Devils,560879,Duke,2024-03-31
12.972000179290806,27.75,193,FALSE,112237404,'2nd 10:29 : 2pt jump shot (2nd chance) (in the paint) missed by Jeremy Roach(Duke) 42-38',5254133,560879,560978,2024-03-30,Duke Blue Devils,560879,Duke,2024-03-31
12.313998565673828,22.64999961853025,490,FALSE,112237408,'2nd 10:11 : 2pt floating jump shot (in the paint) missed by D.J. Burns Jr.(NC St) 42-38',5254133,560879,560978,2024-03-30,NC State Wolfpack,560978,NC State,2024-03-31
10.415199928283734,25.6599998474121,193,TRUE,112237421,'2nd 09:23 : 2pt driving layup (in the paint) made by Jeremy Roach(Duke),5254133,560879,560978,2024-03-30,Duke Blue Devils,560879,Duke,2024-03-31
9.9734005737305,22.79000091552735,490,TRUE,112237423,'2nd 08:57 : 2pt hook shot (in the paint) made by D.J. Burns Jr.(NC St) 46-40',5254133,560879,560978,2024-03-30,NC State Wolfpack,560978,NC State,2024-03-31
6.514200286865247,11.534999847412102,490,TRUE,112237430,'2nd 08:27 : 2pt step back jump shot (off turnover) (inside right) made by DJ Horne(NC St) 48-40',5254133,560879,560978,2024-03-30,NC State Wolfpack,560978,NC State,2024-03-31
14.663998565673822,27.01499938964845,193,FALSE,112237024,'1st 06:35 : 2pt jump shot (in the paint) missed by Jared McCain(Duke),5254133,560879,560978,2024-03-30,Duke Blue Devils,560879,Duke,2024-03-31
10.415199928283734,27.0699996948242,193,FALSE,112237489,'2nd 07:59 : 2pt layup (blocked) (in the paint) missed by Jared McCain(Duke),5254133,560879,560978,2024-03-30,Duke Blue Devils,560879,Duke,2024-03-31
8.356600322723386,21.7199993133545,193,FALSE,112237493,'2nd 07:55 : 2pt floating jump shot (2nd chance) (in the paint) missed by Tyrese Proctor(Duke) 48-42',5254133,560879,560978,2024-03-30,Duke Blue Devils,560879,Duke,2024-03-31
18.17959655761716,21.52000045776365,490,FALSE,112237498,'2nd 07:25 : 2pt pull up jump shot (in the paint) missed by DJ Horne(NC St),5254133,560879,560978,2024-03-30,NC State Wolfpack,560978,NC State,2024-03-31
17.59680114746091,46.45000076293945,490,TRUE,112237504,'2nd 07:03 : 3pt jump shot (off turnover;fast break) (outside left) made by Michael O&#39;Connell(NC St),5254133,560879,560978,2024-03-30,NC State Wolfpack,560978,NC State,2024-03-31
6.890199928283687,14.39500045776365,490,TRUE,112237028,'1st 06:24 : 2pt floating jump shot (inside right) made by DJ Horne(NC St) 16-21',5254133,560879,560978,2024-03-30,NC State Wolfpack,560978,NC State,2024-03-31
9.042802581787086,20.5349998474121,193,TRUE,112237030,'1st 05:54 : 2pt driving layup (in the paint) made by Jeremy Roach(Duke) 18-23',5254133,560879,560978,2024-03-30,Duke Blue Devils,560879,Duke,2024-03-31
17.88820064544677,33.4099998474121,490,FALSE,112237031,'1st 05:30 : 2pt jump shot (inside left) missed by Casey Morsell(NC St),5254133,560879,560978,2024-03-30,NC State Wolfpack,560978,NC State,2024-03-31
23.46239913940434,45.74499893188475,193,FALSE,112237033,'1st 05:05 : 3pt jump shot (outside left) missed by Jared McCain(Duke),5254133,560879,560978,2024-03-30,Duke Blue Devils,560879,Duke,2024-03-31
10.415199928283734,22.5650005340576,490,FALSE,112237035,'1st 04:54 : 2pt driving layup (blocked) (in the paint) missed by Casey Morsell(NC St),5254133,560879,560978,2024-03-30,NC State Wolfpack,560978,NC State,2024-03-31
22.644600143432623,17.89500045776365,490,FALSE,112237038,'1st 04:46 : 2pt jump shot (2nd chance) (inside right) missed by Mohamed Diarra(NC St) 16-23',5254133,560879,560978,2024-03-30,NC State Wolfpack,560978,NC State,2024-03-31
7.1815994262695,24.47999954223635,193,FALSE,112237040,'1st 04:27 : 2pt layup (blocked) (under the basket) missed by Kyle Filipowski(Duke),5254133,560879,560978,2024-03-30,Duke Blue Devils,560879,Duke,2024-03-31
6.598799982070919,24.11499977111815,490,TRUE,112237045,'1st 04:20 : 2pt driving layup (off turnover;fast break) (under the basket) made by Michael O&#39;Connell(NC St) 18-23',5254133,560879,560978,2024-03-30,NC State Wolfpack,560978,NC State,2024-03-31
8.64799713134768,26.5900001525879,490,TRUE,112237527,'2nd 06:55 : 2pt layup (under the basket) made by D.J. Burns Jr.(NC St) 53-42',5254133,560879,560978,2024-03-30,NC State Wolfpack,560978,NC State,2024-03-31
7.914798278808576,41.9449996948242,193,TRUE,112236747,'1st 19:36 : 2pt jump shot (inside left) made by Jeremy Roach(Duke) 0-2',5254133,560879,560978,2024-03-30,Duke Blue Devils,560879,Duke,2024-03-31
18.179600143432623,12.13999938964845,490,TRUE,112236752,'1st 19:16 : 2pt jump shot (inside right) made by D.J. Burns Jr.(NC St),5254133,560879,560978,2024-03-30,NC State Wolfpack,560978,NC State,2024-03-31
18.038600502014145,23.4099998474121,490,TRUE,112236762,'1st 18:38 : 2pt step back jump shot (off turnover) (in the paint) made by D.J. Burns Jr.(NC St) 4-2',5254133,560879,560978,2024-03-30,NC State Wolfpack,560978,NC State,2024-03-31
29.920201721191415,11.944999694824196,193,FALSE,112237050,'1st 04:01 : 3pt jump shot (outside right) missed by Jared McCain(Duke),5254133,560879,560978,2024-03-30,Duke Blue Devils,560879,Duke,2024-03-31
27.57019992828374,14.39500045776365,490,FALSE,112237052,'1st 03:54 : 3pt pull up jump shot (fast break) (outside right) missed by Michael O&#39;Connell(NC St) 18-23',5254133,560879,560978,2024-03-30,NC State Wolfpack,560978,NC State,2024-03-31
10.415199928283734,27.20999908447265,490,FALSE,112237054,'1st 03:49 : 2pt driving layup (2nd chance) (in the paint) missed by DJ Horne(NC St),5254133,560879,560978,2024-03-30,NC State Wolfpack,560978,NC State,2024-03-31
8.507002868652322,25.7450008392334,490,FALSE,112237056,'1st 03:28 : 3pt (back court) missed by Mohamed Diarra(NC St) 18-23',5254133,560879,560978,2024-03-30,NC State Wolfpack,560978,NC State,2024-03-31
7.332000179290768,22.5650005340576,490,FALSE,112237063,'1st 03:14 : 2pt driving layup (blocked) (under the basket) missed by DJ Horne(NC St),5254133,560879,560978,2024-03-30,NC State Wolfpack,560978,NC State,2024-03-31
17.30540344238284,27.7199993133545,193,FALSE,112237066,'1st 03:07 : 2pt pull up jump shot (fast break) (in the paint) missed by Jared McCain(Duke),5254133,560879,560978,2024-03-30,Duke Blue Devils,560879,Duke,2024-03-31
4.841000089645384,7.6349983215332,490,FALSE,112237068,'1st 02:50 : 2pt jump shot (inside right wing) missed by Casey Morsell(NC St),5254133,560879,560978,2024-03-30,NC State Wolfpack,560978,NC State,2024-03-31
17.305399856567373,3.689998626709,193,FALSE,112237561,'2nd 06:11 : 3pt jump shot (outside right) missed by Jared McCain(Duke),5254133,560879,560978,2024-03-30,Duke Blue Devils,560879,Duke,2024-03-31
28.88619956970212,34.11499977111815,193,FALSE,112237563,'2nd 06:05 : 3pt jump shot (2nd chance) (outside left) missed by Kyle Filipowski(Duke),5254133,560879,560978,2024-03-30,Duke Blue Devils,560879,Duke,2024-03-31
14.222200107574446,47.0699999332428,193,FALSE,112237570,'2nd 05:49 : 3pt jump shot (2nd chance) (outside left) missed by Kyle Filipowski(Duke),5254133,560879,560978,2024-03-30,Duke Blue Devils,560879,Duke,2024-03-31
27.419798278808585,35.32500076293945,490,FALSE,112237574,'2nd 05:22 : 3pt jump shot (outside left) missed by DJ Horne(NC St),5254133,560879,560978,2024-03-30,NC State Wolfpack,560978,NC State,2024-03-31
10.26479827880857,19.82999992370605,490,TRUE,112237581,'2nd 05:11 : 2pt jump shot (2nd chance) (in the paint) made by DJ Horne(NC St),5254133,560879,560978,2024-03-30,NC State Wolfpack,560978,NC State,2024-03-31
7.77380043029785,21.86000061035155,193,FALSE,112237583,'2nd 04:57 : 2pt driving layup (blocked) (under the basket) missed by Jeremy Roach(Duke),5254133,560879,560978,2024-03-30,Duke Blue Devils,560879,Duke,2024-03-31
6.598799982070919,47.63499999046326,193,FALSE,112237586,'2nd 04:52 : 3pt jump shot (2nd chance) (outside left wing) missed by Tyrese Proctor(Duke),5254133,560879,560978,2024-03-30,Duke Blue Devils,560879,Duke,2024-03-31
