loc_y,loc_x,shot_team_id,shot_outcome,play_id,description,game_id,home_id,away_id,game_date,full_name,team_id,team_name,time
17.44639770507807,23.3799991607666,559,FALSE,112239854,'1st 09:43 : 2pt pull up jump shot (in the paint) missed by Rashunda Jones(Purdue),5254232,561032,561189,2024-03-31,Purdue Boilermakers,561032,Purdue,2024-04-01
7.332000179290768,24.5049991607666,738,FALSE,112239856,'1st 09:34 : 2pt jump shot (under the basket) missed by Anna Olson(Vermont),5254232,561032,561189,2024-03-31,Vermont Catamounts,561189,Vermont,2024-04-01
21.554200286865253,16.3400001525879,738,TRUE,112239858,'1st 09:18 : 2pt pull up jump shot (2nd chance) (inside right) made by Emma Utterback(Vermont) 2-0',5254232,561032,561189,2024-03-31,Vermont Catamounts,561189,Vermont,2024-04-01
7.0405979919433435,24.5049991607666,559,TRUE,112239861,'1st 08:57 : 2pt layup (under the basket) made by Jeanae Terry(Purdue) 2-2',5254232,561032,561189,2024-03-31,Purdue Boilermakers,561032,Purdue,2024-04-01
8.065199928283686,21.82999992370605,738,FALSE,112239876,'1st 08:33 : 2pt layup (under the basket) missed by Anna Olson(Vermont),5254232,561032,561189,2024-03-31,Vermont Catamounts,561189,Vermont,2024-04-01
7.0405979919433435,26.6200008392334,559,FALSE,112239880,'1st 08:24 : 2pt layup (under the basket) missed by Mary Ashley Stevenson (Purdue),5254232,561032,561189,2024-03-31,Purdue Boilermakers,561032,Purdue,2024-04-01
7.623399677276614,11.4099998474121,738,TRUE,112239891,'1st 08:14 : 2pt pull up jump shot (inside right) made by Keira Hanson(Vermont) 4-2',5254232,561032,561189,2024-03-31,Vermont Catamounts,561189,Vermont,2024-04-01
17.88819885253909,12.11499977111815,559,FALSE,112239895,'1st 08:01 : 2pt jump shot (inside right) missed by Alaina Harper(Purdue),5254232,561032,561189,2024-03-31,Purdue Boilermakers,561032,Purdue,2024-04-01
14.908399677276568,7.7050018310547,738,TRUE,112239897,'1st 07:51 : 2pt jump shot (inside right) made by Bella Vito(Vermont) 6-2',5254232,561032,561189,2024-03-31,Vermont Catamounts,561189,Vermont,2024-04-01
20.52959655761715,36.7599983215332,559,TRUE,112239904,'1st 07:26 : 2pt pull up jump shot (inside left) made by Jeanae Terry(Purdue) 6-4',5254232,561032,561189,2024-03-31,Purdue Boilermakers,561032,Purdue,2024-04-01
20.238198852539085,44.6500015258789,559,FALSE,112240167,'1st 00:55.70 : 3pt jump shot (outside left) missed by Sophie Swanson(Purdue),5254232,561032,561189,2024-03-31,Purdue Boilermakers,561032,Purdue,2024-04-01
8.948796844482416,28.72999954223635,559,TRUE,112239925,'1st 06:45 : 2pt jump shot (off turnover) (in the paint) made by Alaina Harper(Purdue),5254232,561032,561189,2024-03-31,Purdue Boilermakers,561032,Purdue,2024-04-01
16.572199211120605,26.89999961853025,738,TRUE,112239940,'1st 06:26 : 2pt pull up jump shot (in the paint) made by Emma Utterback(Vermont) 8-6',5254232,561032,561189,2024-03-31,Vermont Catamounts,561189,Vermont,2024-04-01
7.773796844482419,27.04000091552735,559,TRUE,112239943,'1st 06:07 : 2pt driving layup (under the basket) made by Abbey Ellis(Purdue) 8-8',5254232,561032,561189,2024-03-31,Purdue Boilermakers,561032,Purdue,2024-04-01
9.822999820709192,24.22500038146975,738,FALSE,112239958,'1st 05:40 : 2pt layup (in the paint) missed by Emma Utterback(Vermont),5254232,561032,561189,2024-03-31,Vermont Catamounts,561189,Vermont,2024-04-01
6.749200286865246,27.04000091552735,559,TRUE,112239970,'1st 05:33 : 2pt jump shot (under the basket) made by Mary Ashley Stevenson (Purdue) 8-10',5254232,561032,561189,2024-03-31,Purdue Boilermakers,561032,Purdue,2024-04-01
9.682000179290808,9.435001373291,738,TRUE,112239972,'1st 05:15 : 2pt pull up jump shot (inside right) made by Keira Hanson(Vermont) 10-10',5254232,561032,561189,2024-03-31,Vermont Catamounts,561189,Vermont,2024-04-01
30.653400573730508,28.72999954223635,559,TRUE,112239980,'1st 05:01 : 3pt jump shot (outside center) made by Abbey Ellis(Purdue) 10-13',5254232,561032,561189,2024-03-31,Purdue Boilermakers,561032,Purdue,2024-04-01
19.354600143432627,44.36499977111815,738,FALSE,112239981,'1st 04:43 : 3pt jump shot (outside left) missed by Delaney Richason(Vermont),5254232,561032,561189,2024-03-31,Vermont Catamounts,561189,Vermont,2024-04-01
8.798400573730504,21.54999923706055,559,FALSE,112239983,'1st 04:34 : 2pt jump shot (in the paint) missed by Rashunda Jones(Purdue),5254232,561032,561189,2024-03-31,Purdue Boilermakers,561032,Purdue,2024-04-01
6.44840057373051,22.39500045776365,559,FALSE,112239985,'1st 04:31 : 2pt jump shot (2nd chance) (under the basket) missed by Rashunda Jones(Purdue),5254232,561032,561189,2024-03-31,Purdue Boilermakers,561032,Purdue,2024-04-01
4.24879998207092,35.91499996185305,738,FALSE,112240037,'1st 04:06 : 2pt floating jump shot (off turnover) (inside left) missed by Andjela Matic(Vermont),5254232,561032,561189,2024-03-31,Vermont Catamounts,561189,Vermont,2024-04-01
19.213602294921827,21.6900005340576,559,FALSE,112240045,'1st 03:53 : 2pt pull up jump shot (in the paint) missed by Jeanae Terry(Purdue),5254232,561032,561189,2024-03-31,Purdue Boilermakers,561032,Purdue,2024-04-01
25.02280078887939,38.13500022888185,738,FALSE,112240054,'1st 03:19 : 3pt jump shot (off turnover) (outside left) missed by Andjela Matic(Vermont) 10-13',5254232,561032,561189,2024-03-31,Vermont Catamounts,561189,Vermont,2024-04-01
7.0405979919433435,23.8050003051758,559,FALSE,112240059,'1st 03:10 : 2pt driving layup (under the basket) missed by Abbey Ellis(Purdue),5254232,561032,561189,2024-03-31,Purdue Boilermakers,561032,Purdue,2024-04-01
17.446399497985855,45.21000003814697,738,FALSE,112240061,'1st 03:02 : 3pt jump shot (outside left) missed by Emma Utterback(Vermont),5254232,561032,561189,2024-03-31,Vermont Catamounts,561189,Vermont,2024-04-01
6.016001434326171,24.08499908447265,559,FALSE,112240082,'1st 02:48 : 2pt layup (under the basket) missed by Mary Ashley Stevenson (Purdue),5254232,561032,561189,2024-03-31,Purdue Boilermakers,561032,Purdue,2024-04-01
5.423796844482425,27.04000091552735,559,FALSE,112240084,'1st 02:45 : 2pt layup (2nd chance) (under the basket) missed by Mary Ashley Stevenson (Purdue),5254232,561032,561189,2024-03-31,Purdue Boilermakers,561032,Purdue,2024-04-01
9.531600322723431,24.36499977111815,738,TRUE,112240086,'1st 02:32 : 2pt jump shot (under the basket) made by Bella Vito(Vermont),5254232,561032,561189,2024-03-31,Vermont Catamounts,561189,Vermont,2024-04-01
20.971397705078076,16.76000022888185,559,TRUE,112240096,'1st 02:10 : 2pt jump shot (inside right) made by Sophie Swanson(Purdue),5254232,561032,561189,2024-03-31,Purdue Boilermakers,561032,Purdue,2024-04-01
13.930799713134748,23.8050003051758,738,FALSE,112240112,'1st 01:50 : 2pt jump shot (in the paint) missed by Bella Vito(Vermont),5254232,561032,561189,2024-03-31,Vermont Catamounts,561189,Vermont,2024-04-01
6.890201721191431,26.89999961853025,559,TRUE,112240114,'1st 01:40 : 2pt layup (under the basket) made by Abbey Ellis(Purdue),5254232,561032,561189,2024-03-31,Purdue Boilermakers,561032,Purdue,2024-04-01
7.77380043029785,27.1849994659424,738,FALSE,112240124,'1st 01:17 : 2pt jump shot (blocked) (under the basket) missed by Andjela Matic(Vermont),5254232,561032,561189,2024-03-31,Vermont Catamounts,561189,Vermont,2024-04-01
18.912800788879395,23.54999923706055,312,TRUE,112241376,'2nd 00:13.10 : 2pt jump shot (in the paint) made by Addison O&#39;Grady(IOWA),5254217,560818,560850,2024-04-01,Iowa Hawkeyes,560818,Iowa,2024-04-02
6.890201721191431,27.7199993133545,365,TRUE,112241380,'2nd 00:00.50 : 2pt driving layup (under the basket) made by Flau&#39;jae Johnson(LSU) 45-45',5254217,560818,560850,2024-04-01,LSU Tigers,560850,LSU,2024-04-02
25.370597991943328,10.255000114440897,312,TRUE,112241703,'3rd 09:46 : 3pt pull up jump shot (outside right) made by Caitlin Clark(IOWA) 45-48',5254217,560818,560850,2024-04-01,Iowa Hawkeyes,560818,Iowa,2024-04-02
18.912800788879395,6.50500106811525,365,FALSE,112241737,'3rd 09:08 : 3pt jump shot (outside right) missed by Flau&#39;jae Johnson(LSU),5254217,560818,560850,2024-04-01,LSU Tigers,560850,LSU,2024-04-02
5.282802581787095,24.3400001525879,312,FALSE,112241741,'3rd 09:00 : 2pt driving layup (under the basket) missed by Sydney Affolter(IOWA),5254217,560818,560850,2024-04-01,Iowa Hawkeyes,560818,Iowa,2024-04-02
5.574199838638304,25.9449996948242,365,TRUE,112241744,'3rd 08:49 : 2pt driving layup (under the basket) made by Flau&#39;jae Johnson(LSU),5254217,560818,560850,2024-04-01,LSU Tigers,560850,LSU,2024-04-02
5.865597991943346,23.91500091552735,312,TRUE,112241749,'3rd 08:42 : 2pt driving layup (under the basket) made by Kate Martin(IOWA),5254217,560818,560850,2024-04-01,Iowa Hawkeyes,560818,Iowa,2024-04-02
4.24879998207092,23.6900005340576,312,FALSE,112241121,'2nd 07:31 : 2pt driving layup (off turnover) (under the basket) missed by Hannah Stuelke(IOWA),5254217,560818,560850,2024-04-01,Iowa Hawkeyes,560818,Iowa,2024-04-02
19.64600143432617,30.2549991607666,365,FALSE,112241123,'2nd 07:19 : 2pt pull up jump shot (in the paint) missed by Mikaylah Williams(LSU),5254217,560818,560850,2024-04-01,LSU Tigers,560850,LSU,2024-04-02
7.332002868652324,19.27000045776365,365,FALSE,112241126,'2nd 06:48 : 2pt jump shot (off turnover) (in the paint) missed by Aneesah Morrow(LSU),5254217,560818,560850,2024-04-01,LSU Tigers,560850,LSU,2024-04-02
9.68200286865232,25.88500022888185,365,TRUE,112241138,'2nd 06:21 : 2pt layup (under the basket) made by Angel Reese(LSU) 36-32',5254217,560818,560850,2024-04-01,LSU Tigers,560850,LSU,2024-04-02
5.4237999820709195,22.5650005340576,312,TRUE,112241139,'2nd 06:00 : 2pt driving layup (under the basket) made by Hannah Stuelke(IOWA) 36-34',5254217,560818,560850,2024-04-01,Iowa Hawkeyes,560818,Iowa,2024-04-02
23.31200286865233,30.5349998474121,365,FALSE,112241140,'2nd 05:48 : 2pt jump shot (inside center) missed by Angel Reese(LSU),5254217,560818,560850,2024-04-01,LSU Tigers,560850,LSU,2024-04-02
4.69059978485107,47.49499988555908,312,FALSE,112241176,'2nd 05:34 : 3pt jump shot (outside left wing) missed by Sydney Affolter(IOWA),5254217,560818,560850,2024-04-01,Iowa Hawkeyes,560818,Iowa,2024-04-02
19.64600143432617,38.98500061035155,365,TRUE,112241189,'2nd 05:12 : 2pt jump shot (inside left) made by Flau&#39;jae Johnson(LSU) 38-34',5254217,560818,560850,2024-04-01,LSU Tigers,560850,LSU,2024-04-02
29.327997131347672,12.36499977111815,312,FALSE,112242448,'4th 07:08 : 3pt jump shot (off turnover) (outside right) missed by Caitlin Clark(IOWA),5254217,560818,560850,2024-04-01,Iowa Hawkeyes,560818,Iowa,2024-04-02
6.890201721191431,26.5900001525879,312,TRUE,112242450,'4th 06:52 : 2pt layup (2nd chance;off turnover) (under the basket) made by Kate Martin(IOWA),5254217,560818,560850,2024-04-01,Iowa Hawkeyes,560818,Iowa,2024-04-02
8.507000179290769,18.6200008392334,365,FALSE,112242452,'4th 06:41 : 2pt jump shot (inside right) missed by Aneesah Morrow(LSU),5254217,560818,560850,2024-04-01,LSU Tigers,560850,LSU,2024-04-02
7.332002868652324,28.2800006866455,312,FALSE,112242454,'4th 06:29 : 2pt driving layup (blocked) (under the basket) missed by Kate Martin(IOWA),5254217,560818,560850,2024-04-01,Iowa Hawkeyes,560818,Iowa,2024-04-02
4.982000179290768,23.27000045776365,312,TRUE,112241285,'2nd 02:34 : 2pt driving layup (under the basket) made by Sydney Affolter(IOWA) 39-39',5254217,560818,560850,2024-04-01,Iowa Hawkeyes,560818,Iowa,2024-04-02
3.5155979919433378,16.875,365,FALSE,112241290,'2nd 02:17 : 2pt jump shot (inside right) missed by Angel Reese(LSU),5254217,560818,560850,2024-04-01,LSU Tigers,560850,LSU,2024-04-02
9.381203155517582,29.4099998474121,365,FALSE,112241292,'2nd 02:13 : 2pt turnaround jump shot (2nd chance) (in the paint) missed by Aneesah Morrow(LSU),5254217,560818,560850,2024-04-01,LSU Tigers,560850,LSU,2024-04-02
7.181599874496465,25.3799991607666,312,FALSE,112241311,'2nd 01:55 : 2pt layup (under the basket) missed by Addison O&#39;Grady(IOWA),5254217,560818,560850,2024-04-01,Iowa Hawkeyes,560818,Iowa,2024-04-02
11.73119956970212,26.79000091552735,312,FALSE,112241325,'2nd 01:35 : 2pt driving layup (in the paint) missed by Sydney Affolter(IOWA),5254217,560818,560850,2024-04-01,Iowa Hawkeyes,560818,Iowa,2024-04-02
6.44840057373051,47.72000122070315,365,FALSE,112241329,'2nd 01:28 : 3pt jump shot (outside left wing) missed by Mikaylah Williams(LSU),5254217,560818,560850,2024-04-01,LSU Tigers,560850,LSU,2024-04-02
4.841000089645384,21.29500007629395,312,TRUE,112241332,'2nd 01:18 : 2pt driving layup (under the basket) made by Caitlin Clark(IOWA) 41-41',5254217,560818,560850,2024-04-01,Iowa Hawkeyes,560818,Iowa,2024-04-02
11.580799713134752,19.27000045776365,365,FALSE,112241340,'2nd 01:03 : 2pt turnaround jump shot (in the paint) missed by Aneesah Morrow(LSU),5254217,560818,560850,2024-04-01,LSU Tigers,560850,LSU,2024-04-02
4.69059978485107,22.70499992370605,312,TRUE,112241356,'2nd 00:54.60 : 2pt driving layup (under the basket) made by Caitlin Clark(IOWA) 41-43',5254217,560818,560850,2024-04-01,Iowa Hawkeyes,560818,Iowa,2024-04-02
22.146397705078073,24.89999961853025,365,TRUE,112241362,'2nd 00:44.10 : 2pt pull up jump shot (inside center) made by Flau&#39;jae Johnson(LSU) 43-43',5254217,560818,560850,2024-04-01,LSU Tigers,560850,LSU,2024-04-02
5.282802581787095,36.5900001525879,312,FALSE,112242388,'4th 09:27 : 2pt jump shot (inside left) missed by Addison O&#39;Grady(IOWA),5254217,560818,560850,2024-04-01,Iowa Hawkeyes,560818,Iowa,2024-04-02
5.132400035858152,22.8449993133545,365,TRUE,112242396,'4th 09:08 : 2pt driving layup (under the basket) made by Aneesah Morrow(LSU) 63-69',5254217,560818,560850,2024-04-01,LSU Tigers,560850,LSU,2024-04-02
6.0160000896453845,21.7199993133545,365,FALSE,112242413,'4th 08:41 : 2pt layup (under the basket) missed by Angel Reese(LSU),5254217,560818,560850,2024-04-01,LSU Tigers,560850,LSU,2024-04-02
5.71520172119142,28.13999938964845,312,TRUE,112242417,'4th 08:28 : 2pt driving layup (under the basket) made by Kate Martin(IOWA),5254217,560818,560850,2024-04-01,Iowa Hawkeyes,560818,Iowa,2024-04-02
5.86559978485107,27.0699996948242,365,TRUE,112242420,'4th 08:17 : 2pt layup (under the basket) made by Aneesah Morrow(LSU),5254217,560818,560850,2024-04-01,LSU Tigers,560850,LSU,2024-04-02
25.220201721191415,42.2249984741211,312,TRUE,112242423,'4th 08:04 : 3pt pull up jump shot (outside left) made by Caitlin Clark(IOWA) 65-75',5254217,560818,560850,2024-04-01,Iowa Hawkeyes,560818,Iowa,2024-04-02
21.704600143432625,41.57499980926515,365,FALSE,112241756,'3rd 08:23 : 3pt jump shot (outside left) missed by Hailey Van Lith(LSU),5254217,560818,560850,2024-04-01,LSU Tigers,560850,LSU,2024-04-02
30.794402008056664,36.1699981689453,312,TRUE,112241760,'3rd 08:06 : 3pt step back jump shot (outside left) made by Caitlin Clark(IOWA) 49-55',5254217,560818,560850,2024-04-01,Iowa Hawkeyes,560818,Iowa,2024-04-02
22.57880043029788,9.185001373291,365,FALSE,112241828,'3rd 07:41 : 3pt jump shot (outside right) missed by Last-Tear Poa(LSU),5254217,560818,560850,2024-04-01,LSU Tigers,560850,LSU,2024-04-02
25.220201721191415,42.6500015258789,312,TRUE,112241830,'3rd 07:32 : 3pt pull up jump shot (outside left) made by Caitlin Clark(IOWA) 49-58',5254217,560818,560850,2024-04-01,Iowa Hawkeyes,560818,Iowa,2024-04-02
5.86559978485107,25.8050003051758,365,FALSE,112241831,'3rd 07:15 : 2pt layup (under the basket) missed by Angel Reese(LSU),5254217,560818,560850,2024-04-01,LSU Tigers,560850,LSU,2024-04-02
5.64,25,365,TRUE,112241833,'3rd 07:12 : 2pt layup (2nd chance) (under the basket) made by Flau&#39;jae Johnson(LSU) 51-58',5254217,560818,560850,2024-04-01,LSU Tigers,560850,LSU,2024-04-02
4.690597991943335,27.1550006866455,312,FALSE,112241836,'3rd 07:02 : 2pt layup (blocked) (under the basket) missed by Addison O&#39;Grady(IOWA),5254217,560818,560850,2024-04-01,Iowa Hawkeyes,560818,Iowa,2024-04-02
13.347999820709196,39.7449998855591,365,FALSE,112241839,'3rd 06:55 : 2pt jump shot (inside left) missed by Mikaylah Williams(LSU),5254217,560818,560850,2024-04-01,LSU Tigers,560850,LSU,2024-04-02
5.64,25,365,FALSE,112241841,'3rd 06:50 : 2pt layup (2nd chance) (under the basket) missed by Angel Reese(LSU),5254217,560818,560850,2024-04-01,LSU Tigers,560850,LSU,2024-04-02
22.28739913940434,26.22500038146975,365,FALSE,112241845,'3rd 06:39 : 2pt jump shot (2nd chance) (inside center) missed by Aneesah Morrow(LSU),5254217,560818,560850,2024-04-01,LSU Tigers,560850,LSU,2024-04-02
25.953400573730505,40.95999908447265,312,FALSE,112241848,'3rd 06:20 : 3pt jump shot (outside left) missed by Caitlin Clark(IOWA),5254217,560818,560850,2024-04-01,Iowa Hawkeyes,560818,Iowa,2024-04-02
4.107799892425535,22.2800006866455,365,FALSE,112241850,'3rd 06:06 : 2pt layup (blocked) (under the basket) missed by Angel Reese(LSU),5254217,560818,560850,2024-04-01,LSU Tigers,560850,LSU,2024-04-02
6.307399139404339,27.1550006866455,312,TRUE,112242064,'3rd 04:04 : 2pt driving layup (off turnover;fast break) (under the basket) made by Sydney Affolter(IOWA),5254217,560818,560850,2024-04-01,Iowa Hawkeyes,560818,Iowa,2024-04-02
7.482400035858152,25.8050003051758,365,FALSE,112242067,'3rd 03:51 : 2pt layup (under the basket) missed by Angel Reese(LSU),5254217,560818,560850,2024-04-01,LSU Tigers,560850,LSU,2024-04-02
7.0405979919433435,28.8449993133545,312,FALSE,112242096,'3rd 03:45 : 2pt driving layup (blocked) (in the paint) missed by Sydney Affolter(IOWA),5254217,560818,560850,2024-04-01,Iowa Hawkeyes,560818,Iowa,2024-04-02
6.307399139404339,28.13999938964845,312,FALSE,112242106,'3rd 03:32 : 2pt driving layup (2nd chance) (under the basket) missed by Caitlin Clark(IOWA),5254217,560818,560850,2024-04-01,Iowa Hawkeyes,560818,Iowa,2024-04-02
29.47840057373051,21.23999977111815,312,FALSE,112242111,'3rd 03:28 : 3pt jump shot (2nd chance) (outside center) missed by Kate Martin(IOWA),5254217,560818,560850,2024-04-01,Iowa Hawkeyes,560818,Iowa,2024-04-02
17.446399497985855,15.9449996948242,365,FALSE,112242122,'3rd 03:20 : 2pt pull up jump shot (inside right) missed by Mikaylah Williams(LSU),5254217,560818,560850,2024-04-01,LSU Tigers,560850,LSU,2024-04-02
11.731203155517576,23.35000038146975,312,TRUE,112242146,'3rd 03:00 : 2pt turnaround jump shot (in the paint) made by Kate Martin(IOWA) 52-65',5254217,560818,560850,2024-04-01,Iowa Hawkeyes,560818,Iowa,2024-04-02
5.865597991943346,24.1949996948242,312,TRUE,112242295,'3rd 00:58.00 : 2pt driving layup (off turnover;fast break) (under the basket) made by Addison O&#39;Grady(IOWA),5254217,560818,560850,2024-04-01,Iowa Hawkeyes,560818,Iowa,2024-04-02
29.478400573730504,24.5349998474121,365,FALSE,112242297,'3rd 00:46.10 : 3pt jump shot (outside center) missed by Last-Tear Poa(LSU),5254217,560818,560850,2024-04-01,LSU Tigers,560850,LSU,2024-04-02
6.598796844482422,23.4950008392334,312,FALSE,112242324,'3rd 00:08.10 : 2pt driving layup (off turnover) (under the basket) missed by Caitlin Clark(IOWA),5254217,560818,560850,2024-04-01,Iowa Hawkeyes,560818,Iowa,2024-04-02
29.18699928283687,36.36499977111815,365,FALSE,112242328,'3rd 00:00.60 : 3pt pull up jump shot (outside left) missed by Flau&#39;jae Johnson(LSU),5254217,560818,560850,2024-04-01,LSU Tigers,560850,LSU,2024-04-02
5.86559978485107,47.49499988555908,365,TRUE,112242375,'4th 09:46 : 3pt jump shot (outside left wing) made by Mikaylah Williams(LSU),5254217,560818,560850,2024-04-01,LSU Tigers,560850,LSU,2024-04-02
6.016001434326171,27.29500007629395,365,TRUE,112240657,'1st 05:30 : 2pt layup (2nd chance) (under the basket) made by Angel Reese(LSU) 14-17',5254217,560818,560850,2024-04-01,LSU Tigers,560850,LSU,2024-04-02
26.254200286865252,37.21000003814695,312,TRUE,112240661,'1st 05:15 : 3pt jump shot (outside left) made by Gabbie Marshall(IOWA),5254217,560818,560850,2024-04-01,Iowa Hawkeyes,560818,Iowa,2024-04-02
5.865597991943346,47.72000122070315,365,TRUE,112240665,'1st 04:50 : 3pt jump shot (outside left wing) made by Mikaylah Williams(LSU),5254217,560818,560850,2024-04-01,LSU Tigers,560850,LSU,2024-04-02
29.036599426269493,21.57500076293945,312,TRUE,112240668,'1st 04:30 : 3pt jump shot (outside center) made by Sydney Affolter(IOWA),5254217,560818,560850,2024-04-01,Iowa Hawkeyes,560818,Iowa,2024-04-02
6.749200286865246,27.86000061035155,365,TRUE,112240679,'1st 04:15 : 2pt layup (under the basket) made by Aneesah Morrow(LSU),5254217,560818,560850,2024-04-01,LSU Tigers,560850,LSU,2024-04-02
13.047200107574447,23.4099998474121,312,FALSE,112240685,'1st 03:59 : 2pt pull up jump shot (in the paint) missed by Caitlin Clark(IOWA),5254217,560818,560850,2024-04-01,Iowa Hawkeyes,560818,Iowa,2024-04-02
17.74719741821292,5.465000152587898,365,FALSE,112240699,'1st 03:52 : 3pt jump shot (outside right) missed by Mikaylah Williams(LSU),5254217,560818,560850,2024-04-01,LSU Tigers,560850,LSU,2024-04-02
5.640000000000001,25,365,TRUE,112240703,'1st 03:47 : 2pt layup (2nd chance) (under the basket) made by Angel Reese(LSU) 21-23',5254217,560818,560850,2024-04-01,LSU Tigers,560850,LSU,2024-04-02
6.0160000896453845,22.98500061035155,312,TRUE,112240711,'1st 03:29 : 2pt driving layup (under the basket) made by Caitlin Clark(IOWA) 21-25',5254217,560818,560850,2024-04-01,Iowa Hawkeyes,560818,Iowa,2024-04-02
5.865597991943346,25.1849994659424,365,TRUE,112240769,'1st 03:16 : 2pt layup (under the basket) made by Angel Reese(LSU),5254217,560818,560850,2024-04-01,LSU Tigers,560850,LSU,2024-04-02
6.016001434326171,26.17000007629395,365,FALSE,112240781,'1st 02:48 : 2pt layup (off turnover) (under the basket) missed by Angel Reese(LSU),5254217,560818,560850,2024-04-01,LSU Tigers,560850,LSU,2024-04-02
27.57019992828374,37.21000003814695,312,FALSE,112240805,'1st 02:25 : 3pt pull up jump shot (outside left) missed by Caitlin Clark(IOWA),5254217,560818,560850,2024-04-01,Iowa Hawkeyes,560818,Iowa,2024-04-02
16.280799713134755,14.76000022888185,365,FALSE,112240813,'1st 02:11 : 2pt jump shot (inside right) missed by Aneesah Morrow(LSU),5254217,560818,560850,2024-04-01,LSU Tigers,560850,LSU,2024-04-02
7.482400035858152,23.27000045776365,312,FALSE,112240815,'1st 02:02 : 2pt driving layup (under the basket) missed by Kate Martin(IOWA),5254217,560818,560850,2024-04-01,Iowa Hawkeyes,560818,Iowa,2024-04-02
6.016001434326171,27.4349994659424,365,TRUE,112240820,'1st 01:57 : 2pt driving layup (fast break) (under the basket) made by Angel Reese(LSU),5254217,560818,560850,2024-04-01,LSU Tigers,560850,LSU,2024-04-02
6.307399139404339,25.04000091552735,365,TRUE,112240836,'1st 01:31 : 2pt driving layup (off turnover;fast break) (under the basket) made by Angel Reese(LSU) 27-26',5254217,560818,560850,2024-04-01,LSU Tigers,560850,LSU,2024-04-02
4.982000179290768,47.21000003814697,312,FALSE,112240857,'1st 01:19 : 3pt jump shot (outside left wing) missed by Gabbie Marshall(IOWA),5254217,560818,560850,2024-04-01,Iowa Hawkeyes,560818,Iowa,2024-04-02
21.11239913940433,39.125,365,TRUE,112240880,'1st 00:58.30 : 2pt pull up jump shot (off turnover) (inside left) made by Flau&#39;jae Johnson(LSU) 29-26',5254217,560818,560850,2024-04-01,LSU Tigers,560850,LSU,2024-04-02
7.482400035858152,23.9699993133545,312,FALSE,112241213,'2nd 04:48 : 2pt layup (blocked) (under the basket) missed by Hannah Stuelke(IOWA),5254217,560818,560850,2024-04-01,Iowa Hawkeyes,560818,Iowa,2024-04-02
4.107802581787098,25.4650001525879,365,FALSE,112241216,'2nd 04:36 : 2pt layup (under the basket) missed by Angel Reese(LSU),5254217,560818,560850,2024-04-01,LSU Tigers,560850,LSU,2024-04-02
19.06320064544677,45.94500017166138,312,TRUE,112241218,'2nd 04:23 : 3pt jump shot (outside left) made by Caitlin Clark(IOWA),5254217,560818,560850,2024-04-01,Iowa Hawkeyes,560818,Iowa,2024-04-02
26.395201721191413,14.47999954223635,365,FALSE,112241221,'2nd 04:04 : 3pt jump shot (outside right) missed by Hailey Van Lith(LSU),5254217,560818,560850,2024-04-01,LSU Tigers,560850,LSU,2024-04-02
22.87959655761716,8.984999656677253,365,FALSE,112241223,'2nd 03:57 : 3pt jump shot (2nd chance) (outside right) missed by Hailey Van Lith(LSU),5254217,560818,560850,2024-04-01,LSU Tigers,560850,LSU,2024-04-02
24.054600143432623,38.89999961853025,312,FALSE,112241227,'2nd 03:48 : 3pt jump shot (outside left) missed by Gabbie Marshall(IOWA),5254217,560818,560850,2024-04-01,Iowa Hawkeyes,560818,Iowa,2024-04-02
7.332002868652324,26.72999954223635,365,FALSE,112241229,'2nd 03:37 : 2pt layup (under the basket) missed by Hailey Van Lith(LSU),5254217,560818,560850,2024-04-01,LSU Tigers,560850,LSU,2024-04-02
5.640000000000001,25,365,FALSE,112241232,'2nd 03:34 : 2pt layup (2nd chance) (under the basket) missed by Mikaylah Williams(LSU),5254217,560818,560850,2024-04-01,LSU Tigers,560850,LSU,2024-04-02
28.88619956970212,35.9449996948242,312,FALSE,112241234,'2nd 03:28 : 3pt pull up jump shot (outside left) missed by Caitlin Clark(IOWA),5254217,560818,560850,2024-04-01,Iowa Hawkeyes,560818,Iowa,2024-04-02
5.574199838638304,23.82999992370605,365,TRUE,112242212,'3rd 02:22 : 2pt driving layup (off turnover;fast break) (under the basket) made by Angel Reese(LSU),5254217,560818,560850,2024-04-01,LSU Tigers,560850,LSU,2024-04-02
30.061203155517575,31.10000038146975,312,FALSE,112242215,'3rd 02:12 : 3pt jump shot (outside center) missed by Caitlin Clark(IOWA),5254217,560818,560850,2024-04-01,Iowa Hawkeyes,560818,Iowa,2024-04-02
9.822999820709192,31.86000061035155,365,FALSE,112242225,'3rd 01:55 : 2pt pull up jump shot (inside left) missed by Flau&#39;jae Johnson(LSU),5254217,560818,560850,2024-04-01,LSU Tigers,560850,LSU,2024-04-02
5.64,25,365,TRUE,112242227,'3rd 01:47 : 2pt layup (2nd chance) (under the basket) made by Aneesah Morrow(LSU) 56-65',5254217,560818,560850,2024-04-01,LSU Tigers,560850,LSU,2024-04-02
26.98739913940433,40.1150016784668,312,FALSE,112242228,'3rd 01:42 : 3pt jump shot (outside left) missed by Kate Martin(IOWA),5254217,560818,560850,2024-04-01,Iowa Hawkeyes,560818,Iowa,2024-04-02
10.114400215148892,25.8050003051758,365,FALSE,112242231,'3rd 01:34 : 2pt driving layup (in the paint) missed by Hailey Van Lith(LSU),5254217,560818,560850,2024-04-01,LSU Tigers,560850,LSU,2024-04-02
5.64,25,365,FALSE,112242233,'3rd 01:30 : 2pt layup (2nd chance) (under the basket) missed by Angel Reese(LSU),5254217,560818,560850,2024-04-01,LSU Tigers,560850,LSU,2024-04-02
5.64,25,365,FALSE,112242235,'3rd 01:28 : 2pt layup (2nd chance) (under the basket) missed by Angel Reese(LSU),5254217,560818,560850,2024-04-01,LSU Tigers,560850,LSU,2024-04-02
4.982000179290768,26.5049991607666,365,TRUE,112242238,'3rd 01:23 : 2pt layup (2nd chance) (under the basket) made by Flau&#39;jae Johnson(LSU) 58-65',5254217,560818,560850,2024-04-01,LSU Tigers,560850,LSU,2024-04-02
7.0405979919433435,24.89999961853025,312,FALSE,112242241,'3rd 01:19 : 2pt layup (blocked) (under the basket) missed by Kate Martin(IOWA),5254217,560818,560850,2024-04-01,Iowa Hawkeyes,560818,Iowa,2024-04-02
19.946801147460917,44.7599983215332,365,FALSE,112240359,'1st 09:55 : 3pt jump shot (outside left) missed by Mikaylah Williams(LSU),5254217,560818,560850,2024-04-01,LSU Tigers,560850,LSU,2024-04-02
24.787800788879395,40.44999980926515,312,TRUE,112240374,'1st 09:44 : 3pt jump shot (outside left) made by Caitlin Clark(IOWA) 0-3',5254217,560818,560850,2024-04-01,Iowa Hawkeyes,560818,Iowa,2024-04-02
7.773796844482419,19.9699993133545,365,FALSE,112240380,'1st 09:26 : 2pt layup (in the paint) missed by Angel Reese(LSU),5254217,560818,560850,2024-04-01,LSU Tigers,560850,LSU,2024-04-02
8.21559799194334,39.27000045776365,365,FALSE,112240404,'1st 09:18 : 2pt jump shot (2nd chance) (inside left) missed by Aneesah Morrow(LSU),5254217,560818,560850,2024-04-01,LSU Tigers,560850,LSU,2024-04-02
8.21559799194334,47.86000061035155,365,FALSE,112240417,'1st 09:14 : 3pt jump shot (2nd chance;blocked) (outside left) missed by Flau&#39;jae Johnson(LSU),5254217,560818,560850,2024-04-01,LSU Tigers,560850,LSU,2024-04-02
23.462399139404337,41.85999965667725,312,FALSE,112240421,'1st 09:07 : 3pt jump shot (outside left) missed by Caitlin Clark(IOWA),5254217,560818,560850,2024-04-01,Iowa Hawkeyes,560818,Iowa,2024-04-02
17.88819885253909,39.27000045776365,365,TRUE,112240435,'1st 08:56 : 2pt pull up jump shot (inside left) made by Hailey Van Lith(LSU) 2-3',5254217,560818,560850,2024-04-01,LSU Tigers,560850,LSU,2024-04-02
4.982000179290768,22.8449993133545,312,TRUE,112240436,'1st 08:42 : 2pt driving layup (under the basket) made by Caitlin Clark(IOWA) 2-5',5254217,560818,560850,2024-04-01,Iowa Hawkeyes,560818,Iowa,2024-04-02
8.507002868652322,27.86000061035155,365,TRUE,112240493,'1st 08:07 : 2pt layup (under the basket) made by Aneesah Morrow(LSU),5254217,560818,560850,2024-04-01,LSU Tigers,560850,LSU,2024-04-02
5.86559978485107,22.98500061035155,312,TRUE,112240496,'1st 07:53 : 2pt driving layup (under the basket) made by Kate Martin(IOWA),5254217,560818,560850,2024-04-01,Iowa Hawkeyes,560818,Iowa,2024-04-02
18.17959655761716,46.310001373291,365,FALSE,112240501,'1st 07:46 : 3pt pull up jump shot (outside left) missed by Flau&#39;jae Johnson(LSU),5254217,560818,560850,2024-04-01,LSU Tigers,560850,LSU,2024-04-02
4.841000089645384,25.6599998474121,312,FALSE,112240505,'1st 07:37 : 2pt driving layup (under the basket) missed by Kate Martin(IOWA),5254217,560818,560850,2024-04-01,Iowa Hawkeyes,560818,Iowa,2024-04-02
29.76980007171626,27.63500022888185,312,TRUE,112240514,'1st 07:17 : 3pt pull up jump shot (off turnover) (outside center) made by Caitlin Clark(IOWA) 4-12',5254217,560818,560850,2024-04-01,Iowa Hawkeyes,560818,Iowa,2024-04-02
6.016001434326171,28.2800006866455,365,TRUE,112240515,'1st 07:01 : 2pt layup (under the basket) made by Aneesah Morrow(LSU),5254217,560818,560850,2024-04-01,LSU Tigers,560850,LSU,2024-04-02
23.17099964141848,41.4350004196167,312,TRUE,112240517,'1st 06:41 : 3pt jump shot (outside left) made by Kate Martin(IOWA),5254217,560818,560850,2024-04-01,Iowa Hawkeyes,560818,Iowa,2024-04-02
15.688602294921822,4.340000152587891,365,TRUE,112240523,'1st 06:16 : 3pt jump shot (outside right) made by Mikaylah Williams(LSU),5254217,560818,560850,2024-04-01,LSU Tigers,560850,LSU,2024-04-02
5.86559978485107,26.08499908447265,312,TRUE,112240535,'1st 06:07 : 2pt driving layup (under the basket) made by Sydney Affolter(IOWA),5254217,560818,560850,2024-04-01,Iowa Hawkeyes,560818,Iowa,2024-04-02
5.86559978485107,23.125,312,TRUE,112240455,'1st 08:19 : 2pt driving layup (off turnover;fast break) (under the basket) made by Hannah Stuelke(IOWA),5254217,560818,560850,2024-04-01,Iowa Hawkeyes,560818,Iowa,2024-04-02
27.419798278808585,35.04000091552735,365,TRUE,112240636,'1st 05:52 : 3pt jump shot (outside left) made by Last-Tear Poa(LSU),5254217,560818,560850,2024-04-01,LSU Tigers,560850,LSU,2024-04-02
29.036599426269493,17.20999908447265,312,FALSE,112240638,'1st 05:44 : 3pt step back jump shot (outside center) missed by Caitlin Clark(IOWA),5254217,560818,560850,2024-04-01,Iowa Hawkeyes,560818,Iowa,2024-04-02
7.332002868652324,30.11499977111815,365,FALSE,112240640,'1st 05:34 : 2pt floating jump shot (in the paint) missed by Mikaylah Williams(LSU),5254217,560818,560850,2024-04-01,LSU Tigers,560850,LSU,2024-04-02
5.71520172119142,26.875,312,FALSE,112241882,'3rd 05:37 : 2pt driving layup (under the basket) missed by Sydney Affolter(IOWA),5254217,560818,560850,2024-04-01,Iowa Hawkeyes,560818,Iowa,2024-04-02
5.132400035858152,23.82999992370605,365,FALSE,112241884,'3rd 05:28 : 2pt driving layup (under the basket) missed by Flau&#39;jae Johnson(LSU),5254217,560818,560850,2024-04-01,LSU Tigers,560850,LSU,2024-04-02
29.327997131347672,32.50500106811525,312,TRUE,112241926,'3rd 05:09 : 3pt step back jump shot (outside center) made by Caitlin Clark(IOWA) 52-61',5254217,560818,560850,2024-04-01,Iowa Hawkeyes,560818,Iowa,2024-04-02
24.195599784851105,26.22500038146975,365,FALSE,112241932,'3rd 04:57 : 2pt jump shot (inside center) missed by Last-Tear Poa(LSU),5254217,560818,560850,2024-04-01,LSU Tigers,560850,LSU,2024-04-02
34.018598709106456,26.17000007629395,312,FALSE,112241936,'3rd 04:48 : 3pt jump shot (outside center) missed by Caitlin Clark(IOWA),5254217,560818,560850,2024-04-01,Iowa Hawkeyes,560818,Iowa,2024-04-02
3.666000089645384,23.4099998474121,365,FALSE,112241940,'3rd 04:36 : 2pt driving layup (in the paint) missed by Angel Reese(LSU),5254217,560818,560850,2024-04-01,LSU Tigers,560850,LSU,2024-04-02
5.64,25,365,FALSE,112241944,'3rd 04:32 : 2pt layup (2nd chance) (under the basket) missed by Aneesah Morrow(LSU),5254217,560818,560850,2024-04-01,LSU Tigers,560850,LSU,2024-04-02
5.64,25,365,FALSE,112241948,'3rd 04:31 : 2pt layup (2nd chance) (under the basket) missed by Aneesah Morrow(LSU),5254217,560818,560850,2024-04-01,LSU Tigers,560850,LSU,2024-04-02
6.749200286865246,24.47999954223635,365,TRUE,112240886,'1st 00:39.20 : 2pt driving layup (off turnover;fast break) (under the basket) made by Mikaylah Williams(LSU),5254217,560818,560850,2024-04-01,LSU Tigers,560850,LSU,2024-04-02
17.305399856567373,44.3949999809265,312,FALSE,112240891,'1st 00:03.90 : 3pt jump shot (outside left) missed by Kate Martin(IOWA),5254217,560818,560850,2024-04-01,Iowa Hawkeyes,560818,Iowa,2024-04-02
25.66199928283687,10.45000076293945,312,FALSE,112241012,'2nd 09:52 : 3pt step back jump shot (outside right) missed by Caitlin Clark(IOWA),5254217,560818,560850,2024-04-01,Iowa Hawkeyes,560818,Iowa,2024-04-02
25.812399139404334,38.564998626709,365,TRUE,112241030,'2nd 09:34 : 3pt jump shot (outside left) made by Hailey Van Lith(LSU) 34-26',5254217,560818,560850,2024-04-01,LSU Tigers,560850,LSU,2024-04-02
7.04059978485107,2.42499923706055,312,TRUE,112241033,'2nd 09:20 : 3pt jump shot (outside right) made by Sydney Affolter(IOWA),5254217,560818,560850,2024-04-01,Iowa Hawkeyes,560818,Iowa,2024-04-02
19.946801147460917,19.27000045776365,365,FALSE,112241037,'2nd 08:59 : 2pt pull up jump shot (in the paint) missed by Mikaylah Williams(LSU),5254217,560818,560850,2024-04-01,LSU Tigers,560850,LSU,2024-04-02
6.0160000896453845,22.2800006866455,312,FALSE,112241042,'2nd 08:44 : 2pt layup (blocked) (under the basket) missed by AJ Ediger(IOWA),5254217,560818,560850,2024-04-01,Iowa Hawkeyes,560818,Iowa,2024-04-02
30.794398422241212,20.42499923706055,609,FALSE,112241284,'1st 09:30 : 3pt jump shot (outside center) missed by Brooklyn Gray(STL),5254233,561227,561062,2024-04-01,Saint Louis Billikens,561062,Saint Louis,2024-04-02
7.332002868652324,27.04000091552735,796,FALSE,112241289,'1st 09:20 : 2pt layup (under the basket) missed by Serah Williams(WIS),5254233,561227,561062,2024-04-01,Wisconsin Badgers,561227,Wisconsin,2024-04-02
25.370599784851105,10.98500061035155,609,FALSE,112241295,'1st 09:13 : 3pt jump shot (outside right) missed by Peyton Kennedy(STL),5254233,561227,561062,2024-04-01,Saint Louis Billikens,561062,Saint Louis,2024-04-02
26.395199928283738,12.95999908447265,609,TRUE,112241297,'1st 09:06 : 3pt jump shot (2nd chance) (outside right) made by Kennedy Calhoun(STL),5254233,561227,561062,2024-04-01,Saint Louis Billikens,561062,Saint Louis,2024-04-02
9.381203155517582,15.914999961853049,796,FALSE,112241320,'1st 08:50 : 2pt hook shot (blocked) (inside right) missed by Ronnie Porter(WIS),5254233,561227,561062,2024-04-01,Wisconsin Badgers,561227,Wisconsin,2024-04-02
31.085799713134755,23.23999977111815,796,FALSE,112241326,'1st 08:36 : 3pt jump shot (2nd chance) (outside center) missed by Sania Copeland(WIS) 3-0',5254233,561227,561062,2024-04-01,Wisconsin Badgers,561227,Wisconsin,2024-04-02
11.580799713134748,29.4349994659424,609,FALSE,112241330,'1st 08:25 : 2pt jump shot (in the paint) missed by Brooklyn Gray(STL),5254233,561227,561062,2024-04-01,Saint Louis Billikens,561062,Saint Louis,2024-04-02
8.065199928283686,25.77499961853025,609,TRUE,112241348,'1st 08:02 : 2pt driving layup (off turnover;fast break) (under the basket) made by Peyton Kennedy(STL) 5-0',5254233,561227,561062,2024-04-01,Saint Louis Billikens,561062,Saint Louis,2024-04-02
8.356600322723386,26.0550003051758,609,FALSE,112241359,'1st 07:46 : 2pt driving layup (off turnover) (under the basket) missed by Kennedy Calhoun(STL),5254233,561227,561062,2024-04-01,Saint Louis Billikens,561062,Saint Louis,2024-04-02
11.73119956970212,25.20999908447265,609,FALSE,112241727,'2nd 07:19 : 2pt layup (in the paint) missed by Tierra Simon(STL),5254233,561227,561062,2024-04-01,Saint Louis Billikens,561062,Saint Louis,2024-04-02
5.64,25,609,TRUE,112241729,'2nd 07:15 : 2pt layup (2nd chance) (under the basket) made by Tierra Simon(STL) 19-16',5254233,561227,561062,2024-04-01,Saint Louis Billikens,561062,Saint Louis,2024-04-02
8.21559799194334,23.8050003051758,796,FALSE,112241733,'2nd 06:54 : 2pt driving layup (under the basket) missed by Ronnie Porter(WIS),5254233,561227,561062,2024-04-01,Wisconsin Badgers,561227,Wisconsin,2024-04-02
6.307399139404339,2.255000114440918,796,FALSE,112241739,'2nd 06:39 : 3pt jump shot (2nd chance) (outside right wing) missed by Natalie Leuzinger(WIS),5254233,561227,561062,2024-04-01,Wisconsin Badgers,561227,Wisconsin,2024-04-02
8.21559978485107,24.5049991607666,609,FALSE,112241743,'2nd 06:24 : 2pt layup (under the basket) missed by Tierra Simon(STL),5254233,561227,561062,2024-04-01,Saint Louis Billikens,561062,Saint Louis,2024-04-02
9.531599426269494,23.10000038146975,796,FALSE,112241753,'2nd 06:15 : 2pt driving layup (blocked) (in the paint) missed by Halle Douglass(WIS),5254233,561227,561062,2024-04-01,Wisconsin Badgers,561227,Wisconsin,2024-04-02
10.264800071716266,27.1849994659424,609,FALSE,112241758,'2nd 05:59 : 2pt layup (in the paint) missed by Peyton Kennedy(STL),5254233,561227,561062,2024-04-01,Saint Louis Billikens,561062,Saint Louis,2024-04-02
22.72920028686525,42.1150016784668,796,FALSE,112241785,'2nd 05:24 : 3pt jump shot (outside left) missed by D&#39;Yanis Jimenez(WIS),5254233,561227,561062,2024-04-01,Wisconsin Badgers,561227,Wisconsin,2024-04-02
6.157000179290768,32.95999908447265,609,TRUE,112241798,'2nd 05:09 : 2pt jump shot (inside left) made by Kyla McMakin(STL),5254233,561227,561062,2024-04-01,Saint Louis Billikens,561062,Saint Louis,2024-04-02
8.356599426269497,21.6900005340576,796,FALSE,112241800,'2nd 04:51 : 2pt layup (blocked) (in the paint) missed by Natalie Leuzinger(WIS),5254233,561227,561062,2024-04-01,Wisconsin Badgers,561227,Wisconsin,2024-04-02
20.37920028686525,5.6349983215332,609,FALSE,112241939,'2nd 02:16 : 3pt jump shot (2nd chance;off turnover) (outside right) missed by Peyton Kennedy(STL),5254233,561227,561062,2024-04-01,Saint Louis Billikens,561062,Saint Louis,2024-04-02
7.332002868652324,22.5349998474121,796,FALSE,112242011,'2nd 01:58 : 2pt driving layup (under the basket) missed by Ronnie Porter(WIS),5254233,561227,561062,2024-04-01,Wisconsin Badgers,561227,Wisconsin,2024-04-02
8.948800430297851,22.8150005340576,609,TRUE,112242016,'2nd 01:52 : 2pt driving layup (fast break) (under the basket) made by Julia Martinez(STL) 27-19',5254233,561227,561062,2024-04-01,Saint Louis Billikens,561062,Saint Louis,2024-04-02
21.99599964141848,18.5900001525879,609,FALSE,112242070,'2nd 01:01 : 2pt jump shot (off turnover) (inside center) missed by Kyla McMakin(STL),5254233,561227,561062,2024-04-01,Saint Louis Billikens,561062,Saint Louis,2024-04-02
8.798399677276615,24.79000091552735,609,TRUE,112242081,'2nd 00:38.50 : 2pt driving layup (off turnover;fast break) (under the basket) made by Kennedy Calhoun(STL) 29-19',5254233,561227,561062,2024-04-01,Saint Louis Billikens,561062,Saint Louis,2024-04-02
10.114402008056658,2.815000057220459,796,FALSE,112242133,'2nd 00:29.20 : 3pt jump shot (outside right) missed by Natalie Leuzinger(WIS),5254233,561227,561062,2024-04-01,Wisconsin Badgers,561227,Wisconsin,2024-04-02
15.98,3.9449996948242,609,FALSE,112242175,'2nd 00:05.70 : 3pt jump shot (outside right) missed by Peyton Kennedy(STL),5254233,561227,561062,2024-04-01,Saint Louis Billikens,561062,Saint Louis,2024-04-02
22.04300071716313,12.1349983215332,796,TRUE,112242443,'3rd 09:40 : 2pt jump shot (inside right) made by D&#39;Yanis Jimenez(WIS) 30-24',5254233,561227,561062,2024-04-01,Wisconsin Badgers,561227,Wisconsin,2024-04-02
21.11239913940433,30.13999938964845,609,FALSE,112242444,'3rd 09:20 : 2pt jump shot (inside center) missed by Peyton Kennedy(STL),5254233,561227,561062,2024-04-01,Saint Louis Billikens,561062,Saint Louis,2024-04-02
8.507000179290769,29.7199993133545,796,FALSE,112242459,'3rd 08:53 : 2pt driving layup (in the paint) missed by Natalie Leuzinger(WIS),5254233,561227,561062,2024-04-01,Wisconsin Badgers,561227,Wisconsin,2024-04-02
8.065201721191428,27.04000091552735,609,TRUE,112242461,'3rd 08:40 : 2pt layup (under the basket) made by Peyton Kennedy(STL) 32-24',5254233,561227,561062,2024-04-01,Saint Louis Billikens,561062,Saint Louis,2024-04-02
11.580799713134748,23.10000038146975,796,FALSE,112242462,'3rd 08:35 : 2pt layup (in the paint) missed by Brooke Schramek(WIS) 32-26',5254233,561227,561062,2024-04-01,Wisconsin Badgers,561227,Wisconsin,2024-04-02
17.01399856567383,4.364999771118164,796,FALSE,112241386,'1st 07:40 : 3pt jump shot (outside right) missed by Natalie Leuzinger(WIS),5254233,561227,561062,2024-04-01,Wisconsin Badgers,561227,Wisconsin,2024-04-02
8.065201721191428,27.04000091552735,796,FALSE,112241398,'1st 07:12 : 2pt driving layup (off turnover) (under the basket) missed by Natalie Leuzinger(WIS),5254233,561227,561062,2024-04-01,Wisconsin Badgers,561227,Wisconsin,2024-04-02
30.2115994262695,23.3799991607666,609,TRUE,112241402,'1st 06:49 : 3pt jump shot (outside center) made by Peyton Kennedy(STL),5254233,561227,561062,2024-04-01,Saint Louis Billikens,561062,Saint Louis,2024-04-02
7.914798278808576,26.76000022888185,796,TRUE,112241420,'1st 06:21 : 2pt layup (under the basket) made by Halle Douglass(WIS),5254233,561227,561062,2024-04-01,Wisconsin Badgers,561227,Wisconsin,2024-04-02
10.114400215148892,2.95999908447265,609,FALSE,112241426,'1st 06:02 : 3pt jump shot (outside right) missed by Peyton Kennedy(STL),5254233,561227,561062,2024-04-01,Saint Louis Billikens,561062,Saint Louis,2024-04-02
14.664000358581518,21.82999992370605,609,TRUE,112241428,'1st 05:56 : 2pt pull up jump shot (2nd chance) (in the paint) made by Peyton Kennedy(STL) 10-2',5254233,561227,561062,2024-04-01,Saint Louis Billikens,561062,Saint Louis,2024-04-02
7.773796844482419,27.60499954223635,796,TRUE,112241433,'1st 05:38 : 2pt driving layup (under the basket) made by Natalie Leuzinger(WIS),5254233,561227,561062,2024-04-01,Wisconsin Badgers,561227,Wisconsin,2024-04-02
28.88619956970212,16.3400001525879,609,FALSE,112241448,'1st 05:01 : 3pt jump shot (outside center) missed by Brooklyn Gray(STL),5254233,561227,561062,2024-04-01,Saint Louis Billikens,561062,Saint Louis,2024-04-02
7.1815994262695,23.6599998474121,796,TRUE,112241450,'1st 04:54 : 2pt driving layup (fast break) (under the basket) made by Sania Copeland(WIS),5254233,561227,561062,2024-04-01,Wisconsin Badgers,561227,Wisconsin,2024-04-02
21.845599784851107,41.27000045776365,609,FALSE,112241452,'1st 04:41 : 3pt jump shot (outside left) missed by Kyla McMakin(STL),5254233,561227,561062,2024-04-01,Saint Louis Billikens,561062,Saint Louis,2024-04-02
7.1815994262695,2.674999952316284,796,FALSE,112241671,'2nd 08:52 : 3pt jump shot (off turnover) (outside right) missed by Sania Copeland(WIS),5254233,561227,561062,2024-04-01,Wisconsin Badgers,561227,Wisconsin,2024-04-02
9.089800071716311,22.39500045776365,609,FALSE,112241682,'2nd 08:29 : 2pt driving layup (in the paint) missed by Julia Martinez(STL),5254233,561227,561062,2024-04-01,Saint Louis Billikens,561062,Saint Louis,2024-04-02
7.482399139404336,27.88500022888185,796,TRUE,112241687,'2nd 08:10 : 2pt driving layup (under the basket) made by Natalie Leuzinger(WIS) 17-15',5254233,561227,561062,2024-04-01,Wisconsin Badgers,561227,Wisconsin,2024-04-02
9.822999820709192,38.44999980926515,609,FALSE,112241707,'2nd 07:51 : 2pt jump shot (inside left) missed by Kyla McMakin(STL),5254233,561227,561062,2024-04-01,Saint Louis Billikens,561062,Saint Louis,2024-04-02
7.0405979919433435,22.8150005340576,796,FALSE,112241709,'2nd 07:43 : 2pt driving layup (under the basket) missed by Sania Copeland(WIS),5254233,561227,561062,2024-04-01,Wisconsin Badgers,561227,Wisconsin,2024-04-02
6.890201721191431,24.08499908447265,796,FALSE,112241554,'1st 02:12 : 2pt layup (under the basket) missed by Ronnie Porter(WIS),5254233,561227,561062,2024-04-01,Wisconsin Badgers,561227,Wisconsin,2024-04-02
5.86559978485107,47.88499999046326,609,FALSE,112241556,'1st 02:05 : 3pt jump shot (outside left wing) missed by Camreé Clegg(STL),5254233,561227,561062,2024-04-01,Saint Louis Billikens,561062,Saint Louis,2024-04-02
19.64599964141848,18.45000076293945,609,FALSE,112241558,'1st 01:48 : 2pt jump shot (2nd chance) (inside right) missed by Brooklyn Gray(STL),5254233,561227,561062,2024-04-01,Saint Louis Billikens,561062,Saint Louis,2024-04-02
10.997997131347674,47.8849983215332,796,FALSE,112241560,'1st 01:39 : 3pt jump shot (outside left) missed by Sania Copeland(WIS),5254233,561227,561062,2024-04-01,Wisconsin Badgers,561227,Wisconsin,2024-04-02
26.10380043029788,36.3400001525879,609,FALSE,112241562,'1st 01:30 : 3pt jump shot (outside left) missed by Peyton Kennedy(STL),5254233,561227,561062,2024-04-01,Saint Louis Billikens,561062,Saint Louis,2024-04-02
10.264800071716266,21.9699993133545,609,FALSE,112241566,'1st 00:55.60 : 2pt layup (off turnover) (in the paint) missed by Brooklyn Gray(STL),5254233,561227,561062,2024-04-01,Saint Louis Billikens,561062,Saint Louis,2024-04-02
10.997997131347674,31.82999992370605,796,TRUE,112241584,'1st 00:30.70 : 2pt floating jump shot (inside left) made by Ronnie Porter(WIS),5254233,561227,561062,2024-04-01,Wisconsin Badgers,561227,Wisconsin,2024-04-02
8.356600322723386,23.6599998474121,609,TRUE,112241590,'1st 00:04.40 : 2pt layup (under the basket) made by Tierra Simon(STL),5254233,561227,561062,2024-04-01,Saint Louis Billikens,561062,Saint Louis,2024-04-02
18.621397705078067,36.47999954223635,609,TRUE,112242558,'3rd 06:27 : 2pt jump shot (inside left) made by Kyla McMakin(STL),5254233,561227,561062,2024-04-01,Saint Louis Billikens,561062,Saint Louis,2024-04-02
16.130399856567372,46.1949999332428,796,TRUE,112242578,'3rd 06:08 : 3pt jump shot (outside left) made by Natalie Leuzinger(WIS),5254233,561227,561062,2024-04-01,Wisconsin Badgers,561227,Wisconsin,2024-04-02
9.381203155517582,25.4950008392334,609,FALSE,112242582,'3rd 05:40 : 2pt layup (under the basket) missed by Kyla McMakin(STL),5254233,561227,561062,2024-04-01,Saint Louis Billikens,561062,Saint Louis,2024-04-02
5.640000000000001,25,609,TRUE,112242584,'3rd 05:37 : 2pt layup (2nd chance) (under the basket) made by Kyla McMakin(STL) 40-31',5254233,561227,561062,2024-04-01,Saint Louis Billikens,561062,Saint Louis,2024-04-02
28.15299713134766,16.76000022888185,796,TRUE,112241843,'2nd 04:36 : 3pt jump shot (2nd chance) (outside center) made by Halle Douglass(WIS),5254233,561227,561062,2024-04-01,Wisconsin Badgers,561227,Wisconsin,2024-04-02
12.02259996414182,21.9699993133545,609,TRUE,112241847,'2nd 04:20 : 2pt floating jump shot (in the paint) made by Peyton Kennedy(STL) 23-19',5254233,561227,561062,2024-04-01,Saint Louis Billikens,561062,Saint Louis,2024-04-02
23.904200286865247,39.1549987792969,796,FALSE,112241854,'2nd 03:46 : 3pt jump shot (outside left) missed by Sania Copeland(WIS),5254233,561227,561062,2024-04-01,Wisconsin Badgers,561227,Wisconsin,2024-04-02
22.57880043029788,16.47999954223635,609,FALSE,112241867,'2nd 03:23 : 2pt jump shot (inside right) missed by Brooklyn Gray(STL),5254233,561227,561062,2024-04-01,Saint Louis Billikens,561062,Saint Louis,2024-04-02
16.28079971313475,23.10000038146975,609,FALSE,112241888,'2nd 03:14 : 2pt layup (2nd chance) (in the paint) missed by Peyton Kennedy(STL),5254233,561227,561062,2024-04-01,Saint Louis Billikens,561062,Saint Louis,2024-04-02
7.773796844482419,27.88500022888185,796,FALSE,112241890,'2nd 03:06 : 2pt driving layup (under the basket) missed by Brooke Schramek(WIS),5254233,561227,561062,2024-04-01,Wisconsin Badgers,561227,Wisconsin,2024-04-02
8.507002868652322,19.01499938964845,609,TRUE,112243176,'4th 00:53.50 : 2pt jump shot (inside right) made by Peyton Kennedy(STL) 61-60',5254233,561227,561062,2024-04-01,Saint Louis Billikens,561062,Saint Louis,2024-04-02
30.503000717163133,25.20999908447265,796,FALSE,112242585,'3rd 05:21 : 3pt jump shot (outside center) missed by Brooke Schramek(WIS),5254233,561227,561062,2024-04-01,Wisconsin Badgers,561227,Wisconsin,2024-04-02
24.787800788879395,11.4099998474121,796,FALSE,112242587,'3rd 05:12 : 3pt jump shot (2nd chance) (outside right) missed by Ronnie Porter(WIS),5254233,561227,561062,2024-04-01,Wisconsin Badgers,561227,Wisconsin,2024-04-02
20.087802581787088,33.38000106811525,609,FALSE,112242638,'3rd 04:44 : 2pt jump shot (off turnover) (inside left) missed by Kyla McMakin(STL),5254233,561227,561062,2024-04-01,Saint Louis Billikens,561062,Saint Louis,2024-04-02
6.598799982070919,26.6200008392334,609,TRUE,112241894,'2nd 02:55 : 2pt driving layup (under the basket) made by Tierra Simon(STL),5254233,561227,561062,2024-04-01,Saint Louis Billikens,561062,Saint Louis,2024-04-02
9.682000179290808,22.95999908447265,609,FALSE,112241920,'2nd 02:20 : 2pt layup (off turnover) (in the paint) missed by Julia Martinez(STL),5254233,561227,561062,2024-04-01,Saint Louis Billikens,561062,Saint Louis,2024-04-02
7.332002868652324,24.5049991607666,609,TRUE,112242649,'3rd 04:24 : 2pt driving layup (off turnover;fast break) (under the basket) made by Kennedy Calhoun(STL) 42-31',5254233,561227,561062,2024-04-01,Saint Louis Billikens,561062,Saint Louis,2024-04-02
7.332000179290768,27.1849994659424,796,TRUE,112242671,'3rd 03:38 : 2pt driving layup (under the basket) made by Ronnie Porter(WIS) 43-33',5254233,561227,561062,2024-04-01,Wisconsin Badgers,561227,Wisconsin,2024-04-02
7.332002868652324,23.6599998474121,609,FALSE,112242675,'3rd 03:08 : 2pt layup (under the basket) missed by Marcavia Shavers(STL),5254233,561227,561062,2024-04-01,Saint Louis Billikens,561062,Saint Louis,2024-04-02
8.798400573730504,24.22500038146975,609,TRUE,112242691,'3rd 02:37 : 2pt layup (under the basket) made by Marcavia Shavers(STL),5254233,561227,561062,2024-04-01,Saint Louis Billikens,561062,Saint Louis,2024-04-02
9.68200286865232,20.8449993133545,609,TRUE,112242489,'3rd 08:13 : 2pt layup (in the paint) made by Julia Martinez(STL),5254233,561227,561062,2024-04-01,Saint Louis Billikens,561062,Saint Louis,2024-04-02
13.780399856567374,32.95999908447265,796,FALSE,112242506,'3rd 07:37 : 2pt jump shot (inside left) missed by Natalie Leuzinger(WIS),5254233,561227,561062,2024-04-01,Wisconsin Badgers,561227,Wisconsin,2024-04-02
8.948796844482416,21.6900005340576,609,FALSE,112242511,'3rd 07:22 : 2pt layup (off turnover) (in the paint) missed by Julia Martinez(STL),5254233,561227,561062,2024-04-01,Saint Louis Billikens,561062,Saint Louis,2024-04-02
16.713198852539094,20.70499992370605,609,TRUE,112242513,'3rd 07:07 : 2pt jump shot (2nd chance;off turnover) (in the paint) made by Kyla McMakin(STL),5254233,561227,561062,2024-04-01,Saint Louis Billikens,561062,Saint Louis,2024-04-02
25.52099964141848,11.54999923706055,796,FALSE,112243100,'4th 02:25 : 3pt jump shot (outside right) missed by Ronnie Porter(WIS),5254233,561227,561062,2024-04-01,Wisconsin Badgers,561227,Wisconsin,2024-04-02
25.07920028686525,11.689998626709,796,FALSE,112243128,'4th 01:38 : 3pt jump shot (off turnover) (outside right) missed by Tessa Grady(WIS),5254233,561227,561062,2024-04-01,Wisconsin Badgers,561227,Wisconsin,2024-04-02
6.157000179290768,47.46499991416931,796,TRUE,112243141,'4th 01:19 : 3pt jump shot (outside left wing) made by Tessa Grady(WIS),5254233,561227,561062,2024-04-01,Wisconsin Badgers,561227,Wisconsin,2024-04-02
19.06320064544677,4.79000091552735,609,TRUE,112241510,'1st 04:40 : 3pt jump shot (2nd chance) (outside right) made by Kyla McMakin(STL),5254233,561227,561062,2024-04-01,Saint Louis Billikens,561062,Saint Louis,2024-04-02
28.453796844482422,33.2400016784668,796,FALSE,112241516,'1st 03:10 : 3pt jump shot (outside center) missed by Brooke Schramek(WIS),5254233,561227,561062,2024-04-01,Wisconsin Badgers,561227,Wisconsin,2024-04-02
27.128400573730502,37.185001373291,796,TRUE,112241527,'1st 02:44 : 3pt jump shot (off turnover) (outside left) made by Sania Copeland(WIS),5254233,561227,561062,2024-04-01,Wisconsin Badgers,561227,Wisconsin,2024-04-02
6.448400125503536,27.7450008392334,609,FALSE,112241532,'1st 02:29 : 2pt driving layup (under the basket) missed by Marcavia Shavers(STL),5254233,561227,561062,2024-04-01,Saint Louis Billikens,561062,Saint Louis,2024-04-02
6.307399139404339,28.3099994659424,609,TRUE,112243143,'4th 01:05 : 2pt driving layup (under the basket) made by Kennedy Calhoun(STL) 59-58',5254233,561227,561062,2024-04-01,Saint Louis Billikens,561062,Saint Louis,2024-04-02
10.55619956970212,22.67499923706055,796,FALSE,112242721,'3rd 01:39 : 2pt driving layup (off turnover) (in the paint) missed by Ronnie Porter(WIS),5254233,561227,561062,2024-04-01,Wisconsin Badgers,561227,Wisconsin,2024-04-02
7.77380043029785,22.95999908447265,796,TRUE,112242723,'3rd 01:31 : 2pt driving layup (2nd chance;off turnover) (under the basket) made by Halle Douglass(WIS) 45-38',5254233,561227,561062,2024-04-01,Wisconsin Badgers,561227,Wisconsin,2024-04-02
29.47840057373051,27.4650001525879,609,TRUE,112242729,'3rd 00:56.70 : 3pt jump shot (outside center) made by Camreé Clegg(STL),5254233,561227,561062,2024-04-01,Saint Louis Billikens,561062,Saint Louis,2024-04-02
8.065199928283686,23.8050003051758,796,TRUE,112242732,'3rd 00:34.20 : 2pt driving layup (under the basket) made by Ronnie Porter(WIS) 48-40',5254233,561227,561062,2024-04-01,Wisconsin Badgers,561227,Wisconsin,2024-04-02
21.704596557617165,42.67499923706055,609,FALSE,112242733,'3rd 00:28.50 : 3pt jump shot (outside left) missed by Camreé Clegg(STL),5254233,561227,561062,2024-04-01,Saint Louis Billikens,561062,Saint Louis,2024-04-02
11.148399677276569,27.4650001525879,796,TRUE,112242741,'3rd 00:02.00 : 2pt floating jump shot (in the paint) made by D&#39;Yanis Jimenez(WIS) 48-42',5254233,561227,561062,2024-04-01,Wisconsin Badgers,561227,Wisconsin,2024-04-02
24.054600143432623,39.85999965667725,796,FALSE,112242795,'4th 09:40 : 3pt jump shot (outside left) missed by Ronnie Porter(WIS),5254233,561227,561062,2024-04-01,Wisconsin Badgers,561227,Wisconsin,2024-04-02
11.731203155517576,36.7599983215332,609,TRUE,112242797,'4th 09:13 : 2pt pull up jump shot (inside left) made by Kyla McMakin(STL) 50-42',5254233,561227,561062,2024-04-01,Saint Louis Billikens,561062,Saint Louis,2024-04-02
19.213600502014145,44.08500003814695,796,FALSE,112242936,'4th 05:35 : 3pt jump shot (outside left) missed by Tessa Grady(WIS),5254233,561227,561062,2024-04-01,Wisconsin Badgers,561227,Wisconsin,2024-04-02
7.623399677276614,25.77499961853025,796,TRUE,112242938,'4th 05:31 : 2pt layup (2nd chance) (under the basket) made by D&#39;Yanis Jimenez(WIS),5254233,561227,561062,2024-04-01,Wisconsin Badgers,561227,Wisconsin,2024-04-02
22.28739913940434,8.310001373291,796,FALSE,112242953,'4th 04:43 : 3pt jump shot (off turnover) (outside right) missed by Halle Douglass(WIS),5254233,561227,561062,2024-04-01,Wisconsin Badgers,561227,Wisconsin,2024-04-02
12.614798278808578,27.7450008392334,609,FALSE,112242995,'4th 04:16 : 2pt layup (off turnover) (in the paint) missed by Kennedy Calhoun(STL),5254233,561227,561062,2024-04-01,Saint Louis Billikens,561062,Saint Louis,2024-04-02
8.798400573730504,25.0699996948242,609,FALSE,112243006,'4th 04:07 : 2pt hook shot (off turnover) (under the basket) missed by Marcavia Shavers(STL),5254233,561227,561062,2024-04-01,Saint Louis Billikens,561062,Saint Louis,2024-04-02
10.55620315551758,20.98500061035155,609,FALSE,112243052,'4th 03:39 : 2pt jump shot (in the paint) missed by Julia Martinez(STL),5254233,561227,561062,2024-04-01,Saint Louis Billikens,561062,Saint Louis,2024-04-02
10.264800071716266,47.74499988555908,796,TRUE,112242822,'4th 08:06 : 3pt jump shot (off turnover) (outside left) made by Tessa Grady(WIS),5254233,561227,561062,2024-04-01,Wisconsin Badgers,561227,Wisconsin,2024-04-02
24.34600143432617,32.534999847412095,609,FALSE,112242826,'4th 07:50 : 2pt jump shot (inside center) missed by Kyla McMakin(STL),5254233,561227,561062,2024-04-01,Saint Louis Billikens,561062,Saint Louis,2024-04-02
21.845599784851107,42.96000003814695,796,FALSE,112242828,'4th 07:32 : 3pt jump shot (outside left) missed by Tessa Grady(WIS),5254233,561227,561062,2024-04-01,Wisconsin Badgers,561227,Wisconsin,2024-04-02
9.381199569702147,26.6200008392334,796,TRUE,112242835,'4th 07:15 : 2pt driving layup (2nd chance) (under the basket) made by Ronnie Porter(WIS) 50-48',5254233,561227,561062,2024-04-01,Wisconsin Badgers,561227,Wisconsin,2024-04-02
30.352600860595665,26.89999961853025,609,FALSE,112242866,'4th 06:48 : 3pt jump shot (outside center) missed by Peyton Kennedy(STL),5254233,561227,561062,2024-04-01,Saint Louis Billikens,561062,Saint Louis,2024-04-02
7.623399677276614,26.89999961853025,796,TRUE,112242908,'4th 06:24 : 2pt layup (under the basket) made by D&#39;Yanis Jimenez(WIS),5254233,561227,561062,2024-04-01,Wisconsin Badgers,561227,Wisconsin,2024-04-02
12.755799713134747,16.61999893188475,796,FALSE,112243061,'4th 03:16 : 2pt jump shot (inside right) missed by Ronnie Porter(WIS),5254233,561227,561062,2024-04-01,Wisconsin Badgers,561227,Wisconsin,2024-04-02
17.446399497985855,45.49499988555908,796,FALSE,112243075,'4th 03:04 : 3pt jump shot (2nd chance) (outside left) missed by Halle Douglass(WIS),5254233,561227,561062,2024-04-01,Wisconsin Badgers,561227,Wisconsin,2024-04-02
9.822999820709192,26.89999961853025,609,FALSE,112241493,'1st 03:35 : 2pt layup (in the paint) missed by Peyton Kennedy(STL),5254233,561227,561062,2024-04-01,Saint Louis Billikens,561062,Saint Louis,2024-04-02
7.773796844482419,21.54999923706055,796,TRUE,112241495,'1st 04:12 : 2pt layup (in the paint) made by Ronnie Porter(WIS) 15-11',5254233,561227,561062,2024-04-01,Wisconsin Badgers,561227,Wisconsin,2024-04-02
9.089800071716311,28.875,609,TRUE,112241504,'1st 03:59 : 2pt layup (in the paint) made by Marcavia Shavers(STL),5254233,561227,561062,2024-04-01,Saint Louis Billikens,561062,Saint Louis,2024-04-02
7.773796844482419,23.6599998474121,796,FALSE,112241506,'1st 03:40 : 2pt layup (under the basket) missed by Brooke Schramek(WIS),5254233,561227,561062,2024-04-01,Wisconsin Badgers,561227,Wisconsin,2024-04-02
10.55620315551758,14.340000152587898,428,FALSE,112242499,'2nd 04:26 : 2pt pull up jump shot (inside right) missed by Amaya Battle(Minnesota),5254229,561233,560900,2024-04-01,Minnesota Golden Gophers,560900,Minnesota,2024-04-02
7.04059978485107,23.54999923706055,811,TRUE,112242501,'2nd 04:09 : 2pt layup (under the basket) made by Allyson Fertig(Wyoming),5254229,561233,560900,2024-04-01,Wyoming Cowgirls,561233,Wyoming,2024-04-02
8.356599426269497,22.36499977111815,428,FALSE,112242509,'2nd 03:43 : 2pt hook shot (under the basket) missed by Sophie Hart(Minnesota),5254229,561233,560900,2024-04-01,Minnesota Golden Gophers,560900,Minnesota,2024-04-02
6.890199928283687,27.35000038146975,811,TRUE,112242514,'2nd 03:15 : 2pt driving layup (under the basket) made by Malene Pedersen(Wyoming) 25-20',5254229,561233,560900,2024-04-01,Wyoming Cowgirls,561233,Wyoming,2024-04-02
10.26479827880857,29.9699993133545,428,FALSE,112242521,'2nd 02:56 : 2pt floating jump shot (in the paint) missed by Amaya Battle(Minnesota),5254229,561233,560900,2024-04-01,Minnesota Golden Gophers,560900,Minnesota,2024-04-02
13.780399856567374,22.2800006866455,811,FALSE,112242525,'2nd 02:44 : 2pt pull up jump shot (in the paint) missed by Emily Mellema(Wyoming),5254229,561233,560900,2024-04-01,Wyoming Cowgirls,561233,Wyoming,2024-04-02
24.054600143432623,28.47999954223635,428,FALSE,112243179,'4th 07:43 : 2pt jump shot (2nd chance) (inside center) missed by Niamya Holloway(Minnesota),5254229,561233,560900,2024-04-01,Minnesota Golden Gophers,560900,Minnesota,2024-04-02
5.423796844482425,24.76000022888185,811,FALSE,112243181,'4th 07:32 : 2pt layup (blocked) (under the basket) missed by Emily Mellema(Wyoming),5254229,561233,560900,2024-04-01,Wyoming Cowgirls,561233,Wyoming,2024-04-02
10.114400215148892,20.17000007629395,428,TRUE,112243184,'4th 07:23 : 2pt hook shot (in the paint) made by Mallory Heyer(Minnesota),5254229,561233,560900,2024-04-01,Minnesota Golden Gophers,560900,Minnesota,2024-04-02
10.114402008056658,23.91500091552735,811,FALSE,112243207,'4th 06:39 : 2pt hook shot (in the paint) missed by Allyson Fertig(Wyoming),5254229,561233,560900,2024-04-01,Wyoming Cowgirls,561233,Wyoming,2024-04-02
23.020599784851107,30.0300006866455,428,TRUE,112243210,'4th 06:22 : 2pt pull up jump shot (inside center) made by Amaya Battle(Minnesota) 48-45',5254229,561233,560900,2024-04-01,Minnesota Golden Gophers,560900,Minnesota,2024-04-02
7.77380043029785,33.27000045776365,428,TRUE,112243008,'3rd 01:41 : 2pt turnaround jump shot (inside left) made by Grace Grocholski(Minnesota) 38-40',5254229,561233,560900,2024-04-01,Minnesota Golden Gophers,560900,Minnesota,2024-04-02
8.21559799194334,29.54999923706055,811,FALSE,112243009,'3rd 01:24 : 2pt layup (in the paint) missed by Marta Savic(Wyoming),5254229,561233,560900,2024-04-01,Wyoming Cowgirls,561233,Wyoming,2024-04-02
3.666000089645384,11.01499938964845,428,FALSE,112243021,'3rd 01:16 : 2pt jump shot (inside right wing) missed by Grace Grocholski(Minnesota),5254229,561233,560900,2024-04-01,Minnesota Golden Gophers,560900,Minnesota,2024-04-02
10.264800071716266,19.32500076293945,428,TRUE,112243033,'3rd 00:44.00 : 2pt jump shot (off turnover) (in the paint) made by Sophie Hart(Minnesota) 40-40',5254229,561233,560900,2024-04-01,Minnesota Golden Gophers,560900,Minnesota,2024-04-02
20.529600143432628,23.4099998474121,428,FALSE,112243048,'3rd 00:05.00 : 2pt pull up jump shot (off turnover) (inside center) missed by Amaya Battle(Minnesota),5254229,561233,560900,2024-04-01,Minnesota Golden Gophers,560900,Minnesota,2024-04-02
6.0160000896453845,33.125,428,FALSE,112243082,'3rd 00:01.80 : 2pt jump shot (off turnover) (inside left) missed by Amaya Battle(Minnesota),5254229,561233,560900,2024-04-01,Minnesota Golden Gophers,560900,Minnesota,2024-04-02
5.86559978485107,17.6349983215332,428,FALSE,112243116,'4th 09:50 : 2pt pull up jump shot (inside right) missed by Amaya Battle(Minnesota),5254229,561233,560900,2024-04-01,Minnesota Golden Gophers,560900,Minnesota,2024-04-02
8.798400573730504,27.57500076293945,811,FALSE,112243121,'4th 09:19 : 2pt driving layup (blocked) (under the basket) missed by Malene Pedersen(Wyoming),5254229,561233,560900,2024-04-01,Wyoming Cowgirls,561233,Wyoming,2024-04-02
9.9734005737305,26.0300006866455,428,TRUE,112242481,'2nd 05:41 : 2pt hook shot (in the paint) made by Sophie Hart(Minnesota) 23-16',5254229,561233,560900,2024-04-01,Minnesota Golden Gophers,560900,Minnesota,2024-04-02
6.307400035858152,11.7200012207031,811,FALSE,112242483,'2nd 05:08 : 2pt jump shot (inside right) missed by Malene Pedersen(Wyoming),5254229,561233,560900,2024-04-01,Wyoming Cowgirls,561233,Wyoming,2024-04-02
9.68200286865232,28.98500061035155,428,TRUE,112242494,'2nd 04:55 : 2pt driving layup (in the paint) made by Amaya Battle(Minnesota) 25-16',5254229,561233,560900,2024-04-01,Minnesota Golden Gophers,560900,Minnesota,2024-04-02
8.948800430297851,21.7199993133545,811,FALSE,112242496,'2nd 04:37 : 2pt layup (in the paint) missed by Allyson Fertig(Wyoming),5254229,561233,560900,2024-04-01,Wyoming Cowgirls,561233,Wyoming,2024-04-02
29.478400573730504,29.32500076293945,428,FALSE,112243126,'4th 09:14 : 3pt jump shot (outside center) missed by Grace Grocholski(Minnesota),5254229,561233,560900,2024-04-01,Minnesota Golden Gophers,560900,Minnesota,2024-04-02
7.482399139404336,23.0699996948242,811,TRUE,112243130,'4th 08:58 : 2pt layup (under the basket) made by Madi Symons(Wyoming) 40-42',5254229,561233,560900,2024-04-01,Wyoming Cowgirls,561233,Wyoming,2024-04-02
18.179600143432623,22.13999938964845,428,FALSE,112243135,'4th 08:30 : 2pt jump shot (in the paint) missed by Sophie Hart(Minnesota),5254229,561233,560900,2024-04-01,Minnesota Golden Gophers,560900,Minnesota,2024-04-02
6.0160000896453845,21.1550006866455,428,FALSE,112243153,'4th 07:55 : 2pt driving layup (in the paint) missed by Janay Sanders(Minnesota),5254229,561233,560900,2024-04-01,Minnesota Golden Gophers,560900,Minnesota,2024-04-02
8.507000179290769,23.125,428,TRUE,112243172,'4th 07:49 : 2pt layup (2nd chance) (under the basket) made by Niamya Holloway(Minnesota),5254229,561233,560900,2024-04-01,Minnesota Golden Gophers,560900,Minnesota,2024-04-02
15.547600860595663,4.054999828338623,428,TRUE,112242322,'1st 01:11 : 3pt jump shot (off turnover) (outside right) made by Mallory Heyer(Minnesota),5254229,561233,560900,2024-04-01,Minnesota Golden Gophers,560900,Minnesota,2024-04-02
27.720599784851107,17.7750015258789,811,FALSE,112242326,'1st 00:59.10 : 3pt jump shot (outside center) missed by McKinley Dickerson(Wyoming),5254229,561233,560900,2024-04-01,Wyoming Cowgirls,561233,Wyoming,2024-04-02
5.423796844482425,23.0699996948242,428,TRUE,112242331,'1st 00:47.40 : 2pt layup (under the basket) made by Sophie Hart(Minnesota),5254229,561233,560900,2024-04-01,Minnesota Golden Gophers,560900,Minnesota,2024-04-02
29.328000717163132,5.6599998474121,811,FALSE,112242358,'1st 00:18.10 : 3pt jump shot (outside right) missed by Ola Ustowska(Wyoming),5254229,561233,560900,2024-04-01,Wyoming Cowgirls,561233,Wyoming,2024-04-02
8.798400573730504,18.5650005340576,428,TRUE,112242360,'1st 00:10.10 : 2pt pull up jump shot (inside right) made by Amaya Battle(Minnesota) 17-7',5254229,561233,560900,2024-04-01,Minnesota Golden Gophers,560900,Minnesota,2024-04-02
20.68,5.9449996948242,811,FALSE,112242553,'2nd 01:58 : 3pt jump shot (off turnover) (outside right) missed by McKinley Dickerson(Wyoming),5254229,561233,560900,2024-04-01,Wyoming Cowgirls,561233,Wyoming,2024-04-02
8.948796844482416,24.76000022888185,428,FALSE,112242555,'2nd 01:31 : 2pt layup (blocked) (under the basket) missed by Janay Sanders(Minnesota),5254229,561233,560900,2024-04-01,Minnesota Golden Gophers,560900,Minnesota,2024-04-02
6.307400035858152,9.32500076293945,811,FALSE,112242560,'2nd 01:21 : 2pt jump shot (inside right) missed by Ola Ustowska(Wyoming),5254229,561233,560900,2024-04-01,Wyoming Cowgirls,561233,Wyoming,2024-04-02
19.354596557617157,29.9699993133545,428,TRUE,112242562,'2nd 01:09 : 2pt pull up jump shot (in the paint) made by Amaya Battle(Minnesota) 27-20',5254229,561233,560900,2024-04-01,Minnesota Golden Gophers,560900,Minnesota,2024-04-02
7.914800071716313,21.7199993133545,811,TRUE,112242565,'2nd 00:50.30 : 2pt driving layup (under the basket) made by Tess Barnes(Wyoming) 27-22',5254229,561233,560900,2024-04-01,Wyoming Cowgirls,561233,Wyoming,2024-04-02
18.771801147460906,32.3650016784668,428,TRUE,112242574,'2nd 00:29.20 : 2pt jump shot (inside left) made by Amaya Battle(Minnesota) 29-22',5254229,561233,560900,2024-04-01,Minnesota Golden Gophers,560900,Minnesota,2024-04-02
30.211599426269498,20.39500045776365,428,FALSE,112241934,'1st 09:52 : 3pt jump shot (outside center) missed by Grace Grocholski(Minnesota),5254229,561233,560900,2024-04-01,Minnesota Golden Gophers,560900,Minnesota,2024-04-02
8.798399677276615,26.22500038146975,811,TRUE,112241938,'1st 09:35 : 2pt layup (under the basket) made by Allyson Fertig(Wyoming),5254229,561233,560900,2024-04-01,Wyoming Cowgirls,561233,Wyoming,2024-04-02
6.890201721191431,22.08499908447265,428,FALSE,112241964,'1st 09:21 : 2pt jump shot (under the basket) missed by Sophie Hart(Minnesota),5254229,561233,560900,2024-04-01,Minnesota Golden Gophers,560900,Minnesota,2024-04-02
20.971399497985857,30.3099994659424,811,FALSE,112241985,'1st 08:42 : 2pt pull up jump shot (off turnover) (inside center) missed by Emily Mellema(Wyoming),5254229,561233,560900,2024-04-01,Wyoming Cowgirls,561233,Wyoming,2024-04-02
7.914798278808576,23.0699996948242,428,FALSE,112241991,'1st 08:26 : 2pt layup (blocked) (under the basket) missed by Sophie Hart(Minnesota),5254229,561233,560900,2024-04-01,Minnesota Golden Gophers,560900,Minnesota,2024-04-02
19.946799354553228,6.6500015258789,811,FALSE,112241994,'1st 08:09 : 3pt jump shot (outside right) missed by Malene Pedersen(Wyoming),5254229,561233,560900,2024-04-01,Wyoming Cowgirls,561233,Wyoming,2024-04-02
29.327997131347672,30.11499977111815,428,FALSE,112242009,'1st 07:57 : 3pt jump shot (outside center) missed by Amaya Battle(Minnesota),5254229,561233,560900,2024-04-01,Minnesota Golden Gophers,560900,Minnesota,2024-04-02
8.21559799194334,23.4950008392334,428,TRUE,112242017,'1st 07:37 : 2pt layup (2nd chance) (under the basket) made by Sophie Hart(Minnesota),5254229,561233,560900,2024-04-01,Minnesota Golden Gophers,560900,Minnesota,2024-04-02
8.356600322723386,24.95999908447265,811,TRUE,112242020,'1st 07:07 : 2pt layup (under the basket) made by Malene Pedersen(Wyoming),5254229,561233,560900,2024-04-01,Wyoming Cowgirls,561233,Wyoming,2024-04-02
22.87959655761716,16.309999465942397,428,FALSE,112242023,'1st 06:50 : 2pt pull up jump shot (inside right) missed by Amaya Battle(Minnesota),5254229,561233,560900,2024-04-01,Minnesota Golden Gophers,560900,Minnesota,2024-04-02
8.065201721191428,23.91500091552735,428,TRUE,112242026,'1st 06:45 : 2pt hook shot (2nd chance) (under the basket) made by Sophie Hart(Minnesota) 4-4',5254229,561233,560900,2024-04-01,Minnesota Golden Gophers,560900,Minnesota,2024-04-02
8.64799713134768,22.64999961853025,428,FALSE,112242390,'2nd 09:35 : 2pt hook shot (under the basket) missed by Niamya Holloway(Minnesota),5254229,561233,560900,2024-04-01,Minnesota Golden Gophers,560900,Minnesota,2024-04-02
22.146399497985858,7.6349983215332,811,FALSE,112242394,'2nd 09:17 : 3pt jump shot (outside right) missed by Tess Barnes(Wyoming),5254229,561233,560900,2024-04-01,Wyoming Cowgirls,561233,Wyoming,2024-04-02
20.971397705078076,16.0300006866455,428,FALSE,112242398,'2nd 08:59 : 2pt pull up jump shot (inside right) missed by Amaya Battle(Minnesota),5254229,561233,560900,2024-04-01,Minnesota Golden Gophers,560900,Minnesota,2024-04-02
5.7151999282836865,23.4099998474121,811,TRUE,112242401,'2nd 08:40 : 2pt layup (under the basket) made by Allyson Fertig(Wyoming) 17-9',5254229,561233,560900,2024-04-01,Wyoming Cowgirls,561233,Wyoming,2024-04-02
22.72920028686525,8,428,FALSE,112242403,'2nd 08:15 : 3pt jump shot (outside right) missed by Mallory Heyer(Minnesota),5254229,561233,560900,2024-04-01,Minnesota Golden Gophers,560900,Minnesota,2024-04-02
10.55620315551758,25.7450008392334,428,FALSE,112242416,'2nd 07:26 : 2pt driving layup (off turnover) (in the paint) missed by Mallory Heyer(Minnesota),5254229,561233,560900,2024-04-01,Minnesota Golden Gophers,560900,Minnesota,2024-04-02
5.4237999820709195,22.2800006866455,811,TRUE,112242422,'2nd 07:10 : 2pt layup (under the basket) made by Allyson Fertig(Wyoming),5254229,561233,560900,2024-04-01,Wyoming Cowgirls,561233,Wyoming,2024-04-02
13.488998565673825,28.8449993133545,428,TRUE,112242425,'2nd 06:47 : 2pt layup (in the paint) made by Amaya Battle(Minnesota) 19-11',5254229,561233,560900,2024-04-01,Minnesota Golden Gophers,560900,Minnesota,2024-04-02
5.4237999820709195,21.01499938964845,811,TRUE,112242426,'2nd 06:34 : 2pt layup (in the paint) made by Allyson Fertig(Wyoming),5254229,561233,560900,2024-04-01,Wyoming Cowgirls,561233,Wyoming,2024-04-02
17.88819885253909,30.5349998474121,428,TRUE,112242430,'2nd 06:18 : 2pt turnaround jump shot (in the paint) made by Amaya Battle(Minnesota) 21-13',5254229,561233,560900,2024-04-01,Minnesota Golden Gophers,560900,Minnesota,2024-04-02
19.505,4.5349998474121,811,TRUE,112242431,'2nd 06:05 : 3pt jump shot (outside right) made by Maren McKenna(Wyoming),5254229,561233,560900,2024-04-01,Wyoming Cowgirls,561233,Wyoming,2024-04-02
5.86559978485107,37.91499996185305,428,FALSE,112242778,'3rd 09:47 : 2pt pull up jump shot (inside left) missed by Amaya Battle(Minnesota),5254229,561233,560900,2024-04-01,Minnesota Golden Gophers,560900,Minnesota,2024-04-02
18.33,34.2550001144409,428,FALSE,112242790,'3rd 09:15 : 2pt jump shot (inside left) missed by Amaya Battle(Minnesota),5254229,561233,560900,2024-04-01,Minnesota Golden Gophers,560900,Minnesota,2024-04-02
23.61280258178708,39.689998626709,811,FALSE,112242793,'3rd 09:03 : 3pt jump shot (outside left) missed by Tess Barnes(Wyoming),5254229,561233,560900,2024-04-01,Wyoming Cowgirls,561233,Wyoming,2024-04-02
27.128400573730502,15.88500022888185,811,FALSE,112242799,'3rd 08:24 : 3pt jump shot (off turnover) (outside right) missed by Malene Pedersen(Wyoming),5254229,561233,560900,2024-04-01,Wyoming Cowgirls,561233,Wyoming,2024-04-02
7.773796844482419,26.5900001525879,811,FALSE,112242804,'3rd 08:06 : 2pt driving layup (2nd chance;off turnover) (under the basket) missed by Tess Barnes(Wyoming),5254229,561233,560900,2024-04-01,Wyoming Cowgirls,561233,Wyoming,2024-04-02
19.796397705078064,33.20999908447265,811,TRUE,112242811,'3rd 07:31 : 2pt pull up jump shot (off turnover) (inside left) made by Emily Mellema(Wyoming) 29-27',5254229,561233,560900,2024-04-01,Wyoming Cowgirls,561233,Wyoming,2024-04-02
10.84759996414182,11.01499938964845,811,FALSE,112242386,'2nd 09:48 : 2pt pull up jump shot (inside right) missed by Maren McKenna(Wyoming),5254229,561233,560900,2024-04-01,Wyoming Cowgirls,561233,Wyoming,2024-04-02
22.43780258178708,33.3499984741211,428,TRUE,112242143,'1st 04:46 : 2pt pull up jump shot (2nd chance;off turnover) (inside left) made by Janay Sanders(Minnesota) 7-4',5254229,561233,560900,2024-04-01,Minnesota Golden Gophers,560900,Minnesota,2024-04-02
8.948800430297851,22.42499923706055,811,FALSE,112242148,'1st 04:25 : 2pt hook shot (in the paint) missed by Marta Savic(Wyoming),5254229,561233,560900,2024-04-01,Wyoming Cowgirls,561233,Wyoming,2024-04-02
9.089798278808573,28.2800006866455,428,FALSE,112242150,'1st 04:17 : 2pt driving layup (in the paint) missed by Janay Sanders(Minnesota),5254229,561233,560900,2024-04-01,Minnesota Golden Gophers,560900,Minnesota,2024-04-02
8.798399677276615,21.86000061035155,811,FALSE,112242211,'1st 03:48 : 2pt layup (in the paint) missed by Malene Pedersen(Wyoming),5254229,561233,560900,2024-04-01,Wyoming Cowgirls,561233,Wyoming,2024-04-02
5.71520172119142,33.20999908447265,428,FALSE,112242218,'1st 03:32 : 2pt pull up jump shot (inside left) missed by Amaya Battle(Minnesota),5254229,561233,560900,2024-04-01,Minnesota Golden Gophers,560900,Minnesota,2024-04-02
5.86559978485107,22.42499923706055,811,FALSE,112242223,'1st 03:12 : 2pt hook shot (under the basket) missed by Allyson Fertig(Wyoming),5254229,561233,560900,2024-04-01,Wyoming Cowgirls,561233,Wyoming,2024-04-02
9.531599426269494,24.0550003051758,428,FALSE,112242230,'1st 02:48 : 2pt driving layup (under the basket) missed by Amaya Battle(Minnesota),5254229,561233,560900,2024-04-01,Minnesota Golden Gophers,560900,Minnesota,2024-04-02
6.0160000896453845,27.20999908447265,811,TRUE,112242239,'1st 02:34 : 2pt driving layup (under the basket) made by McKinley Dickerson(Wyoming) 7-6',5254229,561233,560900,2024-04-01,Wyoming Cowgirls,561233,Wyoming,2024-04-02
13.19760086059567,29.54999923706055,428,TRUE,112242271,'1st 02:14 : 2pt hook shot (in the paint) made by Niamya Holloway(Minnesota) 9-7',5254229,561233,560900,2024-04-01,Minnesota Golden Gophers,560900,Minnesota,2024-04-02
8.64799713134768,21.8050003051758,428,FALSE,112242286,'1st 01:44 : 2pt layup (off turnover;blocked) (in the paint) missed by Grace Grocholski(Minnesota),5254229,561233,560900,2024-04-01,Minnesota Golden Gophers,560900,Minnesota,2024-04-02
26.98739913940433,14.899999618530252,811,TRUE,112242830,'3rd 06:47 : 3pt jump shot (outside right) made by Malene Pedersen(Wyoming),5254229,561233,560900,2024-04-01,Wyoming Cowgirls,561233,Wyoming,2024-04-02
6.598796844482422,22.22500038146975,811,TRUE,112242855,'3rd 06:05 : 2pt hook shot (off turnover) (under the basket) made by Allyson Fertig(Wyoming) 29-32',5254229,561233,560900,2024-04-01,Wyoming Cowgirls,561233,Wyoming,2024-04-02
22.28739913940434,41.4350004196167,428,TRUE,112242858,'3rd 05:49 : 3pt jump shot (outside left) made by Maggie Czinano(Minnesota),5254229,561233,560900,2024-04-01,Minnesota Golden Gophers,560900,Minnesota,2024-04-02
10.55619956970212,21.01499938964845,428,FALSE,112242889,'3rd 05:10 : 2pt hook shot (blocked) (in the paint) missed by Niamya Holloway(Minnesota),5254229,561233,560900,2024-04-01,Minnesota Golden Gophers,560900,Minnesota,2024-04-02
10.114400215148892,28.3400001525879,428,FALSE,112242892,'3rd 04:59 : 2pt pull up jump shot (2nd chance) (in the paint) missed by Amaya Battle(Minnesota),5254229,561233,560900,2024-04-01,Minnesota Golden Gophers,560900,Minnesota,2024-04-02
6.0160000896453845,28.47999954223635,428,TRUE,112242899,'3rd 04:39 : 2pt driving layup (off turnover;fast break) (under the basket) made by Mallory Heyer(Minnesota) 34-33',5254229,561233,560900,2024-04-01,Minnesota Golden Gophers,560900,Minnesota,2024-04-02
6.44840057373051,23.77499961853025,811,TRUE,112242909,'3rd 04:25 : 2pt layup (under the basket) made by Allyson Fertig(Wyoming),5254229,561233,560900,2024-04-01,Wyoming Cowgirls,561233,Wyoming,2024-04-02
27.128400573730502,14.95999908447265,428,FALSE,112242950,'3rd 04:14 : 3pt jump shot (outside right) missed by Mallory Heyer(Minnesota),5254229,561233,560900,2024-04-01,Minnesota Golden Gophers,560900,Minnesota,2024-04-02
20.087802581787088,4.619999885559082,811,TRUE,112242952,'3rd 04:00 : 3pt jump shot (outside right) made by Tess Barnes(Wyoming),5254229,561233,560900,2024-04-01,Wyoming Cowgirls,561233,Wyoming,2024-04-02
25.370599784851105,26.22500038146975,428,FALSE,112242957,'3rd 03:38 : 2pt pull up jump shot (inside center) missed by Amaya Battle(Minnesota),5254229,561233,560900,2024-04-01,Minnesota Golden Gophers,560900,Minnesota,2024-04-02
6.448400125503536,22.8449993133545,811,FALSE,112242036,'1st 06:22 : 2pt jump shot (blocked) (under the basket) missed by Allyson Fertig(Wyoming),5254229,561233,560900,2024-04-01,Wyoming Cowgirls,561233,Wyoming,2024-04-02
7.773796844482419,26.45000076293945,811,TRUE,112242970,'3rd 03:24 : 2pt hook shot (under the basket) made by Marta Savic(Wyoming),5254229,561233,560900,2024-04-01,Wyoming Cowgirls,561233,Wyoming,2024-04-02
19.213600502014145,26.5049991607666,428,TRUE,112242972,'3rd 02:53 : 2pt pull up jump shot (in the paint) made by Amaya Battle(Minnesota) 36-40',5254229,561233,560900,2024-04-01,Minnesota Golden Gophers,560900,Minnesota,2024-04-02
17.01399856567383,3.9149999618530273,811,FALSE,112242973,'3rd 02:32 : 3pt jump shot (outside right) missed by McKinley Dickerson(Wyoming),5254229,561233,560900,2024-04-01,Wyoming Cowgirls,561233,Wyoming,2024-04-02
21.41320064544677,16.79000091552735,428,FALSE,112242983,'3rd 02:21 : 2pt pull up jump shot (inside right) missed by Amaya Battle(Minnesota),5254229,561233,560900,2024-04-01,Minnesota Golden Gophers,560900,Minnesota,2024-04-02
18.17959655761716,30.39500045776365,811,FALSE,112242985,'3rd 02:03 : 2pt pull up jump shot (in the paint) missed by Maren McKenna(Wyoming),5254229,561233,560900,2024-04-01,Wyoming Cowgirls,561233,Wyoming,2024-04-02
13.930799713134748,46.78999996185303,811,FALSE,112242066,'1st 05:54 : 3pt jump shot (off turnover) (outside left) missed by Malene Pedersen(Wyoming),5254229,561233,560900,2024-04-01,Wyoming Cowgirls,561233,Wyoming,2024-04-02
11.43979827880858,27.7199993133545,428,FALSE,112242138,'1st 04:54 : 2pt jump shot (off turnover) (in the paint) missed by Grace Grocholski(Minnesota),5254229,561233,560900,2024-04-01,Minnesota Golden Gophers,560900,Minnesota,2024-04-02
30.06119956970212,23.27000045776365,657,FALSE,112243289,'2nd 06:34 : 3pt pull up jump shot (outside center) missed by McKenzie Forbes(Southern California),5254215,561101,560694,2024-04-01,Southern California Trojans,561101,Southern California,2024-04-02
23.46239913940434,40.95999908447265,164,TRUE,112243293,'2nd 06:17 : 3pt jump shot (outside left) made by Qadence Samuels(UConn),5254215,561101,560694,2024-04-01,UConn Huskies,560694,UConn,2024-04-02
32.41119956970212,22.13999938964845,657,TRUE,112243318,'2nd 06:01 : 3pt jump shot (outside center) made by JuJu Watkins(Southern California),5254215,561101,560694,2024-04-01,Southern California Trojans,561101,Southern California,2024-04-02
7.77380043029785,25.6599998474121,657,FALSE,112243342,'2nd 05:24 : 2pt driving layup (under the basket) missed by Kaitlyn Davis(Southern California) 26-22',5254215,561101,560694,2024-04-01,Southern California Trojans,561101,Southern California,2024-04-02
5.865597991943346,27.01499938964845,164,FALSE,112243344,'2nd 05:10 : 2pt driving layup (blocked) (under the basket) missed by KK Arnold(UConn),5254215,561101,560694,2024-04-01,UConn Huskies,560694,UConn,2024-04-02
29.920201721191415,18.70499992370605,657,FALSE,112243501,'3rd 07:46 : 3pt jump shot (outside center) missed by McKenzie Forbes(Southern California),5254215,561101,560694,2024-04-01,Southern California Trojans,561101,Southern California,2024-04-02
6.0160000896453845,22.8449993133545,164,TRUE,112243503,'3rd 07:26 : 2pt driving layup (under the basket) made by Aaliyah Edwards(UConn) 41-33',5254215,561101,560694,2024-04-01,UConn Huskies,560694,UConn,2024-04-02
23.171001434326172,41.6599998474121,657,TRUE,112243504,'3rd 07:15 : 3pt jump shot (outside left) made by McKenzie Forbes(Southern California) 41-36',5254215,561101,560694,2024-04-01,Southern California Trojans,561101,Southern California,2024-04-02
13.780399856567374,24.2549991607666,164,FALSE,112243505,'3rd 06:58 : 2pt pull up jump shot (in the paint) missed by Paige Bueckers(UConn),5254215,561101,560694,2024-04-01,UConn Huskies,560694,UConn,2024-04-02
21.704596557617165,21.23999977111815,657,FALSE,112243518,'3rd 06:15 : 2pt pull up jump shot (inside center) missed by Kayla Padilla(Southern California),5254215,561101,560694,2024-04-01,Southern California Trojans,561101,Southern California,2024-04-02
25.52099964141848,40.875,164,FALSE,112243520,'3rd 06:01 : 3pt jump shot (outside left) missed by KK Arnold(UConn) 43-37',5254215,561101,560694,2024-04-01,UConn Huskies,560694,UConn,2024-04-02
14.814402008056677,18.98500061035155,657,FALSE,112243522,'3rd 05:48 : 2pt floating jump shot (inside right) missed by McKenzie Forbes(Southern California),5254215,561101,560694,2024-04-01,Southern California Trojans,561101,Southern California,2024-04-02
6.448400125503536,22.2800006866455,164,TRUE,112243524,'3rd 05:31 : 2pt driving layup (under the basket) made by Paige Bueckers(UConn) 45-37',5254215,561101,560694,2024-04-01,UConn Huskies,560694,UConn,2024-04-02
25.52100143432617,38.84500122070315,657,TRUE,112243525,'3rd 05:18 : 3pt jump shot (outside left) made by McKenzie Forbes(Southern California),5254215,561101,560694,2024-04-01,Southern California Trojans,561101,Southern California,2024-04-02
11.148400573730498,29.82999992370605,657,FALSE,112243533,'3rd 04:46 : 2pt floating jump shot (in the paint) missed by JuJu Watkins(Southern California),5254215,561101,560694,2024-04-01,Southern California Trojans,561101,Southern California,2024-04-02
26.686599426269495,35.9449996948242,164,TRUE,112243535,'3rd 04:31 : 3pt pull up jump shot (outside left) made by Ashlynn Shade(UConn) 50-40',5254215,561101,560694,2024-04-01,UConn Huskies,560694,UConn,2024-04-02
6.0160000896453845,22.70499992370605,164,TRUE,112243541,'3rd 04:14 : 2pt driving layup (off turnover;fast break) (under the basket) made by Paige Bueckers(UConn) 52-40',5254215,561101,560694,2024-04-01,UConn Huskies,560694,UConn,2024-04-02
15.688602294921822,24.3400001525879,657,FALSE,112243542,'3rd 04:01 : 2pt pull up jump shot (in the paint) missed by JuJu Watkins(Southern California),5254215,561101,560694,2024-04-01,Southern California Trojans,561101,Southern California,2024-04-02
9.822997131347677,25.7450008392334,657,TRUE,112243546,'3rd 03:47 : 2pt floating jump shot (off turnover;fast break) (in the paint) made by JuJu Watkins(Southern California) 52-42',5254215,561101,560694,2024-04-01,Southern California Trojans,561101,Southern California,2024-04-02
27.128400573730502,36.78999996185305,657,FALSE,112242920,'1st 06:58 : 3pt jump shot (outside left) missed by McKenzie Forbes(Southern California),5254215,561101,560694,2024-04-01,Southern California Trojans,561101,Southern California,2024-04-02
9.089798278808573,24.3400001525879,164,TRUE,112242924,'1st 06:12 : 2pt layup (off turnover) (under the basket) made by Aaliyah Edwards(UConn),5254215,561101,560694,2024-04-01,UConn Huskies,560694,UConn,2024-04-02
23.82900035858152,19.89500045776365,657,FALSE,112242933,'1st 05:50 : 2pt pull up jump shot (inside center) missed by McKenzie Forbes(Southern California),5254215,561101,560694,2024-04-01,Southern California Trojans,561101,Southern California,2024-04-02
6.44840057373051,25.4650001525879,164,TRUE,112242935,'1st 05:42 : 2pt driving layup (fast break) (under the basket) made by KK Arnold(UConn) 6-7',5254215,561101,560694,2024-04-01,UConn Huskies,560694,UConn,2024-04-02
22.04300071716313,28.75,657,TRUE,112242946,'1st 05:29 : 2pt pull up jump shot (inside center) made by JuJu Watkins(Southern California) 6-9',5254215,561101,560694,2024-04-01,Southern California Trojans,561101,Southern California,2024-04-02
22.729200286865257,7.3499984741211,657,FALSE,112242848,'1st 09:46 : 3pt jump shot (outside right) missed by Kayla Padilla(Southern California),5254215,561101,560694,2024-04-01,Southern California Trojans,561101,Southern California,2024-04-02
29.036599426269493,32.2800006866455,657,FALSE,112242850,'1st 09:41 : 3pt jump shot (2nd chance) (outside center) missed by McKenzie Forbes(Southern California),5254215,561101,560694,2024-04-01,Southern California Trojans,561101,Southern California,2024-04-02
7.77380043029785,26.79000091552735,657,FALSE,112242862,'1st 09:02 : 2pt driving layup (off turnover;blocked) (under the basket) missed by Kaitlyn Davis(Southern California) 0-0',5254215,561101,560694,2024-04-01,Southern California Trojans,561101,Southern California,2024-04-02
17.446399497985855,32.98500061035155,657,FALSE,112242872,'1st 08:51 : 2pt pull up jump shot (2nd chance;off turnover) (inside left) missed by JuJu Watkins(Southern California),5254215,561101,560694,2024-04-01,Southern California Trojans,561101,Southern California,2024-04-02
6.598799982070919,24.2549991607666,657,TRUE,112242874,'1st 08:48 : 2pt layup (2nd chance;off turnover) (under the basket) made by Rayah Marshall(Southern California) 0-2',5254215,561101,560694,2024-04-01,Southern California Trojans,561101,Southern California,2024-04-02
6.44840057373051,23.20999908447265,164,TRUE,112242877,'1st 08:35 : 2pt layup (under the basket) made by Paige Bueckers(UConn),5254215,561101,560694,2024-04-01,UConn Huskies,560694,UConn,2024-04-02
28.45380043029788,34.39500045776365,657,TRUE,112242881,'1st 08:21 : 3pt jump shot (outside left) made by McKenzie Forbes(Southern California),5254215,561101,560694,2024-04-01,Southern California Trojans,561101,Southern California,2024-04-02
4.98200286865233,47.72000122070315,164,FALSE,112242887,'1st 08:04 : 3pt jump shot (outside left wing) missed by Ashlynn Shade(UConn),5254215,561101,560694,2024-04-01,UConn Huskies,560694,UConn,2024-04-02
11.881600322723433,2.27999877929685,657,FALSE,112242900,'1st 07:54 : 3pt jump shot (outside right) missed by Kayla Padilla(Southern California),5254215,561101,560694,2024-04-01,Southern California Trojans,561101,Southern California,2024-04-02
5.64,25,657,FALSE,112242902,'1st 07:51 : 2pt layup (2nd chance) (under the basket) missed by Rayah Marshall(Southern California),5254215,561101,560694,2024-04-01,Southern California Trojans,561101,Southern California,2024-04-02
9.822997131347677,27.01499938964845,164,FALSE,112242904,'1st 07:40 : 2pt hook shot (in the paint) missed by Aaliyah Edwards(UConn),5254215,561101,560694,2024-04-01,UConn Huskies,560694,UConn,2024-04-02
23.753796844482423,25.60499954223635,164,FALSE,112242918,'1st 07:07 : 2pt jump shot (inside center) missed by Aaliyah Edwards(UConn),5254215,561101,560694,2024-04-01,UConn Huskies,560694,UConn,2024-04-02
25.953400573730505,11.944999694824196,164,FALSE,112243420,'2nd 02:43 : 3pt jump shot (2nd chance) (outside right) missed by Qadence Samuels(UConn),5254215,561101,560694,2024-04-01,UConn Huskies,560694,UConn,2024-04-02
12.172999820709194,32.8449993133545,657,TRUE,112243425,'2nd 02:32 : 2pt step back jump shot (inside left) made by McKenzie Forbes(Southern California) 31-27',5254215,561101,560694,2024-04-01,Southern California Trojans,561101,Southern California,2024-04-02
6.598796844482422,27.1550006866455,164,FALSE,112243431,'2nd 02:07 : 2pt driving layup (blocked) (under the basket) missed by Aaliyah Edwards(UConn),5254215,561101,560694,2024-04-01,UConn Huskies,560694,UConn,2024-04-02
29.478400573730504,30.0300006866455,657,FALSE,112243434,'2nd 01:54 : 3pt jump shot (outside center) missed by McKenzie Forbes(Southern California),5254215,561101,560694,2024-04-01,Southern California Trojans,561101,Southern California,2024-04-02
25.220201721191415,20.5349998474121,164,TRUE,112243436,'2nd 01:33 : 2pt jump shot (inside center) made by Ice Brady(UConn),5254215,561101,560694,2024-04-01,UConn Huskies,560694,UConn,2024-04-02
6.0160000896453845,22.8449993133545,657,TRUE,112243438,'2nd 01:18 : 2pt layup (under the basket) made by Rayah Marshall(Southern California),5254215,561101,560694,2024-04-01,Southern California Trojans,561101,Southern California,2024-04-02
9.484596557617166,19.5349998474121,164,FALSE,112243447,'2nd 00:43.00 : 2pt driving layup (in the paint) missed by Paige Bueckers(UConn) 33-32',5254215,561101,560694,2024-04-01,UConn Huskies,560694,UConn,2024-04-02
5.574199838638304,27.4950008392334,164,FALSE,112243482,'3rd 09:42 : 2pt (under the basket) missed by UConn 33-33',5254215,561101,560694,2024-04-01,UConn Huskies,560694,UConn,2024-04-02
18.17959655761716,28.98500061035155,657,FALSE,112243488,'3rd 09:14 : 2pt jump shot (in the paint) missed by Kaitlyn Davis(Southern California),5254215,561101,560694,2024-04-01,Southern California Trojans,561101,Southern California,2024-04-02
21.262800788879396,23.9699993133545,164,TRUE,112243490,'3rd 08:55 : 2pt pull up jump shot (inside center) made by Ashlynn Shade(UConn),5254215,561101,560694,2024-04-01,UConn Huskies,560694,UConn,2024-04-02
11.731203155517576,19.82999992370605,657,FALSE,112243494,'3rd 08:19 : 2pt floating jump shot (in the paint) missed by JuJu Watkins(Southern California),5254215,561101,560694,2024-04-01,Southern California Trojans,561101,Southern California,2024-04-02
8.798400573730504,48,657,FALSE,112243496,'3rd 08:08 : 3pt jump shot (2nd chance) (outside left) missed by Kayla Padilla(Southern California),5254215,561101,560694,2024-04-01,Southern California Trojans,561101,Southern California,2024-04-02
12.755799713134747,47.63499999046326,164,TRUE,112243498,'3rd 07:59 : 3pt jump shot (outside left) made by Nika Muhl(UConn),5254215,561101,560694,2024-04-01,UConn Huskies,560694,UConn,2024-04-02
6.598796844482422,22.36499977111815,164,TRUE,112243156,'1st 01:08 : 2pt layup (off turnover) (under the basket) made by Aaliyah Edwards(UConn) 15-15',5254215,561101,560694,2024-04-01,UConn Huskies,560694,UConn,2024-04-02
20.55780078887939,14.0349998474121,657,TRUE,112243157,'1st 00:55.90 : 2pt step back jump shot (inside right) made by McKenzie Forbes(Southern California) 15-17',5254215,561101,560694,2024-04-01,Southern California Trojans,561101,Southern California,2024-04-02
9.531600322723431,21.1550006866455,657,FALSE,112243166,'1st 00:02.80 : 2pt driving layup (off turnover;blocked) (in the paint) missed by McKenzie Forbes(Southern California),5254215,561101,560694,2024-04-01,Southern California Trojans,561101,Southern California,2024-04-02
27.720597991943336,35.60499954223635,164,FALSE,112243216,'2nd 09:50 : 3pt jump shot (outside left) missed by Qadence Samuels(UConn),5254215,561101,560694,2024-04-01,UConn Huskies,560694,UConn,2024-04-02
23.61280258178708,15.88500022888185,164,FALSE,112243222,'2nd 09:37 : 2pt pull up jump shot (2nd chance) (inside right) missed by Paige Bueckers(UConn),5254215,561101,560694,2024-04-01,UConn Huskies,560694,UConn,2024-04-02
6.58,19.4650001525879,657,FALSE,112243227,'2nd 09:18 : 2pt layup (blocked) (in the paint) missed by Rayah Marshall(Southern California) 17-19',5254215,561101,560694,2024-04-01,Southern California Trojans,561101,Southern California,2024-04-02
5.86559978485107,42,657,FALSE,112243231,'2nd 09:15 : 2pt jump shot (2nd chance) (inside left) missed by Kayla Padilla(Southern California),5254215,561101,560694,2024-04-01,Southern California Trojans,561101,Southern California,2024-04-02
5.64,25,657,FALSE,112243234,'2nd 09:12 : 2pt layup (2nd chance) (under the basket) missed by Kaitlyn Davis(Southern California),5254215,561101,560694,2024-04-01,Southern California Trojans,561101,Southern California,2024-04-02
13.19760086059567,13.63500022888185,164,TRUE,112243237,'2nd 09:07 : 2pt pull up jump shot (fast break) (inside right) made by Nika Muhl(UConn),5254215,561101,560694,2024-04-01,UConn Huskies,560694,UConn,2024-04-02
15.98,24.8150005340576,657,FALSE,112243239,'2nd 08:45 : 2pt (in the paint) missed by Rayah Marshall(Southern California) 17-17',5254215,561101,560694,2024-04-01,Southern California Trojans,561101,Southern California,2024-04-02
6.157000179290768,23.9699993133545,657,TRUE,112243242,'2nd 08:42 : 2pt layup (under the basket) made by Kaitlyn Davis(Southern California),5254215,561101,560694,2024-04-01,Southern California Trojans,561101,Southern California,2024-04-02
5.320403442382826,7.1050000190735005,164,FALSE,112243247,'2nd 08:20 : 2pt jump shot (inside right wing) missed by Nika Muhl(UConn),5254215,561101,560694,2024-04-01,UConn Huskies,560694,UConn,2024-04-02
5.320403442382826,2.815000057220459,164,TRUE,112243251,'2nd 07:52 : 3pt jump shot (off turnover) (outside right wing) made by Paige Bueckers(UConn) 25-19',5254215,561101,560694,2024-04-01,UConn Huskies,560694,UConn,2024-04-02
10.114400215148892,24.8150005340576,657,FALSE,112243271,'2nd 07:09 : 2pt layup (in the paint) missed by Kaitlyn Davis(Southern California) 21-19',5254215,561101,560694,2024-04-01,Southern California Trojans,561101,Southern California,2024-04-02
7.623400573730507,24.3400001525879,164,TRUE,112243275,'2nd 07:00 : 2pt driving layup (under the basket) made by KK Arnold(UConn),5254215,561101,560694,2024-04-01,UConn Huskies,560694,UConn,2024-04-02
28.594800071716264,14.95999908447265,657,TRUE,112243371,'2nd 04:40 : 3pt pull up jump shot (outside right) made by JuJu Watkins(Southern California) 26-25',5254215,561101,560694,2024-04-01,Southern California Trojans,561101,Southern California,2024-04-02
23.171001434326172,26.8199996948242,164,TRUE,112243372,'2nd 04:24 : 2pt pull up jump shot (inside center) made by Paige Bueckers(UConn) 28-25',5254215,561101,560694,2024-04-01,UConn Huskies,560694,UConn,2024-04-02
23.020599784851107,43.4099998474121,657,FALSE,112243388,'2nd 04:15 : 3pt jump shot (outside left) missed by McKenzie Forbes(Southern California),5254215,561101,560694,2024-04-01,Southern California Trojans,561101,Southern California,2024-04-02
5.64,25,657,FALSE,112243391,'2nd 04:10 : 2pt layup (2nd chance) (under the basket) missed by JuJu Watkins(Southern California),5254215,561101,560694,2024-04-01,Southern California Trojans,561101,Southern California,2024-04-02
29.76980007171626,18.6200008392334,657,FALSE,112243397,'2nd 03:52 : 3pt jump shot (2nd chance) (outside center) missed by Kayla Padilla(Southern California),5254215,561101,560694,2024-04-01,Southern California Trojans,561101,Southern California,2024-04-02
22.578796844482422,6.875,164,TRUE,112243403,'2nd 03:28 : 3pt pull up jump shot (outside right) made by Paige Bueckers(UConn),5254215,561101,560694,2024-04-01,UConn Huskies,560694,UConn,2024-04-02
24.787800788879395,24.5349998474121,657,FALSE,112243406,'2nd 03:17 : 2pt pull up jump shot (inside center) missed by JuJu Watkins(Southern California),5254215,561101,560694,2024-04-01,Southern California Trojans,561101,Southern California,2024-04-02
18.33,14.619999885559103,164,FALSE,112243417,'2nd 02:52 : 2pt pull up jump shot (inside right) missed by Paige Bueckers(UConn),5254215,561101,560694,2024-04-01,UConn Huskies,560694,UConn,2024-04-02
7.623400573730507,22.79000091552735,657,FALSE,112243555,'3rd 03:08 : 2pt driving layup (off turnover;blocked) (under the basket) missed by JuJu Watkins(Southern California),5254215,561101,560694,2024-04-01,Southern California Trojans,561101,Southern California,2024-04-02
15.54760086059566,31.01499938964845,164,FALSE,112243562,'3rd 02:50 : 2pt pull up jump shot (inside left) missed by Ashlynn Shade(UConn),5254215,561101,560694,2024-04-01,UConn Huskies,560694,UConn,2024-04-02
30.061203155517575,36.45000076293945,657,FALSE,112243564,'3rd 02:44 : 3pt pull up jump shot (outside left) missed by JuJu Watkins(Southern California),5254215,561101,560694,2024-04-01,Southern California Trojans,561101,Southern California,2024-04-02
19.946799354553228,28.6200008392334,164,FALSE,112243568,'3rd 02:14 : 2pt pull up jump shot (in the paint) missed by Aaliyah Edwards(UConn),5254215,561101,560694,2024-04-01,UConn Huskies,560694,UConn,2024-04-02
24.48700286865234,29.125,657,FALSE,112243570,'3rd 02:08 : 2pt pull up jump shot (inside center) missed by JuJu Watkins(Southern California),5254215,561101,560694,2024-04-01,Southern California Trojans,561101,Southern California,2024-04-02
16.572199211120605,29.4650001525879,164,FALSE,112243572,'3rd 01:39 : 2pt pull up jump shot (in the paint) missed by Paige Bueckers(UConn) 52-45',5254215,561101,560694,2024-04-01,UConn Huskies,560694,UConn,2024-04-02
21.413198852539097,42.6500015258789,657,FALSE,112243577,'3rd 01:08 : 3pt jump shot (off turnover) (outside left) missed by McKenzie Forbes(Southern California),5254215,561101,560694,2024-04-01,Southern California Trojans,561101,Southern California,2024-04-02
9.822999820709192,23.54999923706055,164,FALSE,112243579,'3rd 00:51.60 : 2pt hook shot (blocked) (in the paint) missed by Aaliyah Edwards(UConn),5254215,561101,560694,2024-04-01,UConn Huskies,560694,UConn,2024-04-02
20.642399139404333,43.9550018310547,657,TRUE,112243581,'3rd 00:44.90 : 3pt jump shot (fast break) (outside left) made by Taylor Bigby(Southern California) 59-59',5254215,561101,560694,2024-04-01,Southern California Trojans,561101,Southern California,2024-04-02
4.982000179290768,48.05499994754791,164,TRUE,112243589,'3rd 00:15.20 : 3pt jump shot (outside left wing) made by Ice Brady(UConn),5254215,561101,560694,2024-04-01,UConn Huskies,560694,UConn,2024-04-02
12.464402008056666,47.72000122070315,657,TRUE,112243591,'3rd 00:00.70 : 3pt jump shot (outside left) made by Kayla Padilla(Southern California),5254215,561101,560694,2024-04-01,Southern California Trojans,561101,Southern California,2024-04-02
6.749199838638304,23.82999992370605,164,FALSE,112243603,'4th 09:47 : 2pt driving layup (off turnover;fast break) (under the basket) missed by Paige Bueckers(UConn) 55-51',5254215,561101,560694,2024-04-01,UConn Huskies,560694,UConn,2024-04-02
6.598799982070919,22.8449993133545,164,TRUE,112243605,'4th 09:27 : 2pt driving layup (2nd chance;off turnover) (under the basket) made by Aaliyah Edwards(UConn),5254215,561101,560694,2024-04-01,UConn Huskies,560694,UConn,2024-04-02
5.865597991943346,22.36499977111815,657,TRUE,112243612,'4th 09:08 : 2pt layup (under the basket) made by JuJu Watkins(Southern California),5254215,561101,560694,2024-04-01,Southern California Trojans,561101,Southern California,2024-04-02
24.34600143432617,43.49499893188475,657,FALSE,112243622,'4th 08:42 : 3pt pull up jump shot (outside left) missed by McKenzie Forbes(Southern California),5254215,561101,560694,2024-04-01,Southern California Trojans,561101,Southern California,2024-04-02
19.505,36.78999996185305,164,FALSE,112243624,'4th 08:18 : 2pt pull up jump shot (inside left) missed by Ashlynn Shade(UConn),5254215,561101,560694,2024-04-01,UConn Huskies,560694,UConn,2024-04-02
5.771599426269489,26.8199996948242,657,TRUE,112243626,'4th 08:09 : 2pt driving layup (under the basket) made by JuJu Watkins(Southern California) 59-56',5254215,561101,560694,2024-04-01,Southern California Trojans,561101,Southern California,2024-04-02
8.356600322723386,23.125,164,FALSE,112243627,'4th 07:41 : 2pt layup (under the basket) missed by Aaliyah Edwards(UConn),5254215,561101,560694,2024-04-01,UConn Huskies,560694,UConn,2024-04-02
28.74520172119142,36.875,657,TRUE,112243629,'4th 07:32 : 3pt jump shot (outside left) made by McKenzie Forbes(Southern California),5254215,561101,560694,2024-04-01,Southern California Trojans,561101,Southern California,2024-04-02
12.464400215148892,26.64999961853025,164,FALSE,112243634,'4th 07:06 : 2pt turnaround jump shot (in the paint) missed by Ice Brady(UConn),5254215,561101,560694,2024-04-01,UConn Huskies,560694,UConn,2024-04-02
16.42180114746091,18.70499992370605,657,FALSE,112243636,'4th 06:55 : 2pt pull up jump shot (blocked) (inside right) missed by JuJu Watkins(Southern California),5254215,561101,560694,2024-04-01,Southern California Trojans,561101,Southern California,2024-04-02
4.841000089645384,35.3800001144409,164,TRUE,112243639,'4th 06:27 : 2pt jump shot (inside left) made by Ice Brady(UConn),5254215,561101,560694,2024-04-01,UConn Huskies,560694,UConn,2024-04-02
21.845597991943336,7.434999942779548,657,FALSE,112243641,'4th 06:08 : 3pt jump shot (outside right) missed by Kayla Padilla(Southern California),5254215,561101,560694,2024-04-01,Southern California Trojans,561101,Southern California,2024-04-02
5.86559978485107,26.79000091552735,164,TRUE,112243643,'4th 05:48 : 2pt driving layup (under the basket) made by Aaliyah Edwards(UConn) 63-59',5254215,561101,560694,2024-04-01,UConn Huskies,560694,UConn,2024-04-02
23.76319885253909,20.6800003051758,657,FALSE,112243644,'4th 05:34 : 2pt pull up jump shot (inside center) missed by JuJu Watkins(Southern California),5254215,561101,560694,2024-04-01,Southern California Trojans,561101,Southern California,2024-04-02
13.047200107574447,16.2249984741211,657,TRUE,112242964,'1st 04:55 : 2pt pull up jump shot (off turnover) (inside right) made by JuJu Watkins(Southern California) 6-11',5254215,561101,560694,2024-04-01,Southern California Trojans,561101,Southern California,2024-04-02
25.662002868652337,23.91500091552735,164,FALSE,112242997,'1st 04:44 : 2pt jump shot (inside center) missed by Paige Bueckers(UConn),5254215,561101,560694,2024-04-01,UConn Huskies,560694,UConn,2024-04-02
11.881599426269489,9.9700002670288,164,FALSE,112243001,'1st 04:40 : 2pt jump shot (2nd chance) (inside right) missed by Ashlynn Shade(UConn),5254215,561101,560694,2024-04-01,UConn Huskies,560694,UConn,2024-04-02
28.88619956970212,35.3800001144409,657,FALSE,112243004,'1st 04:32 : 3pt pull up jump shot (outside left) missed by JuJu Watkins(Southern California) 6-12',5254215,561101,560694,2024-04-01,Southern California Trojans,561101,Southern California,2024-04-02
21.996001434326175,7.574999809265151,164,FALSE,112243028,'1st 04:23 : 3pt jump shot (outside right) missed by Nika Muhl(UConn),5254215,561101,560694,2024-04-01,UConn Huskies,560694,UConn,2024-04-02
26.103796844482417,37.86000061035155,164,FALSE,112243034,'1st 04:05 : 3pt jump shot (2nd chance) (outside left) missed by Paige Bueckers(UConn),5254215,561101,560694,2024-04-01,UConn Huskies,560694,UConn,2024-04-02
6.749200286865246,26.17000007629395,164,FALSE,112243036,'1st 04:01 : 2pt layup (2nd chance) (under the basket) missed by Nika Muhl(UConn),5254215,561101,560694,2024-04-01,UConn Huskies,560694,UConn,2024-04-02
7.482400035858152,20.5900001525879,657,TRUE,112243038,'1st 03:53 : 2pt driving layup (fast break) (in the paint) made by McKenzie Forbes(Southern California) 6-14',5254215,561101,560694,2024-04-01,Southern California Trojans,561101,Southern California,2024-04-02
7.332000179290768,20.3099994659424,657,FALSE,112243070,'1st 03:28 : 2pt driving layup (off turnover) (in the paint) missed by McKenzie Forbes(Southern California),5254215,561101,560694,2024-04-01,Southern California Trojans,561101,Southern California,2024-04-02
6.157002868652327,23.0699996948242,164,TRUE,112243072,'1st 03:22 : 2pt driving layup (fast break) (under the basket) made by Paige Bueckers(UConn) 8-15',5254215,561101,560694,2024-04-01,UConn Huskies,560694,UConn,2024-04-02
6.307399139404339,22.64999961853025,164,TRUE,112243087,'1st 03:02 : 2pt layup (off turnover) (under the basket) made by Aaliyah Edwards(UConn),5254215,561101,560694,2024-04-01,UConn Huskies,560694,UConn,2024-04-02
31.81899856567383,26.17000007629395,164,FALSE,112243096,'1st 02:10 : 3pt jump shot (off turnover) (outside center) missed by Paige Bueckers(UConn),5254215,561101,560694,2024-04-01,UConn Huskies,560694,UConn,2024-04-02
9.682000179290808,42,657,FALSE,112243122,'1st 01:33 : 2pt jump shot (inside left) missed by Rayah Marshall(Southern California),5254215,561101,560694,2024-04-01,Southern California Trojans,561101,Southern California,2024-04-02
