Half,Clock,Play,Score,game_id,home_id,away_id,game_date
2,01:18,3pt jump shot (outside right) made by Alijah Martin(FAU),62 - 70,5252669,560901,560983,2024-03-16
2,01:39,"2pt hook shot (in the paint) missed by CJ Noland(UNT), rebound defensive Bryan Greenlee(FAU)",62 - 67,5252669,560901,560983,2024-03-16
2,01:46,Substitution FAU: in Bryan Greenlee,62 - 67,5252669,560901,560983,2024-03-16
2,01:46,Substitution FAU: out Nick Boyd,62 - 67,5252669,560901,560983,2024-03-16
2,01:46,Timeout full UNT,62 - 67,5252669,560901,560983,2024-03-16
2,01:55,2pt jump shot (inside right) made by Johnell Davis(FAU),62 - 67,5252669,560901,560983,2024-03-16
2,02:12,Jump ball held ball FAU,62 - 65,5252669,560901,560983,2024-03-16
2,02:15,"2pt driving layup (under the basket) missed by Jason Edwards(UNT), rebound defensive Vladislav Goldin(FAU)",62 - 65,5252669,560901,560983,2024-03-16
2,02:28,Jump ball held ball UNT,62 - 65,5252669,560901,560983,2024-03-16
2,02:31,"Free throw 1 of 1 missed by CJ Noland(UNT), rebound offensive Jason Edwards(UNT), rebound offensive Robert Allen(UNT)",62 - 65,5252669,560901,560983,2024-03-16
2,02:31,Foul personal (one and one) (in the paint) Brandon Weatherspoon(FAU),62 - 65,5252669,560901,560983,2024-03-16
2,02:42,Free throw 1 of 1 (2nd chance) made by Vladislav Goldin(FAU),62 - 65,5252669,560901,560983,2024-03-16
2,02:42,Substitution UNT: in John Buggs III,62 - 64,5252669,560901,560983,2024-03-16
2,02:42,Substitution UNT: out Rubin Jones,62 - 64,5252669,560901,560983,2024-03-16
2,02:42,Foul personal (shooting;1 free throw) (under the basket) Rubin Jones(UNT),62 - 64,5252669,560901,560983,2024-03-16
2,02:42,2pt layup (2nd chance) (under the basket) made by Vladislav Goldin(FAU),62 - 64,5252669,560901,560983,2024-03-16
2,02:44,"2pt hook shot (in the paint) missed by Vladislav Goldin(FAU), rebound offensive Vladislav Goldin(FAU)",62 - 62,5252669,560901,560983,2024-03-16
2,03:09,"2pt driving layup (off turnover) (under the basket) made by Rubin Jones(UNT), assist CJ Noland(UNT)",62 - 62,5252669,560901,560983,2024-03-16
2,03:32,"Turnover lost ball (inside right) Vladislav Goldin(FAU), steal Rubin Jones(UNT)",60 - 62,5252669,560901,560983,2024-03-16
2,03:48,Free throw 2 of 2 made by Aaron Scott(UNT),60 - 62,5252669,560901,560983,2024-03-16
2,03:48,Free throw 1 of 2 made by Aaron Scott(UNT),59 - 62,5252669,560901,560983,2024-03-16
2,03:48,Substitution UNT: in Rubin Jones,58 - 62,5252669,560901,560983,2024-03-16
2,03:48,Substitution UNT: out John Buggs III,58 - 62,5252669,560901,560983,2024-03-16
2,03:48,Timeout commercial,58 - 62,5252669,560901,560983,2024-03-16
2,03:48,Foul personal (one and one) (in the paint) Nick Boyd(FAU),58 - 62,5252669,560901,560983,2024-03-16
2,04:08,2pt driving layup (under the basket) made by Johnell Davis(FAU),58 - 62,5252669,560901,560983,2024-03-16
2,04:23,"2pt turnaround jump shot (inside left) missed by Aaron Scott(UNT), rebound defensive Vladislav Goldin(FAU)",58 - 60,5252669,560901,560983,2024-03-16
2,04:56,2pt layup (2nd chance) (in the paint) made by Nick Boyd(FAU),58 - 60,5252669,560901,560983,2024-03-16
2,05:01,2pt dunk (2nd chance) (under the basket) missed by Vladislav Goldin(FAU),58 - 60,5252669,560901,560983,2024-03-16
2,05:04,"2pt driving layup (under the basket) missed by Nick Boyd(FAU), rebound offensive Vladislav Goldin(FAU)",58 - 58,5252669,560901,560983,2024-03-16
2,05:11,"2pt floating jump shot (in the paint) missed by CJ Noland(UNT), rebound defensive Vladislav Goldin(FAU)",58 - 58,5252669,560901,560983,2024-03-16
2,05:24,Substitution FAU: in Nick Boyd,58 - 58,5252669,560901,560983,2024-03-16
2,05:24,Substitution FAU: out Jalen Gaffney,58 - 58,5252669,560901,560983,2024-03-16
2,05:24,Timeout commercial,58 - 58,5252669,560901,560983,2024-03-16
2,05:24,Timeout short UNT,58 - 58,5252669,560901,560983,2024-03-16
2,05:36,2pt driving layup (fast break) (under the basket) made by Alijah Martin(FAU),58 - 58,5252669,560901,560983,2024-03-16
2,05:45,"3pt jump shot (2nd chance) (outside center) missed by Jason Edwards(UNT), rebound defensive Brandon Weatherspoon(FAU)",58 - 56,5252669,560901,560983,2024-03-16
2,06:03,"3pt jump shot (outside left wing) missed by Jason Edwards(UNT), rebound offensive CJ Noland(UNT)",58 - 56,5252669,560901,560983,2024-03-16
2,06:21,Free throw 2 of 2 made by Vladislav Goldin(FAU),58 - 56,5252669,560901,560983,2024-03-16
2,06:21,"Free throw 1 of 2 missed by Vladislav Goldin(FAU), rebound offensive dead ball FAU",58 - 55,5252669,560901,560983,2024-03-16
2,06:21,Foul personal (shooting;2 free throws) (in the paint) CJ Noland(UNT),58 - 55,5252669,560901,560983,2024-03-16
2,06:33,2pt driving layup (under the basket) made by Jason Edwards(UNT),58 - 55,5252669,560901,560983,2024-03-16
2,06:48,"2pt layup (under the basket) made by Vladislav Goldin(FAU), assist Jalen Gaffney(FAU)",56 - 55,5252669,560901,560983,2024-03-16
2,07:02,Free throw 2 of 2 made by Jason Edwards(UNT),56 - 53,5252669,560901,560983,2024-03-16
2,07:02,"Free throw 1 of 2 missed by Jason Edwards(UNT), rebound offensive dead ball UNT",55 - 53,5252669,560901,560983,2024-03-16
2,07:02,Timeout commercial,55 - 53,5252669,560901,560983,2024-03-16
2,07:02,Foul personal (shooting;2 free throws) (under the basket) Vladislav Goldin(FAU),55 - 53,5252669,560901,560983,2024-03-16
2,07:39,"2pt layup (under the basket) made by Johnell Davis(FAU), assist Brandon Weatherspoon(FAU)",55 - 53,5252669,560901,560983,2024-03-16
2,07:57,2pt hook shot (in the paint) made by Aaron Scott(UNT),55 - 51,5252669,560901,560983,2024-03-16
2,08:15,Free throw 2 of 2 made by Johnell Davis(FAU),53 - 51,5252669,560901,560983,2024-03-16
2,08:15,Substitution UNT: in CJ Noland,53 - 50,5252669,560901,560983,2024-03-16
2,08:15,Substitution UNT: out Rubin Jones,53 - 50,5252669,560901,560983,2024-03-16
2,08:15,Substitution FAU: in Alijah Martin,53 - 50,5252669,560901,560983,2024-03-16
2,08:15,Substitution FAU: out Nick Boyd,53 - 50,5252669,560901,560983,2024-03-16
2,08:15,Free throw 1 of 2 made by Johnell Davis(FAU),53 - 50,5252669,560901,560983,2024-03-16
2,08:15,Foul personal (shooting;2 free throws) (inside left) Rubin Jones(UNT),53 - 49,5252669,560901,560983,2024-03-16
2,08:44,"3pt jump shot (off turnover) (outside right) made by Jason Edwards(UNT), assist Aaron Scott(UNT)",53 - 49,5252669,560901,560983,2024-03-16
2,09:03,Substitution UNT: in Robert Allen,50 - 49,5252669,560901,560983,2024-03-16
2,09:03,Substitution UNT: in Jason Edwards,50 - 49,5252669,560901,560983,2024-03-16
2,09:03,Substitution UNT: out CJ Noland,50 - 49,5252669,560901,560983,2024-03-16
2,09:03,Substitution UNT: out Moulaye Sissoko,50 - 49,5252669,560901,560983,2024-03-16
2,09:03,Turnover out of bounds (inside left wing) Nick Boyd(FAU),50 - 49,5252669,560901,560983,2024-03-16
2,09:17,Turnover travel (in the paint) CJ Noland(UNT),50 - 49,5252669,560901,560983,2024-03-16
2,09:18,"Foul personal (under the basket) Vladislav Goldin(FAU), foul on Moulaye Sissoko(UNT)",50 - 49,5252669,560901,560983,2024-03-16
2,09:21,"3pt jump shot (off turnover) (outside left) missed by John Buggs III(UNT), rebound offensive Moulaye Sissoko(UNT), rebound offensive Aaron Scott(UNT)",50 - 49,5252669,560901,560983,2024-03-16
2,09:49,"Turnover lost ball (in the paint) Johnell Davis(FAU), steal CJ Noland(UNT)",50 - 49,5252669,560901,560983,2024-03-16
2,10:07,"Turnover lost ball CJ Noland(UNT), steal Vladislav Goldin(FAU)",50 - 49,5252669,560901,560983,2024-03-16
2,10:07,Jump ball held ball FAU,50 - 49,5252669,560901,560983,2024-03-16
2,10:24,Free throw 2 of 2 (fast break) made by Nick Boyd(FAU),50 - 49,5252669,560901,560983,2024-03-16
2,10:24,Free throw 1 of 2 (fast break) made by Nick Boyd(FAU),50 - 48,5252669,560901,560983,2024-03-16
2,10:24,Foul personal (shooting;2 free throws) (in the paint) Rubin Jones(UNT),50 - 48,5252669,560901,560983,2024-03-16
2,10:31,2pt jump shot (inside left) missed by John Buggs III(UNT),50 - 47,5252669,560901,560983,2024-03-16
2,10:43,Substitution UNT: in Aaron Scott,50 - 47,5252669,560901,560983,2024-03-16
2,10:43,Substitution UNT: out Jason Edwards,50 - 47,5252669,560901,560983,2024-03-16
2,10:43,Substitution FAU: in Vladislav Goldin,50 - 47,5252669,560901,560983,2024-03-16
2,10:43,Substitution FAU: in Brandon Weatherspoon,50 - 47,5252669,560901,560983,2024-03-16
2,10:43,Substitution FAU: in Jalen Gaffney,50 - 47,5252669,560901,560983,2024-03-16
2,10:43,Substitution FAU: in Johnell Davis,50 - 47,5252669,560901,560983,2024-03-16
2,10:43,Substitution FAU: out Alijah Martin,50 - 47,5252669,560901,560983,2024-03-16
2,10:43,Substitution FAU: out Bryan Greenlee,50 - 47,5252669,560901,560983,2024-03-16
2,10:43,Substitution FAU: out Giancarlo Rosado,50 - 47,5252669,560901,560983,2024-03-16
2,10:43,Substitution FAU: out Brenen Lorient,50 - 47,5252669,560901,560983,2024-03-16
2,10:43,Timeout commercial,50 - 47,5252669,560901,560983,2024-03-16
2,10:43,"Foul personal (back court) Brenen Lorient(FAU), foul on Jason Edwards(UNT)",50 - 47,5252669,560901,560983,2024-03-16
2,10:47,"2pt hook shot (in the paint) missed by Alijah Martin(FAU), rebound defensive Jason Edwards(UNT)",50 - 47,5252669,560901,560983,2024-03-16
2,11:12,2pt jump shot (inside right) made by CJ Noland(UNT),50 - 47,5252669,560901,560983,2024-03-16
2,11:23,"2pt turnaround jump shot (in the paint) missed by Giancarlo Rosado(FAU), rebound defensive Moulaye Sissoko(UNT)",48 - 47,5252669,560901,560983,2024-03-16
2,11:35,"3pt jump shot (outside center) missed by Rubin Jones(UNT), rebound defensive Alijah Martin(FAU)",48 - 47,5252669,560901,560983,2024-03-16
2,11:59,"2pt alley oop (under the basket) made by Brenen Lorient(FAU), assist Giancarlo Rosado(FAU)",48 - 47,5252669,560901,560983,2024-03-16
2,12:11,"2pt driving layup (under the basket) made by Jason Edwards(UNT), assist CJ Noland(UNT)",48 - 45,5252669,560901,560983,2024-03-16
2,12:32,Free throw 2 of 2 made by Giancarlo Rosado(FAU),46 - 45,5252669,560901,560983,2024-03-16
2,12:32,"Free throw 1 of 2 missed by Giancarlo Rosado(FAU), rebound offensive dead ball FAU",46 - 44,5252669,560901,560983,2024-03-16
2,12:32,Foul personal (shooting;2 free throws) (in the paint) Moulaye Sissoko(UNT),46 - 44,5252669,560901,560983,2024-03-16
2,12:52,Substitution UNT: in Rubin Jones,46 - 44,5252669,560901,560983,2024-03-16
2,12:52,Substitution UNT: out Aaron Scott,46 - 44,5252669,560901,560983,2024-03-16
2,12:52,Free throw 2 of 2 made by Jason Edwards(UNT),46 - 44,5252669,560901,560983,2024-03-16
2,12:52,"Free throw 1 of 2 missed by Jason Edwards(UNT), rebound offensive dead ball UNT",45 - 44,5252669,560901,560983,2024-03-16
2,12:52,Foul personal (shooting;2 free throws) (in the paint) Giancarlo Rosado(FAU),45 - 44,5252669,560901,560983,2024-03-16
2,13:09,2pt alley oop (fast break) (under the basket) missed by Brenen Lorient(FAU),45 - 44,5252669,560901,560983,2024-03-16
2,13:18,"3pt jump shot (2nd chance) (outside right) missed by Jason Edwards(UNT), rebound defensive Nick Boyd(FAU)",45 - 44,5252669,560901,560983,2024-03-16
2,13:28,Substitution FAU: in Brenen Lorient,45 - 44,5252669,560901,560983,2024-03-16
2,13:28,Substitution FAU: out Johnell Davis,45 - 44,5252669,560901,560983,2024-03-16
2,13:28,Substitution UNT: in Moulaye Sissoko,45 - 44,5252669,560901,560983,2024-03-16
2,13:28,Substitution UNT: out Robert Allen,45 - 44,5252669,560901,560983,2024-03-16
2,13:28,Substitution FAU: in Giancarlo Rosado,45 - 44,5252669,560901,560983,2024-03-16
2,13:28,Substitution FAU: out Vladislav Goldin,45 - 44,5252669,560901,560983,2024-03-16
2,13:28,"Foul personal (in the paint) Nick Boyd(FAU), foul on CJ Noland(UNT)",45 - 44,5252669,560901,560983,2024-03-16
2,13:38,"2pt step back jump shot (inside center) missed by CJ Noland(UNT), rebound offensive Robert Allen(UNT)",45 - 44,5252669,560901,560983,2024-03-16
2,14:01,Substitution UNT: in John Buggs III,45 - 44,5252669,560901,560983,2024-03-16
2,14:01,Substitution UNT: out Rubin Jones,45 - 44,5252669,560901,560983,2024-03-16
2,14:01,Free throw 2 of 2 (2nd chance) made by Vladislav Goldin(FAU),45 - 44,5252669,560901,560983,2024-03-16
2,14:01,Free throw 1 of 2 (2nd chance) made by Vladislav Goldin(FAU),45 - 43,5252669,560901,560983,2024-03-16
2,14:01,Foul personal (shooting;2 free throws) (under the basket) Robert Allen(UNT),45 - 42,5252669,560901,560983,2024-03-16
2,14:06,"2pt layup (in the paint) missed by Johnell Davis(FAU), rebound offensive Vladislav Goldin(FAU)",45 - 42,5252669,560901,560983,2024-03-16
2,14:15,"2pt pull up jump shot (inside right) missed by Jason Edwards(UNT), rebound defensive Alijah Martin(FAU)",45 - 42,5252669,560901,560983,2024-03-16
2,14:37,Free throw 2 of 2 made by Vladislav Goldin(FAU),45 - 42,5252669,560901,560983,2024-03-16
2,14:37,Substitution UNT: in Aaron Scott,45 - 41,5252669,560901,560983,2024-03-16
2,14:37,Substitution UNT: out Rondel Walker,45 - 41,5252669,560901,560983,2024-03-16
2,14:37,Substitution FAU: in Nick Boyd,45 - 41,5252669,560901,560983,2024-03-16
2,14:37,Substitution FAU: out Brandon Weatherspoon,45 - 41,5252669,560901,560983,2024-03-16
2,14:37,"Free throw 1 of 2 missed by Vladislav Goldin(FAU), rebound offensive dead ball FAU",45 - 41,5252669,560901,560983,2024-03-16
2,14:37,Foul personal (shooting;2 free throws) (under the basket) Robert Allen(UNT),45 - 41,5252669,560901,560983,2024-03-16
2,15:03,2pt floating jump shot (off turnover;fast break) (in the paint) made by Rondel Walker(UNT),45 - 41,5252669,560901,560983,2024-03-16
2,15:07,"Turnover bad pass (in the paint) Johnell Davis(FAU), steal Rondel Walker(UNT)",43 - 41,5252669,560901,560983,2024-03-16
2,15:21,"2pt jump shot (inside right) missed by Rubin Jones(UNT), rebound defensive Johnell Davis(FAU)",43 - 41,5252669,560901,560983,2024-03-16
2,15:36,"2pt layup (2nd chance;off turnover) (under the basket) missed by Brandon Weatherspoon(FAU), rebound defensive Rubin Jones(UNT)",43 - 41,5252669,560901,560983,2024-03-16
2,15:41,"2pt floating jump shot (off turnover) (inside right) missed by Alijah Martin(FAU), rebound offensive Brandon Weatherspoon(FAU)",43 - 41,5252669,560901,560983,2024-03-16
2,15:46,Timeout commercial,42 - 41,5252669,560901,560983,2024-03-16
2,15:51,"Turnover lost ball (in the paint) Rubin Jones(UNT), steal Bryan Greenlee(FAU)",42 - 41,5252669,560901,560983,2024-03-16
2,16:10,"3pt jump shot (outside center) missed by Bryan Greenlee(FAU), rebound defensive (team) UNT",42 - 41,5252669,560901,560983,2024-03-16
2,16:18,Substitution UNT: in CJ Noland,42 - 41,5252669,560901,560983,2024-03-16
2,16:18,Substitution UNT: in Robert Allen,42 - 41,5252669,560901,560983,2024-03-16
2,16:18,Substitution UNT: out Moulaye Sissoko,42 - 41,5252669,560901,560983,2024-03-16
2,16:18,Substitution UNT: out John Buggs III,42 - 41,5252669,560901,560983,2024-03-16
2,16:18,Substitution FAU: in Bryan Greenlee,42 - 41,5252669,560901,560983,2024-03-16
2,16:18,Substitution FAU: out Jalen Gaffney,42 - 41,5252669,560901,560983,2024-03-16
2,16:18,"Foul personal (inside left) Rubin Jones(UNT), foul on Johnell Davis(FAU)",42 - 41,5252669,560901,560983,2024-03-16
2,16:28,3pt jump shot (outside right) made by Rubin Jones(UNT),43 - 41,5252669,560901,560983,2024-03-16
2,16:47,2pt floating jump shot (in the paint) made by Johnell Davis(FAU),40 - 41,5252669,560901,560983,2024-03-16
2,17:02,2pt floating jump shot (in the paint) made by Rubin Jones(UNT),40 - 39,5252669,560901,560983,2024-03-16
2,17:21,"2pt jump shot (in the paint) made by Vladislav Goldin(FAU), assist Johnell Davis(FAU)",38 - 39,5252669,560901,560983,2024-03-16
2,17:24,"Foul personal (outside center) Rubin Jones(UNT), foul on Johnell Davis(FAU)",38 - 37,5252669,560901,560983,2024-03-16
2,17:24,"Foul personal (inside left) Moulaye Sissoko(UNT), foul on Vladislav Goldin(FAU)",38 - 37,5252669,560901,560983,2024-03-16
2,17:24,Foul (under the basket) FAU,38 - 37,5252669,560901,560983,2024-03-16
2,17:43,2pt driving layup (under the basket) made by Jason Edwards(UNT),38 - 37,5252669,560901,560983,2024-03-16
2,18:14,"2pt driving layup (in the paint) made by Johnell Davis(FAU), assist Brandon Weatherspoon(FAU)",36 - 37,5252669,560901,560983,2024-03-16
2,18:39,"3pt jump shot (off turnover) (outside left) missed by John Buggs III(UNT), rebound defensive Jalen Gaffney(FAU)",36 - 35,5252669,560901,560983,2024-03-16
2,18:56,Substitution UNT: in Rondel Walker,36 - 35,5252669,560901,560983,2024-03-16
2,18:56,Substitution UNT: out Aaron Scott,36 - 35,5252669,560901,560983,2024-03-16
2,18:56,"Foul offensive (outside left) Johnell Davis(FAU), turnover offensive Johnell Davis(FAU), foul on Moulaye Sissoko(UNT)",36 - 35,5252669,560901,560983,2024-03-16
2,19:13,"3pt jump shot (off turnover) (outside left) made by Jason Edwards(UNT), assist John Buggs III(UNT)",36 - 35,5252669,560901,560983,2024-03-16
2,19:28,"Turnover bad pass (outside center) Johnell Davis(FAU), steal Aaron Scott(UNT)",33 - 35,5252669,560901,560983,2024-03-16
2,19:49,3pt jump shot (outside left wing) made by John Buggs III(UNT),33 - 35,5252669,560901,560983,2024-03-16
2,20:00,Period start,30 - 35,5252669,560901,560983,2024-03-16
2,20:00,Substitution UNT: in Aaron Scott,30 - 35,5252669,560901,560983,2024-03-16
2,20:00,Substitution UNT: out Rondel Walker,30 - 35,5252669,560901,560983,2024-03-16
2,20:00,Substitution FAU: in Jalen Gaffney,30 - 35,5252669,560901,560983,2024-03-16
2,20:00,Substitution FAU: in Johnell Davis,30 - 35,5252669,560901,560983,2024-03-16
2,20:00,Substitution FAU: out Bryan Greenlee,30 - 35,5252669,560901,560983,2024-03-16
2,20:00,Substitution FAU: out Nick Boyd,30 - 35,5252669,560901,560983,2024-03-16
1,00:00.00,Period end (confirmed),30 - 35,5252669,560901,560983,2024-03-16
1,00:01.10,"2pt jump shot (inside left) missed by Nick Boyd(FAU), rebound defensive Jason Edwards(UNT)",30 - 35,5252669,560901,560983,2024-03-16
1,00:14.40,Substitution UNT: in Rondel Walker,30 - 35,5252669,560901,560983,2024-03-16
1,00:14.40,Substitution UNT: out Aaron Scott,30 - 35,5252669,560901,560983,2024-03-16
1,00:14.40,Timeout short FAU,30 - 35,5252669,560901,560983,2024-03-16
1,00:25.60,"3pt jump shot (outside left) missed by Jason Edwards(UNT), rebound defensive Nick Boyd(FAU)",30 - 35,5252669,560901,560983,2024-03-16
1,00:49.10,Free throw 2 of 2 (2nd chance) made by Nick Boyd(FAU),30 - 35,5252669,560901,560983,2024-03-16
1,00:49.10,Free throw 1 of 2 (2nd chance) made by Nick Boyd(FAU),30 - 34,5252669,560901,560983,2024-03-16
1,00:49.10,Foul personal (shooting;2 free throws) (under the basket) Aaron Scott(UNT),30 - 33,5252669,560901,560983,2024-03-16
1,00:50.30,"Free throw 2 of 2 missed by Vladislav Goldin(FAU), rebound offensive Nick Boyd(FAU)",30 - 33,5252669,560901,560983,2024-03-16
1,00:50.30,Free throw 1 of 2 made by Vladislav Goldin(FAU),30 - 33,5252669,560901,560983,2024-03-16
1,00:50.30,Foul personal (shooting;2 free throws) (under the basket) Aaron Scott(UNT),30 - 32,5252669,560901,560983,2024-03-16
1,01:07,Free throw 2 of 2 made by Jason Edwards(UNT),30 - 32,5252669,560901,560983,2024-03-16
1,01:07,Free throw 1 of 2 made by Jason Edwards(UNT),29 - 32,5252669,560901,560983,2024-03-16
1,01:07,Substitution UNT: in Moulaye Sissoko,28 - 32,5252669,560901,560983,2024-03-16
1,01:07,Substitution UNT: out Robert Allen,28 - 32,5252669,560901,560983,2024-03-16
1,01:07,Substitution FAU: in Bryan Greenlee,28 - 32,5252669,560901,560983,2024-03-16
1,01:07,Substitution FAU: out Johnell Davis,28 - 32,5252669,560901,560983,2024-03-16
1,01:07,Foul personal (one and one) (back court) Johnell Davis(FAU),28 - 32,5252669,560901,560983,2024-03-16
1,01:07,Foul (inside left) UNT,28 - 32,5252669,560901,560983,2024-03-16
1,01:12,"2pt jump shot (blocked) (inside left) missed by Johnell Davis(FAU), block Robert Allen(UNT), rebound defensive Jason Edwards(UNT)",28 - 32,5252669,560901,560983,2024-03-16
1,01:30,"3pt jump shot (outside left) made by John Buggs III(UNT), assist Rubin Jones(UNT)",28 - 32,5252669,560901,560983,2024-03-16
1,01:51,3pt jump shot (fast break) (outside left) made by Alijah Martin(FAU),29 - 32,5252669,560901,560983,2024-03-16
1,01:58,"2pt hook shot (in the paint) missed by Robert Allen(UNT), rebound defensive Nick Boyd(FAU)",25 - 29,5252669,560901,560983,2024-03-16
1,02:18,"2pt driving layup (in the paint) made by Vladislav Goldin(FAU), assist Alijah Martin(FAU)",25 - 29,5252669,560901,560983,2024-03-16
1,02:41,Substitution FAU: in Vladislav Goldin,25 - 27,5252669,560901,560983,2024-03-16
1,02:41,Substitution FAU: out Giancarlo Rosado,25 - 27,5252669,560901,560983,2024-03-16
1,02:41,Free throw 2 of 2 made by Aaron Scott(UNT),25 - 27,5252669,560901,560983,2024-03-16
1,02:41,Free throw 1 of 2 made by Aaron Scott(UNT),24 - 27,5252669,560901,560983,2024-03-16
1,02:41,Foul personal (shooting;2 free throws) (in the paint) Nick Boyd(FAU),23 - 27,5252669,560901,560983,2024-03-16
1,03:00,2pt driving layup (off turnover) (under the basket) made by Nick Boyd(FAU),23 - 27,5252669,560901,560983,2024-03-16
1,03:20,"Turnover lost ball (in the paint) John Buggs III(UNT), steal Brandon Weatherspoon(FAU)",23 - 25,5252669,560901,560983,2024-03-16
1,03:27,Substitution FAU: in Brandon Weatherspoon,23 - 25,5252669,560901,560983,2024-03-16
1,03:27,Substitution FAU: out Brenen Lorient,23 - 25,5252669,560901,560983,2024-03-16
1,03:27,Timeout commercial,23 - 25,5252669,560901,560983,2024-03-16
1,03:27,"Foul personal (inside left) Brenen Lorient(FAU), foul on Jason Edwards(UNT)",23 - 25,5252669,560901,560983,2024-03-16
1,03:38,"2pt jump shot (blocked) (in the paint) missed by Rubin Jones(UNT), block Brenen Lorient(FAU), rebound offensive Rubin Jones(UNT)",23 - 25,5252669,560901,560983,2024-03-16
1,03:52,2pt layup (under the basket) made by Johnell Davis(FAU),23 - 25,5252669,560901,560983,2024-03-16
1,04:06,2pt dunk (off turnover) (under the basket) made by Robert Allen(UNT),23 - 23,5252669,560901,560983,2024-03-16
1,04:24,Turnover out of bounds (inside left wing) Johnell Davis(FAU),21 - 23,5252669,560901,560983,2024-03-16
1,04:28,Substitution UNT: in Aaron Scott,21 - 23,5252669,560901,560983,2024-03-16
1,04:28,Substitution UNT: out CJ Noland,21 - 23,5252669,560901,560983,2024-03-16
1,04:28,Substitution FAU: in Brenen Lorient,21 - 23,5252669,560901,560983,2024-03-16
1,04:28,Substitution FAU: out Brandon Weatherspoon,21 - 23,5252669,560901,560983,2024-03-16
1,04:28,"Foul personal (inside left wing) CJ Noland(UNT), foul on Nick Boyd(FAU)",21 - 23,5252669,560901,560983,2024-03-16
1,04:36,"Turnover lost ball (inside center) Rubin Jones(UNT), steal Brandon Weatherspoon(FAU)",21 - 23,5252669,560901,560983,2024-03-16
1,04:42,"2pt driving layup (in the paint) missed by Alijah Martin(FAU), rebound defensive CJ Noland(UNT)",21 - 23,5252669,560901,560983,2024-03-16
1,05:00,2pt jump shot (in the paint) made by Rubin Jones(UNT),21 - 23,5252669,560901,560983,2024-03-16
1,05:13,"3pt jump shot (fast break) (outside right) missed by Johnell Davis(FAU), rebound defensive Rubin Jones(UNT)",19 - 23,5252669,560901,560983,2024-03-16
1,05:19,"2pt layup (2nd chance) (under the basket) missed by Robert Allen(UNT), rebound defensive Nick Boyd(FAU)",19 - 23,5252669,560901,560983,2024-03-16
1,05:22,"2pt pull up jump shot (2nd chance) (inside right) missed by Jason Edwards(UNT), rebound offensive Robert Allen(UNT)",19 - 23,5252669,560901,560983,2024-03-16
1,05:28,Substitution FAU: in Alijah Martin,19 - 23,5252669,560901,560983,2024-03-16
1,05:28,Substitution FAU: in Nick Boyd,19 - 23,5252669,560901,560983,2024-03-16
1,05:28,Substitution FAU: out Jalen Gaffney,19 - 23,5252669,560901,560983,2024-03-16
1,05:28,Substitution FAU: out Bryan Greenlee,19 - 23,5252669,560901,560983,2024-03-16
1,05:28,"Foul personal (under the basket) Giancarlo Rosado(FAU), foul on Robert Allen(UNT)",19 - 23,5252669,560901,560983,2024-03-16
1,05:32,"2pt step back jump shot (inside left) missed by Jason Edwards(UNT), rebound offensive Robert Allen(UNT)",19 - 23,5252669,560901,560983,2024-03-16
1,05:49,"3pt jump shot (outside left) missed by Jalen Gaffney(FAU), rebound defensive Rubin Jones(UNT)",19 - 23,5252669,560901,560983,2024-03-16
1,05:58,Free throw 1 of 1 made by CJ Noland(UNT),19 - 23,5252669,560901,560983,2024-03-16
1,05:58,Substitution FAU: in Giancarlo Rosado,18 - 23,5252669,560901,560983,2024-03-16
1,05:58,Substitution FAU: out Vladislav Goldin,18 - 23,5252669,560901,560983,2024-03-16
1,05:58,Foul personal (shooting;1 free throw) (in the paint) Vladislav Goldin(FAU),18 - 23,5252669,560901,560983,2024-03-16
1,05:58,"2pt driving layup (in the paint) made by CJ Noland(UNT), assist Rubin Jones(UNT)",18 - 23,5252669,560901,560983,2024-03-16
1,06:27,"2pt alley oop (under the basket) missed by Vladislav Goldin(FAU), rebound defensive (team) UNT",16 - 23,5252669,560901,560983,2024-03-16
1,06:44,2pt jump shot (inside right) made by Jason Edwards(UNT),16 - 23,5252669,560901,560983,2024-03-16
1,07:04,Substitution UNT: in Jason Edwards,14 - 23,5252669,560901,560983,2024-03-16
1,07:04,Substitution UNT: out Rondel Walker,14 - 23,5252669,560901,560983,2024-03-16
1,07:04,Timeout commercial,14 - 23,5252669,560901,560983,2024-03-16
1,07:09,2pt layup (under the basket) made by Johnell Davis(FAU),14 - 23,5252669,560901,560983,2024-03-16
1,07:36,2pt floating jump shot (2nd chance) (in the paint) made by CJ Noland(UNT),14 - 21,5252669,560901,560983,2024-03-16
1,07:42,"2pt jump shot (in the paint) missed by CJ Noland(UNT), rebound offensive Robert Allen(UNT)",12 - 21,5252669,560901,560983,2024-03-16
1,08:04,Free throw 1 of 1 made by Vladislav Goldin(FAU),12 - 21,5252669,560901,560983,2024-03-16
1,08:04,Substitution FAU: in Bryan Greenlee,12 - 20,5252669,560901,560983,2024-03-16
1,08:04,Substitution FAU: out Alijah Martin,12 - 20,5252669,560901,560983,2024-03-16
1,08:04,Foul personal (shooting;1 free throw) (in the paint) Rondel Walker(UNT),12 - 20,5252669,560901,560983,2024-03-16
1,08:04,2pt layup (in the paint) made by Vladislav Goldin(FAU),12 - 20,5252669,560901,560983,2024-03-16
1,08:27,"3pt jump shot (outside right) made by CJ Noland(UNT), assist John Buggs III(UNT)",12 - 18,5252669,560901,560983,2024-03-16
1,08:42,"Free throw 2 of 2 missed by Vladislav Goldin(FAU), rebound defensive Rubin Jones(UNT)",9 - 18,5252669,560901,560983,2024-03-16
1,08:42,Substitution UNT: in Robert Allen,9 - 18,5252669,560901,560983,2024-03-16
1,08:42,Substitution UNT: in Rondel Walker,9 - 18,5252669,560901,560983,2024-03-16
1,08:42,Substitution UNT: out Moulaye Sissoko,9 - 18,5252669,560901,560983,2024-03-16
1,08:42,Substitution UNT: out Aaron Scott,9 - 18,5252669,560901,560983,2024-03-16
1,08:42,"Free throw 1 of 2 missed by Vladislav Goldin(FAU), rebound offensive dead ball FAU",9 - 18,5252669,560901,560983,2024-03-16
1,08:42,Foul personal (shooting;2 free throws) (in the paint) Aaron Scott(UNT),43 - 41,5252669,560901,560983,2024-03-16
1,09:09,Free throw 2 of 2 made by Aaron Scott(UNT),9 - 18,5252669,560901,560983,2024-03-16
1,09:09,Substitution UNT: in John Buggs III,8 - 18,5252669,560901,560983,2024-03-16
1,09:09,Substitution UNT: out Jason Edwards,8 - 18,5252669,560901,560983,2024-03-16
1,09:09,Substitution FAU: in Brandon Weatherspoon,8 - 18,5252669,560901,560983,2024-03-16
1,09:09,Substitution FAU: in Johnell Davis,8 - 18,5252669,560901,560983,2024-03-16
1,09:09,Substitution FAU: out Nick Boyd,8 - 18,5252669,560901,560983,2024-03-16
1,09:09,Substitution FAU: out Brenen Lorient,8 - 18,5252669,560901,560983,2024-03-16
1,09:09,"Free throw 1 of 2 missed by Aaron Scott(UNT), rebound offensive dead ball UNT",8 - 18,5252669,560901,560983,2024-03-16
1,09:09,Foul personal (shooting;2 free throws) (inside right) Brenen Lorient(FAU),8 - 18,5252669,560901,560983,2024-03-16
1,09:39,"2pt jump shot (in the paint) made by Vladislav Goldin(FAU), assist Alijah Martin(FAU)",8 - 18,5252669,560901,560983,2024-03-16
1,09:57,2pt jump shot (inside right) made by Jason Edwards(UNT),8 - 16,5252669,560901,560983,2024-03-16
1,10:16,2pt layup (2nd chance;off turnover;fast break) (under the basket) made by Nick Boyd(FAU),6 - 16,5252669,560901,560983,2024-03-16
1,10:19,2pt driving layup (off turnover;fast break) (under the basket) missed by Brenen Lorient(FAU),6 - 16,5252669,560901,560983,2024-03-16
1,10:24,"Turnover lost ball (outside right) Rubin Jones(UNT), steal Vladislav Goldin(FAU)",6 - 14,5252669,560901,560983,2024-03-16
1,10:37,Free throw 3 of 3 (off turnover) made by Alijah Martin(FAU),6 - 14,5252669,560901,560983,2024-03-16
1,10:37,Substitution UNT: in Rubin Jones,6 - 13,5252669,560901,560983,2024-03-16
1,10:37,Substitution UNT: out John Buggs III,6 - 13,5252669,560901,560983,2024-03-16
1,10:37,"Free throw 2 of 3 (off turnover) missed by Alijah Martin(FAU), rebound offensive dead ball FAU",6 - 13,5252669,560901,560983,2024-03-16
1,10:37,Free throw 1 of 3 (off turnover) made by Alijah Martin(FAU),6 - 13,5252669,560901,560983,2024-03-16
1,10:37,Foul personal (shooting;3 free throws) (outside right) CJ Noland(UNT),6 - 12,5252669,560901,560983,2024-03-16
1,11:02,Turnover travel (under the basket) Moulaye Sissoko(UNT),6 - 12,5252669,560901,560983,2024-03-16
1,11:08,"3pt step back jump shot (off turnover) (outside center) missed by Jason Edwards(UNT), rebound offensive Moulaye Sissoko(UNT)",6 - 12,5252669,560901,560983,2024-03-16
1,11:18,Substitution UNT: in Moulaye Sissoko,6 - 12,5252669,560901,560983,2024-03-16
1,11:18,Substitution UNT: out Robert Allen,6 - 12,5252669,560901,560983,2024-03-16
1,11:18,Substitution FAU: in Vladislav Goldin,6 - 12,5252669,560901,560983,2024-03-16
1,11:18,Substitution FAU: in Jalen Gaffney,6 - 12,5252669,560901,560983,2024-03-16
1,11:18,Substitution FAU: out Bryan Greenlee,6 - 12,5252669,560901,560983,2024-03-16
1,11:18,Substitution FAU: out Giancarlo Rosado,6 - 12,5252669,560901,560983,2024-03-16
1,11:18,Turnover bad pass (outside right) Bryan Greenlee(FAU),6 - 12,5252669,560901,560983,2024-03-16
1,11:34,"3pt jump shot (outside left wing) missed by Jason Edwards(UNT), rebound defensive Brenen Lorient(FAU)",6 - 12,5252669,560901,560983,2024-03-16
1,11:53,Substitution UNT: in CJ Noland,6 - 12,5252669,560901,560983,2024-03-16
1,11:53,Substitution UNT: out Rubin Jones,6 - 12,5252669,560901,560983,2024-03-16
1,11:53,Timeout commercial,6 - 12,5252669,560901,560983,2024-03-16
1,11:59,"3pt jump shot (outside right) missed by Nick Boyd(FAU), rebound offensive Brenen Lorient(FAU), rebound defensive (team) UNT",6 - 12,5252669,560901,560983,2024-03-16
1,12:15,2pt layup (2nd chance) (under the basket) made by Robert Allen(UNT),6 - 12,5252669,560901,560983,2024-03-16
1,12:18,"3pt jump shot (outside right wing) missed by Rubin Jones(UNT), rebound offensive Robert Allen(UNT)",4 - 12,5252669,560901,560983,2024-03-16
1,12:36,Foul personal (outside left) Brenen Lorient(FAU),4 - 12,5252669,560901,560983,2024-03-16
1,12:36,Substitution UNT: in Jason Edwards,4 - 12,5252669,560901,560983,2024-03-16
1,12:36,Substitution UNT: out CJ Noland,4 - 12,5252669,560901,560983,2024-03-16
1,12:36,Substitution FAU: in Alijah Martin,4 - 12,5252669,560901,560983,2024-03-16
1,12:36,Substitution FAU: out Johnell Davis,4 - 12,5252669,560901,560983,2024-03-16
1,12:36,Jump ball held ball UNT,4 - 12,5252669,560901,560983,2024-03-16
1,12:53,"2pt floating jump shot (inside right) missed by Nick Boyd(FAU), rebound defensive CJ Noland(UNT)",4 - 12,5252669,560901,560983,2024-03-16
1,13:14,"3pt jump shot (outside left) missed by Aaron Scott(UNT), rebound defensive Bryan Greenlee(FAU)",4 - 12,5252669,560901,560983,2024-03-16
1,13:33,Timeout short UNT,4 - 12,5252669,560901,560983,2024-03-16
1,13:36,2pt layup (2nd chance) (under the basket) made by Brenen Lorient(FAU),4 - 12,5252669,560901,560983,2024-03-16
1,13:39,"2pt hook shot (in the paint) missed by Giancarlo Rosado(FAU), rebound offensive Brenen Lorient(FAU)",4 - 10,5252669,560901,560983,2024-03-16
1,13:59,"2pt turnaround jump shot (inside center) missed by Rubin Jones(UNT), rebound offensive (team) UNT, rebound defensive (team) FAU",4 - 10,5252669,560901,560983,2024-03-16
1,14:24,Substitution FAU: in Brenen Lorient,4 - 10,5252669,560901,560983,2024-03-16
1,14:24,Substitution FAU: out Alijah Martin,4 - 10,5252669,560901,560983,2024-03-16
1,14:24,Free throw 1 of 1 made by Alijah Martin(FAU),6 - 12,5252669,560901,560983,2024-03-16
1,14:24,Substitution UNT: in Rubin Jones,4 - 9,5252669,560901,560983,2024-03-16
1,14:24,Substitution UNT: in Aaron Scott,4 - 9,5252669,560901,560983,2024-03-16
1,14:24,Substitution UNT: out Rondel Walker,4 - 9,5252669,560901,560983,2024-03-16
1,14:24,Substitution UNT: out Jason Edwards,4 - 9,5252669,560901,560983,2024-03-16
1,14:24,Substitution FAU: in Giancarlo Rosado,4 - 9,5252669,560901,560983,2024-03-16
1,14:24,Substitution FAU: in Nick Boyd,4 - 9,5252669,560901,560983,2024-03-16
1,14:24,Substitution FAU: out Vladislav Goldin,4 - 9,5252669,560901,560983,2024-03-16
1,14:24,Substitution FAU: out Brandon Weatherspoon,4 - 9,5252669,560901,560983,2024-03-16
1,14:24,Foul personal (shooting;1 free throw) (in the paint) Rondel Walker(UNT),4 - 9,5252669,560901,560983,2024-03-16
1,14:24,2pt floating jump shot (off turnover) (in the paint) made by Alijah Martin(FAU),6 - 12,5252669,560901,560983,2024-03-16
1,14:42,"Turnover lost ball (in the paint) Jason Edwards(UNT), steal Johnell Davis(FAU), steal Brandon Weatherspoon(FAU)",4 - 7,5252669,560901,560983,2024-03-16
1,15:08,"3pt jump shot (2nd chance) (outside left) missed by Brandon Weatherspoon(FAU), rebound defensive Robert Allen(UNT)",4 - 7,5252669,560901,560983,2024-03-16
1,15:26,"3pt jump shot (2nd chance) (outside right) missed by Alijah Martin(FAU), rebound offensive Johnell Davis(FAU)",4 - 7,5252669,560901,560983,2024-03-16
1,15:40,"2pt layup (blocked) (under the basket) missed by Vladislav Goldin(FAU), block Robert Allen(UNT), rebound offensive (team) FAU",4 - 7,5252669,560901,560983,2024-03-16
1,15:54,Substitution UNT: in John Buggs III,4 - 7,5252669,560901,560983,2024-03-16
1,15:54,Substitution UNT: out Rubin Jones,4 - 7,5252669,560901,560983,2024-03-16
1,15:54,Substitution FAU: in Bryan Greenlee,4 - 7,5252669,560901,560983,2024-03-16
1,15:54,Substitution FAU: out Jalen Gaffney,4 - 7,5252669,560901,560983,2024-03-16
1,15:58,"2pt driving layup (off turnover;fast break) (under the basket) missed by CJ Noland(UNT), rebound defensive (team) FAU",4 - 7,5252669,560901,560983,2024-03-16
1,16:01,"Turnover bad pass (outside center) Johnell Davis(FAU), steal CJ Noland(UNT)",4 - 7,5252669,560901,560983,2024-03-16
1,16:09,"2pt layup (under the basket) missed by CJ Noland(UNT), rebound defensive Vladislav Goldin(FAU)",4 - 7,5252669,560901,560983,2024-03-16
1,16:33,2pt layup (2nd chance) (under the basket) made by Vladislav Goldin(FAU),4 - 7,5252669,560901,560983,2024-03-16
1,16:36,"2pt hook shot (in the paint) missed by Vladislav Goldin(FAU), rebound offensive Vladislav Goldin(FAU)",4 - 5,5252669,560901,560983,2024-03-16
1,16:48,Substitution UNT: in Rondel Walker,4 - 5,5252669,560901,560983,2024-03-16
1,16:48,Substitution UNT: out Aaron Scott,4 - 5,5252669,560901,560983,2024-03-16
1,16:50,2pt hook shot (2nd chance) (in the paint) missed by Robert Allen(UNT),4 - 5,5252669,560901,560983,2024-03-16
1,16:54,"2pt layup (under the basket) missed by CJ Noland(UNT), rebound offensive Robert Allen(UNT)",4 - 5,5252669,560901,560983,2024-03-16
1,17:17,2pt layup (in the paint) made by Johnell Davis(FAU),4 - 5,5252669,560901,560983,2024-03-16
1,17:33,Free throw 2 of 2 (fast break;off turnover) made by Jason Edwards(UNT),4 - 3,5252669,560901,560983,2024-03-16
1,17:33,Substitution UNT: in CJ Noland,3 - 3,5252669,560901,560983,2024-03-16
1,17:33,Substitution UNT: in Robert Allen,3 - 3,5252669,560901,560983,2024-03-16
1,17:33,Substitution UNT: out Moulaye Sissoko,3 - 3,5252669,560901,560983,2024-03-16
1,17:33,Substitution UNT: out John Buggs III,3 - 3,5252669,560901,560983,2024-03-16
1,17:33,Free throw 1 of 2 (fast break;off turnover) made by Jason Edwards(UNT),3 - 3,5252669,560901,560983,2024-03-16
1,17:33,Foul personal (shooting;2 free throws) (inside right) Jalen Gaffney(FAU),2 - 3,5252669,560901,560983,2024-03-16
1,17:37,"Turnover bad pass (outside right) Brandon Weatherspoon(FAU), steal John Buggs III(UNT)",2 - 3,5252669,560901,560983,2024-03-16
1,17:46,"3pt jump shot (outside left) missed by Rubin Jones(UNT), rebound defensive Johnell Davis(FAU)",2 - 3,5252669,560901,560983,2024-03-16
1,18:03,"3pt jump shot (outside right) missed by Brandon Weatherspoon(FAU), rebound defensive Rubin Jones(UNT)",2 - 3,5252669,560901,560983,2024-03-16
1,18:21,2pt turnaround jump shot (in the paint) made by Aaron Scott(UNT),2 - 3,5252669,560901,560983,2024-03-16
1,18:53,"3pt step back jump shot (outside left) made by Jalen Gaffney(FAU), assist Vladislav Goldin(FAU)",0 - 3,5252669,560901,560983,2024-03-16
1,19:25,"3pt jump shot (outside center) missed by Jason Edwards(UNT), rebound defensive Vladislav Goldin(FAU)",0 - 0,5252669,560901,560983,2024-03-16
1,19:43,"3pt jump shot (outside left wing) missed by Alijah Martin(FAU), rebound defensive Moulaye Sissoko(UNT)",0 - 0,5252669,560901,560983,2024-03-16
1,20:00,"Jump ball start period, won Vladislav Goldin(FAU), lost Moulaye Sissoko(UNT)",0 - 0,5252669,560901,560983,2024-03-16
1,20:00,Period start,0 - 0,5252669,560901,560983,2024-03-16
1,20:00,Game start,0 - 0,5252669,560901,560983,2024-03-16
2,00:51.20,Foul (back court) UKY,92 - 82,5252546,560583,561170,2024-03-16
2,00:53.20,"3pt jump shot (blocked) (outside left) missed by Rob Dillingham(UKY), block Manny Obaseki(TAMU), rebound defensive Wade Taylor IV(TAMU)",92 - 82,5252546,560583,561170,2024-03-16
2,01:15,Free throw 2 of 2 made by Andersson Garcia(TAMU),92 - 82,5252546,560583,561170,2024-03-16
2,01:15,Substitution UKY: in Zvonimir Ivisic,91 - 82,5252546,560583,561170,2024-03-16
2,01:15,Substitution UKY: in Antonio Reeves,91 - 82,5252546,560583,561170,2024-03-16
2,01:15,Substitution UKY: out D.J. Wagner,91 - 82,5252546,560583,561170,2024-03-16
2,01:15,Substitution UKY: out Justin Edwards,91 - 82,5252546,560583,561170,2024-03-16
2,01:15,Free throw 1 of 2 made by Andersson Garcia(TAMU),91 - 82,5252546,560583,561170,2024-03-16
2,01:15,Foul personal (2 free throws) (back court) Reed Sheppard(UKY),90 - 82,5252546,560583,561170,2024-03-16
2,01:17,Substitution UKY: in D.J. Wagner,90 - 82,5252546,560583,561170,2024-03-16
2,01:17,Substitution UKY: in Justin Edwards,90 - 82,5252546,560583,561170,2024-03-16
2,01:17,Substitution UKY: out Zvonimir Ivisic,90 - 82,5252546,560583,561170,2024-03-16
2,01:17,Substitution UKY: out Antonio Reeves,90 - 82,5252546,560583,561170,2024-03-16
2,01:17,Timeout short UKY,90 - 82,5252546,560583,561170,2024-03-16
2,01:17,2pt dunk (2nd chance) (under the basket) made by Tre Mitchell(UKY),90 - 82,5252546,560583,561170,2024-03-16
2,01:21,"2pt jump shot (inside right) missed by Rob Dillingham(UKY), rebound offensive Tre Mitchell(UKY)",90 - 80,5252546,560583,561170,2024-03-16
2,01:39,Free throw 2 of 2 (2nd chance) made by Andersson Garcia(TAMU),90 - 80,5252546,560583,561170,2024-03-16
2,01:39,Free throw 1 of 2 (2nd chance) made by Andersson Garcia(TAMU),89 - 80,5252546,560583,561170,2024-03-16
2,01:39,Foul personal (one and one) (under the basket) Zvonimir Ivisic(UKY),88 - 80,5252546,560583,561170,2024-03-16
2,01:41,"3pt jump shot (outside left) missed by Tyrece Radford(TAMU), rebound offensive dead ball TAMU",88 - 80,5252546,560583,561170,2024-03-16
2,02:03,Timeout short UKY,88 - 80,5252546,560583,561170,2024-03-16
2,02:04,2pt jump shot (fast break) (inside right) made by Antonio Reeves(UKY),88 - 80,5252546,560583,561170,2024-03-16
2,02:10,2pt jump shot (off turnover) (in the paint) made by Manny Obaseki(TAMU),88 - 78,5252546,560583,561170,2024-03-16
2,02:38,Turnover lost ball (inside left) Rob Dillingham(UKY),86 - 78,5252546,560583,561170,2024-03-16
2,02:45,"2pt layup (blocked) (under the basket) missed by Tyrece Radford(TAMU), block Zvonimir Ivisic(UKY), rebound defensive Rob Dillingham(UKY)",86 - 78,5252546,560583,561170,2024-03-16
2,03:03,"3pt jump shot (2nd chance) (outside left) missed by Reed Sheppard(UKY), rebound defensive Andersson Garcia(TAMU)",86 - 78,5252546,560583,561170,2024-03-16
2,03:12,"2pt layup (in the paint) missed by Rob Dillingham(UKY), rebound offensive Antonio Reeves(UKY)",86 - 78,5252546,560583,561170,2024-03-16
2,03:21,"2pt jump shot (inside right) missed by Wade Taylor IV(TAMU), rebound defensive Tre Mitchell(UKY)",86 - 78,5252546,560583,561170,2024-03-16
2,03:37,"Free throw 1 of 1 (fast break;off turnover) missed by Antonio Reeves(UKY), rebound defensive Tyrece Radford(TAMU)",86 - 78,5252546,560583,561170,2024-03-16
2,03:37,Foul personal (one and one) (in the paint) Wade Taylor IV(TAMU),86 - 78,5252546,560583,561170,2024-03-16
2,03:42,Substitution UKY: in Zvonimir Ivisic,86 - 78,5252546,560583,561170,2024-03-16
2,03:42,Substitution UKY: out Justin Edwards,86 - 78,5252546,560583,561170,2024-03-16
2,03:42,Turnover lane violation (inside right) Solomon Washington(TAMU),86 - 78,5252546,560583,561170,2024-03-16
2,03:42,Foul personal (shooting) (under the basket) Tre Mitchell(UKY),86 - 78,5252546,560583,561170,2024-03-16
2,03:42,"2pt layup (fast break) (under the basket) made by Tyrece Radford(TAMU), assist Manny Obaseki(TAMU)",86 - 78,5252546,560583,561170,2024-03-16
2,03:46,Free throw 2 of 2 (fast break;off turnover) made by Antonio Reeves(UKY),84 - 78,5252546,560583,561170,2024-03-16
2,03:46,Substitution UKY: in Justin Edwards,84 - 77,5252546,560583,561170,2024-03-16
2,03:46,Substitution UKY: out Zvonimir Ivisic,84 - 77,5252546,560583,561170,2024-03-16
2,03:46,Free throw 1 of 2 (fast break;off turnover) made by Antonio Reeves(UKY),84 - 77,5252546,560583,561170,2024-03-16
2,03:46,Foul personal (shooting;2 free throws) (inside left) Solomon Washington(TAMU),84 - 76,5252546,560583,561170,2024-03-16
2,03:50,"Turnover bad pass (back court) Wade Taylor IV(TAMU), steal Zvonimir Ivisic(UKY)",84 - 76,5252546,560583,561170,2024-03-16
2,04:00,"2pt layup (under the basket) made by Tre Mitchell(UKY), assist Rob Dillingham(UKY)",84 - 76,5252546,560583,561170,2024-03-16
2,04:12,"2pt jump shot (under the basket) made by Solomon Washington(TAMU), assist Tyrece Radford(TAMU)",84 - 74,5252546,560583,561170,2024-03-16
2,04:22,Substitution TAMU: in Solomon Washington,82 - 74,5252546,560583,561170,2024-03-16
2,04:22,Substitution TAMU: in Andersson Garcia,82 - 74,5252546,560583,561170,2024-03-16
2,04:22,Substitution TAMU: out Henry Coleman III,82 - 74,5252546,560583,561170,2024-03-16
2,04:22,Substitution TAMU: out Jace Carter,82 - 74,5252546,560583,561170,2024-03-16
2,04:22,Substitution UKY: in Zvonimir Ivisic,82 - 74,5252546,560583,561170,2024-03-16
2,04:22,Substitution UKY: out Justin Edwards,82 - 74,5252546,560583,561170,2024-03-16
2,04:22,Timeout short TAMU,82 - 74,5252546,560583,561170,2024-03-16
2,04:36,"2pt dunk (under the basket) made by Justin Edwards(UKY), assist Rob Dillingham(UKY)",82 - 74,5252546,560583,561170,2024-03-16
2,04:55,"Free throw 1 of 1 missed by Wade Taylor IV(TAMU), rebound defensive Justin Edwards(UKY)",82 - 72,5252546,560583,561170,2024-03-16
2,04:55,Substitution UKY: in Antonio Reeves,82 - 72,5252546,560583,561170,2024-03-16
2,04:55,Substitution UKY: out D.J. Wagner,82 - 72,5252546,560583,561170,2024-03-16
2,04:55,Foul personal (one and one) (back court) Justin Edwards(UKY),82 - 72,5252546,560583,561170,2024-03-16
2,05:05,"3pt jump shot (outside left) made by Rob Dillingham(UKY), assist Reed Sheppard(UKY)",82 - 72,5252546,560583,561170,2024-03-16
2,05:21,2pt driving layup (under the basket) made by Wade Taylor IV(TAMU),82 - 69,5252546,560583,561170,2024-03-16
2,05:34,3pt jump shot (fast break) (outside center) made by Rob Dillingham(UKY),80 - 69,5252546,560583,561170,2024-03-16
2,05:47,"3pt jump shot (outside right) missed by Wade Taylor IV(TAMU), rebound defensive D.J. Wagner(UKY)",80 - 66,5252546,560583,561170,2024-03-16
2,05:59,"Foul personal (outside right) Rob Dillingham(UKY), foul on Wade Taylor IV(TAMU)",80 - 66,5252546,560583,561170,2024-03-16
2,06:08,Free throw 2 of 2 made by Rob Dillingham(UKY),80 - 66,5252546,560583,561170,2024-03-16
2,06:08,Substitution TAMU: in Henry Coleman III,80 - 65,5252546,560583,561170,2024-03-16
2,06:08,Substitution TAMU: out Andersson Garcia,80 - 65,5252546,560583,561170,2024-03-16
2,06:08,Free throw 1 of 2 made by Rob Dillingham(UKY),80 - 65,5252546,560583,561170,2024-03-16
2,06:08,Foul personal (one and one) (in the paint) Andersson Garcia(TAMU),80 - 64,5252546,560583,561170,2024-03-16
2,06:21,2pt jump shot (off turnover) (in the paint) made by Tyrece Radford(TAMU),80 - 64,5252546,560583,561170,2024-03-16
2,06:49,Substitution TAMU: in Andersson Garcia,78 - 64,5252546,560583,561170,2024-03-16
2,06:49,Substitution TAMU: out Wildens Leveque,78 - 64,5252546,560583,561170,2024-03-16
2,06:49,Substitution UKY: in Justin Edwards,78 - 64,5252546,560583,561170,2024-03-16
2,06:49,Substitution UKY: out Zvonimir Ivisic,78 - 64,5252546,560583,561170,2024-03-16
2,06:49,Timeout commercial,78 - 64,5252546,560583,561170,2024-03-16
2,06:49,Turnover lost ball (inside left) Rob Dillingham(UKY),78 - 64,5252546,560583,561170,2024-03-16
2,07:07,Substitution TAMU: in Wildens Leveque,78 - 64,5252546,560583,561170,2024-03-16
2,07:07,Substitution TAMU: out Andersson Garcia,78 - 64,5252546,560583,561170,2024-03-16
2,07:07,Substitution UKY: in Zvonimir Ivisic,78 - 64,5252546,560583,561170,2024-03-16
2,07:07,Substitution UKY: in Tre Mitchell,78 - 64,5252546,560583,561170,2024-03-16
2,07:07,Substitution UKY: out Ugonna Onyenso,78 - 64,5252546,560583,561170,2024-03-16
2,07:07,Substitution UKY: out Adou Thiero,78 - 64,5252546,560583,561170,2024-03-16
2,07:07,Timeout short TAMU,78 - 64,5252546,560583,561170,2024-03-16
2,07:07,"3pt jump shot (outside right) made by Jace Carter(TAMU), assist Wade Taylor IV(TAMU)",78 - 64,5252546,560583,561170,2024-03-16
2,07:29,2pt jump shot (inside left) made by Rob Dillingham(UKY),75 - 64,5252546,560583,561170,2024-03-16
2,07:56,"3pt jump shot (2nd chance) (outside center) made by Wade Taylor IV(TAMU), assist Tyrece Radford(TAMU)",75 - 62,5252546,560583,561170,2024-03-16
2,08:00,"2pt jump shot (2nd chance) (in the paint) missed by Manny Obaseki(TAMU), rebound offensive Manny Obaseki(TAMU)",72 - 62,5252546,560583,561170,2024-03-16
2,08:06,Substitution UKY: in Rob Dillingham,72 - 62,5252546,560583,561170,2024-03-16
2,08:06,Substitution UKY: out Antonio Reeves,72 - 62,5252546,560583,561170,2024-03-16
2,08:06,"Foul personal (under the basket) Antonio Reeves(UKY), foul on Andersson Garcia(TAMU), foul on Tyrece Radford(TAMU)",72 - 62,5252546,560583,561170,2024-03-16
2,08:08,"3pt jump shot (outside right wing) missed by Jace Carter(TAMU), rebound offensive dead ball TAMU",72 - 62,5252546,560583,561170,2024-03-16
2,08:35,"2pt dunk (under the basket) made by Adou Thiero(UKY), assist Ugonna Onyenso(UKY)",72 - 62,5252546,560583,561170,2024-03-16
2,08:56,"3pt jump shot (outside left wing) made by Wade Taylor IV(TAMU), assist Manny Obaseki(TAMU)",72 - 60,5252546,560583,561170,2024-03-16
2,09:08,Substitution UKY: in Adou Thiero,69 - 60,5252546,560583,561170,2024-03-16
2,09:08,Substitution UKY: out Tre Mitchell,69 - 60,5252546,560583,561170,2024-03-16
2,09:08,Free throw 2 of 2 made by Tre Mitchell(UKY),69 - 60,5252546,560583,561170,2024-03-16
2,09:08,Substitution TAMU: in Manny Obaseki,69 - 59,5252546,560583,561170,2024-03-16
2,09:08,Substitution TAMU: out Henry Coleman III,69 - 59,5252546,560583,561170,2024-03-16
2,09:08,Substitution TAMU: in Andersson Garcia,69 - 59,5252546,560583,561170,2024-03-16
2,09:08,Substitution TAMU: in Jace Carter,69 - 59,5252546,560583,561170,2024-03-16
2,09:08,Substitution TAMU: out Manny Obaseki,69 - 59,5252546,560583,561170,2024-03-16
2,09:08,Substitution TAMU: out Solomon Washington,69 - 59,5252546,560583,561170,2024-03-16
2,09:08,"Free throw 1 of 2 missed by Tre Mitchell(UKY), rebound offensive dead ball UKY",69 - 59,5252546,560583,561170,2024-03-16
2,09:08,Foul personal (shooting;2 free throws) (under the basket) Solomon Washington(TAMU),69 - 59,5252546,560583,561170,2024-03-16
2,09:39,2pt driving layup (under the basket) made by Manny Obaseki(TAMU),69 - 59,5252546,560583,561170,2024-03-16
2,09:50,"Foul personal (back court) Tre Mitchell(UKY), foul on Henry Coleman III(TAMU)",67 - 59,5252546,560583,561170,2024-03-16
2,09:52,"3pt jump shot (outside right) missed by Antonio Reeves(UKY), rebound defensive dead ball TAMU",67 - 59,5252546,560583,561170,2024-03-16
2,10:01,"3pt jump shot (2nd chance;off turnover) (outside left) missed by Wade Taylor IV(TAMU), rebound defensive Tre Mitchell(UKY)",67 - 59,5252546,560583,561170,2024-03-16
2,10:04,Substitution TAMU: in Wade Taylor IV,67 - 59,5252546,560583,561170,2024-03-16
2,10:04,Substitution TAMU: out Jace Carter,67 - 59,5252546,560583,561170,2024-03-16
2,10:04,Substitution UKY: in D.J. Wagner,67 - 59,5252546,560583,561170,2024-03-16
2,10:04,Substitution UKY: out Rob Dillingham,67 - 59,5252546,560583,561170,2024-03-16
2,10:05,"2pt jump shot (off turnover) (in the paint) missed by Tyrece Radford(TAMU), rebound offensive (team) TAMU",67 - 59,5252546,560583,561170,2024-03-16
2,10:21,"Turnover bad pass (in the paint) Rob Dillingham(UKY), steal Manny Obaseki(TAMU)",67 - 59,5252546,560583,561170,2024-03-16
2,10:32,"3pt jump shot (outside right) missed by Jace Carter(TAMU), rebound defensive Tre Mitchell(UKY)",67 - 59,5252546,560583,561170,2024-03-16
2,10:51,"3pt jump shot (off turnover) (outside center) missed by Reed Sheppard(UKY), rebound defensive Tyrece Radford(TAMU)",67 - 59,5252546,560583,561170,2024-03-16
2,10:57,"Turnover bad pass (in the paint) Jace Carter(TAMU), steal Reed Sheppard(UKY)",67 - 59,5252546,560583,561170,2024-03-16
2,11:19,Jump ball held ball TAMU,67 - 59,5252546,560583,561170,2024-03-16
2,11:23,"2pt jump shot (2nd chance;blocked) (in the paint) missed by Rob Dillingham(UKY), block Solomon Washington(TAMU), rebound defensive Manny Obaseki(TAMU)",67 - 59,5252546,560583,561170,2024-03-16
2,11:29,Substitution TAMU: in Tyrece Radford,67 - 59,5252546,560583,561170,2024-03-16
2,11:29,Substitution TAMU: in Solomon Washington,67 - 59,5252546,560583,561170,2024-03-16
2,11:29,Substitution TAMU: out Wildens Leveque,67 - 59,5252546,560583,561170,2024-03-16
2,11:29,Substitution TAMU: out Wade Taylor IV,67 - 59,5252546,560583,561170,2024-03-16
2,11:29,Substitution UKY: in Ugonna Onyenso,67 - 59,5252546,560583,561170,2024-03-16
2,11:29,Substitution UKY: in Antonio Reeves,67 - 59,5252546,560583,561170,2024-03-16
2,11:29,Substitution UKY: out Zvonimir Ivisic,67 - 59,5252546,560583,561170,2024-03-16
2,11:29,Substitution UKY: out D.J. Wagner,67 - 59,5252546,560583,561170,2024-03-16
2,11:29,Timeout commercial,67 - 59,5252546,560583,561170,2024-03-16
2,11:29,"Foul personal (in the paint) Wildens Leveque(TAMU), foul on Tre Mitchell(UKY)",67 - 59,5252546,560583,561170,2024-03-16
2,11:29,"3pt jump shot (outside left) missed by D.J. Wagner(UKY), rebound offensive Tre Mitchell(UKY)",67 - 59,5252546,560583,561170,2024-03-16
2,11:43,2pt jump shot (inside left) made by Wade Taylor IV(TAMU),67 - 59,5252546,560583,561170,2024-03-16
2,11:53,"2pt jump shot (inside right) missed by Rob Dillingham(UKY), rebound defensive Henry Coleman III(TAMU)",65 - 59,5252546,560583,561170,2024-03-16
2,12:16,2pt layup (under the basket) made by Manny Obaseki(TAMU),65 - 59,5252546,560583,561170,2024-03-16
2,12:36,"2pt dunk (under the basket) made by Zvonimir Ivisic(UKY), assist Reed Sheppard(UKY)",63 - 59,5252546,560583,561170,2024-03-16
2,12:52,Free throw 2 of 2 (2nd chance) made by Henry Coleman III(TAMU),63 - 57,5252546,560583,561170,2024-03-16
2,12:52,Substitution TAMU: in Manny Obaseki,62 - 57,5252546,560583,561170,2024-03-16
2,12:52,Substitution TAMU: out Tyrece Radford,62 - 57,5252546,560583,561170,2024-03-16
2,12:52,Free throw 1 of 2 (2nd chance) made by Henry Coleman III(TAMU),62 - 57,5252546,560583,561170,2024-03-16
2,12:52,Foul personal (shooting;2 free throws) (under the basket) Tre Mitchell(UKY),61 - 57,5252546,560583,561170,2024-03-16
2,12:54,"2pt layup (in the paint) missed by Wade Taylor IV(TAMU), rebound offensive Henry Coleman III(TAMU)",61 - 57,5252546,560583,561170,2024-03-16
2,13:12,"3pt jump shot (outside center) made by Rob Dillingham(UKY), assist Reed Sheppard(UKY)",61 - 57,5252546,560583,561170,2024-03-16
2,13:32,Free throw 2 of 2 made by Tyrece Radford(TAMU),61 - 54,5252546,560583,561170,2024-03-16
2,13:32,Substitution TAMU: in Jace Carter,60 - 54,5252546,560583,561170,2024-03-16
2,13:32,Substitution TAMU: out Manny Obaseki,60 - 54,5252546,560583,561170,2024-03-16
2,13:32,"Free throw 1 of 2 missed by Tyrece Radford(TAMU), rebound offensive dead ball TAMU",60 - 54,5252546,560583,561170,2024-03-16
2,13:32,Foul personal (shooting;2 free throws) (in the paint) Reed Sheppard(UKY),60 - 54,5252546,560583,561170,2024-03-16
2,13:57,"Free throw 2 of 2 (2nd chance) missed by Zvonimir Ivisic(UKY), rebound defensive Tyrece Radford(TAMU)",60 - 54,5252546,560583,561170,2024-03-16
2,13:57,Free throw 1 of 2 (2nd chance) made by Zvonimir Ivisic(UKY),60 - 54,5252546,560583,561170,2024-03-16
2,13:57,Substitution TAMU: in Henry Coleman III,60 - 53,5252546,560583,561170,2024-03-16
2,13:57,Substitution TAMU: out Andersson Garcia,60 - 53,5252546,560583,561170,2024-03-16
2,13:57,Substitution TAMU: in Wildens Leveque,60 - 53,5252546,560583,561170,2024-03-16
2,13:57,Substitution TAMU: out Solomon Washington,60 - 53,5252546,560583,561170,2024-03-16
2,13:57,"Foul personal (shooting;2 free throws) (under the basket) Andersson Garcia(TAMU), foul on Zvonimir Ivisic(UKY)",60 - 53,5252546,560583,561170,2024-03-16
2,13:53,2pt layup (2nd chance) (under the basket) missed by Zvonimir Ivisic(UKY),60 - 53,5252546,560583,561170,2024-03-16
2,14:00,"3pt jump shot (outside left) missed by Rob Dillingham(UKY), rebound offensive Zvonimir Ivisic(UKY)",60 - 53,5252546,560583,561170,2024-03-16
2,14:08,2pt driving layup (in the paint) made by Tyrece Radford(TAMU),60 - 53,5252546,560583,561170,2024-03-16
2,14:34,"2pt jump shot (2nd chance) (in the paint) made by Zvonimir Ivisic(UKY), assist Rob Dillingham(UKY)",58 - 53,5252546,560583,561170,2024-03-16
2,14:41,"3pt jump shot (outside left) missed by D.J. Wagner(UKY), rebound offensive Tre Mitchell(UKY)",58 - 51,5252546,560583,561170,2024-03-16
2,14:59,2pt driving layup (under the basket) made by Tyrece Radford(TAMU),58 - 51,5252546,560583,561170,2024-03-16
2,15:24,"3pt jump shot (off turnover) (outside left) missed by Rob Dillingham(UKY), rebound defensive Manny Obaseki(TAMU)",56 - 51,5252546,560583,561170,2024-03-16
2,15:41,Turnover shot clock (team) (outside center) TAMU,56 - 51,5252546,560583,561170,2024-03-16
2,15:47,Substitution UKY: in Zvonimir Ivisic,56 - 51,5252546,560583,561170,2024-03-16
2,15:47,Substitution UKY: in Reed Sheppard,56 - 51,5252546,560583,561170,2024-03-16
2,15:47,Substitution UKY: in Tre Mitchell,56 - 51,5252546,560583,561170,2024-03-16
2,15:47,Substitution UKY: out Ugonna Onyenso,56 - 51,5252546,560583,561170,2024-03-16
2,15:47,Substitution UKY: out Adou Thiero,56 - 51,5252546,560583,561170,2024-03-16
2,15:47,Substitution UKY: out Justin Edwards,56 - 51,5252546,560583,561170,2024-03-16
2,15:47,Timeout commercial,56 - 51,5252546,560583,561170,2024-03-16
2,16:14,2pt jump shot (inside center) made by D.J. Wagner(UKY),56 - 51,5252546,560583,561170,2024-03-16
2,16:36,"3pt jump shot (off turnover) (outside left) missed by Tyrece Radford(TAMU), rebound defensive Ugonna Onyenso(UKY)",56 - 49,5252546,560583,561170,2024-03-16
2,16:40,"Turnover bad pass (in the paint) Rob Dillingham(UKY), steal Andersson Garcia(TAMU)",56 - 49,5252546,560583,561170,2024-03-16
2,16:51,"2pt jump shot (in the paint) missed by Wade Taylor IV(TAMU), rebound defensive Adou Thiero(UKY)",56 - 49,5252546,560583,561170,2024-03-16
2,17:02,"2pt jump shot (inside left) missed by Justin Edwards(UKY), rebound defensive Andersson Garcia(TAMU)",56 - 49,5252546,560583,561170,2024-03-16
2,17:17,2pt dunk (2nd chance;off turnover) (under the basket) made by Manny Obaseki(TAMU),56 - 49,5252546,560583,561170,2024-03-16
2,17:30,"2pt jump shot (2nd chance;off turnover;blocked) (in the paint) missed by Manny Obaseki(TAMU), block Adou Thiero(UKY), rebound offensive (team) TAMU",54 - 49,5252546,560583,561170,2024-03-16
2,17:45,"3pt jump shot (off turnover) (outside left) missed by Wade Taylor IV(TAMU), rebound offensive Solomon Washington(TAMU)",54 - 49,5252546,560583,561170,2024-03-16
2,17:55,Turnover out of bounds (inside left wing) Adou Thiero(UKY),54 - 49,5252546,560583,561170,2024-03-16
2,18:16,Substitution UKY: in Rob Dillingham,54 - 49,5252546,560583,561170,2024-03-16
2,18:16,Substitution UKY: out Antonio Reeves,54 - 49,5252546,560583,561170,2024-03-16
2,18:16,Free throw 2 of 2 (2nd chance) made by Wade Taylor IV(TAMU),54 - 49,5252546,560583,561170,2024-03-16
2,18:16,Free throw 1 of 2 (2nd chance) made by Wade Taylor IV(TAMU),53 - 49,5252546,560583,561170,2024-03-16
2,18:16,Foul personal (shooting;2 free throws) (in the paint) Antonio Reeves(UKY),52 - 49,5252546,560583,561170,2024-03-16
2,18:25,"2pt jump shot (blocked) (in the paint) missed by Tyrece Radford(TAMU), block Justin Edwards(UKY), rebound offensive (team) TAMU",52 - 49,5252546,560583,561170,2024-03-16
2,18:36,Free throw 2 of 2 made by Adou Thiero(UKY),52 - 49,5252546,560583,561170,2024-03-16
2,18:36,Substitution TAMU: in Andersson Garcia,52 - 48,5252546,560583,561170,2024-03-16
2,18:36,Substitution TAMU: out Wildens Leveque,52 - 48,5252546,560583,561170,2024-03-16
2,18:36,Free throw 1 of 2 made by Adou Thiero(UKY),52 - 48,5252546,560583,561170,2024-03-16
2,18:36,Foul personal (shooting;2 free throws) (under the basket) Wildens Leveque(TAMU),52 - 47,5252546,560583,561170,2024-03-16
2,18:48,2pt driving layup (under the basket) made by Tyrece Radford(TAMU),52 - 47,5252546,560583,561170,2024-03-16
2,19:01,Free throw 2 of 2 made by Adou Thiero(UKY),50 - 47,5252546,560583,561170,2024-03-16
2,19:01,Free throw 1 of 2 made by Adou Thiero(UKY),50 - 46,5252546,560583,561170,2024-03-16
2,19:01,Foul personal (shooting;2 free throws) (under the basket) Manny Obaseki(TAMU),50 - 45,5252546,560583,561170,2024-03-16
2,19:09,"Foul personal (outside center) Wade Taylor IV(TAMU), foul on D.J. Wagner(UKY)",50 - 45,5252546,560583,561170,2024-03-16
2,19:18,2pt layup (2nd chance) (under the basket) made by Wildens Leveque(TAMU),50 - 45,5252546,560583,561170,2024-03-16
2,19:22,"2pt jump shot (in the paint) missed by Wildens Leveque(TAMU), rebound offensive Wildens Leveque(TAMU)",48 - 45,5252546,560583,561170,2024-03-16
2,19:41,"3pt jump shot (2nd chance) (outside left) made by Antonio Reeves(UKY), assist D.J. Wagner(UKY)",48 - 45,5252546,560583,561170,2024-03-16
2,19:45,"2pt jump shot (in the paint) missed by Antonio Reeves(UKY), rebound offensive Justin Edwards(UKY)",48 - 42,5252546,560583,561170,2024-03-16
2,20:00,Period start,48 - 42,5252546,560583,561170,2024-03-16
2,20:00,Substitution TAMU: in Solomon Washington,48 - 42,5252546,560583,561170,2024-03-16
2,20:00,Substitution TAMU: in Wildens Leveque,48 - 42,5252546,560583,561170,2024-03-16
2,20:00,Substitution TAMU: out Henry Coleman III,48 - 42,5252546,560583,561170,2024-03-16
2,20:00,Substitution TAMU: out Jace Carter,48 - 42,5252546,560583,561170,2024-03-16
2,20:00,Substitution UKY: in Antonio Reeves,48 - 42,5252546,560583,561170,2024-03-16
2,20:00,Substitution UKY: in Adou Thiero,48 - 42,5252546,560583,561170,2024-03-16
2,20:00,Substitution UKY: in Justin Edwards,48 - 42,5252546,560583,561170,2024-03-16
2,20:00,Substitution UKY: out Reed Sheppard,48 - 42,5252546,560583,561170,2024-03-16
2,20:00,Substitution UKY: out Tre Mitchell,48 - 42,5252546,560583,561170,2024-03-16
2,20:00,Substitution UKY: out Rob Dillingham,48 - 42,5252546,560583,561170,2024-03-16
1,00:00.00,Period end (confirmed),48 - 42,5252546,560583,561170,2024-03-16
1,00:00.10,"3pt jump shot (outside right) missed by D.J. Wagner(UKY), rebound defensive Tyrece Radford(TAMU)",48 - 42,5252546,560583,561170,2024-03-16
1,00:10.70,"3pt jump shot (outside left) missed by Wade Taylor IV(TAMU), rebound defensive Rob Dillingham(UKY)",48 - 42,5252546,560583,561170,2024-03-16
1,00:28.80,Free throw 2 of 2 made by Rob Dillingham(UKY),48 - 42,5252546,560583,561170,2024-03-16
1,00:28.80,Substitution TAMU: in Tyrece Radford,48 - 41,5252546,560583,561170,2024-03-16
1,00:28.80,Substitution TAMU: out Solomon Washington,48 - 41,5252546,560583,561170,2024-03-16
1,00:28.80,Substitution UKY: in Ugonna Onyenso,48 - 41,5252546,560583,561170,2024-03-16
1,00:28.80,Substitution UKY: out Zvonimir Ivisic,48 - 41,5252546,560583,561170,2024-03-16
1,00:28.80,Free throw 1 of 2 made by Rob Dillingham(UKY),48 - 41,5252546,560583,561170,2024-03-16
1,00:28.80,Foul personal (shooting;2 free throws) (in the paint) Solomon Washington(TAMU),48 - 40,5252546,560583,561170,2024-03-16
1,00:53.20,Free throw 2 of 2 made by Solomon Washington(TAMU),48 - 40,5252546,560583,561170,2024-03-16
1,00:53.20,Substitution TAMU: in Jace Carter,47 - 40,5252546,560583,561170,2024-03-16
1,00:53.20,Substitution TAMU: out Tyrece Radford,47 - 40,5252546,560583,561170,2024-03-16
1,00:53.20,Substitution UKY: in Tre Mitchell,47 - 40,5252546,560583,561170,2024-03-16
1,00:53.20,Substitution UKY: out Adou Thiero,47 - 40,5252546,560583,561170,2024-03-16
1,00:53.20,"Free throw 1 of 2 missed by Solomon Washington(TAMU), rebound offensive dead ball TAMU",47 - 40,5252546,560583,561170,2024-03-16
1,00:53.20,Foul personal (2 free throws) (back court) Adou Thiero(UKY),47 - 40,5252546,560583,561170,2024-03-16
1,00:53.40,"2pt layup (under the basket) missed by D.J. Wagner(UKY), rebound defensive Solomon Washington(TAMU)",47 - 40,5252546,560583,561170,2024-03-16
1,01:09,"2pt driving layup (in the paint) missed by Tyrece Radford(TAMU), rebound defensive D.J. Wagner(UKY)",47 - 40,5252546,560583,561170,2024-03-16
1,01:36,"Free throw 2 of 2 (fast break) missed by Reed Sheppard(UKY), rebound defensive Tyrece Radford(TAMU)",47 - 40,5252546,560583,561170,2024-03-16
1,01:36,Free throw 1 of 2 (fast break) made by Reed Sheppard(UKY),47 - 40,5252546,560583,561170,2024-03-16
1,01:36,Foul personal (shooting;2 free throws) (under the basket) Wade Taylor IV(TAMU),47 - 39,5252546,560583,561170,2024-03-16
1,01:41,"3pt jump shot (outside left) missed by Solomon Washington(TAMU), rebound defensive Reed Sheppard(UKY)",47 - 39,5252546,560583,561170,2024-03-16
1,01:58,"3pt jump shot (outside left) missed by Reed Sheppard(UKY), rebound defensive Solomon Washington(TAMU)",47 - 39,5252546,560583,561170,2024-03-16
1,02:16,Free throw 2 of 2 made by Manny Obaseki(TAMU),47 - 39,5252546,560583,561170,2024-03-16
1,02:16,"Free throw 1 of 2 missed by Manny Obaseki(TAMU), rebound offensive dead ball TAMU",46 - 39,5252546,560583,561170,2024-03-16
1,02:16,Foul personal (shooting;2 free throws) (in the paint) Adou Thiero(UKY),46 - 39,5252546,560583,561170,2024-03-16
1,02:34,2pt driving layup (under the basket) made by Rob Dillingham(UKY),46 - 39,5252546,560583,561170,2024-03-16
1,02:44,"Free throw 2 of 2 missed by Tyrece Radford(TAMU), rebound defensive Reed Sheppard(UKY)",46 - 37,5252546,560583,561170,2024-03-16
1,02:44,Free throw 1 of 2 made by Tyrece Radford(TAMU),46 - 37,5252546,560583,561170,2024-03-16
1,02:44,Substitution UKY: in Adou Thiero,45 - 37,5252546,560583,561170,2024-03-16
1,02:44,Substitution UKY: out Justin Edwards,45 - 37,5252546,560583,561170,2024-03-16
1,02:44,Foul personal (one and one) (inside right) Justin Edwards(UKY),45 - 37,5252546,560583,561170,2024-03-16
1,02:59,Free throw 1 of 1 made by D.J. Wagner(UKY),45 - 37,5252546,560583,561170,2024-03-16
1,02:59,Substitution TAMU: in Henry Coleman III,45 - 36,5252546,560583,561170,2024-03-16
1,02:59,Substitution TAMU: out Andersson Garcia,45 - 36,5252546,560583,561170,2024-03-16
1,02:59,Substitution UKY: in Zvonimir Ivisic,45 - 36,5252546,560583,561170,2024-03-16
1,02:59,Substitution UKY: in Justin Edwards,45 - 36,5252546,560583,561170,2024-03-16
1,02:59,Substitution UKY: out Adou Thiero,45 - 36,5252546,560583,561170,2024-03-16
1,02:59,Substitution UKY: out Ugonna Onyenso,45 - 36,5252546,560583,561170,2024-03-16
1,02:59,Timeout commercial,45 - 36,5252546,560583,561170,2024-03-16
1,02:59,Foul personal (shooting;1 free throw) (in the paint) Andersson Garcia(TAMU),45 - 36,5252546,560583,561170,2024-03-16
1,02:59,2pt layup (in the paint) made by D.J. Wagner(UKY),45 - 36,5252546,560583,561170,2024-03-16
1,03:08,2pt jump shot (inside left) made by Tyrece Radford(TAMU),45 - 34,5252546,560583,561170,2024-03-16
1,03:40,"2pt jump shot (under the basket) missed by Ugonna Onyenso(UKY), rebound defensive Solomon Washington(TAMU)",43 - 34,5252546,560583,561170,2024-03-16
1,04:02,"3pt jump shot (fast break) (outside right) made by Wade Taylor IV(TAMU), assist Tyrece Radford(TAMU)",43 - 34,5252546,560583,561170,2024-03-16
1,04:08,"2pt layup (blocked) (under the basket) missed by Adou Thiero(UKY), block Solomon Washington(TAMU), rebound defensive Solomon Washington(TAMU)",40 - 34,5252546,560583,561170,2024-03-16
1,04:13,"2pt jump shot (blocked) (in the paint) missed by Manny Obaseki(TAMU), block Adou Thiero(UKY), rebound defensive D.J. Wagner(UKY)",40 - 34,5252546,560583,561170,2024-03-16
1,04:32,"3pt jump shot (outside center) missed by Rob Dillingham(UKY), rebound defensive Wade Taylor IV(TAMU)",40 - 34,5252546,560583,561170,2024-03-16
1,04:44,"3pt jump shot (outside left) made by Solomon Washington(TAMU), assist Tyrece Radford(TAMU)",40 - 34,5252546,560583,561170,2024-03-16
1,05:01,2pt layup (under the basket) made by Rob Dillingham(UKY),37 - 34,5252546,560583,561170,2024-03-16
1,05:16,"2pt jump shot (inside right) missed by Wade Taylor IV(TAMU), rebound defensive Rob Dillingham(UKY)",37 - 32,5252546,560583,561170,2024-03-16
1,05:33,"3pt jump shot (outside left wing) made by Reed Sheppard(UKY), assist Rob Dillingham(UKY)",37 - 32,5252546,560583,561170,2024-03-16
1,05:42,Substitution UKY: in Adou Thiero,48 - 42,5252546,560583,561170,2024-03-16
1,05:42,Substitution UKY: out Tre Mitchell,48 - 42,5252546,560583,561170,2024-03-16
1,05:41,"Free throw 1 of 1 (2nd chance) missed by Tyrece Radford(TAMU), rebound defensive Adou Thiero(UKY)",37 - 29,5252546,560583,561170,2024-03-16
1,05:42,Substitution UKY: in Reed Sheppard,48 - 42,5252546,560583,561170,2024-03-16
1,05:42,Substitution UKY: out Antonio Reeves,48 - 42,5252546,560583,561170,2024-03-16
1,05:43,"Foul personal (one and one) (in the paint) Antonio Reeves(UKY), foul on Tyrece Radford(TAMU)",48 - 42,5252546,560583,561170,2024-03-16
1,05:43,"2pt step back jump shot (inside center) missed by Manny Obaseki(TAMU), rebound defensive dead ball UKY, rebound offensive dead ball TAMU, rebound offensive dead ball TAMU",37 - 29,5252546,560583,561170,2024-03-16
1,06:06,2pt dunk (fast break) (under the basket) made by Ugonna Onyenso(UKY),37 - 29,5252546,560583,561170,2024-03-16
1,06:16,"3pt jump shot (off turnover) (outside center) missed by Wade Taylor IV(TAMU), rebound defensive Tre Mitchell(UKY)",37 - 27,5252546,560583,561170,2024-03-16
1,06:25,"Turnover lost ball (inside left) Tre Mitchell(UKY), steal Solomon Washington(TAMU)",37 - 27,5252546,560583,561170,2024-03-16
1,06:43,Substitution UKY: in D.J. Wagner,37 - 27,5252546,560583,561170,2024-03-16
1,06:43,Substitution UKY: out Reed Sheppard,37 - 27,5252546,560583,561170,2024-03-16
1,06:45,"2pt layup (off turnover;fast break) (under the basket) made by Solomon Washington(TAMU), assist Tyrece Radford(TAMU)",37 - 27,5252546,560583,561170,2024-03-16
1,06:50,"Turnover bad pass (back court) Reed Sheppard(UKY), steal Manny Obaseki(TAMU)",35 - 27,5252546,560583,561170,2024-03-16
1,06:57,Free throw 2 of 2 (fast break;off turnover) made by Tyrece Radford(TAMU),35 - 27,5252546,560583,561170,2024-03-16
1,06:57,Free throw 1 of 2 (fast break;off turnover) made by Tyrece Radford(TAMU),34 - 27,5252546,560583,561170,2024-03-16
1,06:57,Substitution TAMU: in Solomon Washington,33 - 27,5252546,560583,561170,2024-03-16
1,06:57,Substitution TAMU: out Henry Coleman III,33 - 27,5252546,560583,561170,2024-03-16
1,06:57,Foul personal (one and one) (outside center) Reed Sheppard(UKY),33 - 27,5252546,560583,561170,2024-03-16
1,06:59,"Turnover lost ball (inside right) Reed Sheppard(UKY), steal Tyrece Radford(TAMU)",33 - 27,5252546,560583,561170,2024-03-16
1,07:02,Substitution TAMU: in Andersson Garcia,33 - 27,5252546,560583,561170,2024-03-16
1,07:02,Substitution TAMU: out Solomon Washington,33 - 27,5252546,560583,561170,2024-03-16
1,07:02,Substitution UKY: in Antonio Reeves,33 - 27,5252546,560583,561170,2024-03-16
1,07:02,Substitution UKY: in Tre Mitchell,33 - 27,5252546,560583,561170,2024-03-16
1,07:02,Substitution UKY: in Rob Dillingham,33 - 27,5252546,560583,561170,2024-03-16
1,07:02,Substitution UKY: out D.J. Wagner,33 - 27,5252546,560583,561170,2024-03-16
1,07:02,Substitution UKY: out Adou Thiero,33 - 27,5252546,560583,561170,2024-03-16
1,07:02,Substitution UKY: out Justin Edwards,33 - 27,5252546,560583,561170,2024-03-16
1,07:02,Timeout commercial,33 - 27,5252546,560583,561170,2024-03-16
1,07:02,"Foul personal (in the paint) Tyrece Radford(TAMU), foul on Ugonna Onyenso(UKY)",33 - 27,5252546,560583,561170,2024-03-16
1,07:14,2pt driving layup (in the paint) made by Wade Taylor IV(TAMU),33 - 27,5252546,560583,561170,2024-03-16
1,07:32,2pt jump shot (inside left) made by Reed Sheppard(UKY),31 - 27,5252546,560583,561170,2024-03-16
1,07:53,"2pt layup (fast break) (under the basket) made by Tyrece Radford(TAMU), assist Manny Obaseki(TAMU)",31 - 25,5252546,560583,561170,2024-03-16
1,08:00,"2pt layup (off turnover) (under the basket) missed by Justin Edwards(UKY), rebound defensive Henry Coleman III(TAMU)",29 - 25,5252546,560583,561170,2024-03-16
1,08:18,"Turnover bad pass (inside center) Wade Taylor IV(TAMU), steal D.J. Wagner(UKY)",29 - 25,5252546,560583,561170,2024-03-16
1,08:40,"3pt jump shot (outside center) made by D.J. Wagner(UKY), assist Justin Edwards(UKY)",29 - 25,5252546,560583,561170,2024-03-16
1,08:57,Substitution TAMU: in Henry Coleman III,29 - 22,5252546,560583,561170,2024-03-16
1,08:57,Substitution TAMU: out Andersson Garcia,29 - 22,5252546,560583,561170,2024-03-16
1,08:57,Substitution UKY: in Ugonna Onyenso,29 - 22,5252546,560583,561170,2024-03-16
1,08:57,Substitution UKY: out Aaron Bradshaw,29 - 22,5252546,560583,561170,2024-03-16
1,08:57,2pt layup (fast break) (under the basket) made by Wade Taylor IV(TAMU),29 - 22,5252546,560583,561170,2024-03-16
1,09:04,"2pt jump shot (inside left) missed by D.J. Wagner(UKY), rebound defensive Solomon Washington(TAMU)",27 - 22,5252546,560583,561170,2024-03-16
1,09:14,"3pt jump shot (outside center) missed by Wade Taylor IV(TAMU), rebound defensive D.J. Wagner(UKY)",27 - 22,5252546,560583,561170,2024-03-16
1,09:20,"2pt layup (2nd chance) (under the basket) missed by Adou Thiero(UKY), rebound defensive Solomon Washington(TAMU)",27 - 22,5252546,560583,561170,2024-03-16
1,09:28,"3pt jump shot (outside center) missed by Justin Edwards(UKY), rebound offensive Adou Thiero(UKY)",27 - 22,5252546,560583,561170,2024-03-16
1,09:48,"3pt jump shot (2nd chance) (outside center) made by Wade Taylor IV(TAMU), assist Tyrece Radford(TAMU)",27 - 22,5252546,560583,561170,2024-03-16
1,10:00,Substitution TAMU: in Manny Obaseki,24 - 22,5252546,560583,561170,2024-03-16
1,10:00,Substitution TAMU: in Wade Taylor IV,24 - 22,5252546,560583,561170,2024-03-16
1,10:00,Substitution TAMU: out Hayden Hefner,24 - 22,5252546,560583,561170,2024-03-16
1,10:00,Substitution TAMU: out Jace Carter,24 - 22,5252546,560583,561170,2024-03-16
1,10:00,Substitution UKY: in Adou Thiero,24 - 22,5252546,560583,561170,2024-03-16
1,10:00,Substitution UKY: out Tre Mitchell,24 - 22,5252546,560583,561170,2024-03-16
1,10:00,Jump ball held ball TAMU,24 - 22,5252546,560583,561170,2024-03-16
1,10:05,"2pt jump shot (inside right) missed by Tyrece Radford(TAMU), rebound offensive Andersson Garcia(TAMU)",24 - 22,5252546,560583,561170,2024-03-16
1,10:21,"3pt jump shot (outside left) made by Reed Sheppard(UKY), assist D.J. Wagner(UKY)",24 - 22,5252546,560583,561170,2024-03-16
1,10:27,2pt layup (2nd chance) (under the basket) made by Hayden Hefner(TAMU),24 - 19,5252546,560583,561170,2024-03-16
1,10:34,"2pt jump shot (blocked) (in the paint) missed by Solomon Washington(TAMU), block Aaron Bradshaw(UKY), rebound offensive Hayden Hefner(TAMU)",22 - 19,5252546,560583,561170,2024-03-16
1,10:50,"3pt jump shot (outside left) made by Reed Sheppard(UKY), assist Justin Edwards(UKY)",22 - 19,5252546,560583,561170,2024-03-16
1,11:11,Substitution TAMU: in Jace Carter,22 - 16,5252546,560583,561170,2024-03-16
1,11:11,Substitution TAMU: out Manny Obaseki,22 - 16,5252546,560583,561170,2024-03-16
1,11:11,Free throw 2 of 2 (2nd chance;off turnover) made by Tyrece Radford(TAMU),22 - 16,5252546,560583,561170,2024-03-16
1,11:11,Substitution UKY: in Aaron Bradshaw,21 - 16,5252546,560583,561170,2024-03-16
1,11:11,Substitution UKY: out Zvonimir Ivisic,21 - 16,5252546,560583,561170,2024-03-16
1,11:11,Free throw 1 of 2 (2nd chance;off turnover) made by Tyrece Radford(TAMU),21 - 16,5252546,560583,561170,2024-03-16
1,11:11,Foul personal (shooting;2 free throws) (in the paint) Justin Edwards(UKY),20 - 16,5252546,560583,561170,2024-03-16
1,11:21,"2pt jump shot (off turnover;blocked) (in the paint) missed by Manny Obaseki(TAMU), block Zvonimir Ivisic(UKY), rebound offensive Andersson Garcia(TAMU)",20 - 16,5252546,560583,561170,2024-03-16
1,11:38,Substitution UKY: in Justin Edwards,20 - 16,5252546,560583,561170,2024-03-16
1,11:38,Substitution UKY: out Rob Dillingham,20 - 16,5252546,560583,561170,2024-03-16
1,11:38,Timeout commercial,20 - 16,5252546,560583,561170,2024-03-16
1,11:38,"Foul offensive (back court) D.J. Wagner(UKY), turnover offensive D.J. Wagner(UKY), foul on Andersson Garcia(TAMU)",20 - 16,5252546,560583,561170,2024-03-16
1,11:48,"2pt layup (in the paint) missed by Tyrece Radford(TAMU), rebound defensive Reed Sheppard(UKY)",20 - 16,5252546,560583,561170,2024-03-16
1,11:54,"2pt layup (under the basket) missed by Rob Dillingham(UKY), rebound defensive Tyrece Radford(TAMU)",20 - 16,5252546,560583,561170,2024-03-16
1,12:01,"3pt jump shot (off turnover) (outside right) missed by Tyrece Radford(TAMU), rebound defensive Rob Dillingham(UKY)",20 - 16,5252546,560583,561170,2024-03-16
1,12:06,"Turnover bad pass (in the paint) Rob Dillingham(UKY), steal Manny Obaseki(TAMU)",20 - 16,5252546,560583,561170,2024-03-16
1,12:13,"Foul personal (outside center) Hayden Hefner(TAMU), foul on Rob Dillingham(UKY)",20 - 16,5252546,560583,561170,2024-03-16
1,12:26,2pt driving layup (off turnover) (under the basket) made by Manny Obaseki(TAMU),20 - 16,5252546,560583,561170,2024-03-16
1,12:39,Substitution TAMU: in Tyrece Radford,18 - 16,5252546,560583,561170,2024-03-16
1,12:39,Substitution TAMU: in Hayden Hefner,18 - 16,5252546,560583,561170,2024-03-16
1,12:39,Substitution TAMU: out Wade Taylor IV,18 - 16,5252546,560583,561170,2024-03-16
1,12:39,Substitution TAMU: out Jace Carter,18 - 16,5252546,560583,561170,2024-03-16
1,12:39,Substitution UKY: in D.J. Wagner,18 - 16,5252546,560583,561170,2024-03-16
1,12:39,Substitution UKY: out Antonio Reeves,18 - 16,5252546,560583,561170,2024-03-16
1,12:39,"Foul offensive (outside left) Antonio Reeves(UKY), turnover offensive Antonio Reeves(UKY), foul on Solomon Washington(TAMU)",18 - 16,5252546,560583,561170,2024-03-16
1,12:56,"3pt jump shot (outside left) made by Solomon Washington(TAMU), assist Wade Taylor IV(TAMU)",18 - 16,5252546,560583,561170,2024-03-16
1,13:07,Substitution TAMU: in Manny Obaseki,15 - 16,5252546,560583,561170,2024-03-16
1,13:07,Substitution TAMU: in Andersson Garcia,15 - 16,5252546,560583,561170,2024-03-16
1,13:07,Substitution TAMU: out Tyrece Radford,15 - 16,5252546,560583,561170,2024-03-16
1,13:07,Substitution TAMU: out Henry Coleman III,15 - 16,5252546,560583,561170,2024-03-16
1,13:07,Timeout short TAMU,15 - 16,5252546,560583,561170,2024-03-16
1,13:15,"2pt layup (under the basket) made by Tre Mitchell(UKY), assist Rob Dillingham(UKY)",15 - 16,5252546,560583,561170,2024-03-16
1,13:28,"2pt jump shot (inside left) missed by Wade Taylor IV(TAMU), rebound defensive Tre Mitchell(UKY)",15 - 14,5252546,560583,561170,2024-03-16
1,13:44,2pt layup (off turnover;fast break) (under the basket) made by Reed Sheppard(UKY),15 - 14,5252546,560583,561170,2024-03-16
1,13:48,"Turnover lost ball (outside center) Wade Taylor IV(TAMU), steal Reed Sheppard(UKY)",15 - 12,5252546,560583,561170,2024-03-16
1,13:56,"Turnover lost ball (in the paint) Zvonimir Ivisic(UKY), steal Henry Coleman III(TAMU)",15 - 12,5252546,560583,561170,2024-03-16
1,14:19,"2pt jump shot (blocked) (in the paint) missed by Tyrece Radford(TAMU), block Zvonimir Ivisic(UKY), rebound defensive (team) UKY",15 - 12,5252546,560583,561170,2024-03-16
1,14:35,"2pt jump shot (fast break) (in the paint) made by Antonio Reeves(UKY), assist Zvonimir Ivisic(UKY), assist Reed Sheppard(UKY)",15 - 12,5252546,560583,561170,2024-03-16
1,14:43,"3pt jump shot (outside right) missed by Wade Taylor IV(TAMU), rebound defensive Zvonimir Ivisic(UKY)",15 - 10,5252546,560583,561170,2024-03-16
1,14:55,"Foul personal (back court) Tre Mitchell(UKY), foul on Henry Coleman III(TAMU)",15 - 10,5252546,560583,561170,2024-03-16
1,14:55,Foul (inside right wing) TAMU,15 - 10,5252546,560583,561170,2024-03-16
1,14:57,"3pt jump shot (outside center) missed by Rob Dillingham(UKY), rebound offensive Tre Mitchell(UKY), rebound defensive Henry Coleman III(TAMU)",15 - 10,5252546,560583,561170,2024-03-16
1,14:59,Substitution TAMU: in Henry Coleman III,15 - 10,5252546,560583,561170,2024-03-16
1,14:59,Substitution TAMU: out Andersson Garcia,15 - 10,5252546,560583,561170,2024-03-16
1,14:59,"Foul personal (outside left) Andersson Garcia(TAMU), foul on Zvonimir Ivisic(UKY)",15 - 10,5252546,560583,561170,2024-03-16
1,15:11,"Free throw 2 of 2 missed by Andersson Garcia(TAMU), rebound defensive Tre Mitchell(UKY)",15 - 10,5252546,560583,561170,2024-03-16
1,15:11,Free throw 1 of 2 made by Andersson Garcia(TAMU),15 - 10,5252546,560583,561170,2024-03-16
1,15:11,Foul personal (shooting;2 free throws) (under the basket) Zvonimir Ivisic(UKY),14 - 10,5252546,560583,561170,2024-03-16
1,15:23,Substitution TAMU: in Solomon Washington,14 - 10,5252546,560583,561170,2024-03-16
1,15:23,Substitution TAMU: out Manny Obaseki,14 - 10,5252546,560583,561170,2024-03-16
1,15:23,"Foul personal (outside center) Rob Dillingham(UKY), foul on Wade Taylor IV(TAMU)",14 - 10,5252546,560583,561170,2024-03-16
1,15:34,2pt driving layup (in the paint) made by Rob Dillingham(UKY),14 - 10,5252546,560583,561170,2024-03-16
1,15:45,Substitution UKY: in Tre Mitchell,14 - 8,5252546,560583,561170,2024-03-16
1,15:45,Substitution UKY: out Adou Thiero,14 - 8,5252546,560583,561170,2024-03-16
1,15:45,Timeout commercial,14 - 8,5252546,560583,561170,2024-03-16
1,15:51,"3pt jump shot (2nd chance) (outside left) missed by Jace Carter(TAMU), rebound defensive Adou Thiero(UKY)",14 - 8,5252546,560583,561170,2024-03-16
1,15:56,"3pt jump shot (outside left) missed by Wade Taylor IV(TAMU), rebound offensive Andersson Garcia(TAMU)",14 - 8,5252546,560583,561170,2024-03-16
1,16:18,"Free throw 2 of 2 missed by Adou Thiero(UKY), rebound defensive Andersson Garcia(TAMU)",14 - 8,5252546,560583,561170,2024-03-16
1,16:18,Substitution TAMU: in Jace Carter,14 - 8,5252546,560583,561170,2024-03-16
1,16:18,Substitution TAMU: out Solomon Washington,14 - 8,5252546,560583,561170,2024-03-16
1,16:18,Substitution UKY: in Zvonimir Ivisic,14 - 8,5252546,560583,561170,2024-03-16
1,16:18,Substitution UKY: out Ugonna Onyenso,14 - 8,5252546,560583,561170,2024-03-16
1,16:18,Free throw 1 of 2 made by Adou Thiero(UKY),14 - 8,5252546,560583,561170,2024-03-16
1,16:18,Foul personal (shooting;2 free throws) (in the paint) Manny Obaseki(TAMU),14 - 7,5252546,560583,561170,2024-03-16
1,16:30,"3pt jump shot (outside center) made by Tyrece Radford(TAMU), assist Solomon Washington(TAMU)",14 - 7,5252546,560583,561170,2024-03-16
1,16:47,"3pt jump shot (outside center) made by Rob Dillingham(UKY), assist Antonio Reeves(UKY)",11 - 7,5252546,560583,561170,2024-03-16
1,16:58,"3pt jump shot (2nd chance) (outside left) made by Wade Taylor IV(TAMU), assist Andersson Garcia(TAMU)",11 - 4,5252546,560583,561170,2024-03-16
1,17:04,2pt jump shot (blocked) (inside left) missed by Solomon Washington(TAMU),8 - 4,5252546,560583,561170,2024-03-16
1,17:17,Substitution UKY: in Reed Sheppard,8 - 4,5252546,560583,561170,2024-03-16
1,17:17,Substitution UKY: in Rob Dillingham,8 - 4,5252546,560583,561170,2024-03-16
1,17:17,Substitution UKY: out D.J. Wagner,8 - 4,5252546,560583,561170,2024-03-16
1,17:17,Substitution UKY: out Justin Edwards,8 - 4,5252546,560583,561170,2024-03-16
1,17:20,"3pt jump shot (outside left) made by Antonio Reeves(UKY), assist D.J. Wagner(UKY)",8 - 4,5252546,560583,561170,2024-03-16
1,17:39,"2pt jump shot (blocked) (inside left) missed by Andersson Garcia(TAMU), block Ugonna Onyenso(UKY), rebound defensive Adou Thiero(UKY)",8 - 1,5252546,560583,561170,2024-03-16
1,17:54,"2pt jump shot (2nd chance) (inside left) missed by D.J. Wagner(UKY), rebound defensive Andersson Garcia(TAMU)",8 - 1,5252546,560583,561170,2024-03-16
1,18:06,Substitution TAMU: in Andersson Garcia,8 - 1,5252546,560583,561170,2024-03-16
1,18:06,Substitution TAMU: out Wildens Leveque,8 - 1,5252546,560583,561170,2024-03-16
1,18:09,"3pt jump shot (outside right wing) missed by Justin Edwards(UKY), rebound offensive (team) UKY",8 - 1,5252546,560583,561170,2024-03-16
1,18:17,Timeout short UKY,8 - 1,5252546,560583,561170,2024-03-16
1,18:17,2pt jump shot (off turnover;fast break) (inside right) made by Wade Taylor IV(TAMU),8 - 1,5252546,560583,561170,2024-03-16
1,18:25,"Turnover bad pass (inside left) Justin Edwards(UKY), steal Solomon Washington(TAMU)",6 - 1,5252546,560583,561170,2024-03-16
1,18:40,3pt jump shot (fast break) (outside center) made by Wade Taylor IV(TAMU),6 - 1,5252546,560583,561170,2024-03-16
1,18:47,"3pt jump shot (outside center) missed by Antonio Reeves(UKY), rebound defensive Wildens Leveque(TAMU)",3 - 1,5252546,560583,561170,2024-03-16
1,19:03,"3pt jump shot (2nd chance) (outside right) made by Manny Obaseki(TAMU), assist Wade Taylor IV(TAMU)",3 - 1,5252546,560583,561170,2024-03-16
1,19:09,"2pt jump shot (blocked) (in the paint) missed by Manny Obaseki(TAMU), block Ugonna Onyenso(UKY), rebound offensive Wildens Leveque(TAMU)",0 - 1,5252546,560583,561170,2024-03-16
1,19:25,"Free throw 2 of 2 (2nd chance) missed by Antonio Reeves(UKY), rebound defensive Tyrece Radford(TAMU)",0 - 1,5252546,560583,561170,2024-03-16
1,19:25,Free throw 1 of 2 (2nd chance) made by Antonio Reeves(UKY),0 - 1,5252546,560583,561170,2024-03-16
1,19:25,Foul personal (shooting;2 free throws) (in the paint) Solomon Washington(TAMU),0 - 0,5252546,560583,561170,2024-03-16
1,19:35,"3pt jump shot (outside left) missed by Justin Edwards(UKY), rebound offensive Ugonna Onyenso(UKY)",0 - 0,5252546,560583,561170,2024-03-16
1,20:00,"Jump ball start period, won Ugonna Onyenso(UKY), lost Wildens Leveque(TAMU)",0 - 0,5252546,560583,561170,2024-03-16
1,20:00,Period start,0 - 0,5252546,560583,561170,2024-03-16
1,20:00,Game start,0 - 0,5252546,560583,561170,2024-03-16
2,11:27,"3pt jump shot (outside center) made by Sammy Hunter(AKR), assist Shammah Scott(AKR)",36 - 33,5251815,560651,561010,2024-03-16
2,11:45,"2pt layup (off turnover;blocked) (in the paint) missed by Jaylin Hunter(OHIO), block Enrique Freeman(AKR), rebound defensive Enrique Freeman(AKR)",36 - 30,5251815,560651,561010,2024-03-16
2,12:00,Turnover out of bounds (back court) Shammah Scott(AKR),36 - 30,5251815,560651,561010,2024-03-16
2,12:00,"3pt jump shot (2nd chance) (outside center) missed by Shereef Mitchell(OHIO), rebound defensive Shammah Scott(AKR)",36 - 30,5251815,560651,561010,2024-03-16
2,12:06,Timeout commercial,36 - 30,5251815,560651,561010,2024-03-16
2,12:06,Jump ball block tie up OHIO,36 - 30,5251815,560651,561010,2024-03-16
2,12:06,"2pt jump shot (blocked) (under the basket) missed by Gabe Wiznitzer(OHIO), block Enrique Freeman(AKR), rebound offensive Gabe Wiznitzer(OHIO)",36 - 30,5251815,560651,561010,2024-03-16
2,12:24,Substitution OHIO: in Jaylin Hunter,36 - 30,5251815,560651,561010,2024-03-16
2,12:24,Substitution OHIO: in Gabe Wiznitzer,36 - 30,5251815,560651,561010,2024-03-16
2,12:24,Substitution OHIO: in Miles Brown,36 - 30,5251815,560651,561010,2024-03-16
2,12:24,Substitution OHIO: out AJ Clayton,36 - 30,5251815,560651,561010,2024-03-16
2,12:24,Substitution OHIO: out Elmore James,36 - 30,5251815,560651,561010,2024-03-16
2,12:24,Substitution OHIO: out Ajay Sheldon,36 - 30,5251815,560651,561010,2024-03-16
2,12:24,"Foul personal (in the paint) Enrique Freeman(AKR), foul on Elmore James(OHIO)",36 - 30,5251815,560651,561010,2024-03-16
2,12:38,2pt jump shot (2nd chance;off turnover) (under the basket) made by Sammy Hunter(AKR),36 - 30,5251815,560651,561010,2024-03-16
2,12:44,"3pt jump shot (off turnover) (outside left) missed by Shammah Scott(AKR), rebound offensive Sammy Hunter(AKR)",36 - 28,5251815,560651,561010,2024-03-16
2,12:58,Turnover travel (in the paint) Elmore James(OHIO),36 - 28,5251815,560651,561010,2024-03-16
2,13:14,Substitution AKR: in Sammy Hunter,36 - 28,5251815,560651,561010,2024-03-16
2,13:14,Substitution AKR: out Ali Ali,36 - 28,5251815,560651,561010,2024-03-16
2,13:14,Free throw 2 of 2 made by AJ Clayton(OHIO),36 - 28,5251815,560651,561010,2024-03-16
2,13:14,Free throw 1 of 2 made by AJ Clayton(OHIO),35 - 28,5251815,560651,561010,2024-03-16
2,13:14,Foul technical (class a;2 free throws) Ali Ali(AKR),34 - 28,5251815,560651,561010,2024-03-16
2,13:14,"Foul personal (outside left) Ali Ali(AKR), foul on Shereef Mitchell(OHIO)",34 - 28,5251815,560651,561010,2024-03-16
2,13:36,"3pt jump shot (2nd chance) (outside left) made by Ali Ali(AKR), assist Tavari Johnson(AKR)",34 - 28,5251815,560651,561010,2024-03-16
2,13:40,"2pt jump shot (under the basket) missed by Greg Tribble(AKR), rebound offensive (team) AKR",34 - 25,5251815,560651,561010,2024-03-16
2,14:04,Free throw 1 of 1 made by Shereef Mitchell(OHIO),34 - 25,5251815,560651,561010,2024-03-16
2,14:04,Substitution AKR: in Tavari Johnson,33 - 25,5251815,560651,561010,2024-03-16
2,14:04,Substitution AKR: out Kaleb Thornton,33 - 25,5251815,560651,561010,2024-03-16
2,14:04,Substitution AKR: in Greg Tribble,33 - 25,5251815,560651,561010,2024-03-16
2,14:04,Substitution AKR: in Shammah Scott,33 - 25,5251815,560651,561010,2024-03-16
2,14:04,Substitution AKR: out Mikal Dawson,33 - 25,5251815,560651,561010,2024-03-16
2,14:04,Substitution AKR: out Sammy Hunter,33 - 25,5251815,560651,561010,2024-03-16
2,14:04,Foul personal (shooting;1 free throw) (in the paint) Kaleb Thornton(AKR),33 - 25,5251815,560651,561010,2024-03-16
2,14:04,2pt jump shot (in the paint) made by Shereef Mitchell(OHIO),33 - 25,5251815,560651,561010,2024-03-16
2,14:28,"3pt jump shot (outside left) missed by Mikal Dawson(AKR), rebound defensive (team) OHIO",31 - 25,5251815,560651,561010,2024-03-16
2,14:50,Substitution OHIO: in Shereef Mitchell,31 - 25,5251815,560651,561010,2024-03-16
2,14:50,Substitution OHIO: out Miles Brown,31 - 25,5251815,560651,561010,2024-03-16
2,14:50,Timeout commercial,31 - 25,5251815,560651,561010,2024-03-16
2,14:50,"Foul personal (back court) Ajay Sheldon(OHIO), foul on Kaleb Thornton(AKR)",31 - 25,5251815,560651,561010,2024-03-16
2,14:52,"3pt jump shot (outside center) missed by AJ Clayton(OHIO), rebound defensive Kaleb Thornton(AKR)",31 - 25,5251815,560651,561010,2024-03-16
2,15:14,3pt jump shot (2nd chance) (outside left wing) made by Ali Ali(AKR),31 - 25,5251815,560651,561010,2024-03-16
2,15:19,"3pt jump shot (outside left) missed by Ali Ali(AKR), rebound offensive Ali Ali(AKR)",31 - 22,5251815,560651,561010,2024-03-16
2,15:41,2pt layup (2nd chance) (under the basket) made by Miles Brown(OHIO),31 - 22,5251815,560651,561010,2024-03-16
2,15:45,"2pt layup (in the paint) missed by Miles Brown(OHIO), rebound offensive Miles Brown(OHIO)",29 - 22,5251815,560651,561010,2024-03-16
2,16:12,2pt dunk (2nd chance) (under the basket) made by Enrique Freeman(AKR),29 - 22,5251815,560651,561010,2024-03-16
2,16:15,"2pt jump shot (in the paint) missed by Enrique Freeman(AKR), rebound offensive Ali Ali(AKR)",29 - 20,5251815,560651,561010,2024-03-16
2,16:32,Substitution OHIO: in Elmore James,29 - 20,5251815,560651,561010,2024-03-16
2,16:32,Substitution OHIO: in Ajay Sheldon,29 - 20,5251815,560651,561010,2024-03-16
2,16:32,Substitution OHIO: out Jaylin Hunter,29 - 20,5251815,560651,561010,2024-03-16
2,16:32,Substitution OHIO: out Shereef Mitchell,29 - 20,5251815,560651,561010,2024-03-16
2,16:32,"Foul personal (outside center) Jaylin Hunter(OHIO), foul on Enrique Freeman(AKR)",29 - 20,5251815,560651,561010,2024-03-16
2,16:41,"3pt jump shot (outside right) missed by AJ Clayton(OHIO), rebound defensive Enrique Freeman(AKR)",29 - 20,5251815,560651,561010,2024-03-16
2,16:47,"3pt jump shot (outside left) missed by Mikal Dawson(AKR), rebound defensive Shereef Mitchell(OHIO)",29 - 20,5251815,560651,561010,2024-03-16
2,16:56,"2pt layup (in the paint) missed by Jaylin Hunter(OHIO), rebound defensive Enrique Freeman(AKR)",29 - 20,5251815,560651,561010,2024-03-16
2,17:12,Substitution AKR: in Mikal Dawson,29 - 20,5251815,560651,561010,2024-03-16
2,17:12,Substitution AKR: out Nate Johnson,29 - 20,5251815,560651,561010,2024-03-16
2,17:12,"Foul personal (back court) Kaleb Thornton(AKR), foul on Aidan Hadaway(OHIO)",29 - 20,5251815,560651,561010,2024-03-16
2,17:17,"2pt jump shot (in the paint) missed by Ali Ali(AKR), rebound defensive Jaylin Hunter(OHIO)",29 - 20,5251815,560651,561010,2024-03-16
2,17:34,"3pt jump shot (outside right wing) made by Jaylin Hunter(OHIO), assist AJ Clayton(OHIO)",29 - 20,5251815,560651,561010,2024-03-16
2,17:43,Substitution AKR: in Kaleb Thornton,26 - 20,5251815,560651,561010,2024-03-16
2,17:43,Substitution AKR: out Greg Tribble,26 - 20,5251815,560651,561010,2024-03-16
2,17:43,"Foul personal (outside center) Greg Tribble(AKR), foul on Jaylin Hunter(OHIO)",26 - 20,5251815,560651,561010,2024-03-16
2,18:00,2pt turnaround jump shot (under the basket) made by Nate Johnson(AKR),26 - 20,5251815,560651,561010,2024-03-16
2,18:15,"2pt layup (in the paint) missed by Miles Brown(OHIO), rebound defensive Sammy Hunter(AKR)",26 - 18,5251815,560651,561010,2024-03-16
2,18:23,"3pt jump shot (outside right) missed by Ali Ali(AKR), rebound defensive Miles Brown(OHIO)",26 - 18,5251815,560651,561010,2024-03-16
2,18:36,"Foul personal (back court) Jaylin Hunter(OHIO), foul on Ali Ali(AKR)",26 - 18,5251815,560651,561010,2024-03-16
2,18:38,"2pt layup (in the paint) missed by Aidan Hadaway(OHIO), rebound defensive Ali Ali(AKR)",26 - 18,5251815,560651,561010,2024-03-16
2,18:56,Free throw 2 of 2 made by Ali Ali(AKR),26 - 18,5251815,560651,561010,2024-03-16
2,18:56,Free throw 1 of 2 made by Ali Ali(AKR),26 - 17,5251815,560651,561010,2024-03-16
2,18:56,Foul personal (shooting;2 free throws) (in the paint) Miles Brown(OHIO),26 - 16,5251815,560651,561010,2024-03-16
2,19:03,"Foul personal (in the paint) Miles Brown(OHIO), foul on Ali Ali(AKR)",26 - 16,5251815,560651,561010,2024-03-16
2,19:03,Foul personal (back court) Greg Tribble(AKR),26 - 16,5251815,560651,561010,2024-03-16
2,19:18,"2pt layup (under the basket) missed by Jaylin Hunter(OHIO), rebound defensive Enrique Freeman(AKR)",26 - 16,5251815,560651,561010,2024-03-16
2,19:45,"2pt jump shot (in the paint) missed by Ali Ali(AKR), rebound defensive Aidan Hadaway(OHIO)",26 - 16,5251815,560651,561010,2024-03-16
2,20:00,Period start,26 - 16,5251815,560651,561010,2024-03-16
2,20:00,Substitution OHIO: in AJ Clayton,26 - 16,5251815,560651,561010,2024-03-16
2,20:00,Substitution OHIO: in Miles Brown,26 - 16,5251815,560651,561010,2024-03-16
2,20:00,Substitution OHIO: out Gabe Wiznitzer,26 - 16,5251815,560651,561010,2024-03-16
2,20:00,Substitution OHIO: out Elmore James,26 - 16,5251815,560651,561010,2024-03-16
2,20:00,Substitution AKR: in Ali Ali,26 - 16,5251815,560651,561010,2024-03-16
2,20:00,Substitution AKR: out Mikal Dawson,26 - 16,5251815,560651,561010,2024-03-16
1,00:00.00,Period end (confirmed),26 - 16,5251815,560651,561010,2024-03-16
1,00:00.20,Turnover shot clock (team) (outside left) AKR,26 - 16,5251815,560651,561010,2024-03-16
1,00:31.30,"2pt jump shot (in the paint) missed by Shereef Mitchell(OHIO), rebound defensive Enrique Freeman(AKR)",26 - 16,5251815,560651,561010,2024-03-16
1,01:04,"Free throw 1 of 1 missed by Greg Tribble(AKR), rebound defensive Gabe Wiznitzer(OHIO)",26 - 16,5251815,560651,561010,2024-03-16
1,01:04,Substitution OHIO: in Elmore James,26 - 16,5251815,560651,561010,2024-03-16
1,01:04,Substitution OHIO: out Miles Brown,26 - 16,5251815,560651,561010,2024-03-16
1,01:04,Substitution AKR: in Nate Johnson,26 - 16,5251815,560651,561010,2024-03-16
1,01:04,Substitution AKR: in Mikal Dawson,26 - 16,5251815,560651,561010,2024-03-16
1,01:04,Substitution AKR: out Ali Ali,26 - 16,5251815,560651,561010,2024-03-16
1,01:04,Substitution AKR: out Shammah Scott,26 - 16,5251815,560651,561010,2024-03-16
1,01:04,Foul personal (one and one) (outside center) Gabe Wiznitzer(OHIO),26 - 16,5251815,560651,561010,2024-03-16
1,01:11,"3pt jump shot (outside right) missed by Miles Brown(OHIO), rebound defensive Enrique Freeman(AKR)",26 - 16,5251815,560651,561010,2024-03-16
1,01:19,"3pt jump shot (outside right) missed by Sammy Hunter(AKR), rebound defensive Jaylin Hunter(OHIO)",26 - 16,5251815,560651,561010,2024-03-16
1,01:40,"3pt jump shot (off turnover) (outside left) made by Jaylin Hunter(OHIO), assist Aidan Hadaway(OHIO)",26 - 16,5251815,560651,561010,2024-03-16
1,01:49,"Turnover lost ball (in the paint) Shammah Scott(AKR), steal Jaylin Hunter(OHIO)",23 - 16,5251815,560651,561010,2024-03-16
1,01:54,"Turnover bad pass (outside left) Miles Brown(OHIO), steal Shammah Scott(AKR)",23 - 16,5251815,560651,561010,2024-03-16
1,02:07,"2pt turnaround jump shot (off turnover) (inside left) missed by Shammah Scott(AKR), rebound defensive Aidan Hadaway(OHIO)",23 - 16,5251815,560651,561010,2024-03-16
1,02:18,Substitution AKR: in Ali Ali,23 - 16,5251815,560651,561010,2024-03-16
1,02:18,Substitution AKR: in Sammy Hunter,23 - 16,5251815,560651,561010,2024-03-16
1,02:18,Substitution AKR: out Nate Johnson,23 - 16,5251815,560651,561010,2024-03-16
1,02:18,Substitution AKR: out Mikal Dawson,23 - 16,5251815,560651,561010,2024-03-16
1,02:18,Turnover dribbling (back court) Miles Brown(OHIO),23 - 16,5251815,560651,561010,2024-03-16
1,02:19,"Turnover lost ball (in the paint) Enrique Freeman(AKR), steal Miles Brown(OHIO)",23 - 16,5251815,560651,561010,2024-03-16
1,02:23,"3pt jump shot (outside left) missed by Mikal Dawson(AKR), rebound offensive Enrique Freeman(AKR)",23 - 16,5251815,560651,561010,2024-03-16
1,02:35,2pt layup (2nd chance;off turnover) (in the paint) made by Gabe Wiznitzer(OHIO),23 - 16,5251815,560651,561010,2024-03-16
1,02:39,"2pt jump shot (off turnover) (in the paint) missed by Shereef Mitchell(OHIO), rebound offensive Gabe Wiznitzer(OHIO)",21 - 16,5251815,560651,561010,2024-03-16
1,03:05,Substitution OHIO: in Gabe Wiznitzer,21 - 16,5251815,560651,561010,2024-03-16
1,03:05,Substitution OHIO: out AJ Clayton,21 - 16,5251815,560651,561010,2024-03-16
1,03:05,"Turnover lost ball (outside left) Shammah Scott(AKR), steal Miles Brown(OHIO)",21 - 16,5251815,560651,561010,2024-03-16
1,03:29,"2pt layup (off turnover) (in the paint) made by Miles Brown(OHIO), assist Aidan Hadaway(OHIO)",21 - 16,5251815,560651,561010,2024-03-16
1,03:52,Substitution AKR: in Greg Tribble,19 - 16,5251815,560651,561010,2024-03-16
1,03:52,Substitution AKR: out Kaleb Thornton,19 - 16,5251815,560651,561010,2024-03-16
1,03:52,Timeout commercial,19 - 16,5251815,560651,561010,2024-03-16
1,03:52,Turnover shot clock (team) (outside center) AKR,19 - 16,5251815,560651,561010,2024-03-16
1,04:25,"3pt jump shot (off turnover) (outside center) made by AJ Clayton(OHIO), assist Shereef Mitchell(OHIO)",19 - 16,5251815,560651,561010,2024-03-16
1,04:47,Substitution AKR: in Nate Johnson,16 - 16,5251815,560651,561010,2024-03-16
1,04:47,Substitution AKR: out Ali Ali,16 - 16,5251815,560651,561010,2024-03-16
1,04:47,Turnover out of bounds (in the paint) Enrique Freeman(AKR),16 - 16,5251815,560651,561010,2024-03-16
1,04:52,"3pt jump shot (outside right) missed by AJ Clayton(OHIO), rebound defensive Kaleb Thornton(AKR)",16 - 16,5251815,560651,561010,2024-03-16
1,05:12,2pt jump shot (in the paint) made by Shammah Scott(AKR),16 - 16,5251815,560651,561010,2024-03-16
1,05:24,"Free throw 1 of 1 missed by AJ Clayton(OHIO), rebound defensive Enrique Freeman(AKR)",16 - 14,5251815,560651,561010,2024-03-16
1,05:24,Substitution AKR: in Shammah Scott,16 - 14,5251815,560651,561010,2024-03-16
1,05:24,Substitution AKR: out Nate Johnson,16 - 14,5251815,560651,561010,2024-03-16
1,05:24,Foul personal (one and one) (back court) Enrique Freeman(AKR),16 - 14,5251815,560651,561010,2024-03-16
1,05:25,"3pt jump shot (off turnover) (outside right) missed by Nate Johnson(AKR), rebound defensive dead ball OHIO",16 - 14,5251815,560651,561010,2024-03-16
1,05:32,Substitution OHIO: in AJ Clayton,16 - 14,5251815,560651,561010,2024-03-16
1,05:32,Substitution OHIO: out Gabe Wiznitzer,16 - 14,5251815,560651,561010,2024-03-16
1,05:32,Substitution AKR: in Mikal Dawson,16 - 14,5251815,560651,561010,2024-03-16
1,05:32,Substitution AKR: out Sammy Hunter,16 - 14,5251815,560651,561010,2024-03-16
1,05:32,Turnover travel (inside center) Miles Brown(OHIO),16 - 14,5251815,560651,561010,2024-03-16
1,05:35,"2pt layup (2nd chance) (in the paint) missed by Ali Ali(AKR), rebound defensive Gabe Wiznitzer(OHIO)",16 - 14,5251815,560651,561010,2024-03-16
1,05:44,"2pt layup (blocked) (under the basket) missed by Ali Ali(AKR), block Miles Brown(OHIO), rebound offensive Ali Ali(AKR)",16 - 14,5251815,560651,561010,2024-03-16
1,05:52,"2pt floating jump shot (in the paint) missed by Aidan Hadaway(OHIO), rebound defensive Enrique Freeman(AKR)",16 - 14,5251815,560651,561010,2024-03-16
1,06:16,"2pt layup (under the basket) made by Enrique Freeman(AKR), assist Ali Ali(AKR)",16 - 14,5251815,560651,561010,2024-03-16
1,06:28,Free throw 1 of 1 made by Miles Brown(OHIO),16 - 12,5251815,560651,561010,2024-03-16
1,06:28,Foul personal (shooting;1 free throw) (under the basket) Kaleb Thornton(AKR),15 - 12,5251815,560651,561010,2024-03-16
1,06:28,2pt layup (under the basket) made by Miles Brown(OHIO),15 - 12,5251815,560651,561010,2024-03-16
1,06:49,2pt layup (under the basket) made by Nate Johnson(AKR),13 - 12,5251815,560651,561010,2024-03-16
1,07:07,"Foul personal (outside left) Gabe Wiznitzer(OHIO), foul on Enrique Freeman(AKR)",13 - 10,5251815,560651,561010,2024-03-16
1,07:17,Substitution AKR: in Kaleb Thornton,13 - 10,5251815,560651,561010,2024-03-16
1,07:17,Substitution AKR: out Greg Tribble,13 - 10,5251815,560651,561010,2024-03-16
1,07:34,2pt jump shot (off turnover) (under the basket) made by Shereef Mitchell(OHIO),13 - 10,5251815,560651,561010,2024-03-16
1,07:59,Timeout commercial,11 - 10,5251815,560651,561010,2024-03-16
1,07:59,"Foul offensive (back court) Greg Tribble(AKR), turnover offensive Greg Tribble(AKR), foul on Jaylin Hunter(OHIO)",11 - 10,5251815,560651,561010,2024-03-16
1,08:19,Substitution OHIO: in Jaylin Hunter,11 - 10,5251815,560651,561010,2024-03-16
1,08:19,Substitution OHIO: in Gabe Wiznitzer,11 - 10,5251815,560651,561010,2024-03-16
1,08:19,Substitution OHIO: out AJ Clayton,11 - 10,5251815,560651,561010,2024-03-16
1,08:19,Substitution OHIO: out Ajay Sheldon,11 - 10,5251815,560651,561010,2024-03-16
1,08:19,Substitution AKR: in Ali Ali,11 - 10,5251815,560651,561010,2024-03-16
1,08:19,Substitution AKR: out Tavari Johnson,11 - 10,5251815,560651,561010,2024-03-16
1,08:19,Turnover travel (outside center) AJ Clayton(OHIO),11 - 10,5251815,560651,561010,2024-03-16
1,08:20,"2pt jump shot (in the paint) missed by Enrique Freeman(AKR), rebound defensive AJ Clayton(OHIO)",11 - 10,5251815,560651,561010,2024-03-16
1,08:37,"2pt layup (off turnover) (under the basket) made by Aidan Hadaway(OHIO), assist Shereef Mitchell(OHIO)",11 - 10,5251815,560651,561010,2024-03-16
1,08:58,Turnover travel (in the paint) Enrique Freeman(AKR),9 - 10,5251815,560651,561010,2024-03-16
1,09:16,Timeout short AKR,9 - 10,5251815,560651,561010,2024-03-16
1,09:17,3pt jump shot (fast break) (outside center) made by Miles Brown(OHIO),9 - 10,5251815,560651,561010,2024-03-16
1,09:25,"2pt jump shot (inside left) missed by Enrique Freeman(AKR), rebound defensive Aidan Hadaway(OHIO)",6 - 10,5251815,560651,561010,2024-03-16
1,09:55,Substitution OHIO: in AJ Clayton,6 - 10,5251815,560651,561010,2024-03-16
1,09:55,Substitution OHIO: in Aidan Hadaway,6 - 10,5251815,560651,561010,2024-03-16
1,09:55,Substitution OHIO: in Miles Brown,6 - 10,5251815,560651,561010,2024-03-16
1,09:55,Substitution OHIO: out Ike Cornish,6 - 10,5251815,560651,561010,2024-03-16
1,09:55,Substitution OHIO: out Gabe Wiznitzer,6 - 10,5251815,560651,561010,2024-03-16
1,09:55,Substitution OHIO: out Elmore James,6 - 10,5251815,560651,561010,2024-03-16
1,09:55,Substitution AKR: in Nate Johnson,6 - 10,5251815,560651,561010,2024-03-16
1,09:55,Substitution AKR: in Sammy Hunter,6 - 10,5251815,560651,561010,2024-03-16
1,09:55,Substitution AKR: out Mikal Dawson,6 - 10,5251815,560651,561010,2024-03-16
1,09:55,Substitution AKR: out Shammah Scott,6 - 10,5251815,560651,561010,2024-03-16
1,09:55,"Foul personal (back court) Gabe Wiznitzer(OHIO), foul on Enrique Freeman(AKR)",6 - 10,5251815,560651,561010,2024-03-16
1,09:56,"2pt layup (blocked) (under the basket) missed by Elmore James(OHIO), block Enrique Freeman(AKR), rebound defensive dead ball AKR",6 - 10,5251815,560651,561010,2024-03-16
1,10:11,"2pt layup (under the basket) missed by Shammah Scott(AKR), rebound defensive Shereef Mitchell(OHIO)",6 - 10,5251815,560651,561010,2024-03-16
1,10:18,"2pt layup (in the paint) missed by Shereef Mitchell(OHIO), rebound defensive Enrique Freeman(AKR)",6 - 10,5251815,560651,561010,2024-03-16
1,10:26,"2pt jump shot (blocked) (in the paint) missed by Tavari Johnson(AKR), block Gabe Wiznitzer(OHIO), rebound defensive Shereef Mitchell(OHIO)",6 - 10,5251815,560651,561010,2024-03-16
1,10:36,"2pt layup (blocked) (in the paint) missed by Gabe Wiznitzer(OHIO), block Enrique Freeman(AKR), rebound defensive Enrique Freeman(AKR)",26 - 16,5251815,560651,561010,2024-03-16
1,11:08,2pt jump shot (in the paint) made by Greg Tribble(AKR),6 - 10,5251815,560651,561010,2024-03-16
1,11:32,"2pt layup (off turnover) (in the paint) missed by Shereef Mitchell(OHIO), rebound defensive Enrique Freeman(AKR)",6 - 8,5251815,560651,561010,2024-03-16
1,11:46,Substitution AKR: in Tavari Johnson,6 - 8,5251815,560651,561010,2024-03-16
1,11:46,Substitution AKR: out Ali Ali,6 - 8,5251815,560651,561010,2024-03-16
1,11:46,Timeout commercial,6 - 8,5251815,560651,561010,2024-03-16
1,11:46,"Foul offensive (back court) Ali Ali(AKR), turnover offensive Ali Ali(AKR), foul on Ajay Sheldon(OHIO)",6 - 8,5251815,560651,561010,2024-03-16
1,11:48,"3pt jump shot (outside left) missed by Mikal Dawson(AKR), rebound defensive dead ball OHIO, rebound offensive dead ball AKR",6 - 8,5251815,560651,561010,2024-03-16
1,12:03,"2pt jump shot (off turnover) (under the basket) missed by Gabe Wiznitzer(OHIO), rebound defensive Enrique Freeman(AKR)",6 - 8,5251815,560651,561010,2024-03-16
1,12:19,Turnover bad pass (outside center) Enrique Freeman(AKR),6 - 8,5251815,560651,561010,2024-03-16
1,12:25,"2pt jump shot (2nd chance;off turnover) (in the paint) missed by Enrique Freeman(AKR), rebound offensive (team) AKR",6 - 8,5251815,560651,561010,2024-03-16
1,12:29,"2pt jump shot (off turnover) (in the paint) missed by Ali Ali(AKR), rebound offensive Enrique Freeman(AKR)",6 - 8,5251815,560651,561010,2024-03-16
1,12:47,Substitution OHIO: in Ike Cornish,6 - 8,5251815,560651,561010,2024-03-16
1,12:47,Substitution OHIO: in Shereef Mitchell,6 - 8,5251815,560651,561010,2024-03-16
1,12:47,Substitution OHIO: out Jaylin Hunter,6 - 8,5251815,560651,561010,2024-03-16
1,12:47,Substitution OHIO: out Aidan Hadaway,6 - 8,5251815,560651,561010,2024-03-16
1,12:47,Substitution AKR: in Ali Ali,6 - 8,5251815,560651,561010,2024-03-16
1,12:47,Substitution AKR: out Sammy Hunter,6 - 8,5251815,560651,561010,2024-03-16
1,12:47,Turnover shot clock (team) (in the paint) OHIO,6 - 8,5251815,560651,561010,2024-03-16
1,12:57,"3pt jump shot (outside left) missed by Aidan Hadaway(OHIO), rebound offensive Gabe Wiznitzer(OHIO)",6 - 8,5251815,560651,561010,2024-03-16
1,13:17,Substitution AKR: in Greg Tribble,6 - 8,5251815,560651,561010,2024-03-16
1,13:17,Substitution AKR: out Kaleb Thornton,6 - 8,5251815,560651,561010,2024-03-16
1,13:17,"3pt jump shot (outside center) missed by Kaleb Thornton(AKR), rebound defensive (team) OHIO",6 - 8,5251815,560651,561010,2024-03-16
1,13:35,"2pt jump shot (in the paint) missed by Elmore James(OHIO), rebound defensive Enrique Freeman(AKR)",6 - 8,5251815,560651,561010,2024-03-16
1,13:46,"2pt layup (off turnover;blocked) (under the basket) missed by Kaleb Thornton(AKR), block Gabe Wiznitzer(OHIO), rebound defensive Ajay Sheldon(OHIO)",6 - 8,5251815,560651,561010,2024-03-16
1,13:50,"Turnover lost ball (outside right) Jaylin Hunter(OHIO), steal Shammah Scott(AKR)",6 - 8,5251815,560651,561010,2024-03-16
1,14:05,Substitution OHIO: in Elmore James,6 - 8,5251815,560651,561010,2024-03-16
1,14:05,Substitution OHIO: out Miles Brown,6 - 8,5251815,560651,561010,2024-03-16
1,14:05,"Foul personal (outside center) Mikal Dawson(AKR), foul on Miles Brown(OHIO)",6 - 8,5251815,560651,561010,2024-03-16
1,14:12,Substitution AKR: in Enrique Freeman,6 - 8,5251815,560651,561010,2024-03-16
1,14:12,Substitution AKR: out Ali Ali,6 - 8,5251815,560651,561010,2024-03-16
1,14:12,Turnover out of bounds (back court) Shammah Scott(AKR),6 - 8,5251815,560651,561010,2024-03-16
1,14:14,"Turnover bad pass (back court) Miles Brown(OHIO), steal Shammah Scott(AKR)",6 - 8,5251815,560651,561010,2024-03-16
1,14:17,Turnover (outside center) AKR,6 - 8,5251815,560651,561010,2024-03-16
1,14:22,"2pt layup (under the basket) missed by Ali Ali(AKR), rebound defensive Gabe Wiznitzer(OHIO)",6 - 8,5251815,560651,561010,2024-03-16
1,14:38,Free throw 2 of 2 (off turnover) made by Jaylin Hunter(OHIO),6 - 8,5251815,560651,561010,2024-03-16
1,14:38,Substitution OHIO: in Ajay Sheldon,5 - 8,5251815,560651,561010,2024-03-16
1,14:38,Substitution OHIO: out Shereef Mitchell,5 - 8,5251815,560651,561010,2024-03-16
1,14:38,Free throw 1 of 2 (off turnover) made by Jaylin Hunter(OHIO),5 - 8,5251815,560651,561010,2024-03-16
1,14:38,Foul personal (shooting;2 free throws) (in the paint) Ali Ali(AKR),4 - 8,5251815,560651,561010,2024-03-16
1,14:56,Substitution AKR: in Mikal Dawson,4 - 8,5251815,560651,561010,2024-03-16
1,14:56,Substitution AKR: in Sammy Hunter,4 - 8,5251815,560651,561010,2024-03-16
1,14:56,Substitution AKR: out Nate Johnson,4 - 8,5251815,560651,561010,2024-03-16
1,14:56,Substitution AKR: out Enrique Freeman,4 - 8,5251815,560651,561010,2024-03-16
1,14:56,Turnover travel (outside left) Nate Johnson(AKR),4 - 8,5251815,560651,561010,2024-03-16
1,15:14,"2pt layup (fast break) (under the basket) made by Aidan Hadaway(OHIO), assist Miles Brown(OHIO)",4 - 8,5251815,560651,561010,2024-03-16
1,15:20,"2pt jump shot (under the basket) missed by Enrique Freeman(AKR), rebound defensive Shereef Mitchell(OHIO)",2 - 8,5251815,560651,561010,2024-03-16
1,15:31,"2pt layup (2nd chance) (under the basket) missed by Aidan Hadaway(OHIO), rebound defensive Enrique Freeman(AKR)",2 - 8,5251815,560651,561010,2024-03-16
1,15:34,"3pt jump shot (outside right) missed by Aidan Hadaway(OHIO), rebound offensive Aidan Hadaway(OHIO)",2 - 8,5251815,560651,561010,2024-03-16
1,15:53,"Free throw 1 of 1 missed by Enrique Freeman(AKR), rebound defensive Aidan Hadaway(OHIO)",2 - 8,5251815,560651,561010,2024-03-16
1,15:53,Substitution OHIO: in Gabe Wiznitzer,2 - 8,5251815,560651,561010,2024-03-16
1,15:53,Substitution OHIO: out AJ Clayton,2 - 8,5251815,560651,561010,2024-03-16
1,15:53,Timeout commercial,2 - 8,5251815,560651,561010,2024-03-16
1,15:53,Foul personal (shooting;1 free throw) (under the basket) AJ Clayton(OHIO),2 - 8,5251815,560651,561010,2024-03-16
1,15:53,2pt jump shot (under the basket) made by Enrique Freeman(AKR),2 - 8,5251815,560651,561010,2024-03-16
1,16:05,"3pt jump shot (outside left) missed by Jaylin Hunter(OHIO), rebound defensive Nate Johnson(AKR)",2 - 6,5251815,560651,561010,2024-03-16
1,16:33,Substitution AKR: in Shammah Scott,2 - 6,5251815,560651,561010,2024-03-16
1,16:33,Substitution AKR: out Sammy Hunter,2 - 6,5251815,560651,561010,2024-03-16
1,16:33,Free throw 2 of 2 made by Enrique Freeman(AKR),2 - 6,5251815,560651,561010,2024-03-16
1,16:33,Substitution AKR: in Kaleb Thornton,2 - 5,5251815,560651,561010,2024-03-16
1,16:33,Substitution AKR: out Greg Tribble,2 - 5,5251815,560651,561010,2024-03-16
1,16:33,Free throw 1 of 2 made by Enrique Freeman(AKR),2 - 5,5251815,560651,561010,2024-03-16
1,16:33,Foul personal (shooting;2 free throws) (in the paint) Jaylin Hunter(OHIO),2 - 4,5251815,560651,561010,2024-03-16
1,16:45,"3pt jump shot (outside left) missed by Shereef Mitchell(OHIO), rebound defensive Nate Johnson(AKR)",2 - 4,5251815,560651,561010,2024-03-16
1,16:57,"2pt jump shot (in the paint) missed by Sammy Hunter(AKR), rebound defensive Aidan Hadaway(OHIO)",2 - 4,5251815,560651,561010,2024-03-16
1,17:10,"3pt jump shot (off turnover) (outside left) missed by Jaylin Hunter(OHIO), rebound defensive Enrique Freeman(AKR)",2 - 4,5251815,560651,561010,2024-03-16
1,17:28,Turnover travel (inside center) Enrique Freeman(AKR),2 - 4,5251815,560651,561010,2024-03-16
1,17:46,"Foul offensive (back court) AJ Clayton(OHIO), turnover offensive AJ Clayton(OHIO), foul on Ali Ali(AKR)",2 - 4,5251815,560651,561010,2024-03-16
1,17:59,"Foul personal (back court) Greg Tribble(AKR), foul on Jaylin Hunter(OHIO)",2 - 4,5251815,560651,561010,2024-03-16
1,18:02,"3pt jump shot (outside center) made by Sammy Hunter(AKR), assist Nate Johnson(AKR)",2 - 4,5251815,560651,561010,2024-03-16
1,18:11,"2pt jump shot (blocked) (in the paint) missed by Miles Brown(OHIO), block Enrique Freeman(AKR), rebound defensive Sammy Hunter(AKR)",2 - 1,5251815,560651,561010,2024-03-16
1,18:30,Free throw 2 of 2 (fast break;off turnover) made by Greg Tribble(AKR),2 - 1,5251815,560651,561010,2024-03-16
1,18:30,"Free throw 1 of 2 (fast break;off turnover) missed by Greg Tribble(AKR), rebound offensive dead ball AKR",2 - 0,5251815,560651,561010,2024-03-16
1,18:30,Foul personal (shooting;2 free throws) (under the basket) Shereef Mitchell(OHIO),2 - 0,5251815,560651,561010,2024-03-16
1,18:34,Turnover out of bounds (outside right) Jaylin Hunter(OHIO),2 - 0,5251815,560651,561010,2024-03-16
1,18:35,"3pt jump shot (outside center) missed by Sammy Hunter(AKR), rebound defensive Jaylin Hunter(OHIO)",2 - 0,5251815,560651,561010,2024-03-16
1,18:58,2pt layup (fast break) (under the basket) made by Miles Brown(OHIO),2 - 0,5251815,560651,561010,2024-03-16
1,19:05,"3pt jump shot (outside left wing) missed by Nate Johnson(AKR), rebound defensive Miles Brown(OHIO)",0 - 0,5251815,560651,561010,2024-03-16
1,19:38,"2pt jump shot (under the basket) missed by Jaylin Hunter(OHIO), rebound defensive Ali Ali(AKR)",0 - 0,5251815,560651,561010,2024-03-16
1,20:00,"Jump ball start period, won AJ Clayton(OHIO), lost Enrique Freeman(AKR)",0 - 0,5251815,560651,561010,2024-03-16
1,20:00,Period start,0 - 0,5251815,560651,561010,2024-03-16
1,20:00,Game start,0 - 0,5251815,560651,561010,2024-03-16
1,10:29,3pt jump shot (2nd chance) (outside center) made by Fred Cleveland Jr.(NCCU),14 - 16,5251722,560976,560867,2024-03-16
1,10:31,"2pt layup (2nd chance) (under the basket) missed by Perry Smith Jr.(NCCU), rebound offensive Ja'Darius Harris(NCCU)",14 - 13,5251722,560976,560867,2024-03-16
1,10:40,"2pt pull up jump shot (in the paint) missed by Po'Boigh King(NCCU), rebound offensive Perry Smith Jr.(NCCU)",14 - 13,5251722,560976,560867,2024-03-16
1,10:52,Free throw 2 of 2 made by Jevin Muniz(DSU),14 - 13,5251722,560976,560867,2024-03-16
1,10:52,Free throw 1 of 2 made by Jevin Muniz(DSU),13 - 13,5251722,560976,560867,2024-03-16
1,10:52,Substitution NCCU: in Po'Boigh King,12 - 13,5251722,560976,560867,2024-03-16
1,10:52,Substitution NCCU: in Fred Cleveland Jr.,12 - 13,5251722,560976,560867,2024-03-16
1,10:52,Substitution NCCU: out Josh Smith,12 - 13,5251722,560976,560867,2024-03-16
1,10:52,Substitution NCCU: out Keishon Porter,12 - 13,5251722,560976,560867,2024-03-16
1,10:52,Timeout commercial,12 - 13,5251722,560976,560867,2024-03-16
1,10:52,Foul personal (shooting;2 free throws) (under the basket) Perry Smith Jr.(NCCU),12 - 13,5251722,560976,560867,2024-03-16
1,11:03,"2pt driving layup (2nd chance) (in the paint) missed by Josh Smith(NCCU), rebound defensive Wesley Oba(DSU)",12 - 13,5251722,560976,560867,2024-03-16
1,11:14,"2pt floating jump shot (inside right) missed by Keishon Porter(NCCU), rebound offensive Perry Smith Jr.(NCCU)",12 - 13,5251722,560976,560867,2024-03-16
1,11:39,"2pt layup (under the basket) made by Wesley Oba(DSU), assist Jevin Muniz(DSU)",12 - 13,5251722,560976,560867,2024-03-16
1,12:05,Free throw 2 of 2 made by Timmy Adedire(NCCU),10 - 13,5251722,560976,560867,2024-03-16
1,12:05,Substitution DSU: in Alston Andrews,10 - 12,5251722,560976,560867,2024-03-16
1,12:05,Substitution DSU: out Cameron Stitt,10 - 12,5251722,560976,560867,2024-03-16
1,12:05,Free throw 1 of 2 made by Timmy Adedire(NCCU),10 - 12,5251722,560976,560867,2024-03-16
1,12:05,Foul personal (shooting;2 free throws) (under the basket) Cameron Stitt(DSU),10 - 11,5251722,560976,560867,2024-03-16
1,12:16,3pt pull up jump shot (off turnover) (outside right) missed by Deywilk Tavarez(DSU),10 - 11,5251722,560976,560867,2024-03-16
1,12:26,Substitution NCCU: in Josh Smith,10 - 11,5251722,560976,560867,2024-03-16
1,12:26,Substitution NCCU: out Fred Cleveland Jr.,10 - 11,5251722,560976,560867,2024-03-16
1,12:26,"Turnover lost ball (back court) Fred Cleveland Jr.(NCCU), steal Wesley Oba(DSU)",10 - 11,5251722,560976,560867,2024-03-16
1,12:26,Turnover (inside left) DSU,10 - 11,5251722,560976,560867,2024-03-16
1,12:31,"3pt jump shot (off turnover) (outside left) missed by Cameron Stitt(DSU), rebound defensive Fred Cleveland Jr.(NCCU)",10 - 11,5251722,560976,560867,2024-03-16
1,12:52,Turnover offensive goal tending (under the basket) Keishon Porter(NCCU),10 - 11,5251722,560976,560867,2024-03-16
1,12:52,"2pt driving layup (under the basket) missed by Fred Cleveland Jr.(NCCU), rebound offensive dead ball NCCU",10 - 11,5251722,560976,560867,2024-03-16
1,12:57,"2pt layup (2nd chance;off turnover) (under the basket) missed by Cameron Stitt(DSU), rebound defensive Fred Cleveland Jr.(NCCU)",10 - 11,5251722,560976,560867,2024-03-16
1,13:03,"2pt pull up jump shot (off turnover) (in the paint) missed by Martaz Robinson(DSU), rebound offensive Cameron Stitt(DSU)",10 - 11,5251722,560976,560867,2024-03-16
1,13:17,"Foul offensive (back court) Ja'Darius Harris(NCCU), turnover offensive Ja'Darius Harris(NCCU), foul on Cameron Stitt(DSU)",10 - 11,5251722,560976,560867,2024-03-16
1,13:37,"Turnover lost ball (in the paint) Wesley Oba(DSU), steal Fred Cleveland Jr.(NCCU)",10 - 11,5251722,560976,560867,2024-03-16
1,13:55,"3pt jump shot (outside right) made by Fred Cleveland Jr.(NCCU), assist Ja'Darius Harris(NCCU)",10 - 11,5251722,560976,560867,2024-03-16
1,14:17,2pt driving layup (in the paint) made by Deywilk Tavarez(DSU),10 - 8,5251722,560976,560867,2024-03-16
1,14:22,Substitution NCCU: in Perry Smith Jr.,8 - 8,5251722,560976,560867,2024-03-16
1,14:22,Substitution NCCU: out Emmanuel Izunabor,8 - 8,5251722,560976,560867,2024-03-16
1,14:22,Substitution DSU: in Cameron Stitt,8 - 8,5251722,560976,560867,2024-03-16
1,14:22,Substitution DSU: out Alston Andrews,8 - 8,5251722,560976,560867,2024-03-16
1,14:22,Substitution NCCU: in Ja'Darius Harris,8 - 8,5251722,560976,560867,2024-03-16
1,14:22,Substitution NCCU: out Po'Boigh King,8 - 8,5251722,560976,560867,2024-03-16
1,14:22,Jump ball held ball DSU,8 - 8,5251722,560976,560867,2024-03-16
1,14:34,"3pt jump shot (outside left) missed by Keishon Porter(NCCU), rebound defensive Deywilk Tavarez(DSU)",8 - 8,5251722,560976,560867,2024-03-16
1,14:55,2pt step back jump shot (off turnover) (inside left) made by Jevin Muniz(DSU),8 - 8,5251722,560976,560867,2024-03-16
1,15:14,Turnover bad pass (in the paint) Emmanuel Izunabor(NCCU),6 - 8,5251722,560976,560867,2024-03-16
1,15:17,"3pt jump shot (outside left) missed by Jevin Muniz(DSU), rebound defensive Emmanuel Izunabor(NCCU)",6 - 8,5251722,560976,560867,2024-03-16
1,15:52,2pt driving layup (fast break) (under the basket) made by Keishon Porter(NCCU),6 - 8,5251722,560976,560867,2024-03-16
1,15:58,"2pt jump shot (2nd chance;off turnover) (inside left) missed by Martaz Robinson(DSU), rebound defensive Emmanuel Izunabor(NCCU)",6 - 6,5251722,560976,560867,2024-03-16
1,16:00,Timeout commercial,6 - 6,5251722,560976,560867,2024-03-16
1,16:01,2pt jump shot (off turnover;blocked) (inside left) missed by Alston Andrews(DSU),6 - 6,5251722,560976,560867,2024-03-16
1,16:22,Turnover bad pass (outside left) Fred Cleveland Jr.(NCCU),6 - 6,5251722,560976,560867,2024-03-16
1,16:34,Free throw 2 of 2 made by Martaz Robinson(DSU),6 - 6,5251722,560976,560867,2024-03-16
1,16:34,Substitution DSU: in Deywilk Tavarez,5 - 6,5251722,560976,560867,2024-03-16
1,16:34,Substitution DSU: out Dean Shepherd,5 - 6,5251722,560976,560867,2024-03-16
1,16:34,Free throw 1 of 2 made by Martaz Robinson(DSU),5 - 6,5251722,560976,560867,2024-03-16
1,16:34,Foul personal (shooting;2 free throws) (inside center) Po'Boigh King(NCCU),4 - 6,5251722,560976,560867,2024-03-16
1,16:52,2pt driving layup (off turnover) (under the basket) made by Po'Boigh King(NCCU),4 - 6,5251722,560976,560867,2024-03-16
1,17:06,Substitution DSU: in Dean Shepherd,4 - 4,5251722,560976,560867,2024-03-16
1,17:06,Substitution DSU: out Deywilk Tavarez,4 - 4,5251722,560976,560867,2024-03-16
1,17:06,Turnover travel (outside left) Deywilk Tavarez(DSU),4 - 4,5251722,560976,560867,2024-03-16
1,17:12,"3pt jump shot (off turnover) (outside right) missed by Deywilk Tavarez(DSU), rebound offensive (team) DSU",4 - 4,5251722,560976,560867,2024-03-16
1,17:22,Turnover travel (inside right) Keishon Porter(NCCU),4 - 4,5251722,560976,560867,2024-03-16
1,17:31,2pt pull up jump shot (2nd chance;off turnover) (inside left) made by Martaz Robinson(DSU),4 - 4,5251722,560976,560867,2024-03-16
1,17:37,2pt driving layup (off turnover) (in the paint) missed by Jevin Muniz(DSU),2 - 4,5251722,560976,560867,2024-03-16
1,17:41,Turnover lost ball (inside right) Po'Boigh King(NCCU),5 - 4,5251722,560976,560867,2024-03-16
1,17:49,"3pt jump shot (outside left) missed by Deywilk Tavarez(DSU), rebound defensive Fred Cleveland Jr.(NCCU)",2 - 4,5251722,560976,560867,2024-03-16
1,18:00,2pt driving layup (off turnover) (under the basket) made by Po'Boigh King(NCCU),2 - 4,5251722,560976,560867,2024-03-16
1,18:16,Turnover bad pass (inside left) Jevin Muniz(DSU),2 - 2,5251722,560976,560867,2024-03-16
1,18:47,"2pt pull up jump shot (inside center) missed by Fred Cleveland Jr.(NCCU), rebound defensive Martaz Robinson(DSU)",2 - 2,5251722,560976,560867,2024-03-16
1,19:17,2pt step back jump shot (inside left wing) made by Deywilk Tavarez(DSU),2 - 2,5251722,560976,560867,2024-03-16
1,19:43,2pt jump shot (inside right) made by Emmanuel Izunabor(NCCU),0 - 2,5251722,560976,560867,2024-03-16
1,20:00,"Jump ball start period, won Emmanuel Izunabor(NCCU), lost Alston Andrews(DSU)",0 - 0,5251722,560976,560867,2024-03-16
1,20:00,Period start,0 - 0,5251722,560976,560867,2024-03-16
1,20:00,Game start,0 - 0,5251722,560976,560867,2024-03-16
1,01:33,Timeout short MARQ,25 - 38,5252380,560742,561042,2024-03-16
1,01:35,"3pt jump shot (outside left) made by David Joplin(MARQ), assist Stevie Mitchell(MARQ)",25 - 38,5252380,560742,561042,2024-03-16
1,01:51,Free throw 2 of 2 made by Josh Oduro(PROV),25 - 35,5252380,560742,561042,2024-03-16
1,01:51,Free throw 1 of 2 made by Josh Oduro(PROV),24 - 35,5252380,560742,561042,2024-03-16
1,01:51,Substitution MARQ: in Zaide Lowery,23 - 35,5252380,560742,561042,2024-03-16
1,01:51,Substitution MARQ: out Oso Ighodaro,23 - 35,5252380,560742,561042,2024-03-16
1,01:51,Foul personal (one and one) (under the basket) Oso Ighodaro(MARQ),23 - 35,5252380,560742,561042,2024-03-16
1,01:51,Foul (back court) Josh Oduro(PROV),23 - 35,5252380,560742,561042,2024-03-16
1,02:07,"3pt step back jump shot (2nd chance) (outside right wing) missed by Kam Jones(MARQ), rebound defensive Jayden Pierre(PROV)",23 - 35,5252380,560742,561042,2024-03-16
1,02:09,Substitution MARQ: in Kam Jones,23 - 35,5252380,560742,561042,2024-03-16
1,02:09,Substitution MARQ: out Zaide Lowery,23 - 35,5252380,560742,561042,2024-03-16
1,02:11,"2pt hook shot (under the basket) missed by Oso Ighodaro(MARQ), rebound offensive (team) MARQ, rebound offensive (team) MARQ",23 - 35,5252380,560742,561042,2024-03-16
1,02:35,"Substitution PROV: in Corey Floyd, Jr.",23 - 35,5252380,560742,561042,2024-03-16
1,02:35,Substitution PROV: out Devin Carter,23 - 35,5252380,560742,561042,2024-03-16
1,02:35,Free throw 2 of 2 (off turnover) made by Devin Carter(PROV),23 - 35,5252380,560742,561042,2024-03-16
1,02:35,Substitution MARQ: in Zaide Lowery,22 - 35,5252380,560742,561042,2024-03-16
1,02:35,Substitution MARQ: out Chase Ross,22 - 35,5252380,560742,561042,2024-03-16
1,02:35,"Free throw 1 of 2 (off turnover) missed by Devin Carter(PROV), rebound offensive dead ball PROV",22 - 35,5252380,560742,561042,2024-03-16
1,02:35,Foul personal (shooting;2 free throws) (in the paint) Chase Ross(MARQ),22 - 35,5252380,560742,561042,2024-03-16
1,02:42,Substitution PROV: in Devin Carter,22 - 35,5252380,560742,561042,2024-03-16
1,02:42,"Substitution PROV: out Corey Floyd, Jr.",22 - 35,5252380,560742,561042,2024-03-16
1,02:42,Substitution MARQ: in Oso Ighodaro,22 - 35,5252380,560742,561042,2024-03-16
1,02:42,Substitution MARQ: out Kam Jones,22 - 35,5252380,560742,561042,2024-03-16
1,02:42,Turnover bad pass (outside left wing) Kam Jones(MARQ),22 - 35,5252380,560742,561042,2024-03-16
1,02:54,"Free throw 1 of 1 (2nd chance) missed by Josh Oduro(PROV), rebound defensive David Joplin(MARQ)",22 - 35,5252380,560742,561042,2024-03-16
1,02:54,Substitution PROV: in Rich Barron,22 - 35,5252380,560742,561042,2024-03-16
1,02:54,Substitution PROV: out Devin Carter,22 - 35,5252380,560742,561042,2024-03-16
1,02:54,Substitution MARQ: in Ben Gold,22 - 35,5252380,560742,561042,2024-03-16
1,02:54,Substitution MARQ: in Stevie Mitchell,22 - 35,5252380,560742,561042,2024-03-16
1,02:54,Substitution MARQ: out Oso Ighodaro,22 - 35,5252380,560742,561042,2024-03-16
1,02:54,Substitution MARQ: out Zaide Lowery,22 - 35,5252380,560742,561042,2024-03-16
1,02:54,Foul personal (shooting;1 free throw) (under the basket) Chase Ross(MARQ),22 - 35,5252380,560742,561042,2024-03-16
1,02:54,2pt layup (2nd chance) (under the basket) made by Josh Oduro(PROV),22 - 35,5252380,560742,561042,2024-03-16
1,02:56,"3pt jump shot (outside right) missed by Corey Floyd, Jr.(PROV), rebound offensive Josh Oduro(PROV)",22 - 35,5252380,560742,561042,2024-03-16
1,03:10,"2pt floating jump shot (in the paint) missed by Oso Ighodaro(MARQ), rebound defensive Devin Carter(PROV)",20 - 35,5252380,560742,561042,2024-03-16
1,03:17,"Foul personal (inside center) Devin Carter(PROV), foul on Kam Jones(MARQ)",20 - 35,5252380,560742,561042,2024-03-16
1,03:26,2pt driving layup (off turnover) (in the paint) made by Devin Carter(PROV),20 - 35,5252380,560742,561042,2024-03-16
1,03:35,"Turnover bad pass (inside left) Kam Jones(MARQ), steal Devin Carter(PROV)",18 - 35,5252380,560742,561042,2024-03-16
1,03:46,Substitution PROV: in Josh Oduro,18 - 35,5252380,560742,561042,2024-03-16
1,03:46,Substitution PROV: out Garwey Dual,18 - 35,5252380,560742,561042,2024-03-16
1,03:46,Timeout commercial,18 - 35,5252380,560742,561042,2024-03-16
1,03:46,"Foul personal (in the paint) Devin Carter(PROV), foul on Chase Ross(MARQ)",18 - 35,5252380,560742,561042,2024-03-16
1,03:48,"Turnover bad pass (inside right) Jayden Pierre(PROV), steal Zaide Lowery(MARQ)",18 - 35,5252380,560742,561042,2024-03-16
1,04:11,"2pt dunk (under the basket) made by Oso Ighodaro(MARQ), assist Kam Jones(MARQ)",18 - 35,5252380,560742,561042,2024-03-16
1,04:34,"3pt jump shot (outside right) missed by Jayden Pierre(PROV), rebound defensive Oso Ighodaro(MARQ)",18 - 33,5252380,560742,561042,2024-03-16
1,04:56,"3pt jump shot (2nd chance) (outside left) made by David Joplin(MARQ), assist Zaide Lowery(MARQ)",18 - 33,5252380,560742,561042,2024-03-16
1,05:03,"2pt driving layup (under the basket) missed by Kam Jones(MARQ), rebound offensive Zaide Lowery(MARQ)",18 - 33,5252380,560742,561042,2024-03-16
1,05:16,"2pt floating jump shot (inside right) missed by Garwey Dual(PROV), rebound defensive Zaide Lowery(MARQ)",18 - 30,5252380,560742,561042,2024-03-16
1,05:26,"2pt hook shot (in the paint) missed by Oso Ighodaro(MARQ), rebound defensive Devin Carter(PROV)",18 - 30,5252380,560742,561042,2024-03-16
1,05:47,"3pt jump shot (outside right) missed by Corey Floyd, Jr.(PROV), rebound defensive Zaide Lowery(MARQ)",18 - 30,5252380,560742,561042,2024-03-16
1,05:59,"Substitution PROV: in Corey Floyd, Jr.",18 - 30,5252380,560742,561042,2024-03-16
1,05:59,Substitution PROV: in Garwey Dual,18 - 30,5252380,560742,561042,2024-03-16
1,05:59,Substitution PROV: out Josh Oduro,18 - 30,5252380,560742,561042,2024-03-16
1,05:59,Substitution PROV: out Rich Barron,18 - 30,5252380,560742,561042,2024-03-16
1,06:15,2pt driving layup (under the basket) made by Kam Jones(MARQ),18 - 30,5252380,560742,561042,2024-03-16
1,06:33,"3pt jump shot (outside right) missed by Rich Barron(PROV), rebound defensive Oso Ighodaro(MARQ)",18 - 28,5252380,560742,561042,2024-03-16
1,06:58,Timeout short PROV,18 - 28,5252380,560742,561042,2024-03-16
1,06:58,"2pt floating jump shot (off turnover) (in the paint) made by Oso Ighodaro(MARQ), assist Kam Jones(MARQ)",18 - 28,5252380,560742,561042,2024-03-16
1,07:09,"Turnover bad pass (outside center) Devin Carter(PROV), steal Zaide Lowery(MARQ)",18 - 26,5252380,560742,561042,2024-03-16
1,07:27,"3pt step back jump shot (outside right) made by Kam Jones(MARQ), assist Chase Ross(MARQ)",18 - 26,5252380,560742,561042,2024-03-16
1,07:51,"3pt step back jump shot (outside right) missed by Rich Barron(PROV), rebound defensive Chase Ross(MARQ)",18 - 23,5252380,560742,561042,2024-03-16
1,07:59,Substitution PROV: in Rich Barron,18 - 23,5252380,560742,561042,2024-03-16
1,07:59,Substitution PROV: out Garwey Dual,18 - 23,5252380,560742,561042,2024-03-16
1,07:59,Timeout commercial,18 - 23,5252380,560742,561042,2024-03-16
1,08:03,"2pt floating jump shot (inside center) missed by Oso Ighodaro(MARQ), rebound defensive Josh Oduro(PROV)",18 - 23,5252380,560742,561042,2024-03-16
1,08:15,"2pt driving layup (under the basket) made by Garwey Dual(PROV), assist Devin Carter(PROV)",18 - 23,5252380,560742,561042,2024-03-16
1,08:47,2pt layup (2nd chance) (under the basket) made by Kam Jones(MARQ),16 - 23,5252380,560742,561042,2024-03-16
1,08:51,2pt driving layup (in the paint) missed by Kam Jones(MARQ),16 - 21,5252380,560742,561042,2024-03-16
1,09:08,"2pt floating jump shot (blocked) (in the paint) missed by Josh Oduro(PROV), block David Joplin(MARQ), rebound defensive Chase Ross(MARQ)",16 - 21,5252380,560742,561042,2024-03-16
1,09:39,"3pt jump shot (outside left wing) made by Zaide Lowery(MARQ), assist Chase Ross(MARQ)",16 - 21,5252380,560742,561042,2024-03-16
1,09:46,Substitution PROV: in Devin Carter,16 - 18,5252380,560742,561042,2024-03-16
1,09:46,"Substitution PROV: out Corey Floyd, Jr.",16 - 18,5252380,560742,561042,2024-03-16
1,09:46,Substitution MARQ: in Zaide Lowery,16 - 18,5252380,560742,561042,2024-03-16
1,09:46,Substitution MARQ: in Kam Jones,16 - 18,5252380,560742,561042,2024-03-16
1,09:46,Substitution MARQ: out Stevie Mitchell,16 - 18,5252380,560742,561042,2024-03-16
1,09:46,Substitution MARQ: out Tre Norman,16 - 18,5252380,560742,561042,2024-03-16
1,09:46,Timeout commercial,16 - 18,5252380,560742,561042,2024-03-16
1,10:01,2pt driving layup (under the basket) made by Jayden Pierre(PROV),16 - 18,5252380,560742,561042,2024-03-16
1,10:18,2pt driving layup (under the basket) made by Oso Ighodaro(MARQ),14 - 18,5252380,560742,561042,2024-03-16
1,10:37,"2pt layup (2nd chance) (under the basket) missed by Josh Oduro(PROV), rebound defensive Stevie Mitchell(MARQ)",14 - 16,5252380,560742,561042,2024-03-16
1,10:40,2pt driving layup (in the paint) missed by Davonte Gaines(PROV),14 - 16,5252380,560742,561042,2024-03-16
1,11:06,"2pt floating jump shot (in the paint) missed by Oso Ighodaro(MARQ), rebound defensive Davonte Gaines(PROV)",14 - 16,5252380,560742,561042,2024-03-16
1,11:23,2pt driving layup (off turnover;fast break) (under the basket) made by Jayden Pierre(PROV),14 - 16,5252380,560742,561042,2024-03-16
1,11:27,"Turnover bad pass (in the paint) Stevie Mitchell(MARQ), steal Josh Oduro(PROV)",12 - 16,5252380,560742,561042,2024-03-16
1,11:42,"2pt driving layup (under the basket) made by Corey Floyd, Jr.(PROV)",12 - 16,5252380,560742,561042,2024-03-16
1,12:09,2pt floating jump shot (in the paint) made by Oso Ighodaro(MARQ),10 - 16,5252380,560742,561042,2024-03-16
1,12:24,"3pt jump shot (outside right) missed by Davonte Gaines(PROV), rebound defensive Chase Ross(MARQ)",10 - 14,5252380,560742,561042,2024-03-16
1,12:35,"3pt step back jump shot (outside center) missed by Stevie Mitchell(MARQ), rebound defensive Josh Oduro(PROV)",10 - 14,5252380,560742,561042,2024-03-16
1,12:48,"3pt jump shot (outside left) made by Josh Oduro(PROV), assist Garwey Dual(PROV)",10 - 14,5252380,560742,561042,2024-03-16
1,13:04,Substitution MARQ: in Stevie Mitchell,7 - 14,5252380,560742,561042,2024-03-16
1,13:04,Substitution MARQ: out Kam Jones,7 - 14,5252380,560742,561042,2024-03-16
1,13:04,Substitution MARQ: in David Joplin,7 - 14,5252380,560742,561042,2024-03-16
1,13:04,Substitution MARQ: out Ben Gold,7 - 14,5252380,560742,561042,2024-03-16
1,13:04,"Foul personal (under the basket) Ben Gold(MARQ), foul on Josh Oduro(PROV)",7 - 14,5252380,560742,561042,2024-03-16
1,13:15,2pt driving layup (under the basket) made by Kam Jones(MARQ),7 - 14,5252380,560742,561042,2024-03-16
1,13:27,"3pt jump shot (outside right) missed by Corey Floyd, Jr.(PROV), rebound defensive Tre Norman(MARQ)",7 - 12,5252380,560742,561042,2024-03-16
1,13:57,Free throw 2 of 2 (fast break;off turnover) made by Ben Gold(MARQ),7 - 12,5252380,560742,561042,2024-03-16
1,13:57,Substitution PROV: in Garwey Dual,7 - 12,5252380,560742,561042,2024-03-16
1,13:57,Substitution PROV: out Devin Carter,7 - 12,5252380,560742,561042,2024-03-16
1,13:57,Substitution MARQ: in Chase Ross,7 - 12,5252380,560742,561042,2024-03-16
1,13:57,Substitution MARQ: out David Joplin,7 - 12,5252380,560742,561042,2024-03-16
1,13:57,"Free throw 1 of 2 (fast break;off turnover) missed by Ben Gold(MARQ), rebound offensive dead ball MARQ",7 - 11,5252380,560742,561042,2024-03-16
1,13:57,Foul personal (shooting;2 free throws) (under the basket) Jayden Pierre(PROV),7 - 11,5252380,560742,561042,2024-03-16
1,14:00,"Turnover lost ball (in the paint) Josh Oduro(PROV), steal Kam Jones(MARQ)",7 - 11,5252380,560742,561042,2024-03-16
1,14:05,Foul personal (inside right) Tre Norman(MARQ),7 - 11,5252380,560742,561042,2024-03-16
1,14:14,"Foul personal (under the basket) Oso Ighodaro(MARQ), foul on Corey Floyd, Jr.(PROV)",7 - 11,5252380,560742,561042,2024-03-16
1,14:20,"2pt driving layup (blocked) (under the basket) missed by Corey Floyd, Jr.(PROV), block David Joplin(MARQ), rebound offensive Josh Oduro(PROV)",7 - 11,5252380,560742,561042,2024-03-16
1,14:42,Substitution MARQ: in Tre Norman,7 - 11,5252380,560742,561042,2024-03-16
1,14:42,Substitution MARQ: out Stevie Mitchell,7 - 11,5252380,560742,561042,2024-03-16
1,14:43,"3pt jump shot (outside right) missed by Kam Jones(MARQ), rebound defensive (team) PROV, rebound defensive (team) PROV",7 - 11,5252380,560742,561042,2024-03-16
1,15:26,"Substitution PROV: in Corey Floyd, Jr.",7 - 11,5252380,560742,561042,2024-03-16
1,15:26,Substitution PROV: out Rich Barron,7 - 11,5252380,560742,561042,2024-03-16
1,15:14,3pt jump shot (off turnover) (outside right) missed by Jayden Pierre(PROV),7 - 11,5252380,560742,561042,2024-03-16
1,15:26,Turnover lost ball (under the basket) Stevie Mitchell(MARQ),7 - 11,5252380,560742,561042,2024-03-16
1,15:47,Free throw 2 of 2 (2nd chance) made by Devin Carter(PROV),7 - 11,5252380,560742,561042,2024-03-16
1,15:47,Free throw 1 of 2 (2nd chance) made by Devin Carter(PROV),6 - 11,5252380,560742,561042,2024-03-16
1,15:47,Timeout commercial,5 - 11,5252380,560742,561042,2024-03-16
1,15:47,Foul personal (shooting;2 free throws) (under the basket) Ben Gold(MARQ),5 - 11,5252380,560742,561042,2024-03-16
1,16:05,Jump ball held ball PROV,5 - 11,5252380,560742,561042,2024-03-16
1,16:07,"3pt jump shot (outside center) missed by Devin Carter(PROV), rebound offensive Josh Oduro(PROV)",5 - 11,5252380,560742,561042,2024-03-16
1,16:28,"2pt layup (blocked) (in the paint) missed by David Joplin(MARQ), block Davonte Gaines(PROV), rebound defensive Josh Oduro(PROV)",5 - 11,5252380,560742,561042,2024-03-16
1,16:42,"3pt jump shot (outside right) missed by Jayden Pierre(PROV), rebound defensive David Joplin(MARQ)",5 - 11,5252380,560742,561042,2024-03-16
1,17:05,2pt floating jump shot (off turnover) (in the paint) made by Kam Jones(MARQ),5 - 11,5252380,560742,561042,2024-03-16
1,17:18,"Foul offensive (back court) Josh Oduro(PROV), turnover offensive Josh Oduro(PROV), foul on David Joplin(MARQ)",5 - 9,5252380,560742,561042,2024-03-16
1,17:31,Free throw 2 of 2 made by Oso Ighodaro(MARQ),5 - 9,5252380,560742,561042,2024-03-16
1,17:31,Free throw 1 of 2 made by Oso Ighodaro(MARQ),5 - 8,5252380,560742,561042,2024-03-16
1,17:31,Foul personal (shooting;2 free throws) (under the basket) Rich Barron(PROV),5 - 7,5252380,560742,561042,2024-03-16
1,17:42,"2pt layup (2nd chance) (under the basket) made by Devin Carter(PROV), assist Rich Barron(PROV)",5 - 7,5252380,560742,561042,2024-03-16
1,17:47,"3pt jump shot (outside right) missed by Davonte Gaines(PROV), rebound offensive Rich Barron(PROV)",3 - 7,5252380,560742,561042,2024-03-16
1,18:02,Substitution MARQ: in Ben Gold,3 - 7,5252380,560742,561042,2024-03-16
1,18:02,Substitution MARQ: out Chase Ross,3 - 7,5252380,560742,561042,2024-03-16
1,18:07,3pt jump shot (off turnover;fast break) (outside left) made by Stevie Mitchell(MARQ),3 - 7,5252380,560742,561042,2024-03-16
1,18:13,"Turnover bad pass (in the paint) Devin Carter(PROV), steal Kam Jones(MARQ)",3 - 4,5252380,560742,561042,2024-03-16
1,18:29,"2pt layup (under the basket) made by David Joplin(MARQ), assist Kam Jones(MARQ)",3 - 4,5252380,560742,561042,2024-03-16
1,18:42,"3pt jump shot (outside center) made by Jayden Pierre(PROV), assist Rich Barron(PROV)",3 - 2,5252380,560742,561042,2024-03-16
1,19:04,"2pt hook shot (in the paint) missed by Oso Ighodaro(MARQ), rebound defensive Davonte Gaines(PROV), rebound defensive Davonte Gaines(PROV)",0 - 2,5252380,560742,561042,2024-03-16
1,19:16,"2pt driving layup (under the basket) missed by Jayden Pierre(PROV), rebound defensive Chase Ross(MARQ)",0 - 2,5252380,560742,561042,2024-03-16
1,19:38,2pt floating jump shot (in the paint) made by Oso Ighodaro(MARQ),0 - 2,5252380,560742,561042,2024-03-16
1,20:00,"Jump ball start period, won Oso Ighodaro(MARQ), lost Josh Oduro(PROV)",0 - 0,5252380,560742,561042,2024-03-16
1,20:00,Period start,0 - 0,5252380,560742,561042,2024-03-16
1,20:00,Game start,0 - 0,5252380,560742,561042,2024-03-16
1,00:00.80,"Turnover bad pass (inside left) Jermaine Couisnard(ORE), steal Keshad Johnson(ARIZ)",23 - 33,5252632,560672,561022,2024-03-16
1,00:01.30,Substitution ARIZ: in Oumar Ballo,23 - 33,5252632,560672,561022,2024-03-16
1,00:01.30,Substitution ARIZ: out KJ Lewis,23 - 33,5252632,560672,561022,2024-03-16
1,00:02.20,"Free throw 2 of 2 (fast break) missed by N'Faly Dante(ORE), rebound offensive (team) ORE",23 - 33,5252632,560672,561022,2024-03-16
1,00:02.20,Free throw 1 of 2 (fast break) made by N'Faly Dante(ORE),23 - 33,5252632,560672,561022,2024-03-16
1,00:02.20,Foul personal (shooting;2 free throws) (in the paint) Keshad Johnson(ARIZ),22 - 33,5252632,560672,561022,2024-03-16
1,00:08.20,"Free throw 2 of 2 missed by Keshad Johnson(ARIZ), rebound defensive N'Faly Dante(ORE)",22 - 33,5252632,560672,561022,2024-03-16
1,00:08.20,Substitution ARIZ: in KJ Lewis,22 - 33,5252632,560672,561022,2024-03-16
1,00:08.20,Substitution ARIZ: in Jaden Bradley,22 - 33,5252632,560672,561022,2024-03-16
1,00:08.20,Substitution ARIZ: out Oumar Ballo,22 - 33,5252632,560672,561022,2024-03-16
1,00:08.20,Substitution ARIZ: out Caleb Love,22 - 33,5252632,560672,561022,2024-03-16
1,00:08.20,Free throw 1 of 2 made by Keshad Johnson(ARIZ),22 - 33,5252632,560672,561022,2024-03-16
1,00:08.20,Foul personal (shooting;2 free throws) (under the basket) N'Faly Dante(ORE),22 - 32,5252632,560672,561022,2024-03-16
1,00:20.70,Substitution ARIZ: in Caleb Love,22 - 32,5252632,560672,561022,2024-03-16
1,00:20.70,Substitution ARIZ: out Jaden Bradley,22 - 32,5252632,560672,561022,2024-03-16
1,00:20.70,Timeout short ARIZ,22 - 32,5252632,560672,561022,2024-03-16
1,00:32.20,2pt floating jump shot (in the paint) made by Jermaine Couisnard(ORE),22 - 32,5252632,560672,561022,2024-03-16
1,00:40.60,"3pt jump shot (outside center) missed by Keshad Johnson(ARIZ), rebound defensive Jermaine Couisnard(ORE)",20 - 32,5252632,560672,561022,2024-03-16
1,01:05,2pt floating jump shot (off turnover) (in the paint) made by Jermaine Couisnard(ORE),20 - 32,5252632,560672,561022,2024-03-16
1,01:19,"Turnover lost ball Pelle Larsson(ARIZ), steal Brennan Rigsby(ORE)",18 - 32,5252632,560672,561022,2024-03-16
1,01:19,Jump ball held ball ORE,18 - 32,5252632,560672,561022,2024-03-16
1,01:29,"3pt jump shot (outside right) missed by Brennan Rigsby(ORE), rebound defensive Keshad Johnson(ARIZ)",18 - 32,5252632,560672,561022,2024-03-16
1,01:46,Free throw 2 of 2 made by Jaden Bradley(ARIZ),18 - 32,5252632,560672,561022,2024-03-16
1,01:46,Substitution ORE: in Brennan Rigsby,18 - 31,5252632,560672,561022,2024-03-16
1,01:46,Substitution ORE: out Jackson Shelstad,18 - 31,5252632,560672,561022,2024-03-16
1,01:46,Free throw 1 of 2 made by Jaden Bradley(ARIZ),18 - 31,5252632,560672,561022,2024-03-16
1,01:46,Foul personal (2 free throws) (outside center) Jackson Shelstad(ORE),18 - 30,5252632,560672,561022,2024-03-16
1,01:55,"3pt jump shot (outside left wing) missed by Kario Oquendo(ORE), rebound defensive Oumar Ballo(ARIZ)",18 - 30,5252632,560672,561022,2024-03-16
1,02:12,"Free throw 1 of 1 (fast break) missed by Keshad Johnson(ARIZ), rebound defensive Jackson Shelstad(ORE)",18 - 30,5252632,560672,561022,2024-03-16
1,02:13,Substitution ARIZ: in Oumar Ballo,18 - 30,5252632,560672,561022,2024-03-16
1,02:13,Substitution ARIZ: out Motiejus Krivas,18 - 30,5252632,560672,561022,2024-03-16
1,02:13,Foul personal (one and one) (under the basket) Jackson Shelstad(ORE),18 - 30,5252632,560672,561022,2024-03-16
1,02:19,"2pt step back jump shot (inside left) missed by Jermaine Couisnard(ORE), rebound defensive Motiejus Krivas(ARIZ)",18 - 30,5252632,560672,561022,2024-03-16
1,02:49,"2pt layup (2nd chance;blocked) (under the basket) missed by Motiejus Krivas(ARIZ), block N'Faly Dante(ORE), rebound defensive Jermaine Couisnard(ORE), rebound defensive N'Faly Dante(ORE), block Jackson Shelstad(ORE)",18 - 30,5252632,560672,561022,2024-03-16
1,02:54,"3pt jump shot (outside right) missed by Kylan Boswell(ARIZ), rebound offensive Pelle Larsson(ARIZ)",18 - 30,5252632,560672,561022,2024-03-16
1,03:08,"2pt dunk (in the paint) made by N'Faly Dante(ORE), assist Jermaine Couisnard(ORE)",18 - 30,5252632,560672,561022,2024-03-16
1,03:17,"2pt layup (off turnover;blocked) (in the paint) missed by Motiejus Krivas(ARIZ), block N'Faly Dante(ORE), rebound defensive N'Faly Dante(ORE)",16 - 30,5252632,560672,561022,2024-03-16
1,03:37,Substitution ARIZ: in Motiejus Krivas,16 - 30,5252632,560672,561022,2024-03-16
1,03:37,Substitution ARIZ: out Oumar Ballo,16 - 30,5252632,560672,561022,2024-03-16
1,03:37,Turnover lost ball (outside left) Jadrian Tracey(ORE),16 - 30,5252632,560672,561022,2024-03-16
1,03:47,"Free throw 2 of 2 (2nd chance;off turnover) missed by Oumar Ballo(ARIZ), rebound defensive N'Faly Dante(ORE)",16 - 30,5252632,560672,561022,2024-03-16
1,03:47,Free throw 1 of 2 (2nd chance;off turnover) made by Oumar Ballo(ARIZ),16 - 30,5252632,560672,561022,2024-03-16
1,03:47,Substitution ORE: in Jermaine Couisnard,16 - 29,5252632,560672,561022,2024-03-16
1,03:47,Substitution ORE: out Brennan Rigsby,16 - 29,5252632,560672,561022,2024-03-16
1,03:47,Timeout commercial,16 - 29,5252632,560672,561022,2024-03-16
1,03:47,"Foul personal (one and one) (in the paint) Brennan Rigsby(ORE), foul on Oumar Ballo(ARIZ)",16 - 29,5252632,560672,561022,2024-03-16
1,03:49,"2pt floating jump shot (off turnover) (inside left) missed by Pelle Larsson(ARIZ), rebound offensive (team) ARIZ",16 - 29,5252632,560672,561022,2024-03-16
1,04:16,Turnover travel (in the paint) Brennan Rigsby(ORE),16 - 29,5252632,560672,561022,2024-03-16
1,04:30,Substitution ARIZ: in Jaden Bradley,16 - 29,5252632,560672,561022,2024-03-16
1,04:30,Substitution ARIZ: out Caleb Love,16 - 29,5252632,560672,561022,2024-03-16
1,04:30,"Foul personal (outside right) Caleb Love(ARIZ), foul on Kario Oquendo(ORE)",16 - 29,5252632,560672,561022,2024-03-16
1,04:51,Free throw 2 of 2 (fast break) made by Kylan Boswell(ARIZ),16 - 29,5252632,560672,561022,2024-03-16
1,04:51,Substitution ORE: in Jadrian Tracey,16 - 28,5252632,560672,561022,2024-03-16
1,04:51,Substitution ORE: in Kario Oquendo,16 - 28,5252632,560672,561022,2024-03-16
1,04:51,Substitution ORE: out Kwame Evans Jr.,16 - 28,5252632,560672,561022,2024-03-16
1,04:51,Substitution ORE: out Jermaine Couisnard,16 - 28,5252632,560672,561022,2024-03-16
1,04:51,Free throw 1 of 2 (fast break) made by Kylan Boswell(ARIZ),16 - 28,5252632,560672,561022,2024-03-16
1,04:51,Foul personal (shooting;2 free throws) (under the basket) Kwame Evans Jr.(ORE),16 - 27,5252632,560672,561022,2024-03-16
1,04:59,"3pt jump shot (off turnover) (outside right) missed by Jermaine Couisnard(ORE), rebound defensive Kylan Boswell(ARIZ), rebound defensive Oumar Ballo(ARIZ)",16 - 27,5252632,560672,561022,2024-03-16
1,05:06,"Turnover bad pass (inside left) Caleb Love(ARIZ), steal Brennan Rigsby(ORE)",16 - 27,5252632,560672,561022,2024-03-16
1,05:28,2pt dunk (2nd chance;off turnover) (under the basket) made by N'Faly Dante(ORE),16 - 27,5252632,560672,561022,2024-03-16
1,05:31,"2pt layup (off turnover) (under the basket) missed by Jackson Shelstad(ORE), rebound offensive N'Faly Dante(ORE)",14 - 27,5252632,560672,561022,2024-03-16
1,05:37,"Turnover bad pass (outside center) Kylan Boswell(ARIZ), steal Kwame Evans Jr.(ORE)",14 - 27,5252632,560672,561022,2024-03-16
1,05:44,"2pt hook shot (off turnover) (inside right) missed by N'Faly Dante(ORE), rebound defensive Oumar Ballo(ARIZ)",14 - 27,5252632,560672,561022,2024-03-16
1,06:11,"Turnover lost ball (in the paint) Oumar Ballo(ARIZ), steal N'Faly Dante(ORE)",14 - 27,5252632,560672,561022,2024-03-16
1,06:29,Free throw 2 of 2 made by N'Faly Dante(ORE),14 - 27,5252632,560672,561022,2024-03-16
1,06:29,Substitution ARIZ: in Caleb Love,13 - 27,5252632,560672,561022,2024-03-16
1,06:29,Substitution ARIZ: out Jaden Bradley,13 - 27,5252632,560672,561022,2024-03-16
1,06:29,"Free throw 1 of 2 missed by N'Faly Dante(ORE), rebound offensive dead ball ORE",13 - 27,5252632,560672,561022,2024-03-16
1,06:29,Foul personal (shooting;2 free throws) (under the basket) Oumar Ballo(ARIZ),13 - 27,5252632,560672,561022,2024-03-16
1,06:29,2pt (under the basket) missed by N'Faly Dante(ORE),13 - 27,5252632,560672,561022,2024-03-16
1,06:52,"2pt layup (under the basket) made by Oumar Ballo(ARIZ), assist Kylan Boswell(ARIZ)",13 - 27,5252632,560672,561022,2024-03-16
1,07:07,"3pt jump shot (off turnover) (outside left) missed by Brennan Rigsby(ORE), rebound defensive Keshad Johnson(ARIZ)",13 - 25,5252632,560672,561022,2024-03-16
1,07:25,"Turnover bad pass (inside right) Pelle Larsson(ARIZ), steal N'Faly Dante(ORE)",13 - 25,5252632,560672,561022,2024-03-16
1,07:41,Substitution ORE: in Kwame Evans Jr.,13 - 25,5252632,560672,561022,2024-03-16
1,07:41,Substitution ORE: in N'Faly Dante,13 - 25,5252632,560672,561022,2024-03-16
1,07:41,Substitution ORE: out Jadrian Tracey,13 - 25,5252632,560672,561022,2024-03-16
1,07:41,Substitution ORE: out Kario Oquendo,13 - 25,5252632,560672,561022,2024-03-16
1,07:41,Substitution ARIZ: in Oumar Ballo,13 - 25,5252632,560672,561022,2024-03-16
1,07:41,Substitution ARIZ: out Motiejus Krivas,13 - 25,5252632,560672,561022,2024-03-16
1,07:41,Timeout commercial,13 - 25,5252632,560672,561022,2024-03-16
1,07:42,"3pt jump shot (outside center) missed by Jackson Shelstad(ORE), rebound defensive (team) ARIZ",13 - 25,5252632,560672,561022,2024-03-16
1,08:14,"2pt hook shot (off turnover) (in the paint) made by Motiejus Krivas(ARIZ), assist Kylan Boswell(ARIZ)",13 - 25,5252632,560672,561022,2024-03-16
1,08:28,"Turnover bad pass (inside center) Jadrian Tracey(ORE), steal Keshad Johnson(ARIZ)",13 - 23,5252632,560672,561022,2024-03-16
1,08:55,"Turnover lost ball (under the basket) Pelle Larsson(ARIZ), steal Brennan Rigsby(ORE)",13 - 23,5252632,560672,561022,2024-03-16
1,09:00,"Turnover bad pass (in the paint) Jadrian Tracey(ORE), steal Kylan Boswell(ARIZ)",13 - 23,5252632,560672,561022,2024-03-16
1,09:16,Free throw 2 of 2 (fast break;off turnover) made by Motiejus Krivas(ARIZ),13 - 23,5252632,560672,561022,2024-03-16
1,09:16,Free throw 1 of 2 (fast break;off turnover) made by Motiejus Krivas(ARIZ),13 - 22,5252632,560672,561022,2024-03-16
1,09:16,Foul personal (shooting;2 free throws) (under the basket) Kario Oquendo(ORE),13 - 21,5252632,560672,561022,2024-03-16
1,09:23,"Turnover bad pass (under the basket) Jadrian Tracey(ORE), steal Pelle Larsson(ARIZ)",13 - 21,5252632,560672,561022,2024-03-16
1,09:30,Substitution ARIZ: in Keshad Johnson,13 - 21,5252632,560672,561022,2024-03-16
1,09:30,Substitution ARIZ: out Caleb Love,13 - 21,5252632,560672,561022,2024-03-16
1,09:30,"Foul personal (in the paint) Caleb Love(ARIZ), foul on Jermaine Couisnard(ORE)",13 - 21,5252632,560672,561022,2024-03-16
1,09:43,Substitution ORE: in Jadrian Tracey,13 - 21,5252632,560672,561022,2024-03-16
1,09:43,Substitution ORE: out Kwame Evans Jr.,13 - 21,5252632,560672,561022,2024-03-16
1,10:04,"3pt jump shot (2nd chance;off turnover) (outside right) made by Pelle Larsson(ARIZ), assist Kylan Boswell(ARIZ)",13 - 21,5252632,560672,561022,2024-03-16
1,10:09,"Free throw 2 of 2 (off turnover) missed by Caleb Love(ARIZ), rebound offensive Motiejus Krivas(ARIZ)",13 - 18,5252632,560672,561022,2024-03-16
1,10:09,"Free throw 1 of 2 (off turnover) missed by Caleb Love(ARIZ), rebound offensive dead ball ARIZ",13 - 18,5252632,560672,561022,2024-03-16
1,10:09,Foul personal (shooting;2 free throws) (under the basket) Kwame Evans Jr.(ORE),13 - 18,5252632,560672,561022,2024-03-16
1,10:21,Turnover lost ball (in the paint) Brennan Rigsby(ORE),13 - 18,5252632,560672,561022,2024-03-16
1,10:29,"2pt layup (under the basket) missed by Jaden Bradley(ARIZ), rebound defensive Brennan Rigsby(ORE)",13 - 18,5252632,560672,561022,2024-03-16
1,10:37,"2pt floating jump shot (off turnover) (in the paint) missed by Jermaine Couisnard(ORE), rebound defensive Kylan Boswell(ARIZ)",13 - 18,5252632,560672,561022,2024-03-16
1,11:00,"Foul offensive (back court) Motiejus Krivas(ARIZ), turnover offensive Motiejus Krivas(ARIZ), foul on Kwame Evans Jr.(ORE)",13 - 18,5252632,560672,561022,2024-03-16
1,11:23,Substitution ARIZ: in Kylan Boswell,13 - 18,5252632,560672,561022,2024-03-16
1,11:23,Substitution ARIZ: out Keshad Johnson,13 - 18,5252632,560672,561022,2024-03-16
1,11:23,Timeout commercial,13 - 18,5252632,560672,561022,2024-03-16
1,11:23,"Foul personal (back court) Brennan Rigsby(ORE), foul on Caleb Love(ARIZ)",13 - 18,5252632,560672,561022,2024-03-16
1,11:25,"2pt step back jump shot (blocked) (inside right) missed by Jackson Shelstad(ORE), block Keshad Johnson(ARIZ), rebound defensive Caleb Love(ARIZ)",13 - 18,5252632,560672,561022,2024-03-16
1,11:46,2pt jump shot (2nd chance) (inside left) made by Jaden Bradley(ARIZ),13 - 18,5252632,560672,561022,2024-03-16
1,11:50,"2pt hook shot (in the paint) missed by Motiejus Krivas(ARIZ), rebound offensive Jaden Bradley(ARIZ)",13 - 16,5252632,560672,561022,2024-03-16
1,12:10,Free throw 2 of 2 made by Jackson Shelstad(ORE),13 - 16,5252632,560672,561022,2024-03-16
1,12:10,Substitution ORE: in Brennan Rigsby,12 - 16,5252632,560672,561022,2024-03-16
1,12:10,Substitution ORE: out Jadrian Tracey,12 - 16,5252632,560672,561022,2024-03-16
1,12:10,Substitution ARIZ: in Motiejus Krivas,12 - 16,5252632,560672,561022,2024-03-16
1,12:10,Substitution ARIZ: in Pelle Larsson,12 - 16,5252632,560672,561022,2024-03-16
1,12:10,Substitution ARIZ: out Oumar Ballo,12 - 16,5252632,560672,561022,2024-03-16
1,12:10,Substitution ARIZ: out KJ Lewis,12 - 16,5252632,560672,561022,2024-03-16
1,12:10,Free throw 1 of 2 made by Jackson Shelstad(ORE),12 - 16,5252632,560672,561022,2024-03-16
1,12:12,Foul personal (shooting;2 free throws) (inside center) KJ Lewis(ARIZ),11 - 16,5252632,560672,561022,2024-03-16
1,12:38,"3pt jump shot (fast break) (outside right) made by Caleb Love(ARIZ), assist Jaden Bradley(ARIZ)",11 - 16,5252632,560672,561022,2024-03-16
1,12:44,"2pt layup (2nd chance) (under the basket) made by Kwame Evans Jr.(ORE), assist Jadrian Tracey(ORE)",11 - 13,5252632,560672,561022,2024-03-16
1,12:52,"3pt jump shot (outside center) missed by Kwame Evans Jr.(ORE), rebound offensive Jadrian Tracey(ORE)",9 - 13,5252632,560672,561022,2024-03-16
1,13:06,"2pt layup (under the basket) made by Oumar Ballo(ARIZ), assist KJ Lewis(ARIZ)",9 - 13,5252632,560672,561022,2024-03-16
1,13:23,"2pt hook shot (under the basket) made by Kwame Evans Jr.(ORE), assist Jermaine Couisnard(ORE)",9 - 11,5252632,560672,561022,2024-03-16
1,13:25,Substitution ARIZ: in Jaden Bradley,7 - 11,5252632,560672,561022,2024-03-16
1,13:25,Substitution ARIZ: out Kylan Boswell,7 - 11,5252632,560672,561022,2024-03-16
1,13:25,"Foul personal (outside right) KJ Lewis(ARIZ), foul on Jermaine Couisnard(ORE)",7 - 11,5252632,560672,561022,2024-03-16
1,13:33,"3pt jump shot (outside left) missed by KJ Lewis(ARIZ), rebound defensive Jadrian Tracey(ORE)",7 - 11,5252632,560672,561022,2024-03-16
1,13:44,"3pt jump shot (outside right) missed by Jermaine Couisnard(ORE), rebound defensive Oumar Ballo(ARIZ)",7 - 11,5252632,560672,561022,2024-03-16
1,14:09,2pt jump shot (inside left) made by Kylan Boswell(ARIZ),7 - 11,5252632,560672,561022,2024-03-16
1,14:33,"3pt jump shot (outside right) missed by Jadrian Tracey(ORE), rebound defensive Oumar Ballo(ARIZ)",7 - 9,5252632,560672,561022,2024-03-16
1,14:52,"Free throw 1 of 1 missed by Oumar Ballo(ARIZ), rebound defensive Jadrian Tracey(ORE)",7 - 9,5252632,560672,561022,2024-03-16
1,14:52,Substitution ORE: in Kwame Evans Jr.,7 - 9,5252632,560672,561022,2024-03-16
1,14:52,Substitution ORE: out Mahamadou Diawara,7 - 9,5252632,560672,561022,2024-03-16
1,14:52,Foul personal (shooting;1 free throw) (in the paint) Mahamadou Diawara(ORE),7 - 9,5252632,560672,561022,2024-03-16
1,14:52,"2pt layup (in the paint) made by Oumar Ballo(ARIZ), assist Caleb Love(ARIZ)",7 - 9,5252632,560672,561022,2024-03-16
1,15:14,Substitution ARIZ: in KJ Lewis,7 - 7,5252632,560672,561022,2024-03-16
1,15:14,Substitution ARIZ: out Pelle Larsson,7 - 7,5252632,560672,561022,2024-03-16
1,15:14,"Foul personal (back court) Jadrian Tracey(ORE), foul on Oumar Ballo(ARIZ)",7 - 7,5252632,560672,561022,2024-03-16
1,15:14,Foul (under the basket) ARIZ,7 - 7,5252632,560672,561022,2024-03-16
1,15:17,"3pt jump shot (outside left) missed by Jackson Shelstad(ORE), rebound defensive Oumar Ballo(ARIZ)",7 - 7,5252632,560672,561022,2024-03-16
1,15:45,"2pt dunk (under the basket) made by Oumar Ballo(ARIZ), assist Pelle Larsson(ARIZ)",7 - 7,5252632,560672,561022,2024-03-16
1,15:52,Substitution ORE: in Kario Oquendo,7 - 5,5252632,560672,561022,2024-03-16
1,15:52,Substitution ORE: out Kwame Evans Jr.,7 - 5,5252632,560672,561022,2024-03-16
1,15:52,Timeout commercial,7 - 5,5252632,560672,561022,2024-03-16
1,15:53,"3pt jump shot (outside right) missed by Kwame Evans Jr.(ORE), rebound defensive (team) ARIZ",7 - 5,5252632,560672,561022,2024-03-16
1,16:18,"3pt jump shot (outside center) missed by Caleb Love(ARIZ), rebound defensive (team) ORE, rebound defensive Jackson Shelstad(ORE)",7 - 5,5252632,560672,561022,2024-03-16
1,16:27,"2pt pull up jump shot (inside center) missed by Jermaine Couisnard(ORE), rebound defensive Oumar Ballo(ARIZ)",7 - 5,5252632,560672,561022,2024-03-16
1,16:47,"2pt pull up jump shot (2nd chance) (inside left) missed by Kylan Boswell(ARIZ), rebound defensive Jadrian Tracey(ORE)",7 - 5,5252632,560672,561022,2024-03-16
1,16:56,"Foul personal (in the paint) Jackson Shelstad(ORE), foul on Oumar Ballo(ARIZ)",7 - 5,5252632,560672,561022,2024-03-16
1,17:02,"3pt jump shot (outside center) missed by Keshad Johnson(ARIZ), rebound offensive Oumar Ballo(ARIZ)",7 - 5,5252632,560672,561022,2024-03-16
1,17:10,2pt driving layup (2nd chance) (under the basket) made by Jackson Shelstad(ORE),7 - 5,5252632,560672,561022,2024-03-16
1,17:24,"2pt layup (blocked) (under the basket) missed by Jadrian Tracey(ORE), block Pelle Larsson(ARIZ), rebound offensive (team) ORE",5 - 5,5252632,560672,561022,2024-03-16
1,17:32,"2pt floating jump shot (inside center) missed by Caleb Love(ARIZ), rebound defensive Jadrian Tracey(ORE)",5 - 5,5252632,560672,561022,2024-03-16
1,17:51,"3pt jump shot (outside right) missed by Jackson Shelstad(ORE), rebound defensive (team) ARIZ",5 - 5,5252632,560672,561022,2024-03-16
1,18:21,"3pt jump shot (outside left) made by Pelle Larsson(ARIZ), assist Keshad Johnson(ARIZ)",5 - 5,5252632,560672,561022,2024-03-16
1,18:34,"3pt jump shot (outside left) made by Jermaine Couisnard(ORE), assist Jackson Shelstad(ORE)",5 - 2,5252632,560672,561022,2024-03-16
1,18:58,Substitution ORE: in Mahamadou Diawara,2 - 2,5252632,560672,561022,2024-03-16
1,18:58,Substitution ORE: out N'Faly Dante,2 - 2,5252632,560672,561022,2024-03-16
1,19:02,"2pt dunk (under the basket) made by Oumar Ballo(ARIZ), assist Keshad Johnson(ARIZ)",2 - 2,5252632,560672,561022,2024-03-16
1,19:13,"2pt hook shot (in the paint) made by N'Faly Dante(ORE), assist Jermaine Couisnard(ORE)",2 - 0,5252632,560672,561022,2024-03-16
1,19:26,"3pt jump shot (2nd chance) (outside right) missed by Caleb Love(ARIZ), rebound defensive Kwame Evans Jr.(ORE)",0 - 0,5252632,560672,561022,2024-03-16
1,19:39,"2pt jump shot (2nd chance;blocked) (inside left) missed by Caleb Love(ARIZ), block Jackson Shelstad(ORE), rebound offensive (team) ARIZ",0 - 0,5252632,560672,561022,2024-03-16
1,19:41,"2pt layup (blocked) (in the paint) missed by Kylan Boswell(ARIZ), block Jackson Shelstad(ORE), rebound offensive (team) ARIZ",0 - 0,5252632,560672,561022,2024-03-16
1,20:00,"Jump ball start period, won Oumar Ballo(ARIZ), lost N'Faly Dante(ORE)",0 - 0,5252632,560672,561022,2024-03-16
1,20:00,Period start,0 - 0,5252632,560672,561022,2024-03-16
1,20:00,Game start,0 - 0,5252632,560672,561022,2024-03-16
1,15:13,Free throw 3 of 3 made by Alex Schumacher(Seattle U),8 - 8,5252520,560614,560620,2024-03-16
1,15:13,Substitution Seattle U: in Kobe Williamson,7 - 8,5252520,560614,560620,2024-03-16
1,15:13,Substitution Seattle U: in Paris Dawson,7 - 8,5252520,560614,560620,2024-03-16
1,15:13,Substitution Seattle U: out Brandton Chatfield,7 - 8,5252520,560614,560620,2024-03-16
1,15:13,Substitution Seattle U: out John Christofilis,7 - 8,5252520,560614,560620,2024-03-16
1,15:13,Free throw 2 of 3 made by Alex Schumacher(Seattle U),7 - 8,5252520,560614,560620,2024-03-16
1,15:13,Free throw 1 of 3 made by Alex Schumacher(Seattle U),6 - 8,5252520,560614,560620,2024-03-16
1,15:13,Foul personal (shooting;3 free throws) (outside left) Collin Moore(Grand Canyon),5 - 8,5252520,560614,560620,2024-03-16
1,15:14,3pt (outside left) missed by Alex Schumacher(Seattle U),5 - 8,5252520,560614,560620,2024-03-16
1,15:34,2pt driving layup (off turnover) (in the paint) made by Tyon Grant-Foster(Grand Canyon),5 - 8,5252520,560614,560620,2024-03-16
1,15:52,Timeout commercial,5 - 6,5252520,560614,560620,2024-03-16
1,15:53,Turnover bad pass (inside left) Alex Schumacher(Seattle U),5 - 6,5252520,560614,560620,2024-03-16
1,16:20,Jump ball held ball Seattle U,5 - 6,5252520,560614,560620,2024-03-16
1,16:22,"2pt layup (2nd chance) (under the basket) missed by Duke Brennan(Grand Canyon), rebound defensive Brandton Chatfield(Seattle U)",5 - 6,5252520,560614,560620,2024-03-16
1,16:27,"2pt hook shot (in the paint) missed by Gabe McGlothan(Grand Canyon), rebound offensive Duke Brennan(Grand Canyon)",5 - 6,5252520,560614,560620,2024-03-16
1,16:53,"2pt hook shot (in the paint) missed by Brandton Chatfield(Seattle U), rebound defensive Collin Moore(Grand Canyon)",5 - 6,5252520,560614,560620,2024-03-16
1,17:05,2pt layup (in the paint) made by Tyon Grant-Foster(Grand Canyon),5 - 6,5252520,560614,560620,2024-03-16
1,17:28,"2pt driving layup (under the basket) made by John Christofilis(Seattle U), assist Alex Schumacher(Seattle U)",5 - 4,5252520,560614,560620,2024-03-16
1,17:41,"Foul personal (back court) Duke Brennan(Grand Canyon), foul on Seyi Reiley(Seattle U)",3 - 4,5252520,560614,560620,2024-03-16
1,17:43,"2pt layup (in the paint) missed by Duke Brennan(Grand Canyon), rebound defensive Seyi Reiley(Seattle U)",3 - 4,5252520,560614,560620,2024-03-16
1,17:58,"2pt pull up jump shot (in the paint) missed by John Christofilis(Seattle U), rebound defensive (team) Grand Canyon",3 - 4,5252520,560614,560620,2024-03-16
1,18:19,"Free throw 2 of 2 missed by Duke Brennan(Grand Canyon), rebound defensive Cameron Tyson(Seattle U)",3 - 4,5252520,560614,560620,2024-03-16
1,18:19,Free throw 1 of 2 made by Duke Brennan(Grand Canyon),3 - 4,5252520,560614,560620,2024-03-16
1,18:19,Foul personal (shooting;2 free throws) (in the paint) Cameron Tyson(Seattle U),3 - 3,5252520,560614,560620,2024-03-16
1,18:37,"3pt jump shot (outside left) made by John Christofilis(Seattle U), assist Cameron Tyson(Seattle U)",3 - 3,5252520,560614,560620,2024-03-16
1,19:05,"3pt jump shot (outside right) made by Collin Moore(Grand Canyon), assist Ray Harrison(Grand Canyon)",0 - 3,5252520,560614,560620,2024-03-16
1,19:17,"3pt step back jump shot (outside left) missed by Cameron Tyson(Seattle U), rebound defensive Duke Brennan(Grand Canyon)",0 - 0,5252520,560614,560620,2024-03-16
1,19:43,"3pt jump shot (outside right) missed by Tyon Grant-Foster(Grand Canyon), rebound defensive Alex Schumacher(Seattle U)",0 - 0,5252520,560614,560620,2024-03-16
1,20:00,"Jump ball start period, won Duke Brennan(Grand Canyon), lost Brandton Chatfield(Seattle U)",0 - 0,5252520,560614,560620,2024-03-16
1,20:00,Period start,0 - 0,5252520,560614,560620,2024-03-16
1,20:00,Game start,0 - 0,5252520,560614,560620,2024-03-16
1,15:27,2pt (in the paint) made by Lassina Traore(LBSU),15 - 9,5252391,560815,560721,2024-03-16
1,15:36,Substitution UCI: in Derin Saran,13 - 9,5252391,560815,560721,2024-03-16
1,15:36,Substitution UCI: out Andre Henry,13 - 9,5252391,560815,560721,2024-03-16
1,15:36,Timeout commercial,13 - 9,5252391,560815,560721,2024-03-16
1,15:36,"Foul personal (inside left) Carter Welling(UCI), foul on Lassina Traore(LBSU)",13 - 9,5252391,560815,560721,2024-03-16
1,15:39,"2pt pull up jump shot (inside center) missed by Marcus Tsohonis(LBSU), rebound defensive (team) UCI",13 - 9,5252391,560815,560721,2024-03-16
1,15:47,"2pt hook shot (in the paint) missed by Dean Keeler(UCI), rebound defensive Jadon Jones(LBSU)",13 - 9,5252391,560815,560721,2024-03-16
1,16:06,3pt (outside left) made by LBSU,13 - 9,5252391,560815,560721,2024-03-16
1,16:14,"Free throw 2 of 2 missed by Pierre Crockrell II(UCI), rebound defensive Marcus Tsohonis(LBSU)",10 - 9,5252391,560815,560721,2024-03-16
1,16:14,Substitution LBSU: in Jadon Jones,10 - 9,5252391,560815,560721,2024-03-16
1,16:14,Substitution LBSU: out Messiah Thompson,10 - 9,5252391,560815,560721,2024-03-16
1,16:14,Substitution UCI: in Dean Keeler,10 - 9,5252391,560815,560721,2024-03-16
1,16:14,Substitution UCI: in Carter Welling,10 - 9,5252391,560815,560721,2024-03-16
1,16:14,Substitution UCI: out Bent Leuchten,10 - 9,5252391,560815,560721,2024-03-16
1,16:14,Substitution UCI: out Devin Tillis,10 - 9,5252391,560815,560721,2024-03-16
1,16:14,"Free throw 1 of 2 missed by Pierre Crockrell II(UCI), rebound offensive dead ball UCI",10 - 9,5252391,560815,560721,2024-03-16
1,16:14,Foul personal (shooting;2 free throws) (under the basket) Messiah Thompson(LBSU),10 - 9,5252391,560815,560721,2024-03-16
1,16:30,"3pt jump shot (outside left) missed by AJ George(LBSU), rebound defensive Bent Leuchten(UCI)",10 - 9,5252391,560815,560721,2024-03-16
1,16:48,"3pt jump shot (outside left) made by Andre Henry(UCI), assist Pierre Crockrell II(UCI)",10 - 9,5252391,560815,560721,2024-03-16
1,17:06,"2pt jump shot (inside center) made by AJ George(LBSU), assist Aboubacar Traore(LBSU)",10 - 6,5252391,560815,560721,2024-03-16
1,17:14,"2pt layup (under the basket) missed by Andre Henry(UCI), rebound defensive Lassina Traore(LBSU)",8 - 6,5252391,560815,560721,2024-03-16
1,17:23,3pt jump shot (fast break) (outside right) made by Marcus Tsohonis(LBSU),8 - 6,5252391,560815,560721,2024-03-16
1,17:29,"2pt driving layup (in the paint) missed by Pierre Crockrell II(UCI), rebound defensive Lassina Traore(LBSU)",5 - 6,5252391,560815,560721,2024-03-16
1,17:50,Free throw 1 of 1 made by Lassina Traore(LBSU),5 - 6,5252391,560815,560721,2024-03-16
1,17:50,Foul personal (shooting;1 free throw) (under the basket) Devin Tillis(UCI),4 - 6,5252391,560815,560721,2024-03-16
1,17:50,"2pt layup (under the basket) made by Lassina Traore(LBSU), assist Marcus Tsohonis(LBSU)",4 - 6,5252391,560815,560721,2024-03-16
1,18:10,2pt driving layup (off turnover) (under the basket) made by Pierre Crockrell II(UCI),2 - 6,5252391,560815,560721,2024-03-16
1,18:21,Turnover bad pass (inside left) Aboubacar Traore(LBSU),2 - 4,5252391,560815,560721,2024-03-16
1,18:48,"2pt layup (under the basket) made by Devin Tillis(UCI), assist Justin Hohn(UCI)",2 - 4,5252391,560815,560721,2024-03-16
1,19:10,"2pt jump shot (in the paint) made by Lassina Traore(LBSU), assist Aboubacar Traore(LBSU)",2 - 2,5252391,560815,560721,2024-03-16
1,19:35,"2pt hook shot (under the basket) made by Devin Tillis(UCI), assist Pierre Crockrell II(UCI)",0 - 2,5252391,560815,560721,2024-03-16
