Half,Clock,Play,Score,game_id,home_id,away_id,game_date
2,01:10,Timeout full Seattle U,67 - 74,5252520,560614,560620,2024-03-16
2,01:10,"2pt dunk (under the basket) made by Seyi Reiley(Seattle U), assist Kobe Williamson(Seattle U)",67 - 74,5252520,560614,560620,2024-03-16
2,01:22,Free throw 2 of 2 (off turnover) made by Ray Harrison(Grand Canyon),65 - 74,5252520,560614,560620,2024-03-16
2,01:22,Free throw 1 of 2 (off turnover) made by Ray Harrison(Grand Canyon),65 - 73,5252520,560614,560620,2024-03-16
2,01:22,Substitution Seattle U: in Kobe Williamson,65 - 72,5252520,560614,560620,2024-03-16
2,01:22,Substitution Seattle U: out Brandton Chatfield,65 - 72,5252520,560614,560620,2024-03-16
2,01:22,Foul personal (shooting;2 free throws) (in the paint) Brandton Chatfield(Seattle U),65 - 72,5252520,560614,560620,2024-03-16
2,01:43,Timeout full Grand Canyon,65 - 72,5252520,560614,560620,2024-03-16
2,01:45,"Turnover lost ball (outside center) Cameron Tyson(Seattle U), steal Gabe McGlothan(Grand Canyon)",65 - 72,5252520,560614,560620,2024-03-16
2,01:57,"3pt jump shot (off turnover) (outside left) missed by Jovan Blacksher Jr.(Grand Canyon), rebound defensive Alex Schumacher(Seattle U)",65 - 72,5252520,560614,560620,2024-03-16
2,02:22,"Turnover lost ball (outside center) Alex Schumacher(Seattle U), steal Ray Harrison(Grand Canyon)",65 - 72,5252520,560614,560620,2024-03-16
2,02:39,2pt layup (2nd chance) (in the paint) made by Gabe McGlothan(Grand Canyon),65 - 72,5252520,560614,560620,2024-03-16
2,02:44,"2pt layup (2nd chance;blocked) (in the paint) missed by Gabe McGlothan(Grand Canyon), block Brandton Chatfield(Seattle U), rebound offensive Gabe McGlothan(Grand Canyon)",65 - 70,5252520,560614,560620,2024-03-16
2,02:48,"2pt jump shot (inside left) missed by Ray Harrison(Grand Canyon), rebound offensive Gabe McGlothan(Grand Canyon)",65 - 70,5252520,560614,560620,2024-03-16
2,03:00,Substitution Seattle U: in Seyi Reiley,65 - 70,5252520,560614,560620,2024-03-16
2,03:00,Substitution Seattle U: out Kobe Williamson,65 - 70,5252520,560614,560620,2024-03-16
2,03:00,Free throw 2 of 2 made by Brandton Chatfield(Seattle U),65 - 70,5252520,560614,560620,2024-03-16
2,03:00,Substitution Grand Canyon: in Gabe McGlothan,64 - 70,5252520,560614,560620,2024-03-16
2,03:00,Substitution Grand Canyon: out Duke Brennan,64 - 70,5252520,560614,560620,2024-03-16
2,03:00,Free throw 1 of 2 made by Brandton Chatfield(Seattle U),64 - 70,5252520,560614,560620,2024-03-16
2,03:00,Foul personal (shooting;2 free throws) (in the paint) Duke Brennan(Grand Canyon),63 - 70,5252520,560614,560620,2024-03-16
2,03:18,"3pt jump shot (outside left) made by Jovan Blacksher Jr.(Grand Canyon), assist Ray Harrison(Grand Canyon)",63 - 70,5252520,560614,560620,2024-03-16
2,03:34,"2pt layup (under the basket) made by John Christofilis(Seattle U), assist Alex Schumacher(Seattle U)",63 - 67,5252520,560614,560620,2024-03-16
2,03:44,Substitution Seattle U: in Cameron Tyson,61 - 67,5252520,560614,560620,2024-03-16
2,03:44,Substitution Seattle U: out Paris Dawson,61 - 67,5252520,560614,560620,2024-03-16
2,03:44,Timeout commercial,61 - 67,5252520,560614,560620,2024-03-16
2,03:44,Timeout short Seattle U,61 - 67,5252520,560614,560620,2024-03-16
2,03:59,2pt driving layup (in the paint) made by Tyon Grant-Foster(Grand Canyon),61 - 67,5252520,560614,560620,2024-03-16
2,04:09,"3pt step back jump shot (outside right) missed by Alex Schumacher(Seattle U), rebound defensive Duke Brennan(Grand Canyon)",61 - 65,5252520,560614,560620,2024-03-16
2,04:23,2pt driving layup (under the basket) made by Ray Harrison(Grand Canyon),61 - 65,5252520,560614,560620,2024-03-16
2,04:33,Substitution Seattle U: in Paris Dawson,61 - 63,5252520,560614,560620,2024-03-16
2,04:33,Substitution Seattle U: out Cameron Tyson,61 - 63,5252520,560614,560620,2024-03-16
2,04:35,"2pt layup (2nd chance;off turnover) (under the basket) missed by Cameron Tyson(Seattle U), rebound defensive Lok Wur(Grand Canyon)",61 - 63,5252520,560614,560620,2024-03-16
2,04:46,Substitution Seattle U: in Brandton Chatfield,61 - 63,5252520,560614,560620,2024-03-16
2,04:46,Substitution Seattle U: out Seyi Reiley,61 - 63,5252520,560614,560620,2024-03-16
2,04:46,Substitution Grand Canyon: in Lok Wur,61 - 63,5252520,560614,560620,2024-03-16
2,04:46,Substitution Grand Canyon: out Gabe McGlothan,61 - 63,5252520,560614,560620,2024-03-16
2,04:47,"2pt layup (2nd chance;off turnover) (under the basket) missed by Kobe Williamson(Seattle U), rebound offensive (team) Seattle U",61 - 63,5252520,560614,560620,2024-03-16
2,04:51,"3pt jump shot (2nd chance;off turnover) (outside left) missed by Cameron Tyson(Seattle U), rebound offensive Kobe Williamson(Seattle U)",61 - 63,5252520,560614,560620,2024-03-16
2,05:02,"2pt driving layup (off turnover) (under the basket) missed by Alex Schumacher(Seattle U), rebound offensive Seyi Reiley(Seattle U)",61 - 63,5252520,560614,560620,2024-03-16
2,05:14,"Turnover bad pass (in the paint) Ray Harrison(Grand Canyon), steal Kobe Williamson(Seattle U)",61 - 63,5252520,560614,560620,2024-03-16
2,05:37,"3pt jump shot (2nd chance) (outside left) missed by Cameron Tyson(Seattle U), rebound defensive Tyon Grant-Foster(Grand Canyon)",61 - 63,5252520,560614,560620,2024-03-16
2,05:45,"2pt floating jump shot (inside right) missed by Alex Schumacher(Seattle U), rebound offensive (team) Seattle U",61 - 63,5252520,560614,560620,2024-03-16
2,06:01,"3pt step back jump shot (outside right) missed by Tyon Grant-Foster(Grand Canyon), rebound defensive Kobe Williamson(Seattle U)",61 - 63,5252520,560614,560620,2024-03-16
2,06:19,Free throw 2 of 2 made by Alex Schumacher(Seattle U),61 - 63,5252520,560614,560620,2024-03-16
2,06:19,Free throw 1 of 2 made by Alex Schumacher(Seattle U),60 - 63,5252520,560614,560620,2024-03-16
2,06:19,Substitution Grand Canyon: in Jovan Blacksher Jr.,59 - 63,5252520,560614,560620,2024-03-16
2,06:19,Substitution Grand Canyon: out Collin Moore,59 - 63,5252520,560614,560620,2024-03-16
2,06:19,Foul personal (one and one) (outside right) Collin Moore(Grand Canyon),59 - 63,5252520,560614,560620,2024-03-16
2,06:31,Free throw 2 of 2 made by Ray Harrison(Grand Canyon),59 - 63,5252520,560614,560620,2024-03-16
2,06:31,Substitution Seattle U: in Seyi Reiley,59 - 62,5252520,560614,560620,2024-03-16
2,06:31,Substitution Seattle U: out Brandton Chatfield,59 - 62,5252520,560614,560620,2024-03-16
2,06:31,Free throw 1 of 2 made by Ray Harrison(Grand Canyon),59 - 62,5252520,560614,560620,2024-03-16
2,06:31,Foul personal (shooting;2 free throws) (in the paint) Brandton Chatfield(Seattle U),59 - 61,5252520,560614,560620,2024-03-16
2,06:50,2pt layup (in the paint) made by John Christofilis(Seattle U),59 - 61,5252520,560614,560620,2024-03-16
2,07:16,Free throw 2 of 2 (fast break) made by Tyon Grant-Foster(Grand Canyon),57 - 61,5252520,560614,560620,2024-03-16
2,07:16,Substitution Seattle U: in Cameron Tyson,57 - 60,5252520,560614,560620,2024-03-16
2,07:16,Substitution Seattle U: out Paris Dawson,57 - 60,5252520,560614,560620,2024-03-16
2,07:16,Free throw 1 of 2 (fast break) made by Tyon Grant-Foster(Grand Canyon),57 - 60,5252520,560614,560620,2024-03-16
2,07:16,Foul personal (2 free throws) (back court) Paris Dawson(Seattle U),57 - 59,5252520,560614,560620,2024-03-16
2,07:22,"3pt jump shot (outside left) missed by John Christofilis(Seattle U), rebound defensive Tyon Grant-Foster(Grand Canyon)",57 - 59,5252520,560614,560620,2024-03-16
2,07:34,Free throw 2 of 2 made by Ray Harrison(Grand Canyon),57 - 59,5252520,560614,560620,2024-03-16
2,07:34,Substitution Seattle U: in Brandton Chatfield,57 - 58,5252520,560614,560620,2024-03-16
2,07:34,Substitution Seattle U: out Seyi Reiley,57 - 58,5252520,560614,560620,2024-03-16
2,07:34,Free throw 1 of 2 made by Ray Harrison(Grand Canyon),57 - 58,5252520,560614,560620,2024-03-16
2,07:34,Foul personal (shooting;2 free throws) (in the paint) Kobe Williamson(Seattle U),57 - 57,5252520,560614,560620,2024-03-16
2,07:51,2pt layup (under the basket) made by Kobe Williamson(Seattle U),57 - 57,5252520,560614,560620,2024-03-16
2,08:20,2pt step back jump shot (inside left) made by Ray Harrison(Grand Canyon),55 - 57,5252520,560614,560620,2024-03-16
2,08:29,Substitution Seattle U: in Seyi Reiley,55 - 55,5252520,560614,560620,2024-03-16
2,08:29,Substitution Seattle U: out Brandton Chatfield,55 - 55,5252520,560614,560620,2024-03-16
2,08:29,Substitution Grand Canyon: in Collin Moore,55 - 55,5252520,560614,560620,2024-03-16
2,08:29,Substitution Grand Canyon: out Jovan Blacksher Jr.,55 - 55,5252520,560614,560620,2024-03-16
2,08:29,Timeout commercial,55 - 55,5252520,560614,560620,2024-03-16
2,08:29,Timeout short Grand Canyon,55 - 55,5252520,560614,560620,2024-03-16
2,08:31,2pt layup (2nd chance) (under the basket) made by Brandton Chatfield(Seattle U),55 - 55,5252520,560614,560620,2024-03-16
2,08:35,"2pt layup (2nd chance) (under the basket) missed by Alex Schumacher(Seattle U), rebound offensive Brandton Chatfield(Seattle U)",53 - 55,5252520,560614,560620,2024-03-16
2,08:39,"2pt layup (blocked) (in the paint) missed by Alex Schumacher(Seattle U), block Tyon Grant-Foster(Grand Canyon), rebound offensive Alex Schumacher(Seattle U)",53 - 55,5252520,560614,560620,2024-03-16
2,08:49,"2pt hook shot (in the paint) missed by Gabe McGlothan(Grand Canyon), rebound defensive Kobe Williamson(Seattle U)",53 - 55,5252520,560614,560620,2024-03-16
2,09:19,3pt pull up jump shot (outside right) made by Alex Schumacher(Seattle U),53 - 55,5252520,560614,560620,2024-03-16
2,09:30,"2pt hook shot (in the paint) made by Duke Brennan(Grand Canyon), assist Gabe McGlothan(Grand Canyon)",50 - 55,5252520,560614,560620,2024-03-16
2,09:48,Free throw 2 of 2 made by Paris Dawson(Seattle U),50 - 53,5252520,560614,560620,2024-03-16
2,09:48,Substitution Grand Canyon: in Gabe McGlothan,49 - 53,5252520,560614,560620,2024-03-16
2,09:48,Substitution Grand Canyon: out Lok Wur,49 - 53,5252520,560614,560620,2024-03-16
2,09:48,Free throw 1 of 2 made by Paris Dawson(Seattle U),49 - 53,5252520,560614,560620,2024-03-16
2,09:48,Substitution Grand Canyon: in Ray Harrison,48 - 53,5252520,560614,560620,2024-03-16
2,09:48,Substitution Grand Canyon: out Collin Moore,48 - 53,5252520,560614,560620,2024-03-16
2,09:48,Foul personal (one and one) (outside center) Tyon Grant-Foster(Grand Canyon),48 - 53,5252520,560614,560620,2024-03-16
2,09:59,Free throw 2 of 2 (2nd chance) made by Lok Wur(Grand Canyon),48 - 53,5252520,560614,560620,2024-03-16
2,09:59,Substitution Seattle U: in Paris Dawson,48 - 52,5252520,560614,560620,2024-03-16
2,09:59,Substitution Seattle U: out Cameron Tyson,48 - 52,5252520,560614,560620,2024-03-16
2,09:59,"Free throw 1 of 2 (2nd chance) missed by Lok Wur(Grand Canyon), rebound offensive dead ball Grand Canyon",48 - 52,5252520,560614,560620,2024-03-16
2,09:59,Foul personal (shooting;2 free throws) (under the basket) Cameron Tyson(Seattle U),48 - 52,5252520,560614,560620,2024-03-16
2,10:02,"3pt jump shot (outside left wing) missed by Tyon Grant-Foster(Grand Canyon), rebound offensive Lok Wur(Grand Canyon)",48 - 52,5252520,560614,560620,2024-03-16
2,10:29,Free throw 2 of 2 made by Cameron Tyson(Seattle U),48 - 52,5252520,560614,560620,2024-03-16
2,10:29,Free throw 1 of 2 made by Cameron Tyson(Seattle U),47 - 52,5252520,560614,560620,2024-03-16
2,10:29,Foul personal (one and one) (outside left) Jovan Blacksher Jr.(Grand Canyon),46 - 52,5252520,560614,560620,2024-03-16
2,10:42,"2pt dunk (under the basket) made by Duke Brennan(Grand Canyon), assist Tyon Grant-Foster(Grand Canyon)",46 - 52,5252520,560614,560620,2024-03-16
2,10:56,Substitution Grand Canyon: in Duke Brennan,46 - 50,5252520,560614,560620,2024-03-16
2,10:56,Substitution Grand Canyon: in Jovan Blacksher Jr.,46 - 50,5252520,560614,560620,2024-03-16
2,10:56,Substitution Grand Canyon: out Gabe McGlothan,46 - 50,5252520,560614,560620,2024-03-16
2,10:56,Substitution Grand Canyon: out Ray Harrison,46 - 50,5252520,560614,560620,2024-03-16
2,10:56,Timeout short Grand Canyon,46 - 50,5252520,560614,560620,2024-03-16
2,11:03,"2pt dunk (off turnover) (under the basket) made by Brandton Chatfield(Seattle U), assist Alex Schumacher(Seattle U)",46 - 50,5252520,560614,560620,2024-03-16
2,11:22,Substitution Seattle U: in Cameron Tyson,44 - 50,5252520,560614,560620,2024-03-16
2,11:22,Substitution Seattle U: out Paris Dawson,44 - 50,5252520,560614,560620,2024-03-16
2,11:22,Turnover shot clock (team) (in the paint) Grand Canyon,44 - 50,5252520,560614,560620,2024-03-16
2,11:23,"2pt dunk (off turnover;blocked) (under the basket) missed by Gabe McGlothan(Grand Canyon), block Brandton Chatfield(Seattle U), rebound offensive (team) Grand Canyon",44 - 50,5252520,560614,560620,2024-03-16
2,11:54,Timeout commercial,44 - 50,5252520,560614,560620,2024-03-16
2,11:54,Turnover out of bounds (inside left) John Christofilis(Seattle U),44 - 50,5252520,560614,560620,2024-03-16
2,11:54,Foul (back court) Seattle U,44 - 50,5252520,560614,560620,2024-03-16
2,12:04,"Foul personal (back court) Lok Wur(Grand Canyon), foul on Kobe Williamson(Seattle U)",44 - 50,5252520,560614,560620,2024-03-16
2,12:06,"Free throw 2 of 2 missed by Tyon Grant-Foster(Grand Canyon), rebound defensive (team) Seattle U",44 - 50,5252520,560614,560620,2024-03-16
2,12:06,Substitution Seattle U: in Brandton Chatfield,44 - 50,5252520,560614,560620,2024-03-16
2,12:06,Substitution Seattle U: out Seyi Reiley,44 - 50,5252520,560614,560620,2024-03-16
2,12:06,Free throw 1 of 2 made by Tyon Grant-Foster(Grand Canyon),44 - 50,5252520,560614,560620,2024-03-16
2,12:06,Foul personal (shooting;2 free throws) (in the paint) Seyi Reiley(Seattle U),44 - 49,5252520,560614,560620,2024-03-16
2,12:21,"3pt jump shot (outside right) made by John Christofilis(Seattle U), assist Seyi Reiley(Seattle U)",44 - 49,5252520,560614,560620,2024-03-16
2,12:42,2pt turnaround jump shot (in the paint) made by Lok Wur(Grand Canyon),41 - 49,5252520,560614,560620,2024-03-16
2,13:01,Substitution Seattle U: in John Christofilis,41 - 47,5252520,560614,560620,2024-03-16
2,13:01,Substitution Seattle U: out Cameron Tyson,41 - 47,5252520,560614,560620,2024-03-16
2,13:01,Substitution Grand Canyon: in Collin Moore,41 - 47,5252520,560614,560620,2024-03-16
2,13:01,Substitution Grand Canyon: out Jovan Blacksher Jr.,41 - 47,5252520,560614,560620,2024-03-16
2,13:01,Timeout commercial,41 - 47,5252520,560614,560620,2024-03-16
2,13:01,Timeout short Seattle U,41 - 47,5252520,560614,560620,2024-03-16
2,13:01,Free throw 3 of 3 made by Alex Schumacher(Seattle U),41 - 47,5252520,560614,560620,2024-03-16
2,13:01,"Free throw 2 of 3 missed by Alex Schumacher(Seattle U), rebound offensive dead ball Seattle U",40 - 47,5252520,560614,560620,2024-03-16
2,13:01,Free throw 1 of 3 made by Alex Schumacher(Seattle U),40 - 47,5252520,560614,560620,2024-03-16
2,13:01,Foul personal (shooting;3 free throws) (outside center) Jovan Blacksher Jr.(Grand Canyon),39 - 47,5252520,560614,560620,2024-03-16
2,13:32,2pt layup (2nd chance) (in the paint) made by Lok Wur(Grand Canyon),39 - 47,5252520,560614,560620,2024-03-16
2,13:34,"Free throw 2 of 2 (off turnover) missed by Jovan Blacksher Jr.(Grand Canyon), rebound offensive Lok Wur(Grand Canyon)",39 - 45,5252520,560614,560620,2024-03-16
2,13:34,Free throw 1 of 2 (off turnover) made by Jovan Blacksher Jr.(Grand Canyon),39 - 45,5252520,560614,560620,2024-03-16
2,13:34,Foul personal (one and one) (in the paint) Alex Schumacher(Seattle U),39 - 44,5252520,560614,560620,2024-03-16
2,13:43,Turnover out of bounds (inside left wing) Alex Schumacher(Seattle U),39 - 44,5252520,560614,560620,2024-03-16
2,14:11,Free throw 2 of 2 (fast break) made by Seyi Reiley(Seattle U),39 - 44,5252520,560614,560620,2024-03-16
2,14:11,"Free throw 1 of 2 (fast break) missed by Seyi Reiley(Seattle U), rebound offensive dead ball Seattle U",38 - 44,5252520,560614,560620,2024-03-16
2,14:11,Foul personal (flagrant 1;2 free throws) (back court) Gabe McGlothan(Grand Canyon),38 - 44,5252520,560614,560620,2024-03-16
2,14:14,"3pt jump shot (off turnover) (outside right) missed by Ray Harrison(Grand Canyon), rebound defensive Alex Schumacher(Seattle U)",38 - 44,5252520,560614,560620,2024-03-16
2,14:34,Substitution Seattle U: in Seyi Reiley,38 - 44,5252520,560614,560620,2024-03-16
2,14:34,Substitution Seattle U: out Brandton Chatfield,38 - 44,5252520,560614,560620,2024-03-16
2,14:34,Turnover lost ball (under the basket) Brandton Chatfield(Seattle U),38 - 44,5252520,560614,560620,2024-03-16
2,14:40,"Foul personal (in the paint) Gabe McGlothan(Grand Canyon), foul on Brandton Chatfield(Seattle U)",38 - 44,5252520,560614,560620,2024-03-16
2,14:55,"3pt jump shot (2nd chance) (outside right) made by Tyon Grant-Foster(Grand Canyon), assist Ray Harrison(Grand Canyon)",38 - 44,5252520,560614,560620,2024-03-16
2,15:03,"2pt driving layup (in the paint) missed by Tyon Grant-Foster(Grand Canyon), rebound offensive Ray Harrison(Grand Canyon)",38 - 41,5252520,560614,560620,2024-03-16
2,15:14,Substitution Seattle U: in Brandton Chatfield,38 - 41,5252520,560614,560620,2024-03-16
2,15:14,Substitution Seattle U: out Seyi Reiley,38 - 41,5252520,560614,560620,2024-03-16
2,15:14,Timeout commercial,38 - 41,5252520,560614,560620,2024-03-16
2,15:16,"2pt driving layup (blocked) (under the basket) missed by Alex Schumacher(Seattle U), block Ray Harrison(Grand Canyon), rebound defensive (team) Grand Canyon",38 - 41,5252520,560614,560620,2024-03-16
2,15:31,"2pt step back jump shot (in the paint) missed by Ray Harrison(Grand Canyon), rebound defensive Alex Schumacher(Seattle U)",38 - 41,5252520,560614,560620,2024-03-16
2,15:47,"2pt layup (blocked) (in the paint) missed by Cameron Tyson(Seattle U), block Tyon Grant-Foster(Grand Canyon), rebound defensive Gabe McGlothan(Grand Canyon)",38 - 41,5252520,560614,560620,2024-03-16
2,16:08,"3pt jump shot (2nd chance) (outside left) missed by Tyon Grant-Foster(Grand Canyon), rebound defensive Paris Dawson(Seattle U)",38 - 41,5252520,560614,560620,2024-03-16
2,16:16,"Free throw 2 of 2 (2nd chance;fast break) missed by Gabe McGlothan(Grand Canyon), rebound offensive Ray Harrison(Grand Canyon)",38 - 41,5252520,560614,560620,2024-03-16
2,16:16,Free throw 1 of 2 (2nd chance;fast break) made by Gabe McGlothan(Grand Canyon),38 - 41,5252520,560614,560620,2024-03-16
2,16:16,Foul personal (shooting;2 free throws) (in the paint) Seyi Reiley(Seattle U),38 - 40,5252520,560614,560620,2024-03-16
2,16:18,"Free throw 1 of 1 missed by Tyon Grant-Foster(Grand Canyon), rebound offensive Gabe McGlothan(Grand Canyon)",38 - 40,5252520,560614,560620,2024-03-16
2,16:18,Substitution Seattle U: in Paris Dawson,38 - 40,5252520,560614,560620,2024-03-16
2,16:18,Substitution Seattle U: out John Christofilis,38 - 40,5252520,560614,560620,2024-03-16
2,16:18,Foul personal (shooting;1 free throw) (in the paint) Cameron Tyson(Seattle U),38 - 40,5252520,560614,560620,2024-03-16
2,16:18,2pt driving layup (in the paint) made by Tyon Grant-Foster(Grand Canyon),38 - 40,5252520,560614,560620,2024-03-16
2,16:24,"3pt jump shot (outside center) missed by Cameron Tyson(Seattle U), rebound defensive Tyon Grant-Foster(Grand Canyon)",38 - 38,5252520,560614,560620,2024-03-16
2,16:34,"2pt jump shot (in the paint) missed by Gabe McGlothan(Grand Canyon), rebound defensive Kobe Williamson(Seattle U)",38 - 38,5252520,560614,560620,2024-03-16
2,16:47,Free throw 2 of 2 (2nd chance) made by Kobe Williamson(Seattle U),38 - 38,5252520,560614,560620,2024-03-16
2,16:47,Substitution Grand Canyon: in Lok Wur,37 - 38,5252520,560614,560620,2024-03-16
2,16:47,Substitution Grand Canyon: out Duke Brennan,37 - 38,5252520,560614,560620,2024-03-16
2,16:47,Free throw 1 of 2 (2nd chance) made by Kobe Williamson(Seattle U),37 - 38,5252520,560614,560620,2024-03-16
2,16:47,Foul personal (shooting;2 free throws) (in the paint) Duke Brennan(Grand Canyon),36 - 38,5252520,560614,560620,2024-03-16
2,16:50,"2pt jump shot (inside right) missed by Alex Schumacher(Seattle U), rebound offensive (team) Seattle U",36 - 38,5252520,560614,560620,2024-03-16
2,17:13,Free throw 2 of 2 made by Tyon Grant-Foster(Grand Canyon),36 - 38,5252520,560614,560620,2024-03-16
2,17:13,"Free throw 1 of 2 missed by Tyon Grant-Foster(Grand Canyon), rebound offensive dead ball Grand Canyon",36 - 37,5252520,560614,560620,2024-03-16
2,17:13,Foul personal (shooting;2 free throws) (in the paint) Seyi Reiley(Seattle U),36 - 37,5252520,560614,560620,2024-03-16
2,17:19,"Foul personal (inside right) Kobe Williamson(Seattle U), foul on Tyon Grant-Foster(Grand Canyon)",36 - 37,5252520,560614,560620,2024-03-16
2,17:28,"2pt driving layup (under the basket) missed by Alex Schumacher(Seattle U), rebound defensive Tyon Grant-Foster(Grand Canyon)",36 - 37,5252520,560614,560620,2024-03-16
2,17:37,Substitution Grand Canyon: in Jovan Blacksher Jr.,36 - 37,5252520,560614,560620,2024-03-16
2,17:37,Substitution Grand Canyon: out Collin Moore,36 - 37,5252520,560614,560620,2024-03-16
2,17:54,2pt pull up jump shot (inside right) made by Tyon Grant-Foster(Grand Canyon),36 - 37,5252520,560614,560620,2024-03-16
2,18:22,"2pt dunk (under the basket) made by Seyi Reiley(Seattle U), assist Alex Schumacher(Seattle U)",36 - 35,5252520,560614,560620,2024-03-16
2,18:38,"Foul personal (in the paint) Collin Moore(Grand Canyon), foul on Kobe Williamson(Seattle U), foul on Seyi Reiley(Seattle U)",34 - 35,5252520,560614,560620,2024-03-16
2,18:59,"2pt layup (under the basket) made by Collin Moore(Grand Canyon), assist Duke Brennan(Grand Canyon)",34 - 35,5252520,560614,560620,2024-03-16
2,19:16,Substitution Seattle U: in Kobe Williamson,34 - 33,5252520,560614,560620,2024-03-16
2,19:16,Substitution Seattle U: out Brandton Chatfield,34 - 33,5252520,560614,560620,2024-03-16
2,19:16,"Foul personal (back court) Brandton Chatfield(Seattle U), foul on Gabe McGlothan(Grand Canyon)",34 - 33,5252520,560614,560620,2024-03-16
2,19:18,"3pt jump shot (outside center) missed by Alex Schumacher(Seattle U), rebound defensive (team) Grand Canyon",34 - 33,5252520,560614,560620,2024-03-16
2,19:32,Free throw 2 of 2 (off turnover) made by Tyon Grant-Foster(Grand Canyon),34 - 33,5252520,560614,560620,2024-03-16
2,19:32,"Free throw 1 of 2 (off turnover) missed by Tyon Grant-Foster(Grand Canyon), rebound offensive dead ball Grand Canyon",34 - 32,5252520,560614,560620,2024-03-16
2,19:32,Foul personal (shooting;2 free throws) (in the paint) Brandton Chatfield(Seattle U),34 - 32,5252520,560614,560620,2024-03-16
2,19:46,Turnover (back court) Seattle U,34 - 32,5252520,560614,560620,2024-03-16
2,19:46,Turnover other (team) (back court) Seattle U,34 - 32,5252520,560614,560620,2024-03-16
2,20:00,Period start,34 - 32,5252520,560614,560620,2024-03-16
2,20:00,Substitution Seattle U: in Brandton Chatfield,34 - 32,5252520,560614,560620,2024-03-16
2,20:00,Substitution Seattle U: out Kobe Williamson,34 - 32,5252520,560614,560620,2024-03-16
2,20:00,Substitution Grand Canyon: in Gabe McGlothan,34 - 32,5252520,560614,560620,2024-03-16
2,20:00,Substitution Grand Canyon: in Collin Moore,34 - 32,5252520,560614,560620,2024-03-16
2,20:00,Substitution Grand Canyon: out Jovan Blacksher Jr.,34 - 32,5252520,560614,560620,2024-03-16
2,20:00,Substitution Grand Canyon: out Lok Wur,34 - 32,5252520,560614,560620,2024-03-16
1,00:00.00,Period end (confirmed),34 - 32,5252520,560614,560620,2024-03-16
1,07:10,Substitution Seattle U: in Seyi Reiley,34 - 32,5252520,560614,560620,2024-03-16
1,07:10,Substitution Seattle U: out Kobe Williamson,34 - 32,5252520,560614,560620,2024-03-16
1,00:00.10,"2pt layup (2nd chance;blocked) (under the basket) missed by Kobe Williamson(Seattle U), block Lok Wur(Grand Canyon), rebound defensive (team) Grand Canyon",34 - 32,5252520,560614,560620,2024-03-16
1,00:02.20,"3pt jump shot (outside center) missed by Alex Schumacher(Seattle U), rebound offensive Kobe Williamson(Seattle U)",34 - 32,5252520,560614,560620,2024-03-16
1,00:21.10,"2pt layup (2nd chance;blocked) (under the basket) missed by Tyon Grant-Foster(Grand Canyon), block Kobe Williamson(Seattle U), rebound defensive Kobe Williamson(Seattle U)",34 - 32,5252520,560614,560620,2024-03-16
1,00:26.20,"2pt turnaround jump shot (inside right) missed by Ray Harrison(Grand Canyon), rebound offensive Tyon Grant-Foster(Grand Canyon)",34 - 32,5252520,560614,560620,2024-03-16
1,00:42.30,2pt driving layup (in the paint) made by Alex Schumacher(Seattle U),34 - 32,5252520,560614,560620,2024-03-16
1,00:48.10,Substitution Seattle U: in Cameron Tyson,32 - 32,5252520,560614,560620,2024-03-16
1,00:48.10,Substitution Seattle U: out Paris Dawson,32 - 32,5252520,560614,560620,2024-03-16
1,00:50.40,"2pt dunk (under the basket) made by Tyon Grant-Foster(Grand Canyon), assist Jovan Blacksher Jr.(Grand Canyon)",32 - 32,5252520,560614,560620,2024-03-16
1,00:51.80,Substitution Seattle U: in Seyi Reiley,32 - 30,5252520,560614,560620,2024-03-16
1,00:51.80,Substitution Seattle U: out Viktor Rajković,32 - 30,5252520,560614,560620,2024-03-16
1,00:51.80,Substitution Grand Canyon: in Tyon Grant-Foster,32 - 30,5252520,560614,560620,2024-03-16
1,00:51.80,Substitution Grand Canyon: out Josh Baker,32 - 30,5252520,560614,560620,2024-03-16
1,00:57.40,"2pt driving layup (in the paint) missed by Alex Schumacher(Seattle U), rebound defensive Duke Brennan(Grand Canyon)",32 - 30,5252520,560614,560620,2024-03-16
1,01:11,Free throw 2 of 2 made by Jovan Blacksher Jr.(Grand Canyon),32 - 30,5252520,560614,560620,2024-03-16
1,01:11,Free throw 1 of 2 made by Jovan Blacksher Jr.(Grand Canyon),32 - 29,5252520,560614,560620,2024-03-16
1,01:11,Foul personal (shooting;2 free throws) (in the paint) Viktor Rajković(Seattle U),32 - 28,5252520,560614,560620,2024-03-16
1,01:20,"3pt jump shot (off turnover) (outside center) missed by Kobe Williamson(Seattle U), rebound defensive Josh Baker(Grand Canyon)",32 - 28,5252520,560614,560620,2024-03-16
1,01:32,Substitution Grand Canyon: in Duke Brennan,32 - 28,5252520,560614,560620,2024-03-16
1,01:32,Substitution Grand Canyon: out Gabe McGlothan,32 - 28,5252520,560614,560620,2024-03-16
1,01:32,Substitution Seattle U: in Viktor Rajković,32 - 28,5252520,560614,560620,2024-03-16
1,01:32,Substitution Seattle U: out Seyi Reiley,32 - 28,5252520,560614,560620,2024-03-16
1,01:32,Substitution Grand Canyon: in Josh Baker,32 - 28,5252520,560614,560620,2024-03-16
1,01:32,Substitution Grand Canyon: out Tyon Grant-Foster,32 - 28,5252520,560614,560620,2024-03-16
1,01:32,Substitution Seattle U: in Kobe Williamson,32 - 28,5252520,560614,560620,2024-03-16
1,01:32,Substitution Seattle U: out Brandton Chatfield,32 - 28,5252520,560614,560620,2024-03-16
1,01:32,Turnover shot clock (team) (outside left) Grand Canyon,32 - 28,5252520,560614,560620,2024-03-16
1,01:34,"3pt jump shot (outside left) missed by Jovan Blacksher Jr.(Grand Canyon), rebound offensive (team) Grand Canyon",32 - 28,5252520,560614,560620,2024-03-16
1,02:06,"2pt dunk (off turnover;fast break) (under the basket) made by Seyi Reiley(Seattle U), assist Paris Dawson(Seattle U)",32 - 28,5252520,560614,560620,2024-03-16
1,02:12,"Turnover bad pass (in the paint) Ray Harrison(Grand Canyon), steal Paris Dawson(Seattle U)",30 - 28,5252520,560614,560620,2024-03-16
1,02:19,"2pt jump shot (inside right) missed by Alex Schumacher(Seattle U), rebound defensive Ray Harrison(Grand Canyon)",30 - 28,5252520,560614,560620,2024-03-16
1,02:50,"3pt jump shot (outside center) missed by Gabe McGlothan(Grand Canyon), rebound defensive Brandton Chatfield(Seattle U)",30 - 28,5252520,560614,560620,2024-03-16
1,03:13,2pt step back jump shot (2nd chance) (inside center) made by Alex Schumacher(Seattle U),30 - 28,5252520,560614,560620,2024-03-16
1,03:26,"3pt jump shot (2nd chance) (outside center) missed by John Christofilis(Seattle U), rebound offensive Seyi Reiley(Seattle U)",28 - 28,5252520,560614,560620,2024-03-16
1,03:31,"2pt pull up jump shot (inside center) missed by Alex Schumacher(Seattle U), rebound offensive Paris Dawson(Seattle U)",28 - 28,5252520,560614,560620,2024-03-16
1,03:50,"Free throw 1 of 1 missed by Tyon Grant-Foster(Grand Canyon), rebound defensive Paris Dawson(Seattle U)",28 - 28,5252520,560614,560620,2024-03-16
1,03:50,Substitution Seattle U: in John Christofilis,28 - 28,5252520,560614,560620,2024-03-16
1,03:50,Substitution Seattle U: out Cameron Tyson,28 - 28,5252520,560614,560620,2024-03-16
1,03:50,Substitution Grand Canyon: in Jovan Blacksher Jr.,28 - 28,5252520,560614,560620,2024-03-16
1,03:50,Substitution Grand Canyon: in Lok Wur,28 - 28,5252520,560614,560620,2024-03-16
1,03:50,Substitution Grand Canyon: out Duke Brennan,28 - 28,5252520,560614,560620,2024-03-16
1,03:50,Substitution Grand Canyon: out Collin Moore,28 - 28,5252520,560614,560620,2024-03-16
1,03:50,Timeout commercial,28 - 28,5252520,560614,560620,2024-03-16
1,03:50,Foul personal (shooting;1 free throw) (outside center) Alex Schumacher(Seattle U),28 - 28,5252520,560614,560620,2024-03-16
1,03:50,3pt pull up jump shot (outside center) made by Tyon Grant-Foster(Grand Canyon),28 - 28,5252520,560614,560620,2024-03-16
1,04:11,"2pt dunk (off turnover;fast break) (under the basket) made by Seyi Reiley(Seattle U), assist Alex Schumacher(Seattle U)",28 - 25,5252520,560614,560620,2024-03-16
1,04:15,"Turnover bad pass (outside center) Ray Harrison(Grand Canyon), steal Alex Schumacher(Seattle U)",26 - 25,5252520,560614,560620,2024-03-16
1,04:32,"2pt layup (in the paint) made by Brandton Chatfield(Seattle U), assist Alex Schumacher(Seattle U)",26 - 25,5252520,560614,560620,2024-03-16
1,04:54,"3pt jump shot (outside left) made by Ray Harrison(Grand Canyon), assist Duke Brennan(Grand Canyon)",24 - 25,5252520,560614,560620,2024-03-16
1,05:17,"3pt jump shot (outside left) made by Cameron Tyson(Seattle U), assist Alex Schumacher(Seattle U)",24 - 22,5252520,560614,560620,2024-03-16
1,05:27,"3pt jump shot (outside left wing) missed by Gabe McGlothan(Grand Canyon), rebound defensive Cameron Tyson(Seattle U)",21 - 22,5252520,560614,560620,2024-03-16
1,05:42,Timeout short Grand Canyon,21 - 22,5252520,560614,560620,2024-03-16
1,05:48,"2pt dunk (off turnover) (under the basket) made by Brandton Chatfield(Seattle U), assist Cameron Tyson(Seattle U)",21 - 22,5252520,560614,560620,2024-03-16
1,06:11,Turnover travel (inside right) Gabe McGlothan(Grand Canyon),19 - 22,5252520,560614,560620,2024-03-16
1,06:33,"3pt jump shot (outside right) made by Alex Schumacher(Seattle U), assist Brandton Chatfield(Seattle U)",19 - 22,5252520,560614,560620,2024-03-16
1,06:36,Substitution Seattle U: in Cameron Tyson,16 - 22,5252520,560614,560620,2024-03-16
1,06:36,Substitution Seattle U: out John Christofilis,16 - 22,5252520,560614,560620,2024-03-16
1,06:36,"Foul personal (inside right) Duke Brennan(Grand Canyon), foul on Alex Schumacher(Seattle U)",16 - 22,5252520,560614,560620,2024-03-16
1,06:46,3pt jump shot (fast break) (outside right) made by Tyon Grant-Foster(Grand Canyon),16 - 22,5252520,560614,560620,2024-03-16
1,06:54,"2pt hook shot (in the paint) missed by Brandton Chatfield(Seattle U), rebound defensive Gabe McGlothan(Grand Canyon)",16 - 19,5252520,560614,560620,2024-03-16
1,07:10,Substitution Grand Canyon: in Gabe McGlothan,16 - 19,5252520,560614,560620,2024-03-16
1,07:10,Substitution Grand Canyon: out Lok Wur,34 - 32,5252520,560614,560620,2024-03-16
1,07:10,Free throw 2 of 2 made by Lok Wur(Grand Canyon),16 - 19,5252520,560614,560620,2024-03-16
1,07:10,Substitution Seattle U: in Paris Dawson,16 - 18,5252520,560614,560620,2024-03-16
1,07:10,Substitution Seattle U: out Vasja Pandža,16 - 18,5252520,560614,560620,2024-03-16
1,07:10,Substitution Grand Canyon: in Collin Moore,16 - 18,5252520,560614,560620,2024-03-16
1,07:10,Substitution Grand Canyon: out Jovan Blacksher Jr.,16 - 18,5252520,560614,560620,2024-03-16
1,07:10,Free throw 1 of 2 made by Lok Wur(Grand Canyon),16 - 18,5252520,560614,560620,2024-03-16
1,07:10,Foul personal (shooting;2 free throws) (in the paint) Brandton Chatfield(Seattle U),16 - 17,5252520,560614,560620,2024-03-16
1,07:27,2pt pull up jump shot (inside right) made by Alex Schumacher(Seattle U),16 - 17,5252520,560614,560620,2024-03-16
1,07:39,Substitution Seattle U: in Brandton Chatfield,14 - 17,5252520,560614,560620,2024-03-16
1,07:39,Substitution Seattle U: in Seyi Reiley,14 - 17,5252520,560614,560620,2024-03-16
1,07:39,Substitution Seattle U: out Cameron Tyson,14 - 17,5252520,560614,560620,2024-03-16
1,07:39,Substitution Seattle U: out Kobe Williamson,14 - 17,5252520,560614,560620,2024-03-16
1,09:00,Substitution Seattle U: in Cameron Tyson,14 - 17,5252520,560614,560620,2024-03-16
1,09:00,Substitution Seattle U: out Brandton Chatfield,14 - 17,5252520,560614,560620,2024-03-16
1,09:00,Substitution Seattle U: in Vasja Pandža,14 - 17,5252520,560614,560620,2024-03-16
1,09:00,Substitution Seattle U: out Cameron Tyson,14 - 17,5252520,560614,560620,2024-03-16
1,07:39,Timeout commercial,14 - 17,5252520,560614,560620,2024-03-16
1,07:39,Timeout short Seattle U,14 - 17,5252520,560614,560620,2024-03-16
1,07:39,2pt layup (off turnover;fast break) (under the basket) made by Ray Harrison(Grand Canyon),14 - 17,5252520,560614,560620,2024-03-16
1,07:44,"Turnover lost ball (in the paint) Kobe Williamson(Seattle U), steal Tyon Grant-Foster(Grand Canyon)",14 - 15,5252520,560614,560620,2024-03-16
1,08:06,"3pt step back jump shot (outside left) missed by Ray Harrison(Grand Canyon), rebound defensive Brandton Chatfield(Seattle U)",14 - 15,5252520,560614,560620,2024-03-16
1,08:21,"3pt jump shot (2nd chance) (outside right) missed by Kobe Williamson(Seattle U), rebound defensive Lok Wur(Grand Canyon)",14 - 15,5252520,560614,560620,2024-03-16
1,08:29,"2pt pull up jump shot (blocked) (inside left) missed by John Christofilis(Seattle U), block Tyon Grant-Foster(Grand Canyon), rebound defensive Tyon Grant-Foster(Grand Canyon), rebound offensive (team) Seattle U",14 - 15,5252520,560614,560620,2024-03-16
1,08:45,"2pt layup (off turnover) (in the paint) made by Duke Brennan(Grand Canyon), assist Ray Harrison(Grand Canyon)",14 - 15,5252520,560614,560620,2024-03-16
1,09:00,Substitution Seattle U: in Brandton Chatfield,14 - 17,5252520,560614,560620,2024-03-16
1,09:00,Substitution Seattle U: out Seyi Reiley,14 - 17,5252520,560614,560620,2024-03-16
1,09:00,Substitution Seattle U: in Vasja Pandža,14 - 17,5252520,560614,560620,2024-03-16
1,09:00,Substitution Seattle U: out Cameron Tyson,14 - 17,5252520,560614,560620,2024-03-16
1,09:00,"Foul offensive (back court) Cameron Tyson(Seattle U), turnover offensive Cameron Tyson(Seattle U), foul on Ray Harrison(Grand Canyon)",14 - 13,5252520,560614,560620,2024-03-16
1,09:17,"3pt jump shot (outside right) missed by Jovan Blacksher Jr.(Grand Canyon), rebound defensive Alex Schumacher(Seattle U)",14 - 13,5252520,560614,560620,2024-03-16
1,09:28,"2pt layup (off turnover) (in the paint) missed by Kobe Williamson(Seattle U), rebound defensive Lok Wur(Grand Canyon)",14 - 13,5252520,560614,560620,2024-03-16
1,09:35,"Turnover lost ball (outside center) Tyon Grant-Foster(Grand Canyon), steal John Christofilis(Seattle U)",14 - 13,5252520,560614,560620,2024-03-16
1,09:39,"Turnover lost ball (inside center) Cameron Tyson(Seattle U), steal Tyon Grant-Foster(Grand Canyon)",14 - 13,5252520,560614,560620,2024-03-16
1,09:58,"3pt jump shot (off turnover) (outside left wing) made by Lok Wur(Grand Canyon), assist Jovan Blacksher Jr.(Grand Canyon)",14 - 13,5252520,560614,560620,2024-03-16
1,10:18,"Turnover bad pass (outside right) Alex Schumacher(Seattle U), steal Lok Wur(Grand Canyon)",14 - 10,5252520,560614,560620,2024-03-16
1,10:35,"2pt pull up jump shot (in the paint) missed by Lok Wur(Grand Canyon), rebound defensive Cameron Tyson(Seattle U)",14 - 10,5252520,560614,560620,2024-03-16
1,10:55,"2pt layup (off turnover) (under the basket) made by Seyi Reiley(Seattle U), assist Kobe Williamson(Seattle U)",14 - 10,5252520,560614,560620,2024-03-16
1,11:10,Substitution Seattle U: in Alex Schumacher,12 - 10,5252520,560614,560620,2024-03-16
1,11:10,Substitution Seattle U: out Paris Dawson,12 - 10,5252520,560614,560620,2024-03-16
1,11:10,Substitution Grand Canyon: in Duke Brennan,12 - 10,5252520,560614,560620,2024-03-16
1,11:10,Substitution Grand Canyon: in Ray Harrison,12 - 10,5252520,560614,560620,2024-03-16
1,11:10,Substitution Grand Canyon: out Gabe McGlothan,12 - 10,5252520,560614,560620,2024-03-16
1,11:10,Substitution Grand Canyon: out Collin Moore,12 - 10,5252520,560614,560620,2024-03-16
1,11:10,"Foul offensive (back court) Collin Moore(Grand Canyon), turnover offensive Collin Moore(Grand Canyon), foul on John Christofilis(Seattle U)",12 - 10,5252520,560614,560620,2024-03-16
1,11:27,"Foul offensive (back court) Kobe Williamson(Seattle U), turnover offensive Kobe Williamson(Seattle U), foul on Gabe McGlothan(Grand Canyon)",12 - 10,5252520,560614,560620,2024-03-16
1,11:51,"2pt layup (under the basket) missed by Tyon Grant-Foster(Grand Canyon), rebound defensive Seyi Reiley(Seattle U)",12 - 10,5252520,560614,560620,2024-03-16
1,11:54,Substitution Seattle U: in Seyi Reiley,12 - 10,5252520,560614,560620,2024-03-16
1,11:54,Substitution Seattle U: in Cameron Tyson,12 - 10,5252520,560614,560620,2024-03-16
1,11:54,Substitution Seattle U: out Viktor Rajković,12 - 10,5252520,560614,560620,2024-03-16
1,11:54,Substitution Seattle U: out Alex Schumacher,12 - 10,5252520,560614,560620,2024-03-16
1,11:54,Substitution Grand Canyon: in Collin Moore,12 - 10,5252520,560614,560620,2024-03-16
1,11:54,Substitution Grand Canyon: out Ray Harrison,12 - 10,5252520,560614,560620,2024-03-16
1,11:54,Timeout commercial,12 - 10,5252520,560614,560620,2024-03-16
1,11:54,"Foul personal (in the paint) Paris Dawson(Seattle U), foul on Tyon Grant-Foster(Grand Canyon)",12 - 10,5252520,560614,560620,2024-03-16
1,12:02,"3pt jump shot (outside left) missed by John Christofilis(Seattle U), rebound defensive Tyon Grant-Foster(Grand Canyon)",12 - 10,5252520,560614,560620,2024-03-16
1,12:09,"2pt pull up jump shot (2nd chance) (in the paint) missed by Tyon Grant-Foster(Grand Canyon), rebound defensive Viktor Rajković(Seattle U)",12 - 10,5252520,560614,560620,2024-03-16
1,12:17,Jump ball held ball Grand Canyon,12 - 10,5252520,560614,560620,2024-03-16
1,12:20,"2pt jump shot (off turnover) (inside right) missed by Ray Harrison(Grand Canyon), rebound offensive Gabe McGlothan(Grand Canyon)",12 - 10,5252520,560614,560620,2024-03-16
1,12:35,"Turnover lost ball (in the paint) Kobe Williamson(Seattle U), steal Gabe McGlothan(Grand Canyon)",12 - 10,5252520,560614,560620,2024-03-16
1,12:52,"3pt jump shot (off turnover) (outside center) missed by Gabe McGlothan(Grand Canyon), rebound defensive Paris Dawson(Seattle U)",12 - 10,5252520,560614,560620,2024-03-16
1,12:59,"Turnover lost ball (outside left) Alex Schumacher(Seattle U), steal Jovan Blacksher Jr.(Grand Canyon)",12 - 10,5252520,560614,560620,2024-03-16
1,13:09,Substitution Seattle U: in Viktor Rajković,12 - 10,5252520,560614,560620,2024-03-16
1,13:09,Substitution Seattle U: out Seyi Reiley,12 - 10,5252520,560614,560620,2024-03-16
1,13:09,Substitution Seattle U: in John Christofilis,12 - 10,5252520,560614,560620,2024-03-16
1,13:09,Substitution Seattle U: out Cameron Tyson,12 - 10,5252520,560614,560620,2024-03-16
1,13:09,Substitution Grand Canyon: in Jovan Blacksher Jr.,12 - 10,5252520,560614,560620,2024-03-16
1,13:09,Substitution Grand Canyon: in Lok Wur,12 - 10,5252520,560614,560620,2024-03-16
1,13:09,Substitution Grand Canyon: out Duke Brennan,12 - 10,5252520,560614,560620,2024-03-16
1,13:09,Substitution Grand Canyon: out Collin Moore,12 - 10,5252520,560614,560620,2024-03-16
1,13:09,"Foul offensive (back court) Ray Harrison(Grand Canyon), turnover offensive Ray Harrison(Grand Canyon), foul on Paris Dawson(Seattle U)",12 - 10,5252520,560614,560620,2024-03-16
1,13:14,"3pt jump shot (outside right) missed by Collin Moore(Grand Canyon), rebound offensive Gabe McGlothan(Grand Canyon)",12 - 10,5252520,560614,560620,2024-03-16
1,13:42,"2pt layup (off turnover;fast break) (under the basket) made by Cameron Tyson(Seattle U), assist Seyi Reiley(Seattle U)",12 - 10,5252520,560614,560620,2024-03-16
1,13:49,"Turnover bad pass (in the paint) Collin Moore(Grand Canyon), steal Kobe Williamson(Seattle U)",10 - 10,5252520,560614,560620,2024-03-16
1,14:00,"3pt step back jump shot (outside center) missed by Cameron Tyson(Seattle U), rebound defensive Gabe McGlothan(Grand Canyon)",10 - 10,5252520,560614,560620,2024-03-16
1,14:25,"2pt layup (under the basket) made by Duke Brennan(Grand Canyon), assist Collin Moore(Grand Canyon)",10 - 10,5252520,560614,560620,2024-03-16
1,14:41,2pt hook shot (in the paint) made by Kobe Williamson(Seattle U),10 - 8,5252520,560614,560620,2024-03-16
1,14:56,"3pt jump shot (outside right) missed by Tyon Grant-Foster(Grand Canyon), rebound defensive Alex Schumacher(Seattle U)",8 - 8,5252520,560614,560620,2024-03-16
1,14:58,"Foul personal (inside right) Seyi Reiley(Seattle U), foul on Tyon Grant-Foster(Grand Canyon)",8 - 8,5252520,560614,560620,2024-03-16
1,15:13,Free throw 3 of 3 made by Alex Schumacher(Seattle U),8 - 8,5252520,560614,560620,2024-03-16
1,15:13,Substitution Seattle U: in Kobe Williamson,7 - 8,5252520,560614,560620,2024-03-16
1,15:13,Substitution Seattle U: in Paris Dawson,7 - 8,5252520,560614,560620,2024-03-16
1,15:13,Substitution Seattle U: out Brandton Chatfield,7 - 8,5252520,560614,560620,2024-03-16
1,15:13,Substitution Seattle U: out John Christofilis,7 - 8,5252520,560614,560620,2024-03-16
1,15:13,Free throw 2 of 3 made by Alex Schumacher(Seattle U),7 - 8,5252520,560614,560620,2024-03-16
1,15:13,Free throw 1 of 3 made by Alex Schumacher(Seattle U),6 - 8,5252520,560614,560620,2024-03-16
1,15:13,Foul personal (shooting;3 free throws) (outside left) Collin Moore(Grand Canyon),5 - 8,5252520,560614,560620,2024-03-16
1,15:14,3pt (outside left) missed by Alex Schumacher(Seattle U),5 - 8,5252520,560614,560620,2024-03-16
1,15:34,2pt driving layup (off turnover) (in the paint) made by Tyon Grant-Foster(Grand Canyon),5 - 8,5252520,560614,560620,2024-03-16
1,15:52,Timeout commercial,5 - 6,5252520,560614,560620,2024-03-16
1,15:53,Turnover bad pass (inside left) Alex Schumacher(Seattle U),5 - 6,5252520,560614,560620,2024-03-16
1,16:20,Jump ball held ball Seattle U,5 - 6,5252520,560614,560620,2024-03-16
1,16:22,"2pt layup (2nd chance) (under the basket) missed by Duke Brennan(Grand Canyon), rebound defensive Brandton Chatfield(Seattle U)",5 - 6,5252520,560614,560620,2024-03-16
1,16:27,"2pt hook shot (in the paint) missed by Gabe McGlothan(Grand Canyon), rebound offensive Duke Brennan(Grand Canyon)",5 - 6,5252520,560614,560620,2024-03-16
1,16:53,"2pt hook shot (in the paint) missed by Brandton Chatfield(Seattle U), rebound defensive Collin Moore(Grand Canyon)",5 - 6,5252520,560614,560620,2024-03-16
1,17:05,2pt layup (in the paint) made by Tyon Grant-Foster(Grand Canyon),5 - 6,5252520,560614,560620,2024-03-16
1,17:28,"2pt driving layup (under the basket) made by John Christofilis(Seattle U), assist Alex Schumacher(Seattle U)",5 - 4,5252520,560614,560620,2024-03-16
1,17:41,"Foul personal (back court) Duke Brennan(Grand Canyon), foul on Seyi Reiley(Seattle U)",3 - 4,5252520,560614,560620,2024-03-16
1,17:43,"2pt layup (in the paint) missed by Duke Brennan(Grand Canyon), rebound defensive Seyi Reiley(Seattle U)",3 - 4,5252520,560614,560620,2024-03-16
1,17:58,"2pt pull up jump shot (in the paint) missed by John Christofilis(Seattle U), rebound defensive (team) Grand Canyon",3 - 4,5252520,560614,560620,2024-03-16
1,18:19,"Free throw 2 of 2 missed by Duke Brennan(Grand Canyon), rebound defensive Cameron Tyson(Seattle U)",3 - 4,5252520,560614,560620,2024-03-16
1,18:19,Free throw 1 of 2 made by Duke Brennan(Grand Canyon),3 - 4,5252520,560614,560620,2024-03-16
1,18:19,Foul personal (shooting;2 free throws) (in the paint) Cameron Tyson(Seattle U),3 - 3,5252520,560614,560620,2024-03-16
1,18:37,"3pt jump shot (outside left) made by John Christofilis(Seattle U), assist Cameron Tyson(Seattle U)",3 - 3,5252520,560614,560620,2024-03-16
1,19:05,"3pt jump shot (outside right) made by Collin Moore(Grand Canyon), assist Ray Harrison(Grand Canyon)",0 - 3,5252520,560614,560620,2024-03-16
1,19:17,"3pt step back jump shot (outside left) missed by Cameron Tyson(Seattle U), rebound defensive Duke Brennan(Grand Canyon)",0 - 0,5252520,560614,560620,2024-03-16
1,19:43,"3pt jump shot (outside right) missed by Tyon Grant-Foster(Grand Canyon), rebound defensive Alex Schumacher(Seattle U)",0 - 0,5252520,560614,560620,2024-03-16
1,20:00,"Jump ball start period, won Duke Brennan(Grand Canyon), lost Brandton Chatfield(Seattle U)",0 - 0,5252520,560614,560620,2024-03-16
1,20:00,Period start,0 - 0,5252520,560614,560620,2024-03-16
1,20:00,Game start,0 - 0,5252520,560614,560620,2024-03-16
2,00:04.40,Timeout short UCI,81 - 77,5252391,560815,560721,2024-03-16
2,00:06.20,Free throw 2 of 2 made by Aboubacar Traore(LBSU),81 - 77,5252391,560815,560721,2024-03-16
2,00:06.20,Substitution UCI: in Dean Keeler,80 - 77,5252391,560815,560721,2024-03-16
2,00:06.20,Substitution UCI: out Dylan Thoerner,80 - 77,5252391,560815,560721,2024-03-16
2,00:06.20,Free throw 1 of 2 made by Aboubacar Traore(LBSU),80 - 77,5252391,560815,560721,2024-03-16
2,00:06.20,"Foul personal (one and one) (back court) Andre Henry(UCI), foul on Aboubacar Traore(LBSU)",79 - 77,5252391,560815,560721,2024-03-16
2,00:06.20,Foul (under the basket) LBSU,79 - 77,5252391,560815,560721,2024-03-16
2,00:08.40,2pt layup (under the basket) made by Pierre Crockrell II(UCI),79 - 77,5252391,560815,560721,2024-03-16
2,00:12.70,Substitution UCI: in Dylan Thoerner,79 - 75,5252391,560815,560721,2024-03-16
2,00:12.70,Substitution UCI: out Dean Keeler,79 - 75,5252391,560815,560721,2024-03-16
2,00:12.70,Timeout short UCI,79 - 75,5252391,560815,560721,2024-03-16
2,00:15.00,Free throw 2 of 2 (2nd chance) made by Marcus Tsohonis(LBSU),79 - 75,5252391,560815,560721,2024-03-16
2,00:15.00,Free throw 1 of 2 (2nd chance) made by Marcus Tsohonis(LBSU),78 - 75,5252391,560815,560721,2024-03-16
2,00:15.00,Foul personal (one and one) (in the paint) Andre Henry(UCI),77 - 75,5252391,560815,560721,2024-03-16
2,00:23.90,"2pt jump shot (in the paint) missed by Marcus Tsohonis(LBSU), rebound offensive Lassina Traore(LBSU)",77 - 75,5252391,560815,560721,2024-03-16
2,00:49.90,"2pt jump shot (blocked) (inside left) missed by Justin Hohn(UCI), block Lassina Traore(LBSU), rebound defensive Aboubacar Traore(LBSU), block AJ George(LBSU)",77 - 75,5252391,560815,560721,2024-03-16
2,01:05,Timeout short LBSU,77 - 75,5252391,560815,560721,2024-03-16
2,01:05,Free throw 2 of 2 (off turnover) made by Aboubacar Traore(LBSU),77 - 75,5252391,560815,560721,2024-03-16
2,01:05,Free throw 1 of 2 (off turnover) made by Aboubacar Traore(LBSU),76 - 75,5252391,560815,560721,2024-03-16
2,01:05,Substitution UCI: in Dean Keeler,75 - 75,5252391,560815,560721,2024-03-16
2,01:05,Substitution UCI: out Ofure Ujadughele,75 - 75,5252391,560815,560721,2024-03-16
2,01:05,Foul personal (one and one) (in the paint) Ofure Ujadughele(UCI),75 - 75,5252391,560815,560721,2024-03-16
2,02:43,Substitution UCI: in Ofure Ujadughele,75 - 75,5252391,560815,560721,2024-03-16
2,02:43,Substitution UCI: out Dean Keeler,75 - 75,5252391,560815,560721,2024-03-16
2,01:26,Turnover shot clock (team) (inside right) UCI,75 - 75,5252391,560815,560721,2024-03-16
2,01:27,"2pt layup (blocked) (in the paint) missed by Ofure Ujadughele(UCI), block Marcus Tsohonis(LBSU), rebound offensive Ofure Ujadughele(UCI)",75 - 75,5252391,560815,560721,2024-03-16
2,01:57,2pt layup (2nd chance) (under the basket) made by Jadon Jones(LBSU),75 - 75,5252391,560815,560721,2024-03-16
2,02:01,"3pt jump shot (outside center) missed by Marcus Tsohonis(LBSU), rebound offensive Jadon Jones(LBSU)",73 - 75,5252391,560815,560721,2024-03-16
2,02:22,2pt layup (under the basket) made by Bent Leuchten(UCI),73 - 75,5252391,560815,560721,2024-03-16
2,02:43,Free throw 2 of 2 made by Aboubacar Traore(LBSU),73 - 73,5252391,560815,560721,2024-03-16
2,02:43,Free throw 1 of 2 made by Aboubacar Traore(LBSU),72 - 73,5252391,560815,560721,2024-03-16
2,02:43,Timeout commercial,71 - 73,5252391,560815,560721,2024-03-16
2,02:43,Foul personal (shooting;2 free throws) (under the basket) Dean Keeler(UCI),71 - 73,5252391,560815,560721,2024-03-16
2,02:58,"3pt jump shot (outside right) made by Justin Hohn(UCI), assist Bent Leuchten(UCI)",71 - 73,5252391,560815,560721,2024-03-16
2,03:18,"2pt jump shot (in the paint) made by Lassina Traore(LBSU), assist Aboubacar Traore(LBSU)",71 - 70,5252391,560815,560721,2024-03-16
2,03:42,"2pt jump shot (inside left) made by Dean Keeler(UCI), assist Pierre Crockrell II(UCI)",69 - 70,5252391,560815,560721,2024-03-16
2,03:57,"3pt jump shot (outside right) missed by Jadon Jones(LBSU), rebound defensive Andre Henry(UCI)",69 - 68,5252391,560815,560721,2024-03-16
2,04:07,Substitution LBSU: in Marcus Tsohonis,69 - 68,5252391,560815,560721,2024-03-16
2,04:07,Substitution LBSU: out Amari Stroud,69 - 68,5252391,560815,560721,2024-03-16
2,04:25,"2pt layup (2nd chance) (under the basket) made by Bent Leuchten(UCI), assist Pierre Crockrell II(UCI)",69 - 68,5252391,560815,560721,2024-03-16
2,04:43,"Free throw 1 of 1 (2nd chance) missed by Dean Keeler(UCI), rebound offensive Dean Keeler(UCI)",69 - 66,5252391,560815,560721,2024-03-16
2,04:43,Foul personal (one and one) (in the paint) Amari Stroud(LBSU),69 - 66,5252391,560815,560721,2024-03-16
2,04:46,"3pt jump shot (2nd chance) (outside left) missed by Justin Hohn(UCI), rebound offensive (team) UCI",69 - 66,5252391,560815,560721,2024-03-16
2,04:53,"2pt driving layup (under the basket) missed by Andre Henry(UCI), rebound offensive Andre Henry(UCI)",69 - 66,5252391,560815,560721,2024-03-16
2,05:09,"Free throw 2 of 2 (2nd chance) missed by Aboubacar Traore(LBSU), rebound defensive Pierre Crockrell II(UCI)",69 - 66,5252391,560815,560721,2024-03-16
2,05:09,Free throw 1 of 2 (2nd chance) made by Aboubacar Traore(LBSU),69 - 66,5252391,560815,560721,2024-03-16
2,05:09,Substitution LBSU: in Amari Stroud,68 - 66,5252391,560815,560721,2024-03-16
2,05:09,Substitution LBSU: out Marcus Tsohonis,68 - 66,5252391,560815,560721,2024-03-16
2,05:09,Substitution UCI: in Dean Keeler,68 - 66,5252391,560815,560721,2024-03-16
2,05:09,Substitution UCI: out Devin Tillis,68 - 66,5252391,560815,560721,2024-03-16
2,05:10,Foul personal (shooting;2 free throws) (under the basket) Devin Tillis(UCI),68 - 66,5252391,560815,560721,2024-03-16
2,05:12,"3pt jump shot (outside right) missed by AJ George(LBSU), rebound offensive Aboubacar Traore(LBSU)",68 - 66,5252391,560815,560721,2024-03-16
2,05:26,"2pt jump shot (2nd chance) (inside right) missed by Justin Hohn(UCI), rebound defensive Jadon Jones(LBSU)",68 - 66,5252391,560815,560721,2024-03-16
2,05:33,Substitution UCI: in Devin Tillis,68 - 66,5252391,560815,560721,2024-03-16
2,05:33,Substitution UCI: out Ofure Ujadughele,68 - 66,5252391,560815,560721,2024-03-16
2,05:34,"2pt layup (blocked) (in the paint) missed by Justin Hohn(UCI), block AJ George(LBSU), rebound offensive (team) UCI",68 - 66,5252391,560815,560721,2024-03-16
2,05:57,"3pt jump shot (outside center) made by Jadon Jones(LBSU), assist AJ George(LBSU)",68 - 66,5252391,560815,560721,2024-03-16
2,06:18,"Free throw 2 of 2 (2nd chance) missed by Ofure Ujadughele(UCI), rebound defensive AJ George(LBSU)",65 - 66,5252391,560815,560721,2024-03-16
2,06:18,Substitution LBSU: in Marcus Tsohonis,65 - 66,5252391,560815,560721,2024-03-16
2,06:18,Substitution LBSU: out Amari Stroud,65 - 66,5252391,560815,560721,2024-03-16
2,06:18,Substitution UCI: in Justin Hohn,65 - 66,5252391,560815,560721,2024-03-16
2,06:18,Substitution UCI: out Derin Saran,65 - 66,5252391,560815,560721,2024-03-16
2,06:18,Free throw 1 of 2 (2nd chance) made by Ofure Ujadughele(UCI),65 - 66,5252391,560815,560721,2024-03-16
2,06:18,Foul personal (one and one) (in the paint) Aboubacar Traore(LBSU),65 - 65,5252391,560815,560721,2024-03-16
2,06:37,"2pt jump shot (2nd chance) (in the paint) missed by Bent Leuchten(UCI), rebound offensive Ofure Ujadughele(UCI)",65 - 65,5252391,560815,560721,2024-03-16
2,06:49,"2pt pull up jump shot (in the paint) missed by Pierre Crockrell II(UCI), rebound offensive Bent Leuchten(UCI)",65 - 65,5252391,560815,560721,2024-03-16
2,07:13,"2pt hook shot (inside right) missed by AJ George(LBSU), rebound defensive Bent Leuchten(UCI)",65 - 65,5252391,560815,560721,2024-03-16
2,07:32,"2pt driving layup (off turnover;blocked) (under the basket) missed by Derin Saran(UCI), block Amari Stroud(LBSU), rebound defensive Lassina Traore(LBSU)",65 - 65,5252391,560815,560721,2024-03-16
2,07:52,Substitution UCI: in Bent Leuchten,65 - 65,5252391,560815,560721,2024-03-16
2,07:52,Substitution UCI: in Andre Henry,65 - 65,5252391,560815,560721,2024-03-16
2,07:52,Substitution UCI: in Pierre Crockrell II,65 - 65,5252391,560815,560721,2024-03-16
2,07:52,Substitution UCI: out Dean Keeler,65 - 65,5252391,560815,560721,2024-03-16
2,07:52,Substitution UCI: out Langston Redfield,65 - 65,5252391,560815,560721,2024-03-16
2,07:52,Substitution UCI: out Justin Hohn,65 - 65,5252391,560815,560721,2024-03-16
2,07:52,Timeout commercial,65 - 65,5252391,560815,560721,2024-03-16
2,07:52,Turnover travel (in the paint) Amari Stroud(LBSU),65 - 65,5252391,560815,560721,2024-03-16
2,07:58,"3pt jump shot (outside center) missed by Justin Hohn(UCI), rebound defensive AJ George(LBSU)",65 - 65,5252391,560815,560721,2024-03-16
2,08:27,"3pt jump shot (outside left) made by Jadon Jones(LBSU), assist Aboubacar Traore(LBSU)",65 - 65,5252391,560815,560721,2024-03-16
2,08:41,"Free throw 2 of 2 missed by Dean Keeler(UCI), rebound defensive Aboubacar Traore(LBSU)",62 - 65,5252391,560815,560721,2024-03-16
2,08:41,Free throw 1 of 2 made by Dean Keeler(UCI),62 - 65,5252391,560815,560721,2024-03-16
2,08:41,Foul personal (one and one) (in the paint) Aboubacar Traore(LBSU),62 - 64,5252391,560815,560721,2024-03-16
2,08:57,"2pt jump shot (off turnover) (inside right) missed by Lassina Traore(LBSU), rebound defensive Ofure Ujadughele(UCI)",62 - 64,5252391,560815,560721,2024-03-16
2,09:02,Substitution LBSU: in Lassina Traore,62 - 64,5252391,560815,560721,2024-03-16
2,09:02,Substitution LBSU: out Marcus Tsohonis,62 - 64,5252391,560815,560721,2024-03-16
2,09:03,"Turnover bad pass (back court) Derin Saran(UCI), steal Jadon Jones(LBSU)",62 - 64,5252391,560815,560721,2024-03-16
2,09:08,"2pt floating jump shot (inside right) missed by Marcus Tsohonis(LBSU), rebound offensive Amari Stroud(LBSU), rebound defensive Derin Saran(UCI)",62 - 64,5252391,560815,560721,2024-03-16
2,09:24,"Free throw 2 of 2 missed by Derin Saran(UCI), rebound defensive AJ George(LBSU)",62 - 64,5252391,560815,560721,2024-03-16
2,09:24,Free throw 1 of 2 made by Derin Saran(UCI),62 - 64,5252391,560815,560721,2024-03-16
2,09:24,Foul personal (shooting;2 free throws) (in the paint) Aboubacar Traore(LBSU),62 - 63,5252391,560815,560721,2024-03-16
2,09:46,Substitution LBSU: in Amari Stroud,62 - 63,5252391,560815,560721,2024-03-16
2,09:46,Substitution LBSU: out Lassina Traore,62 - 63,5252391,560815,560721,2024-03-16
2,09:46,"Foul personal (back court) Lassina Traore(LBSU), foul on Dean Keeler(UCI)",62 - 63,5252391,560815,560721,2024-03-16
2,09:46,"2pt layup (under the basket) missed by AJ George(LBSU), rebound defensive Dean Keeler(UCI)",62 - 63,5252391,560815,560721,2024-03-16
2,09:58,2pt driving layup (fast break) (under the basket) made by Derin Saran(UCI),62 - 63,5252391,560815,560721,2024-03-16
2,10:04,"2pt layup (under the basket) missed by Aboubacar Traore(LBSU), rebound defensive Derin Saran(UCI)",62 - 61,5252391,560815,560721,2024-03-16
2,10:22,2pt layup (2nd chance;off turnover) (under the basket) made by Derin Saran(UCI),62 - 61,5252391,560815,560721,2024-03-16
2,10:27,"2pt layup (off turnover) (under the basket) missed by Dean Keeler(UCI), rebound offensive Derin Saran(UCI)",62 - 59,5252391,560815,560721,2024-03-16
2,10:46,Turnover travel (in the paint) Lassina Traore(LBSU),62 - 59,5252391,560815,560721,2024-03-16
2,10:54,Substitution UCI: in Ofure Ujadughele,62 - 59,5252391,560815,560721,2024-03-16
2,10:54,Substitution UCI: out Devin Tillis,62 - 59,5252391,560815,560721,2024-03-16
2,10:54,"Foul personal (in the paint) Devin Tillis(UCI), foul on AJ George(LBSU)",62 - 59,5252391,560815,560721,2024-03-16
2,10:54,"2pt layup (in the paint) missed by AJ George(LBSU), rebound offensive (team) LBSU",62 - 59,5252391,560815,560721,2024-03-16
2,11:11,"2pt driving layup (2nd chance) (under the basket) made by Justin Hohn(UCI), assist Devin Tillis(UCI)",62 - 59,5252391,560815,560721,2024-03-16
2,11:19,Substitution LBSU: in Jadon Jones,62 - 57,5252391,560815,560721,2024-03-16
2,11:19,Substitution LBSU: out Amari Stroud,62 - 57,5252391,560815,560721,2024-03-16
2,11:19,Substitution UCI: in Justin Hohn,62 - 57,5252391,560815,560721,2024-03-16
2,11:19,Substitution UCI: out Andre Henry,62 - 57,5252391,560815,560721,2024-03-16
2,11:19,Timeout commercial,62 - 57,5252391,560815,560721,2024-03-16
2,11:19,"2pt jump shot (inside left) missed by Derin Saran(UCI), rebound offensive (team) UCI",62 - 57,5252391,560815,560721,2024-03-16
2,11:43,"2pt pull up jump shot (inside left) missed by AJ George(LBSU), rebound defensive Dean Keeler(UCI)",62 - 57,5252391,560815,560721,2024-03-16
2,12:54,Timeout short LBSU,62 - 57,5252391,560815,560721,2024-03-16
2,12:01,Substitution UCI: in Langston Redfield,62 - 57,5252391,560815,560721,2024-03-16
2,12:01,Substitution UCI: out Pierre Crockrell II,62 - 57,5252391,560815,560721,2024-03-16
2,12:04,"3pt jump shot (outside left) missed by Andre Henry(UCI), rebound defensive (team) LBSU",62 - 57,5252391,560815,560721,2024-03-16
2,12:21,"2pt jump shot (inside right) missed by Marcus Tsohonis(LBSU), rebound defensive Dean Keeler(UCI)",62 - 57,5252391,560815,560721,2024-03-16
2,12:38,"2pt jump shot (in the paint) made by Pierre Crockrell II(UCI), assist Andre Henry(UCI)",62 - 57,5252391,560815,560721,2024-03-16
2,12:54,Free throw 1 of 1 (fast break;off turnover) made by Amari Stroud(LBSU),62 - 55,5252391,560815,560721,2024-03-16
2,12:54,Substitution LBSU: in Marcus Tsohonis,61 - 55,5252391,560815,560721,2024-03-16
2,12:54,Substitution LBSU: out Jadon Jones,61 - 55,5252391,560815,560721,2024-03-16
2,12:54,Substitution UCI: in Dean Keeler,61 - 55,5252391,560815,560721,2024-03-16
2,12:54,Substitution UCI: in Devin Tillis,61 - 55,5252391,560815,560721,2024-03-16
2,12:54,Substitution UCI: in Derin Saran,61 - 55,5252391,560815,560721,2024-03-16
2,12:54,Substitution UCI: out Carter Welling,61 - 55,5252391,560815,560721,2024-03-16
2,12:54,Substitution UCI: out Bent Leuchten,61 - 55,5252391,560815,560721,2024-03-16
2,12:54,Substitution UCI: out Justin Hohn,61 - 55,5252391,560815,560721,2024-03-16
2,12:54,Timeout commercial,62 - 57,5252391,560815,560721,2024-03-16
2,12:54,Foul personal (shooting;1 free throw) (inside right) Andre Henry(UCI),61 - 55,5252391,560815,560721,2024-03-16
2,12:54,"2pt jump shot (off turnover;fast break) (inside right) made by Amari Stroud(LBSU), assist Aboubacar Traore(LBSU)",61 - 55,5252391,560815,560721,2024-03-16
2,12:58,"Turnover lost ball (in the paint) Carter Welling(UCI), steal Aboubacar Traore(LBSU)",59 - 55,5252391,560815,560721,2024-03-16
2,13:30,2pt jump shot (inside right) made by Aboubacar Traore(LBSU),59 - 55,5252391,560815,560721,2024-03-16
2,13:56,"2pt floating jump shot (in the paint) missed by Pierre Crockrell II(UCI), rebound defensive Jadon Jones(LBSU)",57 - 55,5252391,560815,560721,2024-03-16
2,14:30,"2pt alley oop (off turnover;fast break) (under the basket) made by Amari Stroud(LBSU), assist AJ George(LBSU)",57 - 55,5252391,560815,560721,2024-03-16
2,14:35,"Turnover bad pass (inside left) Pierre Crockrell II(UCI), steal Jadon Jones(LBSU)",55 - 55,5252391,560815,560721,2024-03-16
2,14:40,"Turnover bad pass (inside center) Aboubacar Traore(LBSU), steal Pierre Crockrell II(UCI)",55 - 55,5252391,560815,560721,2024-03-16
2,15:12,"3pt jump shot (outside left) made by Andre Henry(UCI), assist Justin Hohn(UCI)",55 - 55,5252391,560815,560721,2024-03-16
2,15:40,2pt layup (2nd chance) (under the basket) made by Aboubacar Traore(LBSU),55 - 52,5252391,560815,560721,2024-03-16
2,15:47,"3pt jump shot (outside left wing) missed by AJ George(LBSU), rebound offensive Jadon Jones(LBSU)",53 - 52,5252391,560815,560721,2024-03-16
2,16:02,"2pt jump shot (in the paint) made by Bent Leuchten(UCI), assist Pierre Crockrell II(UCI)",53 - 52,5252391,560815,560721,2024-03-16
2,16:04,"Foul personal (outside center) Amari Stroud(LBSU), foul on Justin Hohn(UCI)",53 - 50,5252391,560815,560721,2024-03-16
2,16:25,"3pt jump shot (2nd chance) (outside center) missed by Aboubacar Traore(LBSU), rebound defensive Bent Leuchten(UCI)",53 - 50,5252391,560815,560721,2024-03-16
2,16:46,Substitution LBSU: in AJ George,53 - 50,5252391,560815,560721,2024-03-16
2,16:46,Substitution LBSU: out Jason Hart Jr.,53 - 50,5252391,560815,560721,2024-03-16
2,16:46,"Free throw 2 of 2 (fast break) missed by Jadon Jones(LBSU), rebound offensive dead ball LBSU",53 - 50,5252391,560815,560721,2024-03-16
2,16:46,Free throw 1 of 2 (fast break) made by Jadon Jones(LBSU),53 - 50,5252391,560815,560721,2024-03-16
2,16:46,Substitution UCI: in Carter Welling,52 - 50,5252391,560815,560721,2024-03-16
2,16:46,Substitution UCI: out Devin Tillis,52 - 50,5252391,560815,560721,2024-03-16
2,16:46,Timeout commercial,52 - 50,5252391,560815,560721,2024-03-16
2,16:46,Foul technical (class a;2 free throws) Devin Tillis(UCI),52 - 50,5252391,560815,560721,2024-03-16
2,16:46,Timeout short LBSU,52 - 50,5252391,560815,560721,2024-03-16
2,16:48,"2pt layup (fast break) (under the basket) made by Devin Tillis(UCI), assist Pierre Crockrell II(UCI)",52 - 50,5252391,560815,560721,2024-03-16
2,16:55,"3pt jump shot (outside left wing) missed by Amari Stroud(LBSU), rebound defensive Bent Leuchten(UCI)",52 - 48,5252391,560815,560721,2024-03-16
2,17:08,2pt driving layup (off turnover) (under the basket) made by Andre Henry(UCI),52 - 48,5252391,560815,560721,2024-03-16
2,17:34,"Turnover lost ball Aboubacar Traore(LBSU), steal Justin Hohn(UCI)",52 - 46,5252391,560815,560721,2024-03-16
2,17:34,Jump ball held ball UCI,52 - 46,5252391,560815,560721,2024-03-16
2,17:47,"3pt jump shot (outside right) missed by Justin Hohn(UCI), rebound defensive Aboubacar Traore(LBSU)",52 - 46,5252391,560815,560721,2024-03-16
2,18:05,Substitution LBSU: in Amari Stroud,52 - 46,5252391,560815,560721,2024-03-16
2,18:05,Substitution LBSU: out AJ George,52 - 46,5252391,560815,560721,2024-03-16
2,18:05,Free throw 2 of 2 made by AJ George(LBSU),52 - 46,5252391,560815,560721,2024-03-16
2,18:05,Substitution LBSU: in Jason Hart Jr.,51 - 46,5252391,560815,560721,2024-03-16
2,18:05,Substitution LBSU: out Marcus Tsohonis,51 - 46,5252391,560815,560721,2024-03-16
2,18:05,Free throw 1 of 2 made by AJ George(LBSU),51 - 46,5252391,560815,560721,2024-03-16
2,18:05,Foul personal (shooting;2 free throws) (in the paint) Justin Hohn(UCI),50 - 46,5252391,560815,560721,2024-03-16
2,18:15,Jump ball held ball LBSU,50 - 46,5252391,560815,560721,2024-03-16
2,18:30,Free throw 2 of 2 made by Devin Tillis(UCI),50 - 46,5252391,560815,560721,2024-03-16
2,18:30,Free throw 1 of 2 made by Devin Tillis(UCI),50 - 45,5252391,560815,560721,2024-03-16
2,18:30,Foul personal (shooting;2 free throws) (in the paint) AJ George(LBSU),50 - 44,5252391,560815,560721,2024-03-16
2,18:50,3pt jump shot (2nd chance) (outside center) made by Marcus Tsohonis(LBSU),50 - 44,5252391,560815,560721,2024-03-16
2,18:54,"2pt jump shot (in the paint) missed by Marcus Tsohonis(LBSU), rebound offensive Lassina Traore(LBSU)",47 - 44,5252391,560815,560721,2024-03-16
2,19:12,2pt driving layup (under the basket) made by Pierre Crockrell II(UCI),47 - 44,5252391,560815,560721,2024-03-16
2,19:23,"3pt jump shot (outside right) missed by Jadon Jones(LBSU), rebound defensive Pierre Crockrell II(UCI)",47 - 42,5252391,560815,560721,2024-03-16
2,19:29,"Free throw 1 of 1 (2nd chance) missed by Justin Hohn(UCI), rebound defensive Aboubacar Traore(LBSU)",47 - 42,5252391,560815,560721,2024-03-16
2,19:29,Foul personal (shooting;1 free throw) (under the basket) Jadon Jones(LBSU),47 - 42,5252391,560815,560721,2024-03-16
2,19:29,2pt driving layup (2nd chance) (under the basket) made by Justin Hohn(UCI),47 - 42,5252391,560815,560721,2024-03-16
2,19:43,"Free throw 1 of 1 missed by Bent Leuchten(UCI), rebound offensive (team) UCI",47 - 40,5252391,560815,560721,2024-03-16
2,19:43,Foul personal (shooting;1 free throw) (under the basket) Jadon Jones(LBSU),47 - 40,5252391,560815,560721,2024-03-16
2,19:43,"2pt layup (under the basket) made by Bent Leuchten(UCI), assist Pierre Crockrell II(UCI)",47 - 40,5252391,560815,560721,2024-03-16
2,20:00,Period start,47 - 38,5252391,560815,560721,2024-03-16
2,20:00,Substitution LBSU: in Aboubacar Traore,47 - 38,5252391,560815,560721,2024-03-16
2,20:00,Substitution LBSU: in AJ George,47 - 38,5252391,560815,560721,2024-03-16
2,20:00,Substitution LBSU: in Isa Silva,47 - 38,5252391,560815,560721,2024-03-16
2,20:00,Substitution LBSU: out Jadon Jones,47 - 38,5252391,560815,560721,2024-03-16
2,20:00,Substitution LBSU: out Jason Hart Jr.,47 - 38,5252391,560815,560721,2024-03-16
2,20:00,Substitution LBSU: out Amari Stroud,47 - 38,5252391,560815,560721,2024-03-16
1,00:00.00,Period end (confirmed),47 - 38,5252391,560815,560721,2024-03-16
1,00:00.10,"2pt dunk (fast break) (under the basket) made by Amari Stroud(LBSU), assist Jadon Jones(LBSU)",47 - 38,5252391,560815,560721,2024-03-16
1,00:05.10,"2pt pull up jump shot (inside right) missed by Pierre Crockrell II(UCI), rebound defensive Jadon Jones(LBSU)",45 - 38,5252391,560815,560721,2024-03-16
1,00:19.80,Substitution UCI: in Bent Leuchten,45 - 38,5252391,560815,560721,2024-03-16
1,00:19.80,Substitution UCI: in Devin Tillis,45 - 38,5252391,560815,560721,2024-03-16
1,00:19.80,Substitution UCI: out Dean Keeler,45 - 38,5252391,560815,560721,2024-03-16
1,00:19.80,Substitution UCI: out Ofure Ujadughele,45 - 38,5252391,560815,560721,2024-03-16
1,00:19.80,Timeout short UCI,45 - 38,5252391,560815,560721,2024-03-16
1,00:35.50,"2pt jump shot (off turnover) (in the paint) made by Amari Stroud(LBSU), assist Marcus Tsohonis(LBSU)",45 - 38,5252391,560815,560721,2024-03-16
1,01:03,"Turnover bad pass (outside center) Pierre Crockrell II(UCI), steal Jadon Jones(LBSU)",43 - 38,5252391,560815,560721,2024-03-16
1,01:06,"Turnover lost ball (back court) Jason Hart Jr.(LBSU), steal Andre Henry(UCI)",43 - 38,5252391,560815,560721,2024-03-16
1,01:19,"2pt jump shot (in the paint) missed by Pierre Crockrell II(UCI), rebound defensive Jason Hart Jr.(LBSU)",43 - 38,5252391,560815,560721,2024-03-16
1,01:31,Free throw 3 of 3 (fast break) made by Jadon Jones(LBSU),43 - 38,5252391,560815,560721,2024-03-16
1,01:31,Substitution LBSU: in Jason Hart Jr.,42 - 38,5252391,560815,560721,2024-03-16
1,01:31,Substitution LBSU: out Isa Silva,42 - 38,5252391,560815,560721,2024-03-16
1,01:31,Substitution UCI: in Andre Henry,42 - 38,5252391,560815,560721,2024-03-16
1,01:31,Substitution UCI: out Dylan Thoerner,42 - 38,5252391,560815,560721,2024-03-16
1,01:31,Free throw 2 of 3 (fast break) made by Jadon Jones(LBSU),42 - 38,5252391,560815,560721,2024-03-16
1,01:31,Free throw 1 of 3 (fast break) made by Jadon Jones(LBSU),41 - 38,5252391,560815,560721,2024-03-16
1,01:31,Foul personal (shooting;3 free throws) (outside center) Dean Keeler(UCI),40 - 38,5252391,560815,560721,2024-03-16
1,01:39,"3pt jump shot (off turnover) (outside right wing) missed by Dylan Thoerner(UCI), rebound defensive Jadon Jones(LBSU)",40 - 38,5252391,560815,560721,2024-03-16
1,01:45,Substitution UCI: in Ofure Ujadughele,40 - 38,5252391,560815,560721,2024-03-16
1,01:45,Substitution UCI: out Hayden Welling,40 - 38,5252391,560815,560721,2024-03-16
1,01:45,Turnover travel (inside left) Lassina Traore(LBSU),40 - 38,5252391,560815,560721,2024-03-16
1,02:11,"3pt jump shot (2nd chance) (outside right) made by Justin Hohn(UCI), assist Pierre Crockrell II(UCI)",61 - 55,5252391,560815,560721,2024-03-16
1,02:13,Substitution LBSU: in Isa Silva,40 - 35,5252391,560815,560721,2024-03-16
1,02:13,Substitution LBSU: out Aboubacar Traore,40 - 35,5252391,560815,560721,2024-03-16
1,02:13,Substitution UCI: in Pierre Crockrell II,40 - 35,5252391,560815,560721,2024-03-16
1,02:13,Substitution UCI: out Derin Saran,40 - 35,5252391,560815,560721,2024-03-16
1,02:16,"2pt jump shot (inside right) missed by Hayden Welling(UCI), rebound offensive (team) UCI",40 - 35,5252391,560815,560721,2024-03-16
1,02:34,Substitution UCI: in Hayden Welling,40 - 35,5252391,560815,560721,2024-03-16
1,02:34,Substitution UCI: out Bent Leuchten,40 - 35,5252391,560815,560721,2024-03-16
1,02:34,Free throw 1 of 1 made by Aboubacar Traore(LBSU),40 - 35,5252391,560815,560721,2024-03-16
1,02:34,Foul personal (shooting;1 free throw) (in the paint) Bent Leuchten(UCI),39 - 35,5252391,560815,560721,2024-03-16
1,02:34,"2pt jump shot (in the paint) made by Aboubacar Traore(LBSU), assist Amari Stroud(LBSU)",39 - 35,5252391,560815,560721,2024-03-16
1,02:55,2pt driving layup (under the basket) made by Bent Leuchten(UCI),37 - 35,5252391,560815,560721,2024-03-16
1,03:23,Free throw 2 of 2 (2nd chance) made by Aboubacar Traore(LBSU),37 - 33,5252391,560815,560721,2024-03-16
1,03:23,Free throw 1 of 2 (2nd chance) made by Aboubacar Traore(LBSU),36 - 33,5252391,560815,560721,2024-03-16
1,03:22,Substitution LBSU: in Amari Stroud,35 - 33,5252391,560815,560721,2024-03-16
1,03:22,Substitution LBSU: out Messiah Thompson,35 - 33,5252391,560815,560721,2024-03-16
1,03:22,Substitution UCI: in Dean Keeler,35 - 33,5252391,560815,560721,2024-03-16
1,03:22,Substitution UCI: in Justin Hohn,35 - 33,5252391,560815,560721,2024-03-16
1,03:22,Substitution UCI: out Ofure Ujadughele,35 - 33,5252391,560815,560721,2024-03-16
1,03:22,Substitution UCI: out Pierre Crockrell II,35 - 33,5252391,560815,560721,2024-03-16
1,03:23,Timeout commercial,35 - 33,5252391,560815,560721,2024-03-16
1,03:23,"Foul personal (one and one) (in the paint) Bent Leuchten(UCI), foul on Lassina Traore(LBSU), foul on Aboubacar Traore(LBSU)",35 - 33,5252391,560815,560721,2024-03-16
1,03:23,"2pt layup (2nd chance) (under the basket) missed by Lassina Traore(LBSU), rebound offensive Aboubacar Traore(LBSU)",35 - 33,5252391,560815,560721,2024-03-16
1,03:27,"2pt floating jump shot (in the paint) missed by Marcus Tsohonis(LBSU), rebound offensive Aboubacar Traore(LBSU)",35 - 33,5252391,560815,560721,2024-03-16
1,03:46,2pt jump shot (inside right) made by Pierre Crockrell II(UCI),35 - 33,5252391,560815,560721,2024-03-16
1,04:12,"2pt layup (under the basket) missed by Aboubacar Traore(LBSU), rebound defensive Bent Leuchten(UCI)",35 - 31,5252391,560815,560721,2024-03-16
1,04:36,2pt pull up jump shot (inside right) made by Pierre Crockrell II(UCI),35 - 31,5252391,560815,560721,2024-03-16
1,04:48,"Free throw 1 of 1 missed by Messiah Thompson(LBSU), rebound defensive Derin Saran(UCI)",35 - 29,5252391,560815,560721,2024-03-16
1,04:48,Substitution UCI: in Dylan Thoerner,35 - 29,5252391,560815,560721,2024-03-16
1,04:48,Substitution UCI: out Andre Henry,35 - 29,5252391,560815,560721,2024-03-16
1,04:48,Foul personal (shooting;1 free throw) (inside right) Derin Saran(UCI),35 - 29,5252391,560815,560721,2024-03-16
1,04:48,2pt floating jump shot (inside right) made by Messiah Thompson(LBSU),35 - 29,5252391,560815,560721,2024-03-16
1,04:57,"3pt jump shot (outside right) missed by Andre Henry(UCI), rebound defensive Lassina Traore(LBSU)",33 - 29,5252391,560815,560721,2024-03-16
1,05:12,"2pt jump shot (2nd chance) (in the paint) missed by Jadon Jones(LBSU), rebound defensive Bent Leuchten(UCI)",33 - 29,5252391,560815,560721,2024-03-16
1,05:30,"2pt pull up jump shot (in the paint) missed by Marcus Tsohonis(LBSU), rebound offensive Jadon Jones(LBSU)",33 - 29,5252391,560815,560721,2024-03-16
1,05:45,"Foul personal (in the paint) Ofure Ujadughele(UCI), foul on Lassina Traore(LBSU)",33 - 29,5252391,560815,560721,2024-03-16
1,05:51,Substitution LBSU: in Messiah Thompson,33 - 29,5252391,560815,560721,2024-03-16
1,05:51,Substitution LBSU: out AJ George,33 - 29,5252391,560815,560721,2024-03-16
1,05:51,Substitution UCI: in Bent Leuchten,33 - 29,5252391,560815,560721,2024-03-16
1,05:51,Substitution UCI: in Ofure Ujadughele,33 - 29,5252391,560815,560721,2024-03-16
1,05:51,Substitution UCI: in Derin Saran,33 - 29,5252391,560815,560721,2024-03-16
1,05:51,Substitution UCI: out Dean Keeler,33 - 29,5252391,560815,560721,2024-03-16
1,05:51,Substitution UCI: out Devin Tillis,33 - 29,5252391,560815,560721,2024-03-16
1,05:51,Substitution UCI: out Justin Hohn,33 - 29,5252391,560815,560721,2024-03-16
1,05:51,"Foul personal (in the paint) Devin Tillis(UCI), foul on Aboubacar Traore(LBSU)",33 - 29,5252391,560815,560721,2024-03-16
1,06:04,2pt hook shot (in the paint) made by Dean Keeler(UCI),33 - 29,5252391,560815,560721,2024-03-16
1,06:17,2pt floating jump shot (inside right) made by AJ George(LBSU),33 - 27,5252391,560815,560721,2024-03-16
1,06:35,2pt hook shot (in the paint) made by Devin Tillis(UCI),31 - 27,5252391,560815,560721,2024-03-16
1,06:59,"3pt jump shot (outside right) missed by Jadon Jones(LBSU), rebound defensive Andre Henry(UCI)",31 - 25,5252391,560815,560721,2024-03-16
1,07:18,2pt pull up jump shot (inside right) made by Pierre Crockrell II(UCI),31 - 25,5252391,560815,560721,2024-03-16
1,07:26,Substitution UCI: in Devin Tillis,31 - 23,5252391,560815,560721,2024-03-16
1,07:26,Substitution UCI: out Bent Leuchten,31 - 23,5252391,560815,560721,2024-03-16
1,07:26,Timeout commercial,31 - 23,5252391,560815,560721,2024-03-16
1,07:26,Substitution UCI: in Dean Keeler,31 - 23,5252391,560815,560721,2024-03-16
1,07:26,Substitution UCI: out Devin Tillis,31 - 23,5252391,560815,560721,2024-03-16
1,07:26,"Foul personal (back court) Lassina Traore(LBSU), foul on Dean Keeler(UCI)",31 - 23,5252391,560815,560721,2024-03-16
1,07:26,"2pt jump shot (under the basket) missed by Aboubacar Traore(LBSU), rebound defensive (team) UCI",31 - 23,5252391,560815,560721,2024-03-16
1,07:37,2pt jump shot (inside right) made by Pierre Crockrell II(UCI),31 - 23,5252391,560815,560721,2024-03-16
1,08:00,Substitution LBSU: in Lassina Traore,31 - 21,5252391,560815,560721,2024-03-16
1,08:00,Substitution LBSU: out Amari Stroud,31 - 21,5252391,560815,560721,2024-03-16
1,07:53,"3pt jump shot (2nd chance;off turnover) (outside right) made by AJ George(LBSU), assist Lassina Traore(LBSU)",31 - 21,5252391,560815,560721,2024-03-16
1,08:00,"2pt driving layup (off turnover) (under the basket) missed by Jadon Jones(LBSU), rebound offensive Lassina Traore(LBSU)",28 - 21,5252391,560815,560721,2024-03-16
1,08:13,Turnover lost ball (inside right) Justin Hohn(UCI),28 - 21,5252391,560815,560721,2024-03-16
1,08:24,2pt floating jump shot (in the paint) made by AJ George(LBSU),28 - 21,5252391,560815,560721,2024-03-16
1,08:42,"3pt jump shot (outside left) made by Justin Hohn(UCI), assist Pierre Crockrell II(UCI)",26 - 21,5252391,560815,560721,2024-03-16
1,08:44,Free throw 2 of 2 (2nd chance) made by Justin Hohn(UCI),26 - 18,5252391,560815,560721,2024-03-16
1,08:44,Free throw 1 of 2 (2nd chance) made by Justin Hohn(UCI),26 - 17,5252391,560815,560721,2024-03-16
1,08:44,Foul technical (class a;2 free throws) AJ George(LBSU),26 - 16,5252391,560815,560721,2024-03-16
1,08:45,"2pt floating jump shot (inside left) missed by Justin Hohn(UCI), rebound offensive Bent Leuchten(UCI)",26 - 16,5252391,560815,560721,2024-03-16
1,09:02,"2pt jump shot (inside left) made by Amari Stroud(LBSU), assist Aboubacar Traore(LBSU)",26 - 16,5252391,560815,560721,2024-03-16
1,09:11,"2pt hook shot (blocked) (in the paint) missed by Bent Leuchten(UCI), block Amari Stroud(LBSU), rebound defensive Aboubacar Traore(LBSU)",24 - 16,5252391,560815,560721,2024-03-16
1,09:29,"2pt dunk (off turnover;fast break) (under the basket) made by Aboubacar Traore(LBSU), assist Jadon Jones(LBSU)",24 - 16,5252391,560815,560721,2024-03-16
1,09:32,"Turnover bad pass (back court) Bent Leuchten(UCI), steal Jadon Jones(LBSU)",22 - 16,5252391,560815,560721,2024-03-16
1,09:36,"2pt pull up jump shot (inside right) missed by AJ George(LBSU), rebound defensive Bent Leuchten(UCI)",22 - 16,5252391,560815,560721,2024-03-16
1,09:44,Substitution LBSU: in AJ George,22 - 16,5252391,560815,560721,2024-03-16
1,09:44,Substitution LBSU: out Isa Silva,22 - 16,5252391,560815,560721,2024-03-16
1,09:44,Substitution UCI: in Pierre Crockrell II,22 - 16,5252391,560815,560721,2024-03-16
1,09:44,Substitution UCI: out Derin Saran,22 - 16,5252391,560815,560721,2024-03-16
1,09:44,"Foul personal (in the paint) Andre Henry(UCI), foul on Isa Silva(LBSU)",22 - 16,5252391,560815,560721,2024-03-16
1,10:00,"2pt jump shot (inside center) made by Justin Hohn(UCI), assist Andre Henry(UCI)",22 - 16,5252391,560815,560721,2024-03-16
1,10:18,2pt step back jump shot (inside left) made by Marcus Tsohonis(LBSU),22 - 14,5252391,560815,560721,2024-03-16
1,10:42,"2pt layup (under the basket) made by Justin Hohn(UCI), assist Bent Leuchten(UCI)",20 - 14,5252391,560815,560721,2024-03-16
1,10:46,Substitution UCI: in Devin Tillis,20 - 12,5252391,560815,560721,2024-03-16
1,10:46,Substitution UCI: out Ofure Ujadughele,20 - 12,5252391,560815,560721,2024-03-16
1,10:46,"Foul personal (in the paint) Isa Silva(LBSU), foul on Bent Leuchten(UCI)",20 - 12,5252391,560815,560721,2024-03-16
1,10:58,"2pt jump shot (in the paint) missed by Amari Stroud(LBSU), rebound defensive Derin Saran(UCI)",20 - 12,5252391,560815,560721,2024-03-16
1,11:09,"3pt jump shot (outside right) missed by Justin Hohn(UCI), rebound defensive Marcus Tsohonis(LBSU)",20 - 12,5252391,560815,560721,2024-03-16
1,11:32,"2pt jump shot (off turnover) (inside right wing) missed by Amari Stroud(LBSU), rebound defensive Justin Hohn(UCI)",20 - 12,5252391,560815,560721,2024-03-16
1,11:38,Substitution LBSU: in Aboubacar Traore,20 - 12,5252391,560815,560721,2024-03-16
1,11:38,Substitution LBSU: in Marcus Tsohonis,20 - 12,5252391,560815,560721,2024-03-16
1,11:38,Substitution LBSU: out Lassina Traore,20 - 12,5252391,560815,560721,2024-03-16
1,11:38,Substitution LBSU: out AJ George,20 - 12,5252391,560815,560721,2024-03-16
1,11:38,Substitution UCI: in Bent Leuchten,20 - 12,5252391,560815,560721,2024-03-16
1,11:38,Substitution UCI: in Andre Henry,20 - 12,5252391,560815,560721,2024-03-16
1,11:38,Substitution UCI: in Justin Hohn,20 - 12,5252391,560815,560721,2024-03-16
1,11:38,Substitution UCI: out Dean Keeler,20 - 12,5252391,560815,560721,2024-03-16
1,11:38,Substitution UCI: out Langston Redfield,20 - 12,5252391,560815,560721,2024-03-16
1,11:38,Substitution UCI: out Dylan Thoerner,20 - 12,5252391,560815,560721,2024-03-16
1,11:38,Timeout commercial,20 - 12,5252391,560815,560721,2024-03-16
1,11:38,Jump ball held ball LBSU,20 - 12,5252391,560815,560721,2024-03-16
1,11:49,"Turnover lost ball (back court) Langston Redfield(UCI), steal Lassina Traore(LBSU)",20 - 12,5252391,560815,560721,2024-03-16
1,12:02,"Turnover bad pass (outside center) AJ George(LBSU), steal Derin Saran(UCI)",20 - 12,5252391,560815,560721,2024-03-16
1,12:02,"2pt driving layup (under the basket) missed by Derin Saran(UCI), rebound defensive Amari Stroud(LBSU)",20 - 12,5252391,560815,560721,2024-03-16
1,12:02,"Foul personal (in the paint) Amari Stroud(LBSU), foul on Derin Saran(UCI)",20 - 12,5252391,560815,560721,2024-03-16
1,12:16,"2pt turnaround jump shot (inside left) missed by Amari Stroud(LBSU), rebound defensive Ofure Ujadughele(UCI)",20 - 12,5252391,560815,560721,2024-03-16
1,12:30,"3pt jump shot (off turnover) (outside right) missed by Dylan Thoerner(UCI), rebound defensive Lassina Traore(LBSU)",20 - 12,5252391,560815,560721,2024-03-16
1,12:48,Turnover bad pass Marcus Tsohonis(LBSU),20 - 12,5252391,560815,560721,2024-03-16
1,12:48,Substitution LBSU: in Isa Silva,20 - 12,5252391,560815,560721,2024-03-16
1,12:48,Substitution LBSU: out Marcus Tsohonis,20 - 12,5252391,560815,560721,2024-03-16
1,12:48,Substitution UCI: in Ofure Ujadughele,20 - 12,5252391,560815,560721,2024-03-16
1,12:48,Substitution UCI: out Hayden Welling,20 - 12,5252391,560815,560721,2024-03-16
1,12:51,"3pt jump shot (outside left) missed by Marcus Tsohonis(LBSU), rebound defensive (team) UCI, rebound offensive Marcus Tsohonis(LBSU)",20 - 12,5252391,560815,560721,2024-03-16
1,12:57,"2pt driving layup (blocked) (under the basket) missed by Derin Saran(UCI), block Amari Stroud(LBSU), rebound defensive Jadon Jones(LBSU)",20 - 12,5252391,560815,560721,2024-03-16
1,13:11,Substitution LBSU: in Amari Stroud,20 - 12,5252391,560815,560721,2024-03-16
1,13:11,Substitution LBSU: out Aboubacar Traore,20 - 12,5252391,560815,560721,2024-03-16
1,13:11,Substitution UCI: in Langston Redfield,20 - 12,5252391,560815,560721,2024-03-16
1,13:11,Substitution UCI: out Pierre Crockrell II,20 - 12,5252391,560815,560721,2024-03-16
1,13:12,"3pt jump shot (outside left) made by Jadon Jones(LBSU), assist Aboubacar Traore(LBSU)",20 - 12,5252391,560815,560721,2024-03-16
1,13:26,"2pt layup (2nd chance) (under the basket) missed by Hayden Welling(UCI), rebound defensive Lassina Traore(LBSU)",17 - 12,5252391,560815,560721,2024-03-16
1,13:31,"2pt pull up jump shot (inside right) missed by Derin Saran(UCI), rebound offensive Hayden Welling(UCI)",17 - 12,5252391,560815,560721,2024-03-16
1,13:49,"3pt jump shot (outside left) missed by AJ George(LBSU), rebound defensive Derin Saran(UCI)",17 - 12,5252391,560815,560721,2024-03-16
1,14:10,"2pt pull up jump shot (2nd chance) (in the paint) missed by Pierre Crockrell II(UCI), rebound defensive Lassina Traore(LBSU)",17 - 12,5252391,560815,560721,2024-03-16
1,14:16,"Free throw 2 of 2 missed by Dean Keeler(UCI), rebound offensive Derin Saran(UCI)",17 - 12,5252391,560815,560721,2024-03-16
1,14:16,Substitution UCI: in Dylan Thoerner,17 - 12,5252391,560815,560721,2024-03-16
1,14:16,Substitution UCI: out Justin Hohn,17 - 12,5252391,560815,560721,2024-03-16
1,14:16,Free throw 1 of 2 made by Dean Keeler(UCI),17 - 12,5252391,560815,560721,2024-03-16
1,14:16,Foul personal (shooting;2 free throws) (in the paint) AJ George(LBSU),17 - 11,5252391,560815,560721,2024-03-16
1,14:28,2pt jump shot (in the paint) made by Marcus Tsohonis(LBSU),17 - 11,5252391,560815,560721,2024-03-16
1,14:37,Substitution UCI: in Hayden Welling,15 - 11,5252391,560815,560721,2024-03-16
1,14:37,Substitution UCI: out Carter Welling,15 - 11,5252391,560815,560721,2024-03-16
1,14:37,"Foul personal (in the paint) Carter Welling(UCI), foul on AJ George(LBSU)",15 - 11,5252391,560815,560721,2024-03-16
1,15:01,2pt jump shot (in the paint) made by Pierre Crockrell II(UCI),15 - 11,5252391,560815,560721,2024-03-16
1,15:27,2pt jump shot (in the paint) made by Lassina Traore(LBSU),15 - 9,5252391,560815,560721,2024-03-16
1,15:36,Substitution UCI: in Derin Saran,13 - 9,5252391,560815,560721,2024-03-16
1,15:36,Substitution UCI: out Andre Henry,13 - 9,5252391,560815,560721,2024-03-16
1,15:36,Timeout commercial,13 - 9,5252391,560815,560721,2024-03-16
1,15:36,"Foul personal (inside left) Carter Welling(UCI), foul on Lassina Traore(LBSU)",13 - 9,5252391,560815,560721,2024-03-16
1,15:39,"2pt pull up jump shot (inside center) missed by Marcus Tsohonis(LBSU), rebound defensive (team) UCI",13 - 9,5252391,560815,560721,2024-03-16
1,15:47,"2pt hook shot (in the paint) missed by Dean Keeler(UCI), rebound defensive Jadon Jones(LBSU)",13 - 9,5252391,560815,560721,2024-03-16
1,16:06,3pt jump shot (outside left) made by Marcus Tsohonis(LBSU),13 - 9,5252391,560815,560721,2024-03-16
1,16:14,"Free throw 2 of 2 missed by Pierre Crockrell II(UCI), rebound defensive Marcus Tsohonis(LBSU)",10 - 9,5252391,560815,560721,2024-03-16
1,16:14,Substitution LBSU: in Jadon Jones,10 - 9,5252391,560815,560721,2024-03-16
1,16:14,Substitution LBSU: out Messiah Thompson,10 - 9,5252391,560815,560721,2024-03-16
1,16:14,Substitution UCI: in Dean Keeler,10 - 9,5252391,560815,560721,2024-03-16
1,16:14,Substitution UCI: in Carter Welling,10 - 9,5252391,560815,560721,2024-03-16
1,16:14,Substitution UCI: out Bent Leuchten,10 - 9,5252391,560815,560721,2024-03-16
1,16:14,Substitution UCI: out Devin Tillis,10 - 9,5252391,560815,560721,2024-03-16
1,16:14,"Free throw 1 of 2 missed by Pierre Crockrell II(UCI), rebound offensive dead ball UCI",10 - 9,5252391,560815,560721,2024-03-16
1,16:14,Foul personal (shooting;2 free throws) (under the basket) Messiah Thompson(LBSU),10 - 9,5252391,560815,560721,2024-03-16
1,16:30,"3pt jump shot (outside left) missed by AJ George(LBSU), rebound defensive Bent Leuchten(UCI)",10 - 9,5252391,560815,560721,2024-03-16
1,16:48,"3pt jump shot (outside left) made by Andre Henry(UCI), assist Pierre Crockrell II(UCI)",10 - 9,5252391,560815,560721,2024-03-16
1,17:06,"2pt jump shot (inside center) made by AJ George(LBSU), assist Aboubacar Traore(LBSU)",10 - 6,5252391,560815,560721,2024-03-16
1,17:14,"2pt layup (under the basket) missed by Andre Henry(UCI), rebound defensive Lassina Traore(LBSU)",8 - 6,5252391,560815,560721,2024-03-16
1,17:23,3pt jump shot (fast break) (outside right) made by Marcus Tsohonis(LBSU),8 - 6,5252391,560815,560721,2024-03-16
1,17:29,"2pt driving layup (in the paint) missed by Pierre Crockrell II(UCI), rebound defensive Lassina Traore(LBSU)",5 - 6,5252391,560815,560721,2024-03-16
1,17:50,Free throw 1 of 1 made by Lassina Traore(LBSU),5 - 6,5252391,560815,560721,2024-03-16
1,17:50,Foul personal (shooting;1 free throw) (under the basket) Devin Tillis(UCI),4 - 6,5252391,560815,560721,2024-03-16
1,17:50,"2pt layup (under the basket) made by Lassina Traore(LBSU), assist Marcus Tsohonis(LBSU)",4 - 6,5252391,560815,560721,2024-03-16
1,18:10,2pt driving layup (off turnover) (under the basket) made by Pierre Crockrell II(UCI),2 - 6,5252391,560815,560721,2024-03-16
1,18:21,Turnover bad pass (inside left) Aboubacar Traore(LBSU),2 - 4,5252391,560815,560721,2024-03-16
1,18:48,"2pt layup (under the basket) made by Devin Tillis(UCI), assist Justin Hohn(UCI)",2 - 4,5252391,560815,560721,2024-03-16
1,19:10,"2pt jump shot (in the paint) made by Lassina Traore(LBSU), assist Aboubacar Traore(LBSU)",2 - 2,5252391,560815,560721,2024-03-16
1,19:35,"2pt hook shot (under the basket) made by Devin Tillis(UCI), assist Pierre Crockrell II(UCI)",0 - 2,5252391,560815,560721,2024-03-16
2,03:21,Timeout commercial,59 - 61,5252300,560895,560740,2024-03-16
2,03:48,2pt driving layup (under the basket) made by Jalen Leach(FFD),59 - 61,5252300,560895,560740,2024-03-16
2,04:08,Free throw 2 of 2 made by Max Allen II(MAR),59 - 59,5252300,560895,560740,2024-03-16
2,04:08,Substitution FFD: in Jasper Floyd,58 - 59,5252300,560895,560740,2024-03-16
2,04:08,Substitution FFD: out Louis Bleechmore,58 - 59,5252300,560895,560740,2024-03-16
2,04:08,Free throw 1 of 2 made by Max Allen II(MAR),58 - 59,5252300,560895,560740,2024-03-16
2,04:08,Foul personal (shooting;2 free throws) (in the paint) Louis Bleechmore(FFD),57 - 59,5252300,560895,560740,2024-03-16
2,04:08,Foul (back court) FFD,57 - 59,5252300,560895,560740,2024-03-16
2,04:33,"2pt layup (under the basket) made by Jalen Leach(FFD), assist Brycen Goodine(FFD)",57 - 59,5252300,560895,560740,2024-03-16
2,04:45,"2pt jump shot (in the paint) missed by Josh Pascarelli(MAR), rebound defensive (team) FFD",57 - 57,5252300,560895,560740,2024-03-16
2,05:12,Substitution MAR: in Josh Pascarelli,57 - 57,5252300,560895,560740,2024-03-16
2,05:12,Substitution MAR: in Max Allen II,57 - 57,5252300,560895,560740,2024-03-16
2,05:12,Substitution MAR: out Kam Farris,57 - 57,5252300,560895,560740,2024-03-16
2,05:12,Substitution MAR: out Jackson Price,57 - 57,5252300,560895,560740,2024-03-16
2,05:12,Timeout commercial,57 - 57,5252300,560895,560740,2024-03-16
2,05:12,Timeout short MAR,57 - 57,5252300,560895,560740,2024-03-16
2,05:14,3pt pull up jump shot (off turnover) (outside left) made by Caleb Fields(FFD),57 - 57,5252300,560895,560740,2024-03-16
2,05:27,Substitution MAR: in Jackson Price,57 - 54,5252300,560895,560740,2024-03-16
2,05:27,Substitution MAR: out Max Allen II,57 - 54,5252300,560895,560740,2024-03-16
2,05:27,"Foul offensive (back court) Max Allen II(MAR), turnover offensive Max Allen II(MAR), foul on Caleb Fields(FFD)",57 - 54,5252300,560895,560740,2024-03-16
2,05:57,"3pt jump shot (outside right) missed by Brycen Goodine(FFD), rebound defensive Max Allen II(MAR)",57 - 54,5252300,560895,560740,2024-03-16
2,06:14,"2pt layup (blocked) (in the paint) missed by Kam Farris(MAR), block Jalen Leach(FFD), rebound defensive Alexis Yetna(FFD)",57 - 54,5252300,560895,560740,2024-03-16
2,06:42,Substitution FFD: in Louis Bleechmore,57 - 54,5252300,560895,560740,2024-03-16
2,06:42,Substitution FFD: out Jasper Floyd,57 - 54,5252300,560895,560740,2024-03-16
2,06:42,Substitution MAR: in Kam Farris,57 - 54,5252300,560895,560740,2024-03-16
2,06:42,Substitution MAR: out Josh Pascarelli,57 - 54,5252300,560895,560740,2024-03-16
2,06:42,"Foul personal (back court) Jasper Floyd(FFD), foul on Jadin Collins(MAR)",57 - 54,5252300,560895,560740,2024-03-16
2,06:46,2pt driving layup (off turnover) (under the basket) made by Caleb Fields(FFD),57 - 54,5252300,560895,560740,2024-03-16
2,07:02,Substitution MAR: in Jadin Collins,57 - 52,5252300,560895,560740,2024-03-16
2,07:02,Substitution MAR: out Isaiah Brickner,57 - 52,5252300,560895,560740,2024-03-16
2,07:02,"Turnover lost ball (outside left) Isaiah Brickner(MAR), steal Jasper Floyd(FFD)",57 - 52,5252300,560895,560740,2024-03-16
2,07:15,"Turnover lost ball (inside center) Caleb Fields(FFD), steal Jaden Daughtry(MAR)",57 - 52,5252300,560895,560740,2024-03-16
2,07:39,"Foul personal (loose ball) (back court) Max Allen II(MAR), foul on Alexis Yetna(FFD)",57 - 52,5252300,560895,560740,2024-03-16
2,07:41,"3pt jump shot (outside left) missed by Javon Cooley(MAR), rebound defensive Alexis Yetna(FFD)",57 - 52,5252300,560895,560740,2024-03-16
2,07:50,"Foul personal (under the basket) Jasper Floyd(FFD), foul on Max Allen II(MAR)",57 - 52,5252300,560895,560740,2024-03-16
2,07:54,Substitution MAR: in Isaiah Brickner,57 - 52,5252300,560895,560740,2024-03-16
2,07:54,Substitution MAR: out Jadin Collins,57 - 52,5252300,560895,560740,2024-03-16
2,07:54,Timeout commercial,57 - 52,5252300,560895,560740,2024-03-16
2,07:54,"Foul personal (in the paint) Jalen Leach(FFD), foul on Max Allen II(MAR)",57 - 52,5252300,560895,560740,2024-03-16
2,08:13,"3pt step back jump shot (2nd chance) (outside right) missed by Caleb Fields(FFD), rebound defensive Jadin Collins(MAR)",57 - 52,5252300,560895,560740,2024-03-16
2,08:18,"Foul personal (inside right) Josh Pascarelli(MAR), foul on Alexis Yetna(FFD)",57 - 52,5252300,560895,560740,2024-03-16
2,08:20,"2pt driving layup (under the basket) missed by Brycen Goodine(FFD), rebound offensive Alexis Yetna(FFD)",57 - 52,5252300,560895,560740,2024-03-16
2,08:37,"2pt turnaround jump shot (inside center) missed by Jadin Collins(MAR), rebound defensive Jalen Leach(FFD)",57 - 52,5252300,560895,560740,2024-03-16
2,08:45,Substitution MAR: in Josh Pascarelli,57 - 52,5252300,560895,560740,2024-03-16
2,08:45,Substitution MAR: out Kam Farris,57 - 52,5252300,560895,560740,2024-03-16
2,08:45,Substitution FFD: in Alexis Yetna,57 - 52,5252300,560895,560740,2024-03-16
2,08:45,Substitution FFD: out Peyton Smith,57 - 52,5252300,560895,560740,2024-03-16
2,09:08,2pt driving layup (fast break) (under the basket) made by Jalen Leach(FFD),57 - 52,5252300,560895,560740,2024-03-16
2,09:16,"3pt jump shot (outside right) missed by Kam Farris(MAR), rebound defensive Jalen Leach(FFD)",57 - 50,5252300,560895,560740,2024-03-16
2,09:43,2pt layup (2nd chance) (under the basket) made by Caleb Fields(FFD),57 - 50,5252300,560895,560740,2024-03-16
2,09:47,"2pt floating jump shot (in the paint) missed by Caleb Fields(FFD), rebound offensive Caleb Fields(FFD)",57 - 48,5252300,560895,560740,2024-03-16
2,10:10,Free throw 2 of 2 made by Javon Cooley(MAR),57 - 48,5252300,560895,560740,2024-03-16
2,10:10,Substitution MAR: in Max Allen II,56 - 48,5252300,560895,560740,2024-03-16
2,10:10,Substitution MAR: in Jaden Daughtry,56 - 48,5252300,560895,560740,2024-03-16
2,10:10,Substitution MAR: out Isaiah Brickner,56 - 48,5252300,560895,560740,2024-03-16
2,10:10,Substitution MAR: out Jackson Price,56 - 48,5252300,560895,560740,2024-03-16
2,10:10,Substitution FFD: in Jasper Floyd,56 - 48,5252300,560895,560740,2024-03-16
2,10:10,Substitution FFD: out Louis Bleechmore,56 - 48,5252300,560895,560740,2024-03-16
2,10:10,Free throw 1 of 2 made by Javon Cooley(MAR),56 - 48,5252300,560895,560740,2024-03-16
2,10:10,Foul personal (shooting;2 free throws) (in the paint) Peyton Smith(FFD),55 - 48,5252300,560895,560740,2024-03-16
2,10:31,"2pt layup (under the basket) missed by Peyton Smith(FFD), rebound defensive Jackson Price(MAR)",55 - 48,5252300,560895,560740,2024-03-16
2,10:41,2pt driving layup (under the basket) made by Jadin Collins(MAR),55 - 48,5252300,560895,560740,2024-03-16
2,11:00,"2pt layup (under the basket) made by Peyton Smith(FFD), assist Caleb Fields(FFD)",53 - 48,5252300,560895,560740,2024-03-16
2,11:19,"3pt jump shot (outside left) made by Jackson Price(MAR), assist Kam Farris(MAR)",53 - 46,5252300,560895,560740,2024-03-16
2,11:39,Free throw 1 of 1 (fast break;off turnover) made by Peyton Smith(FFD),50 - 46,5252300,560895,560740,2024-03-16
2,11:39,Timeout commercial,50 - 45,5252300,560895,560740,2024-03-16
2,11:39,Foul personal (shooting;1 free throw) (under the basket) Isaiah Brickner(MAR),50 - 45,5252300,560895,560740,2024-03-16
2,11:39,"2pt layup (off turnover;fast break) (under the basket) made by Peyton Smith(FFD), assist Jalen Leach(FFD)",50 - 45,5252300,560895,560740,2024-03-16
2,11:45,"Turnover lost ball (inside left) Isaiah Brickner(MAR), steal Brycen Goodine(FFD)",50 - 43,5252300,560895,560740,2024-03-16
2,12:03,"2pt jump shot (inside left) missed by Brycen Goodine(FFD), rebound defensive Kam Farris(MAR)",50 - 43,5252300,560895,560740,2024-03-16
2,12:18,Free throw 2 of 2 made by Kam Farris(MAR),50 - 43,5252300,560895,560740,2024-03-16
2,12:18,Free throw 1 of 2 made by Kam Farris(MAR),49 - 43,5252300,560895,560740,2024-03-16
2,12:18,Foul personal (shooting;2 free throws) (in the paint) Peyton Smith(FFD),48 - 43,5252300,560895,560740,2024-03-16
2,12:43,2pt turnaround jump shot (off turnover) (in the paint) made by Jalen Leach(FFD),48 - 43,5252300,560895,560740,2024-03-16
2,12:59,Turnover travel (inside center) Jackson Price(MAR),48 - 41,5252300,560895,560740,2024-03-16
2,13:15,Substitution FFD: in Peyton Smith,48 - 41,5252300,560895,560740,2024-03-16
2,13:15,Substitution FFD: out Alexis Yetna,48 - 41,5252300,560895,560740,2024-03-16
2,13:15,Free throw 2 of 2 made by Alexis Yetna(FFD),48 - 41,5252300,560895,560740,2024-03-16
2,13:15,Substitution MAR: in Kam Farris,48 - 40,5252300,560895,560740,2024-03-16
2,13:15,Substitution MAR: in Javon Cooley,48 - 40,5252300,560895,560740,2024-03-16
2,13:15,Substitution MAR: out Josh Pascarelli,48 - 40,5252300,560895,560740,2024-03-16
2,13:15,Substitution MAR: out Jaden Daughtry,48 - 40,5252300,560895,560740,2024-03-16
2,13:15,Substitution FFD: in Brycen Goodine,48 - 40,5252300,560895,560740,2024-03-16
2,13:15,Substitution FFD: out Jasper Floyd,48 - 40,5252300,560895,560740,2024-03-16
2,13:15,Free throw 1 of 2 made by Alexis Yetna(FFD),48 - 40,5252300,560895,560740,2024-03-16
2,13:15,Foul personal (shooting;2 free throws) (in the paint) Jaden Daughtry(MAR),48 - 39,5252300,560895,560740,2024-03-16
2,13:28,2pt layup (2nd chance) (under the basket) made by Jadin Collins(MAR),48 - 39,5252300,560895,560740,2024-03-16
2,13:50,"3pt jump shot (outside right) missed by Josh Pascarelli(MAR), rebound offensive Isaiah Brickner(MAR)",46 - 39,5252300,560895,560740,2024-03-16
2,14:10,"3pt jump shot (outside left) missed by Alexis Yetna(FFD), rebound defensive Isaiah Brickner(MAR)",46 - 39,5252300,560895,560740,2024-03-16
2,14:29,Free throw 2 of 2 (2nd chance) made by Jadin Collins(MAR),46 - 39,5252300,560895,560740,2024-03-16
2,14:29,Free throw 1 of 2 (2nd chance) made by Jadin Collins(MAR),45 - 39,5252300,560895,560740,2024-03-16
2,14:29,Timeout commercial,44 - 39,5252300,560895,560740,2024-03-16
2,14:29,Foul personal (shooting;2 free throws) (in the paint) Jasper Floyd(FFD),44 - 39,5252300,560895,560740,2024-03-16
2,14:30,"2pt floating jump shot (under the basket) missed by Jadin Collins(MAR), rebound offensive Jadin Collins(MAR)",44 - 39,5252300,560895,560740,2024-03-16
2,14:46,2pt driving layup (under the basket) made by Caleb Fields(FFD),44 - 39,5252300,560895,560740,2024-03-16
2,15:08,"3pt jump shot (outside left wing) made by Josh Pascarelli(MAR), assist Isaiah Brickner(MAR)",44 - 37,5252300,560895,560740,2024-03-16
2,15:28,"2pt layup (under the basket) missed by Alexis Yetna(FFD), rebound defensive Jackson Price(MAR)",41 - 37,5252300,560895,560740,2024-03-16
2,15:53,2pt driving layup (fast break) (under the basket) made by Jaden Daughtry(MAR),41 - 37,5252300,560895,560740,2024-03-16
2,16:02,"3pt jump shot (outside right) missed by Caleb Fields(FFD), rebound defensive Isaiah Brickner(MAR)",39 - 37,5252300,560895,560740,2024-03-16
2,16:11,"3pt pull up jump shot (outside center) missed by Josh Pascarelli(MAR), rebound defensive Jasper Floyd(FFD)",39 - 37,5252300,560895,560740,2024-03-16
2,16:20,Substitution MAR: in Isaiah Brickner,39 - 37,5252300,560895,560740,2024-03-16
2,16:20,Substitution MAR: in Jackson Price,39 - 37,5252300,560895,560740,2024-03-16
2,16:20,Substitution MAR: out Javon Cooley,39 - 37,5252300,560895,560740,2024-03-16
2,16:20,Substitution MAR: out Max Allen II,39 - 37,5252300,560895,560740,2024-03-16
2,16:22,"3pt jump shot (outside center) missed by Jasper Floyd(FFD), rebound defensive (team) MAR",39 - 37,5252300,560895,560740,2024-03-16
2,16:29,"2pt layup (under the basket) missed by Max Allen II(MAR), rebound defensive Alexis Yetna(FFD)",39 - 37,5252300,560895,560740,2024-03-16
2,16:55,"3pt pull up jump shot (outside center) missed by Jalen Leach(FFD), rebound defensive Jadin Collins(MAR)",39 - 37,5252300,560895,560740,2024-03-16
2,17:09,"3pt jump shot (outside right) made by Josh Pascarelli(MAR), assist Jadin Collins(MAR)",39 - 37,5252300,560895,560740,2024-03-16
2,17:27,"3pt jump shot (fast break) (outside right) made by Jasper Floyd(FFD), assist Caleb Fields(FFD)",36 - 37,5252300,560895,560740,2024-03-16
2,17:35,"2pt floating jump shot (inside right) missed by Jadin Collins(MAR), rebound defensive Alexis Yetna(FFD)",36 - 34,5252300,560895,560740,2024-03-16
2,17:42,"2pt floating jump shot (in the paint) missed by Jalen Leach(FFD), rebound defensive Max Allen II(MAR)",36 - 34,5252300,560895,560740,2024-03-16
2,17:53,"3pt jump shot (outside center) missed by Josh Pascarelli(MAR), rebound defensive Jasper Floyd(FFD)",36 - 34,5252300,560895,560740,2024-03-16
2,18:24,2pt step back jump shot (inside center) made by Caleb Fields(FFD),36 - 34,5252300,560895,560740,2024-03-16
2,18:40,"2pt hook shot (in the paint) made by Max Allen II(MAR), assist Josh Pascarelli(MAR)",36 - 32,5252300,560895,560740,2024-03-16
2,19:02,"Free throw 2 of 2 missed by Jalen Leach(FFD), rebound defensive Jaden Daughtry(MAR)",34 - 32,5252300,560895,560740,2024-03-16
2,19:02,Free throw 1 of 2 made by Jalen Leach(FFD),34 - 32,5252300,560895,560740,2024-03-16
2,19:02,Foul personal (shooting;2 free throws) (in the paint) Jaden Daughtry(MAR),34 - 31,5252300,560895,560740,2024-03-16
2,19:24,"2pt driving layup (under the basket) made by Jadin Collins(MAR), assist Max Allen II(MAR)",34 - 31,5252300,560895,560740,2024-03-16
2,19:35,Free throw 2 of 2 made by Caleb Fields(FFD),32 - 31,5252300,560895,560740,2024-03-16
2,19:35,"Free throw 1 of 2 missed by Caleb Fields(FFD), rebound offensive dead ball FFD",32 - 30,5252300,560895,560740,2024-03-16
2,19:35,Foul personal (shooting;2 free throws) (under the basket) Jadin Collins(MAR),32 - 30,5252300,560895,560740,2024-03-16
2,19:43,"2pt driving layup (blocked) (under the basket) missed by Jaden Daughtry(MAR), block Louis Bleechmore(FFD), rebound defensive Jalen Leach(FFD)",32 - 30,5252300,560895,560740,2024-03-16
2,20:00,Period start,32 - 30,5252300,560895,560740,2024-03-16
2,20:00,Substitution MAR: in Josh Pascarelli,32 - 30,5252300,560895,560740,2024-03-16
2,20:00,Substitution MAR: out Kam Farris,32 - 30,5252300,560895,560740,2024-03-16
1,00:00.00,Period end (confirmed),32 - 30,5252300,560895,560740,2024-03-16
1,00:03.50,"3pt jump shot (outside left) missed by Caleb Fields(FFD), rebound defensive Jaden Daughtry(MAR)",32 - 30,5252300,560895,560740,2024-03-16
1,00:14.00,"2pt hook shot (in the paint) missed by Max Allen II(MAR), rebound defensive Jasper Floyd(FFD)",32 - 30,5252300,560895,560740,2024-03-16
1,00:38.20,"2pt driving layup (off turnover;fast break) (under the basket) made by Louis Bleechmore(FFD), assist Alexis Yetna(FFD)",32 - 30,5252300,560895,560740,2024-03-16
1,00:41.60,"Turnover bad pass (back court) Jadin Collins(MAR), steal Alexis Yetna(FFD)",32 - 28,5252300,560895,560740,2024-03-16
1,00:49.50,Timeout short MAR,32 - 28,5252300,560895,560740,2024-03-16
1,01:11,"3pt jump shot (outside right) made by Caleb Fields(FFD), assist Jalen Leach(FFD)",32 - 28,5252300,560895,560740,2024-03-16
1,01:21,"2pt driving layup (under the basket) missed by Kam Farris(MAR), rebound defensive Jasper Floyd(FFD)",32 - 25,5252300,560895,560740,2024-03-16
1,01:35,Free throw 2 of 2 made by Caleb Fields(FFD),32 - 25,5252300,560895,560740,2024-03-16
1,01:35,Free throw 1 of 2 made by Caleb Fields(FFD),32 - 24,5252300,560895,560740,2024-03-16
1,01:35,"Foul personal (shooting;2 free throws) (under the basket) Max Allen II(MAR), foul on Caleb Fields(FFD)",32 - 23,5252300,560895,560740,2024-03-16
1,01:51,"2pt layup (off turnover) (under the basket) made by Max Allen II(MAR), assist Jaden Daughtry(MAR)",32 - 23,5252300,560895,560740,2024-03-16
1,02:07,Substitution FFD: in Louis Bleechmore,30 - 23,5252300,560895,560740,2024-03-16
1,02:07,Substitution FFD: out Brycen Goodine,30 - 23,5252300,560895,560740,2024-03-16
1,02:07,"Foul offensive (back court) Brycen Goodine(FFD), turnover offensive Brycen Goodine(FFD), foul on Javon Cooley(MAR)",30 - 23,5252300,560895,560740,2024-03-16
1,02:18,"2pt floating jump shot (2nd chance;blocked) (under the basket) missed by Caleb Fields(FFD), block Jaden Daughtry(MAR), rebound offensive (team) FFD",30 - 23,5252300,560895,560740,2024-03-16
1,02:23,"3pt jump shot (2nd chance) (outside left) missed by Caleb Fields(FFD), rebound offensive Jalen Leach(FFD)",30 - 23,5252300,560895,560740,2024-03-16
1,02:35,"2pt floating jump shot (inside left) missed by Jasper Floyd(FFD), rebound offensive Jasper Floyd(FFD)",30 - 23,5252300,560895,560740,2024-03-16
1,02:52,Substitution MAR: in Jaden Daughtry,30 - 23,5252300,560895,560740,2024-03-16
1,02:52,Substitution MAR: out Josh Pascarelli,30 - 23,5252300,560895,560740,2024-03-16
1,02:52,"Foul personal (inside left) Jadin Collins(MAR), foul on Caleb Fields(FFD)",30 - 23,5252300,560895,560740,2024-03-16
1,03:01,"2pt layup (off turnover;blocked) (under the basket) missed by Javon Cooley(MAR), block Jalen Leach(FFD), rebound defensive Brycen Goodine(FFD)",30 - 23,5252300,560895,560740,2024-03-16
1,03:13,"Foul offensive (back court) Jalen Leach(FFD), turnover offensive Jalen Leach(FFD), foul on Max Allen II(MAR)",30 - 23,5252300,560895,560740,2024-03-16
1,03:34,Substitution MAR: in Javon Cooley,30 - 23,5252300,560895,560740,2024-03-16
1,03:34,Substitution MAR: out Trace Salton,30 - 23,5252300,560895,560740,2024-03-16
1,03:34,Timeout commercial,30 - 23,5252300,560895,560740,2024-03-16
1,03:35,"3pt jump shot (outside center) missed by Max Allen II(MAR), rebound defensive (team) FFD",30 - 23,5252300,560895,560740,2024-03-16
1,04:04,2pt layup (2nd chance) (under the basket) made by Alexis Yetna(FFD),30 - 23,5252300,560895,560740,2024-03-16
1,04:07,"2pt driving layup (under the basket) missed by Jasper Floyd(FFD), rebound offensive Alexis Yetna(FFD)",30 - 21,5252300,560895,560740,2024-03-16
1,04:19,"3pt jump shot (blocked) (outside right) missed by Kam Farris(MAR), block Alexis Yetna(FFD), rebound defensive (team) FFD",30 - 21,5252300,560895,560740,2024-03-16
1,04:28,"Foul personal (under the basket) Jasper Floyd(FFD), foul on Max Allen II(MAR)",30 - 21,5252300,560895,560740,2024-03-16
1,04:49,"2pt driving layup (under the basket) made by Jasper Floyd(FFD), assist Caleb Fields(FFD)",30 - 21,5252300,560895,560740,2024-03-16
1,05:01,Substitution FFD: in Jalen Leach,30 - 19,5252300,560895,560740,2024-03-16
1,05:01,Substitution FFD: out Louis Bleechmore,30 - 19,5252300,560895,560740,2024-03-16
1,05:01,Timeout short FFD,30 - 19,5252300,560895,560740,2024-03-16
1,05:06,"3pt jump shot (outside right) made by Kam Farris(MAR), assist Jadin Collins(MAR)",30 - 19,5252300,560895,560740,2024-03-16
1,05:26,"3pt jump shot (outside left) missed by Brycen Goodine(FFD), rebound defensive Trace Salton(MAR)",27 - 19,5252300,560895,560740,2024-03-16
1,05:39,"2pt layup (under the basket) made by Max Allen II(MAR), assist Jadin Collins(MAR)",27 - 19,5252300,560895,560740,2024-03-16
1,05:53,"3pt jump shot (off turnover) (outside center) missed by Alexis Yetna(FFD), rebound defensive Kam Farris(MAR)",25 - 19,5252300,560895,560740,2024-03-16
1,06:05,Substitution MAR: in Kam Farris,25 - 19,5252300,560895,560740,2024-03-16
1,06:05,Substitution MAR: out Isaiah Brickner,25 - 19,5252300,560895,560740,2024-03-16
1,06:05,"Foul personal (inside center) Isaiah Brickner(MAR), foul on Jasper Floyd(FFD)",25 - 19,5252300,560895,560740,2024-03-16
1,06:12,"Turnover lost ball (inside right) Max Allen II(MAR), steal Brycen Goodine(FFD)",25 - 19,5252300,560895,560740,2024-03-16
1,06:31,"3pt jump shot (outside right) missed by Josh Pascarelli(MAR), rebound offensive Max Allen II(MAR)",25 - 19,5252300,560895,560740,2024-03-16
1,06:48,"3pt jump shot (outside center) missed by Caleb Fields(FFD), rebound defensive (team) MAR",25 - 19,5252300,560895,560740,2024-03-16
1,06:48,3pt (outside center) made by FFD,25 - 22,5252300,560895,560740,2024-03-16
1,07:00,Substitution MAR: in Josh Pascarelli,25 - 19,5252300,560895,560740,2024-03-16
1,07:00,Substitution MAR: in Trace Salton,25 - 19,5252300,560895,560740,2024-03-16
1,07:00,Substitution MAR: in Isaiah Brickner,25 - 19,5252300,560895,560740,2024-03-16
1,07:00,Substitution MAR: out Kam Farris,25 - 19,5252300,560895,560740,2024-03-16
1,07:00,Substitution MAR: out Javon Cooley,25 - 19,5252300,560895,560740,2024-03-16
1,07:00,Substitution MAR: out Jaden Daughtry,25 - 19,5252300,560895,560740,2024-03-16
1,07:00,Substitution FFD: in Louis Bleechmore,25 - 19,5252300,560895,560740,2024-03-16
1,07:00,Substitution FFD: in Alexis Yetna,25 - 19,5252300,560895,560740,2024-03-16
1,07:00,Substitution FFD: out Peyton Smith,25 - 19,5252300,560895,560740,2024-03-16
1,07:00,Substitution FFD: out James Johns Jr.,25 - 19,5252300,560895,560740,2024-03-16
1,07:00,Timeout full FFD,25 - 19,5252300,560895,560740,2024-03-16
1,07:00,2pt driving layup (under the basket) made by Jadin Collins(MAR),25 - 19,5252300,560895,560740,2024-03-16
1,07:10,"2pt turnaround jump shot (2nd chance) (inside left) missed by Peyton Smith(FFD), rebound defensive Jadin Collins(MAR)",23 - 19,5252300,560895,560740,2024-03-16
1,07:21,"2pt floating jump shot (blocked) (in the paint) missed by James Johns Jr.(FFD), block Javon Cooley(MAR), rebound offensive Brycen Goodine(FFD)",23 - 19,5252300,560895,560740,2024-03-16
1,07:39,"2pt floating jump shot (inside center) missed by Jaden Daughtry(MAR), rebound defensive Brycen Goodine(FFD)",23 - 19,5252300,560895,560740,2024-03-16
1,07:50,"Foul personal (inside left) James Johns Jr.(FFD), foul on Kam Farris(MAR)",23 - 19,5252300,560895,560740,2024-03-16
1,08:11,"2pt driving layup (2nd chance) (under the basket) missed by Brycen Goodine(FFD), rebound defensive Javon Cooley(MAR)",23 - 19,5252300,560895,560740,2024-03-16
1,08:27,Substitution MAR: in Max Allen II,23 - 19,5252300,560895,560740,2024-03-16
1,08:27,Substitution MAR: in Jadin Collins,23 - 19,5252300,560895,560740,2024-03-16
1,08:27,Substitution MAR: out Isaiah Brickner,23 - 19,5252300,560895,560740,2024-03-16
1,08:27,Substitution MAR: out Jackson Price,23 - 19,5252300,560895,560740,2024-03-16
1,08:27,Substitution FFD: in Jasper Floyd,23 - 19,5252300,560895,560740,2024-03-16
1,08:27,Substitution FFD: out Jalen Leach,23 - 19,5252300,560895,560740,2024-03-16
1,08:27,"Foul personal (loose ball) (in the paint) Jackson Price(MAR), foul on Peyton Smith(FFD)",23 - 19,5252300,560895,560740,2024-03-16
1,08:28,"2pt turnaround jump shot (inside left) missed by Caleb Fields(FFD), rebound offensive (team) FFD",23 - 19,5252300,560895,560740,2024-03-16
1,08:43,"3pt pull up jump shot (outside center) made by Javon Cooley(MAR), assist Jackson Price(MAR)",23 - 19,5252300,560895,560740,2024-03-16
1,09:01,"Free throw 2 of 2 missed by James Johns Jr.(FFD), rebound defensive Javon Cooley(MAR)",20 - 19,5252300,560895,560740,2024-03-16
1,09:01,Free throw 1 of 2 made by James Johns Jr.(FFD),20 - 19,5252300,560895,560740,2024-03-16
1,09:01,Foul personal (shooting;2 free throws) (in the paint) Jackson Price(MAR),20 - 18,5252300,560895,560740,2024-03-16
1,09:22,Free throw 2 of 2 made by Isaiah Brickner(MAR),20 - 18,5252300,560895,560740,2024-03-16
1,09:22,Free throw 1 of 2 made by Isaiah Brickner(MAR),19 - 18,5252300,560895,560740,2024-03-16
1,09:22,Foul personal (shooting;2 free throws) (in the paint) Caleb Fields(FFD),18 - 18,5252300,560895,560740,2024-03-16
1,09:22,Timeout commercial,18 - 18,5252300,560895,560740,2024-03-16
1,09:25,"2pt driving layup (blocked) (under the basket) missed by Brycen Goodine(FFD), block Kam Farris(MAR), rebound defensive Isaiah Brickner(MAR)",18 - 18,5252300,560895,560740,2024-03-16
1,09:31,"2pt layup (2nd chance;blocked) (under the basket) missed by Jackson Price(MAR), block James Johns Jr.(FFD), rebound defensive Brycen Goodine(FFD)",18 - 18,5252300,560895,560740,2024-03-16
1,09:47,Substitution MAR: in Jaden Daughtry,18 - 18,5252300,560895,560740,2024-03-16
1,09:47,Substitution MAR: in Jackson Price,18 - 18,5252300,560895,560740,2024-03-16
1,09:47,Substitution MAR: out Josh Pascarelli,18 - 18,5252300,560895,560740,2024-03-16
1,09:47,Substitution MAR: out Max Allen II,18 - 18,5252300,560895,560740,2024-03-16
1,09:47,Substitution FFD: in James Johns Jr.,18 - 18,5252300,560895,560740,2024-03-16
1,09:47,Substitution FFD: out Louis Bleechmore,18 - 18,5252300,560895,560740,2024-03-16
1,09:47,"Foul personal (loose ball) (in the paint) Brycen Goodine(FFD), foul on Max Allen II(MAR)",18 - 18,5252300,560895,560740,2024-03-16
1,09:47,"2pt layup (2nd chance) (under the basket) missed by Max Allen II(MAR), rebound offensive (team) MAR",18 - 18,5252300,560895,560740,2024-03-16
1,09:49,"2pt driving layup (under the basket) missed by Isaiah Brickner(MAR), rebound offensive Max Allen II(MAR)",18 - 18,5252300,560895,560740,2024-03-16
1,09:59,"3pt pull up jump shot (outside left) missed by Jalen Leach(FFD), rebound defensive Javon Cooley(MAR)",18 - 18,5252300,560895,560740,2024-03-16
1,10:05,"2pt driving layup (under the basket) missed by Josh Pascarelli(MAR), rebound defensive Brycen Goodine(FFD)",18 - 18,5252300,560895,560740,2024-03-16
1,10:24,"3pt jump shot (outside center) missed by Peyton Smith(FFD), rebound defensive Javon Cooley(MAR)",18 - 18,5252300,560895,560740,2024-03-16
1,10:40,"3pt jump shot (outside right) made by Javon Cooley(MAR), assist Kam Farris(MAR)",18 - 18,5252300,560895,560740,2024-03-16
1,10:59,3pt step back jump shot (outside center) made by Caleb Fields(FFD),15 - 18,5252300,560895,560740,2024-03-16
1,10:59,3pt (outside center) missed by FFD,15 - 15,5252300,560895,560740,2024-03-16
1,11:17,"3pt jump shot (outside right) made by Javon Cooley(MAR), assist Isaiah Brickner(MAR)",15 - 15,5252300,560895,560740,2024-03-16
1,11:30,2pt driving layup (off turnover;fast break) (under the basket) made by Peyton Smith(FFD),12 - 15,5252300,560895,560740,2024-03-16
1,11:35,"Turnover bad pass (inside right) Max Allen II(MAR), steal Caleb Fields(FFD)",12 - 13,5252300,560895,560740,2024-03-16
1,11:53,Free throw 2 of 2 made by Peyton Smith(FFD),12 - 13,5252300,560895,560740,2024-03-16
1,11:53,Free throw 1 of 2 made by Peyton Smith(FFD),12 - 12,5252300,560895,560740,2024-03-16
1,11:53,Timeout commercial,12 - 11,5252300,560895,560740,2024-03-16
1,11:53,Foul personal (shooting;2 free throws) (inside left) Isaiah Brickner(MAR),12 - 11,5252300,560895,560740,2024-03-16
1,12:08,Substitution MAR: in Josh Pascarelli,12 - 11,5252300,560895,560740,2024-03-16
1,12:08,Substitution MAR: in Max Allen II,12 - 11,5252300,560895,560740,2024-03-16
1,12:08,Substitution MAR: out Jackson Price,12 - 11,5252300,560895,560740,2024-03-16
1,12:08,Substitution MAR: out Jadin Collins,12 - 11,5252300,560895,560740,2024-03-16
1,12:08,Substitution FFD: in Peyton Smith,12 - 11,5252300,560895,560740,2024-03-16
1,12:08,Substitution FFD: out Alexis Yetna,12 - 11,5252300,560895,560740,2024-03-16
1,12:08,Jump ball held ball FFD,12 - 11,5252300,560895,560740,2024-03-16
1,12:13,"2pt floating jump shot (inside right) missed by Jadin Collins(MAR), rebound defensive Alexis Yetna(FFD)",12 - 11,5252300,560895,560740,2024-03-16
1,12:48,2pt driving layup (under the basket) made by Caleb Fields(FFD),12 - 11,5252300,560895,560740,2024-03-16
1,13:13,"2pt turnaround jump shot (off turnover) (in the paint) missed by Isaiah Brickner(MAR), rebound defensive Louis Bleechmore(FFD)",12 - 9,5252300,560895,560740,2024-03-16
1,13:30,"Turnover bad pass (inside left) Caleb Fields(FFD), steal Jadin Collins(MAR)",12 - 9,5252300,560895,560740,2024-03-16
1,13:36,"Turnover lost ball (under the basket) Jackson Price(MAR), steal Jalen Leach(FFD)",12 - 9,5252300,560895,560740,2024-03-16
1,13:56,2pt driving layup (off turnover) (under the basket) made by Brycen Goodine(FFD),12 - 9,5252300,560895,560740,2024-03-16
1,14:12,Substitution MAR: in Javon Cooley,12 - 7,5252300,560895,560740,2024-03-16
1,14:12,Substitution MAR: out Jaden Daughtry,12 - 7,5252300,560895,560740,2024-03-16
1,14:12,Substitution FFD: in Brycen Goodine,12 - 7,5252300,560895,560740,2024-03-16
1,14:12,Substitution FFD: out Jasper Floyd,12 - 7,5252300,560895,560740,2024-03-16
1,14:12,Turnover shot clock (team) (outside left) MAR,12 - 7,5252300,560895,560740,2024-03-16
1,14:14,"3pt jump shot (outside left) missed by Isaiah Brickner(MAR), rebound offensive dead ball MAR",12 - 7,5252300,560895,560740,2024-03-16
1,14:47,"3pt jump shot (outside left) made by Jasper Floyd(FFD), assist Caleb Fields(FFD)",12 - 7,5252300,560895,560740,2024-03-16
1,15:05,3pt jump shot (outside center) made by Kam Farris(MAR),12 - 4,5252300,560895,560740,2024-03-16
1,15:34,"3pt jump shot (outside left) missed by Jalen Leach(FFD), rebound defensive Jadin Collins(MAR)",9 - 4,5252300,560895,560740,2024-03-16
1,15:38,Substitution MAR: in Kam Farris,9 - 4,5252300,560895,560740,2024-03-16
1,15:38,Substitution MAR: in Isaiah Brickner,9 - 4,5252300,560895,560740,2024-03-16
1,15:38,Substitution MAR: in Jackson Price,9 - 4,5252300,560895,560740,2024-03-16
1,15:38,Substitution MAR: out Javon Cooley,9 - 4,5252300,560895,560740,2024-03-16
1,15:38,Substitution MAR: out Josh Pascarelli,9 - 4,5252300,560895,560740,2024-03-16
1,15:38,Substitution MAR: out Max Allen II,9 - 4,5252300,560895,560740,2024-03-16
1,15:38,Timeout commercial,9 - 4,5252300,560895,560740,2024-03-16
1,15:51,2pt driving layup (under the basket) made by Max Allen II(MAR),9 - 4,5252300,560895,560740,2024-03-16
1,16:14,2pt driving layup (off turnover;fast break) (under the basket) made by Louis Bleechmore(FFD),7 - 4,5252300,560895,560740,2024-03-16
1,16:18,"Turnover bad pass (outside right) Josh Pascarelli(MAR), steal Louis Bleechmore(FFD)",7 - 2,5252300,560895,560740,2024-03-16
1,16:40,2pt layup (2nd chance) (under the basket) made by Alexis Yetna(FFD),7 - 2,5252300,560895,560740,2024-03-16
1,16:46,"2pt driving layup (blocked) (under the basket) missed by Jasper Floyd(FFD), block Javon Cooley(MAR), rebound offensive Alexis Yetna(FFD)",7 - 0,5252300,560895,560740,2024-03-16
1,17:02,"2pt layup (under the basket) made by Josh Pascarelli(MAR), assist Jaden Daughtry(MAR)",7 - 0,5252300,560895,560740,2024-03-16
1,17:18,"2pt driving layup (under the basket) missed by Jasper Floyd(FFD), rebound defensive dead ball MAR",5 - 0,5252300,560895,560740,2024-03-16
1,17:37,"3pt jump shot (outside right wing) made by Javon Cooley(MAR), assist Jadin Collins(MAR)",5 - 0,5252300,560895,560740,2024-03-16
1,17:49,"3pt jump shot (off turnover) (outside right) missed by Alexis Yetna(FFD), rebound defensive Jaden Daughtry(MAR)",2 - 0,5252300,560895,560740,2024-03-16
1,17:54,"Foul personal (in the paint) Josh Pascarelli(MAR), foul on Louis Bleechmore(FFD)",2 - 0,5252300,560895,560740,2024-03-16
1,18:04,"Turnover lost ball (inside right) Max Allen II(MAR), steal Jalen Leach(FFD)",2 - 0,5252300,560895,560740,2024-03-16
1,18:20,"Turnover lost ball Jalen Leach(FFD), steal Jaden Daughtry(MAR)",2 - 0,5252300,560895,560740,2024-03-16
1,18:20,Jump ball held ball MAR,2 - 0,5252300,560895,560740,2024-03-16
1,18:34,"2pt layup (under the basket) made by Max Allen II(MAR), assist Josh Pascarelli(MAR)",2 - 0,5252300,560895,560740,2024-03-16
1,18:46,"3pt pull up jump shot (off turnover) (outside left) missed by Jalen Leach(FFD), rebound defensive Josh Pascarelli(MAR)",0 - 0,5252300,560895,560740,2024-03-16
1,19:10,Turnover out of bounds (inside left) Max Allen II(MAR),0 - 0,5252300,560895,560740,2024-03-16
1,19:43,"3pt jump shot (outside left) missed by Caleb Fields(FFD), rebound defensive Jaden Daughtry(MAR)",0 - 0,5252300,560895,560740,2024-03-16
1,20:00,"Jump ball start period, won Louis Bleechmore(FFD), lost Max Allen II(MAR)",0 - 0,5252300,560895,560740,2024-03-16
1,20:00,Period start,0 - 0,5252300,560895,560740,2024-03-16
1,20:00,Game start,0 - 0,5252300,560895,560740,2024-03-16
2,13:37,"Foul personal (in the paint) Shane Dezonie(Temple), foul on Dishon Jackson(CLT)",27 - 27,5252671,560798,561158,2024-03-16
2,14:03,2pt jump shot (inside left) made by Steve Settle(Temple),27 - 27,5252671,560798,561158,2024-03-16
2,14:29,Free throw 2 of 2 made by Dishon Jackson(CLT),25 - 27,5252671,560798,561158,2024-03-16
2,14:29,Free throw 1 of 2 made by Dishon Jackson(CLT),25 - 26,5252671,560798,561158,2024-03-16
2,14:29,Foul personal (shooting;2 free throws) (in the paint) Jordan Riley(Temple),25 - 25,5252671,560798,561158,2024-03-16
2,14:44,Free throw 2 of 2 made by Jordan Riley(Temple),25 - 25,5252671,560798,561158,2024-03-16
2,14:44,"Free throw 1 of 2 missed by Jordan Riley(Temple), rebound offensive dead ball Temple",24 - 25,5252671,560798,561158,2024-03-16
2,14:44,Substitution Temple: in Shane Dezonie,24 - 25,5252671,560798,561158,2024-03-16
2,14:44,Substitution Temple: out Matteo Picarelli,24 - 25,5252671,560798,561158,2024-03-16
2,14:44,Substitution CLT: in Jackson Threadgill,24 - 25,5252671,560798,561158,2024-03-16
2,14:44,Substitution CLT: out Isaiah Folkes,24 - 25,5252671,560798,561158,2024-03-16
2,14:44,Timeout commercial,24 - 25,5252671,560798,561158,2024-03-16
2,14:44,Foul personal (shooting;2 free throws) (in the paint) Lu'cye Patterson(CLT),24 - 25,5252671,560798,561158,2024-03-16
2,14:44,Foul personal (shooting) (in the paint) Lu'cye Patterson(CLT),24 - 25,5252671,560798,561158,2024-03-16
2,14:50,"3pt jump shot (outside center) missed by Lu'cye Patterson(CLT), rebound defensive Jordan Riley(Temple)",24 - 25,5252671,560798,561158,2024-03-16
2,15:24,"2pt alley oop (fast break) (under the basket) made by Jordan Riley(Temple), assist Hysier Miller(Temple)",24 - 25,5252671,560798,561158,2024-03-16
2,15:30,"2pt jump shot (inside center) missed by Dishon Jackson(CLT), rebound defensive Hysier Miller(Temple)",22 - 25,5252671,560798,561158,2024-03-16
2,15:55,"3pt jump shot (outside right) missed by Sam Hofman(Temple), rebound defensive Igor Milicic Jr.(CLT)",22 - 25,5252671,560798,561158,2024-03-16
2,16:03,"2pt jump shot (inside left) missed by Nik Graves(CLT), rebound defensive Steve Settle(Temple)",22 - 25,5252671,560798,561158,2024-03-16
2,16:36,2pt driving layup (under the basket) made by Jordan Riley(Temple),22 - 25,5252671,560798,561158,2024-03-16
2,17:00,"3pt jump shot (2nd chance) (outside center) made by Lu'cye Patterson(CLT), assist Dishon Jackson(CLT)",20 - 25,5252671,560798,561158,2024-03-16
2,17:14,"2pt layup (blocked) (under the basket) missed by Lu'cye Patterson(CLT), block Jordan Riley(Temple), rebound offensive (team) CLT",20 - 22,5252671,560798,561158,2024-03-16
2,17:29,"3pt step back jump shot (outside center) missed by Hysier Miller(Temple), rebound defensive Igor Milicic Jr.(CLT)",20 - 22,5252671,560798,561158,2024-03-16
2,17:52,"3pt jump shot (outside right) missed by Isaiah Folkes(CLT), rebound defensive Jordan Riley(Temple)",20 - 22,5252671,560798,561158,2024-03-16
2,18:24,"3pt jump shot (outside center) missed by Jordan Riley(Temple), rebound defensive Igor Milicic Jr.(CLT)",20 - 22,5252671,560798,561158,2024-03-16
2,18:54,"2pt turnaround jump shot (in the paint) missed by Isaiah Folkes(CLT), rebound defensive Jordan Riley(Temple)",20 - 22,5252671,560798,561158,2024-03-16
2,19:26,2pt floating jump shot (inside left) made by Jordan Riley(Temple),20 - 22,5252671,560798,561158,2024-03-16
2,19:42,3pt jump shot (outside left) missed by Nik Graves(CLT),18 - 22,5252671,560798,561158,2024-03-16
2,20:00,Period start,18 - 22,5252671,560798,561158,2024-03-16
2,20:00,Substitution Temple: in Matteo Picarelli,18 - 22,5252671,560798,561158,2024-03-16
2,20:00,Substitution Temple: in Hysier Miller,18 - 22,5252671,560798,561158,2024-03-16
2,20:00,Substitution Temple: out Zion Stanford,18 - 22,5252671,560798,561158,2024-03-16
2,20:00,Substitution Temple: out Quante Berry,18 - 22,5252671,560798,561158,2024-03-16
2,20:00,Substitution CLT: in Nik Graves,18 - 22,5252671,560798,561158,2024-03-16
2,20:00,Substitution CLT: in Isaiah Folkes,18 - 22,5252671,560798,561158,2024-03-16
2,20:00,Substitution CLT: out Robert Braswell,18 - 22,5252671,560798,561158,2024-03-16
2,20:00,Substitution CLT: out Jackson Threadgill,18 - 22,5252671,560798,561158,2024-03-16
1,06:18,"2pt layup (blocked) (in the paint) missed by Jordan Riley(Temple), block Lu'cye Patterson(CLT)",18 - 22,5252671,560798,561158,2024-03-16
1,00:00.00,Period end (confirmed),18 - 22,5252671,560798,561158,2024-03-16
1,00:04.90,"3pt jump shot (outside left) missed by Sam Hofman(Temple), rebound defensive (team) CLT",18 - 22,5252671,560798,561158,2024-03-16
1,00:14.70,"3pt jump shot (outside right wing) missed by Robert Braswell(CLT), rebound defensive Sam Hofman(Temple)",18 - 22,5252671,560798,561158,2024-03-16
1,00:42.10,"Free throw 2 of 2 missed by Zion Stanford(Temple), rebound defensive Igor Milicic Jr.(CLT)",18 - 22,5252671,560798,561158,2024-03-16
1,00:42.10,Substitution CLT: in Robert Braswell,18 - 22,5252671,560798,561158,2024-03-16
1,00:42.10,Substitution CLT: out Isaiah Folkes,18 - 22,5252671,560798,561158,2024-03-16
1,00:42.10,Free throw 1 of 2 made by Zion Stanford(Temple),18 - 22,5252671,560798,561158,2024-03-16
1,00:42.10,Foul personal (shooting;2 free throws) (under the basket) Isaiah Folkes(CLT),17 - 22,5252671,560798,561158,2024-03-16
1,00:55.40,"2pt layup (2nd chance) (under the basket) missed by Isaiah Folkes(CLT), rebound defensive Jordan Riley(Temple)",17 - 22,5252671,560798,561158,2024-03-16
1,00:58.00,"2pt layup (2nd chance) (under the basket) missed by Isaiah Folkes(CLT), rebound offensive Isaiah Folkes(CLT)",17 - 22,5252671,560798,561158,2024-03-16
1,01:08,"3pt jump shot (outside left) missed by Igor Milicic Jr.(CLT), rebound offensive Jackson Threadgill(CLT)",17 - 22,5252671,560798,561158,2024-03-16
1,01:21,Free throw 2 of 2 (2nd chance) made by Quante Berry(Temple),17 - 22,5252671,560798,561158,2024-03-16
1,01:21,"Free throw 1 of 2 (2nd chance) missed by Quante Berry(Temple), rebound offensive dead ball Temple",16 - 22,5252671,560798,561158,2024-03-16
1,01:21,Foul personal (shooting;2 free throws) (in the paint) Isaiah Folkes(CLT),16 - 22,5252671,560798,561158,2024-03-16
1,01:31,Substitution Temple: in Sam Hofman,16 - 22,5252671,560798,561158,2024-03-16
1,01:31,Substitution Temple: out Jahlil White,16 - 22,5252671,560798,561158,2024-03-16
1,01:34,"2pt floating jump shot (blocked) (inside right) missed by Jahlil White(Temple), block Igor Milicic Jr.(CLT), rebound offensive (team) Temple",16 - 22,5252671,560798,561158,2024-03-16
1,01:52,"2pt dunk (fast break) (under the basket) made by Jackson Threadgill(CLT), assist Igor Milicic Jr.(CLT)",16 - 22,5252671,560798,561158,2024-03-16
1,01:59,"Free throw 2 of 2 (fast break;off turnover) missed by Jahlil White(Temple), rebound defensive Dishon Jackson(CLT)",16 - 20,5252671,560798,561158,2024-03-16
1,01:59,Substitution Temple: in Jordan Riley,16 - 20,5252671,560798,561158,2024-03-16
1,01:59,Substitution Temple: out Shane Dezonie,16 - 20,5252671,560798,561158,2024-03-16
1,01:59,Free throw 1 of 2 (fast break;off turnover) made by Jahlil White(Temple),16 - 20,5252671,560798,561158,2024-03-16
1,01:59,Foul personal (shooting;2 free throws) (under the basket) Jackson Threadgill(CLT),15 - 20,5252671,560798,561158,2024-03-16
1,02:07,"Turnover bad pass (inside left) Igor Milicic Jr.(CLT), steal Steve Settle(Temple)",15 - 20,5252671,560798,561158,2024-03-16
1,02:17,"Turnover lost ball (outside center) Shane Dezonie(Temple), steal Igor Milicic Jr.(CLT)",15 - 20,5252671,560798,561158,2024-03-16
1,02:32,Substitution Temple: in Quante Berry,18 - 22,5252671,560798,561158,2024-03-16
1,02:32,Substitution Temple: out Hysier Miller,18 - 22,5252671,560798,561158,2024-03-16
1,02:32,Free throw 1 of 1 (2nd chance) made by Dishon Jackson(CLT),18 - 22,5252671,560798,561158,2024-03-16
1,02:32,"Foul personal (shooting;1 free throw) (in the paint) Hysier Miller(Temple), foul on Dishon Jackson(CLT)",18 - 22,5252671,560798,561158,2024-03-16
1,02:32,2pt hook shot (2nd chance) (in the paint) made by Dishon Jackson(CLT),18 - 22,5252671,560798,561158,2024-03-16
1,02:37,"3pt jump shot (outside right) missed by Lu'cye Patterson(CLT), rebound offensive Dishon Jackson(CLT)",15 - 17,5252671,560798,561158,2024-03-16
1,02:56,2pt driving layup (2nd chance) (under the basket) made by Zion Stanford(Temple),15 - 17,5252671,560798,561158,2024-03-16
1,03:07,"2pt turnaround jump shot (in the paint) missed by Zion Stanford(Temple), rebound offensive Steve Settle(Temple)",13 - 17,5252671,560798,561158,2024-03-16
1,03:37,Free throw 2 of 2 (fast break) made by Jackson Threadgill(CLT),13 - 17,5252671,560798,561158,2024-03-16
1,03:37,Substitution Temple: in Zion Stanford,13 - 16,5252671,560798,561158,2024-03-16
1,03:37,Substitution Temple: out Sam Hofman,13 - 16,5252671,560798,561158,2024-03-16
1,03:37,Substitution CLT: in Igor Milicic Jr.,13 - 16,5252671,560798,561158,2024-03-16
1,03:37,Substitution CLT: out Robert Braswell,13 - 16,5252671,560798,561158,2024-03-16
1,03:37,Free throw 1 of 2 (fast break) made by Jackson Threadgill(CLT),13 - 16,5252671,560798,561158,2024-03-16
1,03:37,Foul personal (shooting;2 free throws) (under the basket) Shane Dezonie(Temple),13 - 15,5252671,560798,561158,2024-03-16
1,03:43,"2pt layup (off turnover) (in the paint) missed by Hysier Miller(Temple), rebound defensive Lu'cye Patterson(CLT)",13 - 15,5252671,560798,561158,2024-03-16
1,03:57,Turnover travel (in the paint) Lu'cye Patterson(CLT),13 - 15,5252671,560798,561158,2024-03-16
1,04:10,Timeout commercial,13 - 15,5252671,560798,561158,2024-03-16
1,04:10,Timeout short Temple,13 - 15,5252671,560798,561158,2024-03-16
1,04:15,3pt jump shot (fast break) (outside left) made by Steve Settle(Temple),13 - 15,5252671,560798,561158,2024-03-16
1,04:25,"2pt turnaround jump shot (off turnover) (in the paint) missed by Isaiah Folkes(CLT), rebound defensive Sam Hofman(Temple)",10 - 15,5252671,560798,561158,2024-03-16
1,04:48,"Turnover lost ball (inside right) Steve Settle(Temple), steal Isaiah Folkes(CLT), steal Lu'cye Patterson(CLT)",10 - 15,5252671,560798,561158,2024-03-16
1,04:51,"2pt layup (2nd chance) (in the paint) missed by Steve Settle(Temple), rebound offensive Steve Settle(Temple)",10 - 15,5252671,560798,561158,2024-03-16
1,04:53,"Free throw 2 of 2 (fast break;off turnover) missed by Steve Settle(Temple), rebound offensive Steve Settle(Temple)",10 - 15,5252671,560798,561158,2024-03-16
1,04:53,Substitution Temple: in Shane Dezonie,10 - 15,5252671,560798,561158,2024-03-16
1,04:53,Substitution Temple: in Jahlil White,10 - 15,5252671,560798,561158,2024-03-16
1,04:53,Substitution Temple: out Matteo Picarelli,10 - 15,5252671,560798,561158,2024-03-16
1,04:53,Substitution Temple: out Jordan Riley,10 - 15,5252671,560798,561158,2024-03-16
1,04:53,Substitution CLT: in Isaiah Folkes,10 - 15,5252671,560798,561158,2024-03-16
1,04:53,Substitution CLT: out Igor Milicic Jr.,10 - 15,5252671,560798,561158,2024-03-16
1,04:53,Free throw 1 of 2 (fast break;off turnover) made by Steve Settle(Temple),10 - 15,5252671,560798,561158,2024-03-16
1,04:53,Foul personal (shooting;2 free throws) (in the paint) Robert Braswell(CLT),9 - 15,5252671,560798,561158,2024-03-16
1,04:57,"Turnover bad pass (inside left) Igor Milicic Jr.(CLT), steal Steve Settle(Temple)",9 - 15,5252671,560798,561158,2024-03-16
1,05:26,"2pt jump shot (inside left) missed by Steve Settle(Temple), rebound defensive Jackson Threadgill(CLT)",9 - 15,5252671,560798,561158,2024-03-16
1,05:49,2pt floating jump shot (inside left) made by Lu'cye Patterson(CLT),18 - 22,5252671,560798,561158,2024-03-16
1,06:18,"Turnover lost ball (in the paint) Jordan Riley(Temple), steal Lu'cye Patterson(CLT)",9 - 13,5252671,560798,561158,2024-03-16
1,06:34,"3pt jump shot (outside right) missed by Jackson Threadgill(CLT), rebound defensive Jordan Riley(Temple)",9 - 13,5252671,560798,561158,2024-03-16
1,07:03,"2pt dunk (under the basket) made by Steve Settle(Temple), assist Hysier Miller(Temple)",9 - 13,5252671,560798,561158,2024-03-16
1,07:20,Substitution CLT: in Jackson Threadgill,7 - 13,5252671,560798,561158,2024-03-16
1,07:20,Substitution CLT: out Nik Graves,7 - 13,5252671,560798,561158,2024-03-16
1,07:20,"Foul personal (inside center) Nik Graves(CLT), foul on Hysier Miller(Temple)",7 - 13,5252671,560798,561158,2024-03-16
1,07:29,"Free throw 2 of 2 (2nd chance;off turnover) missed by Nik Graves(CLT), rebound defensive Jordan Riley(Temple)",7 - 13,5252671,560798,561158,2024-03-16
1,07:29,Free throw 1 of 2 (2nd chance;off turnover) made by Nik Graves(CLT),7 - 13,5252671,560798,561158,2024-03-16
1,07:29,Foul personal (shooting;2 free throws) (in the paint) Sam Hofman(Temple),7 - 12,5252671,560798,561158,2024-03-16
1,07:46,Substitution Temple: in Hysier Miller,7 - 12,5252671,560798,561158,2024-03-16
1,07:46,Substitution Temple: out Quante Berry,7 - 12,5252671,560798,561158,2024-03-16
1,07:46,Timeout commercial,7 - 12,5252671,560798,561158,2024-03-16
1,07:50,2pt driving layup (off turnover;blocked;fast break) (in the paint) missed by Igor Milicic Jr.(CLT),7 - 12,5252671,560798,561158,2024-03-16
1,07:54,"Turnover bad pass (inside right) Quante Berry(Temple), steal Nik Graves(CLT)",7 - 12,5252671,560798,561158,2024-03-16
1,08:14,"3pt jump shot (outside left) missed by Robert Braswell(CLT), rebound defensive (team) Temple",7 - 12,5252671,560798,561158,2024-03-16
1,08:31,"2pt pull up jump shot (in the paint) missed by Quante Berry(Temple), rebound defensive Igor Milicic Jr.(CLT)",7 - 12,5252671,560798,561158,2024-03-16
1,09:02,2pt jump shot (inside left) made by Nik Graves(CLT),7 - 12,5252671,560798,561158,2024-03-16
1,09:11,Substitution Temple: in Matteo Picarelli,7 - 10,5252671,560798,561158,2024-03-16
1,09:11,Substitution Temple: in Sam Hofman,7 - 10,5252671,560798,561158,2024-03-16
1,09:11,Substitution Temple: in Steve Settle,7 - 10,5252671,560798,561158,2024-03-16
1,09:11,Substitution Temple: in Jordan Riley,7 - 10,5252671,560798,561158,2024-03-16
1,09:11,Substitution Temple: in Quante Berry,7 - 10,5252671,560798,561158,2024-03-16
1,09:11,Substitution Temple: out Shane Dezonie,7 - 10,5252671,560798,561158,2024-03-16
1,09:11,Substitution Temple: out Emmanuel Okpomo,7 - 10,5252671,560798,561158,2024-03-16
1,09:11,Substitution Temple: out Hysier Miller,7 - 10,5252671,560798,561158,2024-03-16
1,09:11,Substitution Temple: out Jahlil White,7 - 10,5252671,560798,561158,2024-03-16
1,09:11,Substitution Temple: out Zion Stanford,7 - 10,5252671,560798,561158,2024-03-16
1,09:11,Substitution CLT: in Lu'cye Patterson,7 - 10,5252671,560798,561158,2024-03-16
1,09:11,Substitution CLT: in Nik Graves,7 - 10,5252671,560798,561158,2024-03-16
1,09:11,Substitution CLT: in Dishon Jackson,7 - 10,5252671,560798,561158,2024-03-16
1,09:11,Substitution CLT: out Dean Reiber,7 - 10,5252671,560798,561158,2024-03-16
1,09:11,Substitution CLT: out Jackson Threadgill,7 - 10,5252671,560798,561158,2024-03-16
1,09:11,Substitution CLT: out Isaiah Folkes,7 - 10,5252671,560798,561158,2024-03-16
1,09:35,2pt layup (2nd chance) (under the basket) made by Jahlil White(Temple),7 - 10,5252671,560798,561158,2024-03-16
1,09:38,"2pt floating jump shot (2nd chance) (in the paint) missed by Shane Dezonie(Temple), rebound offensive Jahlil White(Temple)",5 - 10,5252671,560798,561158,2024-03-16
1,09:43,"3pt jump shot (outside center) missed by Hysier Miller(Temple), rebound offensive Shane Dezonie(Temple)",5 - 10,5252671,560798,561158,2024-03-16
1,10:05,3pt jump shot (fast break) (outside left wing) missed by Robert Braswell(CLT),5 - 10,5252671,560798,561158,2024-03-16
1,10:13,"3pt jump shot (outside center) missed by Shane Dezonie(Temple), rebound defensive Isaiah Folkes(CLT)",5 - 10,5252671,560798,561158,2024-03-16
1,10:28,"3pt jump shot (outside right) missed by Dean Reiber(CLT), rebound defensive Zion Stanford(Temple)",5 - 10,5252671,560798,561158,2024-03-16
1,10:40,"2pt jump shot (inside right) missed by Jahlil White(Temple), rebound defensive Igor Milicic Jr.(CLT)",5 - 10,5252671,560798,561158,2024-03-16
1,10:51,"3pt jump shot (outside left) missed by Robert Braswell(CLT), rebound defensive Zion Stanford(Temple)",5 - 10,5252671,560798,561158,2024-03-16
1,10:58,"2pt jump shot (off turnover) (in the paint) missed by Zion Stanford(Temple), rebound defensive Dean Reiber(CLT)",5 - 10,5252671,560798,561158,2024-03-16
1,11:17,Turnover bad pass (outside center) Igor Milicic Jr.(CLT),5 - 10,5252671,560798,561158,2024-03-16
1,11:31,Free throw 2 of 2 made by Shane Dezonie(Temple),5 - 10,5252671,560798,561158,2024-03-16
1,11:31,"Free throw 1 of 2 missed by Shane Dezonie(Temple), rebound offensive dead ball Temple",4 - 10,5252671,560798,561158,2024-03-16
1,11:31,Foul personal (shooting;2 free throws) (in the paint) Dean Reiber(CLT),4 - 10,5252671,560798,561158,2024-03-16
1,11:45,"2pt layup (2nd chance) (in the paint) missed by Igor Milicic Jr.(CLT), rebound defensive Zion Stanford(Temple)",4 - 10,5252671,560798,561158,2024-03-16
1,11:55,Timeout commercial,4 - 10,5252671,560798,561158,2024-03-16
1,11:55,"Foul personal (in the paint) Hysier Miller(Temple), foul on Igor Milicic Jr.(CLT)",4 - 10,5252671,560798,561158,2024-03-16
1,11:58,"3pt jump shot (outside left) missed by Jackson Threadgill(CLT), rebound offensive Igor Milicic Jr.(CLT)",4 - 10,5252671,560798,561158,2024-03-16
1,12:17,"Foul personal (in the paint) Shane Dezonie(Temple), foul on Igor Milicic Jr.(CLT)",4 - 10,5252671,560798,561158,2024-03-16
1,12:35,2pt driving layup (off turnover;fast break) (under the basket) made by Shane Dezonie(Temple),4 - 10,5252671,560798,561158,2024-03-16
1,12:39,"Turnover bad pass (inside right) Dean Reiber(CLT), steal Shane Dezonie(Temple)",2 - 10,5252671,560798,561158,2024-03-16
1,13:07,"2pt layup (blocked) (under the basket) missed by Zion Stanford(Temple), block Jackson Threadgill(CLT), rebound defensive Jackson Threadgill(CLT)",2 - 10,5252671,560798,561158,2024-03-16
1,13:10,Substitution Temple: in Emmanuel Okpomo,2 - 10,5252671,560798,561158,2024-03-16
1,13:10,Substitution Temple: out Sam Hofman,2 - 10,5252671,560798,561158,2024-03-16
1,13:10,Substitution CLT: in Dean Reiber,2 - 10,5252671,560798,561158,2024-03-16
1,13:10,Substitution CLT: in Robert Braswell,2 - 10,5252671,560798,561158,2024-03-16
1,13:10,Substitution CLT: in Isaiah Folkes,2 - 10,5252671,560798,561158,2024-03-16
1,13:10,Substitution CLT: out Lu'cye Patterson,2 - 10,5252671,560798,561158,2024-03-16
1,13:10,Substitution CLT: out Nik Graves,2 - 10,5252671,560798,561158,2024-03-16
1,13:10,Substitution CLT: out Dishon Jackson,2 - 10,5252671,560798,561158,2024-03-16
1,13:10,Jump ball held ball Temple,2 - 10,5252671,560798,561158,2024-03-16
1,13:36,"3pt jump shot (outside left) made by Igor Milicic Jr.(CLT), assist Dishon Jackson(CLT)",2 - 10,5252671,560798,561158,2024-03-16
1,13:58,2pt driving layup (blocked;fast break) (in the paint) missed by Shane Dezonie(Temple),2 - 7,5252671,560798,561158,2024-03-16
1,14:06,"2pt step back jump shot (inside center) missed by Lu'cye Patterson(CLT), rebound defensive Zion Stanford(Temple)",2 - 7,5252671,560798,561158,2024-03-16
1,14:37,"3pt jump shot (off turnover) (outside left) missed by Shane Dezonie(Temple), rebound defensive Nik Graves(CLT)",2 - 7,5252671,560798,561158,2024-03-16
1,14:55,Turnover bad pass (outside right wing) Dishon Jackson(CLT),2 - 7,5252671,560798,561158,2024-03-16
1,15:18,Turnover other (outside center) Hysier Miller(Temple),7 - 12,5252671,560798,561158,2024-03-16
1,15:28,Free throw 2 of 2 made by Lu'cye Patterson(CLT),2 - 7,5252671,560798,561158,2024-03-16
1,15:28,Free throw 1 of 2 made by Lu'cye Patterson(CLT),2 - 6,5252671,560798,561158,2024-03-16
1,15:28,Substitution Temple: in Jahlil White,2 - 5,5252671,560798,561158,2024-03-16
1,15:28,Substitution Temple: in Zion Stanford,2 - 5,5252671,560798,561158,2024-03-16
1,15:28,Substitution Temple: out Steve Settle,2 - 5,5252671,560798,561158,2024-03-16
1,15:28,Substitution Temple: out Jordan Riley,2 - 5,5252671,560798,561158,2024-03-16
1,15:28,Timeout commercial,2 - 5,5252671,560798,561158,2024-03-16
1,15:28,Foul personal (shooting;2 free throws) (inside right) Steve Settle(Temple),2 - 5,5252671,560798,561158,2024-03-16
1,15:39,"3pt jump shot (off turnover) (outside center) missed by Hysier Miller(Temple), rebound defensive Igor Milicic Jr.(CLT)",2 - 5,5252671,560798,561158,2024-03-16
1,15:59,Substitution Temple: in Shane Dezonie,2 - 5,5252671,560798,561158,2024-03-16
1,15:59,Substitution Temple: out Matteo Picarelli,2 - 5,5252671,560798,561158,2024-03-16
1,16:01,Turnover lost ball (in the paint) Nik Graves(CLT),2 - 5,5252671,560798,561158,2024-03-16
1,16:16,"3pt jump shot (outside left) missed by Matteo Picarelli(Temple), rebound defensive Igor Milicic Jr.(CLT)",2 - 5,5252671,560798,561158,2024-03-16
1,16:40,"3pt jump shot (outside right) made by Igor Milicic Jr.(CLT), assist Dishon Jackson(CLT)",2 - 5,5252671,560798,561158,2024-03-16
1,16:53,Free throw 2 of 2 (fast break;off turnover) made by Hysier Miller(Temple),2 - 2,5252671,560798,561158,2024-03-16
1,16:53,Substitution CLT: in Jackson Threadgill,1 - 2,5252671,560798,561158,2024-03-16
1,16:53,Substitution CLT: out Isaiah Folkes,1 - 2,5252671,560798,561158,2024-03-16
1,16:53,Free throw 1 of 2 (fast break;off turnover) made by Hysier Miller(Temple),1 - 2,5252671,560798,561158,2024-03-16
1,16:53,Foul personal (shooting;2 free throws) (inside left) Nik Graves(CLT),0 - 2,5252671,560798,561158,2024-03-16
1,16:59,"Turnover bad pass (outside right) Dishon Jackson(CLT), steal Hysier Miller(Temple)",0 - 2,5252671,560798,561158,2024-03-16
1,17:20,"3pt jump shot (2nd chance) (outside left) missed by Matteo Picarelli(Temple), rebound defensive Igor Milicic Jr.(CLT)",0 - 2,5252671,560798,561158,2024-03-16
1,17:30,2pt turnaround jump shot (blocked) (in the paint) missed by Steve Settle(Temple),0 - 2,5252671,560798,561158,2024-03-16
1,17:49,"2pt hook shot (inside right) missed by Dishon Jackson(CLT), rebound defensive Jordan Riley(Temple)",0 - 2,5252671,560798,561158,2024-03-16
1,18:04,"2pt jump shot (inside left) missed by Steve Settle(Temple), rebound defensive Dishon Jackson(CLT)",0 - 2,5252671,560798,561158,2024-03-16
1,18:33,"2pt driving layup (off turnover;fast break) (under the basket) made by Isaiah Folkes(CLT), assist Lu'cye Patterson(CLT)",0 - 2,5252671,560798,561158,2024-03-16
1,18:38,"Turnover lost ball (inside left) Jordan Riley(Temple), steal Lu'cye Patterson(CLT)",0 - 0,5252671,560798,561158,2024-03-16
1,18:44,"Turnover lost ball (in the paint) Isaiah Folkes(CLT), steal Hysier Miller(Temple)",0 - 0,5252671,560798,561158,2024-03-16
1,18:54,Turnover offensive goal tending (under the basket) Jordan Riley(Temple),2 - 5,5252671,560798,561158,2024-03-16
1,18:54,2pt driving layup (2nd chance) (under the basket) missed by Hysier Miller(Temple),13 - 15,5252671,560798,561158,2024-03-16
1,19:08,3pt jump shot (outside center) missed by Sam Hofman(Temple),2 - 5,5252671,560798,561158,2024-03-16
1,19:33,"3pt jump shot (outside right wing) missed by Nik Graves(CLT), rebound defensive Steve Settle(Temple)",0 - 0,5252671,560798,561158,2024-03-16
1,20:00,"Jump ball start period, won Dishon Jackson(CLT), lost Steve Settle(Temple)",0 - 0,5252671,560798,561158,2024-03-16
1,20:00,Period start,0 - 0,5252671,560798,561158,2024-03-16
1,20:00,Game start,0 - 0,5252671,560798,561158,2024-03-16
2,02:19,Turnover (inside center) Indiana,60 - 88,5252652,560804,560558,2024-03-16
2,02:27,"2pt pull up jump shot (2nd chance) (inside left) missed by Cale Jacobsen(Nebraska), rebound defensive Payton Sparks(Indiana)",60 - 88,5252652,560804,560558,2024-03-16
2,02:46,"2pt layup (blocked) (under the basket) missed by Matar Diop(Nebraska), block Payton Sparks(Indiana), rebound offensive Matar Diop(Nebraska)",60 - 88,5252652,560804,560558,2024-03-16
2,02:55,Free throw 2 of 2 made by Anthony Walker(Indiana),60 - 88,5252652,560804,560558,2024-03-16
2,02:55,Free throw 1 of 2 made by Anthony Walker(Indiana),59 - 88,5252652,560804,560558,2024-03-16
2,02:55,Timeout commercial,58 - 88,5252652,560804,560558,2024-03-16
2,02:55,Foul personal (one and one) (inside right) C.J. Wilcher(Nebraska),58 - 88,5252652,560804,560558,2024-03-16
2,03:00,"2pt hook shot (2nd chance) (inside left) missed by Matar Diop(Nebraska), rebound defensive Anthony Walker(Indiana)",58 - 88,5252652,560804,560558,2024-03-16
2,03:05,"2pt layup (blocked) (under the basket) missed by Cale Jacobsen(Nebraska), block CJ Gunn(Indiana), rebound offensive Matar Diop(Nebraska)",58 - 88,5252652,560804,560558,2024-03-16
2,03:22,"3pt jump shot (outside right) made by CJ Gunn(Indiana), assist Anthony Walker(Indiana)",58 - 88,5252652,560804,560558,2024-03-16
2,03:35,"2pt jump shot (inside right) made by Jarron Coleman(Nebraska), assist Matar Diop(Nebraska)",55 - 88,5252652,560804,560558,2024-03-16
2,04:05,"2pt pull up jump shot (fast break) (inside left) made by CJ Gunn(Indiana), assist Gabe Cupps(Indiana)",55 - 86,5252652,560804,560558,2024-03-16
2,04:08,Substitution Nebraska: in Jarron Coleman,53 - 86,5252652,560804,560558,2024-03-16
2,04:08,Substitution Nebraska: out Jamarques Lawrence,53 - 86,5252652,560804,560558,2024-03-16
2,04:08,Free throw 2 of 2 made by Jamarques Lawrence(Nebraska),53 - 86,5252652,560804,560558,2024-03-16
2,04:08,Substitution Indiana: in Payton Sparks,53 - 85,5252652,560804,560558,2024-03-16
2,04:08,Substitution Indiana: out Xavier Johnson,53 - 85,5252652,560804,560558,2024-03-16
2,04:08,Substitution Nebraska: in Cale Jacobsen,53 - 85,5252652,560804,560558,2024-03-16
2,04:08,Substitution Nebraska: in Matar Diop,53 - 85,5252652,560804,560558,2024-03-16
2,04:08,Substitution Nebraska: out Rienk Mast,53 - 85,5252652,560804,560558,2024-03-16
2,04:08,Substitution Nebraska: out Juwan Gary,53 - 85,5252652,560804,560558,2024-03-16
2,04:08,Free throw 1 of 2 made by Jamarques Lawrence(Nebraska),53 - 85,5252652,560804,560558,2024-03-16
2,04:08,Foul personal (shooting;2 free throws) (under the basket) Gabe Cupps(Indiana),53 - 84,5252652,560804,560558,2024-03-16
2,04:19,3pt jump shot (fast break) (outside left) missed by CJ Gunn(Indiana),53 - 84,5252652,560804,560558,2024-03-16
2,04:27,"3pt jump shot (outside left) missed by Juwan Gary(Nebraska), rebound defensive Kaleb Banks(Indiana)",53 - 84,5252652,560804,560558,2024-03-16
2,04:51,"2pt pull up jump shot (inside center) missed by Xavier Johnson(Indiana), rebound defensive Juwan Gary(Nebraska)",53 - 84,5252652,560804,560558,2024-03-16
2,05:08,"2pt layup (in the paint) made by Rienk Mast(Nebraska), assist Juwan Gary(Nebraska)",53 - 84,5252652,560804,560558,2024-03-16
2,05:20,Substitution Indiana: in Anthony Walker,53 - 82,5252652,560804,560558,2024-03-16
2,05:20,Substitution Indiana: out Kel'el Ware,53 - 82,5252652,560804,560558,2024-03-16
2,05:20,Substitution Nebraska: in Sam Hoiberg,53 - 82,5252652,560804,560558,2024-03-16
2,05:20,Substitution Nebraska: out Brice Williams,53 - 82,5252652,560804,560558,2024-03-16
2,05:20,Free throw 2 of 2 made by Brice Williams(Nebraska),53 - 82,5252652,560804,560558,2024-03-16
2,05:20,Free throw 1 of 2 made by Brice Williams(Nebraska),53 - 81,5252652,560804,560558,2024-03-16
2,05:20,Foul coach technical (class a;2 free throws) Indiana,53 - 80,5252652,560804,560558,2024-03-16
2,05:28,"2pt driving layup (fast break) (in the paint) missed by Xavier Johnson(Indiana), rebound defensive Brice Williams(Nebraska)",53 - 80,5252652,560804,560558,2024-03-16
2,05:35,"3pt jump shot (outside center) missed by Rienk Mast(Nebraska), rebound defensive Xavier Johnson(Indiana)",53 - 80,5252652,560804,560558,2024-03-16
2,05:48,"3pt jump shot (outside left wing) missed by CJ Gunn(Indiana), rebound defensive Juwan Gary(Nebraska)",53 - 80,5252652,560804,560558,2024-03-16
2,05:57,"2pt layup (under the basket) made by Juwan Gary(Nebraska), assist Rienk Mast(Nebraska)",53 - 80,5252652,560804,560558,2024-03-16
2,06:17,2pt pull up jump shot (inside center) made by CJ Gunn(Indiana),53 - 78,5252652,560804,560558,2024-03-16
2,06:31,Free throw 2 of 2 made by Brice Williams(Nebraska),51 - 78,5252652,560804,560558,2024-03-16
2,06:31,Substitution Nebraska: in C.J. Wilcher,51 - 77,5252652,560804,560558,2024-03-16
2,06:31,Substitution Nebraska: out Keisei Tominaga,51 - 77,5252652,560804,560558,2024-03-16
2,06:31,Free throw 1 of 2 made by Brice Williams(Nebraska),51 - 77,5252652,560804,560558,2024-03-16
2,06:31,Foul personal (shooting;2 free throws) (under the basket) Kel'el Ware(Indiana),51 - 76,5252652,560804,560558,2024-03-16
2,06:46,2pt pull up jump shot (inside center) made by Xavier Johnson(Indiana),51 - 76,5252652,560804,560558,2024-03-16
2,06:57,"2pt floating jump shot (inside left) made by Keisei Tominaga(Nebraska), assist Rienk Mast(Nebraska)",49 - 76,5252652,560804,560558,2024-03-16
2,07:10,"2pt turnaround jump shot (in the paint) missed by Gabe Cupps(Indiana), rebound defensive Rienk Mast(Nebraska)",49 - 74,5252652,560804,560558,2024-03-16
2,07:24,Substitution Indiana: in Kaleb Banks,49 - 74,5252652,560804,560558,2024-03-16
2,07:24,Substitution Indiana: out Mackenzie Mgbako,49 - 74,5252652,560804,560558,2024-03-16
2,07:24,Timeout commercial,49 - 74,5252652,560804,560558,2024-03-16
2,07:43,"2pt layup (under the basket) made by Juwan Gary(Nebraska), assist Rienk Mast(Nebraska)",49 - 74,5252652,560804,560558,2024-03-16
2,07:59,"2pt layup (fast break) (in the paint) made by Kel'el Ware(Indiana), assist Xavier Johnson(Indiana)",49 - 72,5252652,560804,560558,2024-03-16
2,08:07,"2pt layup (under the basket) made by Jamarques Lawrence(Nebraska), assist Rienk Mast(Nebraska)",47 - 72,5252652,560804,560558,2024-03-16
2,08:24,"3pt jump shot (outside center) missed by Mackenzie Mgbako(Indiana), rebound defensive Jamarques Lawrence(Nebraska)",47 - 70,5252652,560804,560558,2024-03-16
2,08:34,Substitution Nebraska: in Rienk Mast,47 - 70,5252652,560804,560558,2024-03-16
2,08:34,Substitution Nebraska: out Josiah Allick,47 - 70,5252652,560804,560558,2024-03-16
2,08:34,"Free throw 2 of 2 (off turnover) missed by Keisei Tominaga(Nebraska), rebound defensive dead ball Indiana",47 - 70,5252652,560804,560558,2024-03-16
2,08:34,Free throw 1 of 2 (off turnover) made by Keisei Tominaga(Nebraska),47 - 70,5252652,560804,560558,2024-03-16
2,08:34,Foul coach technical (class a;2 free throws) Indiana,47 - 69,5252652,560804,560558,2024-03-16
2,08:34,"Foul admin technical (administrative) Indiana, turnover offensive (team) Indiana",47 - 69,5252652,560804,560558,2024-03-16
2,08:45,"2pt layup (under the basket) made by Josiah Allick(Nebraska), assist Keisei Tominaga(Nebraska)",47 - 69,5252652,560804,560558,2024-03-16
2,08:54,"2pt driving layup (in the paint) missed by CJ Gunn(Indiana), rebound defensive Josiah Allick(Nebraska)",47 - 67,5252652,560804,560558,2024-03-16
2,09:07,"Free throw 2 of 2 missed by Josiah Allick(Nebraska), rebound defensive Mackenzie Mgbako(Indiana)",47 - 67,5252652,560804,560558,2024-03-16
2,09:07,Free throw 1 of 2 made by Josiah Allick(Nebraska),47 - 67,5252652,560804,560558,2024-03-16
2,09:07,Substitution Indiana: in Kel'el Ware,47 - 66,5252652,560804,560558,2024-03-16
2,09:07,Substitution Indiana: out Malik Reneau,47 - 66,5252652,560804,560558,2024-03-16
2,09:07,Substitution Nebraska: in Juwan Gary,47 - 66,5252652,560804,560558,2024-03-16
2,09:07,Substitution Nebraska: out Sam Hoiberg,47 - 66,5252652,560804,560558,2024-03-16
2,09:07,Foul personal (shooting;2 free throws) (under the basket) Malik Reneau(Indiana),47 - 66,5252652,560804,560558,2024-03-16
2,09:24,"2pt layup (off turnover;fast break) (under the basket) made by Xavier Johnson(Indiana), assist CJ Gunn(Indiana)",47 - 66,5252652,560804,560558,2024-03-16
2,09:28,"Turnover lost ball (outside right) Sam Hoiberg(Nebraska), steal CJ Gunn(Indiana)",45 - 66,5252652,560804,560558,2024-03-16
2,09:42,"3pt jump shot (outside left wing) made by CJ Gunn(Indiana), assist Xavier Johnson(Indiana)",45 - 66,5252652,560804,560558,2024-03-16
2,09:49,"Foul personal (inside left) Josiah Allick(Nebraska), foul on Xavier Johnson(Indiana)",42 - 66,5252652,560804,560558,2024-03-16
2,10:01,Free throw 2 of 2 (off turnover) made by Brice Williams(Nebraska),42 - 66,5252652,560804,560558,2024-03-16
2,10:01,Substitution Indiana: in Malik Reneau,42 - 65,5252652,560804,560558,2024-03-16
2,10:01,Substitution Indiana: out Kel'el Ware,42 - 65,5252652,560804,560558,2024-03-16
2,10:01,Free throw 1 of 2 (off turnover) made by Brice Williams(Nebraska),42 - 65,5252652,560804,560558,2024-03-16
2,10:01,Foul personal (shooting;2 free throws) (in the paint) Mackenzie Mgbako(Indiana),42 - 64,5252652,560804,560558,2024-03-16
2,10:17,"Turnover lost ball (in the paint) Kel'el Ware(Indiana), steal Keisei Tominaga(Nebraska)",42 - 64,5252652,560804,560558,2024-03-16
2,10:34,2pt step back jump shot (inside right) made by Keisei Tominaga(Nebraska),42 - 64,5252652,560804,560558,2024-03-16
2,11:04,2pt alley oop (off turnover) (under the basket) made by Kel'el Ware(Indiana),42 - 62,5252652,560804,560558,2024-03-16
2,11:14,Substitution Nebraska: in Keisei Tominaga,40 - 62,5252652,560804,560558,2024-03-16
2,11:14,Substitution Nebraska: out C.J. Wilcher,40 - 62,5252652,560804,560558,2024-03-16
2,11:14,Timeout commercial,40 - 62,5252652,560804,560558,2024-03-16
2,11:14,Turnover travel (outside center) C.J. Wilcher(Nebraska),40 - 62,5252652,560804,560558,2024-03-16
2,11:38,"2pt pull up jump shot (inside center) missed by Xavier Johnson(Indiana), rebound defensive Josiah Allick(Nebraska)",40 - 62,5252652,560804,560558,2024-03-16
2,11:48,"3pt jump shot (off turnover) (outside center) missed by Jamarques Lawrence(Nebraska), rebound defensive Kel'el Ware(Indiana)",40 - 62,5252652,560804,560558,2024-03-16
2,12:01,"Turnover bad pass (outside right) CJ Gunn(Indiana), steal Brice Williams(Nebraska)",40 - 62,5252652,560804,560558,2024-03-16
2,12:14,"3pt jump shot (2nd chance) (outside left) missed by C.J. Wilcher(Nebraska), rebound defensive Gabe Cupps(Indiana)",40 - 62,5252652,560804,560558,2024-03-16
2,12:20,"3pt jump shot (blocked) (outside left) missed by C.J. Wilcher(Nebraska), block Mackenzie Mgbako(Indiana), rebound offensive Sam Hoiberg(Nebraska)",40 - 62,5252652,560804,560558,2024-03-16
2,12:26,"3pt jump shot (outside left) missed by CJ Gunn(Indiana), rebound defensive Jamarques Lawrence(Nebraska)",40 - 62,5252652,560804,560558,2024-03-16
2,12:36,"3pt jump shot (outside left) made by Jamarques Lawrence(Nebraska), assist Josiah Allick(Nebraska)",40 - 62,5252652,560804,560558,2024-03-16
2,12:42,"Foul personal (back court) Mackenzie Mgbako(Indiana), foul on Jamarques Lawrence(Nebraska)",40 - 59,5252652,560804,560558,2024-03-16
2,12:52,"2pt jump shot (2nd chance) (inside right) made by Mackenzie Mgbako(Indiana), assist Kel'el Ware(Indiana)",40 - 59,5252652,560804,560558,2024-03-16
2,12:55,"Foul personal (under the basket) Jamarques Lawrence(Nebraska), foul on CJ Gunn(Indiana)",38 - 59,5252652,560804,560558,2024-03-16
2,12:57,2pt driving layup (fast break) (in the paint) missed by Xavier Johnson(Indiana),40 - 59,5252652,560804,560558,2024-03-16
2,12:55,Foul personal (shooting) (under the basket) Jamarques Lawrence(Nebraska),38 - 59,5252652,560804,560558,2024-03-16
2,12:55,2pt (under the basket) missed by Indiana,38 - 59,5252652,560804,560558,2024-03-16
2,13:02,"3pt jump shot (outside left) missed by Brice Williams(Nebraska), rebound defensive Xavier Johnson(Indiana)",38 - 59,5252652,560804,560558,2024-03-16
2,13:23,"2pt pull up jump shot (off turnover) (inside right) missed by CJ Gunn(Indiana), rebound defensive Jamarques Lawrence(Nebraska)",38 - 59,5252652,560804,560558,2024-03-16
2,13:35,"Turnover lost ball (inside left) Brice Williams(Nebraska), steal Gabe Cupps(Indiana)",38 - 59,5252652,560804,560558,2024-03-16
2,13:44,"2pt hook shot (in the paint) missed by Kel'el Ware(Indiana), rebound defensive Josiah Allick(Nebraska)",38 - 59,5252652,560804,560558,2024-03-16
2,13:57,Free throw 3 of 3 made by Brice Williams(Nebraska),38 - 59,5252652,560804,560558,2024-03-16
2,13:57,Substitution Indiana: in Gabe Cupps,38 - 58,5252652,560804,560558,2024-03-16
2,13:57,Substitution Indiana: out Malik Reneau,38 - 58,5252652,560804,560558,2024-03-16
2,13:57,Substitution Nebraska: in Sam Hoiberg,38 - 58,5252652,560804,560558,2024-03-16
2,13:57,Substitution Nebraska: out Juwan Gary,38 - 58,5252652,560804,560558,2024-03-16
2,13:57,Free throw 2 of 3 made by Brice Williams(Nebraska),38 - 58,5252652,560804,560558,2024-03-16
2,13:57,Free throw 1 of 3 made by Brice Williams(Nebraska),38 - 57,5252652,560804,560558,2024-03-16
2,13:58,Foul personal (shooting;3 free throws) (outside left) Malik Reneau(Indiana),38 - 56,5252652,560804,560558,2024-03-16
2,14:22,"3pt jump shot (2nd chance) (outside left) missed by Mackenzie Mgbako(Indiana), rebound defensive Josiah Allick(Nebraska)",38 - 56,5252652,560804,560558,2024-03-16
2,14:25,Substitution Nebraska: in Josiah Allick,38 - 56,5252652,560804,560558,2024-03-16
2,14:25,Substitution Nebraska: in C.J. Wilcher,38 - 56,5252652,560804,560558,2024-03-16
2,14:25,Substitution Nebraska: out Rienk Mast,38 - 56,5252652,560804,560558,2024-03-16
2,14:25,Substitution Nebraska: out Keisei Tominaga,38 - 56,5252652,560804,560558,2024-03-16
2,14:25,"Foul personal (inside left) Keisei Tominaga(Nebraska), foul on Xavier Johnson(Indiana)",38 - 56,5252652,560804,560558,2024-03-16
2,14:35,"2pt turnaround jump shot (2nd chance) (in the paint) missed by Kel'el Ware(Indiana), rebound offensive Malik Reneau(Indiana)",38 - 56,5252652,560804,560558,2024-03-16
2,14:39,"3pt jump shot (outside right) missed by CJ Gunn(Indiana), rebound offensive Kel'el Ware(Indiana)",38 - 56,5252652,560804,560558,2024-03-16
2,14:49,"2pt layup (under the basket) missed by Rienk Mast(Nebraska), rebound defensive Malik Reneau(Indiana)",38 - 56,5252652,560804,560558,2024-03-16
2,15:11,2pt dunk (off turnover;fast break) (under the basket) made by Kel'el Ware(Indiana),38 - 56,5252652,560804,560558,2024-03-16
2,15:14,"Turnover bad pass (back court) Jamarques Lawrence(Nebraska), steal Kel'el Ware(Indiana)",36 - 56,5252652,560804,560558,2024-03-16
2,15:24,"3pt jump shot (outside left) made by CJ Gunn(Indiana), assist Malik Reneau(Indiana)",36 - 56,5252652,560804,560558,2024-03-16
2,15:36,"Free throw 1 of 1 missed by Jamarques Lawrence(Nebraska), rebound defensive Malik Reneau(Indiana), rebound defensive Malik Reneau(Indiana)",33 - 56,5252652,560804,560558,2024-03-16
2,15:36,Substitution Nebraska: in Brice Williams,33 - 56,5252652,560804,560558,2024-03-16
2,15:36,Substitution Nebraska: out Josiah Allick,33 - 56,5252652,560804,560558,2024-03-16
2,15:36,Timeout commercial,33 - 56,5252652,560804,560558,2024-03-16
2,15:36,Foul personal (shooting;1 free throw) (inside center) CJ Gunn(Indiana),33 - 56,5252652,560804,560558,2024-03-16
2,15:36,2pt pull up jump shot (inside center) made by Jamarques Lawrence(Nebraska),33 - 56,5252652,560804,560558,2024-03-16
2,15:57,"2pt pull up jump shot (inside center) made by CJ Gunn(Indiana), assist Malik Reneau(Indiana)",33 - 54,5252652,560804,560558,2024-03-16
2,16:08,3pt jump shot (outside center) missed by Rienk Mast(Nebraska),31 - 54,5252652,560804,560558,2024-03-16
2,16:30,2pt layup (in the paint) made by Malik Reneau(Indiana),31 - 54,5252652,560804,560558,2024-03-16
2,16:46,"Free throw 2 of 2 missed by Josiah Allick(Nebraska), rebound defensive Malik Reneau(Indiana)",29 - 54,5252652,560804,560558,2024-03-16
2,16:46,"Free throw 1 of 2 missed by Josiah Allick(Nebraska), rebound offensive dead ball Nebraska",29 - 54,5252652,560804,560558,2024-03-16
2,16:46,Timeout commercial,29 - 54,5252652,560804,560558,2024-03-16
2,16:46,Timeout short Indiana,29 - 54,5252652,560804,560558,2024-03-16
2,16:46,Substitution Nebraska: in Jamarques Lawrence,29 - 54,5252652,560804,560558,2024-03-16
2,16:46,Substitution Nebraska: out Brice Williams,29 - 54,5252652,560804,560558,2024-03-16
2,16:46,Foul personal (shooting;2 free throws) (under the basket) Malik Reneau(Indiana),29 - 54,5252652,560804,560558,2024-03-16
2,17:04,"2pt turnaround jump shot (in the paint) missed by Kel'el Ware(Indiana), rebound defensive Rienk Mast(Nebraska)",29 - 54,5252652,560804,560558,2024-03-16
2,17:21,2pt hook shot (off turnover) (in the paint) made by Rienk Mast(Nebraska),29 - 54,5252652,560804,560558,2024-03-16
2,17:17,2pt (off turnover) (in the paint) missed by Nebraska,29 - 52,5252652,560804,560558,2024-03-16
2,17:23,3pt (off turnover) (outside left) made by Rienk Mast(Nebraska),29 - 55,5252652,560804,560558,2024-03-16
2,17:23,2pt (off turnover) (in the paint) missed by Nebraska,29 - 52,5252652,560804,560558,2024-03-16
2,17:32,"Foul personal (inside left) CJ Gunn(Indiana), foul on Brice Williams(Nebraska)",29 - 52,5252652,560804,560558,2024-03-16
2,17:39,"Turnover bad pass (inside right) Malik Reneau(Indiana), steal Brice Williams(Nebraska)",29 - 52,5252652,560804,560558,2024-03-16
2,17:51,"Foul personal (back court) Juwan Gary(Nebraska), foul on Xavier Johnson(Indiana)",29 - 52,5252652,560804,560558,2024-03-16
2,17:58,"3pt jump shot (outside center) missed by Keisei Tominaga(Nebraska), rebound defensive Malik Reneau(Indiana)",29 - 52,5252652,560804,560558,2024-03-16
2,18:19,Free throw 2 of 2 made by Kel'el Ware(Indiana),29 - 52,5252652,560804,560558,2024-03-16
2,18:19,Substitution Indiana: in CJ Gunn,28 - 52,5252652,560804,560558,2024-03-16
2,18:19,Substitution Indiana: out Anthony Leal,28 - 52,5252652,560804,560558,2024-03-16
2,18:19,Free throw 1 of 2 made by Kel'el Ware(Indiana),28 - 52,5252652,560804,560558,2024-03-16
2,18:19,"Foul personal (shooting;2 free throws) (in the paint) Rienk Mast(Nebraska), foul on Kel'el Ware(Indiana)",28 - 52,5252652,560804,560558,2024-03-16
2,18:34,Free throw 2 of 2 made by Josiah Allick(Nebraska),27 - 52,5252652,560804,560558,2024-03-16
2,18:34,Free throw 1 of 2 made by Josiah Allick(Nebraska),27 - 51,5252652,560804,560558,2024-03-16
2,18:34,Foul personal (shooting;2 free throws) (under the basket) Mackenzie Mgbako(Indiana),27 - 50,5252652,560804,560558,2024-03-16
2,18:54,"2pt hook shot (off turnover) (in the paint) missed by Kel'el Ware(Indiana), rebound defensive Josiah Allick(Nebraska)",27 - 50,5252652,560804,560558,2024-03-16
2,19:12,"Foul offensive (back court) Keisei Tominaga(Nebraska), turnover offensive Keisei Tominaga(Nebraska), foul on Xavier Johnson(Indiana)",27 - 50,5252652,560804,560558,2024-03-16
2,19:26,"2pt floating jump shot (off turnover) (inside left) missed by Anthony Leal(Indiana), rebound defensive Rienk Mast(Nebraska)",27 - 50,5252652,560804,560558,2024-03-16
2,19:46,"Turnover bad pass (in the paint) Keisei Tominaga(Nebraska), steal Malik Reneau(Indiana)",27 - 50,5252652,560804,560558,2024-03-16
2,20:00,Period start,27 - 50,5252652,560804,560558,2024-03-16
2,20:00,Substitution Indiana: in Malik Reneau,27 - 50,5252652,560804,560558,2024-03-16
2,20:00,Substitution Indiana: in Anthony Leal,27 - 50,5252652,560804,560558,2024-03-16
2,20:00,Substitution Indiana: out CJ Gunn,27 - 50,5252652,560804,560558,2024-03-16
2,20:00,Substitution Indiana: out Anthony Walker,27 - 50,5252652,560804,560558,2024-03-16
2,20:00,Substitution Nebraska: in Josiah Allick,27 - 50,5252652,560804,560558,2024-03-16
2,20:00,Substitution Nebraska: in Brice Williams,27 - 50,5252652,560804,560558,2024-03-16
2,20:00,Substitution Nebraska: out Jamarques Lawrence,27 - 50,5252652,560804,560558,2024-03-16
2,20:00,Substitution Nebraska: out Sam Hoiberg,27 - 50,5252652,560804,560558,2024-03-16
1,00:00.00,Period end (confirmed),27 - 50,5252652,560804,560558,2024-03-16
1,00:04.10,3pt pull up jump shot (outside right) made by Keisei Tominaga(Nebraska),27 - 50,5252652,560804,560558,2024-03-16
1,00:24.30,Timeout short Nebraska,27 - 47,5252652,560804,560558,2024-03-16
1,00:30.50,"2pt layup (2nd chance) (under the basket) missed by Mackenzie Mgbako(Indiana), rebound defensive Juwan Gary(Nebraska)",27 - 47,5252652,560804,560558,2024-03-16
1,00:34.60,"3pt jump shot (blocked) (outside left) missed by Mackenzie Mgbako(Indiana), block Jamarques Lawrence(Nebraska), rebound offensive Mackenzie Mgbako(Indiana)",27 - 47,5252652,560804,560558,2024-03-16
1,00:53.10,"3pt jump shot (fast break) (outside left) made by Juwan Gary(Nebraska), assist Keisei Tominaga(Nebraska)",27 - 47,5252652,560804,560558,2024-03-16
1,01:02,"3pt jump shot (outside right) missed by Anthony Walker(Indiana), rebound defensive Keisei Tominaga(Nebraska)",27 - 44,5252652,560804,560558,2024-03-16
1,01:19,"3pt jump shot (outside left) made by Jamarques Lawrence(Nebraska), assist Keisei Tominaga(Nebraska)",27 - 44,5252652,560804,560558,2024-03-16
1,01:40,"2pt driving layup (under the basket) missed by Mackenzie Mgbako(Indiana), rebound defensive Rienk Mast(Nebraska)",27 - 41,5252652,560804,560558,2024-03-16
1,02:09,Free throw 2 of 2 (off turnover) made by Juwan Gary(Nebraska),27 - 41,5252652,560804,560558,2024-03-16
1,02:09,Free throw 1 of 2 (off turnover) made by Juwan Gary(Nebraska),27 - 40,5252652,560804,560558,2024-03-16
1,02:09,Foul personal (one and one) (back court) Mackenzie Mgbako(Indiana),27 - 39,5252652,560804,560558,2024-03-16
1,02:09,"Turnover bad pass (inside right) Xavier Johnson(Indiana), steal Juwan Gary(Nebraska)",27 - 39,5252652,560804,560558,2024-03-16
1,02:22,Substitution Indiana: in Xavier Johnson,27 - 39,5252652,560804,560558,2024-03-16
1,02:22,Substitution Indiana: out Gabe Cupps,27 - 39,5252652,560804,560558,2024-03-16
1,02:22,Substitution Nebraska: in Rienk Mast,27 - 39,5252652,560804,560558,2024-03-16
1,02:22,Substitution Nebraska: out Josiah Allick,27 - 39,5252652,560804,560558,2024-03-16
1,02:22,Timeout short Indiana,27 - 39,5252652,560804,560558,2024-03-16
1,02:35,3pt pull up jump shot (fast break) (outside center) made by Keisei Tominaga(Nebraska),27 - 39,5252652,560804,560558,2024-03-16
1,02:41,"2pt driving layup (in the paint) missed by Gabe Cupps(Indiana), rebound defensive Juwan Gary(Nebraska)",27 - 36,5252652,560804,560558,2024-03-16
1,02:58,3pt step back jump shot (fast break) (outside left) made by Keisei Tominaga(Nebraska),27 - 36,5252652,560804,560558,2024-03-16
1,03:07,"3pt jump shot (fast break) (outside left) missed by CJ Gunn(Indiana), rebound defensive Keisei Tominaga(Nebraska)",27 - 33,5252652,560804,560558,2024-03-16
1,03:14,"2pt turnaround jump shot (inside left) missed by Keisei Tominaga(Nebraska), rebound defensive Kel'el Ware(Indiana)",27 - 33,5252652,560804,560558,2024-03-16
1,03:29,Free throw 3 of 3 made by Mackenzie Mgbako(Indiana),27 - 33,5252652,560804,560558,2024-03-16
1,03:29,Substitution Nebraska: in Jamarques Lawrence,26 - 33,5252652,560804,560558,2024-03-16
1,03:29,Substitution Nebraska: out Brice Williams,26 - 33,5252652,560804,560558,2024-03-16
1,03:29,Free throw 2 of 3 made by Mackenzie Mgbako(Indiana),26 - 33,5252652,560804,560558,2024-03-16
1,03:29,Free throw 1 of 3 made by Mackenzie Mgbako(Indiana),25 - 33,5252652,560804,560558,2024-03-16
1,03:29,Foul personal (shooting;3 free throws) (outside left) Brice Williams(Nebraska),24 - 33,5252652,560804,560558,2024-03-16
1,03:48,Substitution Nebraska: in Keisei Tominaga,24 - 33,5252652,560804,560558,2024-03-16
1,03:48,Substitution Nebraska: out C.J. Wilcher,24 - 33,5252652,560804,560558,2024-03-16
1,03:48,Timeout commercial,24 - 33,5252652,560804,560558,2024-03-16
1,03:50,"2pt turnaround jump shot (off turnover) (in the paint) missed by C.J. Wilcher(Nebraska), rebound defensive (team) Indiana",24 - 33,5252652,560804,560558,2024-03-16
1,04:07,"Foul personal (inside right) CJ Gunn(Indiana), foul on Brice Williams(Nebraska)",24 - 33,5252652,560804,560558,2024-03-16
1,04:15,Substitution Indiana: in Anthony Walker,24 - 33,5252652,560804,560558,2024-03-16
1,04:15,Substitution Indiana: out Malik Reneau,24 - 33,5252652,560804,560558,2024-03-16
1,04:15,"Foul offensive (back court) Malik Reneau(Indiana), turnover offensive Malik Reneau(Indiana), foul on Sam Hoiberg(Nebraska)",24 - 33,5252652,560804,560558,2024-03-16
1,04:26,Free throw 2 of 2 (2nd chance) made by Josiah Allick(Nebraska),24 - 33,5252652,560804,560558,2024-03-16
1,04:26,Substitution Nebraska: in Sam Hoiberg,24 - 32,5252652,560804,560558,2024-03-16
1,04:26,Substitution Nebraska: out Keisei Tominaga,24 - 32,5252652,560804,560558,2024-03-16
1,04:26,Free throw 1 of 2 (2nd chance) made by Josiah Allick(Nebraska),24 - 32,5252652,560804,560558,2024-03-16
1,04:26,Foul personal (shooting;2 free throws) (under the basket) Malik Reneau(Indiana),24 - 31,5252652,560804,560558,2024-03-16
1,04:37,"3pt jump shot (outside center) missed by Keisei Tominaga(Nebraska), rebound offensive Josiah Allick(Nebraska)",24 - 31,5252652,560804,560558,2024-03-16
1,04:52,Free throw 3 of 3 made by Mackenzie Mgbako(Indiana),24 - 31,5252652,560804,560558,2024-03-16
1,04:52,Substitution Indiana: in Gabe Cupps,23 - 31,5252652,560804,560558,2024-03-16
1,04:52,Substitution Indiana: out Xavier Johnson,23 - 31,5252652,560804,560558,2024-03-16
1,04:52,Free throw 2 of 3 made by Mackenzie Mgbako(Indiana),23 - 31,5252652,560804,560558,2024-03-16
1,04:52,Free throw 1 of 3 made by Mackenzie Mgbako(Indiana),22 - 31,5252652,560804,560558,2024-03-16
1,04:52,"Foul personal (shooting;3 free throws) (outside right) C.J. Wilcher(Nebraska), foul on Mackenzie Mgbako(Indiana)",27 - 50,5252652,560804,560558,2024-03-16
1,05:09,2pt alley oop (fast break) (under the basket) made by Juwan Gary(Nebraska),21 - 31,5252652,560804,560558,2024-03-16
1,05:18,"3pt jump shot (outside left) missed by Malik Reneau(Indiana), rebound defensive C.J. Wilcher(Nebraska)",21 - 29,5252652,560804,560558,2024-03-16
1,05:29,"3pt jump shot (outside right wing) missed by Juwan Gary(Nebraska), rebound defensive Mackenzie Mgbako(Indiana)",21 - 29,5252652,560804,560558,2024-03-16
1,05:46,"Foul personal (in the paint) Xavier Johnson(Indiana), foul on Keisei Tominaga(Nebraska)",21 - 29,5252652,560804,560558,2024-03-16
1,05:52,Free throw 2 of 2 made by Malik Reneau(Indiana),21 - 29,5252652,560804,560558,2024-03-16
1,05:52,Substitution Indiana: in Mackenzie Mgbako,20 - 29,5252652,560804,560558,2024-03-16
1,05:52,Substitution Indiana: out Gabe Cupps,20 - 29,5252652,560804,560558,2024-03-16
1,05:52,Substitution Nebraska: in Juwan Gary,20 - 29,5252652,560804,560558,2024-03-16
1,05:52,Substitution Nebraska: out Rienk Mast,20 - 29,5252652,560804,560558,2024-03-16
1,05:52,Free throw 1 of 2 made by Malik Reneau(Indiana),20 - 29,5252652,560804,560558,2024-03-16
1,05:52,Foul personal (shooting;2 free throws) (under the basket) Brice Williams(Nebraska),19 - 29,5252652,560804,560558,2024-03-16
1,05:52,2pt (under the basket) missed by Indiana,19 - 29,5252652,560804,560558,2024-03-16
1,06:08,2pt step back jump shot (inside right) made by Keisei Tominaga(Nebraska),19 - 29,5252652,560804,560558,2024-03-16
1,06:17,2pt driving layup (under the basket) made by Xavier Johnson(Indiana),19 - 27,5252652,560804,560558,2024-03-16
1,06:45,"3pt jump shot (outside right) made by Keisei Tominaga(Nebraska), assist C.J. Wilcher(Nebraska)",17 - 27,5252652,560804,560558,2024-03-16
1,07:03,"2pt layup (2nd chance;off turnover) (in the paint) missed by Malik Reneau(Indiana), rebound defensive Rienk Mast(Nebraska)",17 - 24,5252652,560804,560558,2024-03-16
1,07:06,Substitution Indiana: in CJ Gunn,17 - 24,5252652,560804,560558,2024-03-16
1,07:06,Substitution Indiana: out Anthony Leal,17 - 24,5252652,560804,560558,2024-03-16
1,07:06,Substitution Nebraska: in C.J. Wilcher,17 - 24,5252652,560804,560558,2024-03-16
1,07:06,Substitution Nebraska: out Jamarques Lawrence,17 - 24,5252652,560804,560558,2024-03-16
1,07:06,"Foul personal (under the basket) Jamarques Lawrence(Nebraska), foul on Kel'el Ware(Indiana)",17 - 24,5252652,560804,560558,2024-03-16
1,07:18,"2pt turnaround jump shot (off turnover) (inside left) missed by Malik Reneau(Indiana), rebound offensive Kel'el Ware(Indiana)",17 - 24,5252652,560804,560558,2024-03-16
1,07:24,"Turnover lost ball (outside center) Brice Williams(Nebraska), steal Xavier Johnson(Indiana)",17 - 24,5252652,560804,560558,2024-03-16
1,07:39,"2pt turnaround jump shot (in the paint) missed by Kel'el Ware(Indiana), rebound defensive Brice Williams(Nebraska)",17 - 24,5252652,560804,560558,2024-03-16
1,07:55,"2pt layup (under the basket) made by Keisei Tominaga(Nebraska), assist Rienk Mast(Nebraska)",17 - 24,5252652,560804,560558,2024-03-16
1,08:13,"2pt driving layup (under the basket) missed by Xavier Johnson(Indiana), rebound defensive Josiah Allick(Nebraska)",17 - 22,5252652,560804,560558,2024-03-16
1,08:27,Substitution Indiana: in Gabe Cupps,17 - 22,5252652,560804,560558,2024-03-16
1,08:27,Substitution Indiana: out Mackenzie Mgbako,17 - 22,5252652,560804,560558,2024-03-16
1,08:27,Timeout commercial,17 - 22,5252652,560804,560558,2024-03-16
1,08:27,Timeout short Indiana,17 - 22,5252652,560804,560558,2024-03-16
1,08:36,"3pt jump shot (outside right) made by Brice Williams(Nebraska), assist Rienk Mast(Nebraska)",17 - 22,5252652,560804,560558,2024-03-16
1,08:55,"2pt floating jump shot (in the paint) missed by Anthony Leal(Indiana), rebound defensive Rienk Mast(Nebraska)",17 - 19,5252652,560804,560558,2024-03-16
1,09:01,Substitution Nebraska: in Josiah Allick,17 - 19,5252652,560804,560558,2024-03-16
1,09:01,Substitution Nebraska: out Sam Hoiberg,17 - 19,5252652,560804,560558,2024-03-16
1,09:01,Substitution Indiana: in Kel'el Ware,17 - 19,5252652,560804,560558,2024-03-16
1,09:01,Substitution Indiana: out Anthony Walker,17 - 19,5252652,560804,560558,2024-03-16
1,09:16,"3pt jump shot (outside left wing) missed by Sam Hoiberg(Nebraska), rebound defensive Mackenzie Mgbako(Indiana)",17 - 19,5252652,560804,560558,2024-03-16
1,09:29,"2pt floating jump shot (2nd chance;blocked) (in the paint) missed by Xavier Johnson(Indiana), block Brice Williams(Nebraska), rebound defensive Keisei Tominaga(Nebraska)",17 - 19,5252652,560804,560558,2024-03-16
1,09:41,"Foul personal (under the basket) Keisei Tominaga(Nebraska), foul on Anthony Leal(Indiana)",17 - 19,5252652,560804,560558,2024-03-16
1,09:42,"2pt driving layup (under the basket) missed by Xavier Johnson(Indiana), rebound offensive Anthony Leal(Indiana)",17 - 19,5252652,560804,560558,2024-03-16
1,10:08,"3pt jump shot (outside center) made by Brice Williams(Nebraska), assist Rienk Mast(Nebraska)",17 - 19,5252652,560804,560558,2024-03-16
1,10:26,"2pt layup (under the basket) made by Anthony Walker(Indiana), assist Malik Reneau(Indiana)",17 - 16,5252652,560804,560558,2024-03-16
1,10:46,"3pt jump shot (off turnover) (outside left) made by Jamarques Lawrence(Nebraska), assist Keisei Tominaga(Nebraska)",15 - 16,5252652,560804,560558,2024-03-16
1,10:49,Substitution Indiana: in Malik Reneau,15 - 13,5252652,560804,560558,2024-03-16
1,10:49,Substitution Indiana: out Kel'el Ware,15 - 13,5252652,560804,560558,2024-03-16
1,10:51,"Turnover bad pass (back court) Kel'el Ware(Indiana), steal Brice Williams(Nebraska)",15 - 13,5252652,560804,560558,2024-03-16
1,10:52,Turnover (under the basket) Sam Hoiberg(Nebraska),15 - 13,5252652,560804,560558,2024-03-16
1,10:57,"3pt pull up jump shot (fast break) (outside center) missed by Keisei Tominaga(Nebraska), rebound defensive Kel'el Ware(Indiana)",15 - 13,5252652,560804,560558,2024-03-16
1,11:06,"2pt step back jump shot (inside left) missed by Mackenzie Mgbako(Indiana), rebound defensive Rienk Mast(Nebraska)",15 - 13,5252652,560804,560558,2024-03-16
1,11:26,"2pt pull up jump shot (off turnover) (inside left) missed by Brice Williams(Nebraska), rebound defensive Xavier Johnson(Indiana)",15 - 13,5252652,560804,560558,2024-03-16
1,11:44,Substitution Indiana: in Anthony Walker,15 - 13,5252652,560804,560558,2024-03-16
1,11:44,Substitution Indiana: in Xavier Johnson,15 - 13,5252652,560804,560558,2024-03-16
1,11:44,Substitution Indiana: out Malik Reneau,15 - 13,5252652,560804,560558,2024-03-16
1,11:44,Substitution Indiana: out Gabe Cupps,15 - 13,5252652,560804,560558,2024-03-16
1,11:44,Substitution Nebraska: in Keisei Tominaga,15 - 13,5252652,560804,560558,2024-03-16
1,11:44,Substitution Nebraska: in Brice Williams,15 - 13,5252652,560804,560558,2024-03-16
1,11:44,Substitution Nebraska: out Juwan Gary,15 - 13,5252652,560804,560558,2024-03-16
1,11:44,Substitution Nebraska: out C.J. Wilcher,15 - 13,5252652,560804,560558,2024-03-16
1,11:44,Timeout commercial,15 - 13,5252652,560804,560558,2024-03-16
1,11:44,Turnover bad pass (inside right) Malik Reneau(Indiana),15 - 13,5252652,560804,560558,2024-03-16
1,11:53,"2pt layup (off turnover) (under the basket) missed by Kel'el Ware(Indiana), rebound offensive Mackenzie Mgbako(Indiana)",15 - 13,5252652,560804,560558,2024-03-16
1,12:08,"Turnover lost ball (in the paint) Rienk Mast(Nebraska), steal Kel'el Ware(Indiana)",15 - 13,5252652,560804,560558,2024-03-16
1,12:24,"3pt jump shot (outside left) missed by Rienk Mast(Nebraska), rebound offensive Juwan Gary(Nebraska)",15 - 13,5252652,560804,560558,2024-03-16
1,12:53,"3pt jump shot (2nd chance) (outside left) made by Mackenzie Mgbako(Indiana), assist Anthony Leal(Indiana)",15 - 13,5252652,560804,560558,2024-03-16
1,12:54,Substitution Nebraska: in Rienk Mast,12 - 13,5252652,560804,560558,2024-03-16
1,12:54,Substitution Nebraska: out Josiah Allick,12 - 13,5252652,560804,560558,2024-03-16
1,12:56,"2pt driving layup (in the paint) missed by Mackenzie Mgbako(Indiana), rebound offensive (team) Indiana",12 - 13,5252652,560804,560558,2024-03-16
1,13:23,"3pt jump shot (off turnover) (outside center) missed by C.J. Wilcher(Nebraska), rebound defensive (team) Indiana, rebound defensive (team) Indiana",12 - 13,5252652,560804,560558,2024-03-16
1,13:33,Substitution Indiana: in Anthony Leal,12 - 13,5252652,560804,560558,2024-03-16
1,13:33,Substitution Indiana: out Xavier Johnson,12 - 13,5252652,560804,560558,2024-03-16
1,13:33,Turnover bad pass (outside left) Gabe Cupps(Indiana),12 - 13,5252652,560804,560558,2024-03-16
1,13:50,"3pt jump shot (2nd chance) (outside left) made by C.J. Wilcher(Nebraska), assist Jamarques Lawrence(Nebraska)",12 - 13,5252652,560804,560558,2024-03-16
1,13:53,Substitution Nebraska: in Sam Hoiberg,12 - 10,5252652,560804,560558,2024-03-16
1,13:53,Substitution Nebraska: out Brice Williams,12 - 10,5252652,560804,560558,2024-03-16
1,13:54,"2pt pull up jump shot (in the paint) missed by Juwan Gary(Nebraska), rebound offensive (team) Nebraska",12 - 10,5252652,560804,560558,2024-03-16
1,14:17,"2pt driving layup (under the basket) made by Xavier Johnson(Indiana), assist Kel'el Ware(Indiana)",12 - 10,5252652,560804,560558,2024-03-16
1,14:39,"3pt jump shot (outside center) missed by Juwan Gary(Nebraska), rebound defensive Kel'el Ware(Indiana)",10 - 10,5252652,560804,560558,2024-03-16
1,14:53,Substitution Nebraska: in Jamarques Lawrence,10 - 10,5252652,560804,560558,2024-03-16
1,14:53,Substitution Nebraska: in C.J. Wilcher,10 - 10,5252652,560804,560558,2024-03-16
1,14:53,Substitution Nebraska: out Rienk Mast,10 - 10,5252652,560804,560558,2024-03-16
1,14:53,Substitution Nebraska: out Keisei Tominaga,10 - 10,5252652,560804,560558,2024-03-16
1,16:22,2pt layup (2nd chance;off turnover) (under the basket) made by Mackenzie Mgbako(Indiana),10 - 10,5252652,560804,560558,2024-03-16
1,14:53,"Foul personal (outside right) Gabe Cupps(Indiana), foul on Keisei Tominaga(Nebraska)",9 - 10,5252652,560804,560558,2024-03-16
1,15:02,"2pt layup (in the paint) made by Mackenzie Mgbako(Indiana), assist Gabe Cupps(Indiana)",9 - 10,5252652,560804,560558,2024-03-16
1,15:02,2pt (in the paint) missed by Indiana,7 - 10,5252652,560804,560558,2024-03-16
1,15:27,2pt floating jump shot (inside left) made by Brice Williams(Nebraska),7 - 10,5252652,560804,560558,2024-03-16
1,15:39,"2pt hook shot (in the paint) missed by Malik Reneau(Indiana), rebound defensive Rienk Mast(Nebraska)",7 - 8,5252652,560804,560558,2024-03-16
1,15:48,"2pt layup (in the paint) missed by Josiah Allick(Nebraska), rebound defensive Kel'el Ware(Indiana)",7 - 8,5252652,560804,560558,2024-03-16
1,16:05,"3pt jump shot (off turnover) (outside left) missed by Kel'el Ware(Indiana), rebound defensive Brice Williams(Nebraska)",7 - 8,5252652,560804,560558,2024-03-16
1,16:10,"Turnover bad pass (outside center) Juwan Gary(Nebraska), steal Gabe Cupps(Indiana)",7 - 8,5252652,560804,560558,2024-03-16
1,16:22,Free throw 2 of 2 made by Mackenzie Mgbako(Indiana),11 - 10,5252652,560804,560558,2024-03-16
1,16:22,Free throw 1 of 1 made by Mackenzie Mgbako(Indiana),10 - 10,5252652,560804,560558,2024-03-16
1,16:22,Foul personal (shooting;1 free throw) (under the basket) Juwan Gary(Nebraska),11 - 10,5252652,560804,560558,2024-03-16
1,16:24,"2pt layup (2nd chance;off turnover;blocked) (under the basket) missed by Mackenzie Mgbako(Indiana), block Juwan Gary(Nebraska), rebound offensive Mackenzie Mgbako(Indiana), block Rienk Mast(Nebraska)",5 - 8,5252652,560804,560558,2024-03-16
1,16:29,"2pt driving layup (off turnover;blocked;fast break) (under the basket) missed by Mackenzie Mgbako(Indiana), rebound offensive (team) Indiana",5 - 8,5252652,560804,560558,2024-03-16
1,16:33,"Turnover bad pass (outside left) Rienk Mast(Nebraska), steal Mackenzie Mgbako(Indiana)",5 - 8,5252652,560804,560558,2024-03-16
1,16:52,"3pt jump shot (outside left) missed by Gabe Cupps(Indiana), rebound defensive Josiah Allick(Nebraska)",5 - 8,5252652,560804,560558,2024-03-16
1,17:07,2pt driving layup (under the basket) made by Keisei Tominaga(Nebraska),5 - 8,5252652,560804,560558,2024-03-16
1,17:16,"3pt jump shot (outside center) missed by Mackenzie Mgbako(Indiana), rebound defensive Brice Williams(Nebraska)",5 - 6,5252652,560804,560558,2024-03-16
1,17:24,"3pt pull up jump shot (outside center) missed by Brice Williams(Nebraska), rebound defensive Mackenzie Mgbako(Indiana)",5 - 6,5252652,560804,560558,2024-03-16
1,17:39,3pt jump shot (outside right) made by Malik Reneau(Indiana),9 - 10,5252652,560804,560558,2024-03-16
1,18:04,3pt step back jump shot (outside right) made by Brice Williams(Nebraska),2 - 6,5252652,560804,560558,2024-03-16
1,18:15,"2pt hook shot (2nd chance) (in the paint) made by Malik Reneau(Indiana), assist Xavier Johnson(Indiana)",2 - 3,5252652,560804,560558,2024-03-16
1,18:26,"2pt floating jump shot (in the paint) missed by Malik Reneau(Indiana), rebound offensive Xavier Johnson(Indiana)",0 - 3,5252652,560804,560558,2024-03-16
1,18:46,"3pt jump shot (off turnover) (outside right) made by Brice Williams(Nebraska), assist Keisei Tominaga(Nebraska)",0 - 3,5252652,560804,560558,2024-03-16
1,18:56,"Turnover bad pass (inside left) Mackenzie Mgbako(Indiana), steal Keisei Tominaga(Nebraska)",0 - 0,5252652,560804,560558,2024-03-16
1,19:24,"2pt driving layup (2nd chance;off turnover;blocked) (in the paint) missed by Juwan Gary(Nebraska), block Kel'el Ware(Indiana), rebound defensive Xavier Johnson(Indiana)",0 - 0,5252652,560804,560558,2024-03-16
1,19:28,"Foul personal (under the basket) Xavier Johnson(Indiana), foul on Josiah Allick(Nebraska)",0 - 0,5252652,560804,560558,2024-03-16
1,19:30,"2pt driving layup (off turnover;blocked) (in the paint) missed by Josiah Allick(Nebraska), block Mackenzie Mgbako(Indiana), rebound offensive Josiah Allick(Nebraska), rebound offensive Josiah Allick(Nebraska)",0 - 0,5252652,560804,560558,2024-03-16
1,19:47,"Turnover bad pass (back court) Kel'el Ware(Indiana), steal Josiah Allick(Nebraska)",0 - 0,5252652,560804,560558,2024-03-16
1,19:47,Turnover (outside center) Nebraska,0 - 0,5252652,560804,560558,2024-03-16
1,20:00,"Jump ball start period, won Kel'el Ware(Indiana), lost Brice Williams(Nebraska)",0 - 0,5252652,560804,560558,2024-03-16
1,20:00,Period start,0 - 0,5252652,560804,560558,2024-03-16
1,20:00,Game start,0 - 0,5252652,560804,560558,2024-03-16
2,06:49,"2pt floating jump shot (in the paint) missed by Mohamed Diarra(NC State), rebound defensive Ryan Dunn(Virginia)",44 - 45,5251828,561220,560978,2024-03-16
2,07:19,"3pt jump shot (2nd chance) (outside center) made by Isaac McKneely(Virginia), assist Reece Beekman(Virginia)",44 - 45,5251828,561220,560978,2024-03-16
2,07:22,"Foul personal (in the paint) Ben Middlebrooks(NC State), foul on Jordan Minor(Virginia)",44 - 42,5251828,561220,560978,2024-03-16
2,07:25,"3pt jump shot (outside left) missed by Ryan Dunn(Virginia), rebound offensive Jordan Minor(Virginia)",44 - 42,5251828,561220,560978,2024-03-16
2,07:43,Substitution NC State: in Jayden Taylor,44 - 42,5251828,561220,560978,2024-03-16
2,07:43,Substitution NC State: out Michael O'Connell,44 - 42,5251828,561220,560978,2024-03-16
2,07:43,Timeout commercial,44 - 42,5251828,561220,560978,2024-03-16
2,07:43,"Foul personal (outside center) Michael O'Connell(NC State), foul on Isaac McKneely(Virginia)",44 - 42,5251828,561220,560978,2024-03-16
2,08:06,2pt pull up jump shot (inside left) made by Casey Morsell(NC State),44 - 42,5251828,561220,560978,2024-03-16
2,08:26,"2pt layup (under the basket) made by Taine Murray(Virginia), assist Reece Beekman(Virginia)",42 - 42,5251828,561220,560978,2024-03-16
2,08:48,"3pt jump shot (off turnover) (outside center) missed by Michael O'Connell(NC State), rebound defensive Taine Murray(Virginia)",42 - 40,5251828,561220,560978,2024-03-16
2,09:11,"Turnover lost ball (inside right) Jordan Minor(Virginia), steal DJ Horne(NC State)",42 - 40,5251828,561220,560978,2024-03-16
2,09:29,Substitution NC State: in Ben Middlebrooks,42 - 40,5251828,561220,560978,2024-03-16
2,09:29,Substitution NC State: in Casey Morsell,42 - 40,5251828,561220,560978,2024-03-16
2,09:29,Substitution NC State: out D.J. Burns Jr.,42 - 40,5251828,561220,560978,2024-03-16
2,09:29,Substitution NC State: out Jayden Taylor,42 - 40,5251828,561220,560978,2024-03-16
2,09:29,Substitution Virginia: in Isaac McKneely,42 - 40,5251828,561220,560978,2024-03-16
2,09:29,Substitution Virginia: out Andrew Rohde,42 - 40,5251828,561220,560978,2024-03-16
2,09:29,Timeout commercial,42 - 40,5251828,561220,560978,2024-03-16
2,09:29,Timeout short Virginia,42 - 40,5251828,561220,560978,2024-03-16
2,09:38,"3pt jump shot (outside center) missed by Mohamed Diarra(NC State), rebound defensive Andrew Rohde(Virginia)",42 - 40,5251828,561220,560978,2024-03-16
2,09:52,"2pt pull up jump shot (in the paint) missed by Reece Beekman(Virginia), rebound defensive Mohamed Diarra(NC State)",42 - 40,5251828,561220,560978,2024-03-16
2,10:13,"2pt floating jump shot (in the paint) missed by DJ Horne(NC State), rebound defensive Jordan Minor(Virginia)",42 - 40,5251828,561220,560978,2024-03-16
2,10:27,"2pt layup (under the basket) missed by Ryan Dunn(Virginia), rebound defensive D.J. Burns Jr.(NC State)",42 - 40,5251828,561220,560978,2024-03-16
2,10:37,"2pt step back jump shot (in the paint) missed by D.J. Burns Jr.(NC State), rebound defensive Andrew Rohde(Virginia), rebound defensive Andrew Rohde(Virginia)",42 - 40,5251828,561220,560978,2024-03-16
2,10:56,"2pt pull up jump shot (in the paint) missed by Taine Murray(Virginia), rebound defensive Mohamed Diarra(NC State)",42 - 40,5251828,561220,560978,2024-03-16
2,11:13,Free throw 2 of 2 (2nd chance) made by D.J. Burns Jr.(NC State),42 - 40,5251828,561220,560978,2024-03-16
2,11:13,Free throw 1 of 2 (2nd chance) made by D.J. Burns Jr.(NC State),41 - 40,5251828,561220,560978,2024-03-16
2,11:13,Foul personal (shooting;2 free throws) (in the paint) Jordan Minor(Virginia),40 - 40,5251828,561220,560978,2024-03-16
2,11:21,Substitution NC State: in D.J. Burns Jr.,40 - 40,5251828,561220,560978,2024-03-16
2,11:21,Substitution NC State: out Ben Middlebrooks,40 - 40,5251828,561220,560978,2024-03-16
2,11:23,"2pt floating jump shot (in the paint) missed by Michael O'Connell(NC State), rebound offensive (team) NC State",40 - 40,5251828,561220,560978,2024-03-16
2,11:39,"3pt jump shot (outside right) made by Taine Murray(Virginia), assist Reece Beekman(Virginia)",40 - 40,5251828,561220,560978,2024-03-16
2,11:49,Substitution Virginia: in Jordan Minor,40 - 37,5251828,561220,560978,2024-03-16
2,11:49,Substitution Virginia: in Andrew Rohde,40 - 37,5251828,561220,560978,2024-03-16
2,11:49,Substitution Virginia: out Jacob Groves,40 - 37,5251828,561220,560978,2024-03-16
2,11:49,Substitution Virginia: out Isaac McKneely,40 - 37,5251828,561220,560978,2024-03-16
2,11:49,Timeout commercial,40 - 37,5251828,561220,560978,2024-03-16
2,11:49,"Foul personal (inside right) Michael O'Connell(NC State), foul on Taine Murray(Virginia)",40 - 37,5251828,561220,560978,2024-03-16
2,11:59,"3pt jump shot (2nd chance;off turnover) (outside right) made by Michael O'Connell(NC State), assist Mohamed Diarra(NC State)",40 - 37,5251828,561220,560978,2024-03-16
2,12:04,"3pt jump shot (off turnover) (outside right) missed by DJ Horne(NC State), rebound offensive Mohamed Diarra(NC State)",37 - 37,5251828,561220,560978,2024-03-16
2,12:08,"Turnover bad pass (inside left) Jacob Groves(Virginia), steal Ben Middlebrooks(NC State)",37 - 37,5251828,561220,560978,2024-03-16
2,12:23,"3pt jump shot (outside right) missed by Mohamed Diarra(NC State), rebound defensive Isaac McKneely(Virginia)",37 - 37,5251828,561220,560978,2024-03-16
2,12:41,"2pt jump shot (inside left wing) made by Reece Beekman(Virginia), assist Taine Murray(Virginia)",37 - 37,5251828,561220,560978,2024-03-16
2,13:10,2pt pull up jump shot (inside right) made by Jayden Taylor(NC State),37 - 35,5251828,561220,560978,2024-03-16
2,13:21,"2pt driving layup (blocked) (under the basket) missed by Taine Murray(Virginia), block Ben Middlebrooks(NC State), rebound defensive Mohamed Diarra(NC State)",35 - 35,5251828,561220,560978,2024-03-16
2,13:41,"2pt layup (under the basket) missed by Ben Middlebrooks(NC State), rebound defensive Ryan Dunn(Virginia), rebound defensive Ryan Dunn(Virginia)",35 - 35,5251828,561220,560978,2024-03-16
2,14:08,"3pt jump shot (outside left) missed by Jacob Groves(Virginia), rebound defensive DJ Horne(NC State)",35 - 35,5251828,561220,560978,2024-03-16
2,14:34,Free throw 2 of 2 made by Ben Middlebrooks(NC State),35 - 35,5251828,561220,560978,2024-03-16
2,14:34,Substitution Virginia: in Ryan Dunn,34 - 35,5251828,561220,560978,2024-03-16
2,14:34,Substitution Virginia: out Blake Buchanan,34 - 35,5251828,561220,560978,2024-03-16
2,14:34,Free throw 1 of 2 made by Ben Middlebrooks(NC State),34 - 35,5251828,561220,560978,2024-03-16
2,14:34,Foul personal (shooting;2 free throws) (under the basket) Jacob Groves(Virginia),33 - 35,5251828,561220,560978,2024-03-16
2,14:51,"2pt pull up jump shot (inside left) missed by Jacob Groves(Virginia), rebound defensive Mohamed Diarra(NC State)",33 - 35,5251828,561220,560978,2024-03-16
2,15:12,2pt driving layup (off turnover) (under the basket) made by DJ Horne(NC State),33 - 35,5251828,561220,560978,2024-03-16
2,15:17,Substitution Virginia: in Jacob Groves,31 - 35,5251828,561220,560978,2024-03-16
2,15:17,Substitution Virginia: in Taine Murray,31 - 35,5251828,561220,560978,2024-03-16
2,15:17,Substitution Virginia: out Ryan Dunn,31 - 35,5251828,561220,560978,2024-03-16
2,15:17,Substitution Virginia: out Andrew Rohde,31 - 35,5251828,561220,560978,2024-03-16
2,15:17,Timeout commercial,31 - 35,5251828,561220,560978,2024-03-16
2,15:23,"Turnover bad pass (inside left) Reece Beekman(Virginia), steal Ben Middlebrooks(NC State)",31 - 35,5251828,561220,560978,2024-03-16
2,15:31,"2pt layup (2nd chance;blocked) (under the basket) missed by Ben Middlebrooks(NC State), block Blake Buchanan(Virginia), rebound defensive Blake Buchanan(Virginia)",31 - 35,5251828,561220,560978,2024-03-16
2,15:34,"2pt layup (in the paint) missed by Ben Middlebrooks(NC State), rebound offensive Ben Middlebrooks(NC State)",31 - 35,5251828,561220,560978,2024-03-16
2,16:02,"Free throw 3 of 3 missed by Isaac McKneely(Virginia), rebound defensive Ben Middlebrooks(NC State)",31 - 35,5251828,561220,560978,2024-03-16
2,16:02,Substitution NC State: in Ben Middlebrooks,31 - 35,5251828,561220,560978,2024-03-16
2,16:02,Substitution NC State: in Jayden Taylor,31 - 35,5251828,561220,560978,2024-03-16
2,16:02,Substitution NC State: out D.J. Burns Jr.,31 - 35,5251828,561220,560978,2024-03-16
2,16:02,Substitution NC State: out Casey Morsell,31 - 35,5251828,561220,560978,2024-03-16
2,16:02,Substitution Virginia: in Blake Buchanan,31 - 35,5251828,561220,560978,2024-03-16
2,16:02,Substitution Virginia: out Jordan Minor,31 - 35,5251828,561220,560978,2024-03-16
2,16:02,Free throw 2 of 3 made by Isaac McKneely(Virginia),31 - 35,5251828,561220,560978,2024-03-16
2,16:02,Free throw 1 of 3 made by Isaac McKneely(Virginia),31 - 34,5251828,561220,560978,2024-03-16
2,16:02,Foul personal (shooting;3 free throws) (outside left) Mohamed Diarra(NC State),31 - 33,5251828,561220,560978,2024-03-16
2,16:23,"3pt step back jump shot (outside center) missed by DJ Horne(NC State), rebound defensive Ryan Dunn(Virginia)",31 - 33,5251828,561220,560978,2024-03-16
2,16:36,"3pt jump shot (off turnover) (outside left) missed by Andrew Rohde(Virginia), rebound defensive Mohamed Diarra(NC State)",31 - 33,5251828,561220,560978,2024-03-16
2,16:48,"Foul offensive (under the basket) Michael O'Connell(NC State), turnover offensive Michael O'Connell(NC State), foul on Isaac McKneely(Virginia)",31 - 33,5251828,561220,560978,2024-03-16
2,17:03,"2pt alley oop (2nd chance) (under the basket) made by Ryan Dunn(Virginia), assist Reece Beekman(Virginia)",31 - 33,5251828,561220,560978,2024-03-16
2,17:07,3pt step back jump shot (outside center) missed by Reece Beekman(Virginia),31 - 31,5251828,561220,560978,2024-03-16
2,17:36,"3pt jump shot (off turnover) (outside center) missed by Michael O'Connell(NC State), rebound defensive Jordan Minor(Virginia)",31 - 31,5251828,561220,560978,2024-03-16
2,17:50,"Turnover bad pass (outside left) Andrew Rohde(Virginia), steal Michael O'Connell(NC State)",31 - 31,5251828,561220,560978,2024-03-16
2,18:16,"2pt layup (under the basket) made by Mohamed Diarra(NC State), assist D.J. Burns Jr.(NC State)",31 - 31,5251828,561220,560978,2024-03-16
2,18:43,"2pt step back jump shot (2nd chance) (inside center) missed by Ryan Dunn(Virginia), rebound defensive D.J. Burns Jr.(NC State), rebound defensive D.J. Burns Jr.(NC State)",29 - 31,5251828,561220,560978,2024-03-16
2,18:47,"2pt floating jump shot (2nd chance) (in the paint) missed by Reece Beekman(Virginia), rebound offensive Ryan Dunn(Virginia), rebound offensive Ryan Dunn(Virginia)",29 - 31,5251828,561220,560978,2024-03-16
2,18:53,"2pt layup (blocked) (in the paint) missed by Jordan Minor(Virginia), block D.J. Burns Jr.(NC State), rebound offensive Jordan Minor(Virginia), rebound offensive Jordan Minor(Virginia)",29 - 31,5251828,561220,560978,2024-03-16
2,19:14,"2pt turnaround jump shot (inside left) missed by Mohamed Diarra(NC State), rebound defensive Ryan Dunn(Virginia)",29 - 31,5251828,561220,560978,2024-03-16
2,19:45,2pt driving layup (under the basket) made by Reece Beekman(Virginia),29 - 31,5251828,561220,560978,2024-03-16
2,20:00,Period start,29 - 29,5251828,561220,560978,2024-03-16
1,00:00.00,Period end (confirmed),29 - 29,5251828,561220,560978,2024-03-16
1,00:01.10,2pt driving layup (under the basket) made by Michael O'Connell(NC State),29 - 29,5251828,561220,560978,2024-03-16
1,00:10.10,"Foul personal (outside center) Isaac McKneely(Virginia), foul on Michael O'Connell(NC State)",27 - 29,5251828,561220,560978,2024-03-16
1,00:19.80,Substitution NC State: in D.J. Burns Jr.,27 - 29,5251828,561220,560978,2024-03-16
1,00:19.80,Substitution NC State: out Ben Middlebrooks,27 - 29,5251828,561220,560978,2024-03-16
1,00:19.80,Timeout short NC State,27 - 29,5251828,561220,560978,2024-03-16
1,00:20.60,"2pt layup (2nd chance) (under the basket) made by Jordan Minor(Virginia), assist Ryan Dunn(Virginia)",27 - 29,5251828,561220,560978,2024-03-16
1,00:24.30,"3pt step back jump shot (outside left wing) missed by Andrew Rohde(Virginia), rebound offensive Jordan Minor(Virginia), rebound offensive Ryan Dunn(Virginia)",27 - 29,5251828,561220,560978,2024-03-16
1,00:49.20,"3pt jump shot (2nd chance;off turnover) (outside right) missed by Michael O'Connell(NC State), rebound defensive Reece Beekman(Virginia)",27 - 29,5251828,561220,560978,2024-03-16
1,00:54.50,"2pt driving layup (off turnover;blocked) (in the paint) missed by Ben Middlebrooks(NC State), block Ryan Dunn(Virginia), rebound offensive Ben Middlebrooks(NC State), rebound offensive Ben Middlebrooks(NC State)",27 - 27,5251828,561220,560978,2024-03-16
1,01:18,"Turnover lost ball Jordan Minor(Virginia), steal Ben Middlebrooks(NC State)",27 - 27,5251828,561220,560978,2024-03-16
1,01:18,Jump ball held ball NC State,27 - 27,5251828,561220,560978,2024-03-16
1,01:41,2pt pull up jump shot (inside right) made by Michael O'Connell(NC State),27 - 27,5251828,561220,560978,2024-03-16
1,02:06,Substitution NC State: in Ben Middlebrooks,25 - 27,5251828,561220,560978,2024-03-16
1,02:06,Substitution NC State: out D.J. Burns Jr.,25 - 27,5251828,561220,560978,2024-03-16
1,02:06,Free throw 1 of 1 made by Reece Beekman(Virginia),25 - 27,5251828,561220,560978,2024-03-16
1,02:06,"Foul personal (shooting) (under the basket) D.J. Burns Jr.(NC State), foul on Reece Beekman(Virginia)",25 - 26,5251828,561220,560978,2024-03-16
1,02:06,2pt driving layup (under the basket) made by Reece Beekman(Virginia),25 - 26,5251828,561220,560978,2024-03-16
1,02:31,"2pt step back jump shot (inside center) missed by Casey Morsell(NC State), rebound defensive Jordan Minor(Virginia)",25 - 24,5251828,561220,560978,2024-03-16
1,02:56,3pt pull up jump shot (off turnover) (outside center) made by Reece Beekman(Virginia),25 - 24,5251828,561220,560978,2024-03-16
1,03:13,"Turnover bad pass (inside right) Michael O'Connell(NC State), steal Jordan Minor(Virginia)",25 - 21,5251828,561220,560978,2024-03-16
1,03:45,"2pt pull up jump shot (off turnover) (inside right) missed by Isaac McKneely(Virginia), rebound defensive D.J. Burns Jr.(NC State)",25 - 21,5251828,561220,560978,2024-03-16
1,03:57,Timeout commercial,25 - 21,5251828,561220,560978,2024-03-16
1,03:57,"Foul offensive (back court) Mohamed Diarra(NC State), turnover offensive Mohamed Diarra(NC State), foul on Andrew Rohde(Virginia)",25 - 21,5251828,561220,560978,2024-03-16
1,04:08,Substitution Virginia: in Andrew Rohde,25 - 21,5251828,561220,560978,2024-03-16
1,04:08,Substitution Virginia: out Taine Murray,25 - 21,5251828,561220,560978,2024-03-16
1,04:08,Substitution NC State: in Casey Morsell,25 - 21,5251828,561220,560978,2024-03-16
1,04:08,Substitution NC State: out Jayden Taylor,25 - 21,5251828,561220,560978,2024-03-16
1,04:08,"Turnover lost ball (in the paint) Reece Beekman(Virginia), steal DJ Horne(NC State)",25 - 21,5251828,561220,560978,2024-03-16
1,04:20,"2pt jump shot (inside center) missed by Jayden Taylor(NC State), rebound defensive Reece Beekman(Virginia)",25 - 21,5251828,561220,560978,2024-03-16
1,04:33,2pt jump shot (blocked) (inside left) missed by Isaac McKneely(Virginia),25 - 21,5251828,561220,560978,2024-03-16
1,04:52,2pt hook shot (in the paint) made by D.J. Burns Jr.(NC State),25 - 21,5251828,561220,560978,2024-03-16
1,05:01,"Foul personal (in the paint) Jordan Minor(Virginia), foul on D.J. Burns Jr.(NC State)",23 - 21,5251828,561220,560978,2024-03-16
1,05:25,"2pt floating jump shot (in the paint) missed by Jordan Minor(Virginia), rebound defensive Michael O'Connell(NC State)",23 - 21,5251828,561220,560978,2024-03-16
1,05:47,"3pt jump shot (outside left) missed by Mohamed Diarra(NC State), rebound defensive Jordan Minor(Virginia)",23 - 21,5251828,561220,560978,2024-03-16
1,06:22,2pt pull up jump shot (off turnover) (in the paint) made by Reece Beekman(Virginia),23 - 21,5251828,561220,560978,2024-03-16
1,06:40,Substitution NC State: in D.J. Burns Jr.,23 - 19,5251828,561220,560978,2024-03-16
1,06:40,Substitution NC State: in Mohamed Diarra,23 - 19,5251828,561220,560978,2024-03-16
1,06:40,Substitution NC State: in DJ Horne,23 - 19,5251828,561220,560978,2024-03-16
1,06:40,Substitution NC State: out Ben Middlebrooks,23 - 19,5251828,561220,560978,2024-03-16
1,06:40,Substitution NC State: out Casey Morsell,23 - 19,5251828,561220,560978,2024-03-16
1,06:40,Substitution NC State: out Breon Pass,23 - 19,5251828,561220,560978,2024-03-16
1,06:40,Substitution Virginia: in Jordan Minor,23 - 19,5251828,561220,560978,2024-03-16
1,06:40,Substitution Virginia: out Jacob Groves,23 - 19,5251828,561220,560978,2024-03-16
1,06:40,Timeout commercial,23 - 19,5251828,561220,560978,2024-03-16
1,06:40,"Turnover bad pass (outside left) Michael O'Connell(NC State), steal Reece Beekman(Virginia)",23 - 19,5251828,561220,560978,2024-03-16
1,06:57,"3pt jump shot (outside right) missed by Reece Beekman(Virginia), rebound defensive Breon Pass(NC State)",23 - 19,5251828,561220,560978,2024-03-16
1,07:20,"2pt layup (under the basket) made by Ben Middlebrooks(NC State), assist Michael O'Connell(NC State)",23 - 19,5251828,561220,560978,2024-03-16
1,07:47,"3pt jump shot (outside left) made by Jacob Groves(Virginia), assist Reece Beekman(Virginia)",21 - 19,5251828,561220,560978,2024-03-16
1,08:01,Free throw 1 of 1 made by Ben Middlebrooks(NC State),21 - 16,5251828,561220,560978,2024-03-16
1,08:01,Substitution NC State: in Michael O'Connell,20 - 16,5251828,561220,560978,2024-03-16
1,08:01,Substitution NC State: out DJ Horne,20 - 16,5251828,561220,560978,2024-03-16
1,08:01,Foul personal (shooting;1 free throw) (under the basket) Jacob Groves(Virginia),20 - 16,5251828,561220,560978,2024-03-16
1,08:01,"2pt layup (under the basket) made by Ben Middlebrooks(NC State), assist Jayden Taylor(NC State)",20 - 16,5251828,561220,560978,2024-03-16
1,08:21,"2pt layup (in the paint) made by Ryan Dunn(Virginia), assist Reece Beekman(Virginia)",18 - 16,5251828,561220,560978,2024-03-16
1,08:41,Substitution Virginia: in Isaac McKneely,18 - 14,5251828,561220,560978,2024-03-16
1,08:41,Substitution Virginia: in Taine Murray,18 - 14,5251828,561220,560978,2024-03-16
1,08:41,Substitution Virginia: out Andrew Rohde,18 - 14,5251828,561220,560978,2024-03-16
1,08:41,Substitution Virginia: out Dante Harris,18 - 14,5251828,561220,560978,2024-03-16
1,08:41,2pt driving layup (off turnover;fast break) (under the basket) made by DJ Horne(NC State),18 - 14,5251828,561220,560978,2024-03-16
1,08:45,"Turnover lost ball (inside center) Reece Beekman(Virginia), steal Casey Morsell(NC State)",16 - 14,5251828,561220,560978,2024-03-16
1,09:13,"2pt layup (off turnover) (in the paint) made by Ben Middlebrooks(NC State), assist Breon Pass(NC State)",16 - 14,5251828,561220,560978,2024-03-16
1,09:34,Turnover shot clock (team) (under the basket) Virginia,14 - 14,5251828,561220,560978,2024-03-16
1,09:36,"2pt driving layup (off turnover;blocked) (under the basket) missed by Dante Harris(Virginia), block Breon Pass(NC State)",16 - 14,5251828,561220,560978,2024-03-16
1,10:05,Substitution NC State: in Breon Pass,14 - 14,5251828,561220,560978,2024-03-16
1,10:05,Substitution NC State: out Mohamed Diarra,14 - 14,5251828,561220,560978,2024-03-16
1,10:05,Substitution Virginia: in Ryan Dunn,14 - 14,5251828,561220,560978,2024-03-16
1,10:05,Substitution Virginia: in Reece Beekman,14 - 14,5251828,561220,560978,2024-03-16
1,10:05,Substitution Virginia: out Isaac McKneely,14 - 14,5251828,561220,560978,2024-03-16
1,10:05,Substitution Virginia: out Blake Buchanan,14 - 14,5251828,561220,560978,2024-03-16
1,10:05,Timeout commercial,14 - 14,5251828,561220,560978,2024-03-16
1,10:05,"Foul personal (back court) Ben Middlebrooks(NC State), foul on Dante Harris(Virginia)",14 - 14,5251828,561220,560978,2024-03-16
1,10:06,"Turnover lost ball (outside left) DJ Horne(NC State), steal Dante Harris(Virginia)",14 - 14,5251828,561220,560978,2024-03-16
1,10:18,"3pt jump shot (outside left) made by Isaac McKneely(Virginia), assist Jacob Groves(Virginia)",14 - 14,5251828,561220,560978,2024-03-16
1,10:44,2pt layup (in the paint) made by Ben Middlebrooks(NC State),14 - 11,5251828,561220,560978,2024-03-16
1,11:13,"2pt layup (under the basket) made by Isaac McKneely(Virginia), assist Andrew Rohde(Virginia)",12 - 11,5251828,561220,560978,2024-03-16
1,11:31,"3pt jump shot (outside left) missed by DJ Horne(NC State), rebound defensive Andrew Rohde(Virginia), rebound defensive Andrew Rohde(Virginia)",12 - 9,5251828,561220,560978,2024-03-16
1,11:41,"3pt jump shot (outside left) missed by Andrew Rohde(Virginia), rebound defensive Casey Morsell(NC State)",12 - 9,5251828,561220,560978,2024-03-16
1,12:10,"2pt layup (under the basket) made by Mohamed Diarra(NC State), assist Casey Morsell(NC State)",12 - 9,5251828,561220,560978,2024-03-16
1,12:32,"2pt pull up jump shot (inside left) missed by Dante Harris(Virginia), rebound defensive Ben Middlebrooks(NC State)",10 - 9,5251828,561220,560978,2024-03-16
1,13:00,Free throw 2 of 2 made by Ben Middlebrooks(NC State),10 - 9,5251828,561220,560978,2024-03-16
1,13:00,Substitution NC State: in Casey Morsell,9 - 9,5251828,561220,560978,2024-03-16
1,13:00,Substitution NC State: out Michael O'Connell,9 - 9,5251828,561220,560978,2024-03-16
1,13:00,Substitution Virginia: in Dante Harris,9 - 9,5251828,561220,560978,2024-03-16
1,13:00,Substitution Virginia: out Reece Beekman,9 - 9,5251828,561220,560978,2024-03-16
1,13:00,"Free throw 1 of 2 missed by Ben Middlebrooks(NC State), rebound offensive dead ball NC State",9 - 9,5251828,561220,560978,2024-03-16
1,13:00,Foul personal (shooting;2 free throws) (under the basket) Blake Buchanan(Virginia),9 - 9,5251828,561220,560978,2024-03-16
1,13:11,"2pt driving layup (blocked) (in the paint) missed by Jacob Groves(Virginia), block Ben Middlebrooks(NC State), rebound defensive Ben Middlebrooks(NC State), rebound defensive Ben Middlebrooks(NC State)",9 - 9,5251828,561220,560978,2024-03-16
1,13:31,"3pt jump shot (outside left) made by Mohamed Diarra(NC State), assist DJ Horne(NC State)",9 - 9,5251828,561220,560978,2024-03-16
1,13:46,Free throw 2 of 2 made by Reece Beekman(Virginia),6 - 9,5251828,561220,560978,2024-03-16
1,13:46,Substitution NC State: in Ben Middlebrooks,6 - 8,5251828,561220,560978,2024-03-16
1,13:46,Substitution NC State: in Jayden Taylor,6 - 8,5251828,561220,560978,2024-03-16
1,13:46,Substitution NC State: out D.J. Burns Jr.,6 - 8,5251828,561220,560978,2024-03-16
1,13:46,Substitution NC State: out Casey Morsell,6 - 8,5251828,561220,560978,2024-03-16
1,13:46,Substitution Virginia: in Blake Buchanan,6 - 8,5251828,561220,560978,2024-03-16
1,13:46,Substitution Virginia: out Jordan Minor,6 - 8,5251828,561220,560978,2024-03-16
1,13:46,Free throw 1 of 2 made by Reece Beekman(Virginia),6 - 8,5251828,561220,560978,2024-03-16
1,13:46,Foul personal (shooting;2 free throws) (in the paint) Casey Morsell(NC State),6 - 7,5251828,561220,560978,2024-03-16
1,14:07,"3pt pull up jump shot (outside right) missed by DJ Horne(NC State), rebound defensive Andrew Rohde(Virginia)",6 - 7,5251828,561220,560978,2024-03-16
1,14:18,"3pt jump shot (outside center) missed by Andrew Rohde(Virginia), rebound defensive Mohamed Diarra(NC State)",6 - 7,5251828,561220,560978,2024-03-16
1,14:42,2pt layup (under the basket) made by D.J. Burns Jr.(NC State),6 - 7,5251828,561220,560978,2024-03-16
1,15:05,"2pt layup (off turnover;blocked) (under the basket) missed by Jordan Minor(Virginia), block DJ Horne(NC State), rebound defensive Mohamed Diarra(NC State)",4 - 7,5251828,561220,560978,2024-03-16
1,15:15,"Turnover bad pass (in the paint) D.J. Burns Jr.(NC State), steal Jacob Groves(Virginia)",4 - 7,5251828,561220,560978,2024-03-16
1,15:25,Substitution Virginia: in Jacob Groves,4 - 7,5251828,561220,560978,2024-03-16
1,15:25,Substitution Virginia: in Andrew Rohde,4 - 7,5251828,561220,560978,2024-03-16
1,15:25,Substitution Virginia: out Ryan Dunn,4 - 7,5251828,561220,560978,2024-03-16
1,15:25,Substitution Virginia: out Taine Murray,4 - 7,5251828,561220,560978,2024-03-16
1,15:25,Timeout commercial,4 - 7,5251828,561220,560978,2024-03-16
1,15:25,"Foul personal (in the paint) Ryan Dunn(Virginia), foul on Casey Morsell(NC State)",4 - 7,5251828,561220,560978,2024-03-16
1,15:27,"2pt jump shot (inside right) missed by D.J. Burns Jr.(NC State), rebound offensive Casey Morsell(NC State)",4 - 7,5251828,561220,560978,2024-03-16
1,15:50,2pt layup (2nd chance) (under the basket) made by Jordan Minor(Virginia),4 - 7,5251828,561220,560978,2024-03-16
1,15:53,"3pt jump shot (2nd chance) (outside left) missed by Isaac McKneely(Virginia), rebound offensive Jordan Minor(Virginia), rebound offensive Jordan Minor(Virginia)",4 - 5,5251828,561220,560978,2024-03-16
1,16:03,"2pt driving layup (2nd chance;blocked) (under the basket) missed by Taine Murray(Virginia), block Mohamed Diarra(NC State), rebound offensive Jordan Minor(Virginia)",4 - 5,5251828,561220,560978,2024-03-16
1,16:19,"3pt jump shot (outside left) missed by Isaac McKneely(Virginia), rebound offensive Jordan Minor(Virginia), rebound offensive Jordan Minor(Virginia)",4 - 5,5251828,561220,560978,2024-03-16
1,16:40,"2pt jump shot (inside left) made by Casey Morsell(NC State), assist Michael O'Connell(NC State)",4 - 5,5251828,561220,560978,2024-03-16
1,16:41,Substitution NC State: in DJ Horne,2 - 5,5251828,561220,560978,2024-03-16
1,16:41,Substitution NC State: out Jayden Taylor,2 - 5,5251828,561220,560978,2024-03-16
1,17:13,2pt dunk (under the basket) made by Ryan Dunn(Virginia),2 - 5,5251828,561220,560978,2024-03-16
1,17:35,2pt hook shot (in the paint) made by D.J. Burns Jr.(NC State),2 - 3,5251828,561220,560978,2024-03-16
1,17:50,"3pt jump shot (outside right) missed by Taine Murray(Virginia), rebound defensive Mohamed Diarra(NC State)",0 - 3,5251828,561220,560978,2024-03-16
1,18:10,"3pt jump shot (outside left) missed by Mohamed Diarra(NC State), rebound defensive Reece Beekman(Virginia)",0 - 3,5251828,561220,560978,2024-03-16
1,18:25,"2pt pull up jump shot (2nd chance) (in the paint) missed by Ryan Dunn(Virginia), rebound defensive Michael O'Connell(NC State)",0 - 3,5251828,561220,560978,2024-03-16
1,18:40,"2pt jump shot (inside left) missed by Isaac McKneely(Virginia), rebound offensive (team) Virginia",0 - 3,5251828,561220,560978,2024-03-16
1,19:05,"2pt step back jump shot (2nd chance) (inside left) missed by D.J. Burns Jr.(NC State), rebound defensive Ryan Dunn(Virginia), rebound defensive Ryan Dunn(Virginia)",0 - 3,5251828,561220,560978,2024-03-16
1,19:14,"2pt driving layup (in the paint) missed by Casey Morsell(NC State), rebound offensive (team) NC State",0 - 3,5251828,561220,560978,2024-03-16
1,19:36,"3pt jump shot (outside center) made by Isaac McKneely(Virginia), assist Reece Beekman(Virginia)",0 - 3,5251828,561220,560978,2024-03-16
1,20:00,"Jump ball start period, won Ryan Dunn(Virginia), lost Mohamed Diarra(NC State)",0 - 0,5251828,561220,560978,2024-03-16
1,20:00,Period start,0 - 0,5251828,561220,560978,2024-03-16
1,20:00,Game start,0 - 0,5251828,561220,560978,2024-03-16
2,07:47,"Foul personal (shooting) (in the paint) Chris Craig(Texas Southern), foul on Dylan Mclean(Alabama A&M)",51 - 55,5252507,561174,560654,2024-03-16
2,07:47,2pt floating jump shot (off turnover) (in the paint) made by Dylan Mclean(Alabama A&M),51 - 55,5252507,561174,560654,2024-03-16
2,08:10,Turnover travel (under the basket) Jonathan Cisse(Texas Southern),49 - 55,5252507,561174,560654,2024-03-16
2,08:31,Turnover lost ball (inside left) Chad Moodie(Alabama A&M),49 - 55,5252507,561174,560654,2024-03-16
2,08:46,Substitution Texas Southern: in Jaylen Wysinger,49 - 55,5252507,561174,560654,2024-03-16
2,08:46,Substitution Alabama A&M: in Caleb Blackwell,49 - 54,5252507,561174,560654,2024-03-16
2,08:46,"Foul personal (back court) Cameron Tucker(Alabama A&M), foul on Zaire Hayes(Texas Southern)",49 - 53,5252507,561174,560654,2024-03-16
2,08:48,Free throw 1 of 1 made by Chad Moodie(Alabama A&M),49 - 53,5252507,561174,560654,2024-03-16
2,08:48,Foul personal (shooting;1 free throw) (under the basket) Kenny Hunter(Texas Southern),48 - 53,5252507,561174,560654,2024-03-16
2,08:48,"2pt dunk (under the basket) made by Chad Moodie(Alabama A&M), assist Lorenzo Downey(Alabama A&M)",48 - 53,5252507,561174,560654,2024-03-16
2,08:58,"Free throw 1 of 1 missed by Kenny Hunter(Texas Southern), rebound defensive Chad Moodie(Alabama A&M)",48 - 53,5252507,561174,560654,2024-03-16
2,08:59,Substitution Alabama A&M: in Dylan Mclean,48 - 53,5252507,561174,560654,2024-03-16
2,08:59,Substitution Alabama A&M: in Omari Peek,48 - 53,5252507,561174,560654,2024-03-16
2,08:59,Substitution Alabama A&M: out Eric Lee,48 - 53,5252507,561174,560654,2024-03-16
2,08:59,Substitution Alabama A&M: out Jayland Randall,48 - 53,5252507,561174,560654,2024-03-16
2,08:59,"Foul personal (shooting;1 free throw) (under the basket) Cameron Tucker(Alabama A&M), foul on Kenny Hunter(Texas Southern)",48 - 53,5252507,561174,560654,2024-03-16
2,08:58,2pt layup (2nd chance;off turnover) (under the basket) made by Kenny Hunter(Texas Southern),46 - 53,5252507,561174,560654,2024-03-16
2,08:59,"2pt floating jump shot (off turnover) (under the basket) missed by Jonathan Cisse(Texas Southern), rebound offensive Kenny Hunter(Texas Southern)",46 - 51,5252507,561174,560654,2024-03-16
2,09:30,Substitution Texas Southern: in Zaire Hayes,46 - 51,5252507,561174,560654,2024-03-16
2,09:30,"Turnover lost ball Chad Moodie(Alabama A&M), steal Chris Craig(Texas Southern)",46 - 51,5252507,561174,560654,2024-03-16
2,09:30,Jump ball held ball Texas Southern,46 - 51,5252507,561174,560654,2024-03-16
2,09:48,2pt pull up jump shot (in the paint) made by Jonathan Cisse(Texas Southern),46 - 51,5252507,561174,560654,2024-03-16
2,10:12,2pt layup (under the basket) missed by Cameron Tucker(Alabama A&M),46 - 49,5252507,561174,560654,2024-03-16
2,10:21,"2pt (under the basket) missed by Jaylen Wysinger(Texas Southern), rebound defensive Lorenzo Downey(Alabama A&M), rebound defensive Lorenzo Downey(Alabama A&M)",46 - 49,5252507,561174,560654,2024-03-16
2,10:27,"2pt driving layup (blocked) (under the basket) missed by Chad Moodie(Alabama A&M), block Deon Stroud(Texas Southern), rebound defensive Deon Stroud(Texas Southern)",46 - 49,5252507,561174,560654,2024-03-16
2,10:41,Substitution Alabama A&M: in Jayland Randall,46 - 48,5252507,561174,560654,2024-03-16
2,10:41,"Foul personal (shooting) (in the paint) AC Bryant(Alabama A&M), foul on Deon Stroud(Texas Southern)",46 - 48,5252507,561174,560654,2024-03-16
2,10:41,2pt (2nd chance) (in the paint) made by Deon Stroud(Texas Southern),46 - 48,5252507,561174,560654,2024-03-16
2,10:48,"3pt pull up jump shot (outside center) missed by Jonathan Cisse(Texas Southern), rebound offensive Jonathan Cisse(Texas Southern)",46 - 46,5252507,561174,560654,2024-03-16
2,11:04,Free throw 1 of 2 made by Cameron Tucker(Alabama A&M),46 - 46,5252507,561174,560654,2024-03-16
2,11:04,Substitution Texas Southern: in Chris Craig,45 - 46,5252507,561174,560654,2024-03-16
2,11:04,Foul personal (shooting;2 free throws) (under the basket) Grayson Carter(Texas Southern),45 - 46,5252507,561174,560654,2024-03-16
2,11:07,"2pt driving layup (blocked) (under the basket) missed by Jaylen Wysinger(Texas Southern), block Eric Lee(Alabama A&M), rebound defensive Cameron Tucker(Alabama A&M)",45 - 46,5252507,561174,560654,2024-03-16
2,11:24,"2pt pull up jump shot (inside center) made by AC Bryant(Alabama A&M), assist Cameron Tucker(Alabama A&M)",45 - 46,5252507,561174,560654,2024-03-16
2,11:44,Substitution Alabama A&M: in Lorenzo Downey,43 - 46,5252507,561174,560654,2024-03-16
2,11:44,Timeout commercial,43 - 46,5252507,561174,560654,2024-03-16
2,11:44,"Foul personal (outside center) Jaylen Wysinger(Texas Southern), foul on Cameron Tucker(Alabama A&M)",43 - 46,5252507,561174,560654,2024-03-16
2,12:02,Substitution Alabama A&M: in Cameron Tucker,43 - 45,5252507,561174,560654,2024-03-16
2,12:02,Substitution Alabama A&M: out Caleb Blackwell,43 - 45,5252507,561174,560654,2024-03-16
2,12:02,Free throw 1 of 2 (off turnover) made by Jaylen Wysinger(Texas Southern),43 - 45,5252507,561174,560654,2024-03-16
2,12:02,"Foul personal (shooting) (under the basket) Chad Moodie(Alabama A&M), foul on Jaylen Wysinger(Texas Southern)",43 - 44,5252507,561174,560654,2024-03-16
2,12:13,"Foul offensive (back court) Austin Harvell(Alabama A&M), turnover offensive Austin Harvell(Alabama A&M), foul on Kenny Hunter(Texas Southern)",43 - 44,5252507,561174,560654,2024-03-16
2,12:18,Substitution Alabama A&M: in Eric Lee,43 - 44,5252507,561174,560654,2024-03-16
2,12:18,Substitution Alabama A&M: in AC Bryant,43 - 44,5252507,561174,560654,2024-03-16
2,12:18,Substitution Alabama A&M: out Lorenzo Downey,43 - 44,5252507,561174,560654,2024-03-16
2,12:18,Substitution Alabama A&M: out Jayland Randall,43 - 44,5252507,561174,560654,2024-03-16
2,12:18,Substitution Texas Southern: in Jaylen Wysinger,43 - 44,5252507,561174,560654,2024-03-16
2,12:18,"Foul (inside left) Jonathan Cisse(Texas Southern), foul on Jayland Randall(Alabama A&M)",43 - 44,5252507,561174,560654,2024-03-16
2,12:39,3pt pull up jump shot (outside center) made by Jonathan Cisse(Texas Southern),43 - 44,5252507,561174,560654,2024-03-16
2,13:06,2pt (inside center) made by Jayland Randall(Alabama A&M),43 - 41,5252507,561174,560654,2024-03-16
2,13:14,"3pt jump shot (outside left) missed by PJ Henry(Texas Southern), rebound defensive Austin Harvell(Alabama A&M)",41 - 41,5252507,561174,560654,2024-03-16
2,13:24,"3pt jump shot (outside right) missed by Austin Harvell(Alabama A&M), rebound defensive Grayson Carter(Texas Southern)",41 - 41,5252507,561174,560654,2024-03-16
2,13:52,"2pt floating jump shot (in the paint) missed by PJ Henry(Texas Southern), rebound defensive Austin Harvell(Alabama A&M)",41 - 41,5252507,561174,560654,2024-03-16
2,14:09,2pt pull up jump shot (inside left) made by Jayland Randall(Alabama A&M),41 - 41,5252507,561174,560654,2024-03-16
2,14:34,3pt jump shot (2nd chance) (outside right wing) missed by Jonathan Cisse(Texas Southern),43 - 46,5252507,561174,560654,2024-03-16
2,14:35,"Foul personal (shooting) (in the paint) Austin Harvell(Alabama A&M), foul on Jonathan Cisse(Texas Southern), foul on Grayson Carter(Texas Southern)",39 - 41,5252507,561174,560654,2024-03-16
2,14:53,Free throw 2 of 2 (fast break) made by Chad Moodie(Alabama A&M),39 - 41,5252507,561174,560654,2024-03-16
2,14:53,"Foul (under the basket) Kenny Hunter(Texas Southern), foul on Chad Moodie(Alabama A&M)",38 - 41,5252507,561174,560654,2024-03-16
2,15:02,"2pt layup (2nd chance) (under the basket) missed by Grayson Carter(Texas Southern), rebound defensive Austin Harvell(Alabama A&M)",38 - 41,5252507,561174,560654,2024-03-16
2,15:05,Substitution Alabama A&M: in Austin Harvell,38 - 41,5252507,561174,560654,2024-03-16
2,15:05,Timeout commercial,38 - 41,5252507,561174,560654,2024-03-16
2,15:05,"2pt driving layup (blocked) (under the basket) missed by Jonathan Cisse(Texas Southern), block Chad Moodie(Alabama A&M), rebound offensive (team) Texas Southern, block Chad Moodie(Alabama A&M)",38 - 41,5252507,561174,560654,2024-03-16
2,15:36,"3pt jump shot (outside right) made by Lorenzo Downey(Alabama A&M), assist Jayland Randall(Alabama A&M)",38 - 41,5252507,561174,560654,2024-03-16
2,15:45,3pt jump shot (outside left wing) missed by Deon Stroud(Texas Southern),35 - 41,5252507,561174,560654,2024-03-16
2,16:03,Free throw 2 of 2 (2nd chance) made by Jayland Randall(Alabama A&M),35 - 41,5252507,561174,560654,2024-03-16
2,16:03,Free throw 1 of 2 (2nd chance) made by Jayland Randall(Alabama A&M),34 - 41,5252507,561174,560654,2024-03-16
2,16:03,Foul personal (shooting) (in the paint) Deon Stroud(Texas Southern),33 - 41,5252507,561174,560654,2024-03-16
2,16:08,"2pt layup (blocked) (under the basket) missed by EJ Williams(Alabama A&M), block Grayson Carter(Texas Southern), rebound offensive EJ Williams(Alabama A&M)",33 - 41,5252507,561174,560654,2024-03-16
2,16:24,"3pt jump shot (2nd chance) (outside left wing) made by Deon Stroud(Texas Southern), assist Kenny Hunter(Texas Southern)",33 - 41,5252507,561174,560654,2024-03-16
2,16:34,Substitution Alabama A&M: in Caleb Blackwell,33 - 38,5252507,561174,560654,2024-03-16
2,16:34,Substitution Alabama A&M: in Jayland Randall,33 - 38,5252507,561174,560654,2024-03-16
2,16:34,Substitution Alabama A&M: out Cameron Tucker,33 - 38,5252507,561174,560654,2024-03-16
2,16:34,"Foul (under the basket) Lorenzo Downey(Alabama A&M), foul on Grayson Carter(Texas Southern)",33 - 38,5252507,561174,560654,2024-03-16
2,16:35,"3pt jump shot (outside right) missed by PJ Henry(Texas Southern), rebound offensive dead ball Texas Southern",33 - 38,5252507,561174,560654,2024-03-16
2,16:42,"3pt jump shot (outside left) missed by Cameron Tucker(Alabama A&M), rebound defensive Grayson Carter(Texas Southern)",33 - 38,5252507,561174,560654,2024-03-16
2,16:53,Foul personal (inside left) Deon Stroud(Texas Southern),33 - 38,5252507,561174,560654,2024-03-16
2,17:00,2pt layup (under the basket) missed by Deon Stroud(Texas Southern),33 - 38,5252507,561174,560654,2024-03-16
2,17:06,"2pt driving layup (under the basket) missed by Chad Moodie(Alabama A&M), rebound defensive Deon Stroud(Texas Southern)",33 - 38,5252507,561174,560654,2024-03-16
2,17:21,"2pt layup (off turnover) (under the basket) made by Grayson Carter(Texas Southern), assist Jonathan Cisse(Texas Southern)",33 - 38,5252507,561174,560654,2024-03-16
2,17:35,"Foul offensive (outside right wing) EJ Williams(Alabama A&M), turnover offensive EJ Williams(Alabama A&M), foul on PJ Henry(Texas Southern)",33 - 36,5252507,561174,560654,2024-03-16
2,17:45,"3pt jump shot (outside right wing) made by PJ Henry(Texas Southern), assist Jonathan Cisse(Texas Southern)",33 - 36,5252507,561174,560654,2024-03-16
2,17:59,"2pt jump shot (2nd chance) (inside left) missed by Cameron Tucker(Alabama A&M), rebound defensive Kenny Hunter(Texas Southern)",33 - 33,5252507,561174,560654,2024-03-16
2,18:15,"2pt hook shot (in the paint) missed by Chad Moodie(Alabama A&M), rebound offensive (team) Alabama A&M",33 - 33,5252507,561174,560654,2024-03-16
2,18:43,"3pt jump shot (outside left wing) missed by Grayson Carter(Texas Southern), rebound defensive Omari Peek(Alabama A&M)",33 - 33,5252507,561174,560654,2024-03-16
2,18:55,"2pt layup (under the basket) missed by Cameron Tucker(Alabama A&M), rebound defensive (team) Texas Southern",33 - 33,5252507,561174,560654,2024-03-16
2,19:17,"3pt pull up jump shot (outside center) missed by Deon Stroud(Texas Southern), rebound defensive Chad Moodie(Alabama A&M)",33 - 33,5252507,561174,560654,2024-03-16
2,19:38,Foul personal (back court) Cameron Tucker(Alabama A&M),33 - 33,5252507,561174,560654,2024-03-16
2,19:43,"Foul personal (shooting) (under the basket) Grayson Carter(Texas Southern), foul on Omari Peek(Alabama A&M)",31 - 33,5252507,561174,560654,2024-03-16
2,19:45,2pt layup (under the basket) missed by EJ Williams(Alabama A&M),31 - 33,5252507,561174,560654,2024-03-16
2,20:00,Substitution Alabama A&M: in EJ Williams,31 - 33,5252507,561174,560654,2024-03-16
2,20:00,Substitution Alabama A&M: in Chad Moodie,31 - 33,5252507,561174,560654,2024-03-16
2,20:00,Substitution Alabama A&M: out Dylan Mclean,31 - 33,5252507,561174,560654,2024-03-16
2,20:00,Substitution Alabama A&M: out London Riley,31 - 33,5252507,561174,560654,2024-03-16
2,20:00,Substitution Texas Southern: in Grayson Carter,31 - 33,5252507,561174,560654,2024-03-16
2,20:00,Substitution Texas Southern: in PJ Henry,31 - 33,5252507,561174,560654,2024-03-16
2,20:00,Substitution Texas Southern: in Kenny Hunter,31 - 33,5252507,561174,560654,2024-03-16
2,20:00,Substitution Texas Southern: out Xavier Ball,31 - 33,5252507,561174,560654,2024-03-16
2,20:00,Substitution Texas Southern: out Texas Southern,31 - 33,5252507,561174,560654,2024-03-16
1,00:00.00,Period end (confirmed),31 - 33,5252507,561174,560654,2024-03-16
1,00:01.70,2pt driving layup (under the basket) missed by Cameron Tucker(Alabama A&M),31 - 33,5252507,561174,560654,2024-03-16
1,00:06.70,Substitution Alabama A&M: in Dylan Mclean,31 - 32,5252507,561174,560654,2024-03-16
1,00:06.70,Substitution Alabama A&M: in London Riley,31 - 32,5252507,561174,560654,2024-03-16
1,00:06.70,Substitution Alabama A&M: out Chad Moodie,31 - 32,5252507,561174,560654,2024-03-16
1,00:06.70,Substitution Alabama A&M: in Omari Peek,31 - 32,5252507,561174,560654,2024-03-16
1,00:06.70,Foul personal (shooting;2 free throws) (under the basket) AC Bryant(Alabama A&M),31 - 31,5252507,561174,560654,2024-03-16
1,00:26.70,Turnover shot clock (team) (in the paint) Alabama A&M,31 - 31,5252507,561174,560654,2024-03-16
1,00:27.10,2pt floating jump shot (2nd chance) (in the paint) missed by AC Bryant(Alabama A&M),31 - 31,5252507,561174,560654,2024-03-16
1,00:50.40,"3pt jump shot (outside right) missed by AC Bryant(Alabama A&M), rebound offensive Lorenzo Downey(Alabama A&M)",31 - 31,5252507,561174,560654,2024-03-16
1,00:59.40,"3pt step back jump shot (outside right) missed by Jonathan Cisse(Texas Southern), rebound defensive AC Bryant(Alabama A&M)",31 - 31,5252507,561174,560654,2024-03-16
1,01:27,2pt driving layup (under the basket) made by Chad Moodie(Alabama A&M),31 - 31,5252507,561174,560654,2024-03-16
1,01:42,2pt layup (2nd chance) (under the basket) made by Deon Stroud(Texas Southern),29 - 31,5252507,561174,560654,2024-03-16
1,01:47,"2pt jump shot (inside right) missed by Xavier Ball(Texas Southern), rebound offensive Deon Stroud(Texas Southern)",29 - 29,5252507,561174,560654,2024-03-16
1,02:09,Substitution Alabama A&M: in Chad Moodie,29 - 29,5252507,561174,560654,2024-03-16
1,02:09,Substitution Alabama A&M: out Austin Harvell,29 - 29,5252507,561174,560654,2024-03-16
1,02:09,Substitution Texas Southern: in Texas Southern,29 - 29,5252507,561174,560654,2024-03-16
1,02:09,Substitution Texas Southern: out Chris Craig,29 - 29,5252507,561174,560654,2024-03-16
1,02:09,Timeout commercial,29 - 29,5252507,561174,560654,2024-03-16
1,02:09,Timeout short Texas Southern,29 - 29,5252507,561174,560654,2024-03-16
1,02:20,3pt jump shot (outside right) made by Lorenzo Downey(Alabama A&M),29 - 29,5252507,561174,560654,2024-03-16
1,02:36,"3pt jump shot (outside right) missed by Jaylen Wysinger(Texas Southern), rebound defensive Lorenzo Downey(Alabama A&M)",26 - 29,5252507,561174,560654,2024-03-16
1,03:07,"3pt jump shot (outside left) missed by Lorenzo Downey(Alabama A&M), rebound defensive Xavier Ball(Texas Southern)",26 - 29,5252507,561174,560654,2024-03-16
1,03:16,"2pt pull up jump shot (inside center) missed by Jonathan Cisse(Texas Southern), rebound defensive Lorenzo Downey(Alabama A&M)",26 - 29,5252507,561174,560654,2024-03-16
1,03:43,2pt dunk (2nd chance;off turnover;fast break) (under the basket) made by Austin Harvell(Alabama A&M),26 - 29,5252507,561174,560654,2024-03-16
1,03:49,"2pt layup (off turnover) (under the basket) missed by AC Bryant(Alabama A&M), rebound offensive Austin Harvell(Alabama A&M)",24 - 29,5252507,561174,560654,2024-03-16
1,03:55,"Turnover lost ball (in the paint) Xavier Ball(Texas Southern), steal AC Bryant(Alabama A&M)",24 - 29,5252507,561174,560654,2024-03-16
1,04:06,"Foul personal (outside center) Austin Harvell(Alabama A&M), foul on Jaylen Wysinger(Texas Southern)",24 - 29,5252507,561174,560654,2024-03-16
1,04:26,Substitution Alabama A&M: in Austin Harvell,23 - 29,5252507,561174,560654,2024-03-16
1,04:26,Substitution Alabama A&M: in AC Bryant,23 - 29,5252507,561174,560654,2024-03-16
1,04:26,Substitution Alabama A&M: in Jayland Randall,23 - 29,5252507,561174,560654,2024-03-16
1,04:26,Substitution Alabama A&M: out Chad Moodie,23 - 29,5252507,561174,560654,2024-03-16
1,04:26,Substitution Alabama A&M: out Caleb Blackwell,23 - 29,5252507,561174,560654,2024-03-16
1,04:26,Foul personal (shooting;2 free throws) (in the paint) Chris Craig(Texas Southern),23 - 29,5252507,561174,560654,2024-03-16
1,04:47,2pt (off turnover) (under the basket) made by Chris Craig(Texas Southern),23 - 29,5252507,561174,560654,2024-03-16
1,04:52,"Turnover bad pass (outside left) Omari Peek(Alabama A&M), steal Chris Craig(Texas Southern)",23 - 27,5252507,561174,560654,2024-03-16
1,05:16,"3pt jump shot (outside right wing) made by Jaylen Wysinger(Texas Southern), assist Chris Craig(Texas Southern)",23 - 27,5252507,561174,560654,2024-03-16
1,05:38,2pt (in the paint) made by Omari Peek(Alabama A&M),23 - 24,5252507,561174,560654,2024-03-16
1,05:49,"2pt dunk (fast break) (under the basket) made by Jaylen Wysinger(Texas Southern), assist Jonathan Cisse(Texas Southern)",21 - 24,5252507,561174,560654,2024-03-16
1,05:55,"3pt jump shot (outside center) missed by Omari Peek(Alabama A&M), rebound defensive Jonathan Cisse(Texas Southern)",21 - 22,5252507,561174,560654,2024-03-16
1,06:03,"2pt driving layup (in the paint) missed by Jaylen Wysinger(Texas Southern), rebound defensive Chad Moodie(Alabama A&M)",21 - 22,5252507,561174,560654,2024-03-16
1,06:19,Free throw 2 of 2 (off turnover) made by Omari Peek(Alabama A&M),21 - 22,5252507,561174,560654,2024-03-16
1,06:19,Foul personal (shooting;2 free throws) (under the basket) Xavier Ball(Texas Southern),19 - 22,5252507,561174,560654,2024-03-16
1,06:25,Substitution Texas Southern: in Xavier Ball,19 - 22,5252507,561174,560654,2024-03-16
1,06:25,Substitution Texas Southern: out Kenny Hunter,19 - 22,5252507,561174,560654,2024-03-16
1,06:25,Turnover bad pass (back court) Kenny Hunter(Texas Southern),19 - 22,5252507,561174,560654,2024-03-16
1,06:37,Substitution Texas Southern: in Jaylen Wysinger,21 - 22,5252507,561174,560654,2024-03-16
1,06:37,Substitution Texas Southern: out PJ Henry,21 - 22,5252507,561174,560654,2024-03-16
1,06:37,2pt layup (off turnover) (under the basket) made by Omari Peek(Alabama A&M),19 - 22,5252507,561174,560654,2024-03-16
1,06:38,"Turnover lost ball (back court) PJ Henry(Texas Southern), steal Omari Peek(Alabama A&M)",19 - 22,5252507,561174,560654,2024-03-16
1,06:46,Free throw 1 of 2 (2nd chance) made by Omari Peek(Alabama A&M),16 - 22,5252507,561174,560654,2024-03-16
1,06:46,"Foul personal (shooting) (under the basket) Kenny Hunter(Texas Southern), foul on Lorenzo Downey(Alabama A&M)",15 - 22,5252507,561174,560654,2024-03-16
1,06:50,"3pt pull up jump shot (outside right) missed by Caleb Blackwell(Alabama A&M), rebound offensive Lorenzo Downey(Alabama A&M)",15 - 22,5252507,561174,560654,2024-03-16
1,06:57,"2pt driving layup (blocked) (under the basket) missed by Jonathan Cisse(Texas Southern), block Chad Moodie(Alabama A&M), rebound defensive Omari Peek(Alabama A&M)",15 - 22,5252507,561174,560654,2024-03-16
1,07:15,"2pt dunk (under the basket) made by Chad Moodie(Alabama A&M), assist Cameron Tucker(Alabama A&M)",15 - 22,5252507,561174,560654,2024-03-16
1,07:31,"3pt jump shot (outside center) missed by Deon Stroud(Texas Southern), rebound defensive Chad Moodie(Alabama A&M)",13 - 22,5252507,561174,560654,2024-03-16
1,07:43,Substitution Alabama A&M: in Caleb Blackwell,13 - 22,5252507,561174,560654,2024-03-16
1,07:43,Substitution Alabama A&M: out Dylan Mclean,13 - 22,5252507,561174,560654,2024-03-16
1,07:43,Substitution Texas Southern: in Jonathan Cisse,13 - 22,5252507,561174,560654,2024-03-16
1,07:43,Timeout commercial,13 - 22,5252507,561174,560654,2024-03-16
1,07:43,"Foul (inside center) Dylan Mclean(Alabama A&M), foul on PJ Henry(Texas Southern)",13 - 22,5252507,561174,560654,2024-03-16
1,07:57,2pt driving layup (off turnover) (under the basket) made by Cameron Tucker(Alabama A&M),13 - 22,5252507,561174,560654,2024-03-16
1,08:18,Substitution Texas Southern: in Kenny Hunter,11 - 22,5252507,561174,560654,2024-03-16
1,08:18,Substitution Texas Southern: out Grayson Carter,11 - 22,5252507,561174,560654,2024-03-16
1,08:18,"Foul personal (back court) Grayson Carter(Texas Southern), foul on Cameron Tucker(Alabama A&M)",11 - 22,5252507,561174,560654,2024-03-16
1,08:18,"Turnover bad pass (under the basket) Jaylen Wysinger(Texas Southern), steal Cameron Tucker(Alabama A&M)",11 - 22,5252507,561174,560654,2024-03-16
1,08:38,"Turnover lost ball Omari Peek(Alabama A&M), steal Chris Craig(Texas Southern)",11 - 22,5252507,561174,560654,2024-03-16
1,08:43,"2pt pull up jump shot (inside left) missed by PJ Henry(Texas Southern), rebound defensive Omari Peek(Alabama A&M)",11 - 22,5252507,561174,560654,2024-03-16
1,09:13,Free throw 2 of 2 made by Lorenzo Downey(Alabama A&M),11 - 22,5252507,561174,560654,2024-03-16
1,09:13,Substitution Alabama A&M: in Cameron Tucker,10 - 22,5252507,561174,560654,2024-03-16
1,09:13,Substitution Alabama A&M: out Caleb Blackwell,10 - 22,5252507,561174,560654,2024-03-16
1,09:13,"Foul personal (shooting) (under the basket) Chris Craig(Texas Southern), foul on Lorenzo Downey(Alabama A&M)",9 - 22,5252507,561174,560654,2024-03-16
1,09:35,Substitution Alabama A&M: in Lorenzo Downey,9 - 22,5252507,561174,560654,2024-03-16
1,09:35,Substitution Alabama A&M: in Omari Peek,9 - 22,5252507,561174,560654,2024-03-16
1,09:35,Substitution Alabama A&M: out Eric Lee,9 - 22,5252507,561174,560654,2024-03-16
1,09:35,Substitution Alabama A&M: out Jayland Randall,9 - 22,5252507,561174,560654,2024-03-16
1,09:35,Substitution Texas Southern: in Grayson Carter,9 - 22,5252507,561174,560654,2024-03-16
1,09:35,Substitution Texas Southern: in PJ Henry,9 - 22,5252507,561174,560654,2024-03-16
1,09:35,Substitution Texas Southern: out Jonathan Cisse,9 - 22,5252507,561174,560654,2024-03-16
1,09:35,Timeout short Alabama A&M,9 - 22,5252507,561174,560654,2024-03-16
1,09:37,"2pt dunk (fast break) (under the basket) made by Chris Craig(Texas Southern), assist Jaylen Wysinger(Texas Southern)",9 - 22,5252507,561174,560654,2024-03-16
1,09:43,"2pt driving layup (under the basket) missed by Chad Moodie(Alabama A&M), rebound defensive Jaylen Wysinger(Texas Southern)",9 - 20,5252507,561174,560654,2024-03-16
1,10:03,2pt driving layup (under the basket) made by Jonathan Cisse(Texas Southern),9 - 20,5252507,561174,560654,2024-03-16
1,10:15,"2pt floating jump shot (inside right) missed by Jayland Randall(Alabama A&M), rebound defensive Kenny Hunter(Texas Southern)",9 - 18,5252507,561174,560654,2024-03-16
1,10:34,"2pt layup (under the basket) missed by Chris Craig(Texas Southern), rebound defensive Dylan Mclean(Alabama A&M)",9 - 18,5252507,561174,560654,2024-03-16
1,10:46,"3pt jump shot (outside center) missed by Dylan Mclean(Alabama A&M), rebound defensive Chris Craig(Texas Southern)",9 - 18,5252507,561174,560654,2024-03-16
1,11:05,2pt pull up jump shot (inside right) made by Jaylen Wysinger(Texas Southern),9 - 18,5252507,561174,560654,2024-03-16
1,11:27,2pt layup (2nd chance) (under the basket) made by Jayland Randall(Alabama A&M),9 - 16,5252507,561174,560654,2024-03-16
1,11:33,3pt jump shot (outside right) missed by Caleb Blackwell(Alabama A&M),7 - 16,5252507,561174,560654,2024-03-16
1,11:43,"2pt pull up jump shot (inside right) missed by Jonathan Cisse(Texas Southern), rebound defensive Chad Moodie(Alabama A&M)",7 - 16,5252507,561174,560654,2024-03-16
1,11:56,Free throw 2 of 2 made by Jayland Randall(Alabama A&M),31 - 33,5252507,561174,560654,2024-03-16
1,11:56,Free throw 1 of 2 missed by Jayland Randall(Alabama A&M),31 - 33,5252507,561174,560654,2024-03-16
1,11:56,Timeout commercial,6 - 16,5252507,561174,560654,2024-03-16
1,11:56,"Foul personal (in the paint) Jaylen Wysinger(Texas Southern), foul on Eric Lee(Alabama A&M)",6 - 16,5252507,561174,560654,2024-03-16
1,12:20,Substitution Alabama A&M: in Dylan Mclean,6 - 16,5252507,561174,560654,2024-03-16
1,12:20,Substitution Alabama A&M: out Lorenzo Downey,6 - 16,5252507,561174,560654,2024-03-16
1,12:20,Substitution Texas Southern: in Jaylen Wysinger,6 - 16,5252507,561174,560654,2024-03-16
1,12:20,Substitution Texas Southern: in Chris Craig,6 - 16,5252507,561174,560654,2024-03-16
1,12:20,Substitution Texas Southern: out Grayson Carter,6 - 16,5252507,561174,560654,2024-03-16
1,12:20,Substitution Texas Southern: out PJ Henry,6 - 16,5252507,561174,560654,2024-03-16
1,12:20,"Foul personal (loose ball) (back court) Grayson Carter(Texas Southern), foul on Lorenzo Downey(Alabama A&M)",6 - 16,5252507,561174,560654,2024-03-16
1,12:22,3pt pull up jump shot (outside left) missed by PJ Henry(Texas Southern),6 - 16,5252507,561174,560654,2024-03-16
1,12:42,"3pt jump shot (outside left) missed by Jayland Randall(Alabama A&M), rebound defensive Jonathan Cisse(Texas Southern)",6 - 16,5252507,561174,560654,2024-03-16
1,12:51,2pt pull up jump shot (inside left) made by PJ Henry(Texas Southern),6 - 16,5252507,561174,560654,2024-03-16
1,13:03,"Foul personal (outside right) Caleb Blackwell(Alabama A&M), foul on PJ Henry(Texas Southern)",6 - 14,5252507,561174,560654,2024-03-16
1,13:24,2pt driving layup (under the basket) made by Jayland Randall(Alabama A&M),6 - 14,5252507,561174,560654,2024-03-16
1,13:49,2pt floating jump shot (off turnover) (in the paint) missed by Jonathan Cisse(Texas Southern),4 - 14,5252507,561174,560654,2024-03-16
1,14:10,Substitution Alabama A&M: in Eric Lee,4 - 14,5252507,561174,560654,2024-03-16
1,14:10,Substitution Alabama A&M: in Caleb Blackwell,4 - 14,5252507,561174,560654,2024-03-16
1,14:10,Substitution Alabama A&M: out Austin Harvell,4 - 14,5252507,561174,560654,2024-03-16
1,14:10,Substitution Alabama A&M: out Cameron Tucker,4 - 14,5252507,561174,560654,2024-03-16
1,14:10,Turnover (back court) Cameron Tucker(Alabama A&M),4 - 14,5252507,561174,560654,2024-03-16
1,14:18,2pt floating jump shot (in the paint) made by PJ Henry(Texas Southern),4 - 14,5252507,561174,560654,2024-03-16
1,14:33,2pt layup (under the basket) made by Lorenzo Downey(Alabama A&M),4 - 12,5252507,561174,560654,2024-03-16
1,14:42,"3pt jump shot (outside center) missed by Grayson Carter(Texas Southern), rebound defensive Jayland Randall(Alabama A&M)",2 - 12,5252507,561174,560654,2024-03-16
1,15:07,"2pt layup (under the basket) missed by Cameron Tucker(Alabama A&M), rebound defensive Grayson Carter(Texas Southern)",2 - 12,5252507,561174,560654,2024-03-16
1,15:35,Free throw 1 of 2 made by Jonathan Cisse(Texas Southern),2 - 12,5252507,561174,560654,2024-03-16
1,15:35,Foul personal (shooting;2 free throws) (under the basket) Jayland Randall(Alabama A&M),2 - 11,5252507,561174,560654,2024-03-16
1,15:43,"Foul personal (inside left) Cameron Tucker(Alabama A&M), foul on Deon Stroud(Texas Southern)",2 - 11,5252507,561174,560654,2024-03-16
1,15:51,"2pt turnaround jump shot (inside center) missed by Austin Harvell(Alabama A&M), rebound defensive Kenny Hunter(Texas Southern)",2 - 11,5252507,561174,560654,2024-03-16
1,16:06,Substitution Alabama A&M: in Chad Moodie,2 - 11,5252507,561174,560654,2024-03-16
1,16:06,Substitution Alabama A&M: in Austin Harvell,2 - 11,5252507,561174,560654,2024-03-16
1,16:06,Substitution Alabama A&M: in Jayland Randall,2 - 11,5252507,561174,560654,2024-03-16
1,16:06,Substitution Alabama A&M: out EJ Williams,2 - 11,5252507,561174,560654,2024-03-16
1,16:06,Substitution Alabama A&M: out Darius Osborne,2 - 11,5252507,561174,560654,2024-03-16
1,16:06,Timeout commercial,2 - 11,5252507,561174,560654,2024-03-16
1,16:05,Timeout short Alabama A&M,2 - 11,5252507,561174,560654,2024-03-16
1,16:07,2pt pull up jump shot (off turnover) (inside right) made by PJ Henry(Texas Southern),2 - 11,5252507,561174,560654,2024-03-16
1,16:18,"Turnover bad pass (inside center) Darius Osborne(Alabama A&M), steal Kenny Hunter(Texas Southern)",2 - 9,5252507,561174,560654,2024-03-16
1,16:35,2pt (in the paint) made by Jonathan Cisse(Texas Southern),2 - 9,5252507,561174,560654,2024-03-16
1,17:06,"2pt pull up jump shot (in the paint) made by EJ Williams(Alabama A&M), assist Omari Peek(Alabama A&M)",2 - 7,5252507,561174,560654,2024-03-16
1,17:06,2pt (in the paint) missed by Alabama A&M,0 - 7,5252507,561174,560654,2024-03-16
1,17:31,"3pt jump shot (outside left) made by PJ Henry(Texas Southern), assist Deon Stroud(Texas Southern)",0 - 7,5252507,561174,560654,2024-03-16
1,17:43,"2pt (off turnover) (under the basket) missed by Cameron Tucker(Alabama A&M), rebound defensive PJ Henry(Texas Southern)",0 - 4,5252507,561174,560654,2024-03-16
1,17:49,"Turnover lost ball (inside center) PJ Henry(Texas Southern), steal Cameron Tucker(Alabama A&M)",0 - 4,5252507,561174,560654,2024-03-16
1,17:57,"2pt layup (under the basket) missed by Omari Peek(Alabama A&M), rebound defensive Kenny Hunter(Texas Southern)",0 - 4,5252507,561174,560654,2024-03-16
1,18:16,"2pt driving layup (off turnover;blocked) (under the basket) missed by Jonathan Cisse(Texas Southern), block Darius Osborne(Alabama A&M)",0 - 4,5252507,561174,560654,2024-03-16
1,18:32,Turnover bad pass (inside right) Darius Osborne(Alabama A&M),0 - 4,5252507,561174,560654,2024-03-16
1,18:48,2pt (off turnover) (under the basket) made by Jonathan Cisse(Texas Southern),0 - 4,5252507,561174,560654,2024-03-16
1,18:54,"Turnover bad pass (under the basket) Cameron Tucker(Alabama A&M), steal Grayson Carter(Texas Southern)",0 - 2,5252507,561174,560654,2024-03-16
1,19:04,2pt driving layup (under the basket) made by Deon Stroud(Texas Southern),0 - 2,5252507,561174,560654,2024-03-16
1,19:32,"3pt pull up jump shot (outside right) missed by Cameron Tucker(Alabama A&M), rebound defensive (team) Texas Southern",0 - 0,5252507,561174,560654,2024-03-16
1,20:00,"Jump ball start period, won Darius Osborne(Alabama A&M), lost Kenny Hunter(Texas Southern)",0 - 0,5252507,561174,560654,2024-03-16
1,20:00,Period start,0 - 0,5252507,561174,560654,2024-03-16
2,11:57,Timeout commercial,69 - 47,5252548,560658,560908,2024-03-16
2,11:57,Foul personal (shooting;2 free throws) (in the paint) Zyon Pullin(UFL),69 - 47,5252548,560658,560908,2024-03-16
2,12:08,"3pt jump shot (outside center) missed by Walter Clayton Jr.(UFL), rebound defensive Nick Pringle(ALA)",69 - 47,5252548,560658,560908,2024-03-16
2,12:30,"3pt jump shot (outside left) missed by Mark Sears(ALA), rebound defensive Micah Handlogten(UFL)",69 - 47,5252548,560658,560908,2024-03-16
2,12:43,2pt layup (2nd chance) (under the basket) made by Micah Handlogten(UFL),69 - 47,5252548,560658,560908,2024-03-16
2,12:47,"2pt jump shot (inside left) missed by Zyon Pullin(UFL), rebound offensive Micah Handlogten(UFL)",67 - 47,5252548,560658,560908,2024-03-16
2,12:55,Jump ball held ball UFL,67 - 47,5252548,560658,560908,2024-03-16
2,13:12,2pt layup (under the basket) made by Mark Sears(ALA),67 - 47,5252548,560658,560908,2024-03-16
2,13:24,Free throw 2 of 2 (2nd chance) made by Riley Kugel(UFL),67 - 45,5252548,560658,560908,2024-03-16
2,13:24,Free throw 1 of 2 (2nd chance) made by Riley Kugel(UFL),66 - 45,5252548,560658,560908,2024-03-16
2,13:24,Foul personal (shooting;2 free throws) (in the paint) Rylan Griffen(ALA),65 - 45,5252548,560658,560908,2024-03-16
2,13:28,Substitution UFL: in Micah Handlogten,65 - 45,5252548,560658,560908,2024-03-16
2,13:28,Substitution UFL: out Thomas Haugh,65 - 45,5252548,560658,560908,2024-03-16
2,13:28,"2pt jump shot (blocked) (in the paint) missed by Riley Kugel(UFL), block Rylan Griffen(ALA), rebound offensive (team) UFL",65 - 45,5252548,560658,560908,2024-03-16
2,13:43,2pt jump shot (inside left) made by Aaron Estrada(ALA),65 - 45,5252548,560658,560908,2024-03-16
2,13:55,Free throw 3 of 3 made by Walter Clayton Jr.(UFL),65 - 43,5252548,560658,560908,2024-03-16
2,13:55,Free throw 2 of 3 made by Walter Clayton Jr.(UFL),64 - 43,5252548,560658,560908,2024-03-16
2,13:55,Free throw 1 of 3 made by Walter Clayton Jr.(UFL),63 - 43,5252548,560658,560908,2024-03-16
2,13:55,Foul personal (shooting;3 free throws) (outside left) Rylan Griffen(ALA),62 - 43,5252548,560658,560908,2024-03-16
2,14:07,Free throw 2 of 2 made by Mark Sears(ALA),62 - 43,5252548,560658,560908,2024-03-16
2,14:07,Free throw 1 of 2 made by Mark Sears(ALA),62 - 42,5252548,560658,560908,2024-03-16
2,14:07,Foul personal (shooting;2 free throws) (under the basket) Thomas Haugh(UFL),62 - 41,5252548,560658,560908,2024-03-16
2,14:24,"Foul personal (back court) Alex Condon(UFL), foul on Nick Pringle(ALA)",62 - 41,5252548,560658,560908,2024-03-16
2,14:26,"3pt jump shot (off turnover) (outside left) missed by Thomas Haugh(UFL), rebound defensive Nick Pringle(ALA)",62 - 41,5252548,560658,560908,2024-03-16
2,14:38,Timeout short UFL,62 - 41,5252548,560658,560908,2024-03-16
2,14:38,"Foul offensive (back court) Nick Pringle(ALA), turnover offensive Nick Pringle(ALA), foul on Alex Condon(UFL)",62 - 41,5252548,560658,560908,2024-03-16
2,14:43,Substitution UFL: in Alex Condon,62 - 41,5252548,560658,560908,2024-03-16
2,14:43,Substitution UFL: in Thomas Haugh,62 - 41,5252548,560658,560908,2024-03-16
2,14:43,Substitution UFL: in Riley Kugel,62 - 41,5252548,560658,560908,2024-03-16
2,14:43,Substitution UFL: out Will Richard,62 - 41,5252548,560658,560908,2024-03-16
2,14:43,Substitution UFL: out Tyrese Samuel,62 - 41,5252548,560658,560908,2024-03-16
2,14:43,Substitution UFL: out Micah Handlogten,62 - 41,5252548,560658,560908,2024-03-16
2,14:43,Substitution ALA: in Nick Pringle,62 - 41,5252548,560658,560908,2024-03-16
2,14:43,Substitution ALA: in Jarin Stevenson,62 - 41,5252548,560658,560908,2024-03-16
2,14:43,Substitution ALA: in Rylan Griffen,62 - 41,5252548,560658,560908,2024-03-16
2,14:43,Substitution ALA: out Latrell Wrightsell Jr.,62 - 41,5252548,560658,560908,2024-03-16
2,14:43,Substitution ALA: out Mouhamed Dioubate,62 - 41,5252548,560658,560908,2024-03-16
2,14:43,Substitution ALA: out Grant Nelson,62 - 41,5252548,560658,560908,2024-03-16
2,14:43,Timeout commercial,62 - 41,5252548,560658,560908,2024-03-16
2,14:43,"Foul personal (outside center) Tyrese Samuel(UFL), foul on Grant Nelson(ALA)",62 - 41,5252548,560658,560908,2024-03-16
2,14:59,2pt layup (under the basket) made by Tyrese Samuel(UFL),62 - 41,5252548,560658,560908,2024-03-16
2,15:27,2pt layup (in the paint) made by Aaron Estrada(ALA),60 - 41,5252548,560658,560908,2024-03-16
2,15:37,"3pt jump shot (outside left) missed by Zyon Pullin(UFL), rebound defensive Latrell Wrightsell Jr.(ALA)",60 - 39,5252548,560658,560908,2024-03-16
2,15:51,"3pt jump shot (outside right) missed by Latrell Wrightsell Jr.(ALA), rebound defensive Micah Handlogten(UFL)",60 - 39,5252548,560658,560908,2024-03-16
2,16:00,2pt layup (2nd chance) (under the basket) made by Micah Handlogten(UFL),60 - 39,5252548,560658,560908,2024-03-16
2,16:06,"2pt jump shot (blocked) (in the paint) missed by Tyrese Samuel(UFL), block Grant Nelson(ALA), rebound offensive Micah Handlogten(UFL)",58 - 39,5252548,560658,560908,2024-03-16
2,16:27,"2pt layup (under the basket) missed by Grant Nelson(ALA), rebound defensive Micah Handlogten(UFL)",58 - 39,5252548,560658,560908,2024-03-16
2,16:39,"2pt jump shot (under the basket) missed by Micah Handlogten(UFL), rebound defensive Grant Nelson(ALA)",58 - 39,5252548,560658,560908,2024-03-16
2,17:01,Free throw 2 of 2 (fast break) made by Mark Sears(ALA),58 - 39,5252548,560658,560908,2024-03-16
2,17:01,Free throw 1 of 2 (fast break) made by Mark Sears(ALA),58 - 38,5252548,560658,560908,2024-03-16
2,17:01,Foul personal (shooting;2 free throws) (in the paint) Micah Handlogten(UFL),58 - 37,5252548,560658,560908,2024-03-16
2,17:07,"2pt dunk (under the basket) made by Tyrese Samuel(UFL), assist Walter Clayton Jr.(UFL)",58 - 37,5252548,560658,560908,2024-03-16
2,17:18,"3pt jump shot (outside center) missed by Latrell Wrightsell Jr.(ALA), rebound defensive Tyrese Samuel(UFL)",56 - 37,5252548,560658,560908,2024-03-16
2,17:30,Free throw 2 of 2 made by Tyrese Samuel(UFL),56 - 37,5252548,560658,560908,2024-03-16
2,17:30,Substitution ALA: in Mouhamed Dioubate,55 - 37,5252548,560658,560908,2024-03-16
2,17:30,Substitution ALA: out Nick Pringle,55 - 37,5252548,560658,560908,2024-03-16
2,17:30,Free throw 1 of 2 made by Tyrese Samuel(UFL),55 - 37,5252548,560658,560908,2024-03-16
2,17:30,Foul personal (shooting;2 free throws) (in the paint) Grant Nelson(ALA),54 - 37,5252548,560658,560908,2024-03-16
2,17:46,Free throw 2 of 2 made by Nick Pringle(ALA),54 - 37,5252548,560658,560908,2024-03-16
2,17:46,Free throw 1 of 2 made by Nick Pringle(ALA),54 - 36,5252548,560658,560908,2024-03-16
2,17:46,Foul personal (shooting;2 free throws) (under the basket) Micah Handlogten(UFL),54 - 35,5252548,560658,560908,2024-03-16
2,17:54,2pt layup (off turnover) (under the basket) made by Tyrese Samuel(UFL),54 - 35,5252548,560658,560908,2024-03-16
2,18:11,Turnover bad pass (in the paint) Mark Sears(ALA),54 - 37,5252548,560658,560908,2024-03-16
2,18:23,"2pt jump shot (in the paint) missed by Walter Clayton Jr.(UFL), rebound defensive Latrell Wrightsell Jr.(ALA)",52 - 35,5252548,560658,560908,2024-03-16
2,18:42,2pt driving layup (under the basket) made by Mark Sears(ALA),52 - 35,5252548,560658,560908,2024-03-16
2,19:11,2pt jump shot (in the paint) made by Zyon Pullin(UFL),52 - 33,5252548,560658,560908,2024-03-16
2,19:22,"3pt jump shot (outside left) missed by Aaron Estrada(ALA), rebound defensive Will Richard(UFL)",50 - 33,5252548,560658,560908,2024-03-16
2,19:27,"Foul personal (in the paint) Tyrese Samuel(UFL), foul on Grant Nelson(ALA)",50 - 33,5252548,560658,560908,2024-03-16
2,19:34,2pt jump shot (in the paint) made by Tyrese Samuel(UFL),50 - 33,5252548,560658,560908,2024-03-16
2,19:47,"2pt jump shot (blocked) (under the basket) missed by Nick Pringle(ALA), block Tyrese Samuel(UFL), rebound defensive Will Richard(UFL)",48 - 33,5252548,560658,560908,2024-03-16
2,19:53,"Foul personal (outside center) Tyrese Samuel(UFL), foul on Grant Nelson(ALA)",48 - 33,5252548,560658,560908,2024-03-16
2,20:00,Period start,48 - 33,5252548,560658,560908,2024-03-16
2,20:00,Substitution UFL: in Tyrese Samuel,48 - 33,5252548,560658,560908,2024-03-16
2,20:00,Substitution UFL: in Micah Handlogten,48 - 33,5252548,560658,560908,2024-03-16
2,20:00,Substitution UFL: in Zyon Pullin,48 - 33,5252548,560658,560908,2024-03-16
2,20:00,Substitution UFL: out Alex Condon,48 - 33,5252548,560658,560908,2024-03-16
2,20:00,Substitution UFL: out Thomas Haugh,48 - 33,5252548,560658,560908,2024-03-16
2,20:00,Substitution UFL: out Riley Kugel,48 - 33,5252548,560658,560908,2024-03-16
2,20:00,Substitution ALA: in Grant Nelson,48 - 33,5252548,560658,560908,2024-03-16
2,20:00,Substitution ALA: out Rylan Griffen,48 - 33,5252548,560658,560908,2024-03-16
1,00:00.00,Period end (confirmed),48 - 33,5252548,560658,560908,2024-03-16
1,00:00.10,"2pt layup (under the basket) missed by Nick Pringle(ALA), rebound defensive Walter Clayton Jr.(UFL)",48 - 33,5252548,560658,560908,2024-03-16
1,00:20.90,"2pt dunk (under the basket) made by Will Richard(UFL), assist Walter Clayton Jr.(UFL)",48 - 33,5252548,560658,560908,2024-03-16
1,00:39.60,"2pt jump shot (in the paint) missed by Latrell Wrightsell Jr.(ALA), rebound defensive Thomas Haugh(UFL)",46 - 33,5252548,560658,560908,2024-03-16
1,00:48.80,2pt driving layup (under the basket) made by Thomas Haugh(UFL),46 - 33,5252548,560658,560908,2024-03-16
1,01:11,2pt jump shot (in the paint) made by Aaron Estrada(ALA),44 - 33,5252548,560658,560908,2024-03-16
1,01:21,Free throw 2 of 2 (fast break;off turnover) made by Walter Clayton Jr.(UFL),44 - 31,5252548,560658,560908,2024-03-16
1,01:21,Substitution ALA: in Nick Pringle,43 - 31,5252548,560658,560908,2024-03-16
1,01:21,Substitution ALA: in Rylan Griffen,43 - 31,5252548,560658,560908,2024-03-16
1,01:21,Substitution ALA: out Sam Walters,43 - 31,5252548,560658,560908,2024-03-16
1,01:21,Substitution ALA: out Jarin Stevenson,43 - 31,5252548,560658,560908,2024-03-16
1,01:21,Free throw 1 of 2 (fast break;off turnover) made by Walter Clayton Jr.(UFL),43 - 31,5252548,560658,560908,2024-03-16
1,01:21,Foul personal (shooting;2 free throws) (in the paint) Aaron Estrada(ALA),42 - 31,5252548,560658,560908,2024-03-16
1,01:25,"Turnover lost ball (in the paint) Jarin Stevenson(ALA), steal Will Richard(UFL)",42 - 31,5252548,560658,560908,2024-03-16
1,01:54,"2pt driving layup (fast break) (in the paint) made by Will Richard(UFL), assist Walter Clayton Jr.(UFL)",42 - 31,5252548,560658,560908,2024-03-16
1,02:01,"2pt jump shot (off turnover) (under the basket) missed by Mark Sears(ALA), rebound defensive Alex Condon(UFL)",40 - 31,5252548,560658,560908,2024-03-16
1,02:14,Turnover bad pass (inside left) Riley Kugel(UFL),40 - 31,5252548,560658,560908,2024-03-16
1,02:28,"3pt jump shot (outside center) missed by Jarin Stevenson(ALA), rebound defensive Thomas Haugh(UFL)",40 - 31,5252548,560658,560908,2024-03-16
1,02:38,"Free throw 2 of 2 missed by Thomas Haugh(UFL), rebound defensive Jarin Stevenson(ALA)",40 - 31,5252548,560658,560908,2024-03-16
1,02:38,Free throw 1 of 2 made by Thomas Haugh(UFL),40 - 31,5252548,560658,560908,2024-03-16
1,02:38,Foul personal (2 free throws) (back court) Sam Walters(ALA),39 - 31,5252548,560658,560908,2024-03-16
1,02:39,"Free throw 2 of 2 missed by Mark Sears(ALA), rebound defensive Thomas Haugh(UFL)",39 - 31,5252548,560658,560908,2024-03-16
1,02:39,Substitution ALA: in Jarin Stevenson,39 - 31,5252548,560658,560908,2024-03-16
1,02:39,Substitution ALA: out Nick Pringle,39 - 31,5252548,560658,560908,2024-03-16
1,02:39,"Free throw 1 of 2 missed by Mark Sears(ALA), rebound offensive dead ball ALA",39 - 31,5252548,560658,560908,2024-03-16
1,02:39,Foul personal (shooting;2 free throws) (in the paint) Riley Kugel(UFL),39 - 31,5252548,560658,560908,2024-03-16
1,02:46,Substitution UFL: in Riley Kugel,39 - 31,5252548,560658,560908,2024-03-16
1,02:46,Substitution UFL: out Zyon Pullin,39 - 31,5252548,560658,560908,2024-03-16
1,02:46,Free throw 2 of 2 made by Zyon Pullin(UFL),39 - 31,5252548,560658,560908,2024-03-16
1,02:46,Free throw 1 of 2 made by Zyon Pullin(UFL),38 - 31,5252548,560658,560908,2024-03-16
1,02:46,Substitution ALA: in Sam Walters,37 - 31,5252548,560658,560908,2024-03-16
1,02:46,Substitution ALA: out Rylan Griffen,37 - 31,5252548,560658,560908,2024-03-16
1,02:46,Foul personal (one and one) (outside center) Rylan Griffen(ALA),37 - 31,5252548,560658,560908,2024-03-16
1,03:11,"Free throw 2 of 2 (2nd chance) missed by Nick Pringle(ALA), rebound defensive Alex Condon(UFL)",37 - 31,5252548,560658,560908,2024-03-16
1,03:11,"Free throw 1 of 2 (2nd chance) missed by Nick Pringle(ALA), rebound offensive dead ball ALA",37 - 31,5252548,560658,560908,2024-03-16
1,03:11,Foul personal (shooting;2 free throws) (in the paint) Zyon Pullin(UFL),37 - 31,5252548,560658,560908,2024-03-16
1,03:13,"2pt jump shot (blocked) (in the paint) missed by Mark Sears(ALA), block Thomas Haugh(UFL), rebound offensive Nick Pringle(ALA)",37 - 31,5252548,560658,560908,2024-03-16
1,03:40,Timeout short UFL,37 - 31,5252548,560658,560908,2024-03-16
1,03:40,3pt jump shot (outside center) made by Zyon Pullin(UFL),37 - 31,5252548,560658,560908,2024-03-16
1,03:49,"2pt jump shot (in the paint) missed by Rylan Griffen(ALA), rebound defensive Thomas Haugh(UFL)",34 - 31,5252548,560658,560908,2024-03-16
1,04:09,2pt layup (in the paint) made by Alex Condon(UFL),34 - 31,5252548,560658,560908,2024-03-16
1,04:29,"2pt layup (blocked) (in the paint) missed by Mark Sears(ALA), block Thomas Haugh(UFL), rebound defensive Alex Condon(UFL), block Alex Condon(UFL)",32 - 31,5252548,560658,560908,2024-03-16
1,04:42,Substitution UFL: in Thomas Haugh,32 - 31,5252548,560658,560908,2024-03-16
1,04:42,Substitution UFL: out Micah Handlogten,32 - 31,5252548,560658,560908,2024-03-16
1,04:42,Free throw 2 of 2 made by Walter Clayton Jr.(UFL),32 - 31,5252548,560658,560908,2024-03-16
1,04:42,Substitution ALA: in Rylan Griffen,31 - 31,5252548,560658,560908,2024-03-16
1,04:42,Substitution ALA: out Grant Nelson,31 - 31,5252548,560658,560908,2024-03-16
1,04:42,Free throw 1 of 2 made by Walter Clayton Jr.(UFL),31 - 31,5252548,560658,560908,2024-03-16
1,04:42,Foul personal (shooting;2 free throws) (under the basket) Grant Nelson(ALA),30 - 31,5252548,560658,560908,2024-03-16
1,04:53,"3pt jump shot (outside left) missed by Aaron Estrada(ALA), rebound defensive Walter Clayton Jr.(UFL)",30 - 31,5252548,560658,560908,2024-03-16
1,05:00,"2pt layup (under the basket) missed by Will Richard(UFL), rebound defensive Grant Nelson(ALA)",30 - 31,5252548,560658,560908,2024-03-16
1,05:10,"3pt jump shot (outside center) missed by Mark Sears(ALA), rebound defensive Will Richard(UFL)",30 - 31,5252548,560658,560908,2024-03-16
1,05:24,"3pt jump shot (outside left) made by Walter Clayton Jr.(UFL), assist Zyon Pullin(UFL)",30 - 31,5252548,560658,560908,2024-03-16
1,05:40,2pt layup (under the basket) made by Mark Sears(ALA),27 - 31,5252548,560658,560908,2024-03-16
1,05:52,Free throw 2 of 2 made by Zyon Pullin(UFL),27 - 29,5252548,560658,560908,2024-03-16
1,05:52,Free throw 1 of 2 made by Zyon Pullin(UFL),26 - 29,5252548,560658,560908,2024-03-16
1,05:52,Substitution UFL: in Alex Condon,25 - 29,5252548,560658,560908,2024-03-16
1,05:52,Substitution UFL: in Walter Clayton Jr.,25 - 29,5252548,560658,560908,2024-03-16
1,05:52,Substitution UFL: out Tyrese Samuel,25 - 29,5252548,560658,560908,2024-03-16
1,05:52,Substitution UFL: out Riley Kugel,25 - 29,5252548,560658,560908,2024-03-16
1,05:52,Foul personal (one and one) (outside center) Mark Sears(ALA),25 - 29,5252548,560658,560908,2024-03-16
1,06:00,"2pt dunk (under the basket) made by Nick Pringle(ALA), assist Grant Nelson(ALA)",25 - 29,5252548,560658,560908,2024-03-16
1,06:16,2pt layup (off turnover;fast break) (in the paint) made by Zyon Pullin(UFL),25 - 27,5252548,560658,560908,2024-03-16
1,06:20,"Turnover bad pass (back court) Mark Sears(ALA), steal Zyon Pullin(UFL)",23 - 27,5252548,560658,560908,2024-03-16
1,06:26,"2pt jump shot (inside left) missed by Riley Kugel(UFL), rebound defensive Mark Sears(ALA)",23 - 27,5252548,560658,560908,2024-03-16
1,06:38,2pt layup (under the basket) made by Latrell Wrightsell Jr.(ALA),23 - 27,5252548,560658,560908,2024-03-16
1,07:02,2pt layup (under the basket) made by Zyon Pullin(UFL),23 - 25,5252548,560658,560908,2024-03-16
1,07:14,"3pt jump shot (outside center) made by Aaron Estrada(ALA), assist Grant Nelson(ALA), assist Nick Pringle(ALA)",21 - 25,5252548,560658,560908,2024-03-16
1,07:25,"Foul personal (outside center) Riley Kugel(UFL), foul on Mark Sears(ALA)",21 - 22,5252548,560658,560908,2024-03-16
1,07:34,"2pt jump shot (in the paint) missed by Tyrese Samuel(UFL), rebound defensive Nick Pringle(ALA)",21 - 22,5252548,560658,560908,2024-03-16
1,08:00,Substitution UFL: in Will Richard,21 - 22,5252548,560658,560908,2024-03-16
1,08:00,Substitution UFL: in Micah Handlogten,21 - 22,5252548,560658,560908,2024-03-16
1,08:00,Substitution UFL: in Zyon Pullin,21 - 22,5252548,560658,560908,2024-03-16
1,08:00,Substitution UFL: out Denzel Aberdeen,21 - 22,5252548,560658,560908,2024-03-16
1,08:00,Substitution UFL: out Thomas Haugh,21 - 22,5252548,560658,560908,2024-03-16
1,08:00,Substitution UFL: out Walter Clayton Jr.,21 - 22,5252548,560658,560908,2024-03-16
1,08:00,Substitution ALA: in Nick Pringle,21 - 22,5252548,560658,560908,2024-03-16
1,08:00,Substitution ALA: in Mark Sears,21 - 22,5252548,560658,560908,2024-03-16
1,08:00,Substitution ALA: out Jarin Stevenson,21 - 22,5252548,560658,560908,2024-03-16
1,08:00,Substitution ALA: out Rylan Griffen,21 - 22,5252548,560658,560908,2024-03-16
1,08:00,Timeout commercial,21 - 22,5252548,560658,560908,2024-03-16
1,08:02,"3pt jump shot (outside left wing) missed by Grant Nelson(ALA), rebound defensive dead ball UFL",21 - 22,5252548,560658,560908,2024-03-16
1,08:11,2pt layup (2nd chance) (under the basket) made by Tyrese Samuel(UFL),21 - 22,5252548,560658,560908,2024-03-16
1,08:16,"2pt jump shot (2nd chance;blocked) (in the paint) missed by Thomas Haugh(UFL), block Grant Nelson(ALA), rebound offensive Tyrese Samuel(UFL)",19 - 22,5252548,560658,560908,2024-03-16
1,08:27,"3pt jump shot (outside center) missed by Thomas Haugh(UFL), rebound offensive Riley Kugel(UFL)",19 - 22,5252548,560658,560908,2024-03-16
1,08:47,"2pt driving layup (off turnover) (in the paint) made by Latrell Wrightsell Jr.(ALA), assist Aaron Estrada(ALA)",19 - 22,5252548,560658,560908,2024-03-16
1,08:58,"Turnover lost ball (inside left) Walter Clayton Jr.(UFL), steal Aaron Estrada(ALA)",19 - 20,5252548,560658,560908,2024-03-16
1,09:06,"3pt jump shot (outside right wing) missed by Rylan Griffen(ALA), rebound defensive Walter Clayton Jr.(UFL)",19 - 20,5252548,560658,560908,2024-03-16
1,09:20,2pt driving layup (2nd chance) (under the basket) made by Riley Kugel(UFL),19 - 20,5252548,560658,560908,2024-03-16
1,09:37,"2pt layup (blocked) (in the paint) missed by Walter Clayton Jr.(UFL), block Grant Nelson(ALA), rebound offensive (team) UFL",17 - 20,5252548,560658,560908,2024-03-16
1,09:44,"2pt jump shot (blocked) (in the paint) missed by Grant Nelson(ALA), block Tyrese Samuel(UFL), rebound defensive Thomas Haugh(UFL)",17 - 20,5252548,560658,560908,2024-03-16
1,10:01,Substitution ALA: in Latrell Wrightsell Jr.,17 - 20,5252548,560658,560908,2024-03-16
1,10:01,Substitution ALA: out Mark Sears,17 - 20,5252548,560658,560908,2024-03-16
1,10:05,"3pt jump shot (outside center) missed by Walter Clayton Jr.(UFL), rebound defensive (team) ALA",17 - 20,5252548,560658,560908,2024-03-16
1,10:16,"3pt jump shot (outside center) made by Jarin Stevenson(ALA), assist Aaron Estrada(ALA)",17 - 20,5252548,560658,560908,2024-03-16
1,10:27,3pt jump shot (outside center) made by Walter Clayton Jr.(UFL),17 - 17,5252548,560658,560908,2024-03-16
1,10:41,"2pt dunk (under the basket) made by Grant Nelson(ALA), assist Mark Sears(ALA)",14 - 17,5252548,560658,560908,2024-03-16
1,10:57,2pt turnaround jump shot (in the paint) made by Tyrese Samuel(UFL),14 - 15,5252548,560658,560908,2024-03-16
1,11:17,"3pt jump shot (outside left) missed by Rylan Griffen(ALA), rebound defensive Thomas Haugh(UFL)",12 - 15,5252548,560658,560908,2024-03-16
1,11:26,Substitution UFL: in Tyrese Samuel,12 - 15,5252548,560658,560908,2024-03-16
1,11:26,Substitution UFL: out Alex Condon,12 - 15,5252548,560658,560908,2024-03-16
1,11:26,Substitution ALA: in Jarin Stevenson,12 - 15,5252548,560658,560908,2024-03-16
1,11:26,Substitution ALA: in Rylan Griffen,12 - 15,5252548,560658,560908,2024-03-16
1,11:26,Substitution ALA: out Sam Walters,12 - 15,5252548,560658,560908,2024-03-16
1,11:26,Substitution ALA: out Nick Pringle,12 - 15,5252548,560658,560908,2024-03-16
1,15:15,"Foul personal (under the basket) Mohamed Wague(ALA), foul on Micah Handlogten(UFL)",12 - 15,5252548,560658,560908,2024-03-16
1,11:26,Timeout commercial,12 - 15,5252548,560658,560908,2024-03-16
1,11:26,"Foul personal (inside center) Denzel Aberdeen(UFL), foul on Mark Sears(ALA)",12 - 15,5252548,560658,560908,2024-03-16
1,11:41,2pt jump shot (in the paint) made by Denzel Aberdeen(UFL),12 - 15,5252548,560658,560908,2024-03-16
1,11:50,"2pt dunk (under the basket) missed by Nick Pringle(ALA), rebound defensive Thomas Haugh(UFL)",10 - 15,5252548,560658,560908,2024-03-16
1,12:04,"2pt jump shot (off turnover) (in the paint) missed by Walter Clayton Jr.(UFL), rebound defensive Nick Pringle(ALA)",10 - 15,5252548,560658,560908,2024-03-16
1,12:18,"Foul offensive (back court) Mark Sears(ALA), turnover offensive Mark Sears(ALA), foul on Thomas Haugh(UFL)",10 - 15,5252548,560658,560908,2024-03-16
1,12:18,"Foul personal (inside right) Denzel Aberdeen(UFL), foul on Mark Sears(ALA), foul on Mark Sears(ALA)",10 - 15,5252548,560658,560908,2024-03-16
1,12:29,"Free throw 2 of 2 missed by Alex Condon(UFL), rebound defensive Sam Walters(ALA)",10 - 15,5252548,560658,560908,2024-03-16
1,12:29,Substitution UFL: in Denzel Aberdeen,10 - 15,5252548,560658,560908,2024-03-16
1,12:29,Substitution UFL: out Zyon Pullin,10 - 15,5252548,560658,560908,2024-03-16
1,12:29,Free throw 1 of 2 made by Alex Condon(UFL),10 - 15,5252548,560658,560908,2024-03-16
1,12:29,Foul personal (shooting;2 free throws) (in the paint) Nick Pringle(ALA),9 - 15,5252548,560658,560908,2024-03-16
1,12:43,2pt hook shot (2nd chance) (in the paint) made by Grant Nelson(ALA),9 - 15,5252548,560658,560908,2024-03-16
1,13:01,Substitution UFL: in Walter Clayton Jr.,9 - 13,5252548,560658,560908,2024-03-16
1,13:01,Substitution UFL: out Will Richard,9 - 13,5252548,560658,560908,2024-03-16
1,13:01,"Foul personal (in the paint) Alex Condon(UFL), foul on Nick Pringle(ALA)",9 - 13,5252548,560658,560908,2024-03-16
1,13:03,"3pt jump shot (outside right) missed by Sam Walters(ALA), rebound offensive Nick Pringle(ALA)",9 - 13,5252548,560658,560908,2024-03-16
1,13:25,"3pt jump shot (outside left) missed by Will Richard(UFL), rebound defensive Nick Pringle(ALA)",9 - 13,5252548,560658,560908,2024-03-16
1,13:37,Jump ball held ball UFL,9 - 13,5252548,560658,560908,2024-03-16
1,13:37,"2pt layup (off turnover) (under the basket) missed by Aaron Estrada(ALA), rebound defensive Thomas Haugh(UFL), rebound defensive dead ball UFL",9 - 13,5252548,560658,560908,2024-03-16
1,13:43,"Turnover bad pass (inside left) Riley Kugel(UFL), steal Aaron Estrada(ALA)",9 - 13,5252548,560658,560908,2024-03-16
1,13:54,Substitution ALA: in Aaron Estrada,9 - 13,5252548,560658,560908,2024-03-16
1,13:54,Substitution ALA: out Latrell Wrightsell Jr.,9 - 13,5252548,560658,560908,2024-03-16
1,13:54,"Foul personal (outside center) Latrell Wrightsell Jr.(ALA), foul on Alex Condon(UFL)",9 - 13,5252548,560658,560908,2024-03-16
1,14:09,Substitution ALA: in Sam Walters,9 - 13,5252548,560658,560908,2024-03-16
1,14:09,Substitution ALA: out Rylan Griffen,9 - 13,5252548,560658,560908,2024-03-16
1,14:11,"Turnover bad pass (inside right) Rylan Griffen(ALA), steal Alex Condon(UFL)",9 - 13,5252548,560658,560908,2024-03-16
1,14:17,Substitution UFL: in Thomas Haugh,9 - 13,5252548,560658,560908,2024-03-16
1,14:17,Substitution UFL: out Micah Handlogten,9 - 13,5252548,560658,560908,2024-03-16
1,14:17,Substitution ALA: in Nick Pringle,9 - 13,5252548,560658,560908,2024-03-16
1,14:17,Substitution ALA: in Latrell Wrightsell Jr.,9 - 13,5252548,560658,560908,2024-03-16
1,14:17,Substitution ALA: in Grant Nelson,9 - 13,5252548,560658,560908,2024-03-16
1,14:17,Substitution ALA: out Aaron Estrada,9 - 13,5252548,560658,560908,2024-03-16
1,14:17,Substitution ALA: out Jarin Stevenson,9 - 13,5252548,560658,560908,2024-03-16
1,14:17,Substitution ALA: out Mohamed Wague,9 - 13,5252548,560658,560908,2024-03-16
1,14:22,"3pt jump shot (outside right) missed by Mark Sears(ALA), rebound offensive Mohamed Wague(ALA)",9 - 13,5252548,560658,560908,2024-03-16
1,14:31,"2pt jump shot (in the paint) made by Alex Condon(UFL), assist Zyon Pullin(UFL)",9 - 13,5252548,560658,560908,2024-03-16
1,14:52,2pt layup (under the basket) made by Mark Sears(ALA),7 - 13,5252548,560658,560908,2024-03-16
1,15:15,2pt turnaround jump shot (inside right) made by Alex Condon(UFL),7 - 11,5252548,560658,560908,2024-03-16
1,15:33,"2pt jump shot (off turnover) (in the paint) missed by Mark Sears(ALA), rebound defensive (team) UFL",5 - 11,5252548,560658,560908,2024-03-16
1,15:49,"Foul offensive (back court) Zyon Pullin(UFL), turnover offensive Zyon Pullin(UFL), foul on Mark Sears(ALA)",5 - 11,5252548,560658,560908,2024-03-16
1,16:00,Substitution UFL: in Alex Condon,5 - 11,5252548,560658,560908,2024-03-16
1,16:00,Substitution UFL: in Riley Kugel,5 - 11,5252548,560658,560908,2024-03-16
1,16:00,Substitution UFL: out Tyrese Samuel,5 - 11,5252548,560658,560908,2024-03-16
1,16:00,Substitution UFL: out Walter Clayton Jr.,5 - 11,5252548,560658,560908,2024-03-16
1,16:00,Substitution ALA: in Mohamed Wague,5 - 11,5252548,560658,560908,2024-03-16
1,16:00,Substitution ALA: out Grant Nelson,5 - 11,5252548,560658,560908,2024-03-16
1,16:00,Timeout commercial,5 - 11,5252548,560658,560908,2024-03-16
1,16:00,"Foul personal (in the paint) Grant Nelson(ALA), foul on Micah Handlogten(UFL)",5 - 11,5252548,560658,560908,2024-03-16
1,16:01,"2pt jump shot (in the paint) missed by Walter Clayton Jr.(UFL), rebound offensive Micah Handlogten(UFL)",5 - 11,5252548,560658,560908,2024-03-16
1,16:11,"3pt jump shot (outside left) missed by Rylan Griffen(ALA), rebound defensive Zyon Pullin(UFL)",5 - 11,5252548,560658,560908,2024-03-16
1,16:15,"Foul personal (outside center) Walter Clayton Jr.(UFL), foul on Rylan Griffen(ALA)",5 - 11,5252548,560658,560908,2024-03-16
1,16:19,"3pt jump shot (off turnover) (outside center) missed by Walter Clayton Jr.(UFL), rebound defensive Rylan Griffen(ALA)",5 - 11,5252548,560658,560908,2024-03-16
1,16:44,Substitution ALA: in Jarin Stevenson,5 - 11,5252548,560658,560908,2024-03-16
1,16:44,Substitution ALA: in Rylan Griffen,5 - 11,5252548,560658,560908,2024-03-16
1,16:44,Substitution ALA: out Nick Pringle,5 - 11,5252548,560658,560908,2024-03-16
1,16:44,Substitution ALA: out Latrell Wrightsell Jr.,5 - 11,5252548,560658,560908,2024-03-16
1,16:44,"Foul offensive (in the paint) Latrell Wrightsell Jr.(ALA), turnover offensive Latrell Wrightsell Jr.(ALA), foul on Walter Clayton Jr.(UFL)",5 - 11,5252548,560658,560908,2024-03-16
1,16:57,2pt layup (off turnover;fast break) (in the paint) made by Walter Clayton Jr.(UFL),5 - 11,5252548,560658,560908,2024-03-16
1,17:03,"Turnover lost ball (under the basket) Mark Sears(ALA), steal Tyrese Samuel(UFL)",3 - 11,5252548,560658,560908,2024-03-16
1,17:13,"2pt jump shot (in the paint) missed by Tyrese Samuel(UFL), rebound defensive Mark Sears(ALA)",3 - 11,5252548,560658,560908,2024-03-16
1,17:24,"3pt jump shot (outside right) made by Aaron Estrada(ALA), assist Mark Sears(ALA)",3 - 11,5252548,560658,560908,2024-03-16
1,17:34,"3pt jump shot (fast break) (outside left) made by Will Richard(UFL), assist Zyon Pullin(UFL)",3 - 8,5252548,560658,560908,2024-03-16
1,17:38,"2pt dunk (under the basket) missed by Nick Pringle(ALA), rebound defensive Zyon Pullin(UFL)",0 - 8,5252548,560658,560908,2024-03-16
1,17:55,"3pt jump shot (outside left) missed by Zyon Pullin(UFL), rebound defensive (team) ALA",0 - 8,5252548,560658,560908,2024-03-16
1,18:05,Timeout short UFL,0 - 8,5252548,560658,560908,2024-03-16
1,18:06,"2pt layup (under the basket) made by Grant Nelson(ALA), assist Aaron Estrada(ALA)",0 - 8,5252548,560658,560908,2024-03-16
1,18:18,"3pt jump shot (outside left) missed by Walter Clayton Jr.(UFL), rebound defensive Latrell Wrightsell Jr.(ALA)",0 - 6,5252548,560658,560908,2024-03-16
1,18:30,"2pt layup (under the basket) made by Grant Nelson(ALA), assist Latrell Wrightsell Jr.(ALA)",0 - 6,5252548,560658,560908,2024-03-16
1,18:43,"2pt jump shot (inside left) missed by Tyrese Samuel(UFL), rebound defensive Nick Pringle(ALA)",0 - 4,5252548,560658,560908,2024-03-16
1,18:56,2pt driving layup (fast break) (under the basket) made by Latrell Wrightsell Jr.(ALA),0 - 4,5252548,560658,560908,2024-03-16
1,19:03,"2pt hook shot (in the paint) missed by Tyrese Samuel(UFL), rebound defensive Latrell Wrightsell Jr.(ALA)",0 - 2,5252548,560658,560908,2024-03-16
1,19:22,"2pt layup (under the basket) made by Nick Pringle(ALA), assist Aaron Estrada(ALA)",0 - 2,5252548,560658,560908,2024-03-16
1,19:32,"2pt jump shot (in the paint) missed by Will Richard(UFL), rebound defensive Nick Pringle(ALA)",0 - 0,5252548,560658,560908,2024-03-16
1,19:39,"2pt jump shot (inside right wing) missed by Grant Nelson(ALA), rebound defensive Zyon Pullin(UFL)",0 - 0,5252548,560658,560908,2024-03-16
1,20:00,"Jump ball start period, won Nick Pringle(ALA), lost Micah Handlogten(UFL)",0 - 0,5252548,560658,560908,2024-03-16
1,20:00,Period start,0 - 0,5252548,560658,560908,2024-03-16
1,20:00,Game start,0 - 0,5252548,560658,560908,2024-03-16
2,11:39,"Turnover bad pass (inside center) RayJ Dennis(Baylor), steal Hason Ward(Iowa St.)",40 - 55,5251859,560565,560687,2024-03-16
2,11:45,"Turnover bad pass (back court) Keshon Gilbert(Iowa St.), steal RayJ Dennis(Baylor)",40 - 55,5251859,560565,560687,2024-03-16
2,11:45,Turnover (inside left wing) Baylor,40 - 55,5251859,560565,560687,2024-03-16
2,11:54,Free throw 2 of 2 (2nd chance) made by Jayden Nunn(Baylor),40 - 55,5251859,560565,560687,2024-03-16
2,11:54,Free throw 1 of 2 (2nd chance) made by Jayden Nunn(Baylor),39 - 55,5251859,560565,560687,2024-03-16
2,11:54,Substitution Iowa St.: in Hason Ward,38 - 55,5251859,560565,560687,2024-03-16
2,11:54,Substitution Iowa St.: out Robert Jones,38 - 55,5251859,560565,560687,2024-03-16
2,11:54,Timeout commercial,38 - 55,5251859,560565,560687,2024-03-16
2,11:54,Foul personal (shooting;2 free throws) (under the basket) Robert Jones(Iowa St.),38 - 55,5251859,560565,560687,2024-03-16
2,12:03,Substitution Iowa St.: in Omaha Biliew,38 - 55,5251859,560565,560687,2024-03-16
2,12:03,Substitution Iowa St.: out Milan Momcilovic,38 - 55,5251859,560565,560687,2024-03-16
2,12:03,Substitution Baylor: in Jalen Bridges,38 - 55,5251859,560565,560687,2024-03-16
2,12:03,Substitution Baylor: out Ja'Kobe Walter,38 - 55,5251859,560565,560687,2024-03-16
2,12:03,"Foul personal (under the basket) Milan Momcilovic(Iowa St.), foul on Yves Missi(Baylor)",38 - 55,5251859,560565,560687,2024-03-16
2,12:04,"2pt jump shot (inside right) missed by Jayden Nunn(Baylor), rebound offensive Yves Missi(Baylor)",38 - 55,5251859,560565,560687,2024-03-16
2,12:12,"2pt layup (in the paint) missed by Tamin Lipsey(Iowa St.), rebound defensive RayJ Dennis(Baylor)",38 - 55,5251859,560565,560687,2024-03-16
2,12:31,"2pt alley oop (under the basket) made by Yves Missi(Baylor), assist RayJ Dennis(Baylor)",38 - 55,5251859,560565,560687,2024-03-16
2,12:42,3pt jump shot (off turnover;fast break) (outside left) made by Curtis Jones(Iowa St.),36 - 55,5251859,560565,560687,2024-03-16
2,12:48,"Turnover bad pass (inside center) Yves Missi(Baylor), steal Tamin Lipsey(Iowa St.)",36 - 52,5251859,560565,560687,2024-03-16
2,12:58,Substitution Iowa St.: in Robert Jones,36 - 52,5251859,560565,560687,2024-03-16
2,12:58,Substitution Iowa St.: out Hason Ward,36 - 52,5251859,560565,560687,2024-03-16
2,12:58,Substitution Iowa St.: in Milan Momcilovic,36 - 52,5251859,560565,560687,2024-03-16
2,12:58,Substitution Iowa St.: out Tre King,36 - 52,5251859,560565,560687,2024-03-16
2,12:58,Jump ball held ball Baylor,36 - 52,5251859,560565,560687,2024-03-16
2,12:59,"2pt layup (blocked) (in the paint) missed by Curtis Jones(Iowa St.), block Yves Missi(Baylor), rebound defensive Jayden Nunn(Baylor)",36 - 52,5251859,560565,560687,2024-03-16
2,13:28,"3pt jump shot (outside right) made by Caleb Lohner(Baylor), assist RayJ Dennis(Baylor)",36 - 52,5251859,560565,560687,2024-03-16
2,13:40,"3pt jump shot (outside left) missed by Curtis Jones(Iowa St.), rebound defensive Caleb Lohner(Baylor)",33 - 52,5251859,560565,560687,2024-03-16
2,13:58,Free throw 1 of 1 made by Yves Missi(Baylor),33 - 52,5251859,560565,560687,2024-03-16
2,13:58,Foul personal (shooting;1 free throw) (under the basket) Keshon Gilbert(Iowa St.),32 - 52,5251859,560565,560687,2024-03-16
2,13:58,"2pt layup (under the basket) made by Yves Missi(Baylor), assist RayJ Dennis(Baylor)",32 - 52,5251859,560565,560687,2024-03-16
2,14:03,Substitution Baylor: in Jayden Nunn,30 - 52,5251859,560565,560687,2024-03-16
2,14:03,Substitution Baylor: out Jalen Bridges,30 - 52,5251859,560565,560687,2024-03-16
2,14:03,Timeout short Baylor,30 - 52,5251859,560565,560687,2024-03-16
2,14:13,"3pt jump shot (outside center) made by Curtis Jones(Iowa St.), assist Keshon Gilbert(Iowa St.)",30 - 52,5251859,560565,560687,2024-03-16
2,14:26,"3pt jump shot (outside right) missed by RayJ Dennis(Baylor), rebound defensive (team) Iowa St.",30 - 49,5251859,560565,560687,2024-03-16
2,14:46,"3pt jump shot (off turnover) (outside right) made by Keshon Gilbert(Iowa St.), assist Tamin Lipsey(Iowa St.)",30 - 49,5251859,560565,560687,2024-03-16
2,14:46,3pt (off turnover) (outside right) missed by Iowa St.,30 - 46,5251859,560565,560687,2024-03-16
2,14:54,"Turnover bad pass (outside right wing) Jalen Bridges(Baylor), steal Tre King(Iowa St.)",30 - 46,5251859,560565,560687,2024-03-16
2,14:59,Substitution Baylor: in Yves Missi,30 - 46,5251859,560565,560687,2024-03-16
2,14:59,Substitution Baylor: out Josh Ojianwuna,30 - 46,5251859,560565,560687,2024-03-16
2,14:59,"Foul personal (in the paint) Keshon Gilbert(Iowa St.), foul on RayJ Dennis(Baylor)",30 - 46,5251859,560565,560687,2024-03-16
2,15:04,"2pt jump shot (inside right) missed by RayJ Dennis(Baylor), rebound offensive Josh Ojianwuna(Baylor)",30 - 46,5251859,560565,560687,2024-03-16
2,15:23,"2pt layup (under the basket) made by Tre King(Iowa St.), assist Hason Ward(Iowa St.)",30 - 46,5251859,560565,560687,2024-03-16
2,15:44,Substitution Iowa St.: in Hason Ward,30 - 44,5251859,560565,560687,2024-03-16
2,15:44,Substitution Iowa St.: in Tamin Lipsey,30 - 44,5251859,560565,560687,2024-03-16
2,15:44,Substitution Iowa St.: out Omaha Biliew,30 - 44,5251859,560565,560687,2024-03-16
2,15:44,Substitution Iowa St.: out Milan Momcilovic,30 - 44,5251859,560565,560687,2024-03-16
2,15:44,Timeout commercial,30 - 44,5251859,560565,560687,2024-03-16
2,15:44,"Foul personal (back court) Caleb Lohner(Baylor), foul on Keshon Gilbert(Iowa St.)",30 - 44,5251859,560565,560687,2024-03-16
2,15:45,"3pt jump shot (off turnover) (outside right) missed by Ja'Kobe Walter(Baylor), rebound defensive Keshon Gilbert(Iowa St.)",30 - 44,5251859,560565,560687,2024-03-16
2,15:52,"Turnover lost ball (in the paint) Keshon Gilbert(Iowa St.), steal Jalen Bridges(Baylor)",30 - 44,5251859,560565,560687,2024-03-16
2,16:00,"3pt jump shot (outside left wing) missed by Jalen Bridges(Baylor), rebound defensive Omaha Biliew(Iowa St.)",30 - 44,5251859,560565,560687,2024-03-16
2,16:14,"3pt jump shot (outside right) missed by Omaha Biliew(Iowa St.), rebound defensive Josh Ojianwuna(Baylor)",30 - 44,5251859,560565,560687,2024-03-16
2,16:41,Free throw 2 of 2 (2nd chance) made by Jalen Bridges(Baylor),30 - 44,5251859,560565,560687,2024-03-16
2,16:41,Substitution Iowa St.: in Curtis Jones,29 - 44,5251859,560565,560687,2024-03-16
2,16:41,Substitution Iowa St.: in Tre King,29 - 44,5251859,560565,560687,2024-03-16
2,16:41,Substitution Iowa St.: out Hason Ward,29 - 44,5251859,560565,560687,2024-03-16
2,16:41,Substitution Iowa St.: out Tamin Lipsey,29 - 44,5251859,560565,560687,2024-03-16
2,16:41,Free throw 1 of 2 (2nd chance) made by Jalen Bridges(Baylor),29 - 44,5251859,560565,560687,2024-03-16
2,16:41,Foul personal (shooting;2 free throws) (under the basket) Omaha Biliew(Iowa St.),28 - 44,5251859,560565,560687,2024-03-16
2,16:41,"2pt layup (2nd chance) (under the basket) missed by Jalen Bridges(Baylor), rebound offensive Jalen Bridges(Baylor)",28 - 44,5251859,560565,560687,2024-03-16
2,16:43,"2pt jump shot (in the paint) missed by Ja'Kobe Walter(Baylor), rebound offensive Jalen Bridges(Baylor)",28 - 44,5251859,560565,560687,2024-03-16
2,17:07,2pt layup (off turnover) (under the basket) made by Keshon Gilbert(Iowa St.),28 - 44,5251859,560565,560687,2024-03-16
2,17:28,Substitution Baylor: in Caleb Lohner,28 - 42,5251859,560565,560687,2024-03-16
2,17:28,Substitution Baylor: in Josh Ojianwuna,28 - 42,5251859,560565,560687,2024-03-16
2,17:28,Substitution Baylor: out Yves Missi,28 - 42,5251859,560565,560687,2024-03-16
2,17:28,Substitution Baylor: out Jayden Nunn,28 - 42,5251859,560565,560687,2024-03-16
2,17:28,Substitution Iowa St.: in Omaha Biliew,28 - 42,5251859,560565,560687,2024-03-16
2,17:28,Substitution Iowa St.: out Tre King,28 - 42,5251859,560565,560687,2024-03-16
2,17:28,Timeout commercial,28 - 42,5251859,560565,560687,2024-03-16
2,17:28,Timeout short Baylor,28 - 42,5251859,560565,560687,2024-03-16
2,17:32,"Foul offensive (in the paint) RayJ Dennis(Baylor), turnover offensive RayJ Dennis(Baylor), foul on Tamin Lipsey(Iowa St.)",28 - 42,5251859,560565,560687,2024-03-16
2,17:49,"2pt jump shot (in the paint) made by Hason Ward(Iowa St.), assist Keshon Gilbert(Iowa St.)",28 - 42,5251859,560565,560687,2024-03-16
2,18:12,Free throw 2 of 2 made by RayJ Dennis(Baylor),28 - 40,5251859,560565,560687,2024-03-16
2,18:12,"Free throw 1 of 2 missed by RayJ Dennis(Baylor), rebound offensive dead ball Baylor",27 - 40,5251859,560565,560687,2024-03-16
2,18:12,Foul personal (shooting;2 free throws) (in the paint) Hason Ward(Iowa St.),27 - 40,5251859,560565,560687,2024-03-16
2,18:29,"3pt jump shot (outside left wing) made by Milan Momcilovic(Iowa St.), assist Keshon Gilbert(Iowa St.)",27 - 40,5251859,560565,560687,2024-03-16
2,18:40,"3pt jump shot (outside right) missed by Jalen Bridges(Baylor), rebound defensive Keshon Gilbert(Iowa St.)",27 - 37,5251859,560565,560687,2024-03-16
2,19:03,"2pt turnaround jump shot (inside right) missed by Milan Momcilovic(Iowa St.), rebound defensive Yves Missi(Baylor)",27 - 37,5251859,560565,560687,2024-03-16
2,19:33,"3pt jump shot (outside center) missed by Ja'Kobe Walter(Baylor), rebound defensive Keshon Gilbert(Iowa St.)",27 - 37,5251859,560565,560687,2024-03-16
2,19:38,Substitution Iowa St.: in Hason Ward,27 - 37,5251859,560565,560687,2024-03-16
2,19:38,Substitution Iowa St.: out Robert Jones,27 - 37,5251859,560565,560687,2024-03-16
2,19:38,"Foul personal (in the paint) Robert Jones(Iowa St.), foul on Ja'Kobe Walter(Baylor)",27 - 37,5251859,560565,560687,2024-03-16
2,19:47,"2pt jump shot (in the paint) made by Robert Jones(Iowa St.), assist Milan Momcilovic(Iowa St.)",27 - 37,5251859,560565,560687,2024-03-16
2,20:00,Period start,27 - 35,5251859,560565,560687,2024-03-16
2,20:00,Substitution Iowa St.: in Milan Momcilovic,27 - 35,5251859,560565,560687,2024-03-16
2,20:00,Substitution Iowa St.: in Robert Jones,27 - 35,5251859,560565,560687,2024-03-16
2,20:00,Substitution Iowa St.: out Hason Ward,27 - 35,5251859,560565,560687,2024-03-16
2,20:00,Substitution Iowa St.: out Curtis Jones,27 - 35,5251859,560565,560687,2024-03-16
1,00:00.00,Period end (confirmed),27 - 35,5251859,560565,560687,2024-03-16
1,00:00.70,"3pt jump shot (outside left wing) missed by Jayden Nunn(Baylor), rebound defensive Hason Ward(Iowa St.)",27 - 35,5251859,560565,560687,2024-03-16
1,00:27.60,Free throw 2 of 2 (fast break;off turnover) made by Keshon Gilbert(Iowa St.),27 - 35,5251859,560565,560687,2024-03-16
1,00:27.60,Substitution Iowa St.: in Tre King,27 - 34,5251859,560565,560687,2024-03-16
1,00:27.60,Substitution Iowa St.: out Milan Momcilovic,27 - 34,5251859,560565,560687,2024-03-16
1,00:27.60,Free throw 1 of 2 (fast break;off turnover) made by Keshon Gilbert(Iowa St.),27 - 34,5251859,560565,560687,2024-03-16
1,00:27.60,Foul personal (shooting;2 free throws) (under the basket) Jalen Bridges(Baylor),27 - 33,5251859,560565,560687,2024-03-16
1,00:30.80,"Turnover lost ball (outside center) RayJ Dennis(Baylor), steal Keshon Gilbert(Iowa St.)",27 - 33,5251859,560565,560687,2024-03-16
1,00:37.80,"2pt jump shot (off turnover) (in the paint) missed by Keshon Gilbert(Iowa St.), rebound defensive Yves Missi(Baylor)",27 - 33,5251859,560565,560687,2024-03-16
1,00:48.00,Turnover out of bounds (outside left wing) Jayden Nunn(Baylor),27 - 33,5251859,560565,560687,2024-03-16
1,00:58.30,"2pt jump shot (in the paint) missed by Keshon Gilbert(Iowa St.), rebound defensive Jalen Bridges(Baylor)",27 - 33,5251859,560565,560687,2024-03-16
1,01:13,Substitution Iowa St.: in Milan Momcilovic,27 - 33,5251859,560565,560687,2024-03-16
1,01:13,Substitution Iowa St.: out Tre King,27 - 33,5251859,560565,560687,2024-03-16
1,01:15,"3pt jump shot (outside right) missed by Jayden Nunn(Baylor), rebound defensive (team) Iowa St.",27 - 33,5251859,560565,560687,2024-03-16
1,01:39,2pt layup (under the basket) made by Keshon Gilbert(Iowa St.),27 - 33,5251859,560565,560687,2024-03-16
1,02:00,3pt pull up jump shot (fast break) (outside right) made by Jalen Bridges(Baylor),27 - 31,5251859,560565,560687,2024-03-16
1,02:07,"2pt jump shot (in the paint) missed by Curtis Jones(Iowa St.), rebound defensive Jalen Bridges(Baylor)",24 - 31,5251859,560565,560687,2024-03-16
1,02:18,Substitution Iowa St.: in Hason Ward,24 - 31,5251859,560565,560687,2024-03-16
1,02:18,Substitution Iowa St.: out Robert Jones,24 - 31,5251859,560565,560687,2024-03-16
1,02:42,2pt layup (2nd chance) (under the basket) made by RayJ Dennis(Baylor),24 - 31,5251859,560565,560687,2024-03-16
1,02:47,"2pt jump shot (inside right) missed by RayJ Dennis(Baylor), rebound offensive RayJ Dennis(Baylor)",22 - 31,5251859,560565,560687,2024-03-16
1,02:56,"2pt jump shot (off turnover) (in the paint) missed by Keshon Gilbert(Iowa St.), rebound defensive Yves Missi(Baylor)",22 - 31,5251859,560565,560687,2024-03-16
1,03:21,"Foul offensive (back court) Yves Missi(Baylor), turnover offensive Yves Missi(Baylor), foul on Tamin Lipsey(Iowa St.)",22 - 31,5251859,560565,560687,2024-03-16
1,03:23,"2pt layup (2nd chance) (under the basket) missed by Tre King(Iowa St.), rebound defensive RayJ Dennis(Baylor)",22 - 31,5251859,560565,560687,2024-03-16
1,03:28,"2pt layup (blocked) (in the paint) missed by Keshon Gilbert(Iowa St.), block Yves Missi(Baylor), rebound offensive Tre King(Iowa St.)",22 - 31,5251859,560565,560687,2024-03-16
1,03:40,"2pt jump shot (in the paint) made by Jalen Bridges(Baylor), assist RayJ Dennis(Baylor)",22 - 31,5251859,560565,560687,2024-03-16
1,03:43,Substitution Baylor: in Jayden Nunn,20 - 31,5251859,560565,560687,2024-03-16
1,03:43,Substitution Baylor: out Caleb Lohner,20 - 31,5251859,560565,560687,2024-03-16
1,03:43,Substitution Iowa St.: in Tamin Lipsey,20 - 31,5251859,560565,560687,2024-03-16
1,03:43,Substitution Iowa St.: out Milan Momcilovic,20 - 31,5251859,560565,560687,2024-03-16
1,03:43,Timeout commercial,20 - 31,5251859,560565,560687,2024-03-16
1,03:43,"Foul personal (in the paint) Milan Momcilovic(Iowa St.), foul on RayJ Dennis(Baylor)",20 - 31,5251859,560565,560687,2024-03-16
1,04:05,"3pt jump shot (outside right) made by Curtis Jones(Iowa St.), assist Keshon Gilbert(Iowa St.)",20 - 31,5251859,560565,560687,2024-03-16
1,04:24,"3pt jump shot (2nd chance) (outside right) made by Jalen Bridges(Baylor), assist RayJ Dennis(Baylor)",20 - 28,5251859,560565,560687,2024-03-16
1,04:39,Substitution Baylor: in Yves Missi,17 - 28,5251859,560565,560687,2024-03-16
1,04:39,Substitution Baylor: out Josh Ojianwuna,17 - 28,5251859,560565,560687,2024-03-16
1,04:39,Substitution Iowa St.: in Robert Jones,17 - 28,5251859,560565,560687,2024-03-16
1,04:39,Substitution Iowa St.: in Curtis Jones,17 - 28,5251859,560565,560687,2024-03-16
1,04:39,Substitution Iowa St.: out Hason Ward,17 - 28,5251859,560565,560687,2024-03-16
1,04:39,Substitution Iowa St.: out Tamin Lipsey,17 - 28,5251859,560565,560687,2024-03-16
1,04:39,Jump ball held ball Baylor,17 - 28,5251859,560565,560687,2024-03-16
1,04:44,"2pt layup (in the paint) missed by Josh Ojianwuna(Baylor), rebound offensive Jalen Bridges(Baylor)",17 - 28,5251859,560565,560687,2024-03-16
1,05:01,"2pt jump shot (in the paint) made by Hason Ward(Iowa St.), assist Tamin Lipsey(Iowa St.)",17 - 28,5251859,560565,560687,2024-03-16
1,05:14,"2pt jump shot (blocked) (inside right) missed by Ja'Kobe Walter(Baylor), block Hason Ward(Iowa St.), rebound defensive Hason Ward(Iowa St.)",17 - 26,5251859,560565,560687,2024-03-16
1,05:35,"3pt jump shot (off turnover) (outside right) missed by Keshon Gilbert(Iowa St.), rebound defensive Caleb Lohner(Baylor)",17 - 26,5251859,560565,560687,2024-03-16
1,05:56,Timeout short Iowa St.,17 - 26,5251859,560565,560687,2024-03-16
1,06:10,Substitution Baylor: in Josh Ojianwuna,17 - 26,5251859,560565,560687,2024-03-16
1,06:10,Substitution Baylor: out Yves Missi,17 - 26,5251859,560565,560687,2024-03-16
1,06:10,Substitution Baylor: in RayJ Dennis,17 - 26,5251859,560565,560687,2024-03-16
1,06:10,Substitution Baylor: out Jayden Nunn,17 - 26,5251859,560565,560687,2024-03-16
1,06:10,Substitution Iowa St.: in Milan Momcilovic,17 - 26,5251859,560565,560687,2024-03-16
1,06:10,Substitution Iowa St.: out Curtis Jones,17 - 26,5251859,560565,560687,2024-03-16
1,06:10,"Turnover lost ball Ja'Kobe Walter(Baylor), steal Curtis Jones(Iowa St.)",17 - 26,5251859,560565,560687,2024-03-16
1,06:10,Jump ball held ball Iowa St.,17 - 26,5251859,560565,560687,2024-03-16
1,06:38,"3pt jump shot (outside center) made by Keshon Gilbert(Iowa St.), assist Tamin Lipsey(Iowa St.)",17 - 26,5251859,560565,560687,2024-03-16
1,06:51,Free throw 2 of 2 made by Tamin Lipsey(Iowa St.),17 - 23,5251859,560565,560687,2024-03-16
1,06:51,Free throw 1 of 2 made by Tamin Lipsey(Iowa St.),17 - 22,5251859,560565,560687,2024-03-16
1,06:51,Foul personal (flagrant 1;2 free throws) (back court) Jayden Nunn(Baylor),17 - 21,5251859,560565,560687,2024-03-16
1,06:53,"2pt alley oop (under the basket) made by Yves Missi(Baylor), assist Caleb Lohner(Baylor), assist Caleb Lohner(Baylor)",17 - 21,5251859,560565,560687,2024-03-16
1,07:10,Substitution Iowa St.: in Tre King,15 - 21,5251859,560565,560687,2024-03-16
1,07:10,Substitution Iowa St.: out Milan Momcilovic,15 - 21,5251859,560565,560687,2024-03-16
1,07:10,"Foul personal (outside center) Tamin Lipsey(Iowa St.), foul on Caleb Lohner(Baylor)",15 - 21,5251859,560565,560687,2024-03-16
1,07:16,"2pt jump shot (2nd chance) (in the paint) missed by Milan Momcilovic(Iowa St.), rebound defensive Caleb Lohner(Baylor)",15 - 21,5251859,560565,560687,2024-03-16
1,07:19,"2pt jump shot (in the paint) missed by Milan Momcilovic(Iowa St.), rebound offensive Milan Momcilovic(Iowa St.)",15 - 21,5251859,560565,560687,2024-03-16
1,07:35,"2pt layup (in the paint) missed by Ja'Kobe Walter(Baylor), rebound defensive Tamin Lipsey(Iowa St.)",15 - 21,5251859,560565,560687,2024-03-16
1,07:52,Free throw 2 of 2 (fast break) made by Hason Ward(Iowa St.),15 - 21,5251859,560565,560687,2024-03-16
1,07:52,Free throw 1 of 2 (fast break) made by Hason Ward(Iowa St.),15 - 20,5251859,560565,560687,2024-03-16
1,07:52,Substitution Baylor: in Caleb Lohner,15 - 19,5251859,560565,560687,2024-03-16
1,07:52,Substitution Baylor: out RayJ Dennis,15 - 19,5251859,560565,560687,2024-03-16
1,07:52,Timeout commercial,15 - 19,5251859,560565,560687,2024-03-16
1,07:52,Foul personal (shooting;2 free throws) (in the paint) RayJ Dennis(Baylor),15 - 19,5251859,560565,560687,2024-03-16
1,07:59,"3pt jump shot (2nd chance) (outside right) missed by RayJ Dennis(Baylor), rebound defensive Tamin Lipsey(Iowa St.)",15 - 19,5251859,560565,560687,2024-03-16
1,08:10,"2pt layup (2nd chance;blocked) (in the paint) missed by RayJ Dennis(Baylor), block Hason Ward(Iowa St.), rebound offensive (team) Baylor",15 - 19,5251859,560565,560687,2024-03-16
1,08:17,Substitution Iowa St.: in Hason Ward,15 - 19,5251859,560565,560687,2024-03-16
1,08:17,Substitution Iowa St.: out Robert Jones,15 - 19,5251859,560565,560687,2024-03-16
1,08:17,Substitution Baylor: in Ja'Kobe Walter,15 - 19,5251859,560565,560687,2024-03-16
1,08:17,Substitution Baylor: in Jayden Nunn,15 - 19,5251859,560565,560687,2024-03-16
1,08:17,Substitution Baylor: out Caleb Lohner,15 - 19,5251859,560565,560687,2024-03-16
1,08:17,Substitution Baylor: out Miro Little,15 - 19,5251859,560565,560687,2024-03-16
1,08:17,Substitution Iowa St.: in Keshon Gilbert,15 - 19,5251859,560565,560687,2024-03-16
1,08:17,Substitution Iowa St.: out Tre King,15 - 19,5251859,560565,560687,2024-03-16
1,08:17,"Foul personal (under the basket) Robert Jones(Iowa St.), foul on Yves Missi(Baylor)",15 - 19,5251859,560565,560687,2024-03-16
1,08:19,"2pt turnaround jump shot (in the paint) missed by Jalen Bridges(Baylor), rebound offensive Yves Missi(Baylor)",15 - 19,5251859,560565,560687,2024-03-16
1,08:45,2pt jump shot (in the paint) made by Robert Jones(Iowa St.),15 - 19,5251859,560565,560687,2024-03-16
1,09:01,"3pt jump shot (outside left) missed by RayJ Dennis(Baylor), rebound defensive Milan Momcilovic(Iowa St.)",15 - 17,5251859,560565,560687,2024-03-16
1,09:20,"2pt floating jump shot (in the paint) made by Tre King(Iowa St.), assist Tamin Lipsey(Iowa St.)",15 - 17,5251859,560565,560687,2024-03-16
1,09:38,"3pt jump shot (outside left) made by Jalen Bridges(Baylor), assist RayJ Dennis(Baylor)",15 - 15,5251859,560565,560687,2024-03-16
1,09:48,"3pt jump shot (outside right) missed by Tamin Lipsey(Iowa St.), rebound defensive Caleb Lohner(Baylor)",12 - 15,5251859,560565,560687,2024-03-16
1,10:09,Free throw 2 of 2 made by Jalen Bridges(Baylor),12 - 15,5251859,560565,560687,2024-03-16
1,10:09,"Free throw 1 of 2 missed by Jalen Bridges(Baylor), rebound offensive dead ball Baylor",11 - 15,5251859,560565,560687,2024-03-16
1,10:09,Foul personal (shooting;2 free throws) (in the paint) Robert Jones(Iowa St.),11 - 15,5251859,560565,560687,2024-03-16
1,10:21,"2pt jump shot (in the paint) missed by Tamin Lipsey(Iowa St.), rebound defensive Caleb Lohner(Baylor)",11 - 15,5251859,560565,560687,2024-03-16
1,10:58,2pt jump shot (in the paint) made by Caleb Lohner(Baylor),11 - 15,5251859,560565,560687,2024-03-16
1,11:13,"3pt jump shot (off turnover) (outside right) missed by Curtis Jones(Iowa St.), rebound defensive Yves Missi(Baylor)",9 - 15,5251859,560565,560687,2024-03-16
1,11:18,"Foul personal (in the paint) RayJ Dennis(Baylor), foul on Tre King(Iowa St.)",9 - 15,5251859,560565,560687,2024-03-16
1,11:19,Substitution Baylor: in Yves Missi,9 - 15,5251859,560565,560687,2024-03-16
1,11:19,Substitution Baylor: in Jalen Bridges,9 - 15,5251859,560565,560687,2024-03-16
1,11:19,Substitution Baylor: in Miro Little,9 - 15,5251859,560565,560687,2024-03-16
1,11:19,Substitution Baylor: out Josh Ojianwuna,9 - 15,5251859,560565,560687,2024-03-16
1,11:19,Substitution Baylor: out Ja'Kobe Walter,9 - 15,5251859,560565,560687,2024-03-16
1,11:19,Substitution Baylor: out Jayden Nunn,9 - 15,5251859,560565,560687,2024-03-16
1,11:19,Substitution Iowa St.: in Robert Jones,9 - 15,5251859,560565,560687,2024-03-16
1,11:19,Substitution Iowa St.: in Tamin Lipsey,9 - 15,5251859,560565,560687,2024-03-16
1,11:19,Substitution Iowa St.: in Tre King,9 - 15,5251859,560565,560687,2024-03-16
1,11:19,Substitution Iowa St.: out Omaha Biliew,9 - 15,5251859,560565,560687,2024-03-16
1,11:19,Substitution Iowa St.: out Hason Ward,9 - 15,5251859,560565,560687,2024-03-16
1,11:19,Substitution Iowa St.: out Keshon Gilbert,9 - 15,5251859,560565,560687,2024-03-16
1,11:19,Timeout commercial,9 - 15,5251859,560565,560687,2024-03-16
1,11:19,"Foul personal (under the basket) Caleb Lohner(Baylor), foul on Omaha Biliew(Iowa St.)",9 - 15,5251859,560565,560687,2024-03-16
1,11:25,"Turnover bad pass (outside center) Jayden Nunn(Baylor), steal Keshon Gilbert(Iowa St.)",9 - 15,5251859,560565,560687,2024-03-16
1,11:44,"2pt layup (under the basket) made by Hason Ward(Iowa St.), assist Keshon Gilbert(Iowa St.)",9 - 15,5251859,560565,560687,2024-03-16
1,11:57,"3pt jump shot (outside right) missed by RayJ Dennis(Baylor), rebound defensive Curtis Jones(Iowa St.)",9 - 13,5251859,560565,560687,2024-03-16
1,12:07,"2pt turnaround jump shot (blocked) (in the paint) missed by Curtis Jones(Iowa St.), block RayJ Dennis(Baylor), rebound defensive Josh Ojianwuna(Baylor)",9 - 13,5251859,560565,560687,2024-03-16
1,12:34,"2pt layup (off turnover;fast break) (under the basket) made by Caleb Lohner(Baylor), assist RayJ Dennis(Baylor)",9 - 13,5251859,560565,560687,2024-03-16
1,12:38,"Turnover lost ball (inside left) Keshon Gilbert(Iowa St.), steal Jayden Nunn(Baylor)",7 - 13,5251859,560565,560687,2024-03-16
1,12:43,"2pt layup (2nd chance) (under the basket) missed by Hason Ward(Iowa St.), rebound offensive Keshon Gilbert(Iowa St.)",7 - 13,5251859,560565,560687,2024-03-16
1,12:46,"2pt jump shot (in the paint) missed by Keshon Gilbert(Iowa St.), rebound offensive Hason Ward(Iowa St.)",7 - 13,5251859,560565,560687,2024-03-16
1,13:02,"2pt layup (under the basket) made by Caleb Lohner(Baylor), assist Josh Ojianwuna(Baylor)",7 - 13,5251859,560565,560687,2024-03-16
1,13:19,2pt jump shot (off turnover) (in the paint) made by Curtis Jones(Iowa St.),5 - 13,5251859,560565,560687,2024-03-16
1,13:26,"Turnover bad pass (inside left) RayJ Dennis(Baylor), steal Hason Ward(Iowa St.)",5 - 11,5251859,560565,560687,2024-03-16
1,13:37,"3pt jump shot (outside center) missed by Keshon Gilbert(Iowa St.), rebound defensive Caleb Lohner(Baylor)",5 - 11,5251859,560565,560687,2024-03-16
1,13:46,"2pt layup (off turnover) (in the paint) missed by Josh Ojianwuna(Baylor), rebound defensive Hason Ward(Iowa St.)",5 - 11,5251859,560565,560687,2024-03-16
1,13:58,Turnover bad pass (outside center) Curtis Jones(Iowa St.),5 - 11,5251859,560565,560687,2024-03-16
1,14:25,2pt floating jump shot (inside right) made by RayJ Dennis(Baylor),5 - 11,5251859,560565,560687,2024-03-16
1,14:34,Substitution Baylor: in Caleb Lohner,3 - 11,5251859,560565,560687,2024-03-16
1,14:34,Substitution Baylor: in Josh Ojianwuna,3 - 11,5251859,560565,560687,2024-03-16
1,14:34,Substitution Baylor: out Yves Missi,3 - 11,5251859,560565,560687,2024-03-16
1,14:34,Substitution Baylor: out Jalen Bridges,3 - 11,5251859,560565,560687,2024-03-16
1,14:34,Substitution Iowa St.: in Omaha Biliew,3 - 11,5251859,560565,560687,2024-03-16
1,14:34,Substitution Iowa St.: in Hason Ward,3 - 11,5251859,560565,560687,2024-03-16
1,14:34,Substitution Iowa St.: in Curtis Jones,3 - 11,5251859,560565,560687,2024-03-16
1,14:34,Substitution Iowa St.: out Robert Jones,3 - 11,5251859,560565,560687,2024-03-16
1,14:34,Substitution Iowa St.: out Tamin Lipsey,3 - 11,5251859,560565,560687,2024-03-16
1,14:34,Substitution Iowa St.: out Tre King,3 - 11,5251859,560565,560687,2024-03-16
1,14:34,Timeout commercial,3 - 11,5251859,560565,560687,2024-03-16
1,14:34,"Foul personal (in the paint) Tre King(Iowa St.), foul on Yves Missi(Baylor)",3 - 11,5251859,560565,560687,2024-03-16
1,14:43,2pt jump shot (inside right) missed by Tre King(Iowa St.),3 - 11,5251859,560565,560687,2024-03-16
1,14:55,"3pt jump shot (outside right) missed by Ja'Kobe Walter(Baylor), rebound defensive Tamin Lipsey(Iowa St.)",3 - 11,5251859,560565,560687,2024-03-16
1,15:11,2pt driving layup (under the basket) made by Keshon Gilbert(Iowa St.),3 - 11,5251859,560565,560687,2024-03-16
1,15:22,"3pt jump shot (outside left) missed by Jalen Bridges(Baylor), rebound defensive Keshon Gilbert(Iowa St.)",3 - 9,5251859,560565,560687,2024-03-16
1,15:41,"2pt jump shot (in the paint) missed by Tre King(Iowa St.), rebound defensive Yves Missi(Baylor)",3 - 9,5251859,560565,560687,2024-03-16
1,16:11,"2pt alley oop (under the basket) made by Yves Missi(Baylor), assist RayJ Dennis(Baylor)",3 - 9,5251859,560565,560687,2024-03-16
1,16:32,"2pt jump shot (inside left) missed by Robert Jones(Iowa St.), rebound defensive Yves Missi(Baylor)",1 - 9,5251859,560565,560687,2024-03-16
1,16:46,"2pt floating jump shot (inside right) missed by Yves Missi(Baylor), rebound defensive Keshon Gilbert(Iowa St.)",1 - 9,5251859,560565,560687,2024-03-16
1,17:03,"3pt jump shot (off turnover) (outside left) missed by Milan Momcilovic(Iowa St.), rebound defensive Jalen Bridges(Baylor)",1 - 9,5251859,560565,560687,2024-03-16
1,17:28,"Foul offensive (back court) Jayden Nunn(Baylor), turnover offensive Jayden Nunn(Baylor), foul on Robert Jones(Iowa St.)",1 - 9,5251859,560565,560687,2024-03-16
1,17:51,Timeout short Baylor,1 - 9,5251859,560565,560687,2024-03-16
1,18:01,"3pt jump shot (outside center) made by Tamin Lipsey(Iowa St.), assist Keshon Gilbert(Iowa St.)",1 - 9,5251859,560565,560687,2024-03-16
1,18:19,"3pt jump shot (outside left) missed by Jalen Bridges(Baylor), rebound defensive Tamin Lipsey(Iowa St.)",1 - 6,5251859,560565,560687,2024-03-16
1,18:44,3pt jump shot (outside right) made by Tamin Lipsey(Iowa St.),1 - 6,5251859,560565,560687,2024-03-16
1,19:00,Free throw 2 of 2 (2nd chance) made by Yves Missi(Baylor),1 - 3,5251859,560565,560687,2024-03-16
1,19:00,"Free throw 1 of 2 (2nd chance) missed by Yves Missi(Baylor), rebound offensive dead ball Baylor",0 - 3,5251859,560565,560687,2024-03-16
1,19:00,Foul personal (shooting;2 free throws) (under the basket) Milan Momcilovic(Iowa St.),0 - 3,5251859,560565,560687,2024-03-16
1,19:01,"2pt layup (in the paint) missed by Jalen Bridges(Baylor), rebound offensive Yves Missi(Baylor)",0 - 3,5251859,560565,560687,2024-03-16
1,19:21,3pt jump shot (fast break) (outside left wing) made by Milan Momcilovic(Iowa St.),0 - 3,5251859,560565,560687,2024-03-16
1,19:31,"3pt jump shot (outside left) missed by RayJ Dennis(Baylor), rebound defensive Tre King(Iowa St.)",0 - 0,5251859,560565,560687,2024-03-16
1,20:00,"Jump ball start period, won Yves Missi(Baylor), lost Robert Jones(Iowa St.)",0 - 0,5251859,560565,560687,2024-03-16
1,20:00,Period start,0 - 0,5251859,560565,560687,2024-03-16
1,20:00,Game start,0 - 0,5251859,560565,560687,2024-03-16
2,11:28,Timeout commercial,60 - 53,5252403,561202,561088,2024-03-16
2,11:28,"Foul personal (shooting) (outside right) Ian Martinez(USU), foul on Darrion Trammell(SDSU)",60 - 53,5252403,561202,561088,2024-03-16
2,11:51,"3pt jump shot (outside center) missed by Mason Falslev(USU), rebound defensive Elijah Saunders(SDSU)",60 - 53,5252403,561202,561088,2024-03-16
2,12:02,Substitution SDSU: in Miles Heide,60 - 53,5252403,561202,561088,2024-03-16
2,12:02,Substitution SDSU: out Jaedon LeDee,60 - 53,5252403,561202,561088,2024-03-16
2,12:02,"Foul personal (in the paint) Elijah Saunders(SDSU), foul on Great Osobor(USU)",60 - 53,5252403,561202,561088,2024-03-16
2,12:09,"3pt jump shot (blocked) (outside right wing) missed by Micah Parrish(SDSU), block Great Osobor(USU), rebound defensive Mason Falslev(USU)",60 - 53,5252403,561202,561088,2024-03-16
2,12:23,"2pt hook shot (in the paint) missed by Great Osobor(USU), rebound defensive Micah Parrish(SDSU)",60 - 53,5252403,561202,561088,2024-03-16
2,12:26,"Foul personal (inside left) Reese Waters(SDSU), foul on Great Osobor(USU)",60 - 53,5252403,561202,561088,2024-03-16
2,12:40,2pt jump shot (inside center) made by Jaedon LeDee(SDSU),60 - 53,5252403,561202,561088,2024-03-16
2,12:50,"3pt jump shot (outside right) missed by Mason Falslev(USU), rebound defensive Jaedon LeDee(SDSU)",58 - 53,5252403,561202,561088,2024-03-16
2,13:06,Substitution SDSU: in Darrion Trammell,58 - 53,5252403,561202,561088,2024-03-16
2,13:06,Substitution SDSU: out Lamont Butler,58 - 53,5252403,561202,561088,2024-03-16
2,13:06,Substitution USU: in Karson Templin,58 - 53,5252403,561202,561088,2024-03-16
2,13:06,Substitution USU: out Isaac Johnson,58 - 53,5252403,561202,561088,2024-03-16
2,13:06,"Foul personal (in the paint) Lamont Butler(SDSU), foul on Ian Martinez(USU)",58 - 53,5252403,561202,561088,2024-03-16
2,13:18,Free throw 2 of 2 made by Lamont Butler(SDSU),58 - 53,5252403,561202,561088,2024-03-16
2,13:18,Free throw 1 of 2 made by Lamont Butler(SDSU),57 - 53,5252403,561202,561088,2024-03-16
2,13:18,Foul personal (shooting;2 free throws) (in the paint) Great Osobor(USU),56 - 53,5252403,561202,561088,2024-03-16
2,13:40,"2pt layup (in the paint) made by Great Osobor(USU), assist Darius Brown II(USU)",56 - 53,5252403,561202,561088,2024-03-16
2,13:42,Substitution SDSU: in Elijah Saunders,56 - 51,5252403,561202,561088,2024-03-16
2,13:42,Substitution SDSU: in Micah Parrish,56 - 51,5252403,561202,561088,2024-03-16
2,13:42,Substitution SDSU: out Darrion Trammell,56 - 51,5252403,561202,561088,2024-03-16
2,13:42,Substitution SDSU: out Jay Pal,56 - 51,5252403,561202,561088,2024-03-16
2,13:42,"Foul personal (in the paint) Jay Pal(SDSU), foul on Ian Martinez(USU)",56 - 51,5252403,561202,561088,2024-03-16
2,14:00,"2pt jump shot (inside right) made by Jaedon LeDee(SDSU), assist Darrion Trammell(SDSU)",56 - 51,5252403,561202,561088,2024-03-16
2,14:28,"3pt jump shot (outside left) missed by Ian Martinez(USU), rebound defensive (team) SDSU",54 - 51,5252403,561202,561088,2024-03-16
2,14:49,"3pt jump shot (outside right) made by Lamont Butler(SDSU), assist Jaedon LeDee(SDSU)",54 - 51,5252403,561202,561088,2024-03-16
2,15:18,"3pt jump shot (2nd chance) (outside center) made by Ian Martinez(USU), assist Great Osobor(USU)",51 - 51,5252403,561202,561088,2024-03-16
2,15:25,Substitution SDSU: in Reese Waters,51 - 48,5252403,561202,561088,2024-03-16
2,15:25,Substitution SDSU: out Micah Parrish,51 - 48,5252403,561202,561088,2024-03-16
2,15:25,Timeout commercial,51 - 48,5252403,561202,561088,2024-03-16
2,15:25,Jump ball held ball USU,51 - 48,5252403,561202,561088,2024-03-16
2,15:28,"2pt layup (in the paint) missed by Mason Falslev(USU), rebound offensive Great Osobor(USU)",51 - 48,5252403,561202,561088,2024-03-16
2,15:37,"3pt jump shot (outside left) made by Lamont Butler(SDSU), assist Micah Parrish(SDSU)",51 - 48,5252403,561202,561088,2024-03-16
2,16:10,3pt jump shot (outside center) made by Ian Martinez(USU),48 - 48,5252403,561202,561088,2024-03-16
2,16:31,"3pt jump shot (outside center) made by Jaedon LeDee(SDSU), assist Darrion Trammell(SDSU)",48 - 45,5252403,561202,561088,2024-03-16
2,16:49,2pt jump shot (inside right) made by Darius Brown II(USU),45 - 45,5252403,561202,561088,2024-03-16
2,17:00,"2pt layup (in the paint) made by Jaedon LeDee(SDSU), assist Micah Parrish(SDSU)",45 - 43,5252403,561202,561088,2024-03-16
2,17:10,"2pt layup (blocked) (in the paint) missed by Great Osobor(USU), block Jay Pal(SDSU), rebound defensive Micah Parrish(SDSU)",43 - 43,5252403,561202,561088,2024-03-16
2,17:38,Free throw 2 of 2 (2nd chance) made by Jaedon LeDee(SDSU),43 - 43,5252403,561202,561088,2024-03-16
2,17:38,Free throw 1 of 2 (2nd chance) made by Jaedon LeDee(SDSU),42 - 43,5252403,561202,561088,2024-03-16
2,17:38,Foul personal (shooting;2 free throws) (in the paint) Isaac Johnson(USU),41 - 43,5252403,561202,561088,2024-03-16
2,17:42,"3pt jump shot (outside center) missed by Micah Parrish(SDSU), rebound offensive Jaedon LeDee(SDSU)",41 - 43,5252403,561202,561088,2024-03-16
2,17:55,Free throw 2 of 2 made by Isaac Johnson(USU),41 - 43,5252403,561202,561088,2024-03-16
2,17:55,Free throw 1 of 2 made by Isaac Johnson(USU),41 - 42,5252403,561202,561088,2024-03-16
2,17:55,Foul personal (shooting;2 free throws) (in the paint) Jay Pal(SDSU),41 - 41,5252403,561202,561088,2024-03-16
2,18:19,"3pt jump shot (outside left) made by Micah Parrish(SDSU), assist Lamont Butler(SDSU)",41 - 41,5252403,561202,561088,2024-03-16
2,18:38,"2pt layup (under the basket) made by Isaac Johnson(USU), assist Ian Martinez(USU)",38 - 41,5252403,561202,561088,2024-03-16
2,18:52,"2pt jump shot (inside right) missed by Jaedon LeDee(SDSU), rebound defensive Ian Martinez(USU)",38 - 39,5252403,561202,561088,2024-03-16
2,19:11,"2pt layup (blocked) (in the paint) missed by Isaac Johnson(USU), block Jay Pal(SDSU), rebound defensive (team) SDSU",38 - 39,5252403,561202,561088,2024-03-16
2,19:41,2pt jump shot (inside left) made by Jaedon LeDee(SDSU),38 - 39,5252403,561202,561088,2024-03-16
2,20:00,Period start,36 - 39,5252403,561202,561088,2024-03-16
2,20:00,Substitution SDSU: in Jaedon LeDee,36 - 39,5252403,561202,561088,2024-03-16
2,20:00,Substitution SDSU: in Lamont Butler,36 - 39,5252403,561202,561088,2024-03-16
2,20:00,Substitution SDSU: in Micah Parrish,36 - 39,5252403,561202,561088,2024-03-16
2,20:00,Substitution SDSU: out Miles Heide,36 - 39,5252403,561202,561088,2024-03-16
2,20:00,Substitution SDSU: out Miles Byrd,36 - 39,5252403,561202,561088,2024-03-16
2,20:00,Substitution SDSU: out Reese Waters,36 - 39,5252403,561202,561088,2024-03-16
2,20:00,Substitution USU: in Mason Falslev,36 - 39,5252403,561202,561088,2024-03-16
2,20:00,Substitution USU: in Great Osobor,36 - 39,5252403,561202,561088,2024-03-16
2,20:00,Substitution USU: out Kalifa Sakho,36 - 39,5252403,561202,561088,2024-03-16
2,20:00,Substitution USU: out Josh Uduje,36 - 39,5252403,561202,561088,2024-03-16
1,00:00.00,Period end (confirmed),36 - 39,5252403,561202,561088,2024-03-16
1,00:02.10,3pt jump shot (outside center) made by Darrion Trammell(SDSU),36 - 39,5252403,561202,561088,2024-03-16
1,00:18.90,"2pt layup (under the basket) missed by Ian Martinez(USU), rebound defensive Miles Byrd(SDSU)",33 - 39,5252403,561202,561088,2024-03-16
1,00:46.20,"3pt jump shot (outside right wing) missed by Miles Byrd(SDSU), rebound defensive Isaac Johnson(USU)",33 - 39,5252403,561202,561088,2024-03-16
1,01:14,"2pt jump shot (inside right) missed by Josh Uduje(USU), rebound defensive Miles Byrd(SDSU)",33 - 39,5252403,561202,561088,2024-03-16
1,01:30,Jump ball held ball USU,33 - 39,5252403,561202,561088,2024-03-16
1,01:33,"2pt jump shot (inside right) missed by Reese Waters(SDSU), rebound defensive Ian Martinez(USU)",33 - 39,5252403,561202,561088,2024-03-16
1,01:47,"Free throw 2 of 2 (fast break;off turnover) missed by Josh Uduje(USU), rebound defensive Jay Pal(SDSU)",33 - 39,5252403,561202,561088,2024-03-16
1,01:47,Substitution SDSU: in Miles Byrd,33 - 39,5252403,561202,561088,2024-03-16
1,01:47,Substitution SDSU: out Lamont Butler,33 - 39,5252403,561202,561088,2024-03-16
1,01:47,"Free throw 1 of 2 (fast break;off turnover) missed by Josh Uduje(USU), rebound offensive dead ball USU",33 - 39,5252403,561202,561088,2024-03-16
1,01:47,Foul personal (2 free throws) (in the paint) Lamont Butler(SDSU),33 - 39,5252403,561202,561088,2024-03-16
1,01:51,"Turnover lost ball (outside center) Darrion Trammell(SDSU), steal Darius Brown II(USU)",33 - 39,5252403,561202,561088,2024-03-16
1,02:07,Free throw 2 of 2 made by Isaac Johnson(USU),33 - 39,5252403,561202,561088,2024-03-16
1,02:07,Free throw 1 of 2 made by Isaac Johnson(USU),33 - 38,5252403,561202,561088,2024-03-16
1,02:07,Foul personal (shooting;2 free throws) (in the paint) Miles Heide(SDSU),33 - 37,5252403,561202,561088,2024-03-16
1,02:31,Free throw 2 of 2 made by Darrion Trammell(SDSU),33 - 37,5252403,561202,561088,2024-03-16
1,02:31,Substitution USU: in Kalifa Sakho,32 - 37,5252403,561202,561088,2024-03-16
1,02:31,Substitution USU: out Karson Templin,32 - 37,5252403,561202,561088,2024-03-16
1,02:31,"Free throw 1 of 2 missed by Darrion Trammell(SDSU), rebound offensive dead ball SDSU",32 - 37,5252403,561202,561088,2024-03-16
1,02:31,Foul personal (2 free throws) (outside right) Karson Templin(USU),32 - 37,5252403,561202,561088,2024-03-16
1,02:48,"Free throw 2 of 2 (2nd chance) missed by Karson Templin(USU), rebound defensive Reese Waters(SDSU)",32 - 37,5252403,561202,561088,2024-03-16
1,02:48,Free throw 1 of 2 (2nd chance) made by Karson Templin(USU),32 - 37,5252403,561202,561088,2024-03-16
1,02:48,Foul personal (shooting;2 free throws) (under the basket) Jay Pal(SDSU),32 - 36,5252403,561202,561088,2024-03-16
1,02:52,"3pt jump shot (outside left) missed by Darius Brown II(USU), rebound offensive Karson Templin(USU)",32 - 36,5252403,561202,561088,2024-03-16
1,03:22,Free throw 2 of 2 (2nd chance) made by Jay Pal(SDSU),32 - 36,5252403,561202,561088,2024-03-16
1,03:22,Substitution SDSU: in Reese Waters,31 - 36,5252403,561202,561088,2024-03-16
1,03:22,Substitution SDSU: out Micah Parrish,31 - 36,5252403,561202,561088,2024-03-16
1,03:22,Free throw 1 of 2 (2nd chance) made by Jay Pal(SDSU),31 - 36,5252403,561202,561088,2024-03-16
1,03:22,Foul personal (2 free throws) (in the paint) Josh Uduje(USU),30 - 36,5252403,561202,561088,2024-03-16
1,03:24,"2pt jump shot (2nd chance) (in the paint) missed by Jay Pal(SDSU), rebound offensive Jay Pal(SDSU)",30 - 36,5252403,561202,561088,2024-03-16
1,03:25,"Free throw 2 of 2 missed by Lamont Butler(SDSU), rebound offensive Jay Pal(SDSU)",30 - 36,5252403,561202,561088,2024-03-16
1,03:25,Free throw 1 of 2 made by Lamont Butler(SDSU),30 - 36,5252403,561202,561088,2024-03-16
1,03:25,Substitution USU: in Josh Uduje,29 - 36,5252403,561202,561088,2024-03-16
1,03:25,Substitution USU: out Javon Jackson,29 - 36,5252403,561202,561088,2024-03-16
1,03:25,Timeout commercial,29 - 36,5252403,561202,561088,2024-03-16
1,03:25,Foul personal (shooting;2 free throws) (under the basket) Javon Jackson(USU),29 - 36,5252403,561202,561088,2024-03-16
1,03:51,"2pt jump shot (2nd chance) (in the paint) missed by Karson Templin(USU), rebound defensive Lamont Butler(SDSU)",29 - 36,5252403,561202,561088,2024-03-16
1,03:56,"2pt jump shot (blocked) (in the paint) missed by Javon Jackson(USU), block Miles Heide(SDSU), rebound offensive Karson Templin(USU)",29 - 36,5252403,561202,561088,2024-03-16
1,04:08,Free throw 2 of 2 (fast break) made by Lamont Butler(SDSU),29 - 36,5252403,561202,561088,2024-03-16
1,04:08,Substitution SDSU: in Miles Heide,28 - 36,5252403,561202,561088,2024-03-16
1,04:08,Substitution SDSU: out Jaedon LeDee,28 - 36,5252403,561202,561088,2024-03-16
1,04:08,Substitution USU: in Karson Templin,28 - 36,5252403,561202,561088,2024-03-16
1,04:08,Substitution USU: out Kalifa Sakho,28 - 36,5252403,561202,561088,2024-03-16
1,04:08,"Free throw 1 of 2 (fast break) missed by Lamont Butler(SDSU), rebound offensive dead ball SDSU",28 - 36,5252403,561202,561088,2024-03-16
1,04:08,Foul personal (shooting;2 free throws) (under the basket) Darius Brown II(USU),28 - 36,5252403,561202,561088,2024-03-16
1,04:16,"3pt jump shot (outside left wing) missed by Ian Martinez(USU), rebound defensive Micah Parrish(SDSU)",28 - 36,5252403,561202,561088,2024-03-16
1,04:42,"2pt dunk (under the basket) made by Jaedon LeDee(SDSU), assist Jay Pal(SDSU)",28 - 36,5252403,561202,561088,2024-03-16
1,04:52,2pt jump shot (inside left) made by Darius Brown II(USU),26 - 36,5252403,561202,561088,2024-03-16
1,05:08,Timeout short USU,26 - 34,5252403,561202,561088,2024-03-16
1,05:08,"2pt dunk (off turnover;fast break) (under the basket) made by Jaedon LeDee(SDSU), assist Jay Pal(SDSU)",26 - 34,5252403,561202,561088,2024-03-16
1,05:12,"Turnover lost ball (in the paint) Kalifa Sakho(USU), steal Darrion Trammell(SDSU)",24 - 34,5252403,561202,561088,2024-03-16
1,05:35,"2pt dunk (off turnover) (under the basket) made by Jay Pal(SDSU), assist Darrion Trammell(SDSU)",24 - 34,5252403,561202,561088,2024-03-16
1,05:59,Turnover travel (outside center) Ian Martinez(USU),22 - 34,5252403,561202,561088,2024-03-16
1,06:13,"3pt jump shot (off turnover) (outside left) made by Lamont Butler(SDSU), assist Jaedon LeDee(SDSU)",22 - 34,5252403,561202,561088,2024-03-16
1,06:22,"Turnover lost ball (back court) Kalifa Sakho(USU), steal Micah Parrish(SDSU)",19 - 34,5252403,561202,561088,2024-03-16
1,06:23,"Free throw 1 of 1 (fast break) missed by Jay Pal(SDSU), rebound defensive Kalifa Sakho(USU)",19 - 34,5252403,561202,561088,2024-03-16
1,06:23,Substitution USU: in Kalifa Sakho,19 - 34,5252403,561202,561088,2024-03-16
1,06:23,Substitution USU: out Great Osobor,19 - 34,5252403,561202,561088,2024-03-16
1,06:23,Timeout commercial,19 - 34,5252403,561202,561088,2024-03-16
1,06:23,Foul personal (one and one) (back court) Great Osobor(USU),19 - 34,5252403,561202,561088,2024-03-16
1,06:28,"3pt jump shot (outside right wing) missed by Ian Martinez(USU), rebound defensive Jay Pal(SDSU)",19 - 34,5252403,561202,561088,2024-03-16
1,06:52,"2pt jump shot (in the paint) made by Micah Parrish(SDSU), assist Darrion Trammell(SDSU)",19 - 34,5252403,561202,561088,2024-03-16
1,07:25,"3pt jump shot (outside left wing) made by Javon Jackson(USU), assist Darius Brown II(USU)",17 - 34,5252403,561202,561088,2024-03-16
1,07:34,"2pt turnaround jump shot (blocked) (inside center) missed by Jaedon LeDee(SDSU), block Great Osobor(USU), rebound defensive Isaac Johnson(USU)",17 - 31,5252403,561202,561088,2024-03-16
1,07:50,2pt jump shot (inside left) made by Darius Brown II(USU),17 - 31,5252403,561202,561088,2024-03-16
1,08:18,"Free throw 2 of 2 missed by Jaedon LeDee(SDSU), rebound defensive (team) USU",17 - 29,5252403,561202,561088,2024-03-16
1,08:18,Free throw 1 of 2 made by Jaedon LeDee(SDSU),17 - 29,5252403,561202,561088,2024-03-16
1,08:18,Substitution USU: in Great Osobor,16 - 29,5252403,561202,561088,2024-03-16
1,08:18,Substitution USU: out Karson Templin,16 - 29,5252403,561202,561088,2024-03-16
1,08:18,Foul personal (one and one) (inside right) Karson Templin(USU),16 - 29,5252403,561202,561088,2024-03-16
1,08:27,Free throw 2 of 2 (2nd chance) made by Ian Martinez(USU),16 - 29,5252403,561202,561088,2024-03-16
1,08:27,Substitution SDSU: in Jaedon LeDee,16 - 28,5252403,561202,561088,2024-03-16
1,08:27,Substitution SDSU: out Demarshay Johnson Jr.,16 - 28,5252403,561202,561088,2024-03-16
1,08:27,Substitution USU: in Javon Jackson,16 - 28,5252403,561202,561088,2024-03-16
1,08:27,Substitution USU: out Josh Uduje,16 - 28,5252403,561202,561088,2024-03-16
1,08:27,Free throw 1 of 2 (2nd chance) made by Ian Martinez(USU),16 - 28,5252403,561202,561088,2024-03-16
1,08:27,Foul personal (one and one) (in the paint) Darrion Trammell(SDSU),16 - 27,5252403,561202,561088,2024-03-16
1,08:28,"3pt jump shot (outside right) missed by Darius Brown II(USU), rebound offensive Ian Martinez(USU)",16 - 27,5252403,561202,561088,2024-03-16
1,08:39,"2pt jump shot (in the paint) missed by Darrion Trammell(SDSU), rebound defensive Isaac Johnson(USU)",16 - 27,5252403,561202,561088,2024-03-16
1,08:47,Substitution USU: in Ian Martinez,16 - 27,5252403,561202,561088,2024-03-16
1,08:47,Substitution USU: out Mason Falslev,16 - 27,5252403,561202,561088,2024-03-16
1,08:47,"Foul personal (outside left) Mason Falslev(USU), foul on Darrion Trammell(SDSU)",16 - 27,5252403,561202,561088,2024-03-16
1,08:59,2pt layup (under the basket) made by Mason Falslev(USU),16 - 27,5252403,561202,561088,2024-03-16
1,09:04,"Free throw 2 of 2 missed by Demarshay Johnson Jr.(SDSU), rebound defensive Mason Falslev(USU)",16 - 25,5252403,561202,561088,2024-03-16
1,09:04,Substitution USU: in Darius Brown II,16 - 25,5252403,561202,561088,2024-03-16
1,09:04,Substitution USU: out Ian Martinez,16 - 25,5252403,561202,561088,2024-03-16
1,09:04,"Free throw 1 of 2 missed by Demarshay Johnson Jr.(SDSU), rebound offensive dead ball SDSU",16 - 25,5252403,561202,561088,2024-03-16
1,09:04,Foul personal (shooting;2 free throws) (under the basket) Karson Templin(USU),16 - 25,5252403,561202,561088,2024-03-16
1,09:21,Substitution SDSU: in Darrion Trammell,16 - 25,5252403,561202,561088,2024-03-16
1,09:21,Substitution SDSU: in Demarshay Johnson Jr.,16 - 25,5252403,561202,561088,2024-03-16
1,09:21,Substitution SDSU: in Jay Pal,16 - 25,5252403,561202,561088,2024-03-16
1,09:21,Substitution SDSU: in Micah Parrish,16 - 25,5252403,561202,561088,2024-03-16
1,09:21,Substitution SDSU: out Miles Heide,16 - 25,5252403,561202,561088,2024-03-16
1,09:21,Substitution SDSU: out Elijah Saunders,16 - 25,5252403,561202,561088,2024-03-16
1,09:21,Substitution SDSU: out Miles Byrd,16 - 25,5252403,561202,561088,2024-03-16
1,09:21,Substitution SDSU: out Reese Waters,16 - 25,5252403,561202,561088,2024-03-16
1,09:21,Substitution USU: in Isaac Johnson,16 - 25,5252403,561202,561088,2024-03-16
1,09:21,Substitution USU: out Great Osobor,16 - 25,5252403,561202,561088,2024-03-16
1,09:21,Timeout short SDSU,16 - 25,5252403,561202,561088,2024-03-16
1,09:24,2pt jump shot (inside left) made by Mason Falslev(USU),16 - 25,5252403,561202,561088,2024-03-16
1,09:36,"3pt jump shot (outside right) missed by Elijah Saunders(SDSU), rebound defensive Karson Templin(USU)",16 - 23,5252403,561202,561088,2024-03-16
1,09:49,2pt jump shot (2nd chance) (in the paint) made by Great Osobor(USU),16 - 23,5252403,561202,561088,2024-03-16
1,10:00,"3pt jump shot (outside right wing) missed by Josh Uduje(USU), rebound defensive (team) SDSU, rebound offensive (team) USU",16 - 21,5252403,561202,561088,2024-03-16
1,10:27,"2pt jump shot (2nd chance;off turnover) (inside left) missed by Reese Waters(SDSU), rebound defensive (team) USU",16 - 21,5252403,561202,561088,2024-03-16
1,10:33,"3pt jump shot (off turnover) (outside center) missed by Lamont Butler(SDSU), rebound offensive Reese Waters(SDSU)",16 - 21,5252403,561202,561088,2024-03-16
1,10:55,"Turnover lost ball Mason Falslev(USU), steal Lamont Butler(SDSU)",16 - 21,5252403,561202,561088,2024-03-16
1,10:55,Jump ball held ball SDSU,16 - 21,5252403,561202,561088,2024-03-16
1,11:01,"Turnover bad pass (in the paint) Miles Byrd(SDSU), steal Karson Templin(USU)",16 - 21,5252403,561202,561088,2024-03-16
1,11:04,"Foul personal (in the paint) Mason Falslev(USU), foul on Reese Waters(SDSU)",16 - 21,5252403,561202,561088,2024-03-16
1,11:04,"Free throw 2 of 2 (2nd chance) missed by Miles Heide(SDSU), rebound offensive Reese Waters(SDSU)",16 - 21,5252403,561202,561088,2024-03-16
1,11:04,Substitution USU: in Karson Templin,16 - 21,5252403,561202,561088,2024-03-16
1,11:04,Substitution USU: in Mason Falslev,16 - 21,5252403,561202,561088,2024-03-16
1,11:04,Substitution USU: out Kalifa Sakho,16 - 21,5252403,561202,561088,2024-03-16
1,11:04,Substitution USU: out Darius Brown II,16 - 21,5252403,561202,561088,2024-03-16
1,11:04,Free throw 1 of 2 (2nd chance) made by Miles Heide(SDSU),16 - 21,5252403,561202,561088,2024-03-16
1,11:04,Foul personal (shooting;2 free throws) (under the basket) Great Osobor(USU),15 - 21,5252403,561202,561088,2024-03-16
1,11:07,"2pt jump shot (inside center) missed by Lamont Butler(SDSU), rebound offensive Miles Heide(SDSU)",15 - 21,5252403,561202,561088,2024-03-16
1,11:24,"2pt layup (under the basket) made by Kalifa Sakho(USU), assist Darius Brown II(USU)",15 - 21,5252403,561202,561088,2024-03-16
1,11:32,"3pt jump shot (outside left) missed by Reese Waters(SDSU), rebound defensive Kalifa Sakho(USU)",15 - 19,5252403,561202,561088,2024-03-16
1,11:43,Free throw 2 of 2 (fast break;off turnover) made by Kalifa Sakho(USU),15 - 19,5252403,561202,561088,2024-03-16
1,11:43,Free throw 1 of 2 (fast break;off turnover) made by Kalifa Sakho(USU),15 - 18,5252403,561202,561088,2024-03-16
1,11:43,Foul personal (shooting;2 free throws) (in the paint) Reese Waters(SDSU),15 - 17,5252403,561202,561088,2024-03-16
1,11:46,"Turnover lost ball (outside right) Reese Waters(SDSU), steal Kalifa Sakho(USU)",15 - 17,5252403,561202,561088,2024-03-16
1,11:55,Free throw 3 of 3 (2nd chance) made by Ian Martinez(USU),15 - 17,5252403,561202,561088,2024-03-16
1,11:55,Free throw 2 of 3 (2nd chance) made by Ian Martinez(USU),15 - 16,5252403,561202,561088,2024-03-16
1,11:55,Free throw 1 of 3 (2nd chance) made by Ian Martinez(USU),15 - 15,5252403,561202,561088,2024-03-16
1,11:55,Substitution SDSU: in Miles Byrd,15 - 14,5252403,561202,561088,2024-03-16
1,11:55,Substitution SDSU: in Lamont Butler,15 - 14,5252403,561202,561088,2024-03-16
1,11:55,Substitution SDSU: out Darrion Trammell,15 - 14,5252403,561202,561088,2024-03-16
1,11:55,Substitution SDSU: out Micah Parrish,15 - 14,5252403,561202,561088,2024-03-16
1,11:55,Timeout commercial,15 - 14,5252403,561202,561088,2024-03-16
1,11:55,Foul personal (shooting;3 free throws) (outside left) Micah Parrish(SDSU),15 - 14,5252403,561202,561088,2024-03-16
1,11:55,Foul (back court) USU,15 - 14,5252403,561202,561088,2024-03-16
1,12:18,"2pt layup (blocked) (under the basket) missed by Darius Brown II(USU), block Reese Waters(SDSU), rebound offensive Darius Brown II(USU)",15 - 14,5252403,561202,561088,2024-03-16
1,12:29,"2pt layup (in the paint) missed by Micah Parrish(SDSU), rebound defensive Great Osobor(USU)",15 - 14,5252403,561202,561088,2024-03-16
1,12:50,2pt layup (under the basket) made by Great Osobor(USU),15 - 14,5252403,561202,561088,2024-03-16
1,13:06,2pt jump shot (off turnover) (inside right) made by Micah Parrish(SDSU),15 - 12,5252403,561202,561088,2024-03-16
1,13:18,Substitution USU: in Josh Uduje,13 - 12,5252403,561202,561088,2024-03-16
1,13:18,Substitution USU: out Mason Falslev,13 - 12,5252403,561202,561088,2024-03-16
1,13:18,Turnover bad pass (in the paint) Great Osobor(USU),13 - 12,5252403,561202,561088,2024-03-16
1,13:27,2pt layup (in the paint) made by Micah Parrish(SDSU),13 - 12,5252403,561202,561088,2024-03-16
1,13:50,2pt dunk (under the basket) made by Great Osobor(USU),11 - 12,5252403,561202,561088,2024-03-16
1,14:04,2pt jump shot (2nd chance) (inside left) made by Micah Parrish(SDSU),11 - 10,5252403,561202,561088,2024-03-16
1,14:10,Substitution USU: in Kalifa Sakho,9 - 10,5252403,561202,561088,2024-03-16
1,14:10,Substitution USU: out Isaac Johnson,9 - 10,5252403,561202,561088,2024-03-16
1,14:10,"Foul personal (under the basket) Isaac Johnson(USU), foul on Miles Heide(SDSU)",9 - 10,5252403,561202,561088,2024-03-16
1,14:12,"2pt dunk (under the basket) missed by Miles Heide(SDSU), rebound offensive Miles Heide(SDSU)",9 - 10,5252403,561202,561088,2024-03-16
1,14:24,"2pt jump shot (inside center) missed by Darius Brown II(USU), rebound defensive Elijah Saunders(SDSU)",9 - 10,5252403,561202,561088,2024-03-16
1,14:42,2pt layup (2nd chance;off turnover) (under the basket) made by Miles Heide(SDSU),9 - 10,5252403,561202,561088,2024-03-16
1,14:45,"3pt jump shot (off turnover) (outside right) missed by Reese Waters(SDSU), rebound offensive Miles Heide(SDSU)",7 - 10,5252403,561202,561088,2024-03-16
1,15:07,"Turnover lost ball (in the paint) Great Osobor(USU), steal Micah Parrish(SDSU)",7 - 10,5252403,561202,561088,2024-03-16
1,15:31,2pt layup (in the paint) made by Reese Waters(SDSU),7 - 10,5252403,561202,561088,2024-03-16
1,15:48,Timeout commercial,5 - 10,5252403,561202,561088,2024-03-16
1,15:51,"2pt layup (in the paint) missed by Mason Falslev(USU), rebound defensive (team) SDSU",5 - 10,5252403,561202,561088,2024-03-16
1,16:02,Substitution SDSU: in Miles Heide,5 - 10,5252403,561202,561088,2024-03-16
1,16:02,Substitution SDSU: out Jaedon LeDee,5 - 10,5252403,561202,561088,2024-03-16
1,16:02,"Foul personal (in the paint) Jaedon LeDee(SDSU), foul on Isaac Johnson(USU), foul on Great Osobor(USU)",5 - 10,5252403,561202,561088,2024-03-16
1,16:08,"3pt jump shot (outside center) missed by Elijah Saunders(SDSU), rebound defensive Darius Brown II(USU)",5 - 10,5252403,561202,561088,2024-03-16
1,16:24,2pt layup (2nd chance) (under the basket) made by Great Osobor(USU),5 - 10,5252403,561202,561088,2024-03-16
1,16:28,"2pt hook shot (under the basket) missed by Great Osobor(USU), rebound offensive Great Osobor(USU)",5 - 8,5252403,561202,561088,2024-03-16
1,16:52,Substitution SDSU: in Elijah Saunders,5 - 8,5252403,561202,561088,2024-03-16
1,16:52,Substitution SDSU: in Reese Waters,5 - 8,5252403,561202,561088,2024-03-16
1,16:52,Substitution SDSU: out Lamont Butler,5 - 8,5252403,561202,561088,2024-03-16
1,16:52,Substitution SDSU: out Jay Pal,5 - 8,5252403,561202,561088,2024-03-16
1,16:56,"3pt jump shot (outside center) missed by Darrion Trammell(SDSU), rebound defensive (team) USU",5 - 8,5252403,561202,561088,2024-03-16
1,17:18,"3pt jump shot (outside right) made by Ian Martinez(USU), assist Darius Brown II(USU)",5 - 8,5252403,561202,561088,2024-03-16
1,17:25,"2pt layup (in the paint) missed by Jay Pal(SDSU), rebound defensive Darius Brown II(USU)",5 - 5,5252403,561202,561088,2024-03-16
1,17:51,"2pt dunk (under the basket) made by Great Osobor(USU), assist Ian Martinez(USU)",5 - 5,5252403,561202,561088,2024-03-16
1,17:56,Foul personal (under the basket) Lamont Butler(SDSU),5 - 3,5252403,561202,561088,2024-03-16
1,18:18,"2pt jump shot (inside center) missed by Jaedon LeDee(SDSU), rebound defensive Ian Martinez(USU)",5 - 3,5252403,561202,561088,2024-03-16
1,18:22,"Free throw 1 of 1 missed by Mason Falslev(USU), rebound defensive Jaedon LeDee(SDSU)",5 - 3,5252403,561202,561088,2024-03-16
1,18:22,Foul personal (shooting;1 free throw) (under the basket) Jaedon LeDee(SDSU),5 - 3,5252403,561202,561088,2024-03-16
1,18:24,2pt layup (under the basket) made by Mason Falslev(USU),5 - 3,5252403,561202,561088,2024-03-16
1,18:39,2pt jump shot (2nd chance) (inside right) made by Micah Parrish(SDSU),5 - 1,5252403,561202,561088,2024-03-16
1,18:43,"2pt layup (blocked) (in the paint) missed by Lamont Butler(SDSU), block Darius Brown II(USU), rebound offensive Micah Parrish(SDSU)",3 - 1,5252403,561202,561088,2024-03-16
1,18:50,"Foul personal (inside left) Ian Martinez(USU), foul on Micah Parrish(SDSU)",3 - 1,5252403,561202,561088,2024-03-16
1,19:06,"3pt jump shot (outside right) missed by Darius Brown II(USU), rebound defensive Jaedon LeDee(SDSU)",3 - 1,5252403,561202,561088,2024-03-16
1,19:26,3pt jump shot (outside right) made by Darrion Trammell(SDSU),3 - 1,5252403,561202,561088,2024-03-16
1,19:38,"Free throw 2 of 2 missed by Great Osobor(USU), rebound defensive Jay Pal(SDSU)",0 - 1,5252403,561202,561088,2024-03-16
1,19:38,Free throw 1 of 2 made by Great Osobor(USU),0 - 1,5252403,561202,561088,2024-03-16
1,19:38,Foul personal (shooting;2 free throws) (under the basket) Micah Parrish(SDSU),0 - 0,5252403,561202,561088,2024-03-16
1,20:00,"Jump ball start period, won Great Osobor(USU), lost Jaedon LeDee(SDSU)",0 - 0,5252403,561202,561088,2024-03-16
1,20:00,Period start,0 - 0,5252403,561202,561088,2024-03-16
1,20:00,Game start,0 - 0,5252403,561202,561088,2024-03-16
1,11:41,Timeout commercial,12 - 13,5252631,561226,560847,2024-03-16
1,11:41,Turnover lost ball (outside right) J'Vonne Hadley(COLO),12 - 13,5252631,561226,560847,2024-03-16
1,12:09,"2pt dunk (under the basket) made by Rueben Chinyelu(WSU), assist Kymany Houinsou(WSU)",12 - 13,5252631,561226,560847,2024-03-16
1,12:39,"2pt step back jump shot (off turnover) (in the paint) made by Tristan da Silva(COLO), assist J'Vonne Hadley(COLO)",12 - 11,5252631,561226,560847,2024-03-16
1,13:00,Substitution COLO: in Assane Diop,10 - 11,5252631,561226,560847,2024-03-16
1,13:00,Substitution COLO: in Cody Williams,10 - 11,5252631,561226,560847,2024-03-16
1,13:00,Substitution COLO: out Eddie Lampkin,10 - 11,5252631,561226,560847,2024-03-16
1,13:00,Substitution COLO: out Luke O'Brien,10 - 11,5252631,561226,560847,2024-03-16
1,13:00,Substitution WSU: in Rueben Chinyelu,10 - 11,5252631,561226,560847,2024-03-16
1,13:00,Substitution WSU: in Myles Rice,10 - 11,5252631,561226,560847,2024-03-16
1,13:00,Substitution WSU: out Oscar Cluff,10 - 11,5252631,561226,560847,2024-03-16
1,13:00,Substitution WSU: out Isaac Jones,10 - 11,5252631,561226,560847,2024-03-16
1,13:00,Timeout commercial,10 - 11,5252631,561226,560847,2024-03-16
1,13:00,Turnover travel (in the paint) Kymany Houinsou(WSU),10 - 11,5252631,561226,560847,2024-03-16
1,13:20,"2pt turnaround jump shot (in the paint) made by Tristan da Silva(COLO), assist KJ Simpson(COLO)",10 - 11,5252631,561226,560847,2024-03-16
1,13:30,2pt dunk (2nd chance) (under the basket) made by Kymany Houinsou(WSU),8 - 11,5252631,561226,560847,2024-03-16
1,13:38,"2pt floating jump shot (2nd chance) (in the paint) missed by Kymany Houinsou(WSU), rebound offensive Kymany Houinsou(WSU)",8 - 9,5252631,561226,560847,2024-03-16
1,13:51,"3pt jump shot (outside left) missed by Kymany Houinsou(WSU), rebound offensive Jaylen Wells(WSU)",8 - 9,5252631,561226,560847,2024-03-16
1,14:08,2pt hook shot (inside right) made by J'Vonne Hadley(COLO),8 - 9,5252631,561226,560847,2024-03-16
1,14:26,2pt layup (2nd chance) (under the basket) made by Oscar Cluff(WSU),6 - 9,5252631,561226,560847,2024-03-16
1,14:34,"3pt jump shot (outside left) missed by Jaylen Wells(WSU), rebound offensive Oscar Cluff(WSU)",6 - 7,5252631,561226,560847,2024-03-16
1,15:02,2pt hook shot (under the basket) made by J'Vonne Hadley(COLO),6 - 7,5252631,561226,560847,2024-03-16
1,15:15,"2pt hook shot (inside right) missed by Isaac Jones(WSU), rebound defensive Eddie Lampkin(COLO)",4 - 7,5252631,561226,560847,2024-03-16
1,15:36,"3pt jump shot (2nd chance;off turnover) (outside left) missed by J'Vonne Hadley(COLO), rebound defensive Andrej Jakimovski(WSU)",4 - 7,5252631,561226,560847,2024-03-16
1,15:41,"2pt jump shot (2nd chance;off turnover) (in the paint) missed by Tristan da Silva(COLO), rebound offensive Luke O'Brien(COLO)",4 - 7,5252631,561226,560847,2024-03-16
1,15:56,"3pt jump shot (off turnover) (outside right) missed by KJ Simpson(COLO), rebound offensive Luke O'Brien(COLO)",4 - 7,5252631,561226,560847,2024-03-16
1,16:06,"Turnover lost ball (inside left) Isaac Jones(WSU), steal KJ Simpson(COLO)",4 - 7,5252631,561226,560847,2024-03-16
1,16:18,Substitution WSU: in Kymany Houinsou,4 - 7,5252631,561226,560847,2024-03-16
1,16:18,Substitution WSU: out Myles Rice,4 - 7,5252631,561226,560847,2024-03-16
1,16:18,Turnover travel (in the paint) Eddie Lampkin(COLO),4 - 7,5252631,561226,560847,2024-03-16
1,16:35,2pt dunk (off turnover) (under the basket) made by Isaac Jones(WSU),4 - 7,5252631,561226,560847,2024-03-16
1,16:58,"Turnover bad pass (outside center) KJ Simpson(COLO), steal Jaylen Wells(WSU)",4 - 5,5252631,561226,560847,2024-03-16
1,17:08,"2pt hook shot (under the basket) made by Oscar Cluff(WSU), assist Jaylen Wells(WSU)",4 - 5,5252631,561226,560847,2024-03-16
1,17:28,Free throw 2 of 2 made by KJ Simpson(COLO),4 - 3,5252631,561226,560847,2024-03-16
1,17:28,Free throw 1 of 2 made by KJ Simpson(COLO),3 - 3,5252631,561226,560847,2024-03-16
1,17:28,Foul personal (shooting;2 free throws) (in the paint) Myles Rice(WSU),2 - 3,5252631,561226,560847,2024-03-16
1,17:38,"2pt floating jump shot (inside left) missed by Myles Rice(WSU), rebound defensive Luke O'Brien(COLO)",2 - 3,5252631,561226,560847,2024-03-16
1,17:58,"3pt jump shot (outside left) missed by Luke O'Brien(COLO), rebound defensive Andrej Jakimovski(WSU)",2 - 3,5252631,561226,560847,2024-03-16
1,18:05,"2pt layup (off turnover) (under the basket) missed by Andrej Jakimovski(WSU), rebound defensive Eddie Lampkin(COLO)",2 - 3,5252631,561226,560847,2024-03-16
1,18:11,"Turnover lost ball (in the paint) Eddie Lampkin(COLO), steal Myles Rice(WSU)",2 - 3,5252631,561226,560847,2024-03-16
1,18:42,3pt jump shot (outside center) made by Jaylen Wells(WSU),2 - 3,5252631,561226,560847,2024-03-16
1,19:09,"2pt jump shot (under the basket) made by Tristan da Silva(COLO), assist J'Vonne Hadley(COLO)",2 - 0,5252631,561226,560847,2024-03-16
1,19:32,"2pt floating jump shot (inside center) missed by Jaylen Wells(WSU), rebound defensive Luke O'Brien(COLO)",0 - 0,5252631,561226,560847,2024-03-16
1,20:00,"Jump ball start period, won Oscar Cluff(WSU), lost Tristan da Silva(COLO)",0 - 0,5252631,561226,560847,2024-03-16
1,20:00,Period start,0 - 0,5252631,561226,560847,2024-03-16
1,20:00,Game start,0 - 0,5252631,561226,560847,2024-03-16
