Half,Clock,Play,Score,game_id,home_id,away_id,game_date
2,15:43,Timeout commercial,36 - 30,5251722,560976,560867,2024-03-16
2,16:07,"3pt jump shot (outside center) missed by Timmy Adedire(NCCU), rebound defensive Jevin Muniz(DSU)",36 - 30,5251722,560976,560867,2024-03-16
2,16:22,Free throw 3 of 3 made by Deywilk Tavarez(DSU),36 - 30,5251722,560976,560867,2024-03-16
2,16:22,"Free throw 2 of 3 missed by Deywilk Tavarez(DSU), rebound offensive dead ball DSU",35 - 30,5251722,560976,560867,2024-03-16
2,16:22,Free throw 1 of 3 made by Deywilk Tavarez(DSU),35 - 30,5251722,560976,560867,2024-03-16
2,16:22,Foul personal (shooting;3 free throws) (outside right) Po'Boigh King(NCCU),34 - 30,5251722,560976,560867,2024-03-16
2,16:22,Foul personal (outside right) Po'Boigh King(NCCU),34 - 30,5251722,560976,560867,2024-03-16
2,16:45,"2pt layup (2nd chance) (in the paint) missed by Keishon Porter(NCCU), rebound defensive Wesley Oba(DSU)",34 - 30,5251722,560976,560867,2024-03-16
2,16:48,2pt jump shot (in the paint) missed by Timmy Adedire(NCCU),34 - 30,5251722,560976,560867,2024-03-16
2,17:12,2pt layup (2nd chance;off turnover) (under the basket) made by Martaz Robinson(DSU),34 - 30,5251722,560976,560867,2024-03-16
2,17:15,"3pt jump shot (off turnover) (outside right) missed by Deywilk Tavarez(DSU), rebound offensive Martaz Robinson(DSU)",32 - 30,5251722,560976,560867,2024-03-16
2,17:18,3pt (off turnover) (outside right) made by DSU,35 - 30,5251722,560976,560867,2024-03-16
2,17:46,Turnover lost ball (inside left wing) Po'Boigh King(NCCU),32 - 30,5251722,560976,560867,2024-03-16
2,17:55,2pt driving layup (under the basket) made by Deywilk Tavarez(DSU),32 - 30,5251722,560976,560867,2024-03-16
2,18:13,"2pt layup (under the basket) made by Emmanuel Izunabor(NCCU), assist Po'Boigh King(NCCU)",30 - 30,5251722,560976,560867,2024-03-16
2,18:19,"Foul personal (in the paint) Martaz Robinson(DSU), foul on Fred Cleveland Jr.(NCCU)",30 - 28,5251722,560976,560867,2024-03-16
2,18:32,"Foul personal (back court) Alston Andrews(DSU), foul on Emmanuel Izunabor(NCCU)",34 - 30,5251722,560976,560867,2024-03-16
2,18:32,"Free throw 2 of 2 (off turnover) missed by Deywilk Tavarez(DSU), rebound defensive dead ball NCCU",30 - 28,5251722,560976,560867,2024-03-16
2,18:32,Free throw 1 of 2 (off turnover) made by Deywilk Tavarez(DSU),30 - 28,5251722,560976,560867,2024-03-16
2,18:32,Foul personal (shooting;2 free throws) (under the basket) Fred Cleveland Jr.(NCCU),29 - 28,5251722,560976,560867,2024-03-16
2,18:40,"Turnover lost ball (in the paint) Timmy Adedire(NCCU), steal Alston Andrews(DSU)",29 - 28,5251722,560976,560867,2024-03-16
2,18:51,"Turnover bad pass (inside left) Alston Andrews(DSU), steal Emmanuel Izunabor(NCCU)",34 - 30,5251722,560976,560867,2024-03-16
2,19:01,Turnover out of bounds (inside right wing) Keishon Porter(NCCU),29 - 28,5251722,560976,560867,2024-03-16
2,19:17,2pt layup (2nd chance) (under the basket) made by Wesley Oba(DSU),29 - 28,5251722,560976,560867,2024-03-16
2,19:21,2pt turnaround jump shot (in the paint) missed by Martaz Robinson(DSU),29 - 28,5251722,560976,560867,2024-03-16
2,19:47,"2pt layup (in the paint) made by Emmanuel Izunabor(NCCU), assist Fred Cleveland Jr.(NCCU)",27 - 28,5251722,560976,560867,2024-03-16
2,20:00,Period start,27 - 26,5251722,560976,560867,2024-03-16
2,20:00,Substitution DSU: in Alston Andrews,27 - 26,5251722,560976,560867,2024-03-16
2,20:00,Substitution DSU: out Ricky Deadwyler III,27 - 26,5251722,560976,560867,2024-03-16
2,20:00,Substitution NCCU: in Emmanuel Izunabor,27 - 26,5251722,560976,560867,2024-03-16
2,20:00,Substitution NCCU: out Perry Smith Jr.,27 - 26,5251722,560976,560867,2024-03-16
1,00:00.00,Period end (confirmed),27 - 26,5251722,560976,560867,2024-03-16
1,00:02.00,Substitution DSU: in Ricky Deadwyler III,27 - 26,5251722,560976,560867,2024-03-16
1,00:02.00,Substitution DSU: out Alston Andrews,27 - 26,5251722,560976,560867,2024-03-16
1,00:02.00,Substitution NCCU: in Perry Smith Jr.,27 - 26,5251722,560976,560867,2024-03-16
1,00:02.00,Substitution NCCU: out Ja'Darius Harris,27 - 26,5251722,560976,560867,2024-03-16
1,00:02.00,"Foul personal (back court) Timmy Adedire(NCCU), foul on Alston Andrews(DSU)",27 - 26,5251722,560976,560867,2024-03-16
1,00:04.40,"3pt jump shot (off turnover) (outside left) missed by Ja'Darius Harris(NCCU), rebound defensive dead ball DSU",27 - 26,5251722,560976,560867,2024-03-16
1,00:29.20,Substitution NCCU: in Ja'Darius Harris,27 - 26,5251722,560976,560867,2024-03-16
1,00:29.20,Substitution NCCU: out Perry Smith Jr.,27 - 26,5251722,560976,560867,2024-03-16
1,00:29.20,Timeout short NCCU,27 - 26,5251722,560976,560867,2024-03-16
1,00:29.20,Turnover lost ball (outside left) Deywilk Tavarez(DSU),27 - 26,5251722,560976,560867,2024-03-16
1,00:51.50,2pt layup (2nd chance) (under the basket) made by Keishon Porter(NCCU),27 - 26,5251722,560976,560867,2024-03-16
1,00:57.60,"3pt jump shot (outside left) missed by Po'Boigh King(NCCU), rebound offensive Keishon Porter(NCCU)",27 - 24,5251722,560976,560867,2024-03-16
1,01:25,"2pt driving layup (in the paint) made by Martaz Robinson(DSU), assist Jevin Muniz(DSU)",27 - 24,5251722,560976,560867,2024-03-16
1,01:38,"2pt floating jump shot (in the paint) missed by Fred Cleveland Jr.(NCCU), rebound defensive Wesley Oba(DSU)",25 - 24,5251722,560976,560867,2024-03-16
1,01:56,"2pt jump shot (inside left) missed by Martaz Robinson(DSU), rebound defensive Perry Smith Jr.(NCCU)",25 - 24,5251722,560976,560867,2024-03-16
1,02:16,"Free throw 1 of 1 missed by Keishon Porter(NCCU), rebound defensive Martaz Robinson(DSU)",25 - 24,5251722,560976,560867,2024-03-16
1,02:16,Foul personal (shooting;1 free throw) (under the basket) Martaz Robinson(DSU),25 - 24,5251722,560976,560867,2024-03-16
1,02:16,2pt driving layup (under the basket) made by Keishon Porter(NCCU),25 - 24,5251722,560976,560867,2024-03-16
1,02:36,2pt driving layup (under the basket) made by Deywilk Tavarez(DSU),25 - 22,5251722,560976,560867,2024-03-16
1,02:47,"3pt jump shot (outside center) missed by Fred Cleveland Jr.(NCCU), rebound defensive Martaz Robinson(DSU)",23 - 22,5251722,560976,560867,2024-03-16
1,02:57,"3pt jump shot (2nd chance) (outside right) missed by Deywilk Tavarez(DSU), rebound defensive Fred Cleveland Jr.(NCCU)",23 - 22,5251722,560976,560867,2024-03-16
1,03:06,Substitution NCCU: in Timmy Adedire,23 - 22,5251722,560976,560867,2024-03-16
1,03:06,Substitution NCCU: out Ja'Darius Harris,23 - 22,5251722,560976,560867,2024-03-16
1,03:06,Timeout short DSU,23 - 22,5251722,560976,560867,2024-03-16
1,03:14,"2pt jump shot (inside left) missed by Alston Andrews(DSU), rebound offensive Wesley Oba(DSU)",23 - 22,5251722,560976,560867,2024-03-16
1,03:31,"2pt layup (off turnover) (in the paint) missed by Ja'Darius Harris(NCCU), rebound defensive Alston Andrews(DSU)",23 - 22,5251722,560976,560867,2024-03-16
1,03:36,"Turnover lost ball (inside left) Martaz Robinson(DSU), steal Ja'Darius Harris(NCCU)",23 - 22,5251722,560976,560867,2024-03-16
1,03:43,"2pt driving layup (under the basket) missed by Jevin Muniz(DSU), rebound offensive Martaz Robinson(DSU)",23 - 22,5251722,560976,560867,2024-03-16
1,03:57,Free throw 2 of 2 (fast break) made by Ja'Darius Harris(NCCU),23 - 22,5251722,560976,560867,2024-03-16
1,03:57,Free throw 1 of 2 (fast break) made by Ja'Darius Harris(NCCU),23 - 21,5251722,560976,560867,2024-03-16
1,03:57,Timeout commercial,23 - 20,5251722,560976,560867,2024-03-16
1,03:57,Foul personal (shooting;2 free throws) (inside right) Wesley Oba(DSU),23 - 20,5251722,560976,560867,2024-03-16
1,04:02,2pt floating jump shot (in the paint) missed by Martaz Robinson(DSU),23 - 20,5251722,560976,560867,2024-03-16
1,04:09,"2pt layup (2nd chance;off turnover) (in the paint) missed by Ja'Darius Harris(NCCU), rebound defensive Martaz Robinson(DSU)",23 - 20,5251722,560976,560867,2024-03-16
1,04:14,"3pt jump shot (2nd chance;off turnover) (outside left) missed by Keishon Porter(NCCU), rebound offensive Ja'Darius Harris(NCCU)",23 - 20,5251722,560976,560867,2024-03-16
1,04:20,Substitution DSU: in Alston Andrews,23 - 20,5251722,560976,560867,2024-03-16
1,04:20,Substitution DSU: out Raymond Somerville,23 - 20,5251722,560976,560867,2024-03-16
1,04:21,"3pt jump shot (off turnover) (outside left) missed by Po'Boigh King(NCCU), rebound defensive (team) DSU, rebound offensive (team) NCCU",23 - 20,5251722,560976,560867,2024-03-16
1,04:35,"Foul offensive (back court) Raymond Somerville(DSU), turnover offensive Raymond Somerville(DSU), foul on Perry Smith Jr.(NCCU)",23 - 20,5251722,560976,560867,2024-03-16
1,04:42,"Turnover bad pass (inside right) Po'Boigh King(NCCU), steal Martaz Robinson(DSU)",23 - 20,5251722,560976,560867,2024-03-16
1,04:46,Substitution NCCU: in Ja'Darius Harris,23 - 20,5251722,560976,560867,2024-03-16
1,04:46,Substitution NCCU: out Timmy Adedire,23 - 20,5251722,560976,560867,2024-03-16
1,04:53,"3pt jump shot (off turnover) (outside right) missed by Jevin Muniz(DSU), rebound defensive Fred Cleveland Jr.(NCCU)",23 - 20,5251722,560976,560867,2024-03-16
1,05:10,"Turnover lost ball (in the paint) Perry Smith Jr.(NCCU), steal Raymond Somerville(DSU)",23 - 20,5251722,560976,560867,2024-03-16
1,05:14,2pt driving layup (2nd chance;off turnover) (in the paint) missed by Keishon Porter(NCCU),23 - 22,5251722,560976,560867,2024-03-16
1,05:28,Substitution DSU: in Martaz Robinson,23 - 20,5251722,560976,560867,2024-03-16
1,05:28,Substitution DSU: out Dean Shepherd,23 - 20,5251722,560976,560867,2024-03-16
1,05:28,"Foul personal (outside center) Deywilk Tavarez(DSU), foul on Fred Cleveland Jr.(NCCU)",23 - 20,5251722,560976,560867,2024-03-16
1,05:43,"3pt jump shot (off turnover) (outside right) missed by Fred Cleveland Jr.(NCCU), rebound offensive Fred Cleveland Jr.(NCCU)",23 - 20,5251722,560976,560867,2024-03-16
1,05:59,"Turnover bad pass (inside left wing) Deywilk Tavarez(DSU), steal Timmy Adedire(NCCU)",23 - 20,5251722,560976,560867,2024-03-16
1,06:00,"2pt layup (under the basket) missed by Dean Shepherd(DSU), rebound offensive (team) DSU",23 - 20,5251722,560976,560867,2024-03-16
1,06:07,"2pt driving layup (off turnover) (in the paint) missed by Fred Cleveland Jr.(NCCU), rebound defensive Raymond Somerville(DSU)",23 - 20,5251722,560976,560867,2024-03-16
1,06:11,"Turnover lost ball (inside left) Jevin Muniz(DSU), steal Fred Cleveland Jr.(NCCU)",23 - 20,5251722,560976,560867,2024-03-16
1,06:43,"2pt dunk (under the basket) made by Perry Smith Jr.(NCCU), assist Fred Cleveland Jr.(NCCU)",23 - 20,5251722,560976,560867,2024-03-16
1,06:58,2pt step back jump shot (off turnover) (inside left) made by Jevin Muniz(DSU),23 - 18,5251722,560976,560867,2024-03-16
1,07:18,Substitution DSU: in Deywilk Tavarez,21 - 18,5251722,560976,560867,2024-03-16
1,07:18,Substitution DSU: out Martaz Robinson,21 - 18,5251722,560976,560867,2024-03-16
1,07:18,Turnover shot clock (team) (inside center) NCCU,21 - 18,5251722,560976,560867,2024-03-16
1,07:49,"Free throw 2 of 2 (2nd chance) missed by Wesley Oba(DSU), rebound defensive Keishon Porter(NCCU)",21 - 18,5251722,560976,560867,2024-03-16
1,07:49,Free throw 1 of 2 (2nd chance) made by Wesley Oba(DSU),21 - 18,5251722,560976,560867,2024-03-16
1,07:49,Substitution DSU: in Dean Shepherd,20 - 18,5251722,560976,560867,2024-03-16
1,07:49,Substitution DSU: out Deywilk Tavarez,20 - 18,5251722,560976,560867,2024-03-16
1,07:49,Substitution NCCU: in Perry Smith Jr.,20 - 18,5251722,560976,560867,2024-03-16
1,07:49,Substitution NCCU: out Emmanuel Izunabor,20 - 18,5251722,560976,560867,2024-03-16
1,12:52,2pt dunk (2nd chance) (under the basket) made by Keishon Porter(NCCU),20 - 18,5251722,560976,560867,2024-03-16
1,07:49,Timeout commercial,20 - 16,5251722,560976,560867,2024-03-16
1,07:49,Foul personal (shooting;2 free throws) (in the paint) Emmanuel Izunabor(NCCU),20 - 16,5251722,560976,560867,2024-03-16
1,07:54,"3pt jump shot (outside center) missed by Jevin Muniz(DSU), rebound offensive Wesley Oba(DSU)",20 - 16,5251722,560976,560867,2024-03-16
1,08:10,Substitution NCCU: in Keishon Porter,20 - 16,5251722,560976,560867,2024-03-16
1,08:10,Substitution NCCU: out Ja'Darius Harris,20 - 16,5251722,560976,560867,2024-03-16
1,08:10,"Foul personal (in the paint) Emmanuel Izunabor(NCCU), foul on Raymond Somerville(DSU)",20 - 16,5251722,560976,560867,2024-03-16
1,08:18,"3pt jump shot (outside left wing) missed by Ja'Darius Harris(NCCU), rebound defensive Deywilk Tavarez(DSU)",20 - 16,5251722,560976,560867,2024-03-16
1,08:35,2pt step back jump shot (off turnover) (in the paint) made by Jevin Muniz(DSU),20 - 16,5251722,560976,560867,2024-03-16
1,08:59,Substitution DSU: in Raymond Somerville,18 - 16,5251722,560976,560867,2024-03-16
1,08:59,Substitution DSU: out Alston Andrews,18 - 16,5251722,560976,560867,2024-03-16
1,08:59,Substitution NCCU: in Emmanuel Izunabor,18 - 16,5251722,560976,560867,2024-03-16
1,08:59,Substitution NCCU: out Perry Smith Jr.,18 - 16,5251722,560976,560867,2024-03-16
1,08:59,"Turnover bad pass (outside right) Fred Cleveland Jr.(NCCU), steal Alston Andrews(DSU)",18 - 16,5251722,560976,560867,2024-03-16
1,09:14,2pt driving layup (off turnover;fast break) (in the paint) made by Jevin Muniz(DSU),18 - 16,5251722,560976,560867,2024-03-16
1,09:20,"Turnover bad pass (back court) Fred Cleveland Jr.(NCCU), steal Deywilk Tavarez(DSU)",16 - 16,5251722,560976,560867,2024-03-16
1,09:26,"2pt step back jump shot (inside left) missed by Deywilk Tavarez(DSU), rebound defensive Fred Cleveland Jr.(NCCU)",16 - 16,5251722,560976,560867,2024-03-16
1,09:43,"3pt jump shot (outside right) missed by Timmy Adedire(NCCU), rebound defensive Wesley Oba(DSU)",16 - 16,5251722,560976,560867,2024-03-16
1,10:02,2pt layup (2nd chance) (under the basket) made by Alston Andrews(DSU),16 - 16,5251722,560976,560867,2024-03-16
1,10:05,"2pt driving layup (in the paint) missed by Jevin Muniz(DSU), rebound offensive Alston Andrews(DSU), rebound offensive Alston Andrews(DSU)",14 - 16,5251722,560976,560867,2024-03-16
1,10:33,"3pt jump shot (2nd chance) (outside center) made by Fred Cleveland Jr.(NCCU), assist Ja'Darius Harris(NCCU)",27 - 26,5251722,560976,560867,2024-03-16
1,10:38,"2pt layup (2nd chance) (under the basket) missed by Perry Smith Jr.(NCCU), rebound offensive Ja'Darius Harris(NCCU)",27 - 26,5251722,560976,560867,2024-03-16
1,10:40,"2pt pull up jump shot (in the paint) missed by Po'Boigh King(NCCU), rebound offensive Perry Smith Jr.(NCCU), rebound offensive Perry Smith Jr.(NCCU)",14 - 13,5251722,560976,560867,2024-03-16
1,10:52,Free throw 2 of 2 made by Jevin Muniz(DSU),14 - 13,5251722,560976,560867,2024-03-16
1,10:52,Free throw 1 of 2 made by Jevin Muniz(DSU),13 - 13,5251722,560976,560867,2024-03-16
1,10:52,Substitution NCCU: in Po'Boigh King,12 - 13,5251722,560976,560867,2024-03-16
1,10:52,Substitution NCCU: in Fred Cleveland Jr.,12 - 13,5251722,560976,560867,2024-03-16
1,10:52,Substitution NCCU: out Josh Smith,12 - 13,5251722,560976,560867,2024-03-16
1,10:52,Substitution NCCU: out Keishon Porter,12 - 13,5251722,560976,560867,2024-03-16
1,10:52,Timeout commercial,12 - 13,5251722,560976,560867,2024-03-16
1,10:52,Foul personal (shooting;2 free throws) (under the basket) Perry Smith Jr.(NCCU),12 - 13,5251722,560976,560867,2024-03-16
1,11:03,"2pt driving layup (2nd chance) (in the paint) missed by Josh Smith(NCCU), rebound defensive Wesley Oba(DSU)",12 - 13,5251722,560976,560867,2024-03-16
1,11:14,"2pt floating jump shot (inside right) missed by Keishon Porter(NCCU), rebound offensive Perry Smith Jr.(NCCU)",12 - 13,5251722,560976,560867,2024-03-16
1,11:39,"2pt layup (under the basket) made by Wesley Oba(DSU), assist Jevin Muniz(DSU)",12 - 13,5251722,560976,560867,2024-03-16
1,12:05,Free throw 2 of 2 made by Timmy Adedire(NCCU),10 - 13,5251722,560976,560867,2024-03-16
1,12:05,Substitution DSU: in Alston Andrews,10 - 12,5251722,560976,560867,2024-03-16
1,12:05,Substitution DSU: out Cameron Stitt,10 - 12,5251722,560976,560867,2024-03-16
1,12:05,Free throw 1 of 2 made by Timmy Adedire(NCCU),10 - 12,5251722,560976,560867,2024-03-16
1,12:05,Foul personal (shooting;2 free throws) (under the basket) Cameron Stitt(DSU),10 - 11,5251722,560976,560867,2024-03-16
1,12:16,3pt pull up jump shot (off turnover) (outside right) missed by Deywilk Tavarez(DSU),10 - 11,5251722,560976,560867,2024-03-16
1,12:26,Substitution NCCU: in Josh Smith,10 - 11,5251722,560976,560867,2024-03-16
1,12:26,Substitution NCCU: out Fred Cleveland Jr.,10 - 11,5251722,560976,560867,2024-03-16
1,12:26,"Turnover lost ball (back court) Fred Cleveland Jr.(NCCU), steal Wesley Oba(DSU)",10 - 11,5251722,560976,560867,2024-03-16
1,12:26,Turnover (inside left) DSU,10 - 11,5251722,560976,560867,2024-03-16
1,12:31,3pt jump shot (outside left) missed by Cameron Stitt(DSU),20 - 18,5251722,560976,560867,2024-03-16
1,12:52,Turnover offensive goal tending (under the basket) Keishon Porter(NCCU),10 - 11,5251722,560976,560867,2024-03-16
1,12:52,"2pt driving layup (under the basket) missed by Fred Cleveland Jr.(NCCU), rebound offensive dead ball NCCU, rebound offensive Keishon Porter(NCCU)",10 - 11,5251722,560976,560867,2024-03-16
1,12:57,"2pt layup (2nd chance;off turnover) (under the basket) missed by Cameron Stitt(DSU), rebound defensive Fred Cleveland Jr.(NCCU)",10 - 11,5251722,560976,560867,2024-03-16
1,13:03,"2pt pull up jump shot (off turnover) (in the paint) missed by Martaz Robinson(DSU), rebound offensive Cameron Stitt(DSU)",10 - 11,5251722,560976,560867,2024-03-16
1,13:17,"Foul offensive (back court) Ja'Darius Harris(NCCU), turnover offensive Ja'Darius Harris(NCCU), foul on Cameron Stitt(DSU)",10 - 11,5251722,560976,560867,2024-03-16
1,13:37,"Turnover lost ball (in the paint) Wesley Oba(DSU), steal Fred Cleveland Jr.(NCCU)",10 - 11,5251722,560976,560867,2024-03-16
1,13:55,"3pt jump shot (outside right) made by Fred Cleveland Jr.(NCCU), assist Ja'Darius Harris(NCCU)",10 - 11,5251722,560976,560867,2024-03-16
1,14:17,2pt driving layup (in the paint) made by Deywilk Tavarez(DSU),10 - 8,5251722,560976,560867,2024-03-16
1,14:22,Substitution NCCU: in Perry Smith Jr.,8 - 8,5251722,560976,560867,2024-03-16
1,14:22,Substitution NCCU: out Emmanuel Izunabor,8 - 8,5251722,560976,560867,2024-03-16
1,14:22,Substitution DSU: in Cameron Stitt,8 - 8,5251722,560976,560867,2024-03-16
1,14:22,Substitution DSU: out Alston Andrews,8 - 8,5251722,560976,560867,2024-03-16
1,14:22,Substitution NCCU: in Ja'Darius Harris,8 - 8,5251722,560976,560867,2024-03-16
1,14:22,Substitution NCCU: out Po'Boigh King,8 - 8,5251722,560976,560867,2024-03-16
1,14:22,Jump ball held ball DSU,8 - 8,5251722,560976,560867,2024-03-16
1,14:34,"3pt jump shot (outside left) missed by Keishon Porter(NCCU), rebound defensive Deywilk Tavarez(DSU)",8 - 8,5251722,560976,560867,2024-03-16
1,14:55,2pt step back jump shot (off turnover) (inside left) made by Jevin Muniz(DSU),8 - 8,5251722,560976,560867,2024-03-16
1,15:14,Turnover bad pass (in the paint) Emmanuel Izunabor(NCCU),6 - 8,5251722,560976,560867,2024-03-16
1,15:17,"3pt jump shot (outside left) missed by Jevin Muniz(DSU), rebound defensive Emmanuel Izunabor(NCCU)",6 - 8,5251722,560976,560867,2024-03-16
1,15:52,2pt driving layup (fast break) (under the basket) made by Keishon Porter(NCCU),6 - 8,5251722,560976,560867,2024-03-16
1,15:58,"2pt jump shot (2nd chance;off turnover) (inside left) missed by Martaz Robinson(DSU), rebound defensive Emmanuel Izunabor(NCCU)",6 - 6,5251722,560976,560867,2024-03-16
1,16:00,Timeout commercial,6 - 6,5251722,560976,560867,2024-03-16
1,16:01,2pt jump shot (off turnover;blocked) (inside left) missed by Alston Andrews(DSU),6 - 6,5251722,560976,560867,2024-03-16
1,16:22,Turnover bad pass (outside left) Fred Cleveland Jr.(NCCU),6 - 6,5251722,560976,560867,2024-03-16
1,16:34,Free throw 2 of 2 made by Martaz Robinson(DSU),6 - 6,5251722,560976,560867,2024-03-16
1,16:34,Substitution DSU: in Deywilk Tavarez,5 - 6,5251722,560976,560867,2024-03-16
1,16:34,Substitution DSU: out Dean Shepherd,5 - 6,5251722,560976,560867,2024-03-16
1,16:34,Free throw 1 of 2 made by Martaz Robinson(DSU),5 - 6,5251722,560976,560867,2024-03-16
1,16:34,Foul personal (shooting;2 free throws) (inside center) Po'Boigh King(NCCU),4 - 6,5251722,560976,560867,2024-03-16
1,16:52,2pt driving layup (off turnover) (under the basket) made by Po'Boigh King(NCCU),4 - 6,5251722,560976,560867,2024-03-16
1,17:06,Substitution DSU: in Dean Shepherd,4 - 4,5251722,560976,560867,2024-03-16
1,17:06,Substitution DSU: out Deywilk Tavarez,4 - 4,5251722,560976,560867,2024-03-16
1,17:06,Turnover travel (outside left) Deywilk Tavarez(DSU),4 - 4,5251722,560976,560867,2024-03-16
1,17:12,"3pt jump shot (off turnover) (outside right) missed by Deywilk Tavarez(DSU), rebound offensive (team) DSU",4 - 4,5251722,560976,560867,2024-03-16
1,17:22,Turnover travel (inside right) Keishon Porter(NCCU),4 - 4,5251722,560976,560867,2024-03-16
1,17:31,2pt pull up jump shot (2nd chance;off turnover) (inside left) made by Martaz Robinson(DSU),4 - 4,5251722,560976,560867,2024-03-16
1,17:37,2pt driving layup (off turnover) (in the paint) missed by Jevin Muniz(DSU),2 - 4,5251722,560976,560867,2024-03-16
1,17:41,Turnover lost ball (inside right) Po'Boigh King(NCCU),5 - 4,5251722,560976,560867,2024-03-16
1,17:49,"3pt jump shot (outside left) missed by Deywilk Tavarez(DSU), rebound defensive Fred Cleveland Jr.(NCCU)",2 - 4,5251722,560976,560867,2024-03-16
1,18:00,2pt driving layup (off turnover) (under the basket) made by Po'Boigh King(NCCU),2 - 4,5251722,560976,560867,2024-03-16
1,18:16,Turnover bad pass (inside left) Jevin Muniz(DSU),2 - 2,5251722,560976,560867,2024-03-16
1,18:47,"2pt pull up jump shot (inside center) missed by Fred Cleveland Jr.(NCCU), rebound defensive Martaz Robinson(DSU)",2 - 2,5251722,560976,560867,2024-03-16
1,19:17,2pt step back jump shot (inside left wing) made by Deywilk Tavarez(DSU),2 - 2,5251722,560976,560867,2024-03-16
1,19:43,2pt jump shot (inside right) made by Emmanuel Izunabor(NCCU),0 - 2,5251722,560976,560867,2024-03-16
1,20:00,"Jump ball start period, won Emmanuel Izunabor(NCCU), lost Alston Andrews(DSU)",0 - 0,5251722,560976,560867,2024-03-16
1,20:00,Period start,0 - 0,5251722,560976,560867,2024-03-16
1,20:00,Game start,0 - 0,5251722,560976,560867,2024-03-16
2,11:36,Free throw 1 of 1 (2nd chance) made by Chase Ross(MARQ),46 - 60,5252380,560742,561042,2024-03-16
2,11:36,Substitution PROV: in Jayden Pierre,46 - 59,5252380,560742,561042,2024-03-16
2,11:36,Substitution PROV: out Garwey Dual,46 - 59,5252380,560742,561042,2024-03-16
2,11:36,Foul personal (shooting;1 free throw) (outside left) Garwey Dual(PROV),46 - 59,5252380,560742,561042,2024-03-16
2,11:36,"3pt jump shot (2nd chance) (outside left) made by Chase Ross(MARQ), assist Tre Norman(MARQ)",46 - 59,5252380,560742,561042,2024-03-16
2,11:39,"2pt layup (2nd chance) (under the basket) missed by Tre Norman(MARQ), rebound offensive Tre Norman(MARQ)",46 - 56,5252380,560742,561042,2024-03-16
2,11:43,"3pt step back jump shot (outside center) missed by Kam Jones(MARQ), rebound offensive Tre Norman(MARQ)",46 - 56,5252380,560742,561042,2024-03-16
2,11:55,"Free throw 2 of 2 made by Corey Floyd, Jr.(PROV)",46 - 56,5252380,560742,561042,2024-03-16
2,11:55,"Free throw 1 of 2 made by Corey Floyd, Jr.(PROV)",45 - 56,5252380,560742,561042,2024-03-16
2,11:55,Substitution PROV: in Josh Oduro,44 - 56,5252380,560742,561042,2024-03-16
2,11:55,Substitution PROV: out Rafael Castro,44 - 56,5252380,560742,561042,2024-03-16
2,11:55,Substitution MARQ: in Chase Ross,44 - 56,5252380,560742,561042,2024-03-16
2,11:55,Substitution MARQ: out Ben Gold,44 - 56,5252380,560742,561042,2024-03-16
2,11:55,Timeout commercial,44 - 56,5252380,560742,561042,2024-03-16
2,11:55,Foul personal (shooting;2 free throws) (under the basket) Ben Gold(MARQ),44 - 56,5252380,560742,561042,2024-03-16
2,12:24,Free throw 2 of 2 made by David Joplin(MARQ),44 - 56,5252380,560742,561042,2024-03-16
2,12:24,Substitution PROV: in Garwey Dual,44 - 55,5252380,560742,561042,2024-03-16
2,12:24,Substitution PROV: out Davonte Gaines,44 - 55,5252380,560742,561042,2024-03-16
2,12:24,Substitution MARQ: in Kam Jones,44 - 55,5252380,560742,561042,2024-03-16
2,12:24,Substitution MARQ: out Zaide Lowery,44 - 55,5252380,560742,561042,2024-03-16
2,12:24,Free throw 1 of 2 made by David Joplin(MARQ),44 - 55,5252380,560742,561042,2024-03-16
2,12:24,"Foul personal (shooting;2 free throws) (under the basket) Corey Floyd, Jr.(PROV)",44 - 54,5252380,560742,561042,2024-03-16
2,12:36,"2pt driving layup (under the basket) made by Corey Floyd, Jr.(PROV), assist Devin Carter(PROV)",44 - 54,5252380,560742,561042,2024-03-16
2,12:47,"2pt driving layup (under the basket) missed by David Joplin(MARQ), rebound defensive Devin Carter(PROV)",42 - 54,5252380,560742,561042,2024-03-16
2,13:03,3pt jump shot (outside right wing) made by Devin Carter(PROV),42 - 54,5252380,560742,561042,2024-03-16
2,13:29,"3pt jump shot (outside left) made by Ben Gold(MARQ), assist Oso Ighodaro(MARQ)",39 - 54,5252380,560742,561042,2024-03-16
2,13:50,Substitution MARQ: in Ben Gold,39 - 51,5252380,560742,561042,2024-03-16
2,13:50,Substitution MARQ: out Stevie Mitchell,39 - 51,5252380,560742,561042,2024-03-16
2,13:50,Jump ball held ball MARQ,39 - 51,5252380,560742,561042,2024-03-16
2,13:53,"2pt driving layup (under the basket) missed by Devin Carter(PROV), rebound defensive David Joplin(MARQ)",39 - 51,5252380,560742,561042,2024-03-16
2,14:00,"2pt layup (2nd chance;blocked) (under the basket) missed by Oso Ighodaro(MARQ), block Corey Floyd, Jr.(PROV), rebound defensive Devin Carter(PROV)",39 - 51,5252380,560742,561042,2024-03-16
2,14:11,Substitution PROV: in Devin Carter,39 - 51,5252380,560742,561042,2024-03-16
2,14:11,Substitution PROV: out Jayden Pierre,39 - 51,5252380,560742,561042,2024-03-16
2,14:11,Substitution MARQ: in Tre Norman,39 - 51,5252380,560742,561042,2024-03-16
2,14:11,Substitution MARQ: out Kam Jones,39 - 51,5252380,560742,561042,2024-03-16
2,14:11,"Foul personal (loose ball) (in the paint) Rafael Castro(PROV), foul on Oso Ighodaro(MARQ)",39 - 51,5252380,560742,561042,2024-03-16
2,14:13,"2pt driving layup (under the basket) missed by Kam Jones(MARQ), rebound offensive (team) MARQ",39 - 51,5252380,560742,561042,2024-03-16
2,14:25,"2pt pull up jump shot (2nd chance;off turnover) (inside right) missed by Jayden Pierre(PROV), rebound defensive Kam Jones(MARQ)",39 - 51,5252380,560742,561042,2024-03-16
2,14:39,"3pt pull up jump shot (off turnover) (outside center) missed by Davonte Gaines(PROV), rebound offensive Corey Floyd, Jr.(PROV)",39 - 51,5252380,560742,561042,2024-03-16
2,15:09,Substitution MARQ: in Oso Ighodaro,39 - 51,5252380,560742,561042,2024-03-16
2,15:09,Substitution MARQ: out Ben Gold,39 - 51,5252380,560742,561042,2024-03-16
2,15:09,Turnover bad pass (inside right wing) Ben Gold(MARQ),39 - 51,5252380,560742,561042,2024-03-16
2,15:14,Substitution MARQ: in David Joplin,39 - 51,5252380,560742,561042,2024-03-16
2,15:14,Substitution MARQ: out Oso Ighodaro,39 - 51,5252380,560742,561042,2024-03-16
2,15:14,Substitution PROV: in Rafael Castro,39 - 51,5252380,560742,561042,2024-03-16
2,15:14,Substitution PROV: out Josh Oduro,39 - 51,5252380,560742,561042,2024-03-16
2,15:26,3pt step back jump shot (off turnover) (outside left) missed by Davonte Gaines(PROV),39 - 51,5252380,560742,561042,2024-03-16
2,15:35,Jump ball held ball PROV,39 - 51,5252380,560742,561042,2024-03-16
2,15:54,"Substitution PROV: in Corey Floyd, Jr.",39 - 51,5252380,560742,561042,2024-03-16
2,15:54,Substitution PROV: out Devin Carter,39 - 51,5252380,560742,561042,2024-03-16
2,15:54,Substitution MARQ: in Ben Gold,39 - 51,5252380,560742,561042,2024-03-16
2,15:54,Substitution MARQ: out David Joplin,39 - 51,5252380,560742,561042,2024-03-16
2,15:54,Timeout commercial,39 - 51,5252380,560742,561042,2024-03-16
2,15:54,Turnover lost ball (outside right) Zaide Lowery(MARQ),39 - 51,5252380,560742,561042,2024-03-16
2,16:11,"3pt jump shot (outside left) missed by Davonte Gaines(PROV), rebound defensive Stevie Mitchell(MARQ)",39 - 51,5252380,560742,561042,2024-03-16
2,16:22,"2pt layup (2nd chance;blocked) (under the basket) missed by Stevie Mitchell(MARQ), block Devin Carter(PROV), rebound defensive Josh Oduro(PROV)",39 - 51,5252380,560742,561042,2024-03-16
2,16:24,"2pt driving layup (under the basket) missed by Zaide Lowery(MARQ), rebound offensive Stevie Mitchell(MARQ)",39 - 51,5252380,560742,561042,2024-03-16
2,16:37,"2pt driving layup (blocked) (under the basket) missed by Jayden Pierre(PROV), block Oso Ighodaro(MARQ), rebound defensive Kam Jones(MARQ)",39 - 51,5252380,560742,561042,2024-03-16
2,16:53,"3pt jump shot (off turnover) (outside center) made by Kam Jones(MARQ), assist Oso Ighodaro(MARQ)",39 - 51,5252380,560742,561042,2024-03-16
2,17:02,"Turnover bad pass (under the basket) Josh Oduro(PROV), steal Kam Jones(MARQ)",39 - 48,5252380,560742,561042,2024-03-16
2,17:10,Substitution MARQ: in Zaide Lowery,39 - 48,5252380,560742,561042,2024-03-16
2,17:10,Substitution MARQ: out Chase Ross,39 - 48,5252380,560742,561042,2024-03-16
2,17:10,"Foul personal (in the paint) Chase Ross(MARQ), foul on Devin Carter(PROV)",39 - 48,5252380,560742,561042,2024-03-16
2,17:29,"2pt layup (under the basket) made by Stevie Mitchell(MARQ), assist Oso Ighodaro(MARQ)",39 - 48,5252380,560742,561042,2024-03-16
2,17:38,"Foul personal (outside right) Jayden Pierre(PROV), foul on Stevie Mitchell(MARQ)",39 - 46,5252380,560742,561042,2024-03-16
2,17:50,Timeout short MARQ,39 - 46,5252380,560742,561042,2024-03-16
2,17:50,3pt jump shot (2nd chance) (outside right) made by Devin Carter(PROV),39 - 46,5252380,560742,561042,2024-03-16
2,17:59,2pt layup (2nd chance;fast break) (under the basket) missed by Devin Carter(PROV),39 - 46,5252380,560742,561042,2024-03-16
2,18:03,2pt driving layup (fast break) (under the basket) missed by Jayden Pierre(PROV),36 - 46,5252380,560742,561042,2024-03-16
2,18:08,"2pt driving layup (under the basket) missed by Kam Jones(MARQ), rebound defensive Devin Carter(PROV)",36 - 46,5252380,560742,561042,2024-03-16
2,18:22,3pt pull up jump shot (outside center) made by Jayden Pierre(PROV),36 - 46,5252380,560742,561042,2024-03-16
2,18:34,"3pt step back jump shot (outside left) missed by Chase Ross(MARQ), rebound defensive Josh Oduro(PROV)",33 - 46,5252380,560742,561042,2024-03-16
2,18:51,Free throw 2 of 2 made by Jayden Pierre(PROV),33 - 46,5252380,560742,561042,2024-03-16
2,18:51,Free throw 1 of 2 made by Jayden Pierre(PROV),32 - 46,5252380,560742,561042,2024-03-16
2,18:51,Foul personal (shooting;2 free throws) (under the basket) David Joplin(MARQ),31 - 46,5252380,560742,561042,2024-03-16
2,19:04,2pt layup (off turnover) (under the basket) made by Stevie Mitchell(MARQ),31 - 46,5252380,560742,561042,2024-03-16
2,19:07,Turnover bad pass (back court) Josh Oduro(PROV),31 - 46,5252380,560742,561042,2024-03-16
2,19:11,"2pt hook shot (under the basket) missed by Oso Ighodaro(MARQ), rebound defensive Josh Oduro(PROV)",31 - 44,5252380,560742,561042,2024-03-16
2,19:25,"3pt jump shot (outside center) missed by Devin Carter(PROV), rebound defensive Oso Ighodaro(MARQ)",31 - 44,5252380,560742,561042,2024-03-16
2,19:28,"Foul personal (in the paint) Stevie Mitchell(MARQ), foul on Josh Oduro(PROV)",31 - 44,5252380,560742,561042,2024-03-16
2,19:46,"2pt floating jump shot (in the paint) made by Oso Ighodaro(MARQ), assist Kam Jones(MARQ)",31 - 44,5252380,560742,561042,2024-03-16
2,20:00,Period start,31 - 42,5252380,560742,561042,2024-03-16
2,20:00,Substitution PROV: in Rich Barron,31 - 42,5252380,560742,561042,2024-03-16
2,20:00,"Substitution PROV: out Corey Floyd, Jr.",31 - 42,5252380,560742,561042,2024-03-16
2,20:00,Substitution MARQ: in Chase Ross,31 - 42,5252380,560742,561042,2024-03-16
2,20:00,Substitution MARQ: in Kam Jones,31 - 42,5252380,560742,561042,2024-03-16
2,20:00,Substitution MARQ: out Zaide Lowery,31 - 42,5252380,560742,561042,2024-03-16
2,20:00,Substitution MARQ: out Tre Norman,31 - 42,5252380,560742,561042,2024-03-16
1,00:00.00,Period end (confirmed),31 - 42,5252380,560742,561042,2024-03-16
1,00:01.00,Free throw 3 of 3 made by David Joplin(MARQ),31 - 42,5252380,560742,561042,2024-03-16
1,00:01.00,Substitution PROV: in Devin Carter,31 - 41,5252380,560742,561042,2024-03-16
1,00:01.00,Substitution PROV: in Josh Oduro,31 - 41,5252380,560742,561042,2024-03-16
1,00:01.00,Substitution PROV: out Rich Barron,31 - 41,5252380,560742,561042,2024-03-16
1,00:01.00,Substitution PROV: out Garwey Dual,31 - 41,5252380,560742,561042,2024-03-16
1,00:01.00,Substitution MARQ: in Zaide Lowery,31 - 41,5252380,560742,561042,2024-03-16
1,00:01.00,Substitution MARQ: in Tre Norman,31 - 41,5252380,560742,561042,2024-03-16
1,00:01.00,Substitution MARQ: out Ben Gold,31 - 41,5252380,560742,561042,2024-03-16
1,00:01.00,Substitution MARQ: out Kam Jones,31 - 41,5252380,560742,561042,2024-03-16
1,00:01.00,"Free throw 2 of 3 missed by David Joplin(MARQ), rebound offensive dead ball MARQ",31 - 41,5252380,560742,561042,2024-03-16
1,00:01.00,Free throw 1 of 3 made by David Joplin(MARQ),31 - 41,5252380,560742,561042,2024-03-16
1,00:01.00,Foul personal (shooting;3 free throws) (outside center) Garwey Dual(PROV),31 - 40,5252380,560742,561042,2024-03-16
1,00:07.00,"Foul personal (outside left) Davonte Gaines(PROV), foul on Oso Ighodaro(MARQ)",31 - 40,5252380,560742,561042,2024-03-16
1,00:12.00,"Free throw 1 of 1 (fast break) made by Corey Floyd, Jr.(PROV)",31 - 40,5252380,560742,561042,2024-03-16
1,00:12.00,Substitution PROV: in Garwey Dual,30 - 40,5252380,560742,561042,2024-03-16
1,00:12.00,Substitution PROV: out Josh Oduro,30 - 40,5252380,560742,561042,2024-03-16
1,00:12.00,Substitution MARQ: in David Joplin,30 - 40,5252380,560742,561042,2024-03-16
1,00:12.00,Substitution MARQ: out Zaide Lowery,30 - 40,5252380,560742,561042,2024-03-16
1,00:12.00,Foul personal (shooting;1 free throw) (under the basket) Kam Jones(MARQ),30 - 40,5252380,560742,561042,2024-03-16
1,00:12.00,"2pt driving layup (fast break) (under the basket) made by Corey Floyd, Jr.(PROV)",30 - 40,5252380,560742,561042,2024-03-16
1,00:17.00,"2pt driving layup (blocked) (under the basket) missed by Kam Jones(MARQ), block Rich Barron(PROV), rebound defensive Davonte Gaines(PROV)",28 - 40,5252380,560742,561042,2024-03-16
1,00:39.00,"Free throw 1 of 1 (2nd chance) missed by Davonte Gaines(PROV), rebound defensive Kam Jones(MARQ)",28 - 40,5252380,560742,561042,2024-03-16
1,00:39.00,Substitution MARQ: in Oso Ighodaro,28 - 40,5252380,560742,561042,2024-03-16
1,00:39.00,Substitution MARQ: out David Joplin,28 - 40,5252380,560742,561042,2024-03-16
1,00:39.00,Foul personal (loose ball;one and one) (under the basket) David Joplin(MARQ),28 - 40,5252380,560742,561042,2024-03-16
1,00:39.00,"Free throw 1 of 1 (2nd chance) missed by Josh Oduro(PROV), rebound offensive (team) PROV",28 - 40,5252380,560742,561042,2024-03-16
1,00:39.00,"Substitution PROV: in Corey Floyd, Jr.",28 - 40,5252380,560742,561042,2024-03-16
1,00:39.00,Substitution PROV: out Devin Carter,28 - 40,5252380,560742,561042,2024-03-16
1,00:39.00,Foul personal (one and one) (under the basket) Kam Jones(MARQ),28 - 40,5252380,560742,561042,2024-03-16
1,00:45.00,"3pt jump shot (outside center) missed by Davonte Gaines(PROV), rebound offensive Jayden Pierre(PROV)",28 - 40,5252380,560742,561042,2024-03-16
1,00:58.30,2pt driving layup (under the basket) made by Kam Jones(MARQ),28 - 40,5252380,560742,561042,2024-03-16
1,01:18,"3pt jump shot (outside right) made by Rich Barron(PROV), assist Devin Carter(PROV)",28 - 38,5252380,560742,561042,2024-03-16
1,01:33,Substitution PROV: in Devin Carter,25 - 38,5252380,560742,561042,2024-03-16
1,01:33,"Substitution PROV: out Corey Floyd, Jr.",25 - 38,5252380,560742,561042,2024-03-16
1,01:33,Timeout short MARQ,25 - 38,5252380,560742,561042,2024-03-16
1,01:35,"3pt jump shot (outside left) made by David Joplin(MARQ), assist Stevie Mitchell(MARQ)",25 - 38,5252380,560742,561042,2024-03-16
1,01:51,Free throw 2 of 2 made by Josh Oduro(PROV),25 - 35,5252380,560742,561042,2024-03-16
1,01:51,Free throw 1 of 2 made by Josh Oduro(PROV),24 - 35,5252380,560742,561042,2024-03-16
1,01:51,Substitution MARQ: in Zaide Lowery,23 - 35,5252380,560742,561042,2024-03-16
1,01:51,Substitution MARQ: out Oso Ighodaro,23 - 35,5252380,560742,561042,2024-03-16
1,01:51,Foul personal (one and one) (under the basket) Oso Ighodaro(MARQ),23 - 35,5252380,560742,561042,2024-03-16
1,01:51,Foul (back court) Josh Oduro(PROV),23 - 35,5252380,560742,561042,2024-03-16
1,02:07,"3pt step back jump shot (2nd chance) (outside right wing) missed by Kam Jones(MARQ), rebound defensive Jayden Pierre(PROV)",23 - 35,5252380,560742,561042,2024-03-16
1,02:09,Substitution MARQ: in Kam Jones,23 - 35,5252380,560742,561042,2024-03-16
1,02:09,Substitution MARQ: out Zaide Lowery,23 - 35,5252380,560742,561042,2024-03-16
1,02:11,"2pt hook shot (under the basket) missed by Oso Ighodaro(MARQ), rebound offensive (team) MARQ, rebound offensive (team) MARQ",23 - 35,5252380,560742,561042,2024-03-16
1,02:35,"Substitution PROV: in Corey Floyd, Jr.",23 - 35,5252380,560742,561042,2024-03-16
1,02:35,Substitution PROV: out Devin Carter,23 - 35,5252380,560742,561042,2024-03-16
1,02:35,Free throw 2 of 2 (off turnover) made by Devin Carter(PROV),23 - 35,5252380,560742,561042,2024-03-16
1,02:35,Substitution MARQ: in Zaide Lowery,22 - 35,5252380,560742,561042,2024-03-16
1,02:35,Substitution MARQ: out Chase Ross,22 - 35,5252380,560742,561042,2024-03-16
1,02:35,"Free throw 1 of 2 (off turnover) missed by Devin Carter(PROV), rebound offensive dead ball PROV",22 - 35,5252380,560742,561042,2024-03-16
1,02:35,Foul personal (shooting;2 free throws) (in the paint) Chase Ross(MARQ),22 - 35,5252380,560742,561042,2024-03-16
1,02:42,Substitution PROV: in Devin Carter,22 - 35,5252380,560742,561042,2024-03-16
1,02:42,"Substitution PROV: out Corey Floyd, Jr.",22 - 35,5252380,560742,561042,2024-03-16
1,02:42,Substitution MARQ: in Oso Ighodaro,22 - 35,5252380,560742,561042,2024-03-16
1,02:42,Substitution MARQ: out Kam Jones,22 - 35,5252380,560742,561042,2024-03-16
1,02:42,Turnover bad pass (outside left wing) Kam Jones(MARQ),22 - 35,5252380,560742,561042,2024-03-16
1,02:54,"Free throw 1 of 1 (2nd chance) missed by Josh Oduro(PROV), rebound defensive David Joplin(MARQ)",22 - 35,5252380,560742,561042,2024-03-16
1,02:54,Substitution PROV: in Rich Barron,22 - 35,5252380,560742,561042,2024-03-16
1,02:54,Substitution PROV: out Devin Carter,22 - 35,5252380,560742,561042,2024-03-16
1,02:54,Substitution MARQ: in Ben Gold,22 - 35,5252380,560742,561042,2024-03-16
1,02:54,Substitution MARQ: in Stevie Mitchell,22 - 35,5252380,560742,561042,2024-03-16
1,02:54,Substitution MARQ: out Oso Ighodaro,22 - 35,5252380,560742,561042,2024-03-16
1,02:54,Substitution MARQ: out Zaide Lowery,22 - 35,5252380,560742,561042,2024-03-16
1,02:54,Foul personal (shooting;1 free throw) (under the basket) Chase Ross(MARQ),22 - 35,5252380,560742,561042,2024-03-16
1,02:54,2pt layup (2nd chance) (under the basket) made by Josh Oduro(PROV),22 - 35,5252380,560742,561042,2024-03-16
1,02:56,"3pt jump shot (outside right) missed by Corey Floyd, Jr.(PROV), rebound offensive Josh Oduro(PROV)",22 - 35,5252380,560742,561042,2024-03-16
1,03:10,"2pt floating jump shot (in the paint) missed by Oso Ighodaro(MARQ), rebound defensive Devin Carter(PROV)",20 - 35,5252380,560742,561042,2024-03-16
1,03:17,"Foul personal (inside center) Devin Carter(PROV), foul on Kam Jones(MARQ)",20 - 35,5252380,560742,561042,2024-03-16
1,03:26,2pt driving layup (off turnover) (in the paint) made by Devin Carter(PROV),20 - 35,5252380,560742,561042,2024-03-16
1,03:35,"Turnover bad pass (inside left) Kam Jones(MARQ), steal Devin Carter(PROV)",18 - 35,5252380,560742,561042,2024-03-16
1,03:46,Substitution PROV: in Josh Oduro,18 - 35,5252380,560742,561042,2024-03-16
1,03:46,Substitution PROV: out Garwey Dual,18 - 35,5252380,560742,561042,2024-03-16
1,03:46,Timeout commercial,18 - 35,5252380,560742,561042,2024-03-16
1,03:46,"Foul personal (in the paint) Devin Carter(PROV), foul on Chase Ross(MARQ)",18 - 35,5252380,560742,561042,2024-03-16
1,03:48,"Turnover bad pass (inside right) Jayden Pierre(PROV), steal Zaide Lowery(MARQ)",18 - 35,5252380,560742,561042,2024-03-16
1,04:11,"2pt dunk (under the basket) made by Oso Ighodaro(MARQ), assist Kam Jones(MARQ)",18 - 35,5252380,560742,561042,2024-03-16
1,04:34,"3pt jump shot (outside right) missed by Jayden Pierre(PROV), rebound defensive Oso Ighodaro(MARQ)",18 - 33,5252380,560742,561042,2024-03-16
1,04:56,"3pt jump shot (2nd chance) (outside left) made by David Joplin(MARQ), assist Zaide Lowery(MARQ)",18 - 33,5252380,560742,561042,2024-03-16
1,05:03,"2pt driving layup (under the basket) missed by Kam Jones(MARQ), rebound offensive Zaide Lowery(MARQ)",18 - 33,5252380,560742,561042,2024-03-16
1,05:16,"2pt floating jump shot (inside right) missed by Garwey Dual(PROV), rebound defensive Zaide Lowery(MARQ)",18 - 30,5252380,560742,561042,2024-03-16
1,05:26,"2pt hook shot (in the paint) missed by Oso Ighodaro(MARQ), rebound defensive Devin Carter(PROV)",18 - 30,5252380,560742,561042,2024-03-16
1,05:47,"3pt jump shot (outside right) missed by Corey Floyd, Jr.(PROV), rebound defensive Zaide Lowery(MARQ)",18 - 30,5252380,560742,561042,2024-03-16
1,05:59,"Substitution PROV: in Corey Floyd, Jr.",18 - 30,5252380,560742,561042,2024-03-16
1,05:59,Substitution PROV: in Garwey Dual,18 - 30,5252380,560742,561042,2024-03-16
1,05:59,Substitution PROV: out Josh Oduro,18 - 30,5252380,560742,561042,2024-03-16
1,05:59,Substitution PROV: out Rich Barron,18 - 30,5252380,560742,561042,2024-03-16
1,06:15,2pt driving layup (under the basket) made by Kam Jones(MARQ),18 - 30,5252380,560742,561042,2024-03-16
1,06:33,"3pt jump shot (outside right) missed by Rich Barron(PROV), rebound defensive Oso Ighodaro(MARQ)",18 - 28,5252380,560742,561042,2024-03-16
1,06:58,Timeout short PROV,18 - 28,5252380,560742,561042,2024-03-16
1,06:58,"2pt floating jump shot (off turnover) (in the paint) made by Oso Ighodaro(MARQ), assist Kam Jones(MARQ)",18 - 28,5252380,560742,561042,2024-03-16
1,07:09,"Turnover bad pass (outside center) Devin Carter(PROV), steal Zaide Lowery(MARQ)",18 - 26,5252380,560742,561042,2024-03-16
1,07:27,"3pt step back jump shot (outside right) made by Kam Jones(MARQ), assist Chase Ross(MARQ)",18 - 26,5252380,560742,561042,2024-03-16
1,07:51,"3pt step back jump shot (outside right) missed by Rich Barron(PROV), rebound defensive Chase Ross(MARQ)",18 - 23,5252380,560742,561042,2024-03-16
1,07:59,Substitution PROV: in Rich Barron,18 - 23,5252380,560742,561042,2024-03-16
1,07:59,Substitution PROV: out Garwey Dual,18 - 23,5252380,560742,561042,2024-03-16
1,07:59,Timeout commercial,18 - 23,5252380,560742,561042,2024-03-16
1,08:03,"2pt floating jump shot (inside center) missed by Oso Ighodaro(MARQ), rebound defensive Josh Oduro(PROV)",18 - 23,5252380,560742,561042,2024-03-16
1,08:15,"2pt driving layup (under the basket) made by Garwey Dual(PROV), assist Devin Carter(PROV)",18 - 23,5252380,560742,561042,2024-03-16
1,08:47,2pt layup (2nd chance) (under the basket) made by Kam Jones(MARQ),16 - 23,5252380,560742,561042,2024-03-16
1,08:51,2pt driving layup (in the paint) missed by Kam Jones(MARQ),16 - 21,5252380,560742,561042,2024-03-16
1,09:08,"2pt floating jump shot (blocked) (in the paint) missed by Josh Oduro(PROV), block David Joplin(MARQ), rebound defensive Chase Ross(MARQ)",16 - 21,5252380,560742,561042,2024-03-16
1,09:39,"3pt jump shot (outside left wing) made by Zaide Lowery(MARQ), assist Chase Ross(MARQ)",16 - 21,5252380,560742,561042,2024-03-16
1,09:46,Substitution PROV: in Devin Carter,16 - 18,5252380,560742,561042,2024-03-16
1,09:46,"Substitution PROV: out Corey Floyd, Jr.",16 - 18,5252380,560742,561042,2024-03-16
1,09:46,Substitution MARQ: in Zaide Lowery,16 - 18,5252380,560742,561042,2024-03-16
1,09:46,Substitution MARQ: in Kam Jones,16 - 18,5252380,560742,561042,2024-03-16
1,09:46,Substitution MARQ: out Stevie Mitchell,16 - 18,5252380,560742,561042,2024-03-16
1,09:46,Substitution MARQ: out Tre Norman,16 - 18,5252380,560742,561042,2024-03-16
1,09:46,Timeout commercial,16 - 18,5252380,560742,561042,2024-03-16
1,10:01,2pt driving layup (under the basket) made by Jayden Pierre(PROV),16 - 18,5252380,560742,561042,2024-03-16
1,10:18,2pt driving layup (under the basket) made by Oso Ighodaro(MARQ),14 - 18,5252380,560742,561042,2024-03-16
1,10:37,"2pt layup (2nd chance) (under the basket) missed by Josh Oduro(PROV), rebound defensive Stevie Mitchell(MARQ)",14 - 16,5252380,560742,561042,2024-03-16
1,10:40,2pt driving layup (in the paint) missed by Davonte Gaines(PROV),14 - 16,5252380,560742,561042,2024-03-16
1,11:06,"2pt floating jump shot (in the paint) missed by Oso Ighodaro(MARQ), rebound defensive Davonte Gaines(PROV)",14 - 16,5252380,560742,561042,2024-03-16
1,11:23,2pt driving layup (off turnover;fast break) (under the basket) made by Jayden Pierre(PROV),14 - 16,5252380,560742,561042,2024-03-16
1,11:27,"Turnover bad pass (in the paint) Stevie Mitchell(MARQ), steal Josh Oduro(PROV)",12 - 16,5252380,560742,561042,2024-03-16
1,11:42,"2pt driving layup (under the basket) made by Corey Floyd, Jr.(PROV)",12 - 16,5252380,560742,561042,2024-03-16
1,12:09,2pt floating jump shot (in the paint) made by Oso Ighodaro(MARQ),10 - 16,5252380,560742,561042,2024-03-16
1,12:24,"3pt jump shot (outside right) missed by Davonte Gaines(PROV), rebound defensive Chase Ross(MARQ)",10 - 14,5252380,560742,561042,2024-03-16
1,12:35,"3pt step back jump shot (outside center) missed by Stevie Mitchell(MARQ), rebound defensive Josh Oduro(PROV)",10 - 14,5252380,560742,561042,2024-03-16
1,12:48,"3pt jump shot (outside left) made by Josh Oduro(PROV), assist Garwey Dual(PROV)",10 - 14,5252380,560742,561042,2024-03-16
1,13:04,Substitution MARQ: in Stevie Mitchell,7 - 14,5252380,560742,561042,2024-03-16
1,13:04,Substitution MARQ: out Kam Jones,7 - 14,5252380,560742,561042,2024-03-16
1,13:04,Substitution MARQ: in David Joplin,7 - 14,5252380,560742,561042,2024-03-16
1,13:04,Substitution MARQ: out Ben Gold,7 - 14,5252380,560742,561042,2024-03-16
1,13:04,"Foul personal (under the basket) Ben Gold(MARQ), foul on Josh Oduro(PROV)",7 - 14,5252380,560742,561042,2024-03-16
1,13:15,2pt driving layup (under the basket) made by Kam Jones(MARQ),7 - 14,5252380,560742,561042,2024-03-16
1,13:27,"3pt jump shot (outside right) missed by Corey Floyd, Jr.(PROV), rebound defensive Tre Norman(MARQ)",7 - 12,5252380,560742,561042,2024-03-16
1,13:57,Free throw 2 of 2 (fast break;off turnover) made by Ben Gold(MARQ),7 - 12,5252380,560742,561042,2024-03-16
1,13:57,Substitution PROV: in Garwey Dual,7 - 12,5252380,560742,561042,2024-03-16
1,13:57,Substitution PROV: out Devin Carter,7 - 12,5252380,560742,561042,2024-03-16
1,13:57,Substitution MARQ: in Chase Ross,7 - 12,5252380,560742,561042,2024-03-16
1,13:57,Substitution MARQ: out David Joplin,7 - 12,5252380,560742,561042,2024-03-16
1,13:57,"Free throw 1 of 2 (fast break;off turnover) missed by Ben Gold(MARQ), rebound offensive dead ball MARQ",7 - 11,5252380,560742,561042,2024-03-16
1,13:57,Foul personal (shooting;2 free throws) (under the basket) Jayden Pierre(PROV),7 - 11,5252380,560742,561042,2024-03-16
1,14:00,"Turnover lost ball (in the paint) Josh Oduro(PROV), steal Kam Jones(MARQ)",7 - 11,5252380,560742,561042,2024-03-16
1,14:05,Foul personal (inside right) Tre Norman(MARQ),7 - 11,5252380,560742,561042,2024-03-16
1,14:14,"Foul personal (under the basket) Oso Ighodaro(MARQ), foul on Corey Floyd, Jr.(PROV)",7 - 11,5252380,560742,561042,2024-03-16
1,14:20,"2pt driving layup (blocked) (under the basket) missed by Corey Floyd, Jr.(PROV), block David Joplin(MARQ), rebound offensive Josh Oduro(PROV)",7 - 11,5252380,560742,561042,2024-03-16
1,14:42,Substitution MARQ: in Tre Norman,7 - 11,5252380,560742,561042,2024-03-16
1,14:42,Substitution MARQ: out Stevie Mitchell,7 - 11,5252380,560742,561042,2024-03-16
1,14:43,"3pt jump shot (outside right) missed by Kam Jones(MARQ), rebound defensive (team) PROV, rebound defensive (team) PROV",7 - 11,5252380,560742,561042,2024-03-16
1,15:26,"Substitution PROV: in Corey Floyd, Jr.",7 - 11,5252380,560742,561042,2024-03-16
1,15:26,Substitution PROV: out Rich Barron,7 - 11,5252380,560742,561042,2024-03-16
1,15:14,3pt jump shot (off turnover) (outside right) missed by Jayden Pierre(PROV),7 - 11,5252380,560742,561042,2024-03-16
1,15:26,Turnover lost ball (under the basket) Stevie Mitchell(MARQ),7 - 11,5252380,560742,561042,2024-03-16
1,15:47,Free throw 2 of 2 (2nd chance) made by Devin Carter(PROV),7 - 11,5252380,560742,561042,2024-03-16
1,15:47,Free throw 1 of 2 (2nd chance) made by Devin Carter(PROV),6 - 11,5252380,560742,561042,2024-03-16
1,15:47,Timeout commercial,5 - 11,5252380,560742,561042,2024-03-16
1,15:47,Foul personal (shooting;2 free throws) (under the basket) Ben Gold(MARQ),5 - 11,5252380,560742,561042,2024-03-16
1,16:05,Jump ball held ball PROV,5 - 11,5252380,560742,561042,2024-03-16
1,16:07,"3pt jump shot (outside center) missed by Devin Carter(PROV), rebound offensive Josh Oduro(PROV)",5 - 11,5252380,560742,561042,2024-03-16
1,16:28,"2pt layup (blocked) (in the paint) missed by David Joplin(MARQ), block Davonte Gaines(PROV), rebound defensive Josh Oduro(PROV)",5 - 11,5252380,560742,561042,2024-03-16
1,16:42,"3pt jump shot (outside right) missed by Jayden Pierre(PROV), rebound defensive David Joplin(MARQ)",5 - 11,5252380,560742,561042,2024-03-16
1,17:05,2pt floating jump shot (off turnover) (in the paint) made by Kam Jones(MARQ),5 - 11,5252380,560742,561042,2024-03-16
1,17:18,"Foul offensive (back court) Josh Oduro(PROV), turnover offensive Josh Oduro(PROV), foul on David Joplin(MARQ)",5 - 9,5252380,560742,561042,2024-03-16
1,17:31,Free throw 2 of 2 made by Oso Ighodaro(MARQ),5 - 9,5252380,560742,561042,2024-03-16
1,17:31,Free throw 1 of 2 made by Oso Ighodaro(MARQ),5 - 8,5252380,560742,561042,2024-03-16
1,17:31,Foul personal (shooting;2 free throws) (under the basket) Rich Barron(PROV),5 - 7,5252380,560742,561042,2024-03-16
1,17:42,"2pt layup (2nd chance) (under the basket) made by Devin Carter(PROV), assist Rich Barron(PROV)",5 - 7,5252380,560742,561042,2024-03-16
1,17:47,"3pt jump shot (outside right) missed by Davonte Gaines(PROV), rebound offensive Rich Barron(PROV)",3 - 7,5252380,560742,561042,2024-03-16
1,18:02,Substitution MARQ: in Ben Gold,3 - 7,5252380,560742,561042,2024-03-16
1,18:02,Substitution MARQ: out Chase Ross,3 - 7,5252380,560742,561042,2024-03-16
1,18:07,3pt jump shot (off turnover;fast break) (outside left) made by Stevie Mitchell(MARQ),3 - 7,5252380,560742,561042,2024-03-16
1,18:13,"Turnover bad pass (in the paint) Devin Carter(PROV), steal Kam Jones(MARQ)",3 - 4,5252380,560742,561042,2024-03-16
1,18:29,"2pt layup (under the basket) made by David Joplin(MARQ), assist Kam Jones(MARQ)",3 - 4,5252380,560742,561042,2024-03-16
1,18:42,"3pt jump shot (outside center) made by Jayden Pierre(PROV), assist Rich Barron(PROV)",3 - 2,5252380,560742,561042,2024-03-16
1,19:04,"2pt hook shot (in the paint) missed by Oso Ighodaro(MARQ), rebound defensive Davonte Gaines(PROV), rebound defensive Davonte Gaines(PROV)",0 - 2,5252380,560742,561042,2024-03-16
1,19:16,"2pt driving layup (under the basket) missed by Jayden Pierre(PROV), rebound defensive Chase Ross(MARQ)",0 - 2,5252380,560742,561042,2024-03-16
1,19:38,2pt floating jump shot (in the paint) made by Oso Ighodaro(MARQ),0 - 2,5252380,560742,561042,2024-03-16
1,20:00,"Jump ball start period, won Oso Ighodaro(MARQ), lost Josh Oduro(PROV)",0 - 0,5252380,560742,561042,2024-03-16
1,20:00,Period start,0 - 0,5252380,560742,561042,2024-03-16
1,20:00,Game start,0 - 0,5252380,560742,561042,2024-03-16
2,04:06,Timeout commercial,61 - 54,5252632,560672,561022,2024-03-16
2,04:06,Timeout short ORE,61 - 54,5252632,560672,561022,2024-03-16
2,04:10,Free throw 2 of 2 made by KJ Lewis(ARIZ),61 - 54,5252632,560672,561022,2024-03-16
2,04:10,Free throw 1 of 2 made by KJ Lewis(ARIZ),61 - 53,5252632,560672,561022,2024-03-16
2,04:10,Free throw 2 of 2 (fast break) made by Pelle Larsson(ARIZ),61 - 52,5252632,560672,561022,2024-03-16
2,04:10,Free throw 1 of 2 (fast break) made by Pelle Larsson(ARIZ),61 - 51,5252632,560672,561022,2024-03-16
2,04:10,Foul admin technical (administrative;2 free throws) ORE,61 - 51,5252632,560672,561022,2024-03-16
2,04:10,Foul personal (one and one) (under the basket) Kario Oquendo(ORE),61 - 50,5252632,560672,561022,2024-03-16
2,04:18,"2pt layup (2nd chance) (in the paint) missed by Jermaine Couisnard(ORE), rebound defensive KJ Lewis(ARIZ)",61 - 50,5252632,560672,561022,2024-03-16
2,04:36,"2pt jump shot (inside right) missed by Jackson Shelstad(ORE), rebound offensive Jadrian Tracey(ORE)",61 - 50,5252632,560672,561022,2024-03-16
2,05:00,"2pt dunk (in the paint) made by Keshad Johnson(ARIZ), assist Pelle Larsson(ARIZ)",61 - 50,5252632,560672,561022,2024-03-16
2,05:18,3pt jump shot (outside right) made by Jackson Shelstad(ORE),61 - 48,5252632,560672,561022,2024-03-16
2,05:42,Free throw 2 of 2 made by Jaden Bradley(ARIZ),58 - 48,5252632,560672,561022,2024-03-16
2,05:42,Free throw 1 of 2 made by Jaden Bradley(ARIZ),58 - 47,5252632,560672,561022,2024-03-16
2,05:42,Foul personal (one and one) (back court) Kario Oquendo(ORE),58 - 46,5252632,560672,561022,2024-03-16
2,05:45,"3pt jump shot (outside right) missed by Jermaine Couisnard(ORE), rebound defensive (team) ARIZ, rebound defensive Jaden Bradley(ARIZ)",58 - 46,5252632,560672,561022,2024-03-16
2,06:13,Substitution ARIZ: in KJ Lewis,58 - 46,5252632,560672,561022,2024-03-16
2,06:13,Substitution ARIZ: in Jaden Bradley,58 - 46,5252632,560672,561022,2024-03-16
2,06:13,Substitution ARIZ: out Kylan Boswell,58 - 46,5252632,560672,561022,2024-03-16
2,06:13,Substitution ARIZ: out Caleb Love,58 - 46,5252632,560672,561022,2024-03-16
2,06:16,"3pt jump shot (2nd chance) (outside center) missed by Kylan Boswell(ARIZ), rebound defensive (team) ORE",58 - 46,5252632,560672,561022,2024-03-16
2,06:26,"3pt jump shot (outside center) missed by Caleb Love(ARIZ), rebound offensive Oumar Ballo(ARIZ)",58 - 46,5252632,560672,561022,2024-03-16
2,06:42,2pt layup (2nd chance) (under the basket) made by N'Faly Dante(ORE),58 - 46,5252632,560672,561022,2024-03-16
2,06:49,"2pt layup (blocked) (under the basket) missed by Jermaine Couisnard(ORE), block Oumar Ballo(ARIZ), rebound offensive N'Faly Dante(ORE)",56 - 46,5252632,560672,561022,2024-03-16
2,07:11,"3pt jump shot (outside center) missed by Caleb Love(ARIZ), rebound defensive N'Faly Dante(ORE)",56 - 46,5252632,560672,561022,2024-03-16
2,07:32,"3pt jump shot (outside left) made by Jackson Shelstad(ORE), assist Jermaine Couisnard(ORE)",56 - 46,5252632,560672,561022,2024-03-16
2,07:50,Free throw 2 of 2 made by Oumar Ballo(ARIZ),53 - 46,5252632,560672,561022,2024-03-16
2,07:50,Free throw 1 of 2 made by Oumar Ballo(ARIZ),53 - 45,5252632,560672,561022,2024-03-16
2,07:50,Substitution ARIZ: in Keshad Johnson,53 - 44,5252632,560672,561022,2024-03-16
2,07:50,Substitution ARIZ: out KJ Lewis,53 - 44,5252632,560672,561022,2024-03-16
2,07:50,Timeout commercial,53 - 44,5252632,560672,561022,2024-03-16
2,07:50,Foul personal (shooting;2 free throws) (in the paint) Jermaine Couisnard(ORE),53 - 44,5252632,560672,561022,2024-03-16
2,08:12,"3pt jump shot (outside right) made by Jermaine Couisnard(ORE), assist Jadrian Tracey(ORE)",53 - 44,5252632,560672,561022,2024-03-16
2,08:41,"2pt layup (under the basket) missed by KJ Lewis(ARIZ), rebound defensive Kario Oquendo(ORE)",50 - 44,5252632,560672,561022,2024-03-16
2,08:57,Timeout short ARIZ,50 - 44,5252632,560672,561022,2024-03-16
2,09:02,"3pt jump shot (off turnover) (outside center) made by Jackson Shelstad(ORE), assist Jermaine Couisnard(ORE)",50 - 44,5252632,560672,561022,2024-03-16
2,09:26,"Turnover bad pass (in the paint) Pelle Larsson(ARIZ), steal Jermaine Couisnard(ORE)",47 - 44,5252632,560672,561022,2024-03-16
2,09:47,2pt step back jump shot (off turnover) (inside right) made by Jackson Shelstad(ORE),47 - 44,5252632,560672,561022,2024-03-16
2,10:07,Substitution ARIZ: in Oumar Ballo,45 - 44,5252632,560672,561022,2024-03-16
2,10:07,Substitution ARIZ: in Kylan Boswell,45 - 44,5252632,560672,561022,2024-03-16
2,10:07,Substitution ARIZ: in Pelle Larsson,45 - 44,5252632,560672,561022,2024-03-16
2,10:07,Substitution ARIZ: out Keshad Johnson,45 - 44,5252632,560672,561022,2024-03-16
2,10:07,Substitution ARIZ: out Motiejus Krivas,45 - 44,5252632,560672,561022,2024-03-16
2,10:07,Substitution ARIZ: out Jaden Bradley,45 - 44,5252632,560672,561022,2024-03-16
2,10:07,Turnover lost ball (under the basket) Jaden Bradley(ARIZ),45 - 44,5252632,560672,561022,2024-03-16
2,10:28,"2pt layup (under the basket) made by Jackson Shelstad(ORE), assist Jermaine Couisnard(ORE)",45 - 44,5252632,560672,561022,2024-03-16
2,10:28,Substitution ORE: in Jackson Shelstad,53 - 44,5252632,560672,561022,2024-03-16
2,10:28,Substitution ORE: out Mahamadou Diawara,53 - 44,5252632,560672,561022,2024-03-16
2,10:29,Substitution ORE: in Mahamadou Diawara,43 - 44,5252632,560672,561022,2024-03-16
2,10:29,Substitution ORE: out Jackson Shelstad,43 - 44,5252632,560672,561022,2024-03-16
2,10:29,Timeout commercial,43 - 44,5252632,560672,561022,2024-03-16
2,10:29,"Foul personal (in the paint) Jaden Bradley(ARIZ), foul on Jermaine Couisnard(ORE)",43 - 44,5252632,560672,561022,2024-03-16
2,10:42,Substitution ORE: in Jadrian Tracey,43 - 44,5252632,560672,561022,2024-03-16
2,10:42,Substitution ORE: in Jackson Shelstad,43 - 44,5252632,560672,561022,2024-03-16
2,10:42,Substitution ORE: out Kwame Evans Jr.,43 - 44,5252632,560672,561022,2024-03-16
2,10:42,Substitution ORE: out Brennan Rigsby,43 - 44,5252632,560672,561022,2024-03-16
2,10:42,Timeout commercial,43 - 44,5252632,560672,561022,2024-03-16
2,10:42,Timeout short ORE,43 - 44,5252632,560672,561022,2024-03-16
2,10:53,2pt layup (2nd chance) (under the basket) made by Motiejus Krivas(ARIZ),43 - 44,5252632,560672,561022,2024-03-16
2,10:59,"2pt layup (blocked) (under the basket) missed by Keshad Johnson(ARIZ), block N'Faly Dante(ORE), rebound offensive Motiejus Krivas(ARIZ)",43 - 42,5252632,560672,561022,2024-03-16
2,11:08,"3pt jump shot (outside left) missed by Kario Oquendo(ORE), rebound defensive Caleb Love(ARIZ)",43 - 42,5252632,560672,561022,2024-03-16
2,11:32,"2pt layup (under the basket) missed by Jaden Bradley(ARIZ), rebound defensive Jermaine Couisnard(ORE)",43 - 42,5252632,560672,561022,2024-03-16
2,11:42,"2pt driving layup (under the basket) missed by Jermaine Couisnard(ORE), rebound defensive Keshad Johnson(ARIZ)",43 - 42,5252632,560672,561022,2024-03-16
2,12:07,Free throw 2 of 2 made by Caleb Love(ARIZ),43 - 42,5252632,560672,561022,2024-03-16
2,12:07,Substitution ORE: in N'Faly Dante,43 - 41,5252632,560672,561022,2024-03-16
2,12:07,Substitution ORE: out Mahamadou Diawara,43 - 41,5252632,560672,561022,2024-03-16
2,12:07,Substitution ARIZ: in Motiejus Krivas,43 - 41,5252632,560672,561022,2024-03-16
2,12:07,Substitution ARIZ: out Oumar Ballo,43 - 41,5252632,560672,561022,2024-03-16
2,12:07,"Free throw 1 of 2 missed by Caleb Love(ARIZ), rebound offensive dead ball ARIZ",43 - 41,5252632,560672,561022,2024-03-16
2,12:07,Foul personal (shooting;2 free throws) (under the basket) Mahamadou Diawara(ORE),43 - 41,5252632,560672,561022,2024-03-16
2,12:33,3pt jump shot (outside center) made by Jermaine Couisnard(ORE),43 - 41,5252632,560672,561022,2024-03-16
2,12:58,"Free throw 2 of 2 missed by Oumar Ballo(ARIZ), rebound defensive Mahamadou Diawara(ORE)",40 - 41,5252632,560672,561022,2024-03-16
2,12:58,"Free throw 1 of 2 missed by Oumar Ballo(ARIZ), rebound offensive dead ball ARIZ",40 - 41,5252632,560672,561022,2024-03-16
2,12:58,Foul personal (shooting;2 free throws) (in the paint) Kario Oquendo(ORE),40 - 41,5252632,560672,561022,2024-03-16
2,13:16,Substitution ORE: in Brennan Rigsby,40 - 41,5252632,560672,561022,2024-03-16
2,13:16,Substitution ORE: out Jackson Shelstad,40 - 41,5252632,560672,561022,2024-03-16
2,13:16,Substitution ORE: in Mahamadou Diawara,40 - 41,5252632,560672,561022,2024-03-16
2,13:16,Substitution ORE: out N'Faly Dante,40 - 41,5252632,560672,561022,2024-03-16
2,13:16,Free throw 2 of 2 (off turnover) made by N'Faly Dante(ORE),40 - 41,5252632,560672,561022,2024-03-16
2,13:16,Free throw 1 of 2 (off turnover) made by N'Faly Dante(ORE),39 - 41,5252632,560672,561022,2024-03-16
2,13:16,Foul personal (shooting;2 free throws) (in the paint) Keshad Johnson(ARIZ),38 - 41,5252632,560672,561022,2024-03-16
2,13:16,Foul (back court) ORE,38 - 41,5252632,560672,561022,2024-03-16
2,13:16,Foul (in the paint) ARIZ,38 - 41,5252632,560672,561022,2024-03-16
2,13:18,2pt layup (off turnover) (under the basket) missed by Kario Oquendo(ORE),38 - 41,5252632,560672,561022,2024-03-16
2,13:32,Substitution ORE: in Jermaine Couisnard,38 - 41,5252632,560672,561022,2024-03-16
2,13:32,Substitution ORE: out Jadrian Tracey,38 - 41,5252632,560672,561022,2024-03-16
2,13:32,Substitution ARIZ: in KJ Lewis,38 - 41,5252632,560672,561022,2024-03-16
2,13:32,Substitution ARIZ: in Caleb Love,38 - 41,5252632,560672,561022,2024-03-16
2,13:32,Substitution ARIZ: out Kylan Boswell,38 - 41,5252632,560672,561022,2024-03-16
2,13:32,Substitution ARIZ: out Pelle Larsson,38 - 41,5252632,560672,561022,2024-03-16
2,13:32,"Foul personal (in the paint) Jaden Bradley(ARIZ), foul on Kario Oquendo(ORE)",38 - 41,5252632,560672,561022,2024-03-16
2,13:36,"Turnover bad pass (outside center) Jaden Bradley(ARIZ), steal Kario Oquendo(ORE)",38 - 41,5252632,560672,561022,2024-03-16
2,14:00,"2pt driving layup (fast break) (under the basket) made by Kario Oquendo(ORE), assist Jadrian Tracey(ORE)",38 - 41,5252632,560672,561022,2024-03-16
2,14:08,"3pt jump shot (off turnover) (outside center) missed by Kylan Boswell(ARIZ), rebound defensive Jadrian Tracey(ORE)",36 - 41,5252632,560672,561022,2024-03-16
2,14:12,"Turnover lost ball (in the paint) N'Faly Dante(ORE), steal Oumar Ballo(ARIZ)",36 - 41,5252632,560672,561022,2024-03-16
2,14:22,Substitution ORE: in Kwame Evans Jr.,36 - 41,5252632,560672,561022,2024-03-16
2,14:22,Substitution ORE: out Jermaine Couisnard,36 - 41,5252632,560672,561022,2024-03-16
2,14:42,"3pt jump shot (off turnover) (outside center) made by Keshad Johnson(ARIZ), assist Pelle Larsson(ARIZ)",36 - 41,5252632,560672,561022,2024-03-16
2,14:53,"Foul offensive (back court) N'Faly Dante(ORE), turnover offensive N'Faly Dante(ORE), foul on Kylan Boswell(ARIZ), foul on Pelle Larsson(ARIZ)",36 - 38,5252632,560672,561022,2024-03-16
2,15:08,Substitution ARIZ: in Jaden Bradley,36 - 38,5252632,560672,561022,2024-03-16
2,15:08,Substitution ARIZ: out Caleb Love,36 - 38,5252632,560672,561022,2024-03-16
2,15:08,Turnover lost ball (inside right) Caleb Love(ARIZ),36 - 38,5252632,560672,561022,2024-03-16
2,15:13,2pt dunk (off turnover;fast break) (under the basket) made by Kario Oquendo(ORE),36 - 38,5252632,560672,561022,2024-03-16
2,15:20,"Turnover bad pass (outside left) Caleb Love(ARIZ), steal Kario Oquendo(ORE)",34 - 38,5252632,560672,561022,2024-03-16
2,15:38,2pt layup (2nd chance) (under the basket) made by Jermaine Couisnard(ORE),34 - 38,5252632,560672,561022,2024-03-16
2,15:45,"2pt hook shot (2nd chance) (in the paint) missed by N'Faly Dante(ORE), rebound offensive Jermaine Couisnard(ORE)",32 - 38,5252632,560672,561022,2024-03-16
2,15:48,Substitution ORE: in N'Faly Dante,32 - 38,5252632,560672,561022,2024-03-16
2,15:48,Substitution ORE: out Mahamadou Diawara,32 - 38,5252632,560672,561022,2024-03-16
2,15:48,Timeout commercial,32 - 38,5252632,560672,561022,2024-03-16
2,15:48,"2pt layup (blocked) (under the basket) missed by Jermaine Couisnard(ORE), block Oumar Ballo(ARIZ), rebound offensive (team) ORE",32 - 38,5252632,560672,561022,2024-03-16
2,16:16,"2pt dunk (under the basket) made by Keshad Johnson(ARIZ), assist Caleb Love(ARIZ)",32 - 38,5252632,560672,561022,2024-03-16
2,16:28,Substitution ORE: in Mahamadou Diawara,32 - 36,5252632,560672,561022,2024-03-16
2,16:28,Substitution ORE: out Kwame Evans Jr.,32 - 36,5252632,560672,561022,2024-03-16
2,16:28,Substitution ORE: in Kario Oquendo,32 - 36,5252632,560672,561022,2024-03-16
2,16:28,Substitution ORE: out N'Faly Dante,32 - 36,5252632,560672,561022,2024-03-16
2,16:28,"Foul personal (outside center) Jermaine Couisnard(ORE), foul on Kylan Boswell(ARIZ)",32 - 36,5252632,560672,561022,2024-03-16
2,16:33,"3pt jump shot (2nd chance) (outside right) made by Jermaine Couisnard(ORE), assist Jadrian Tracey(ORE)",32 - 36,5252632,560672,561022,2024-03-16
2,16:40,"2pt layup (blocked) (in the paint) missed by Jermaine Couisnard(ORE), block Oumar Ballo(ARIZ), rebound offensive Jadrian Tracey(ORE), rebound offensive Jermaine Couisnard(ORE)",29 - 36,5252632,560672,561022,2024-03-16
2,16:58,2pt floating jump shot (in the paint) made by Caleb Love(ARIZ),29 - 36,5252632,560672,561022,2024-03-16
2,17:18,2pt layup (2nd chance) (under the basket) made by Kwame Evans Jr.(ORE),29 - 34,5252632,560672,561022,2024-03-16
2,17:24,"2pt jump shot (2nd chance) (inside left) missed by Jackson Shelstad(ORE), rebound offensive Kwame Evans Jr.(ORE)",27 - 34,5252632,560672,561022,2024-03-16
2,17:38,"2pt layup (in the paint) missed by Jermaine Couisnard(ORE), rebound offensive N'Faly Dante(ORE)",27 - 34,5252632,560672,561022,2024-03-16
2,17:51,"2pt layup (blocked) (under the basket) missed by Keshad Johnson(ARIZ), block N'Faly Dante(ORE), rebound defensive N'Faly Dante(ORE)",27 - 34,5252632,560672,561022,2024-03-16
2,18:00,"3pt jump shot (outside right) missed by Jackson Shelstad(ORE), rebound defensive Oumar Ballo(ARIZ)",27 - 34,5252632,560672,561022,2024-03-16
2,18:23,"Free throw 2 of 2 missed by Oumar Ballo(ARIZ), rebound defensive Jackson Shelstad(ORE)",27 - 34,5252632,560672,561022,2024-03-16
2,18:23,Free throw 1 of 2 made by Oumar Ballo(ARIZ),27 - 34,5252632,560672,561022,2024-03-16
2,18:23,Foul personal (shooting;2 free throws) (under the basket) N'Faly Dante(ORE),27 - 33,5252632,560672,561022,2024-03-16
2,18:37,2pt floating jump shot (in the paint) made by Jermaine Couisnard(ORE),27 - 33,5252632,560672,561022,2024-03-16
2,18:59,"2pt floating jump shot (inside left) missed by Caleb Love(ARIZ), rebound defensive N'Faly Dante(ORE)",25 - 33,5252632,560672,561022,2024-03-16
2,19:10,"2pt layup (off turnover;fast break) (under the basket) made by Jackson Shelstad(ORE), assist Jermaine Couisnard(ORE)",25 - 33,5252632,560672,561022,2024-03-16
2,19:14,"Turnover lost ball (under the basket) Keshad Johnson(ARIZ), steal N'Faly Dante(ORE)",23 - 33,5252632,560672,561022,2024-03-16
2,19:28,"2pt layup (off turnover;blocked) (under the basket) missed by Kwame Evans Jr.(ORE), block Oumar Ballo(ARIZ), rebound defensive Oumar Ballo(ARIZ)",23 - 33,5252632,560672,561022,2024-03-16
2,19:49,Turnover out of bounds (outside right) Caleb Love(ARIZ),23 - 33,5252632,560672,561022,2024-03-16
2,20:00,Period start,23 - 33,5252632,560672,561022,2024-03-16
2,20:00,Substitution ORE: in Kwame Evans Jr.,23 - 33,5252632,560672,561022,2024-03-16
2,20:00,Substitution ORE: in Jackson Shelstad,23 - 33,5252632,560672,561022,2024-03-16
2,20:00,Substitution ORE: out Brennan Rigsby,23 - 33,5252632,560672,561022,2024-03-16
2,20:00,Substitution ORE: out Kario Oquendo,23 - 33,5252632,560672,561022,2024-03-16
2,20:00,Substitution ARIZ: in Caleb Love,23 - 33,5252632,560672,561022,2024-03-16
2,20:00,Substitution ARIZ: out Jaden Bradley,23 - 33,5252632,560672,561022,2024-03-16
1,00:00.00,Period end (confirmed),23 - 33,5252632,560672,561022,2024-03-16
1,00:00.80,"Turnover bad pass (inside left) Jermaine Couisnard(ORE), steal Keshad Johnson(ARIZ)",23 - 33,5252632,560672,561022,2024-03-16
1,00:01.30,Substitution ARIZ: in Oumar Ballo,23 - 33,5252632,560672,561022,2024-03-16
1,00:01.30,Substitution ARIZ: out KJ Lewis,23 - 33,5252632,560672,561022,2024-03-16
1,00:02.20,"Free throw 2 of 2 (fast break) missed by N'Faly Dante(ORE), rebound offensive (team) ORE",23 - 33,5252632,560672,561022,2024-03-16
1,00:02.20,Free throw 1 of 2 (fast break) made by N'Faly Dante(ORE),23 - 33,5252632,560672,561022,2024-03-16
1,00:02.20,Foul personal (shooting;2 free throws) (in the paint) Keshad Johnson(ARIZ),22 - 33,5252632,560672,561022,2024-03-16
1,00:08.20,"Free throw 2 of 2 missed by Keshad Johnson(ARIZ), rebound defensive N'Faly Dante(ORE)",22 - 33,5252632,560672,561022,2024-03-16
1,00:08.20,Substitution ARIZ: in KJ Lewis,22 - 33,5252632,560672,561022,2024-03-16
1,00:08.20,Substitution ARIZ: in Jaden Bradley,22 - 33,5252632,560672,561022,2024-03-16
1,00:08.20,Substitution ARIZ: out Oumar Ballo,22 - 33,5252632,560672,561022,2024-03-16
1,00:08.20,Substitution ARIZ: out Caleb Love,22 - 33,5252632,560672,561022,2024-03-16
1,00:08.20,Free throw 1 of 2 made by Keshad Johnson(ARIZ),22 - 33,5252632,560672,561022,2024-03-16
1,00:08.20,Foul personal (shooting;2 free throws) (under the basket) N'Faly Dante(ORE),22 - 32,5252632,560672,561022,2024-03-16
1,00:20.70,Substitution ARIZ: in Caleb Love,22 - 32,5252632,560672,561022,2024-03-16
1,00:20.70,Substitution ARIZ: out Jaden Bradley,22 - 32,5252632,560672,561022,2024-03-16
1,00:20.70,Timeout short ARIZ,22 - 32,5252632,560672,561022,2024-03-16
1,00:32.20,2pt floating jump shot (in the paint) made by Jermaine Couisnard(ORE),22 - 32,5252632,560672,561022,2024-03-16
1,00:40.60,"3pt jump shot (outside center) missed by Keshad Johnson(ARIZ), rebound defensive Jermaine Couisnard(ORE)",20 - 32,5252632,560672,561022,2024-03-16
1,01:05,2pt floating jump shot (off turnover) (in the paint) made by Jermaine Couisnard(ORE),20 - 32,5252632,560672,561022,2024-03-16
1,01:19,"Turnover lost ball Pelle Larsson(ARIZ), steal Brennan Rigsby(ORE)",18 - 32,5252632,560672,561022,2024-03-16
1,01:19,Jump ball held ball ORE,18 - 32,5252632,560672,561022,2024-03-16
1,01:29,"3pt jump shot (outside right) missed by Brennan Rigsby(ORE), rebound defensive Keshad Johnson(ARIZ)",18 - 32,5252632,560672,561022,2024-03-16
1,01:46,Free throw 2 of 2 made by Jaden Bradley(ARIZ),18 - 32,5252632,560672,561022,2024-03-16
1,01:46,Substitution ORE: in Brennan Rigsby,18 - 31,5252632,560672,561022,2024-03-16
1,01:46,Substitution ORE: out Jackson Shelstad,18 - 31,5252632,560672,561022,2024-03-16
1,01:46,Free throw 1 of 2 made by Jaden Bradley(ARIZ),18 - 31,5252632,560672,561022,2024-03-16
1,01:46,Foul personal (2 free throws) (outside center) Jackson Shelstad(ORE),18 - 30,5252632,560672,561022,2024-03-16
1,01:55,"3pt jump shot (outside left wing) missed by Kario Oquendo(ORE), rebound defensive Oumar Ballo(ARIZ)",18 - 30,5252632,560672,561022,2024-03-16
1,02:12,"Free throw 1 of 1 (fast break) missed by Keshad Johnson(ARIZ), rebound defensive Jackson Shelstad(ORE)",18 - 30,5252632,560672,561022,2024-03-16
1,02:13,Substitution ARIZ: in Oumar Ballo,18 - 30,5252632,560672,561022,2024-03-16
1,02:13,Substitution ARIZ: out Motiejus Krivas,18 - 30,5252632,560672,561022,2024-03-16
1,02:13,Foul personal (one and one) (under the basket) Jackson Shelstad(ORE),23 - 33,5252632,560672,561022,2024-03-16
1,02:19,"2pt step back jump shot (inside left) missed by Jermaine Couisnard(ORE), rebound defensive Motiejus Krivas(ARIZ)",18 - 30,5252632,560672,561022,2024-03-16
1,02:49,"2pt layup (2nd chance;blocked) (under the basket) missed by Motiejus Krivas(ARIZ), block N'Faly Dante(ORE), rebound defensive Jermaine Couisnard(ORE), rebound defensive N'Faly Dante(ORE), block Jackson Shelstad(ORE)",18 - 30,5252632,560672,561022,2024-03-16
1,02:54,"3pt jump shot (outside right) missed by Kylan Boswell(ARIZ), rebound offensive Pelle Larsson(ARIZ)",18 - 30,5252632,560672,561022,2024-03-16
1,03:08,"2pt dunk (in the paint) made by N'Faly Dante(ORE), assist Jermaine Couisnard(ORE)",18 - 30,5252632,560672,561022,2024-03-16
1,03:17,"2pt layup (off turnover;blocked) (in the paint) missed by Motiejus Krivas(ARIZ), block N'Faly Dante(ORE), rebound defensive N'Faly Dante(ORE)",16 - 30,5252632,560672,561022,2024-03-16
1,03:37,Substitution ARIZ: in Motiejus Krivas,16 - 30,5252632,560672,561022,2024-03-16
1,03:37,Substitution ARIZ: out Oumar Ballo,16 - 30,5252632,560672,561022,2024-03-16
1,03:37,Turnover lost ball (outside left) Jadrian Tracey(ORE),16 - 30,5252632,560672,561022,2024-03-16
1,03:47,"Free throw 2 of 2 (2nd chance;off turnover) missed by Oumar Ballo(ARIZ), rebound defensive N'Faly Dante(ORE)",16 - 30,5252632,560672,561022,2024-03-16
1,03:47,Free throw 1 of 2 (2nd chance;off turnover) made by Oumar Ballo(ARIZ),16 - 30,5252632,560672,561022,2024-03-16
1,03:47,Substitution ORE: in Jermaine Couisnard,16 - 29,5252632,560672,561022,2024-03-16
1,03:47,Substitution ORE: out Brennan Rigsby,16 - 29,5252632,560672,561022,2024-03-16
1,03:47,Timeout commercial,16 - 29,5252632,560672,561022,2024-03-16
1,03:47,"Foul personal (one and one) (in the paint) Brennan Rigsby(ORE), foul on Oumar Ballo(ARIZ)",16 - 29,5252632,560672,561022,2024-03-16
1,03:49,"2pt floating jump shot (off turnover) (inside left) missed by Pelle Larsson(ARIZ), rebound offensive (team) ARIZ",16 - 29,5252632,560672,561022,2024-03-16
1,04:16,Turnover travel (in the paint) Brennan Rigsby(ORE),16 - 29,5252632,560672,561022,2024-03-16
1,04:30,Substitution ARIZ: in Jaden Bradley,16 - 29,5252632,560672,561022,2024-03-16
1,04:30,Substitution ARIZ: out Caleb Love,16 - 29,5252632,560672,561022,2024-03-16
1,04:30,"Foul personal (outside right) Caleb Love(ARIZ), foul on Kario Oquendo(ORE)",16 - 29,5252632,560672,561022,2024-03-16
1,04:51,Free throw 2 of 2 (fast break) made by Kylan Boswell(ARIZ),16 - 29,5252632,560672,561022,2024-03-16
1,04:51,Substitution ORE: in Jadrian Tracey,16 - 28,5252632,560672,561022,2024-03-16
1,04:51,Substitution ORE: in Kario Oquendo,16 - 28,5252632,560672,561022,2024-03-16
1,04:51,Substitution ORE: out Kwame Evans Jr.,16 - 28,5252632,560672,561022,2024-03-16
1,04:51,Substitution ORE: out Jermaine Couisnard,16 - 28,5252632,560672,561022,2024-03-16
1,04:51,Free throw 1 of 2 (fast break) made by Kylan Boswell(ARIZ),16 - 28,5252632,560672,561022,2024-03-16
1,04:51,Foul personal (shooting;2 free throws) (under the basket) Kwame Evans Jr.(ORE),16 - 27,5252632,560672,561022,2024-03-16
1,04:59,"3pt jump shot (off turnover) (outside right) missed by Jermaine Couisnard(ORE), rebound defensive Kylan Boswell(ARIZ), rebound defensive Oumar Ballo(ARIZ)",16 - 27,5252632,560672,561022,2024-03-16
1,05:06,"Turnover bad pass (inside left) Caleb Love(ARIZ), steal Brennan Rigsby(ORE)",16 - 27,5252632,560672,561022,2024-03-16
1,05:28,2pt dunk (2nd chance;off turnover) (under the basket) made by N'Faly Dante(ORE),16 - 27,5252632,560672,561022,2024-03-16
1,05:31,"2pt layup (off turnover) (under the basket) missed by Jackson Shelstad(ORE), rebound offensive N'Faly Dante(ORE)",14 - 27,5252632,560672,561022,2024-03-16
1,05:37,"Turnover bad pass (outside center) Kylan Boswell(ARIZ), steal Kwame Evans Jr.(ORE)",14 - 27,5252632,560672,561022,2024-03-16
1,05:44,"2pt hook shot (off turnover) (inside right) missed by N'Faly Dante(ORE), rebound defensive Oumar Ballo(ARIZ)",14 - 27,5252632,560672,561022,2024-03-16
1,06:11,"Turnover lost ball (in the paint) Oumar Ballo(ARIZ), steal N'Faly Dante(ORE)",14 - 27,5252632,560672,561022,2024-03-16
1,06:29,Free throw 2 of 2 made by N'Faly Dante(ORE),14 - 27,5252632,560672,561022,2024-03-16
1,06:29,Substitution ARIZ: in Caleb Love,13 - 27,5252632,560672,561022,2024-03-16
1,06:29,Substitution ARIZ: out Jaden Bradley,13 - 27,5252632,560672,561022,2024-03-16
1,06:29,"Free throw 1 of 2 missed by N'Faly Dante(ORE), rebound offensive dead ball ORE",13 - 27,5252632,560672,561022,2024-03-16
1,06:29,Foul personal (shooting;2 free throws) (under the basket) Oumar Ballo(ARIZ),13 - 27,5252632,560672,561022,2024-03-16
1,06:29,2pt (under the basket) missed by N'Faly Dante(ORE),13 - 27,5252632,560672,561022,2024-03-16
1,06:52,"2pt layup (under the basket) made by Oumar Ballo(ARIZ), assist Kylan Boswell(ARIZ)",13 - 27,5252632,560672,561022,2024-03-16
1,07:07,"3pt jump shot (off turnover) (outside left) missed by Brennan Rigsby(ORE), rebound defensive Keshad Johnson(ARIZ)",13 - 25,5252632,560672,561022,2024-03-16
1,07:25,"Turnover bad pass (inside right) Pelle Larsson(ARIZ), steal N'Faly Dante(ORE)",13 - 25,5252632,560672,561022,2024-03-16
1,07:41,Substitution ORE: in Kwame Evans Jr.,13 - 25,5252632,560672,561022,2024-03-16
1,07:41,Substitution ORE: in N'Faly Dante,13 - 25,5252632,560672,561022,2024-03-16
1,07:41,Substitution ORE: out Jadrian Tracey,13 - 25,5252632,560672,561022,2024-03-16
1,07:41,Substitution ORE: out Kario Oquendo,13 - 25,5252632,560672,561022,2024-03-16
1,07:41,Substitution ARIZ: in Oumar Ballo,13 - 25,5252632,560672,561022,2024-03-16
1,07:41,Substitution ARIZ: out Motiejus Krivas,13 - 25,5252632,560672,561022,2024-03-16
1,07:41,Timeout commercial,13 - 25,5252632,560672,561022,2024-03-16
1,07:42,"3pt jump shot (outside center) missed by Jackson Shelstad(ORE), rebound defensive (team) ARIZ",13 - 25,5252632,560672,561022,2024-03-16
1,08:14,"2pt hook shot (off turnover) (in the paint) made by Motiejus Krivas(ARIZ), assist Kylan Boswell(ARIZ)",13 - 25,5252632,560672,561022,2024-03-16
1,08:28,"Turnover bad pass (inside center) Jadrian Tracey(ORE), steal Keshad Johnson(ARIZ)",13 - 23,5252632,560672,561022,2024-03-16
1,08:55,"Turnover lost ball (under the basket) Pelle Larsson(ARIZ), steal Brennan Rigsby(ORE)",13 - 23,5252632,560672,561022,2024-03-16
1,09:00,"Turnover bad pass (in the paint) Jadrian Tracey(ORE), steal Kylan Boswell(ARIZ)",13 - 23,5252632,560672,561022,2024-03-16
1,09:16,Free throw 2 of 2 (fast break;off turnover) made by Motiejus Krivas(ARIZ),13 - 23,5252632,560672,561022,2024-03-16
1,09:16,Free throw 1 of 2 (fast break;off turnover) made by Motiejus Krivas(ARIZ),13 - 22,5252632,560672,561022,2024-03-16
1,09:16,Foul personal (shooting;2 free throws) (under the basket) Kario Oquendo(ORE),13 - 21,5252632,560672,561022,2024-03-16
1,09:23,"Turnover bad pass (under the basket) Jadrian Tracey(ORE), steal Pelle Larsson(ARIZ)",13 - 21,5252632,560672,561022,2024-03-16
1,09:30,Substitution ARIZ: in Keshad Johnson,13 - 21,5252632,560672,561022,2024-03-16
1,09:30,Substitution ARIZ: out Caleb Love,13 - 21,5252632,560672,561022,2024-03-16
1,09:30,"Foul personal (in the paint) Caleb Love(ARIZ), foul on Jermaine Couisnard(ORE)",13 - 21,5252632,560672,561022,2024-03-16
1,09:43,Substitution ORE: in Jadrian Tracey,13 - 21,5252632,560672,561022,2024-03-16
1,09:43,Substitution ORE: out Kwame Evans Jr.,13 - 21,5252632,560672,561022,2024-03-16
1,10:04,"3pt jump shot (2nd chance;off turnover) (outside right) made by Pelle Larsson(ARIZ), assist Kylan Boswell(ARIZ)",13 - 21,5252632,560672,561022,2024-03-16
1,10:09,"Free throw 2 of 2 (off turnover) missed by Caleb Love(ARIZ), rebound offensive Motiejus Krivas(ARIZ)",13 - 18,5252632,560672,561022,2024-03-16
1,10:09,"Free throw 1 of 2 (off turnover) missed by Caleb Love(ARIZ), rebound offensive dead ball ARIZ",13 - 18,5252632,560672,561022,2024-03-16
1,10:09,Foul personal (shooting;2 free throws) (under the basket) Kwame Evans Jr.(ORE),13 - 18,5252632,560672,561022,2024-03-16
1,10:21,Turnover lost ball (in the paint) Brennan Rigsby(ORE),13 - 18,5252632,560672,561022,2024-03-16
1,10:29,"2pt layup (under the basket) missed by Jaden Bradley(ARIZ), rebound defensive Brennan Rigsby(ORE)",13 - 18,5252632,560672,561022,2024-03-16
1,10:37,"2pt floating jump shot (off turnover) (in the paint) missed by Jermaine Couisnard(ORE), rebound defensive Kylan Boswell(ARIZ)",13 - 18,5252632,560672,561022,2024-03-16
1,11:00,"Foul offensive (back court) Motiejus Krivas(ARIZ), turnover offensive Motiejus Krivas(ARIZ), foul on Kwame Evans Jr.(ORE)",13 - 18,5252632,560672,561022,2024-03-16
1,11:23,Substitution ARIZ: in Kylan Boswell,13 - 18,5252632,560672,561022,2024-03-16
1,11:23,Substitution ARIZ: out Keshad Johnson,13 - 18,5252632,560672,561022,2024-03-16
1,11:23,Timeout commercial,13 - 18,5252632,560672,561022,2024-03-16
1,11:23,"Foul personal (back court) Brennan Rigsby(ORE), foul on Caleb Love(ARIZ)",13 - 18,5252632,560672,561022,2024-03-16
1,11:25,"2pt step back jump shot (blocked) (inside right) missed by Jackson Shelstad(ORE), block Keshad Johnson(ARIZ), rebound defensive Caleb Love(ARIZ)",13 - 18,5252632,560672,561022,2024-03-16
1,11:46,2pt jump shot (2nd chance) (inside left) made by Jaden Bradley(ARIZ),13 - 18,5252632,560672,561022,2024-03-16
1,11:50,"2pt hook shot (in the paint) missed by Motiejus Krivas(ARIZ), rebound offensive Jaden Bradley(ARIZ)",13 - 16,5252632,560672,561022,2024-03-16
1,12:10,Free throw 2 of 2 made by Jackson Shelstad(ORE),13 - 16,5252632,560672,561022,2024-03-16
1,12:10,Substitution ORE: in Brennan Rigsby,12 - 16,5252632,560672,561022,2024-03-16
1,12:10,Substitution ORE: out Jadrian Tracey,12 - 16,5252632,560672,561022,2024-03-16
1,12:10,Substitution ARIZ: in Motiejus Krivas,12 - 16,5252632,560672,561022,2024-03-16
1,12:10,Substitution ARIZ: in Pelle Larsson,12 - 16,5252632,560672,561022,2024-03-16
1,12:10,Substitution ARIZ: out Oumar Ballo,12 - 16,5252632,560672,561022,2024-03-16
1,12:10,Substitution ARIZ: out KJ Lewis,12 - 16,5252632,560672,561022,2024-03-16
1,12:10,Free throw 1 of 2 made by Jackson Shelstad(ORE),12 - 16,5252632,560672,561022,2024-03-16
1,12:12,Foul personal (shooting;2 free throws) (inside center) KJ Lewis(ARIZ),11 - 16,5252632,560672,561022,2024-03-16
1,12:38,"3pt jump shot (fast break) (outside right) made by Caleb Love(ARIZ), assist Jaden Bradley(ARIZ)",11 - 16,5252632,560672,561022,2024-03-16
1,12:44,"2pt layup (2nd chance) (under the basket) made by Kwame Evans Jr.(ORE), assist Jadrian Tracey(ORE)",11 - 13,5252632,560672,561022,2024-03-16
1,12:52,"3pt jump shot (outside center) missed by Kwame Evans Jr.(ORE), rebound offensive Jadrian Tracey(ORE)",9 - 13,5252632,560672,561022,2024-03-16
1,13:06,"2pt layup (under the basket) made by Oumar Ballo(ARIZ), assist KJ Lewis(ARIZ)",9 - 13,5252632,560672,561022,2024-03-16
1,13:23,"2pt hook shot (under the basket) made by Kwame Evans Jr.(ORE), assist Jermaine Couisnard(ORE)",9 - 11,5252632,560672,561022,2024-03-16
1,13:25,Substitution ARIZ: in Jaden Bradley,7 - 11,5252632,560672,561022,2024-03-16
1,13:25,Substitution ARIZ: out Kylan Boswell,7 - 11,5252632,560672,561022,2024-03-16
1,13:25,"Foul personal (outside right) KJ Lewis(ARIZ), foul on Jermaine Couisnard(ORE)",7 - 11,5252632,560672,561022,2024-03-16
1,13:33,"3pt jump shot (outside left) missed by KJ Lewis(ARIZ), rebound defensive Jadrian Tracey(ORE)",7 - 11,5252632,560672,561022,2024-03-16
1,13:44,"3pt jump shot (outside right) missed by Jermaine Couisnard(ORE), rebound defensive Oumar Ballo(ARIZ)",7 - 11,5252632,560672,561022,2024-03-16
1,14:09,2pt jump shot (inside left) made by Kylan Boswell(ARIZ),7 - 11,5252632,560672,561022,2024-03-16
1,14:33,"3pt jump shot (outside right) missed by Jadrian Tracey(ORE), rebound defensive Oumar Ballo(ARIZ)",7 - 9,5252632,560672,561022,2024-03-16
1,14:52,"Free throw 1 of 1 missed by Oumar Ballo(ARIZ), rebound defensive Jadrian Tracey(ORE)",7 - 9,5252632,560672,561022,2024-03-16
1,14:52,Substitution ORE: in Kwame Evans Jr.,7 - 9,5252632,560672,561022,2024-03-16
1,14:52,Substitution ORE: out Mahamadou Diawara,7 - 9,5252632,560672,561022,2024-03-16
1,14:52,Foul personal (shooting;1 free throw) (in the paint) Mahamadou Diawara(ORE),7 - 9,5252632,560672,561022,2024-03-16
1,14:52,"2pt layup (in the paint) made by Oumar Ballo(ARIZ), assist Caleb Love(ARIZ)",7 - 9,5252632,560672,561022,2024-03-16
1,15:14,Substitution ARIZ: in KJ Lewis,7 - 7,5252632,560672,561022,2024-03-16
1,15:14,Substitution ARIZ: out Pelle Larsson,7 - 7,5252632,560672,561022,2024-03-16
1,15:14,"Foul personal (back court) Jadrian Tracey(ORE), foul on Oumar Ballo(ARIZ)",7 - 7,5252632,560672,561022,2024-03-16
1,15:14,Foul (under the basket) ARIZ,7 - 7,5252632,560672,561022,2024-03-16
1,15:17,"3pt jump shot (outside left) missed by Jackson Shelstad(ORE), rebound defensive Oumar Ballo(ARIZ)",7 - 7,5252632,560672,561022,2024-03-16
1,15:45,"2pt dunk (under the basket) made by Oumar Ballo(ARIZ), assist Pelle Larsson(ARIZ)",7 - 7,5252632,560672,561022,2024-03-16
1,15:52,Substitution ORE: in Kario Oquendo,7 - 5,5252632,560672,561022,2024-03-16
1,15:52,Substitution ORE: out Kwame Evans Jr.,7 - 5,5252632,560672,561022,2024-03-16
1,15:52,Timeout commercial,7 - 5,5252632,560672,561022,2024-03-16
1,15:53,"3pt jump shot (outside right) missed by Kwame Evans Jr.(ORE), rebound defensive (team) ARIZ",7 - 5,5252632,560672,561022,2024-03-16
1,16:18,"3pt jump shot (outside center) missed by Caleb Love(ARIZ), rebound defensive (team) ORE, rebound defensive Jackson Shelstad(ORE)",7 - 5,5252632,560672,561022,2024-03-16
1,16:27,"2pt pull up jump shot (inside center) missed by Jermaine Couisnard(ORE), rebound defensive Oumar Ballo(ARIZ)",7 - 5,5252632,560672,561022,2024-03-16
1,16:47,"2pt pull up jump shot (2nd chance) (inside left) missed by Kylan Boswell(ARIZ), rebound defensive Jadrian Tracey(ORE)",7 - 5,5252632,560672,561022,2024-03-16
1,16:56,"Foul personal (in the paint) Jackson Shelstad(ORE), foul on Oumar Ballo(ARIZ)",7 - 5,5252632,560672,561022,2024-03-16
1,17:02,"3pt jump shot (outside center) missed by Keshad Johnson(ARIZ), rebound offensive Oumar Ballo(ARIZ)",7 - 5,5252632,560672,561022,2024-03-16
1,17:10,2pt driving layup (2nd chance) (under the basket) made by Jackson Shelstad(ORE),7 - 5,5252632,560672,561022,2024-03-16
1,17:24,"2pt layup (blocked) (under the basket) missed by Jadrian Tracey(ORE), block Pelle Larsson(ARIZ), rebound offensive (team) ORE",5 - 5,5252632,560672,561022,2024-03-16
1,17:32,"2pt floating jump shot (inside center) missed by Caleb Love(ARIZ), rebound defensive Jadrian Tracey(ORE)",5 - 5,5252632,560672,561022,2024-03-16
1,17:51,"3pt jump shot (outside right) missed by Jackson Shelstad(ORE), rebound defensive (team) ARIZ",5 - 5,5252632,560672,561022,2024-03-16
1,18:21,"3pt jump shot (outside left) made by Pelle Larsson(ARIZ), assist Keshad Johnson(ARIZ)",5 - 5,5252632,560672,561022,2024-03-16
1,18:34,"3pt jump shot (outside left) made by Jermaine Couisnard(ORE), assist Jackson Shelstad(ORE)",5 - 2,5252632,560672,561022,2024-03-16
1,18:58,Substitution ORE: in Mahamadou Diawara,2 - 2,5252632,560672,561022,2024-03-16
1,18:58,Substitution ORE: out N'Faly Dante,2 - 2,5252632,560672,561022,2024-03-16
1,19:02,"2pt dunk (under the basket) made by Oumar Ballo(ARIZ), assist Keshad Johnson(ARIZ)",2 - 2,5252632,560672,561022,2024-03-16
1,19:13,"2pt hook shot (in the paint) made by N'Faly Dante(ORE), assist Jermaine Couisnard(ORE)",2 - 0,5252632,560672,561022,2024-03-16
1,19:26,"3pt jump shot (2nd chance) (outside right) missed by Caleb Love(ARIZ), rebound defensive Kwame Evans Jr.(ORE)",0 - 0,5252632,560672,561022,2024-03-16
1,19:39,"2pt jump shot (2nd chance;blocked) (inside left) missed by Caleb Love(ARIZ), block Jackson Shelstad(ORE), rebound offensive (team) ARIZ",0 - 0,5252632,560672,561022,2024-03-16
1,19:41,"2pt layup (blocked) (in the paint) missed by Kylan Boswell(ARIZ), block Jackson Shelstad(ORE), rebound offensive (team) ARIZ",0 - 0,5252632,560672,561022,2024-03-16
1,20:00,"Jump ball start period, won Oumar Ballo(ARIZ), lost N'Faly Dante(ORE)",0 - 0,5252632,560672,561022,2024-03-16
1,20:00,Period start,0 - 0,5252632,560672,561022,2024-03-16
1,20:00,Game start,0 - 0,5252632,560672,561022,2024-03-16
2,19:32,"Free throw 1 of 2 (off turnover) missed by Tyon Grant-Foster(Grand Canyon), rebound offensive dead ball Grand Canyon",34 - 32,5252520,560614,560620,2024-03-16
2,19:32,Foul personal (shooting;2 free throws) (in the paint) Brandton Chatfield(Seattle U),34 - 32,5252520,560614,560620,2024-03-16
2,19:46,Turnover (back court) Seattle U,34 - 32,5252520,560614,560620,2024-03-16
2,19:46,Turnover other (team) (back court) Seattle U,34 - 32,5252520,560614,560620,2024-03-16
2,20:00,Period start,34 - 32,5252520,560614,560620,2024-03-16
2,20:00,Substitution Seattle U: in Brandton Chatfield,34 - 32,5252520,560614,560620,2024-03-16
2,20:00,Substitution Seattle U: out Kobe Williamson,34 - 32,5252520,560614,560620,2024-03-16
2,20:00,Substitution Grand Canyon: in Gabe McGlothan,34 - 32,5252520,560614,560620,2024-03-16
2,20:00,Substitution Grand Canyon: in Collin Moore,34 - 32,5252520,560614,560620,2024-03-16
2,20:00,Substitution Grand Canyon: out Jovan Blacksher Jr.,34 - 32,5252520,560614,560620,2024-03-16
2,20:00,Substitution Grand Canyon: out Lok Wur,34 - 32,5252520,560614,560620,2024-03-16
1,00:00.00,Period end (confirmed),34 - 32,5252520,560614,560620,2024-03-16
1,07:10,Substitution Seattle U: in Seyi Reiley,34 - 32,5252520,560614,560620,2024-03-16
1,07:10,Substitution Seattle U: out Kobe Williamson,34 - 32,5252520,560614,560620,2024-03-16
1,00:00.10,"2pt layup (2nd chance;blocked) (under the basket) missed by Kobe Williamson(Seattle U), block Lok Wur(Grand Canyon), rebound defensive (team) Grand Canyon",34 - 32,5252520,560614,560620,2024-03-16
1,00:02.20,"3pt jump shot (outside center) missed by Alex Schumacher(Seattle U), rebound offensive Kobe Williamson(Seattle U)",34 - 32,5252520,560614,560620,2024-03-16
1,00:21.10,"2pt layup (2nd chance;blocked) (under the basket) missed by Tyon Grant-Foster(Grand Canyon), block Kobe Williamson(Seattle U), rebound defensive Kobe Williamson(Seattle U)",34 - 32,5252520,560614,560620,2024-03-16
1,00:26.20,"2pt turnaround jump shot (inside right) missed by Ray Harrison(Grand Canyon), rebound offensive Tyon Grant-Foster(Grand Canyon)",34 - 32,5252520,560614,560620,2024-03-16
1,00:42.30,2pt driving layup (in the paint) made by Alex Schumacher(Seattle U),34 - 32,5252520,560614,560620,2024-03-16
1,00:48.10,Substitution Seattle U: in Cameron Tyson,32 - 32,5252520,560614,560620,2024-03-16
1,00:48.10,Substitution Seattle U: out Paris Dawson,32 - 32,5252520,560614,560620,2024-03-16
1,00:50.40,"2pt dunk (under the basket) made by Tyon Grant-Foster(Grand Canyon), assist Jovan Blacksher Jr.(Grand Canyon)",32 - 32,5252520,560614,560620,2024-03-16
1,00:51.80,Substitution Seattle U: in Seyi Reiley,32 - 30,5252520,560614,560620,2024-03-16
1,00:51.80,Substitution Seattle U: out Viktor Rajković,32 - 30,5252520,560614,560620,2024-03-16
1,00:51.80,Substitution Grand Canyon: in Tyon Grant-Foster,32 - 30,5252520,560614,560620,2024-03-16
1,00:51.80,Substitution Grand Canyon: out Josh Baker,32 - 30,5252520,560614,560620,2024-03-16
1,00:57.40,"2pt driving layup (in the paint) missed by Alex Schumacher(Seattle U), rebound defensive Duke Brennan(Grand Canyon)",32 - 30,5252520,560614,560620,2024-03-16
1,01:11,Free throw 2 of 2 made by Jovan Blacksher Jr.(Grand Canyon),32 - 30,5252520,560614,560620,2024-03-16
1,01:11,Free throw 1 of 2 made by Jovan Blacksher Jr.(Grand Canyon),32 - 29,5252520,560614,560620,2024-03-16
1,01:11,Foul personal (shooting;2 free throws) (in the paint) Viktor Rajković(Seattle U),32 - 28,5252520,560614,560620,2024-03-16
1,01:20,"3pt jump shot (off turnover) (outside center) missed by Kobe Williamson(Seattle U), rebound defensive Josh Baker(Grand Canyon)",32 - 28,5252520,560614,560620,2024-03-16
1,01:32,Substitution Grand Canyon: in Duke Brennan,32 - 28,5252520,560614,560620,2024-03-16
1,01:32,Substitution Grand Canyon: out Gabe McGlothan,32 - 28,5252520,560614,560620,2024-03-16
1,01:32,Substitution Seattle U: in Viktor Rajković,32 - 28,5252520,560614,560620,2024-03-16
1,01:32,Substitution Seattle U: out Seyi Reiley,32 - 28,5252520,560614,560620,2024-03-16
1,01:32,Substitution Grand Canyon: in Josh Baker,32 - 28,5252520,560614,560620,2024-03-16
1,01:32,Substitution Grand Canyon: out Tyon Grant-Foster,32 - 28,5252520,560614,560620,2024-03-16
1,01:32,Substitution Seattle U: in Kobe Williamson,32 - 28,5252520,560614,560620,2024-03-16
1,01:32,Substitution Seattle U: out Brandton Chatfield,32 - 28,5252520,560614,560620,2024-03-16
1,01:32,Turnover shot clock (team) (outside left) Grand Canyon,32 - 28,5252520,560614,560620,2024-03-16
1,01:34,"3pt jump shot (outside left) missed by Jovan Blacksher Jr.(Grand Canyon), rebound offensive (team) Grand Canyon",32 - 28,5252520,560614,560620,2024-03-16
1,02:06,"2pt dunk (off turnover;fast break) (under the basket) made by Seyi Reiley(Seattle U), assist Paris Dawson(Seattle U)",32 - 28,5252520,560614,560620,2024-03-16
1,02:12,"Turnover bad pass (in the paint) Ray Harrison(Grand Canyon), steal Paris Dawson(Seattle U)",30 - 28,5252520,560614,560620,2024-03-16
1,02:19,"2pt jump shot (inside right) missed by Alex Schumacher(Seattle U), rebound defensive Ray Harrison(Grand Canyon)",30 - 28,5252520,560614,560620,2024-03-16
1,02:50,"3pt jump shot (outside center) missed by Gabe McGlothan(Grand Canyon), rebound defensive Brandton Chatfield(Seattle U)",30 - 28,5252520,560614,560620,2024-03-16
1,03:13,2pt step back jump shot (2nd chance) (inside center) made by Alex Schumacher(Seattle U),30 - 28,5252520,560614,560620,2024-03-16
1,03:26,"3pt jump shot (2nd chance) (outside center) missed by John Christofilis(Seattle U), rebound offensive Seyi Reiley(Seattle U)",28 - 28,5252520,560614,560620,2024-03-16
1,03:31,"2pt pull up jump shot (inside center) missed by Alex Schumacher(Seattle U), rebound offensive Paris Dawson(Seattle U)",28 - 28,5252520,560614,560620,2024-03-16
1,03:50,"Free throw 1 of 1 missed by Tyon Grant-Foster(Grand Canyon), rebound defensive Paris Dawson(Seattle U)",28 - 28,5252520,560614,560620,2024-03-16
1,03:50,Substitution Seattle U: in John Christofilis,28 - 28,5252520,560614,560620,2024-03-16
1,03:50,Substitution Seattle U: out Cameron Tyson,28 - 28,5252520,560614,560620,2024-03-16
1,03:50,Substitution Grand Canyon: in Jovan Blacksher Jr.,28 - 28,5252520,560614,560620,2024-03-16
1,03:50,Substitution Grand Canyon: in Lok Wur,28 - 28,5252520,560614,560620,2024-03-16
1,03:50,Substitution Grand Canyon: out Duke Brennan,28 - 28,5252520,560614,560620,2024-03-16
1,03:50,Substitution Grand Canyon: out Collin Moore,28 - 28,5252520,560614,560620,2024-03-16
1,03:50,Timeout commercial,28 - 28,5252520,560614,560620,2024-03-16
1,03:50,Foul personal (shooting;1 free throw) (outside center) Alex Schumacher(Seattle U),28 - 28,5252520,560614,560620,2024-03-16
1,03:50,3pt pull up jump shot (outside center) made by Tyon Grant-Foster(Grand Canyon),28 - 28,5252520,560614,560620,2024-03-16
1,04:11,"2pt dunk (off turnover;fast break) (under the basket) made by Seyi Reiley(Seattle U), assist Alex Schumacher(Seattle U)",28 - 25,5252520,560614,560620,2024-03-16
1,04:15,"Turnover bad pass (outside center) Ray Harrison(Grand Canyon), steal Alex Schumacher(Seattle U)",26 - 25,5252520,560614,560620,2024-03-16
1,04:32,"2pt layup (in the paint) made by Brandton Chatfield(Seattle U), assist Alex Schumacher(Seattle U)",26 - 25,5252520,560614,560620,2024-03-16
1,04:54,"3pt jump shot (outside left) made by Ray Harrison(Grand Canyon), assist Duke Brennan(Grand Canyon)",24 - 25,5252520,560614,560620,2024-03-16
1,05:17,"3pt jump shot (outside left) made by Cameron Tyson(Seattle U), assist Alex Schumacher(Seattle U)",24 - 22,5252520,560614,560620,2024-03-16
1,05:27,"3pt jump shot (outside left wing) missed by Gabe McGlothan(Grand Canyon), rebound defensive Cameron Tyson(Seattle U)",21 - 22,5252520,560614,560620,2024-03-16
1,05:42,Timeout short Grand Canyon,21 - 22,5252520,560614,560620,2024-03-16
1,05:48,"2pt dunk (off turnover) (under the basket) made by Brandton Chatfield(Seattle U), assist Cameron Tyson(Seattle U)",21 - 22,5252520,560614,560620,2024-03-16
1,06:11,Turnover travel (inside right) Gabe McGlothan(Grand Canyon),19 - 22,5252520,560614,560620,2024-03-16
1,06:33,"3pt jump shot (outside right) made by Alex Schumacher(Seattle U), assist Brandton Chatfield(Seattle U)",19 - 22,5252520,560614,560620,2024-03-16
1,06:36,Substitution Seattle U: in Cameron Tyson,16 - 22,5252520,560614,560620,2024-03-16
1,06:36,Substitution Seattle U: out John Christofilis,16 - 22,5252520,560614,560620,2024-03-16
1,06:36,"Foul personal (inside right) Duke Brennan(Grand Canyon), foul on Alex Schumacher(Seattle U)",16 - 22,5252520,560614,560620,2024-03-16
1,06:46,3pt jump shot (fast break) (outside right) made by Tyon Grant-Foster(Grand Canyon),16 - 22,5252520,560614,560620,2024-03-16
1,06:54,"2pt hook shot (in the paint) missed by Brandton Chatfield(Seattle U), rebound defensive Gabe McGlothan(Grand Canyon)",16 - 19,5252520,560614,560620,2024-03-16
1,07:10,Substitution Grand Canyon: in Gabe McGlothan,16 - 19,5252520,560614,560620,2024-03-16
1,07:10,Substitution Grand Canyon: out Lok Wur,34 - 32,5252520,560614,560620,2024-03-16
1,07:10,Free throw 2 of 2 made by Lok Wur(Grand Canyon),16 - 19,5252520,560614,560620,2024-03-16
1,07:10,Substitution Seattle U: in Paris Dawson,16 - 18,5252520,560614,560620,2024-03-16
1,07:10,Substitution Seattle U: out Vasja Pandža,16 - 18,5252520,560614,560620,2024-03-16
1,07:10,Substitution Grand Canyon: in Collin Moore,16 - 18,5252520,560614,560620,2024-03-16
1,07:10,Substitution Grand Canyon: out Jovan Blacksher Jr.,16 - 18,5252520,560614,560620,2024-03-16
1,07:10,Free throw 1 of 2 made by Lok Wur(Grand Canyon),16 - 18,5252520,560614,560620,2024-03-16
1,07:10,Foul personal (shooting;2 free throws) (in the paint) Brandton Chatfield(Seattle U),16 - 17,5252520,560614,560620,2024-03-16
1,07:27,2pt pull up jump shot (inside right) made by Alex Schumacher(Seattle U),16 - 17,5252520,560614,560620,2024-03-16
1,07:39,Substitution Seattle U: in Brandton Chatfield,14 - 17,5252520,560614,560620,2024-03-16
1,07:39,Substitution Seattle U: in Seyi Reiley,14 - 17,5252520,560614,560620,2024-03-16
1,07:39,Substitution Seattle U: out Cameron Tyson,14 - 17,5252520,560614,560620,2024-03-16
1,07:39,Substitution Seattle U: out Kobe Williamson,14 - 17,5252520,560614,560620,2024-03-16
1,09:00,Substitution Seattle U: in Cameron Tyson,14 - 17,5252520,560614,560620,2024-03-16
1,09:00,Substitution Seattle U: out Brandton Chatfield,14 - 17,5252520,560614,560620,2024-03-16
1,09:00,Substitution Seattle U: in Vasja Pandža,14 - 17,5252520,560614,560620,2024-03-16
1,09:00,Substitution Seattle U: out Cameron Tyson,14 - 17,5252520,560614,560620,2024-03-16
1,07:39,Timeout commercial,14 - 17,5252520,560614,560620,2024-03-16
1,07:39,Timeout short Seattle U,14 - 17,5252520,560614,560620,2024-03-16
1,07:39,2pt layup (off turnover;fast break) (under the basket) made by Ray Harrison(Grand Canyon),14 - 17,5252520,560614,560620,2024-03-16
1,07:44,"Turnover lost ball (in the paint) Kobe Williamson(Seattle U), steal Tyon Grant-Foster(Grand Canyon)",14 - 15,5252520,560614,560620,2024-03-16
1,08:06,"3pt step back jump shot (outside left) missed by Ray Harrison(Grand Canyon), rebound defensive Brandton Chatfield(Seattle U)",14 - 15,5252520,560614,560620,2024-03-16
1,08:21,"3pt jump shot (2nd chance) (outside right) missed by Kobe Williamson(Seattle U), rebound defensive Lok Wur(Grand Canyon)",14 - 15,5252520,560614,560620,2024-03-16
1,08:29,"2pt pull up jump shot (blocked) (inside left) missed by John Christofilis(Seattle U), block Tyon Grant-Foster(Grand Canyon), rebound defensive Tyon Grant-Foster(Grand Canyon), rebound offensive (team) Seattle U",14 - 15,5252520,560614,560620,2024-03-16
1,08:45,"2pt layup (off turnover) (in the paint) made by Duke Brennan(Grand Canyon), assist Ray Harrison(Grand Canyon)",14 - 15,5252520,560614,560620,2024-03-16
1,09:00,Substitution Seattle U: in Brandton Chatfield,14 - 17,5252520,560614,560620,2024-03-16
1,09:00,Substitution Seattle U: out Seyi Reiley,14 - 17,5252520,560614,560620,2024-03-16
1,09:00,Substitution Seattle U: in Vasja Pandža,14 - 17,5252520,560614,560620,2024-03-16
1,09:00,Substitution Seattle U: out Cameron Tyson,14 - 17,5252520,560614,560620,2024-03-16
1,09:00,"Foul offensive (back court) Cameron Tyson(Seattle U), turnover offensive Cameron Tyson(Seattle U), foul on Ray Harrison(Grand Canyon)",14 - 13,5252520,560614,560620,2024-03-16
1,09:17,"3pt jump shot (outside right) missed by Jovan Blacksher Jr.(Grand Canyon), rebound defensive Alex Schumacher(Seattle U)",14 - 13,5252520,560614,560620,2024-03-16
1,09:28,"2pt layup (off turnover) (in the paint) missed by Kobe Williamson(Seattle U), rebound defensive Lok Wur(Grand Canyon)",14 - 13,5252520,560614,560620,2024-03-16
1,09:35,"Turnover lost ball (outside center) Tyon Grant-Foster(Grand Canyon), steal John Christofilis(Seattle U)",14 - 13,5252520,560614,560620,2024-03-16
1,09:39,"Turnover lost ball (inside center) Cameron Tyson(Seattle U), steal Tyon Grant-Foster(Grand Canyon)",14 - 13,5252520,560614,560620,2024-03-16
1,09:58,"3pt jump shot (off turnover) (outside left wing) made by Lok Wur(Grand Canyon), assist Jovan Blacksher Jr.(Grand Canyon)",14 - 13,5252520,560614,560620,2024-03-16
1,10:18,"Turnover bad pass (outside right) Alex Schumacher(Seattle U), steal Lok Wur(Grand Canyon)",14 - 10,5252520,560614,560620,2024-03-16
1,10:35,"2pt pull up jump shot (in the paint) missed by Lok Wur(Grand Canyon), rebound defensive Cameron Tyson(Seattle U)",14 - 10,5252520,560614,560620,2024-03-16
1,10:55,"2pt layup (off turnover) (under the basket) made by Seyi Reiley(Seattle U), assist Kobe Williamson(Seattle U)",14 - 10,5252520,560614,560620,2024-03-16
1,11:10,Substitution Seattle U: in Alex Schumacher,12 - 10,5252520,560614,560620,2024-03-16
1,11:10,Substitution Seattle U: out Paris Dawson,12 - 10,5252520,560614,560620,2024-03-16
1,11:10,Substitution Grand Canyon: in Duke Brennan,12 - 10,5252520,560614,560620,2024-03-16
1,11:10,Substitution Grand Canyon: in Ray Harrison,12 - 10,5252520,560614,560620,2024-03-16
1,11:10,Substitution Grand Canyon: out Gabe McGlothan,12 - 10,5252520,560614,560620,2024-03-16
1,11:10,Substitution Grand Canyon: out Collin Moore,12 - 10,5252520,560614,560620,2024-03-16
1,11:10,"Foul offensive (back court) Collin Moore(Grand Canyon), turnover offensive Collin Moore(Grand Canyon), foul on John Christofilis(Seattle U)",12 - 10,5252520,560614,560620,2024-03-16
1,11:27,"Foul offensive (back court) Kobe Williamson(Seattle U), turnover offensive Kobe Williamson(Seattle U), foul on Gabe McGlothan(Grand Canyon)",12 - 10,5252520,560614,560620,2024-03-16
1,11:51,"2pt layup (under the basket) missed by Tyon Grant-Foster(Grand Canyon), rebound defensive Seyi Reiley(Seattle U)",12 - 10,5252520,560614,560620,2024-03-16
1,11:54,Substitution Seattle U: in Seyi Reiley,12 - 10,5252520,560614,560620,2024-03-16
1,11:54,Substitution Seattle U: in Cameron Tyson,12 - 10,5252520,560614,560620,2024-03-16
1,11:54,Substitution Seattle U: out Viktor Rajković,12 - 10,5252520,560614,560620,2024-03-16
1,11:54,Substitution Seattle U: out Alex Schumacher,12 - 10,5252520,560614,560620,2024-03-16
1,11:54,Substitution Grand Canyon: in Collin Moore,12 - 10,5252520,560614,560620,2024-03-16
1,11:54,Substitution Grand Canyon: out Ray Harrison,12 - 10,5252520,560614,560620,2024-03-16
1,11:54,Timeout commercial,12 - 10,5252520,560614,560620,2024-03-16
1,11:54,"Foul personal (in the paint) Paris Dawson(Seattle U), foul on Tyon Grant-Foster(Grand Canyon)",12 - 10,5252520,560614,560620,2024-03-16
1,12:02,"3pt jump shot (outside left) missed by John Christofilis(Seattle U), rebound defensive Tyon Grant-Foster(Grand Canyon)",12 - 10,5252520,560614,560620,2024-03-16
1,12:09,"2pt pull up jump shot (2nd chance) (in the paint) missed by Tyon Grant-Foster(Grand Canyon), rebound defensive Viktor Rajković(Seattle U)",12 - 10,5252520,560614,560620,2024-03-16
1,12:17,Jump ball held ball Grand Canyon,12 - 10,5252520,560614,560620,2024-03-16
1,12:20,"2pt jump shot (off turnover) (inside right) missed by Ray Harrison(Grand Canyon), rebound offensive Gabe McGlothan(Grand Canyon)",12 - 10,5252520,560614,560620,2024-03-16
1,12:35,"Turnover lost ball (in the paint) Kobe Williamson(Seattle U), steal Gabe McGlothan(Grand Canyon)",12 - 10,5252520,560614,560620,2024-03-16
1,12:52,"3pt jump shot (off turnover) (outside center) missed by Gabe McGlothan(Grand Canyon), rebound defensive Paris Dawson(Seattle U)",12 - 10,5252520,560614,560620,2024-03-16
1,12:59,"Turnover lost ball (outside left) Alex Schumacher(Seattle U), steal Jovan Blacksher Jr.(Grand Canyon)",12 - 10,5252520,560614,560620,2024-03-16
1,13:09,Substitution Seattle U: in Viktor Rajković,12 - 10,5252520,560614,560620,2024-03-16
1,13:09,Substitution Seattle U: out Seyi Reiley,12 - 10,5252520,560614,560620,2024-03-16
1,13:09,Substitution Seattle U: in John Christofilis,12 - 10,5252520,560614,560620,2024-03-16
1,13:09,Substitution Seattle U: out Cameron Tyson,12 - 10,5252520,560614,560620,2024-03-16
1,13:09,Substitution Grand Canyon: in Jovan Blacksher Jr.,12 - 10,5252520,560614,560620,2024-03-16
1,13:09,Substitution Grand Canyon: in Lok Wur,12 - 10,5252520,560614,560620,2024-03-16
1,13:09,Substitution Grand Canyon: out Duke Brennan,12 - 10,5252520,560614,560620,2024-03-16
1,13:09,Substitution Grand Canyon: out Collin Moore,12 - 10,5252520,560614,560620,2024-03-16
1,13:09,"Foul offensive (back court) Ray Harrison(Grand Canyon), turnover offensive Ray Harrison(Grand Canyon), foul on Paris Dawson(Seattle U)",12 - 10,5252520,560614,560620,2024-03-16
1,13:14,"3pt jump shot (outside right) missed by Collin Moore(Grand Canyon), rebound offensive Gabe McGlothan(Grand Canyon)",12 - 10,5252520,560614,560620,2024-03-16
1,13:42,"2pt layup (off turnover;fast break) (under the basket) made by Cameron Tyson(Seattle U), assist Seyi Reiley(Seattle U)",12 - 10,5252520,560614,560620,2024-03-16
1,13:49,"Turnover bad pass (in the paint) Collin Moore(Grand Canyon), steal Kobe Williamson(Seattle U)",10 - 10,5252520,560614,560620,2024-03-16
1,14:00,"3pt step back jump shot (outside center) missed by Cameron Tyson(Seattle U), rebound defensive Gabe McGlothan(Grand Canyon)",10 - 10,5252520,560614,560620,2024-03-16
1,14:25,"2pt layup (under the basket) made by Duke Brennan(Grand Canyon), assist Collin Moore(Grand Canyon)",10 - 10,5252520,560614,560620,2024-03-16
1,14:41,2pt hook shot (in the paint) made by Kobe Williamson(Seattle U),10 - 8,5252520,560614,560620,2024-03-16
1,14:56,"3pt jump shot (outside right) missed by Tyon Grant-Foster(Grand Canyon), rebound defensive Alex Schumacher(Seattle U)",8 - 8,5252520,560614,560620,2024-03-16
1,14:58,"Foul personal (inside right) Seyi Reiley(Seattle U), foul on Tyon Grant-Foster(Grand Canyon)",8 - 8,5252520,560614,560620,2024-03-16
1,15:13,Free throw 3 of 3 made by Alex Schumacher(Seattle U),8 - 8,5252520,560614,560620,2024-03-16
1,15:13,Substitution Seattle U: in Kobe Williamson,7 - 8,5252520,560614,560620,2024-03-16
1,15:13,Substitution Seattle U: in Paris Dawson,7 - 8,5252520,560614,560620,2024-03-16
1,15:13,Substitution Seattle U: out Brandton Chatfield,7 - 8,5252520,560614,560620,2024-03-16
1,15:13,Substitution Seattle U: out John Christofilis,7 - 8,5252520,560614,560620,2024-03-16
1,15:13,Free throw 2 of 3 made by Alex Schumacher(Seattle U),7 - 8,5252520,560614,560620,2024-03-16
1,15:13,Free throw 1 of 3 made by Alex Schumacher(Seattle U),6 - 8,5252520,560614,560620,2024-03-16
1,15:13,Foul personal (shooting;3 free throws) (outside left) Collin Moore(Grand Canyon),5 - 8,5252520,560614,560620,2024-03-16
1,15:14,3pt (outside left) missed by Alex Schumacher(Seattle U),5 - 8,5252520,560614,560620,2024-03-16
1,15:34,2pt driving layup (off turnover) (in the paint) made by Tyon Grant-Foster(Grand Canyon),5 - 8,5252520,560614,560620,2024-03-16
1,15:52,Timeout commercial,5 - 6,5252520,560614,560620,2024-03-16
1,15:53,Turnover bad pass (inside left) Alex Schumacher(Seattle U),5 - 6,5252520,560614,560620,2024-03-16
1,16:20,Jump ball held ball Seattle U,5 - 6,5252520,560614,560620,2024-03-16
1,16:22,"2pt layup (2nd chance) (under the basket) missed by Duke Brennan(Grand Canyon), rebound defensive Brandton Chatfield(Seattle U)",5 - 6,5252520,560614,560620,2024-03-16
1,16:27,"2pt hook shot (in the paint) missed by Gabe McGlothan(Grand Canyon), rebound offensive Duke Brennan(Grand Canyon)",5 - 6,5252520,560614,560620,2024-03-16
1,16:53,"2pt hook shot (in the paint) missed by Brandton Chatfield(Seattle U), rebound defensive Collin Moore(Grand Canyon)",5 - 6,5252520,560614,560620,2024-03-16
1,17:05,2pt layup (in the paint) made by Tyon Grant-Foster(Grand Canyon),5 - 6,5252520,560614,560620,2024-03-16
1,17:28,"2pt driving layup (under the basket) made by John Christofilis(Seattle U), assist Alex Schumacher(Seattle U)",5 - 4,5252520,560614,560620,2024-03-16
1,17:41,"Foul personal (back court) Duke Brennan(Grand Canyon), foul on Seyi Reiley(Seattle U)",3 - 4,5252520,560614,560620,2024-03-16
1,17:43,"2pt layup (in the paint) missed by Duke Brennan(Grand Canyon), rebound defensive Seyi Reiley(Seattle U)",3 - 4,5252520,560614,560620,2024-03-16
1,17:58,"2pt pull up jump shot (in the paint) missed by John Christofilis(Seattle U), rebound defensive (team) Grand Canyon",3 - 4,5252520,560614,560620,2024-03-16
1,18:19,"Free throw 2 of 2 missed by Duke Brennan(Grand Canyon), rebound defensive Cameron Tyson(Seattle U)",3 - 4,5252520,560614,560620,2024-03-16
1,18:19,Free throw 1 of 2 made by Duke Brennan(Grand Canyon),3 - 4,5252520,560614,560620,2024-03-16
1,18:19,Foul personal (shooting;2 free throws) (in the paint) Cameron Tyson(Seattle U),3 - 3,5252520,560614,560620,2024-03-16
1,18:37,"3pt jump shot (outside left) made by John Christofilis(Seattle U), assist Cameron Tyson(Seattle U)",3 - 3,5252520,560614,560620,2024-03-16
1,19:05,"3pt jump shot (outside right) made by Collin Moore(Grand Canyon), assist Ray Harrison(Grand Canyon)",0 - 3,5252520,560614,560620,2024-03-16
1,19:17,"3pt step back jump shot (outside left) missed by Cameron Tyson(Seattle U), rebound defensive Duke Brennan(Grand Canyon)",0 - 0,5252520,560614,560620,2024-03-16
1,19:43,"3pt jump shot (outside right) missed by Tyon Grant-Foster(Grand Canyon), rebound defensive Alex Schumacher(Seattle U)",0 - 0,5252520,560614,560620,2024-03-16
1,20:00,"Jump ball start period, won Duke Brennan(Grand Canyon), lost Brandton Chatfield(Seattle U)",0 - 0,5252520,560614,560620,2024-03-16
1,20:00,Period start,0 - 0,5252520,560614,560620,2024-03-16
1,20:00,Game start,0 - 0,5252520,560614,560620,2024-03-16
1,00:00.00,Period end (confirmed),47 - 38,5252391,560815,560721,2024-03-16
1,00:00.10,"2pt dunk (fast break) (under the basket) made by Amari Stroud(LBSU), assist Jadon Jones(LBSU)",47 - 38,5252391,560815,560721,2024-03-16
1,00:05.10,"2pt pull up jump shot (inside right) missed by Pierre Crockrell II(UCI), rebound defensive Jadon Jones(LBSU)",45 - 38,5252391,560815,560721,2024-03-16
1,00:19.80,Substitution UCI: in Bent Leuchten,45 - 38,5252391,560815,560721,2024-03-16
1,00:19.80,Substitution UCI: in Devin Tillis,45 - 38,5252391,560815,560721,2024-03-16
1,00:19.80,Substitution UCI: out Dean Keeler,45 - 38,5252391,560815,560721,2024-03-16
1,00:19.80,Substitution UCI: out Ofure Ujadughele,45 - 38,5252391,560815,560721,2024-03-16
1,00:19.80,Timeout short UCI,45 - 38,5252391,560815,560721,2024-03-16
1,00:35.50,"2pt jump shot (off turnover) (in the paint) made by Amari Stroud(LBSU), assist Marcus Tsohonis(LBSU)",45 - 38,5252391,560815,560721,2024-03-16
1,01:03,"Turnover bad pass (outside center) Pierre Crockrell II(UCI), steal Jadon Jones(LBSU)",43 - 38,5252391,560815,560721,2024-03-16
1,01:06,"Turnover lost ball (back court) Jason Hart Jr.(LBSU), steal Andre Henry(UCI)",43 - 38,5252391,560815,560721,2024-03-16
1,01:19,"2pt jump shot (in the paint) missed by Pierre Crockrell II(UCI), rebound defensive Jason Hart Jr.(LBSU)",43 - 38,5252391,560815,560721,2024-03-16
1,01:31,Free throw 3 of 3 (fast break) made by Jadon Jones(LBSU),43 - 38,5252391,560815,560721,2024-03-16
1,01:31,Substitution LBSU: in Jason Hart Jr.,42 - 38,5252391,560815,560721,2024-03-16
1,01:31,Substitution LBSU: out Isa Silva,42 - 38,5252391,560815,560721,2024-03-16
1,01:31,Substitution UCI: in Andre Henry,42 - 38,5252391,560815,560721,2024-03-16
1,01:31,Substitution UCI: out Dylan Thoerner,42 - 38,5252391,560815,560721,2024-03-16
1,01:31,Free throw 2 of 3 (fast break) made by Jadon Jones(LBSU),42 - 38,5252391,560815,560721,2024-03-16
1,01:31,Free throw 1 of 3 (fast break) made by Jadon Jones(LBSU),41 - 38,5252391,560815,560721,2024-03-16
1,01:31,Foul personal (shooting;3 free throws) (outside center) Dean Keeler(UCI),40 - 38,5252391,560815,560721,2024-03-16
1,01:39,"3pt jump shot (off turnover) (outside right wing) missed by Dylan Thoerner(UCI), rebound defensive Jadon Jones(LBSU)",40 - 38,5252391,560815,560721,2024-03-16
1,01:45,Substitution UCI: in Ofure Ujadughele,40 - 38,5252391,560815,560721,2024-03-16
1,01:45,Substitution UCI: out Hayden Welling,40 - 38,5252391,560815,560721,2024-03-16
1,01:45,Turnover travel (inside left) Lassina Traore(LBSU),40 - 38,5252391,560815,560721,2024-03-16
1,02:11,"3pt jump shot (2nd chance) (outside right) made by Pierre Crockrell II(UCI), assist Justin Hohn(UCI)",47 - 38,5252391,560815,560721,2024-03-16
1,02:13,Substitution LBSU: in Isa Silva,40 - 35,5252391,560815,560721,2024-03-16
1,02:13,Substitution LBSU: out Aboubacar Traore,40 - 35,5252391,560815,560721,2024-03-16
1,02:13,Substitution UCI: in Pierre Crockrell II,40 - 35,5252391,560815,560721,2024-03-16
1,02:13,Substitution UCI: out Derin Saran,40 - 35,5252391,560815,560721,2024-03-16
1,02:16,"2pt jump shot (inside right) missed by Hayden Welling(UCI), rebound offensive (team) UCI",40 - 35,5252391,560815,560721,2024-03-16
1,02:34,Substitution UCI: in Hayden Welling,40 - 35,5252391,560815,560721,2024-03-16
1,02:34,Substitution UCI: out Bent Leuchten,40 - 35,5252391,560815,560721,2024-03-16
1,02:34,Free throw 1 of 1 made by Aboubacar Traore(LBSU),40 - 35,5252391,560815,560721,2024-03-16
1,02:34,Foul personal (shooting;1 free throw) (in the paint) Bent Leuchten(UCI),39 - 35,5252391,560815,560721,2024-03-16
1,02:34,"2pt jump shot (in the paint) made by Aboubacar Traore(LBSU), assist Amari Stroud(LBSU)",39 - 35,5252391,560815,560721,2024-03-16
1,02:55,2pt driving layup (under the basket) made by Bent Leuchten(UCI),37 - 35,5252391,560815,560721,2024-03-16
1,03:23,Free throw 2 of 2 (2nd chance) made by Aboubacar Traore(LBSU),37 - 33,5252391,560815,560721,2024-03-16
1,03:23,Free throw 1 of 2 (2nd chance) made by Aboubacar Traore(LBSU),36 - 33,5252391,560815,560721,2024-03-16
1,03:22,Substitution LBSU: in Amari Stroud,35 - 33,5252391,560815,560721,2024-03-16
1,03:22,Substitution LBSU: out Messiah Thompson,35 - 33,5252391,560815,560721,2024-03-16
1,03:22,Substitution UCI: in Dean Keeler,35 - 33,5252391,560815,560721,2024-03-16
1,03:22,Substitution UCI: in Justin Hohn,35 - 33,5252391,560815,560721,2024-03-16
1,03:22,Substitution UCI: out Ofure Ujadughele,35 - 33,5252391,560815,560721,2024-03-16
1,03:22,Substitution UCI: out Pierre Crockrell II,35 - 33,5252391,560815,560721,2024-03-16
1,03:23,Timeout commercial,35 - 33,5252391,560815,560721,2024-03-16
1,03:23,"Foul personal (one and one) (in the paint) Bent Leuchten(UCI), foul on Lassina Traore(LBSU), foul on Aboubacar Traore(LBSU)",35 - 33,5252391,560815,560721,2024-03-16
1,03:23,"2pt layup (2nd chance) (under the basket) missed by Lassina Traore(LBSU), rebound offensive Aboubacar Traore(LBSU)",35 - 33,5252391,560815,560721,2024-03-16
1,03:27,"2pt floating jump shot (in the paint) missed by Marcus Tsohonis(LBSU), rebound offensive Aboubacar Traore(LBSU)",35 - 33,5252391,560815,560721,2024-03-16
1,03:46,2pt jump shot (inside right) made by Pierre Crockrell II(UCI),35 - 33,5252391,560815,560721,2024-03-16
1,04:12,"2pt layup (under the basket) missed by Aboubacar Traore(LBSU), rebound defensive Bent Leuchten(UCI)",35 - 31,5252391,560815,560721,2024-03-16
1,04:36,2pt pull up jump shot (inside right) made by Pierre Crockrell II(UCI),35 - 31,5252391,560815,560721,2024-03-16
1,04:48,"Free throw 1 of 1 missed by Messiah Thompson(LBSU), rebound defensive Derin Saran(UCI)",35 - 29,5252391,560815,560721,2024-03-16
1,04:48,Substitution UCI: in Dylan Thoerner,35 - 29,5252391,560815,560721,2024-03-16
1,04:48,Substitution UCI: out Andre Henry,35 - 29,5252391,560815,560721,2024-03-16
1,04:48,Foul personal (shooting;1 free throw) (inside right) Derin Saran(UCI),35 - 29,5252391,560815,560721,2024-03-16
1,04:48,2pt floating jump shot (inside right) made by Messiah Thompson(LBSU),35 - 29,5252391,560815,560721,2024-03-16
1,04:57,"3pt jump shot (outside right) missed by Andre Henry(UCI), rebound defensive Lassina Traore(LBSU)",33 - 29,5252391,560815,560721,2024-03-16
1,05:12,"2pt jump shot (2nd chance) (in the paint) missed by Jadon Jones(LBSU), rebound defensive Bent Leuchten(UCI)",33 - 29,5252391,560815,560721,2024-03-16
1,05:30,"2pt pull up jump shot (in the paint) missed by Marcus Tsohonis(LBSU), rebound offensive Jadon Jones(LBSU)",33 - 29,5252391,560815,560721,2024-03-16
1,05:45,"Foul personal (in the paint) Ofure Ujadughele(UCI), foul on Lassina Traore(LBSU)",33 - 29,5252391,560815,560721,2024-03-16
1,05:51,Substitution LBSU: in Messiah Thompson,33 - 29,5252391,560815,560721,2024-03-16
1,05:51,Substitution LBSU: out AJ George,33 - 29,5252391,560815,560721,2024-03-16
1,05:51,Substitution UCI: in Bent Leuchten,33 - 29,5252391,560815,560721,2024-03-16
1,05:51,Substitution UCI: in Ofure Ujadughele,33 - 29,5252391,560815,560721,2024-03-16
1,05:51,Substitution UCI: in Derin Saran,33 - 29,5252391,560815,560721,2024-03-16
1,05:51,Substitution UCI: out Dean Keeler,33 - 29,5252391,560815,560721,2024-03-16
1,05:51,Substitution UCI: out Devin Tillis,33 - 29,5252391,560815,560721,2024-03-16
1,05:51,Substitution UCI: out Justin Hohn,33 - 29,5252391,560815,560721,2024-03-16
1,05:51,"Foul personal (in the paint) Devin Tillis(UCI), foul on Aboubacar Traore(LBSU)",33 - 29,5252391,560815,560721,2024-03-16
1,06:04,2pt hook shot (in the paint) made by Dean Keeler(UCI),33 - 29,5252391,560815,560721,2024-03-16
1,06:17,2pt floating jump shot (inside right) made by AJ George(LBSU),33 - 27,5252391,560815,560721,2024-03-16
1,06:35,2pt hook shot (in the paint) made by Devin Tillis(UCI),31 - 27,5252391,560815,560721,2024-03-16
1,06:59,"3pt jump shot (outside right) missed by Jadon Jones(LBSU), rebound defensive Andre Henry(UCI)",31 - 25,5252391,560815,560721,2024-03-16
1,07:18,2pt pull up jump shot (inside right) made by Pierre Crockrell II(UCI),31 - 25,5252391,560815,560721,2024-03-16
1,07:26,Substitution UCI: in Devin Tillis,31 - 23,5252391,560815,560721,2024-03-16
1,07:26,Substitution UCI: out Bent Leuchten,31 - 23,5252391,560815,560721,2024-03-16
1,07:26,Timeout commercial,31 - 23,5252391,560815,560721,2024-03-16
1,07:26,Substitution UCI: in Dean Keeler,31 - 23,5252391,560815,560721,2024-03-16
1,07:26,Substitution UCI: out Devin Tillis,31 - 23,5252391,560815,560721,2024-03-16
1,07:26,"Foul personal (back court) Lassina Traore(LBSU), foul on Dean Keeler(UCI)",31 - 23,5252391,560815,560721,2024-03-16
1,07:26,"2pt jump shot (under the basket) missed by Aboubacar Traore(LBSU), rebound defensive (team) UCI",31 - 23,5252391,560815,560721,2024-03-16
1,07:37,2pt jump shot (inside right) made by Pierre Crockrell II(UCI),31 - 23,5252391,560815,560721,2024-03-16
1,08:00,Substitution LBSU: in Lassina Traore,31 - 21,5252391,560815,560721,2024-03-16
1,08:00,Substitution LBSU: out Amari Stroud,31 - 21,5252391,560815,560721,2024-03-16
1,07:53,"3pt jump shot (2nd chance;off turnover) (outside right) made by AJ George(LBSU), assist Lassina Traore(LBSU)",31 - 21,5252391,560815,560721,2024-03-16
1,08:00,"2pt driving layup (off turnover) (under the basket) missed by Jadon Jones(LBSU), rebound offensive Lassina Traore(LBSU)",28 - 21,5252391,560815,560721,2024-03-16
1,08:13,Turnover lost ball (inside right) Justin Hohn(UCI),28 - 21,5252391,560815,560721,2024-03-16
1,08:24,2pt floating jump shot (in the paint) made by AJ George(LBSU),28 - 21,5252391,560815,560721,2024-03-16
1,08:42,"3pt jump shot (outside left) made by Justin Hohn(UCI), assist Pierre Crockrell II(UCI)",26 - 21,5252391,560815,560721,2024-03-16
1,08:44,Free throw 2 of 2 (2nd chance) made by Justin Hohn(UCI),26 - 18,5252391,560815,560721,2024-03-16
1,08:44,Free throw 1 of 2 (2nd chance) made by Justin Hohn(UCI),26 - 17,5252391,560815,560721,2024-03-16
1,08:44,Foul technical (class a;2 free throws) AJ George(LBSU),26 - 16,5252391,560815,560721,2024-03-16
1,08:45,"2pt floating jump shot (inside left) missed by Justin Hohn(UCI), rebound offensive Bent Leuchten(UCI)",26 - 16,5252391,560815,560721,2024-03-16
1,09:02,"2pt jump shot (inside left) made by Amari Stroud(LBSU), assist Aboubacar Traore(LBSU)",26 - 16,5252391,560815,560721,2024-03-16
1,09:11,"2pt hook shot (blocked) (in the paint) missed by Bent Leuchten(UCI), block Amari Stroud(LBSU), rebound defensive Aboubacar Traore(LBSU)",24 - 16,5252391,560815,560721,2024-03-16
1,09:29,"2pt dunk (off turnover;fast break) (under the basket) made by Aboubacar Traore(LBSU), assist Jadon Jones(LBSU)",24 - 16,5252391,560815,560721,2024-03-16
1,09:32,"Turnover bad pass (back court) Bent Leuchten(UCI), steal Jadon Jones(LBSU)",22 - 16,5252391,560815,560721,2024-03-16
1,09:36,"2pt pull up jump shot (inside right) missed by AJ George(LBSU), rebound defensive Bent Leuchten(UCI)",22 - 16,5252391,560815,560721,2024-03-16
1,09:44,Substitution LBSU: in AJ George,22 - 16,5252391,560815,560721,2024-03-16
1,09:44,Substitution LBSU: out Isa Silva,22 - 16,5252391,560815,560721,2024-03-16
1,09:44,Substitution UCI: in Pierre Crockrell II,22 - 16,5252391,560815,560721,2024-03-16
1,09:44,Substitution UCI: out Derin Saran,22 - 16,5252391,560815,560721,2024-03-16
1,09:44,"Foul personal (in the paint) Andre Henry(UCI), foul on Isa Silva(LBSU)",22 - 16,5252391,560815,560721,2024-03-16
1,10:00,"2pt jump shot (inside center) made by Justin Hohn(UCI), assist Andre Henry(UCI)",22 - 16,5252391,560815,560721,2024-03-16
1,10:18,2pt step back jump shot (inside left) made by Marcus Tsohonis(LBSU),22 - 14,5252391,560815,560721,2024-03-16
1,10:42,"2pt layup (under the basket) made by Justin Hohn(UCI), assist Bent Leuchten(UCI)",20 - 14,5252391,560815,560721,2024-03-16
1,10:46,Substitution UCI: in Devin Tillis,20 - 12,5252391,560815,560721,2024-03-16
1,10:46,Substitution UCI: out Ofure Ujadughele,20 - 12,5252391,560815,560721,2024-03-16
1,10:46,"Foul personal (in the paint) Isa Silva(LBSU), foul on Bent Leuchten(UCI)",20 - 12,5252391,560815,560721,2024-03-16
1,10:58,"2pt jump shot (in the paint) missed by Amari Stroud(LBSU), rebound defensive Derin Saran(UCI)",20 - 12,5252391,560815,560721,2024-03-16
1,11:09,"3pt jump shot (outside right) missed by Justin Hohn(UCI), rebound defensive Marcus Tsohonis(LBSU)",20 - 12,5252391,560815,560721,2024-03-16
1,11:32,"2pt jump shot (off turnover) (inside right wing) missed by Amari Stroud(LBSU), rebound defensive Justin Hohn(UCI)",20 - 12,5252391,560815,560721,2024-03-16
1,11:38,Substitution LBSU: in Aboubacar Traore,20 - 12,5252391,560815,560721,2024-03-16
1,11:38,Substitution LBSU: in Marcus Tsohonis,20 - 12,5252391,560815,560721,2024-03-16
1,11:38,Substitution LBSU: out Lassina Traore,20 - 12,5252391,560815,560721,2024-03-16
1,11:38,Substitution LBSU: out AJ George,20 - 12,5252391,560815,560721,2024-03-16
1,11:38,Substitution UCI: in Bent Leuchten,20 - 12,5252391,560815,560721,2024-03-16
1,11:38,Substitution UCI: in Andre Henry,20 - 12,5252391,560815,560721,2024-03-16
1,11:38,Substitution UCI: in Justin Hohn,20 - 12,5252391,560815,560721,2024-03-16
1,11:38,Substitution UCI: out Dean Keeler,20 - 12,5252391,560815,560721,2024-03-16
1,11:38,Substitution UCI: out Langston Redfield,20 - 12,5252391,560815,560721,2024-03-16
1,11:38,Substitution UCI: out Dylan Thoerner,20 - 12,5252391,560815,560721,2024-03-16
1,11:38,Timeout commercial,20 - 12,5252391,560815,560721,2024-03-16
1,11:38,Jump ball held ball LBSU,20 - 12,5252391,560815,560721,2024-03-16
1,11:49,"Turnover lost ball (back court) Langston Redfield(UCI), steal Lassina Traore(LBSU)",20 - 12,5252391,560815,560721,2024-03-16
1,12:02,"Turnover bad pass (outside center) AJ George(LBSU), steal Derin Saran(UCI)",20 - 12,5252391,560815,560721,2024-03-16
1,12:02,"2pt driving layup (under the basket) missed by Derin Saran(UCI), rebound defensive Amari Stroud(LBSU)",20 - 12,5252391,560815,560721,2024-03-16
1,12:02,"Foul personal (in the paint) Amari Stroud(LBSU), foul on Derin Saran(UCI)",20 - 12,5252391,560815,560721,2024-03-16
1,12:16,"2pt turnaround jump shot (inside left) missed by Amari Stroud(LBSU), rebound defensive Ofure Ujadughele(UCI)",20 - 12,5252391,560815,560721,2024-03-16
1,12:30,"3pt jump shot (off turnover) (outside right) missed by Dylan Thoerner(UCI), rebound defensive Lassina Traore(LBSU)",20 - 12,5252391,560815,560721,2024-03-16
1,12:48,Turnover bad pass Marcus Tsohonis(LBSU),20 - 12,5252391,560815,560721,2024-03-16
1,12:48,Substitution LBSU: in Isa Silva,20 - 12,5252391,560815,560721,2024-03-16
1,12:48,Substitution LBSU: out Marcus Tsohonis,20 - 12,5252391,560815,560721,2024-03-16
1,12:48,Substitution UCI: in Ofure Ujadughele,20 - 12,5252391,560815,560721,2024-03-16
1,12:48,Substitution UCI: out Hayden Welling,20 - 12,5252391,560815,560721,2024-03-16
1,12:51,"3pt jump shot (outside left) missed by Marcus Tsohonis(LBSU), rebound defensive (team) UCI, rebound offensive Marcus Tsohonis(LBSU)",20 - 12,5252391,560815,560721,2024-03-16
1,12:57,"2pt driving layup (blocked) (under the basket) missed by Derin Saran(UCI), block Amari Stroud(LBSU), rebound defensive Jadon Jones(LBSU)",20 - 12,5252391,560815,560721,2024-03-16
1,13:11,Substitution LBSU: in Amari Stroud,20 - 12,5252391,560815,560721,2024-03-16
1,13:11,Substitution LBSU: out Aboubacar Traore,20 - 12,5252391,560815,560721,2024-03-16
1,13:11,Substitution UCI: in Langston Redfield,20 - 12,5252391,560815,560721,2024-03-16
1,13:11,Substitution UCI: out Pierre Crockrell II,20 - 12,5252391,560815,560721,2024-03-16
1,13:12,"3pt jump shot (outside left) made by Jadon Jones(LBSU), assist Aboubacar Traore(LBSU)",20 - 12,5252391,560815,560721,2024-03-16
1,13:26,"2pt layup (2nd chance) (under the basket) missed by Hayden Welling(UCI), rebound defensive Lassina Traore(LBSU)",17 - 12,5252391,560815,560721,2024-03-16
1,13:31,"2pt pull up jump shot (inside right) missed by Derin Saran(UCI), rebound offensive Hayden Welling(UCI)",17 - 12,5252391,560815,560721,2024-03-16
1,13:49,"3pt jump shot (outside left) missed by AJ George(LBSU), rebound defensive Derin Saran(UCI)",17 - 12,5252391,560815,560721,2024-03-16
1,14:10,"2pt pull up jump shot (2nd chance) (in the paint) missed by Pierre Crockrell II(UCI), rebound defensive Lassina Traore(LBSU)",17 - 12,5252391,560815,560721,2024-03-16
1,14:16,"Free throw 2 of 2 missed by Dean Keeler(UCI), rebound offensive Derin Saran(UCI)",17 - 12,5252391,560815,560721,2024-03-16
1,14:16,Substitution UCI: in Dylan Thoerner,17 - 12,5252391,560815,560721,2024-03-16
1,14:16,Substitution UCI: out Justin Hohn,17 - 12,5252391,560815,560721,2024-03-16
1,14:16,Free throw 1 of 2 made by Dean Keeler(UCI),17 - 12,5252391,560815,560721,2024-03-16
1,14:16,Foul personal (shooting;2 free throws) (in the paint) AJ George(LBSU),17 - 11,5252391,560815,560721,2024-03-16
1,14:28,2pt jump shot (in the paint) made by Marcus Tsohonis(LBSU),17 - 11,5252391,560815,560721,2024-03-16
1,14:37,Substitution UCI: in Hayden Welling,15 - 11,5252391,560815,560721,2024-03-16
1,14:37,Substitution UCI: out Carter Welling,15 - 11,5252391,560815,560721,2024-03-16
1,14:37,"Foul personal (in the paint) Carter Welling(UCI), foul on AJ George(LBSU)",15 - 11,5252391,560815,560721,2024-03-16
1,15:01,2pt jump shot (in the paint) made by Pierre Crockrell II(UCI),15 - 11,5252391,560815,560721,2024-03-16
1,15:27,2pt jump shot (in the paint) made by Lassina Traore(LBSU),15 - 9,5252391,560815,560721,2024-03-16
1,15:36,Substitution UCI: in Derin Saran,13 - 9,5252391,560815,560721,2024-03-16
1,15:36,Substitution UCI: out Andre Henry,13 - 9,5252391,560815,560721,2024-03-16
1,15:36,Timeout commercial,13 - 9,5252391,560815,560721,2024-03-16
1,15:36,"Foul personal (inside left) Carter Welling(UCI), foul on Lassina Traore(LBSU)",13 - 9,5252391,560815,560721,2024-03-16
1,15:39,"2pt pull up jump shot (inside center) missed by Marcus Tsohonis(LBSU), rebound defensive (team) UCI",13 - 9,5252391,560815,560721,2024-03-16
1,15:47,"2pt hook shot (in the paint) missed by Dean Keeler(UCI), rebound defensive Jadon Jones(LBSU)",13 - 9,5252391,560815,560721,2024-03-16
1,16:06,3pt jump shot (outside left) made by Marcus Tsohonis(LBSU),13 - 9,5252391,560815,560721,2024-03-16
1,16:14,"Free throw 2 of 2 missed by Pierre Crockrell II(UCI), rebound defensive Marcus Tsohonis(LBSU)",10 - 9,5252391,560815,560721,2024-03-16
1,16:14,Substitution LBSU: in Jadon Jones,10 - 9,5252391,560815,560721,2024-03-16
1,16:14,Substitution LBSU: out Messiah Thompson,10 - 9,5252391,560815,560721,2024-03-16
1,16:14,Substitution UCI: in Dean Keeler,10 - 9,5252391,560815,560721,2024-03-16
1,16:14,Substitution UCI: in Carter Welling,10 - 9,5252391,560815,560721,2024-03-16
1,16:14,Substitution UCI: out Bent Leuchten,10 - 9,5252391,560815,560721,2024-03-16
1,16:14,Substitution UCI: out Devin Tillis,10 - 9,5252391,560815,560721,2024-03-16
1,16:14,"Free throw 1 of 2 missed by Pierre Crockrell II(UCI), rebound offensive dead ball UCI",10 - 9,5252391,560815,560721,2024-03-16
1,16:14,Foul personal (shooting;2 free throws) (under the basket) Messiah Thompson(LBSU),10 - 9,5252391,560815,560721,2024-03-16
1,16:30,"3pt jump shot (outside left) missed by AJ George(LBSU), rebound defensive Bent Leuchten(UCI)",10 - 9,5252391,560815,560721,2024-03-16
1,16:48,"3pt jump shot (outside left) made by Andre Henry(UCI), assist Pierre Crockrell II(UCI)",10 - 9,5252391,560815,560721,2024-03-16
1,17:06,"2pt jump shot (inside center) made by AJ George(LBSU), assist Aboubacar Traore(LBSU)",10 - 6,5252391,560815,560721,2024-03-16
1,17:14,"2pt layup (under the basket) missed by Andre Henry(UCI), rebound defensive Lassina Traore(LBSU)",8 - 6,5252391,560815,560721,2024-03-16
1,17:23,3pt jump shot (fast break) (outside right) made by Marcus Tsohonis(LBSU),8 - 6,5252391,560815,560721,2024-03-16
1,17:29,"2pt driving layup (in the paint) missed by Pierre Crockrell II(UCI), rebound defensive Lassina Traore(LBSU)",5 - 6,5252391,560815,560721,2024-03-16
1,17:50,Free throw 1 of 1 made by Lassina Traore(LBSU),5 - 6,5252391,560815,560721,2024-03-16
1,17:50,Foul personal (shooting;1 free throw) (under the basket) Devin Tillis(UCI),4 - 6,5252391,560815,560721,2024-03-16
1,17:50,"2pt layup (under the basket) made by Lassina Traore(LBSU), assist Marcus Tsohonis(LBSU)",4 - 6,5252391,560815,560721,2024-03-16
1,18:10,2pt driving layup (off turnover) (under the basket) made by Pierre Crockrell II(UCI),2 - 6,5252391,560815,560721,2024-03-16
1,18:21,Turnover bad pass (inside left) Aboubacar Traore(LBSU),2 - 4,5252391,560815,560721,2024-03-16
1,18:48,"2pt layup (under the basket) made by Devin Tillis(UCI), assist Justin Hohn(UCI)",2 - 4,5252391,560815,560721,2024-03-16
1,19:10,"2pt jump shot (in the paint) made by Lassina Traore(LBSU), assist Aboubacar Traore(LBSU)",2 - 2,5252391,560815,560721,2024-03-16
1,19:35,"2pt hook shot (under the basket) made by Devin Tillis(UCI), assist Pierre Crockrell II(UCI)",0 - 2,5252391,560815,560721,2024-03-16
1,02:18,"2pt floating jump shot (2nd chance;blocked) (under the basket) missed by Caleb Fields(FFD), block Jaden Daughtry(MAR), rebound offensive (team) FFD",30 - 23,5252300,560895,560740,2024-03-16
1,02:23,"3pt jump shot (2nd chance) (outside left) missed by Caleb Fields(FFD), rebound offensive Jalen Leach(FFD)",30 - 23,5252300,560895,560740,2024-03-16
1,02:35,"2pt floating jump shot (inside left) missed by Jasper Floyd(FFD), rebound offensive Jasper Floyd(FFD)",30 - 23,5252300,560895,560740,2024-03-16
1,02:52,Substitution MAR: in Jaden Daughtry,30 - 23,5252300,560895,560740,2024-03-16
1,02:52,Substitution MAR: out Josh Pascarelli,30 - 23,5252300,560895,560740,2024-03-16
1,02:52,"Foul personal (inside left) Jadin Collins(MAR), foul on Caleb Fields(FFD)",30 - 23,5252300,560895,560740,2024-03-16
1,03:01,"2pt layup (off turnover;blocked) (under the basket) missed by Javon Cooley(MAR), block Jalen Leach(FFD), rebound defensive Brycen Goodine(FFD)",30 - 23,5252300,560895,560740,2024-03-16
1,03:13,"Foul offensive (back court) Jalen Leach(FFD), turnover offensive Jalen Leach(FFD), foul on Max Allen II(MAR)",30 - 23,5252300,560895,560740,2024-03-16
1,03:34,Substitution MAR: in Javon Cooley,30 - 23,5252300,560895,560740,2024-03-16
1,03:34,Substitution MAR: out Trace Salton,30 - 23,5252300,560895,560740,2024-03-16
1,03:34,Timeout commercial,30 - 23,5252300,560895,560740,2024-03-16
1,03:35,"3pt jump shot (outside center) missed by Max Allen II(MAR), rebound defensive (team) FFD",30 - 23,5252300,560895,560740,2024-03-16
1,04:04,2pt layup (2nd chance) (under the basket) made by Alexis Yetna(FFD),30 - 23,5252300,560895,560740,2024-03-16
1,04:07,"2pt driving layup (under the basket) missed by Jasper Floyd(FFD), rebound offensive Alexis Yetna(FFD)",30 - 21,5252300,560895,560740,2024-03-16
1,04:19,"3pt jump shot (blocked) (outside right) missed by Kam Farris(MAR), block Alexis Yetna(FFD), rebound defensive (team) FFD",30 - 21,5252300,560895,560740,2024-03-16
1,04:28,"Foul personal (under the basket) Jasper Floyd(FFD), foul on Max Allen II(MAR)",30 - 21,5252300,560895,560740,2024-03-16
1,04:49,"2pt driving layup (under the basket) made by Jasper Floyd(FFD), assist Caleb Fields(FFD)",30 - 21,5252300,560895,560740,2024-03-16
1,05:01,Substitution FFD: in Jalen Leach,30 - 19,5252300,560895,560740,2024-03-16
1,05:01,Substitution FFD: out Louis Bleechmore,30 - 19,5252300,560895,560740,2024-03-16
1,05:01,Timeout short FFD,30 - 19,5252300,560895,560740,2024-03-16
1,05:06,"3pt jump shot (outside right) made by Kam Farris(MAR), assist Jadin Collins(MAR)",30 - 19,5252300,560895,560740,2024-03-16
1,05:26,"3pt jump shot (outside left) missed by Brycen Goodine(FFD), rebound defensive Trace Salton(MAR)",27 - 19,5252300,560895,560740,2024-03-16
1,05:39,"2pt layup (under the basket) made by Max Allen II(MAR), assist Jadin Collins(MAR)",27 - 19,5252300,560895,560740,2024-03-16
1,05:53,"3pt jump shot (off turnover) (outside center) missed by Alexis Yetna(FFD), rebound defensive Kam Farris(MAR)",25 - 19,5252300,560895,560740,2024-03-16
1,06:05,Substitution MAR: in Kam Farris,25 - 19,5252300,560895,560740,2024-03-16
1,06:05,Substitution MAR: out Isaiah Brickner,25 - 19,5252300,560895,560740,2024-03-16
1,06:05,"Foul personal (inside center) Isaiah Brickner(MAR), foul on Jasper Floyd(FFD)",25 - 19,5252300,560895,560740,2024-03-16
1,06:12,"Turnover lost ball (inside right) Max Allen II(MAR), steal Brycen Goodine(FFD)",25 - 19,5252300,560895,560740,2024-03-16
1,06:31,"3pt jump shot (outside right) missed by Josh Pascarelli(MAR), rebound offensive Max Allen II(MAR)",25 - 19,5252300,560895,560740,2024-03-16
1,06:48,"3pt jump shot (outside center) missed by Caleb Fields(FFD), rebound defensive (team) MAR",25 - 19,5252300,560895,560740,2024-03-16
1,06:48,3pt (outside center) made by FFD,25 - 22,5252300,560895,560740,2024-03-16
1,07:00,Substitution MAR: in Josh Pascarelli,25 - 19,5252300,560895,560740,2024-03-16
1,07:00,Substitution MAR: in Trace Salton,25 - 19,5252300,560895,560740,2024-03-16
1,07:00,Substitution MAR: in Isaiah Brickner,25 - 19,5252300,560895,560740,2024-03-16
1,07:00,Substitution MAR: out Kam Farris,25 - 19,5252300,560895,560740,2024-03-16
1,07:00,Substitution MAR: out Javon Cooley,25 - 19,5252300,560895,560740,2024-03-16
1,07:00,Substitution MAR: out Jaden Daughtry,25 - 19,5252300,560895,560740,2024-03-16
1,07:00,Substitution FFD: in Louis Bleechmore,25 - 19,5252300,560895,560740,2024-03-16
1,07:00,Substitution FFD: in Alexis Yetna,25 - 19,5252300,560895,560740,2024-03-16
1,07:00,Substitution FFD: out Peyton Smith,25 - 19,5252300,560895,560740,2024-03-16
1,07:00,Substitution FFD: out James Johns Jr.,25 - 19,5252300,560895,560740,2024-03-16
1,07:00,Timeout full FFD,25 - 19,5252300,560895,560740,2024-03-16
1,07:00,2pt driving layup (under the basket) made by Jadin Collins(MAR),25 - 19,5252300,560895,560740,2024-03-16
1,07:10,"2pt turnaround jump shot (2nd chance) (inside left) missed by Peyton Smith(FFD), rebound defensive Jadin Collins(MAR)",23 - 19,5252300,560895,560740,2024-03-16
1,07:21,"2pt floating jump shot (blocked) (in the paint) missed by James Johns Jr.(FFD), block Javon Cooley(MAR), rebound offensive Brycen Goodine(FFD)",23 - 19,5252300,560895,560740,2024-03-16
1,07:39,"2pt floating jump shot (inside center) missed by Jaden Daughtry(MAR), rebound defensive Brycen Goodine(FFD)",23 - 19,5252300,560895,560740,2024-03-16
1,07:50,"Foul personal (inside left) James Johns Jr.(FFD), foul on Kam Farris(MAR)",23 - 19,5252300,560895,560740,2024-03-16
1,08:11,"2pt driving layup (2nd chance) (under the basket) missed by Brycen Goodine(FFD), rebound defensive Javon Cooley(MAR)",23 - 19,5252300,560895,560740,2024-03-16
1,08:27,Substitution MAR: in Max Allen II,23 - 19,5252300,560895,560740,2024-03-16
1,08:27,Substitution MAR: in Jadin Collins,23 - 19,5252300,560895,560740,2024-03-16
1,08:27,Substitution MAR: out Isaiah Brickner,23 - 19,5252300,560895,560740,2024-03-16
1,08:27,Substitution MAR: out Jackson Price,23 - 19,5252300,560895,560740,2024-03-16
1,08:27,Substitution FFD: in Jasper Floyd,23 - 19,5252300,560895,560740,2024-03-16
1,08:27,Substitution FFD: out Jalen Leach,23 - 19,5252300,560895,560740,2024-03-16
1,08:27,"Foul personal (loose ball) (in the paint) Jackson Price(MAR), foul on Peyton Smith(FFD)",23 - 19,5252300,560895,560740,2024-03-16
1,08:28,"2pt turnaround jump shot (inside left) missed by Caleb Fields(FFD), rebound offensive (team) FFD",23 - 19,5252300,560895,560740,2024-03-16
1,08:43,"3pt pull up jump shot (outside center) made by Javon Cooley(MAR), assist Jackson Price(MAR)",23 - 19,5252300,560895,560740,2024-03-16
1,09:01,"Free throw 2 of 2 missed by James Johns Jr.(FFD), rebound defensive Javon Cooley(MAR)",20 - 19,5252300,560895,560740,2024-03-16
1,09:01,Free throw 1 of 2 made by James Johns Jr.(FFD),20 - 19,5252300,560895,560740,2024-03-16
1,09:01,Foul personal (shooting;2 free throws) (in the paint) Jackson Price(MAR),20 - 18,5252300,560895,560740,2024-03-16
1,09:22,Free throw 2 of 2 made by Isaiah Brickner(MAR),20 - 18,5252300,560895,560740,2024-03-16
1,09:22,Free throw 1 of 2 made by Isaiah Brickner(MAR),19 - 18,5252300,560895,560740,2024-03-16
1,09:22,Foul personal (shooting;2 free throws) (in the paint) Caleb Fields(FFD),18 - 18,5252300,560895,560740,2024-03-16
1,09:22,Timeout commercial,18 - 18,5252300,560895,560740,2024-03-16
1,09:25,"2pt driving layup (blocked) (under the basket) missed by Brycen Goodine(FFD), block Kam Farris(MAR), rebound defensive Isaiah Brickner(MAR)",18 - 18,5252300,560895,560740,2024-03-16
1,09:31,"2pt layup (2nd chance;blocked) (under the basket) missed by Jackson Price(MAR), block James Johns Jr.(FFD), rebound defensive Brycen Goodine(FFD)",18 - 18,5252300,560895,560740,2024-03-16
1,09:47,Substitution MAR: in Jaden Daughtry,18 - 18,5252300,560895,560740,2024-03-16
1,09:47,Substitution MAR: in Jackson Price,18 - 18,5252300,560895,560740,2024-03-16
1,09:47,Substitution MAR: out Josh Pascarelli,18 - 18,5252300,560895,560740,2024-03-16
1,09:47,Substitution MAR: out Max Allen II,18 - 18,5252300,560895,560740,2024-03-16
1,09:47,Substitution FFD: in James Johns Jr.,18 - 18,5252300,560895,560740,2024-03-16
1,09:47,Substitution FFD: out Louis Bleechmore,18 - 18,5252300,560895,560740,2024-03-16
1,09:47,"Foul personal (loose ball) (in the paint) Brycen Goodine(FFD), foul on Max Allen II(MAR)",18 - 18,5252300,560895,560740,2024-03-16
1,09:47,"2pt layup (2nd chance) (under the basket) missed by Max Allen II(MAR), rebound offensive (team) MAR",18 - 18,5252300,560895,560740,2024-03-16
1,09:49,"2pt driving layup (under the basket) missed by Isaiah Brickner(MAR), rebound offensive Max Allen II(MAR)",18 - 18,5252300,560895,560740,2024-03-16
1,09:59,"3pt pull up jump shot (outside left) missed by Jalen Leach(FFD), rebound defensive Javon Cooley(MAR)",18 - 18,5252300,560895,560740,2024-03-16
1,10:05,"2pt driving layup (under the basket) missed by Josh Pascarelli(MAR), rebound defensive Brycen Goodine(FFD)",18 - 18,5252300,560895,560740,2024-03-16
1,10:24,"3pt jump shot (outside center) missed by Peyton Smith(FFD), rebound defensive Javon Cooley(MAR)",18 - 18,5252300,560895,560740,2024-03-16
1,10:40,"3pt jump shot (outside right) made by Javon Cooley(MAR), assist Kam Farris(MAR)",18 - 18,5252300,560895,560740,2024-03-16
1,10:59,3pt step back jump shot (outside center) made by Caleb Fields(FFD),15 - 18,5252300,560895,560740,2024-03-16
1,10:59,3pt (outside center) missed by FFD,15 - 15,5252300,560895,560740,2024-03-16
1,11:17,"3pt jump shot (outside right) made by Javon Cooley(MAR), assist Isaiah Brickner(MAR)",15 - 15,5252300,560895,560740,2024-03-16
1,11:30,2pt driving layup (off turnover;fast break) (under the basket) made by Peyton Smith(FFD),12 - 15,5252300,560895,560740,2024-03-16
1,11:35,"Turnover bad pass (inside right) Max Allen II(MAR), steal Caleb Fields(FFD)",12 - 13,5252300,560895,560740,2024-03-16
1,11:53,Free throw 2 of 2 made by Peyton Smith(FFD),12 - 13,5252300,560895,560740,2024-03-16
1,11:53,Free throw 1 of 2 made by Peyton Smith(FFD),12 - 12,5252300,560895,560740,2024-03-16
1,11:53,Timeout commercial,12 - 11,5252300,560895,560740,2024-03-16
1,11:53,Foul personal (shooting;2 free throws) (inside left) Isaiah Brickner(MAR),12 - 11,5252300,560895,560740,2024-03-16
1,12:08,Substitution MAR: in Josh Pascarelli,12 - 11,5252300,560895,560740,2024-03-16
1,12:08,Substitution MAR: in Max Allen II,12 - 11,5252300,560895,560740,2024-03-16
1,12:08,Substitution MAR: out Jackson Price,12 - 11,5252300,560895,560740,2024-03-16
1,12:08,Substitution MAR: out Jadin Collins,12 - 11,5252300,560895,560740,2024-03-16
1,12:08,Substitution FFD: in Peyton Smith,12 - 11,5252300,560895,560740,2024-03-16
1,12:08,Substitution FFD: out Alexis Yetna,12 - 11,5252300,560895,560740,2024-03-16
1,12:08,Jump ball held ball FFD,12 - 11,5252300,560895,560740,2024-03-16
1,12:13,"2pt floating jump shot (inside right) missed by Jadin Collins(MAR), rebound defensive Alexis Yetna(FFD)",12 - 11,5252300,560895,560740,2024-03-16
1,12:48,2pt driving layup (under the basket) made by Caleb Fields(FFD),12 - 11,5252300,560895,560740,2024-03-16
1,13:13,"2pt turnaround jump shot (off turnover) (in the paint) missed by Isaiah Brickner(MAR), rebound defensive Louis Bleechmore(FFD)",12 - 9,5252300,560895,560740,2024-03-16
1,13:30,"Turnover bad pass (inside left) Caleb Fields(FFD), steal Jadin Collins(MAR)",12 - 9,5252300,560895,560740,2024-03-16
1,13:36,"Turnover lost ball (under the basket) Jackson Price(MAR), steal Jalen Leach(FFD)",12 - 9,5252300,560895,560740,2024-03-16
1,13:56,2pt driving layup (off turnover) (under the basket) made by Brycen Goodine(FFD),12 - 9,5252300,560895,560740,2024-03-16
1,14:12,Substitution MAR: in Javon Cooley,12 - 7,5252300,560895,560740,2024-03-16
1,14:12,Substitution MAR: out Jaden Daughtry,12 - 7,5252300,560895,560740,2024-03-16
1,14:12,Substitution FFD: in Brycen Goodine,12 - 7,5252300,560895,560740,2024-03-16
1,14:12,Substitution FFD: out Jasper Floyd,12 - 7,5252300,560895,560740,2024-03-16
1,14:12,Turnover shot clock (team) (outside left) MAR,12 - 7,5252300,560895,560740,2024-03-16
1,14:14,"3pt jump shot (outside left) missed by Isaiah Brickner(MAR), rebound offensive dead ball MAR",12 - 7,5252300,560895,560740,2024-03-16
1,14:47,"3pt jump shot (outside left) made by Jasper Floyd(FFD), assist Caleb Fields(FFD)",12 - 7,5252300,560895,560740,2024-03-16
1,15:05,3pt jump shot (outside center) made by Kam Farris(MAR),12 - 4,5252300,560895,560740,2024-03-16
1,15:34,"3pt jump shot (outside left) missed by Jalen Leach(FFD), rebound defensive Jadin Collins(MAR)",9 - 4,5252300,560895,560740,2024-03-16
1,15:38,Substitution MAR: in Kam Farris,9 - 4,5252300,560895,560740,2024-03-16
1,15:38,Substitution MAR: in Isaiah Brickner,9 - 4,5252300,560895,560740,2024-03-16
1,15:38,Substitution MAR: in Jackson Price,9 - 4,5252300,560895,560740,2024-03-16
1,15:38,Substitution MAR: out Javon Cooley,9 - 4,5252300,560895,560740,2024-03-16
1,15:38,Substitution MAR: out Josh Pascarelli,9 - 4,5252300,560895,560740,2024-03-16
1,15:38,Substitution MAR: out Max Allen II,9 - 4,5252300,560895,560740,2024-03-16
1,15:38,Timeout commercial,9 - 4,5252300,560895,560740,2024-03-16
1,15:51,2pt driving layup (under the basket) made by Max Allen II(MAR),9 - 4,5252300,560895,560740,2024-03-16
1,16:14,2pt driving layup (off turnover;fast break) (under the basket) made by Louis Bleechmore(FFD),7 - 4,5252300,560895,560740,2024-03-16
1,16:18,"Turnover bad pass (outside right) Josh Pascarelli(MAR), steal Louis Bleechmore(FFD)",7 - 2,5252300,560895,560740,2024-03-16
1,16:40,2pt layup (2nd chance) (under the basket) made by Alexis Yetna(FFD),7 - 2,5252300,560895,560740,2024-03-16
1,16:46,"2pt driving layup (blocked) (under the basket) missed by Jasper Floyd(FFD), block Javon Cooley(MAR), rebound offensive Alexis Yetna(FFD)",7 - 0,5252300,560895,560740,2024-03-16
1,17:02,"2pt layup (under the basket) made by Josh Pascarelli(MAR), assist Jaden Daughtry(MAR)",7 - 0,5252300,560895,560740,2024-03-16
1,17:18,"2pt driving layup (under the basket) missed by Jasper Floyd(FFD), rebound defensive dead ball MAR",5 - 0,5252300,560895,560740,2024-03-16
1,17:37,"3pt jump shot (outside right wing) made by Javon Cooley(MAR), assist Jadin Collins(MAR)",5 - 0,5252300,560895,560740,2024-03-16
1,17:49,"3pt jump shot (off turnover) (outside right) missed by Alexis Yetna(FFD), rebound defensive Jaden Daughtry(MAR)",2 - 0,5252300,560895,560740,2024-03-16
1,17:54,"Foul personal (in the paint) Josh Pascarelli(MAR), foul on Louis Bleechmore(FFD)",2 - 0,5252300,560895,560740,2024-03-16
1,18:04,"Turnover lost ball (inside right) Max Allen II(MAR), steal Jalen Leach(FFD)",2 - 0,5252300,560895,560740,2024-03-16
1,18:20,"Turnover lost ball Jalen Leach(FFD), steal Jaden Daughtry(MAR)",2 - 0,5252300,560895,560740,2024-03-16
1,18:20,Jump ball held ball MAR,2 - 0,5252300,560895,560740,2024-03-16
1,18:34,"2pt layup (under the basket) made by Max Allen II(MAR), assist Josh Pascarelli(MAR)",2 - 0,5252300,560895,560740,2024-03-16
1,18:46,"3pt pull up jump shot (off turnover) (outside left) missed by Jalen Leach(FFD), rebound defensive Josh Pascarelli(MAR)",0 - 0,5252300,560895,560740,2024-03-16
1,19:10,Turnover out of bounds (inside left) Max Allen II(MAR),0 - 0,5252300,560895,560740,2024-03-16
1,19:43,"3pt jump shot (outside left) missed by Caleb Fields(FFD), rebound defensive Jaden Daughtry(MAR)",0 - 0,5252300,560895,560740,2024-03-16
1,20:00,"Jump ball start period, won Louis Bleechmore(FFD), lost Max Allen II(MAR)",0 - 0,5252300,560895,560740,2024-03-16
1,20:00,Period start,0 - 0,5252300,560895,560740,2024-03-16
1,20:00,Game start,0 - 0,5252300,560895,560740,2024-03-16
1,15:28,Free throw 2 of 2 made by Lu'cye Patterson(CLT),2 - 7,5252671,560798,561158,2024-03-16
1,15:28,Free throw 1 of 2 made by Lu'cye Patterson(CLT),2 - 6,5252671,560798,561158,2024-03-16
1,15:28,Substitution Temple: in Jahlil White,2 - 5,5252671,560798,561158,2024-03-16
1,15:28,Substitution Temple: in Zion Stanford,2 - 5,5252671,560798,561158,2024-03-16
1,15:28,Substitution Temple: out Steve Settle,2 - 5,5252671,560798,561158,2024-03-16
1,15:28,Substitution Temple: out Jordan Riley,2 - 5,5252671,560798,561158,2024-03-16
1,15:28,Timeout commercial,2 - 5,5252671,560798,561158,2024-03-16
1,15:28,Foul personal (shooting;2 free throws) (inside right) Steve Settle(Temple),2 - 5,5252671,560798,561158,2024-03-16
1,15:39,"3pt jump shot (off turnover) (outside center) missed by Hysier Miller(Temple), rebound defensive Igor Milicic Jr.(CLT)",2 - 5,5252671,560798,561158,2024-03-16
1,15:59,Substitution Temple: in Shane Dezonie,2 - 5,5252671,560798,561158,2024-03-16
1,15:59,Substitution Temple: out Matteo Picarelli,2 - 5,5252671,560798,561158,2024-03-16
1,16:01,Turnover lost ball (in the paint) Nik Graves(CLT),2 - 5,5252671,560798,561158,2024-03-16
1,16:16,"3pt jump shot (outside left) missed by Matteo Picarelli(Temple), rebound defensive Igor Milicic Jr.(CLT)",2 - 5,5252671,560798,561158,2024-03-16
1,16:40,"3pt jump shot (outside right) made by Igor Milicic Jr.(CLT), assist Dishon Jackson(CLT)",2 - 5,5252671,560798,561158,2024-03-16
1,16:53,Free throw 2 of 2 (fast break;off turnover) made by Hysier Miller(Temple),2 - 2,5252671,560798,561158,2024-03-16
1,16:53,Substitution CLT: in Jackson Threadgill,1 - 2,5252671,560798,561158,2024-03-16
1,16:53,Substitution CLT: out Isaiah Folkes,1 - 2,5252671,560798,561158,2024-03-16
1,16:53,Free throw 1 of 2 (fast break;off turnover) made by Hysier Miller(Temple),1 - 2,5252671,560798,561158,2024-03-16
1,16:53,Foul personal (shooting;2 free throws) (inside left) Nik Graves(CLT),0 - 2,5252671,560798,561158,2024-03-16
1,16:59,"Turnover bad pass (outside right) Dishon Jackson(CLT), steal Hysier Miller(Temple)",0 - 2,5252671,560798,561158,2024-03-16
1,17:20,"3pt jump shot (2nd chance) (outside left) missed by Matteo Picarelli(Temple), rebound defensive Igor Milicic Jr.(CLT)",0 - 2,5252671,560798,561158,2024-03-16
1,17:30,2pt turnaround jump shot (blocked) (in the paint) missed by Steve Settle(Temple),0 - 2,5252671,560798,561158,2024-03-16
1,17:49,"2pt hook shot (inside right) missed by Dishon Jackson(CLT), rebound defensive Jordan Riley(Temple)",0 - 2,5252671,560798,561158,2024-03-16
1,18:04,"2pt jump shot (inside left) missed by Steve Settle(Temple), rebound defensive Dishon Jackson(CLT)",0 - 2,5252671,560798,561158,2024-03-16
1,18:33,"2pt driving layup (off turnover;fast break) (under the basket) made by Isaiah Folkes(CLT), assist Lu'cye Patterson(CLT)",0 - 2,5252671,560798,561158,2024-03-16
1,18:38,"Turnover lost ball (inside left) Jordan Riley(Temple), steal Lu'cye Patterson(CLT)",0 - 0,5252671,560798,561158,2024-03-16
1,18:44,"Turnover lost ball (in the paint) Isaiah Folkes(CLT), steal Hysier Miller(Temple)",0 - 0,5252671,560798,561158,2024-03-16
1,18:54,Turnover offensive goal tending (under the basket) Jordan Riley(Temple),2 - 5,5252671,560798,561158,2024-03-16
1,18:54,"2pt driving layup (2nd chance) (under the basket) missed by Hysier Miller(Temple), rebound offensive (team) Temple",0 - 0,5252671,560798,561158,2024-03-16
1,19:08,3pt jump shot (outside center) missed by Sam Hofman(Temple),2 - 5,5252671,560798,561158,2024-03-16
1,19:33,"3pt jump shot (outside right wing) missed by Nik Graves(CLT), rebound defensive Steve Settle(Temple)",0 - 0,5252671,560798,561158,2024-03-16
1,20:00,"Jump ball start period, won Dishon Jackson(CLT), lost Steve Settle(Temple)",0 - 0,5252671,560798,561158,2024-03-16
1,20:00,Period start,0 - 0,5252671,560798,561158,2024-03-16
1,20:00,Game start,0 - 0,5252671,560798,561158,2024-03-16
1,00:24.30,Timeout short Nebraska,27 - 47,5252652,560804,560558,2024-03-16
1,00:30.50,"2pt layup (2nd chance) (under the basket) missed by Mackenzie Mgbako(Indiana), rebound defensive Juwan Gary(Nebraska)",27 - 47,5252652,560804,560558,2024-03-16
1,00:34.60,"3pt jump shot (blocked) (outside left) missed by Mackenzie Mgbako(Indiana), block Jamarques Lawrence(Nebraska), rebound offensive Mackenzie Mgbako(Indiana)",27 - 47,5252652,560804,560558,2024-03-16
1,00:53.10,"3pt jump shot (fast break) (outside left) made by Juwan Gary(Nebraska), assist Keisei Tominaga(Nebraska)",27 - 47,5252652,560804,560558,2024-03-16
1,01:02,"3pt jump shot (outside right) missed by Anthony Walker(Indiana), rebound defensive Keisei Tominaga(Nebraska)",27 - 44,5252652,560804,560558,2024-03-16
1,01:19,"3pt jump shot (outside left) made by Jamarques Lawrence(Nebraska), assist Keisei Tominaga(Nebraska)",27 - 44,5252652,560804,560558,2024-03-16
1,01:40,"2pt driving layup (under the basket) missed by Mackenzie Mgbako(Indiana), rebound defensive Rienk Mast(Nebraska)",27 - 41,5252652,560804,560558,2024-03-16
1,02:09,Free throw 2 of 2 (off turnover) made by Juwan Gary(Nebraska),27 - 41,5252652,560804,560558,2024-03-16
1,02:09,Free throw 1 of 2 (off turnover) made by Juwan Gary(Nebraska),27 - 40,5252652,560804,560558,2024-03-16
1,02:09,Foul personal (one and one) (back court) Mackenzie Mgbako(Indiana),27 - 39,5252652,560804,560558,2024-03-16
1,02:09,"Turnover bad pass (inside right) Xavier Johnson(Indiana), steal Juwan Gary(Nebraska)",27 - 39,5252652,560804,560558,2024-03-16
1,02:22,Substitution Indiana: in Xavier Johnson,27 - 39,5252652,560804,560558,2024-03-16
1,02:22,Substitution Indiana: out Gabe Cupps,27 - 39,5252652,560804,560558,2024-03-16
1,02:22,Substitution Nebraska: in Rienk Mast,27 - 39,5252652,560804,560558,2024-03-16
1,02:22,Substitution Nebraska: out Josiah Allick,27 - 39,5252652,560804,560558,2024-03-16
1,02:22,Timeout short Indiana,27 - 39,5252652,560804,560558,2024-03-16
1,02:35,3pt pull up jump shot (fast break) (outside center) made by Keisei Tominaga(Nebraska),27 - 39,5252652,560804,560558,2024-03-16
1,02:41,"2pt driving layup (in the paint) missed by Gabe Cupps(Indiana), rebound defensive Juwan Gary(Nebraska)",27 - 36,5252652,560804,560558,2024-03-16
1,02:58,3pt step back jump shot (fast break) (outside left) made by Keisei Tominaga(Nebraska),27 - 36,5252652,560804,560558,2024-03-16
1,03:07,"3pt jump shot (fast break) (outside left) missed by CJ Gunn(Indiana), rebound defensive Keisei Tominaga(Nebraska)",27 - 33,5252652,560804,560558,2024-03-16
1,03:14,"2pt turnaround jump shot (inside left) missed by Keisei Tominaga(Nebraska), rebound defensive Kel'el Ware(Indiana)",27 - 33,5252652,560804,560558,2024-03-16
1,03:29,Free throw 3 of 3 made by Mackenzie Mgbako(Indiana),27 - 33,5252652,560804,560558,2024-03-16
1,03:29,Substitution Nebraska: in Jamarques Lawrence,26 - 33,5252652,560804,560558,2024-03-16
1,03:29,Substitution Nebraska: out Brice Williams,26 - 33,5252652,560804,560558,2024-03-16
1,03:29,Free throw 2 of 3 made by Mackenzie Mgbako(Indiana),26 - 33,5252652,560804,560558,2024-03-16
1,03:29,Free throw 1 of 3 made by Mackenzie Mgbako(Indiana),25 - 33,5252652,560804,560558,2024-03-16
1,03:29,Foul personal (shooting;3 free throws) (outside left) Brice Williams(Nebraska),24 - 33,5252652,560804,560558,2024-03-16
1,03:48,Substitution Nebraska: in Keisei Tominaga,24 - 33,5252652,560804,560558,2024-03-16
1,03:48,Substitution Nebraska: out C.J. Wilcher,24 - 33,5252652,560804,560558,2024-03-16
1,03:48,Timeout commercial,24 - 33,5252652,560804,560558,2024-03-16
1,03:50,"2pt turnaround jump shot (off turnover) (in the paint) missed by C.J. Wilcher(Nebraska), rebound defensive (team) Indiana",24 - 33,5252652,560804,560558,2024-03-16
1,04:07,"Foul personal (inside right) CJ Gunn(Indiana), foul on Brice Williams(Nebraska)",24 - 33,5252652,560804,560558,2024-03-16
1,04:15,Substitution Indiana: in Anthony Walker,24 - 33,5252652,560804,560558,2024-03-16
1,04:15,Substitution Indiana: out Malik Reneau,24 - 33,5252652,560804,560558,2024-03-16
1,04:15,"Foul offensive (back court) Malik Reneau(Indiana), turnover offensive Malik Reneau(Indiana), foul on Sam Hoiberg(Nebraska)",24 - 33,5252652,560804,560558,2024-03-16
1,04:26,Free throw 2 of 2 (2nd chance) made by Josiah Allick(Nebraska),24 - 33,5252652,560804,560558,2024-03-16
1,04:26,Substitution Nebraska: in Sam Hoiberg,24 - 32,5252652,560804,560558,2024-03-16
1,04:26,Substitution Nebraska: out Keisei Tominaga,24 - 32,5252652,560804,560558,2024-03-16
1,04:26,Free throw 1 of 2 (2nd chance) made by Josiah Allick(Nebraska),24 - 32,5252652,560804,560558,2024-03-16
1,04:26,Foul personal (shooting;2 free throws) (under the basket) Malik Reneau(Indiana),24 - 31,5252652,560804,560558,2024-03-16
1,04:37,"3pt jump shot (outside center) missed by Keisei Tominaga(Nebraska), rebound offensive Josiah Allick(Nebraska)",24 - 31,5252652,560804,560558,2024-03-16
1,04:52,Free throw 3 of 3 made by Mackenzie Mgbako(Indiana),24 - 31,5252652,560804,560558,2024-03-16
1,04:52,Substitution Indiana: in Gabe Cupps,23 - 31,5252652,560804,560558,2024-03-16
1,04:52,Substitution Indiana: out Xavier Johnson,23 - 31,5252652,560804,560558,2024-03-16
1,04:52,Free throw 2 of 3 made by Mackenzie Mgbako(Indiana),23 - 31,5252652,560804,560558,2024-03-16
1,04:52,Free throw 1 of 3 made by Mackenzie Mgbako(Indiana),22 - 31,5252652,560804,560558,2024-03-16
1,04:51,Foul personal (shooting;3 free throws) (outside right) C.J. Wilcher(Nebraska),21 - 31,5252652,560804,560558,2024-03-16
1,05:09,2pt alley oop (fast break) (under the basket) made by Juwan Gary(Nebraska),21 - 31,5252652,560804,560558,2024-03-16
1,05:18,"3pt jump shot (outside left) missed by Malik Reneau(Indiana), rebound defensive C.J. Wilcher(Nebraska)",21 - 29,5252652,560804,560558,2024-03-16
1,05:29,"3pt jump shot (outside right wing) missed by Juwan Gary(Nebraska), rebound defensive Mackenzie Mgbako(Indiana)",21 - 29,5252652,560804,560558,2024-03-16
1,05:46,"Foul personal (in the paint) Xavier Johnson(Indiana), foul on Keisei Tominaga(Nebraska)",21 - 29,5252652,560804,560558,2024-03-16
1,05:52,Free throw 2 of 2 made by Malik Reneau(Indiana),21 - 29,5252652,560804,560558,2024-03-16
1,05:52,Substitution Indiana: in Mackenzie Mgbako,20 - 29,5252652,560804,560558,2024-03-16
1,05:52,Substitution Indiana: out Gabe Cupps,20 - 29,5252652,560804,560558,2024-03-16
1,05:52,Substitution Nebraska: in Juwan Gary,20 - 29,5252652,560804,560558,2024-03-16
1,05:52,Substitution Nebraska: out Rienk Mast,20 - 29,5252652,560804,560558,2024-03-16
1,05:52,Free throw 1 of 2 made by Malik Reneau(Indiana),20 - 29,5252652,560804,560558,2024-03-16
1,05:52,Foul personal (shooting;2 free throws) (under the basket) Brice Williams(Nebraska),19 - 29,5252652,560804,560558,2024-03-16
1,05:52,2pt (under the basket) missed by Indiana,19 - 29,5252652,560804,560558,2024-03-16
1,06:08,2pt step back jump shot (inside right) made by Keisei Tominaga(Nebraska),19 - 29,5252652,560804,560558,2024-03-16
1,06:17,2pt driving layup (under the basket) made by Xavier Johnson(Indiana),19 - 27,5252652,560804,560558,2024-03-16
1,06:45,"3pt jump shot (outside right) made by Keisei Tominaga(Nebraska), assist C.J. Wilcher(Nebraska)",17 - 27,5252652,560804,560558,2024-03-16
1,07:03,"2pt layup (2nd chance;off turnover) (in the paint) missed by Malik Reneau(Indiana), rebound defensive Rienk Mast(Nebraska)",17 - 24,5252652,560804,560558,2024-03-16
1,07:06,Substitution Indiana: in CJ Gunn,17 - 24,5252652,560804,560558,2024-03-16
1,07:06,Substitution Indiana: out Anthony Leal,17 - 24,5252652,560804,560558,2024-03-16
1,07:06,Substitution Nebraska: in C.J. Wilcher,17 - 24,5252652,560804,560558,2024-03-16
1,07:06,Substitution Nebraska: out Jamarques Lawrence,17 - 24,5252652,560804,560558,2024-03-16
1,07:06,"Foul personal (under the basket) Jamarques Lawrence(Nebraska), foul on Kel'el Ware(Indiana)",17 - 24,5252652,560804,560558,2024-03-16
1,07:18,"2pt turnaround jump shot (off turnover) (inside left) missed by Malik Reneau(Indiana), rebound offensive Kel'el Ware(Indiana)",17 - 24,5252652,560804,560558,2024-03-16
1,07:24,"Turnover lost ball (outside center) Brice Williams(Nebraska), steal Xavier Johnson(Indiana)",17 - 24,5252652,560804,560558,2024-03-16
1,07:39,"2pt turnaround jump shot (in the paint) missed by Kel'el Ware(Indiana), rebound defensive Brice Williams(Nebraska)",17 - 24,5252652,560804,560558,2024-03-16
1,07:55,"2pt layup (under the basket) made by Keisei Tominaga(Nebraska), assist Rienk Mast(Nebraska)",17 - 24,5252652,560804,560558,2024-03-16
1,08:13,"2pt driving layup (under the basket) missed by Xavier Johnson(Indiana), rebound defensive Josiah Allick(Nebraska)",17 - 22,5252652,560804,560558,2024-03-16
1,08:27,Substitution Indiana: in Gabe Cupps,17 - 22,5252652,560804,560558,2024-03-16
1,08:27,Substitution Indiana: out Mackenzie Mgbako,17 - 22,5252652,560804,560558,2024-03-16
1,08:27,Timeout commercial,17 - 22,5252652,560804,560558,2024-03-16
1,08:27,Timeout short Indiana,17 - 22,5252652,560804,560558,2024-03-16
1,08:36,"3pt jump shot (outside right) made by Brice Williams(Nebraska), assist Rienk Mast(Nebraska)",17 - 22,5252652,560804,560558,2024-03-16
1,08:55,"2pt floating jump shot (in the paint) missed by Anthony Leal(Indiana), rebound defensive Rienk Mast(Nebraska)",17 - 19,5252652,560804,560558,2024-03-16
1,09:01,Substitution Nebraska: in Josiah Allick,17 - 19,5252652,560804,560558,2024-03-16
1,09:01,Substitution Nebraska: out Sam Hoiberg,17 - 19,5252652,560804,560558,2024-03-16
1,09:01,Substitution Indiana: in Kel'el Ware,17 - 19,5252652,560804,560558,2024-03-16
1,09:01,Substitution Indiana: out Anthony Walker,17 - 19,5252652,560804,560558,2024-03-16
1,09:16,"3pt jump shot (outside left wing) missed by Sam Hoiberg(Nebraska), rebound defensive Mackenzie Mgbako(Indiana)",17 - 19,5252652,560804,560558,2024-03-16
1,09:29,"2pt floating jump shot (2nd chance;blocked) (in the paint) missed by Xavier Johnson(Indiana), block Brice Williams(Nebraska), rebound defensive Keisei Tominaga(Nebraska)",17 - 19,5252652,560804,560558,2024-03-16
1,09:41,"Foul personal (under the basket) Keisei Tominaga(Nebraska), foul on Anthony Leal(Indiana)",17 - 19,5252652,560804,560558,2024-03-16
1,09:42,"2pt driving layup (under the basket) missed by Xavier Johnson(Indiana), rebound offensive Anthony Leal(Indiana)",17 - 19,5252652,560804,560558,2024-03-16
1,10:08,"3pt jump shot (outside center) made by Brice Williams(Nebraska), assist Rienk Mast(Nebraska)",17 - 19,5252652,560804,560558,2024-03-16
1,10:26,"2pt layup (under the basket) made by Anthony Walker(Indiana), assist Malik Reneau(Indiana)",17 - 16,5252652,560804,560558,2024-03-16
1,10:46,"3pt jump shot (off turnover) (outside left) made by Jamarques Lawrence(Nebraska), assist Keisei Tominaga(Nebraska)",15 - 16,5252652,560804,560558,2024-03-16
1,10:49,Substitution Indiana: in Malik Reneau,15 - 13,5252652,560804,560558,2024-03-16
1,10:49,Substitution Indiana: out Kel'el Ware,15 - 13,5252652,560804,560558,2024-03-16
1,10:51,"Turnover bad pass (back court) Kel'el Ware(Indiana), steal Brice Williams(Nebraska)",15 - 13,5252652,560804,560558,2024-03-16
1,10:52,Turnover (under the basket) Sam Hoiberg(Nebraska),15 - 13,5252652,560804,560558,2024-03-16
1,10:57,"3pt pull up jump shot (fast break) (outside center) missed by Keisei Tominaga(Nebraska), rebound defensive Kel'el Ware(Indiana)",15 - 13,5252652,560804,560558,2024-03-16
1,11:06,"2pt step back jump shot (inside left) missed by Mackenzie Mgbako(Indiana), rebound defensive Rienk Mast(Nebraska)",15 - 13,5252652,560804,560558,2024-03-16
1,11:26,"2pt pull up jump shot (off turnover) (inside left) missed by Brice Williams(Nebraska), rebound defensive Xavier Johnson(Indiana)",15 - 13,5252652,560804,560558,2024-03-16
1,11:44,Substitution Indiana: in Anthony Walker,15 - 13,5252652,560804,560558,2024-03-16
1,11:44,Substitution Indiana: in Xavier Johnson,15 - 13,5252652,560804,560558,2024-03-16
1,11:44,Substitution Indiana: out Malik Reneau,15 - 13,5252652,560804,560558,2024-03-16
1,11:44,Substitution Indiana: out Gabe Cupps,15 - 13,5252652,560804,560558,2024-03-16
1,11:44,Substitution Nebraska: in Keisei Tominaga,15 - 13,5252652,560804,560558,2024-03-16
1,11:44,Substitution Nebraska: in Brice Williams,15 - 13,5252652,560804,560558,2024-03-16
1,11:44,Substitution Nebraska: out Juwan Gary,15 - 13,5252652,560804,560558,2024-03-16
1,11:44,Substitution Nebraska: out C.J. Wilcher,15 - 13,5252652,560804,560558,2024-03-16
1,11:44,Timeout commercial,15 - 13,5252652,560804,560558,2024-03-16
1,11:44,Turnover bad pass (inside right) Malik Reneau(Indiana),15 - 13,5252652,560804,560558,2024-03-16
1,11:53,"2pt layup (off turnover) (under the basket) missed by Kel'el Ware(Indiana), rebound offensive Mackenzie Mgbako(Indiana)",15 - 13,5252652,560804,560558,2024-03-16
1,12:08,"Turnover lost ball (in the paint) Rienk Mast(Nebraska), steal Kel'el Ware(Indiana)",15 - 13,5252652,560804,560558,2024-03-16
1,12:24,"3pt jump shot (outside left) missed by Rienk Mast(Nebraska), rebound offensive Juwan Gary(Nebraska)",15 - 13,5252652,560804,560558,2024-03-16
1,12:53,"3pt jump shot (2nd chance) (outside left) made by Mackenzie Mgbako(Indiana), assist Anthony Leal(Indiana)",15 - 13,5252652,560804,560558,2024-03-16
1,12:54,Substitution Nebraska: in Rienk Mast,12 - 13,5252652,560804,560558,2024-03-16
1,12:54,Substitution Nebraska: out Josiah Allick,12 - 13,5252652,560804,560558,2024-03-16
1,12:56,"2pt driving layup (in the paint) missed by Mackenzie Mgbako(Indiana), rebound offensive (team) Indiana",12 - 13,5252652,560804,560558,2024-03-16
1,13:23,"3pt jump shot (off turnover) (outside center) missed by C.J. Wilcher(Nebraska), rebound defensive (team) Indiana, rebound defensive (team) Indiana",12 - 13,5252652,560804,560558,2024-03-16
1,13:33,Substitution Indiana: in Anthony Leal,12 - 13,5252652,560804,560558,2024-03-16
1,13:33,Substitution Indiana: out Xavier Johnson,12 - 13,5252652,560804,560558,2024-03-16
1,13:33,Turnover bad pass (outside left) Gabe Cupps(Indiana),12 - 13,5252652,560804,560558,2024-03-16
1,13:50,"3pt jump shot (2nd chance) (outside left) made by C.J. Wilcher(Nebraska), assist Jamarques Lawrence(Nebraska)",12 - 13,5252652,560804,560558,2024-03-16
1,13:53,Substitution Nebraska: in Sam Hoiberg,12 - 10,5252652,560804,560558,2024-03-16
1,13:53,Substitution Nebraska: out Brice Williams,12 - 10,5252652,560804,560558,2024-03-16
1,13:54,"2pt pull up jump shot (in the paint) missed by Juwan Gary(Nebraska), rebound offensive (team) Nebraska",12 - 10,5252652,560804,560558,2024-03-16
1,14:17,"2pt driving layup (under the basket) made by Xavier Johnson(Indiana), assist Kel'el Ware(Indiana)",12 - 10,5252652,560804,560558,2024-03-16
1,14:39,"3pt jump shot (outside center) missed by Juwan Gary(Nebraska), rebound defensive Kel'el Ware(Indiana)",10 - 10,5252652,560804,560558,2024-03-16
1,14:53,Substitution Nebraska: in Jamarques Lawrence,10 - 10,5252652,560804,560558,2024-03-16
1,14:53,Substitution Nebraska: in C.J. Wilcher,10 - 10,5252652,560804,560558,2024-03-16
1,14:53,Substitution Nebraska: out Rienk Mast,10 - 10,5252652,560804,560558,2024-03-16
1,14:53,Substitution Nebraska: out Keisei Tominaga,10 - 10,5252652,560804,560558,2024-03-16
1,16:22,2pt layup (2nd chance;off turnover) (under the basket) made by Mackenzie Mgbako(Indiana),10 - 10,5252652,560804,560558,2024-03-16
1,14:53,"Foul personal (outside right) Gabe Cupps(Indiana), foul on Keisei Tominaga(Nebraska)",9 - 10,5252652,560804,560558,2024-03-16
1,15:02,"2pt layup (in the paint) made by Mackenzie Mgbako(Indiana), assist Gabe Cupps(Indiana)",9 - 10,5252652,560804,560558,2024-03-16
1,15:02,2pt (in the paint) missed by Indiana,7 - 10,5252652,560804,560558,2024-03-16
1,15:27,2pt floating jump shot (inside left) made by Brice Williams(Nebraska),7 - 10,5252652,560804,560558,2024-03-16
1,15:39,"2pt hook shot (in the paint) missed by Malik Reneau(Indiana), rebound defensive Rienk Mast(Nebraska)",7 - 8,5252652,560804,560558,2024-03-16
1,15:48,"2pt layup (in the paint) missed by Josiah Allick(Nebraska), rebound defensive Kel'el Ware(Indiana)",7 - 8,5252652,560804,560558,2024-03-16
1,16:05,"3pt jump shot (off turnover) (outside left) missed by Kel'el Ware(Indiana), rebound defensive Brice Williams(Nebraska)",7 - 8,5252652,560804,560558,2024-03-16
1,16:10,"Turnover bad pass (outside center) Juwan Gary(Nebraska), steal Gabe Cupps(Indiana)",7 - 8,5252652,560804,560558,2024-03-16
1,16:22,Free throw 2 of 2 made by Mackenzie Mgbako(Indiana),11 - 10,5252652,560804,560558,2024-03-16
1,16:22,Free throw 1 of 1 made by Mackenzie Mgbako(Indiana),10 - 10,5252652,560804,560558,2024-03-16
1,16:22,Foul personal (shooting;1 free throw) (under the basket) Juwan Gary(Nebraska),11 - 10,5252652,560804,560558,2024-03-16
1,16:24,"2pt layup (2nd chance;off turnover;blocked) (under the basket) missed by Mackenzie Mgbako(Indiana), block Juwan Gary(Nebraska), rebound offensive Mackenzie Mgbako(Indiana), block Rienk Mast(Nebraska)",5 - 8,5252652,560804,560558,2024-03-16
1,16:29,"2pt driving layup (off turnover;blocked;fast break) (under the basket) missed by Mackenzie Mgbako(Indiana), rebound offensive (team) Indiana",5 - 8,5252652,560804,560558,2024-03-16
1,16:33,"Turnover bad pass (outside left) Rienk Mast(Nebraska), steal Mackenzie Mgbako(Indiana)",5 - 8,5252652,560804,560558,2024-03-16
1,16:52,"3pt jump shot (outside left) missed by Gabe Cupps(Indiana), rebound defensive Josiah Allick(Nebraska)",5 - 8,5252652,560804,560558,2024-03-16
1,17:07,2pt driving layup (under the basket) made by Keisei Tominaga(Nebraska),5 - 8,5252652,560804,560558,2024-03-16
1,17:16,"3pt jump shot (outside center) missed by Mackenzie Mgbako(Indiana), rebound defensive Brice Williams(Nebraska)",5 - 6,5252652,560804,560558,2024-03-16
1,17:24,"3pt pull up jump shot (outside center) missed by Brice Williams(Nebraska), rebound defensive Mackenzie Mgbako(Indiana)",5 - 6,5252652,560804,560558,2024-03-16
1,17:39,3pt jump shot (outside right) made by Malik Reneau(Indiana),9 - 10,5252652,560804,560558,2024-03-16
1,18:04,3pt step back jump shot (outside right) made by Brice Williams(Nebraska),2 - 6,5252652,560804,560558,2024-03-16
1,18:15,"2pt hook shot (2nd chance) (in the paint) made by Malik Reneau(Indiana), assist Xavier Johnson(Indiana)",2 - 3,5252652,560804,560558,2024-03-16
1,18:26,"2pt floating jump shot (in the paint) missed by Malik Reneau(Indiana), rebound offensive Xavier Johnson(Indiana)",0 - 3,5252652,560804,560558,2024-03-16
1,18:46,"3pt jump shot (off turnover) (outside right) made by Brice Williams(Nebraska), assist Keisei Tominaga(Nebraska)",0 - 3,5252652,560804,560558,2024-03-16
1,18:56,"Turnover bad pass (inside left) Mackenzie Mgbako(Indiana), steal Keisei Tominaga(Nebraska)",0 - 0,5252652,560804,560558,2024-03-16
1,19:24,"2pt driving layup (2nd chance;off turnover;blocked) (in the paint) missed by Juwan Gary(Nebraska), block Kel'el Ware(Indiana), rebound defensive Xavier Johnson(Indiana)",0 - 0,5252652,560804,560558,2024-03-16
1,19:28,"Foul personal (under the basket) Xavier Johnson(Indiana), foul on Josiah Allick(Nebraska)",0 - 0,5252652,560804,560558,2024-03-16
1,19:30,"2pt driving layup (off turnover;blocked) (in the paint) missed by Josiah Allick(Nebraska), block Mackenzie Mgbako(Indiana), rebound offensive Josiah Allick(Nebraska), rebound offensive Josiah Allick(Nebraska)",0 - 0,5252652,560804,560558,2024-03-16
1,19:47,"Turnover bad pass (back court) Kel'el Ware(Indiana), steal Josiah Allick(Nebraska)",0 - 0,5252652,560804,560558,2024-03-16
1,19:47,Turnover (outside center) Nebraska,0 - 0,5252652,560804,560558,2024-03-16
1,20:00,"Jump ball start period, won Kel'el Ware(Indiana), lost Brice Williams(Nebraska)",0 - 0,5252652,560804,560558,2024-03-16
1,20:00,Period start,0 - 0,5252652,560804,560558,2024-03-16
1,20:00,Game start,0 - 0,5252652,560804,560558,2024-03-16
1,03:57,Timeout commercial,25 - 21,5251828,561220,560978,2024-03-16
1,03:57,"Foul offensive (back court) Mohamed Diarra(NC State), turnover offensive Mohamed Diarra(NC State), foul on Andrew Rohde(Virginia)",25 - 21,5251828,561220,560978,2024-03-16
1,04:08,Substitution Virginia: in Andrew Rohde,25 - 21,5251828,561220,560978,2024-03-16
1,04:08,Substitution Virginia: out Taine Murray,25 - 21,5251828,561220,560978,2024-03-16
1,04:08,Substitution NC State: in Casey Morsell,25 - 21,5251828,561220,560978,2024-03-16
1,04:08,Substitution NC State: out Jayden Taylor,25 - 21,5251828,561220,560978,2024-03-16
1,04:08,"Turnover lost ball (in the paint) Reece Beekman(Virginia), steal DJ Horne(NC State)",25 - 21,5251828,561220,560978,2024-03-16
1,04:20,"2pt jump shot (inside center) missed by Jayden Taylor(NC State), rebound defensive Reece Beekman(Virginia)",25 - 21,5251828,561220,560978,2024-03-16
1,04:33,"3pt jump shot (blocked) (outside left) missed by Isaac McKneely(Virginia), block Michael O'Connell(NC State), rebound defensive D.J. Burns Jr.(NC State), rebound defensive D.J. Burns Jr.(NC State)",25 - 21,5251828,561220,560978,2024-03-16
1,04:52,2pt hook shot (in the paint) made by D.J. Burns Jr.(NC State),25 - 21,5251828,561220,560978,2024-03-16
1,05:01,"Foul personal (in the paint) Jordan Minor(Virginia), foul on D.J. Burns Jr.(NC State)",23 - 21,5251828,561220,560978,2024-03-16
1,05:25,"2pt floating jump shot (in the paint) missed by Jordan Minor(Virginia), rebound defensive Michael O'Connell(NC State)",23 - 21,5251828,561220,560978,2024-03-16
1,05:47,"3pt jump shot (outside left) missed by Mohamed Diarra(NC State), rebound defensive Jordan Minor(Virginia)",23 - 21,5251828,561220,560978,2024-03-16
1,06:22,2pt pull up jump shot (off turnover) (in the paint) made by Reece Beekman(Virginia),23 - 21,5251828,561220,560978,2024-03-16
1,06:40,Substitution NC State: in D.J. Burns Jr.,23 - 19,5251828,561220,560978,2024-03-16
1,06:40,Substitution NC State: in Mohamed Diarra,23 - 19,5251828,561220,560978,2024-03-16
1,06:40,Substitution NC State: in DJ Horne,23 - 19,5251828,561220,560978,2024-03-16
1,06:40,Substitution NC State: out Ben Middlebrooks,23 - 19,5251828,561220,560978,2024-03-16
1,06:40,Substitution NC State: out Casey Morsell,23 - 19,5251828,561220,560978,2024-03-16
1,06:40,Substitution NC State: out Breon Pass,23 - 19,5251828,561220,560978,2024-03-16
1,06:40,Substitution Virginia: in Jordan Minor,23 - 19,5251828,561220,560978,2024-03-16
1,06:40,Substitution Virginia: out Jacob Groves,23 - 19,5251828,561220,560978,2024-03-16
1,06:40,Timeout commercial,23 - 19,5251828,561220,560978,2024-03-16
1,06:40,"Turnover bad pass (outside left) Michael O'Connell(NC State), steal Reece Beekman(Virginia)",23 - 19,5251828,561220,560978,2024-03-16
1,06:57,"3pt jump shot (outside right) missed by Reece Beekman(Virginia), rebound defensive Breon Pass(NC State)",23 - 19,5251828,561220,560978,2024-03-16
1,07:20,"2pt layup (under the basket) made by Ben Middlebrooks(NC State), assist Michael O'Connell(NC State)",23 - 19,5251828,561220,560978,2024-03-16
1,07:47,"3pt jump shot (outside left) made by Jacob Groves(Virginia), assist Reece Beekman(Virginia)",21 - 19,5251828,561220,560978,2024-03-16
1,08:01,Free throw 1 of 1 made by Ben Middlebrooks(NC State),21 - 16,5251828,561220,560978,2024-03-16
1,08:01,Substitution NC State: in Michael O'Connell,20 - 16,5251828,561220,560978,2024-03-16
1,08:01,Substitution NC State: out DJ Horne,20 - 16,5251828,561220,560978,2024-03-16
1,08:01,Foul personal (shooting;1 free throw) (under the basket) Jacob Groves(Virginia),20 - 16,5251828,561220,560978,2024-03-16
1,08:01,"2pt layup (under the basket) made by Ben Middlebrooks(NC State), assist Jayden Taylor(NC State)",20 - 16,5251828,561220,560978,2024-03-16
1,08:21,"2pt layup (in the paint) made by Ryan Dunn(Virginia), assist Reece Beekman(Virginia)",18 - 16,5251828,561220,560978,2024-03-16
1,08:41,Substitution Virginia: in Isaac McKneely,18 - 14,5251828,561220,560978,2024-03-16
1,08:41,Substitution Virginia: in Taine Murray,18 - 14,5251828,561220,560978,2024-03-16
1,08:41,Substitution Virginia: out Andrew Rohde,18 - 14,5251828,561220,560978,2024-03-16
1,08:41,Substitution Virginia: out Dante Harris,18 - 14,5251828,561220,560978,2024-03-16
1,08:41,2pt driving layup (off turnover;fast break) (under the basket) made by DJ Horne(NC State),18 - 14,5251828,561220,560978,2024-03-16
1,08:45,"Turnover lost ball (inside center) Reece Beekman(Virginia), steal Casey Morsell(NC State)",16 - 14,5251828,561220,560978,2024-03-16
1,09:13,"2pt layup (off turnover) (in the paint) made by Ben Middlebrooks(NC State), assist Breon Pass(NC State)",16 - 14,5251828,561220,560978,2024-03-16
1,09:34,Turnover shot clock (team) (under the basket) Virginia,14 - 14,5251828,561220,560978,2024-03-16
1,09:36,"2pt driving layup (off turnover;blocked) (under the basket) missed by Dante Harris(Virginia), block Breon Pass(NC State)",16 - 14,5251828,561220,560978,2024-03-16
1,10:05,Substitution NC State: in Breon Pass,14 - 14,5251828,561220,560978,2024-03-16
1,10:05,Substitution NC State: out Mohamed Diarra,14 - 14,5251828,561220,560978,2024-03-16
1,10:05,Substitution Virginia: in Ryan Dunn,14 - 14,5251828,561220,560978,2024-03-16
1,10:05,Substitution Virginia: in Reece Beekman,14 - 14,5251828,561220,560978,2024-03-16
1,10:05,Substitution Virginia: out Isaac McKneely,14 - 14,5251828,561220,560978,2024-03-16
1,10:05,Substitution Virginia: out Blake Buchanan,14 - 14,5251828,561220,560978,2024-03-16
1,10:05,Timeout commercial,14 - 14,5251828,561220,560978,2024-03-16
1,10:05,"Foul personal (back court) Ben Middlebrooks(NC State), foul on Dante Harris(Virginia)",14 - 14,5251828,561220,560978,2024-03-16
1,10:06,"Turnover lost ball (outside left) DJ Horne(NC State), steal Dante Harris(Virginia)",14 - 14,5251828,561220,560978,2024-03-16
1,10:18,"3pt jump shot (outside left) made by Isaac McKneely(Virginia), assist Jacob Groves(Virginia)",14 - 14,5251828,561220,560978,2024-03-16
1,10:44,2pt layup (in the paint) made by Ben Middlebrooks(NC State),14 - 11,5251828,561220,560978,2024-03-16
1,11:13,"2pt layup (under the basket) made by Isaac McKneely(Virginia), assist Andrew Rohde(Virginia)",12 - 11,5251828,561220,560978,2024-03-16
1,11:31,"3pt jump shot (outside left) missed by DJ Horne(NC State), rebound defensive Andrew Rohde(Virginia), rebound defensive Andrew Rohde(Virginia)",12 - 9,5251828,561220,560978,2024-03-16
1,11:41,"3pt jump shot (outside left) missed by Andrew Rohde(Virginia), rebound defensive Casey Morsell(NC State)",12 - 9,5251828,561220,560978,2024-03-16
1,12:10,"2pt layup (under the basket) made by Mohamed Diarra(NC State), assist Casey Morsell(NC State)",12 - 9,5251828,561220,560978,2024-03-16
1,12:32,"2pt pull up jump shot (inside left) missed by Dante Harris(Virginia), rebound defensive Ben Middlebrooks(NC State)",10 - 9,5251828,561220,560978,2024-03-16
1,13:00,Free throw 2 of 2 made by Ben Middlebrooks(NC State),10 - 9,5251828,561220,560978,2024-03-16
1,13:00,Substitution NC State: in Casey Morsell,9 - 9,5251828,561220,560978,2024-03-16
1,13:00,Substitution NC State: out Michael O'Connell,9 - 9,5251828,561220,560978,2024-03-16
1,13:00,Substitution Virginia: in Dante Harris,9 - 9,5251828,561220,560978,2024-03-16
1,13:00,Substitution Virginia: out Reece Beekman,9 - 9,5251828,561220,560978,2024-03-16
1,13:00,"Free throw 1 of 2 missed by Ben Middlebrooks(NC State), rebound offensive dead ball NC State",9 - 9,5251828,561220,560978,2024-03-16
1,13:00,Foul personal (shooting;2 free throws) (under the basket) Blake Buchanan(Virginia),9 - 9,5251828,561220,560978,2024-03-16
1,13:11,"2pt driving layup (blocked) (in the paint) missed by Jacob Groves(Virginia), block Ben Middlebrooks(NC State), rebound defensive Ben Middlebrooks(NC State), rebound defensive Ben Middlebrooks(NC State)",9 - 9,5251828,561220,560978,2024-03-16
1,13:31,"3pt jump shot (outside left) made by Mohamed Diarra(NC State), assist DJ Horne(NC State)",9 - 9,5251828,561220,560978,2024-03-16
1,13:46,Free throw 2 of 2 made by Reece Beekman(Virginia),6 - 9,5251828,561220,560978,2024-03-16
1,13:46,Substitution NC State: in Ben Middlebrooks,6 - 8,5251828,561220,560978,2024-03-16
1,13:46,Substitution NC State: in Jayden Taylor,6 - 8,5251828,561220,560978,2024-03-16
1,13:46,Substitution NC State: out D.J. Burns Jr.,6 - 8,5251828,561220,560978,2024-03-16
1,13:46,Substitution NC State: out Casey Morsell,6 - 8,5251828,561220,560978,2024-03-16
1,13:46,Substitution Virginia: in Blake Buchanan,6 - 8,5251828,561220,560978,2024-03-16
1,13:46,Substitution Virginia: out Jordan Minor,6 - 8,5251828,561220,560978,2024-03-16
1,13:46,Free throw 1 of 2 made by Reece Beekman(Virginia),6 - 8,5251828,561220,560978,2024-03-16
1,13:46,Foul personal (shooting;2 free throws) (in the paint) Casey Morsell(NC State),6 - 7,5251828,561220,560978,2024-03-16
1,14:07,"3pt pull up jump shot (outside right) missed by DJ Horne(NC State), rebound defensive Andrew Rohde(Virginia)",6 - 7,5251828,561220,560978,2024-03-16
1,14:18,"3pt jump shot (outside center) missed by Andrew Rohde(Virginia), rebound defensive Mohamed Diarra(NC State)",6 - 7,5251828,561220,560978,2024-03-16
1,14:42,2pt layup (under the basket) made by D.J. Burns Jr.(NC State),6 - 7,5251828,561220,560978,2024-03-16
1,15:05,"2pt layup (off turnover;blocked) (under the basket) missed by Jordan Minor(Virginia), block DJ Horne(NC State), rebound defensive Mohamed Diarra(NC State)",4 - 7,5251828,561220,560978,2024-03-16
1,15:15,"Turnover bad pass (in the paint) D.J. Burns Jr.(NC State), steal Jacob Groves(Virginia)",4 - 7,5251828,561220,560978,2024-03-16
1,15:25,Substitution Virginia: in Jacob Groves,4 - 7,5251828,561220,560978,2024-03-16
1,15:25,Substitution Virginia: in Andrew Rohde,4 - 7,5251828,561220,560978,2024-03-16
1,15:25,Substitution Virginia: out Ryan Dunn,4 - 7,5251828,561220,560978,2024-03-16
1,15:25,Substitution Virginia: out Taine Murray,4 - 7,5251828,561220,560978,2024-03-16
1,15:25,Timeout commercial,4 - 7,5251828,561220,560978,2024-03-16
1,15:25,"Foul personal (in the paint) Ryan Dunn(Virginia), foul on Casey Morsell(NC State)",4 - 7,5251828,561220,560978,2024-03-16
1,15:27,"2pt jump shot (inside right) missed by D.J. Burns Jr.(NC State), rebound offensive Casey Morsell(NC State)",4 - 7,5251828,561220,560978,2024-03-16
1,15:50,2pt layup (2nd chance) (under the basket) made by Jordan Minor(Virginia),4 - 7,5251828,561220,560978,2024-03-16
1,15:53,"3pt jump shot (2nd chance) (outside left) missed by Isaac McKneely(Virginia), rebound offensive Jordan Minor(Virginia), rebound offensive Jordan Minor(Virginia)",4 - 5,5251828,561220,560978,2024-03-16
1,16:03,"2pt driving layup (2nd chance;blocked) (under the basket) missed by Taine Murray(Virginia), block Mohamed Diarra(NC State), rebound offensive Jordan Minor(Virginia)",4 - 5,5251828,561220,560978,2024-03-16
1,16:19,"3pt jump shot (outside left) missed by Isaac McKneely(Virginia), rebound offensive Jordan Minor(Virginia), rebound offensive Jordan Minor(Virginia)",4 - 5,5251828,561220,560978,2024-03-16
1,16:40,"2pt jump shot (inside left) made by Casey Morsell(NC State), assist Michael O'Connell(NC State)",4 - 5,5251828,561220,560978,2024-03-16
1,16:41,Substitution NC State: in DJ Horne,2 - 5,5251828,561220,560978,2024-03-16
1,16:41,Substitution NC State: out Jayden Taylor,2 - 5,5251828,561220,560978,2024-03-16
1,17:13,2pt dunk (under the basket) made by Ryan Dunn(Virginia),2 - 5,5251828,561220,560978,2024-03-16
1,17:35,2pt hook shot (in the paint) made by D.J. Burns Jr.(NC State),2 - 3,5251828,561220,560978,2024-03-16
1,17:50,"3pt jump shot (outside right) missed by Taine Murray(Virginia), rebound defensive Mohamed Diarra(NC State)",0 - 3,5251828,561220,560978,2024-03-16
1,18:10,"3pt jump shot (outside left) missed by Mohamed Diarra(NC State), rebound defensive Reece Beekman(Virginia)",0 - 3,5251828,561220,560978,2024-03-16
1,18:25,"2pt pull up jump shot (2nd chance) (in the paint) missed by Ryan Dunn(Virginia), rebound defensive Michael O'Connell(NC State)",0 - 3,5251828,561220,560978,2024-03-16
1,18:40,"2pt jump shot (inside left) missed by Isaac McKneely(Virginia), rebound offensive (team) Virginia",0 - 3,5251828,561220,560978,2024-03-16
1,19:05,"2pt step back jump shot (2nd chance) (inside left) missed by D.J. Burns Jr.(NC State), rebound defensive Ryan Dunn(Virginia), rebound defensive Ryan Dunn(Virginia)",0 - 3,5251828,561220,560978,2024-03-16
1,19:14,"2pt driving layup (in the paint) missed by Casey Morsell(NC State), rebound offensive (team) NC State",0 - 3,5251828,561220,560978,2024-03-16
1,19:36,"3pt jump shot (outside center) made by Isaac McKneely(Virginia), assist Reece Beekman(Virginia)",0 - 3,5251828,561220,560978,2024-03-16
1,20:00,"Jump ball start period, won Ryan Dunn(Virginia), lost Mohamed Diarra(NC State)",0 - 0,5251828,561220,560978,2024-03-16
1,20:00,Period start,0 - 0,5251828,561220,560978,2024-03-16
1,20:00,Game start,0 - 0,5251828,561220,560978,2024-03-16
1,04:26,Foul personal (shooting;2 free throws) (in the paint) Chris Craig(Texas Southern),23 - 29,5252507,561174,560654,2024-03-16
1,04:47,2pt (off turnover) (under the basket) made by Chris Craig(Texas Southern),23 - 29,5252507,561174,560654,2024-03-16
1,04:52,"Turnover bad pass (outside left) Omari Peek(Alabama A&M), steal Chris Craig(Texas Southern)",23 - 27,5252507,561174,560654,2024-03-16
1,05:16,"3pt jump shot (outside right wing) made by Jaylen Wysinger(Texas Southern), assist Chris Craig(Texas Southern)",23 - 27,5252507,561174,560654,2024-03-16
1,05:38,2pt (in the paint) made by Omari Peek(Alabama A&M),23 - 24,5252507,561174,560654,2024-03-16
1,05:49,"2pt dunk (fast break) (under the basket) made by Jaylen Wysinger(Texas Southern), assist Jonathan Cisse(Texas Southern)",21 - 24,5252507,561174,560654,2024-03-16
1,05:55,"3pt jump shot (outside center) missed by Omari Peek(Alabama A&M), rebound defensive Jonathan Cisse(Texas Southern)",21 - 22,5252507,561174,560654,2024-03-16
1,06:03,"2pt driving layup (in the paint) missed by Jaylen Wysinger(Texas Southern), rebound defensive Chad Moodie(Alabama A&M)",21 - 22,5252507,561174,560654,2024-03-16
1,06:19,Free throw 2 of 2 (off turnover) made by Omari Peek(Alabama A&M),21 - 22,5252507,561174,560654,2024-03-16
1,06:19,Foul personal (shooting;2 free throws) (under the basket) Xavier Ball(Texas Southern),19 - 22,5252507,561174,560654,2024-03-16
1,06:25,Substitution Texas Southern: in Xavier Ball,19 - 22,5252507,561174,560654,2024-03-16
1,06:25,Substitution Texas Southern: out Kenny Hunter,19 - 22,5252507,561174,560654,2024-03-16
1,06:25,Turnover bad pass (back court) Kenny Hunter(Texas Southern),19 - 22,5252507,561174,560654,2024-03-16
1,06:37,Substitution Texas Southern: in Jaylen Wysinger,21 - 22,5252507,561174,560654,2024-03-16
1,06:37,Substitution Texas Southern: out PJ Henry,21 - 22,5252507,561174,560654,2024-03-16
1,06:37,2pt layup (off turnover) (under the basket) made by Omari Peek(Alabama A&M),19 - 22,5252507,561174,560654,2024-03-16
1,06:38,"Turnover lost ball (back court) PJ Henry(Texas Southern), steal Omari Peek(Alabama A&M)",19 - 22,5252507,561174,560654,2024-03-16
1,06:46,Free throw 1 of 2 (2nd chance) made by Omari Peek(Alabama A&M),16 - 22,5252507,561174,560654,2024-03-16
1,06:46,"Foul personal (shooting) (under the basket) Kenny Hunter(Texas Southern), foul on Lorenzo Downey(Alabama A&M)",15 - 22,5252507,561174,560654,2024-03-16
1,06:50,"3pt pull up jump shot (outside right) missed by Caleb Blackwell(Alabama A&M), rebound offensive Lorenzo Downey(Alabama A&M)",15 - 22,5252507,561174,560654,2024-03-16
1,06:57,"2pt driving layup (blocked) (under the basket) missed by Jonathan Cisse(Texas Southern), block Chad Moodie(Alabama A&M), rebound defensive Omari Peek(Alabama A&M)",15 - 22,5252507,561174,560654,2024-03-16
1,07:15,"2pt dunk (under the basket) made by Chad Moodie(Alabama A&M), assist Cameron Tucker(Alabama A&M)",15 - 22,5252507,561174,560654,2024-03-16
1,07:31,"3pt jump shot (outside center) missed by Deon Stroud(Texas Southern), rebound defensive Chad Moodie(Alabama A&M)",13 - 22,5252507,561174,560654,2024-03-16
1,07:43,Substitution Alabama A&M: in Caleb Blackwell,13 - 22,5252507,561174,560654,2024-03-16
1,07:43,Substitution Alabama A&M: out Dylan Mclean,13 - 22,5252507,561174,560654,2024-03-16
1,07:43,Substitution Texas Southern: in Jonathan Cisse,13 - 22,5252507,561174,560654,2024-03-16
1,07:43,Timeout commercial,13 - 22,5252507,561174,560654,2024-03-16
1,07:43,"Foul (inside center) Dylan Mclean(Alabama A&M), foul on PJ Henry(Texas Southern)",13 - 22,5252507,561174,560654,2024-03-16
1,07:57,2pt driving layup (off turnover) (under the basket) made by Cameron Tucker(Alabama A&M),13 - 22,5252507,561174,560654,2024-03-16
1,08:18,Substitution Texas Southern: in Kenny Hunter,11 - 22,5252507,561174,560654,2024-03-16
1,08:18,Substitution Texas Southern: out Grayson Carter,11 - 22,5252507,561174,560654,2024-03-16
1,08:18,"Foul personal (back court) Grayson Carter(Texas Southern), foul on Cameron Tucker(Alabama A&M)",11 - 22,5252507,561174,560654,2024-03-16
1,08:18,"Turnover bad pass (under the basket) Jaylen Wysinger(Texas Southern), steal Cameron Tucker(Alabama A&M)",11 - 22,5252507,561174,560654,2024-03-16
1,08:38,"Turnover lost ball Omari Peek(Alabama A&M), steal Chris Craig(Texas Southern)",11 - 22,5252507,561174,560654,2024-03-16
1,08:43,"2pt pull up jump shot (inside left) missed by PJ Henry(Texas Southern), rebound defensive Omari Peek(Alabama A&M)",11 - 22,5252507,561174,560654,2024-03-16
1,09:13,Free throw 2 of 2 made by Lorenzo Downey(Alabama A&M),11 - 22,5252507,561174,560654,2024-03-16
1,09:13,Substitution Alabama A&M: in Cameron Tucker,10 - 22,5252507,561174,560654,2024-03-16
1,09:13,Substitution Alabama A&M: out Caleb Blackwell,10 - 22,5252507,561174,560654,2024-03-16
1,09:13,"Foul personal (shooting) (under the basket) Chris Craig(Texas Southern), foul on Lorenzo Downey(Alabama A&M)",9 - 22,5252507,561174,560654,2024-03-16
1,09:35,Substitution Alabama A&M: in Lorenzo Downey,9 - 22,5252507,561174,560654,2024-03-16
1,09:35,Substitution Alabama A&M: in Omari Peek,9 - 22,5252507,561174,560654,2024-03-16
1,09:35,Substitution Alabama A&M: out Eric Lee,9 - 22,5252507,561174,560654,2024-03-16
1,09:35,Substitution Alabama A&M: out Jayland Randall,9 - 22,5252507,561174,560654,2024-03-16
1,09:35,Substitution Texas Southern: in Grayson Carter,9 - 22,5252507,561174,560654,2024-03-16
1,09:35,Substitution Texas Southern: in PJ Henry,9 - 22,5252507,561174,560654,2024-03-16
1,09:35,Substitution Texas Southern: out Jonathan Cisse,9 - 22,5252507,561174,560654,2024-03-16
1,09:35,Timeout short Alabama A&M,9 - 22,5252507,561174,560654,2024-03-16
1,09:37,"2pt dunk (fast break) (under the basket) made by Chris Craig(Texas Southern), assist Jaylen Wysinger(Texas Southern)",9 - 22,5252507,561174,560654,2024-03-16
1,09:43,"2pt driving layup (under the basket) missed by Chad Moodie(Alabama A&M), rebound defensive Jaylen Wysinger(Texas Southern)",9 - 20,5252507,561174,560654,2024-03-16
1,10:03,2pt driving layup (under the basket) made by Jonathan Cisse(Texas Southern),9 - 20,5252507,561174,560654,2024-03-16
1,10:15,"2pt floating jump shot (inside right) missed by Jayland Randall(Alabama A&M), rebound defensive Kenny Hunter(Texas Southern)",9 - 18,5252507,561174,560654,2024-03-16
1,10:34,"2pt layup (under the basket) missed by Chris Craig(Texas Southern), rebound defensive Dylan Mclean(Alabama A&M)",9 - 18,5252507,561174,560654,2024-03-16
1,10:46,"3pt jump shot (outside center) missed by Dylan Mclean(Alabama A&M), rebound defensive Chris Craig(Texas Southern)",9 - 18,5252507,561174,560654,2024-03-16
1,11:05,2pt pull up jump shot (inside right) made by Jaylen Wysinger(Texas Southern),9 - 18,5252507,561174,560654,2024-03-16
1,11:27,2pt layup (2nd chance) (under the basket) made by Jayland Randall(Alabama A&M),9 - 16,5252507,561174,560654,2024-03-16
1,11:33,3pt jump shot (outside right) missed by Caleb Blackwell(Alabama A&M),7 - 16,5252507,561174,560654,2024-03-16
1,11:43,"2pt pull up jump shot (inside right) missed by Jonathan Cisse(Texas Southern), rebound defensive Chad Moodie(Alabama A&M)",7 - 16,5252507,561174,560654,2024-03-16
1,11:56,Free throw 2 of 2 made by Eric Lee(Alabama A&M),7 - 16,5252507,561174,560654,2024-03-16
1,11:56,"Free throw 1 of 2 missed by Eric Lee(Alabama A&M), rebound offensive dead ball Alabama A&M",6 - 16,5252507,561174,560654,2024-03-16
1,11:56,Timeout commercial,6 - 16,5252507,561174,560654,2024-03-16
1,11:56,"Foul personal (in the paint) Jaylen Wysinger(Texas Southern), foul on Eric Lee(Alabama A&M)",6 - 16,5252507,561174,560654,2024-03-16
1,12:20,Substitution Alabama A&M: in Dylan Mclean,6 - 16,5252507,561174,560654,2024-03-16
1,12:20,Substitution Alabama A&M: out Lorenzo Downey,6 - 16,5252507,561174,560654,2024-03-16
1,12:20,Substitution Texas Southern: in Jaylen Wysinger,6 - 16,5252507,561174,560654,2024-03-16
1,12:20,Substitution Texas Southern: in Chris Craig,6 - 16,5252507,561174,560654,2024-03-16
1,12:20,Substitution Texas Southern: out Grayson Carter,6 - 16,5252507,561174,560654,2024-03-16
1,12:20,Substitution Texas Southern: out PJ Henry,6 - 16,5252507,561174,560654,2024-03-16
1,12:20,"Foul personal (loose ball) (back court) Grayson Carter(Texas Southern), foul on Lorenzo Downey(Alabama A&M)",6 - 16,5252507,561174,560654,2024-03-16
1,12:22,3pt pull up jump shot (outside left) missed by PJ Henry(Texas Southern),6 - 16,5252507,561174,560654,2024-03-16
1,12:42,"3pt jump shot (outside left) missed by Jayland Randall(Alabama A&M), rebound defensive Jonathan Cisse(Texas Southern)",6 - 16,5252507,561174,560654,2024-03-16
1,12:51,2pt pull up jump shot (inside left) made by PJ Henry(Texas Southern),6 - 16,5252507,561174,560654,2024-03-16
1,13:03,"Foul personal (outside right) Caleb Blackwell(Alabama A&M), foul on PJ Henry(Texas Southern)",6 - 14,5252507,561174,560654,2024-03-16
1,13:24,2pt driving layup (under the basket) made by Jayland Randall(Alabama A&M),6 - 14,5252507,561174,560654,2024-03-16
1,13:49,2pt floating jump shot (off turnover) (in the paint) missed by Jonathan Cisse(Texas Southern),4 - 14,5252507,561174,560654,2024-03-16
1,14:10,Substitution Alabama A&M: in Eric Lee,4 - 14,5252507,561174,560654,2024-03-16
1,14:10,Substitution Alabama A&M: in Caleb Blackwell,4 - 14,5252507,561174,560654,2024-03-16
1,14:10,Substitution Alabama A&M: out Austin Harvell,4 - 14,5252507,561174,560654,2024-03-16
1,14:10,Substitution Alabama A&M: out Cameron Tucker,4 - 14,5252507,561174,560654,2024-03-16
1,14:10,Turnover (back court) Cameron Tucker(Alabama A&M),4 - 14,5252507,561174,560654,2024-03-16
1,14:18,2pt floating jump shot (in the paint) made by PJ Henry(Texas Southern),4 - 14,5252507,561174,560654,2024-03-16
1,14:33,2pt layup (under the basket) made by Lorenzo Downey(Alabama A&M),4 - 12,5252507,561174,560654,2024-03-16
1,14:42,"3pt jump shot (outside center) missed by Grayson Carter(Texas Southern), rebound defensive Jayland Randall(Alabama A&M)",2 - 12,5252507,561174,560654,2024-03-16
1,15:07,"2pt layup (under the basket) missed by Cameron Tucker(Alabama A&M), rebound defensive Grayson Carter(Texas Southern)",2 - 12,5252507,561174,560654,2024-03-16
1,15:35,Free throw 1 of 2 made by Jonathan Cisse(Texas Southern),2 - 12,5252507,561174,560654,2024-03-16
1,15:35,Foul personal (shooting;2 free throws) (under the basket) Jayland Randall(Alabama A&M),2 - 11,5252507,561174,560654,2024-03-16
1,15:43,"Foul personal (inside left) Cameron Tucker(Alabama A&M), foul on Deon Stroud(Texas Southern)",2 - 11,5252507,561174,560654,2024-03-16
1,15:51,"2pt turnaround jump shot (inside center) missed by Austin Harvell(Alabama A&M), rebound defensive Kenny Hunter(Texas Southern)",2 - 11,5252507,561174,560654,2024-03-16
1,16:06,Substitution Alabama A&M: in Chad Moodie,2 - 11,5252507,561174,560654,2024-03-16
1,16:06,Substitution Alabama A&M: in Austin Harvell,2 - 11,5252507,561174,560654,2024-03-16
1,16:06,Substitution Alabama A&M: in Jayland Randall,2 - 11,5252507,561174,560654,2024-03-16
1,16:06,Substitution Alabama A&M: out EJ Williams,2 - 11,5252507,561174,560654,2024-03-16
1,16:06,Substitution Alabama A&M: out Darius Osborne,2 - 11,5252507,561174,560654,2024-03-16
1,16:06,Timeout commercial,2 - 11,5252507,561174,560654,2024-03-16
1,16:05,Timeout short Alabama A&M,2 - 11,5252507,561174,560654,2024-03-16
1,16:07,2pt pull up jump shot (off turnover) (inside right) made by PJ Henry(Texas Southern),2 - 11,5252507,561174,560654,2024-03-16
1,16:18,"Turnover bad pass (inside center) Darius Osborne(Alabama A&M), steal Kenny Hunter(Texas Southern)",2 - 9,5252507,561174,560654,2024-03-16
1,16:35,2pt (in the paint) made by Jonathan Cisse(Texas Southern),2 - 9,5252507,561174,560654,2024-03-16
1,17:06,"2pt pull up jump shot (in the paint) made by EJ Williams(Alabama A&M), assist Omari Peek(Alabama A&M)",2 - 7,5252507,561174,560654,2024-03-16
1,17:06,2pt (in the paint) missed by Alabama A&M,0 - 7,5252507,561174,560654,2024-03-16
1,17:31,"3pt jump shot (outside left) made by PJ Henry(Texas Southern), assist Deon Stroud(Texas Southern)",0 - 7,5252507,561174,560654,2024-03-16
1,17:43,"2pt (off turnover) (under the basket) missed by Cameron Tucker(Alabama A&M), rebound defensive PJ Henry(Texas Southern)",0 - 4,5252507,561174,560654,2024-03-16
1,17:49,"Turnover lost ball (inside center) PJ Henry(Texas Southern), steal Cameron Tucker(Alabama A&M)",0 - 4,5252507,561174,560654,2024-03-16
1,17:57,"2pt layup (under the basket) missed by Omari Peek(Alabama A&M), rebound defensive Kenny Hunter(Texas Southern)",0 - 4,5252507,561174,560654,2024-03-16
1,18:16,"2pt driving layup (off turnover;blocked) (under the basket) missed by Jonathan Cisse(Texas Southern), block Darius Osborne(Alabama A&M)",0 - 4,5252507,561174,560654,2024-03-16
1,18:32,Turnover bad pass (inside right) Darius Osborne(Alabama A&M),0 - 4,5252507,561174,560654,2024-03-16
1,18:48,2pt (off turnover) (under the basket) made by Jonathan Cisse(Texas Southern),0 - 4,5252507,561174,560654,2024-03-16
1,18:54,"Turnover bad pass (under the basket) Cameron Tucker(Alabama A&M), steal Grayson Carter(Texas Southern)",0 - 2,5252507,561174,560654,2024-03-16
1,19:04,2pt driving layup (under the basket) made by Deon Stroud(Texas Southern),0 - 2,5252507,561174,560654,2024-03-16
1,19:32,"3pt pull up jump shot (outside right) missed by Cameron Tucker(Alabama A&M), rebound defensive (team) Texas Southern",0 - 0,5252507,561174,560654,2024-03-16
1,20:00,"Jump ball start period, won Darius Osborne(Alabama A&M), lost Kenny Hunter(Texas Southern)",0 - 0,5252507,561174,560654,2024-03-16
1,20:00,Period start,0 - 0,5252507,561174,560654,2024-03-16
1,12:18,"Foul personal (inside right) Denzel Aberdeen(UFL), foul on Mark Sears(ALA)",10 - 15,5252548,560658,560908,2024-03-16
1,12:29,"Free throw 2 of 2 missed by Alex Condon(UFL), rebound defensive Sam Walters(ALA)",10 - 15,5252548,560658,560908,2024-03-16
1,12:29,Substitution UFL: in Denzel Aberdeen,10 - 15,5252548,560658,560908,2024-03-16
1,12:29,Substitution UFL: out Zyon Pullin,10 - 15,5252548,560658,560908,2024-03-16
1,12:29,Free throw 1 of 2 made by Alex Condon(UFL),10 - 15,5252548,560658,560908,2024-03-16
1,12:29,Foul personal (shooting;2 free throws) (in the paint) Nick Pringle(ALA),9 - 15,5252548,560658,560908,2024-03-16
1,12:43,2pt hook shot (2nd chance) (in the paint) made by Grant Nelson(ALA),9 - 15,5252548,560658,560908,2024-03-16
1,13:01,Substitution UFL: in Walter Clayton Jr.,9 - 13,5252548,560658,560908,2024-03-16
1,13:01,Substitution UFL: out Will Richard,9 - 13,5252548,560658,560908,2024-03-16
1,13:01,"Foul personal (in the paint) Alex Condon(UFL), foul on Nick Pringle(ALA)",9 - 13,5252548,560658,560908,2024-03-16
1,13:03,"3pt jump shot (outside right) missed by Sam Walters(ALA), rebound offensive Nick Pringle(ALA)",9 - 13,5252548,560658,560908,2024-03-16
1,13:25,"3pt jump shot (outside left) missed by Will Richard(UFL), rebound defensive Nick Pringle(ALA)",9 - 13,5252548,560658,560908,2024-03-16
1,13:37,Jump ball held ball UFL,9 - 13,5252548,560658,560908,2024-03-16
1,13:37,"2pt layup (off turnover) (under the basket) missed by Aaron Estrada(ALA), rebound defensive Thomas Haugh(UFL)",9 - 13,5252548,560658,560908,2024-03-16
1,13:43,"Turnover bad pass (inside left) Riley Kugel(UFL), steal Aaron Estrada(ALA)",9 - 13,5252548,560658,560908,2024-03-16
1,13:54,Substitution ALA: in Aaron Estrada,9 - 13,5252548,560658,560908,2024-03-16
1,13:54,Substitution ALA: out Latrell Wrightsell Jr.,9 - 13,5252548,560658,560908,2024-03-16
1,13:54,"Foul personal (outside center) Latrell Wrightsell Jr.(ALA), foul on Alex Condon(UFL)",9 - 13,5252548,560658,560908,2024-03-16
1,14:09,Substitution ALA: in Sam Walters,9 - 13,5252548,560658,560908,2024-03-16
1,14:09,Substitution ALA: out Rylan Griffen,9 - 13,5252548,560658,560908,2024-03-16
1,14:11,"Turnover bad pass (inside right) Rylan Griffen(ALA), steal Alex Condon(UFL)",9 - 13,5252548,560658,560908,2024-03-16
1,14:17,Substitution UFL: in Thomas Haugh,9 - 13,5252548,560658,560908,2024-03-16
1,14:17,Substitution UFL: out Micah Handlogten,9 - 13,5252548,560658,560908,2024-03-16
1,14:17,Substitution ALA: in Nick Pringle,9 - 13,5252548,560658,560908,2024-03-16
1,14:17,Substitution ALA: in Latrell Wrightsell Jr.,9 - 13,5252548,560658,560908,2024-03-16
1,14:17,Substitution ALA: in Grant Nelson,9 - 13,5252548,560658,560908,2024-03-16
1,14:17,Substitution ALA: out Aaron Estrada,9 - 13,5252548,560658,560908,2024-03-16
1,14:17,Substitution ALA: out Jarin Stevenson,9 - 13,5252548,560658,560908,2024-03-16
1,14:17,Substitution ALA: out Mohamed Wague,9 - 13,5252548,560658,560908,2024-03-16
1,14:22,"3pt jump shot (outside right) missed by Mark Sears(ALA), rebound offensive Mohamed Wague(ALA)",9 - 13,5252548,560658,560908,2024-03-16
1,14:31,"2pt jump shot (in the paint) made by Alex Condon(UFL), assist Zyon Pullin(UFL)",9 - 13,5252548,560658,560908,2024-03-16
1,14:52,2pt layup (under the basket) made by Mark Sears(ALA),7 - 13,5252548,560658,560908,2024-03-16
1,15:15,2pt turnaround jump shot (inside right) made by Alex Condon(UFL),7 - 11,5252548,560658,560908,2024-03-16
1,15:33,"2pt jump shot (off turnover) (in the paint) missed by Mark Sears(ALA), rebound defensive (team) UFL",5 - 11,5252548,560658,560908,2024-03-16
1,15:49,"Foul offensive (back court) Zyon Pullin(UFL), turnover offensive Zyon Pullin(UFL), foul on Mark Sears(ALA)",5 - 11,5252548,560658,560908,2024-03-16
1,16:00,Substitution UFL: in Alex Condon,5 - 11,5252548,560658,560908,2024-03-16
1,16:00,Substitution UFL: in Riley Kugel,5 - 11,5252548,560658,560908,2024-03-16
1,16:00,Substitution UFL: out Tyrese Samuel,5 - 11,5252548,560658,560908,2024-03-16
1,16:00,Substitution UFL: out Walter Clayton Jr.,5 - 11,5252548,560658,560908,2024-03-16
1,16:00,Substitution ALA: in Mohamed Wague,5 - 11,5252548,560658,560908,2024-03-16
1,16:00,Substitution ALA: out Grant Nelson,5 - 11,5252548,560658,560908,2024-03-16
1,16:00,Timeout commercial,5 - 11,5252548,560658,560908,2024-03-16
1,16:00,"Foul personal (in the paint) Grant Nelson(ALA), foul on Micah Handlogten(UFL)",5 - 11,5252548,560658,560908,2024-03-16
1,16:01,"2pt jump shot (in the paint) missed by Walter Clayton Jr.(UFL), rebound offensive Micah Handlogten(UFL)",5 - 11,5252548,560658,560908,2024-03-16
1,16:11,"3pt jump shot (outside left) missed by Rylan Griffen(ALA), rebound defensive Zyon Pullin(UFL)",5 - 11,5252548,560658,560908,2024-03-16
1,16:15,"Foul personal (outside center) Walter Clayton Jr.(UFL), foul on Rylan Griffen(ALA)",5 - 11,5252548,560658,560908,2024-03-16
1,16:19,"3pt jump shot (off turnover) (outside center) missed by Walter Clayton Jr.(UFL), rebound defensive Rylan Griffen(ALA)",5 - 11,5252548,560658,560908,2024-03-16
1,16:44,Substitution ALA: in Jarin Stevenson,5 - 11,5252548,560658,560908,2024-03-16
1,16:44,Substitution ALA: in Rylan Griffen,5 - 11,5252548,560658,560908,2024-03-16
1,16:44,Substitution ALA: out Nick Pringle,5 - 11,5252548,560658,560908,2024-03-16
1,16:44,Substitution ALA: out Latrell Wrightsell Jr.,5 - 11,5252548,560658,560908,2024-03-16
1,16:44,"Foul offensive (in the paint) Latrell Wrightsell Jr.(ALA), turnover offensive Latrell Wrightsell Jr.(ALA), foul on Walter Clayton Jr.(UFL)",5 - 11,5252548,560658,560908,2024-03-16
1,16:57,2pt layup (off turnover;fast break) (in the paint) made by Walter Clayton Jr.(UFL),5 - 11,5252548,560658,560908,2024-03-16
1,17:03,"Turnover lost ball (under the basket) Mark Sears(ALA), steal Tyrese Samuel(UFL)",3 - 11,5252548,560658,560908,2024-03-16
1,17:13,"2pt jump shot (in the paint) missed by Tyrese Samuel(UFL), rebound defensive Mark Sears(ALA)",3 - 11,5252548,560658,560908,2024-03-16
1,17:24,"3pt jump shot (outside right) made by Aaron Estrada(ALA), assist Mark Sears(ALA)",3 - 11,5252548,560658,560908,2024-03-16
1,17:34,"3pt jump shot (fast break) (outside left) made by Will Richard(UFL), assist Zyon Pullin(UFL)",3 - 8,5252548,560658,560908,2024-03-16
1,17:38,"2pt dunk (under the basket) missed by Nick Pringle(ALA), rebound defensive Zyon Pullin(UFL)",0 - 8,5252548,560658,560908,2024-03-16
1,17:55,"3pt jump shot (outside left) missed by Zyon Pullin(UFL), rebound defensive (team) ALA",0 - 8,5252548,560658,560908,2024-03-16
1,18:05,Timeout short UFL,0 - 8,5252548,560658,560908,2024-03-16
1,18:06,"2pt layup (under the basket) made by Grant Nelson(ALA), assist Aaron Estrada(ALA)",0 - 8,5252548,560658,560908,2024-03-16
1,18:18,"3pt jump shot (outside left) missed by Walter Clayton Jr.(UFL), rebound defensive Latrell Wrightsell Jr.(ALA)",0 - 6,5252548,560658,560908,2024-03-16
1,18:30,"2pt layup (under the basket) made by Grant Nelson(ALA), assist Latrell Wrightsell Jr.(ALA)",0 - 6,5252548,560658,560908,2024-03-16
1,18:43,"2pt jump shot (inside left) missed by Tyrese Samuel(UFL), rebound defensive Nick Pringle(ALA)",0 - 4,5252548,560658,560908,2024-03-16
1,18:56,2pt driving layup (fast break) (under the basket) made by Latrell Wrightsell Jr.(ALA),0 - 4,5252548,560658,560908,2024-03-16
1,19:03,"2pt hook shot (in the paint) missed by Tyrese Samuel(UFL), rebound defensive Latrell Wrightsell Jr.(ALA)",0 - 2,5252548,560658,560908,2024-03-16
1,19:22,"2pt layup (under the basket) made by Nick Pringle(ALA), assist Aaron Estrada(ALA)",0 - 2,5252548,560658,560908,2024-03-16
1,19:32,"2pt jump shot (in the paint) missed by Will Richard(UFL), rebound defensive Nick Pringle(ALA)",0 - 0,5252548,560658,560908,2024-03-16
1,19:39,"2pt jump shot (inside right wing) missed by Grant Nelson(ALA), rebound defensive Zyon Pullin(UFL)",0 - 0,5252548,560658,560908,2024-03-16
1,20:00,"Jump ball start period, won Nick Pringle(ALA), lost Micah Handlogten(UFL)",0 - 0,5252548,560658,560908,2024-03-16
1,20:00,Period start,0 - 0,5252548,560658,560908,2024-03-16
1,20:00,Game start,0 - 0,5252548,560658,560908,2024-03-16
1,07:52,Timeout commercial,15 - 19,5251859,560565,560687,2024-03-16
1,07:52,"Foul personal (shooting) (in the paint) RayJ Dennis(Baylor), foul on Hason Ward(Iowa St.)",15 - 19,5251859,560565,560687,2024-03-16
1,07:59,"3pt jump shot (2nd chance) (outside right) missed by RayJ Dennis(Baylor), rebound defensive Tamin Lipsey(Iowa St.)",15 - 19,5251859,560565,560687,2024-03-16
1,08:10,"2pt layup (2nd chance;blocked) (in the paint) missed by RayJ Dennis(Baylor), block Hason Ward(Iowa St.), rebound offensive (team) Baylor",15 - 19,5251859,560565,560687,2024-03-16
1,08:17,Substitution Iowa St.: in Hason Ward,15 - 19,5251859,560565,560687,2024-03-16
1,08:17,Substitution Iowa St.: out Robert Jones,15 - 19,5251859,560565,560687,2024-03-16
1,08:17,Substitution Baylor: in Ja'Kobe Walter,15 - 19,5251859,560565,560687,2024-03-16
1,08:17,Substitution Baylor: in Jayden Nunn,15 - 19,5251859,560565,560687,2024-03-16
1,08:17,Substitution Baylor: out Caleb Lohner,15 - 19,5251859,560565,560687,2024-03-16
1,08:17,Substitution Baylor: out Miro Little,15 - 19,5251859,560565,560687,2024-03-16
1,08:17,Substitution Iowa St.: in Keshon Gilbert,15 - 19,5251859,560565,560687,2024-03-16
1,08:17,Substitution Iowa St.: out Tre King,15 - 19,5251859,560565,560687,2024-03-16
1,08:17,"Foul personal (under the basket) Robert Jones(Iowa St.), foul on Yves Missi(Baylor)",15 - 19,5251859,560565,560687,2024-03-16
1,08:19,"2pt turnaround jump shot (in the paint) missed by Jalen Bridges(Baylor), rebound offensive Yves Missi(Baylor)",15 - 19,5251859,560565,560687,2024-03-16
1,08:45,2pt jump shot (in the paint) made by Robert Jones(Iowa St.),15 - 19,5251859,560565,560687,2024-03-16
1,09:01,"3pt jump shot (outside left) missed by RayJ Dennis(Baylor), rebound defensive Milan Momcilovic(Iowa St.)",15 - 17,5251859,560565,560687,2024-03-16
1,09:20,"2pt floating jump shot (in the paint) made by Tre King(Iowa St.), assist Tamin Lipsey(Iowa St.)",15 - 17,5251859,560565,560687,2024-03-16
1,09:38,"3pt jump shot (outside left) made by Jalen Bridges(Baylor), assist RayJ Dennis(Baylor)",15 - 15,5251859,560565,560687,2024-03-16
1,09:48,"3pt jump shot (outside right) missed by Tamin Lipsey(Iowa St.), rebound defensive Caleb Lohner(Baylor)",12 - 15,5251859,560565,560687,2024-03-16
1,10:09,Free throw 2 of 2 made by Jalen Bridges(Baylor),12 - 15,5251859,560565,560687,2024-03-16
1,10:09,"Free throw 1 of 2 missed by Jalen Bridges(Baylor), rebound offensive dead ball Baylor",11 - 15,5251859,560565,560687,2024-03-16
1,10:09,Foul personal (shooting;2 free throws) (in the paint) Robert Jones(Iowa St.),11 - 15,5251859,560565,560687,2024-03-16
1,10:21,"2pt jump shot (in the paint) missed by Tamin Lipsey(Iowa St.), rebound defensive Caleb Lohner(Baylor)",11 - 15,5251859,560565,560687,2024-03-16
1,10:58,2pt jump shot (in the paint) made by Caleb Lohner(Baylor),11 - 15,5251859,560565,560687,2024-03-16
1,11:13,"3pt jump shot (off turnover) (outside right) missed by Curtis Jones(Iowa St.), rebound defensive Yves Missi(Baylor)",9 - 15,5251859,560565,560687,2024-03-16
1,11:18,"Foul personal (in the paint) RayJ Dennis(Baylor), foul on Tre King(Iowa St.)",9 - 15,5251859,560565,560687,2024-03-16
1,11:19,Substitution Baylor: in Yves Missi,9 - 15,5251859,560565,560687,2024-03-16
1,11:19,Substitution Baylor: in Jalen Bridges,9 - 15,5251859,560565,560687,2024-03-16
1,11:19,Substitution Baylor: in Miro Little,9 - 15,5251859,560565,560687,2024-03-16
1,11:19,Substitution Baylor: out Josh Ojianwuna,9 - 15,5251859,560565,560687,2024-03-16
1,11:19,Substitution Baylor: out Ja'Kobe Walter,9 - 15,5251859,560565,560687,2024-03-16
1,11:19,Substitution Baylor: out Jayden Nunn,9 - 15,5251859,560565,560687,2024-03-16
1,11:19,Substitution Iowa St.: in Robert Jones,9 - 15,5251859,560565,560687,2024-03-16
1,11:19,Substitution Iowa St.: in Tamin Lipsey,9 - 15,5251859,560565,560687,2024-03-16
1,11:19,Substitution Iowa St.: in Tre King,9 - 15,5251859,560565,560687,2024-03-16
1,11:19,Substitution Iowa St.: out Omaha Biliew,9 - 15,5251859,560565,560687,2024-03-16
1,11:19,Substitution Iowa St.: out Hason Ward,9 - 15,5251859,560565,560687,2024-03-16
1,11:19,Substitution Iowa St.: out Keshon Gilbert,9 - 15,5251859,560565,560687,2024-03-16
1,11:19,Timeout commercial,9 - 15,5251859,560565,560687,2024-03-16
1,11:19,"Foul personal (under the basket) Caleb Lohner(Baylor), foul on Omaha Biliew(Iowa St.)",9 - 15,5251859,560565,560687,2024-03-16
1,11:25,"Turnover bad pass (outside center) Jayden Nunn(Baylor), steal Keshon Gilbert(Iowa St.)",9 - 15,5251859,560565,560687,2024-03-16
1,11:44,"2pt layup (under the basket) made by Hason Ward(Iowa St.), assist Keshon Gilbert(Iowa St.)",9 - 15,5251859,560565,560687,2024-03-16
1,11:57,"3pt jump shot (outside right) missed by RayJ Dennis(Baylor), rebound defensive Curtis Jones(Iowa St.)",9 - 13,5251859,560565,560687,2024-03-16
1,12:07,"2pt turnaround jump shot (blocked) (in the paint) missed by Curtis Jones(Iowa St.), block RayJ Dennis(Baylor), rebound defensive Josh Ojianwuna(Baylor)",9 - 13,5251859,560565,560687,2024-03-16
1,12:34,"2pt layup (off turnover;fast break) (under the basket) made by Caleb Lohner(Baylor), assist RayJ Dennis(Baylor)",9 - 13,5251859,560565,560687,2024-03-16
1,12:38,"Turnover lost ball (inside left) Keshon Gilbert(Iowa St.), steal Jayden Nunn(Baylor)",7 - 13,5251859,560565,560687,2024-03-16
1,12:43,"2pt layup (2nd chance) (under the basket) missed by Hason Ward(Iowa St.), rebound offensive Keshon Gilbert(Iowa St.)",7 - 13,5251859,560565,560687,2024-03-16
1,12:46,"2pt jump shot (in the paint) missed by Keshon Gilbert(Iowa St.), rebound offensive Hason Ward(Iowa St.)",7 - 13,5251859,560565,560687,2024-03-16
1,13:02,"2pt layup (under the basket) made by Caleb Lohner(Baylor), assist Josh Ojianwuna(Baylor)",7 - 13,5251859,560565,560687,2024-03-16
1,13:19,2pt jump shot (off turnover) (in the paint) made by Curtis Jones(Iowa St.),5 - 13,5251859,560565,560687,2024-03-16
1,13:26,"Turnover bad pass (inside left) RayJ Dennis(Baylor), steal Hason Ward(Iowa St.)",5 - 11,5251859,560565,560687,2024-03-16
1,13:37,"3pt jump shot (outside center) missed by Keshon Gilbert(Iowa St.), rebound defensive Caleb Lohner(Baylor)",5 - 11,5251859,560565,560687,2024-03-16
1,13:46,"2pt layup (off turnover) (in the paint) missed by Josh Ojianwuna(Baylor), rebound defensive Hason Ward(Iowa St.)",5 - 11,5251859,560565,560687,2024-03-16
1,13:58,Turnover bad pass (outside center) Curtis Jones(Iowa St.),5 - 11,5251859,560565,560687,2024-03-16
1,14:25,2pt floating jump shot (inside right) made by RayJ Dennis(Baylor),5 - 11,5251859,560565,560687,2024-03-16
1,14:34,Substitution Baylor: in Caleb Lohner,3 - 11,5251859,560565,560687,2024-03-16
1,14:34,Substitution Baylor: in Josh Ojianwuna,3 - 11,5251859,560565,560687,2024-03-16
1,14:34,Substitution Baylor: out Yves Missi,3 - 11,5251859,560565,560687,2024-03-16
1,14:34,Substitution Baylor: out Jalen Bridges,3 - 11,5251859,560565,560687,2024-03-16
1,14:34,Substitution Iowa St.: in Omaha Biliew,3 - 11,5251859,560565,560687,2024-03-16
1,14:34,Substitution Iowa St.: in Hason Ward,3 - 11,5251859,560565,560687,2024-03-16
1,14:34,Substitution Iowa St.: in Curtis Jones,3 - 11,5251859,560565,560687,2024-03-16
1,14:34,Substitution Iowa St.: out Robert Jones,3 - 11,5251859,560565,560687,2024-03-16
1,14:34,Substitution Iowa St.: out Tamin Lipsey,3 - 11,5251859,560565,560687,2024-03-16
1,14:34,Substitution Iowa St.: out Tre King,3 - 11,5251859,560565,560687,2024-03-16
1,14:34,Timeout commercial,3 - 11,5251859,560565,560687,2024-03-16
1,14:34,"Foul personal (in the paint) Tre King(Iowa St.), foul on Yves Missi(Baylor)",3 - 11,5251859,560565,560687,2024-03-16
1,14:43,2pt jump shot (inside right) missed by Tre King(Iowa St.),3 - 11,5251859,560565,560687,2024-03-16
1,14:55,"3pt jump shot (outside right) missed by Ja'Kobe Walter(Baylor), rebound defensive Tamin Lipsey(Iowa St.)",3 - 11,5251859,560565,560687,2024-03-16
1,15:11,2pt driving layup (under the basket) made by Keshon Gilbert(Iowa St.),3 - 11,5251859,560565,560687,2024-03-16
1,15:22,"3pt jump shot (outside left) missed by Jalen Bridges(Baylor), rebound defensive Keshon Gilbert(Iowa St.)",3 - 9,5251859,560565,560687,2024-03-16
1,15:41,"2pt jump shot (in the paint) missed by Tre King(Iowa St.), rebound defensive Yves Missi(Baylor)",3 - 9,5251859,560565,560687,2024-03-16
1,16:11,"2pt alley oop (under the basket) made by Yves Missi(Baylor), assist RayJ Dennis(Baylor)",3 - 9,5251859,560565,560687,2024-03-16
1,16:32,"2pt jump shot (inside left) missed by Robert Jones(Iowa St.), rebound defensive Yves Missi(Baylor)",1 - 9,5251859,560565,560687,2024-03-16
1,16:46,"2pt floating jump shot (inside right) missed by Yves Missi(Baylor), rebound defensive Keshon Gilbert(Iowa St.)",1 - 9,5251859,560565,560687,2024-03-16
1,17:03,"3pt jump shot (off turnover) (outside left) missed by Milan Momcilovic(Iowa St.), rebound defensive Jalen Bridges(Baylor)",1 - 9,5251859,560565,560687,2024-03-16
1,17:28,"Foul offensive (back court) Jayden Nunn(Baylor), turnover offensive Jayden Nunn(Baylor), foul on Robert Jones(Iowa St.)",1 - 9,5251859,560565,560687,2024-03-16
1,17:51,Timeout short Baylor,1 - 9,5251859,560565,560687,2024-03-16
1,18:01,"3pt jump shot (outside center) made by Tamin Lipsey(Iowa St.), assist Keshon Gilbert(Iowa St.)",1 - 9,5251859,560565,560687,2024-03-16
1,18:19,"3pt jump shot (outside left) missed by Jalen Bridges(Baylor), rebound defensive Tamin Lipsey(Iowa St.)",1 - 6,5251859,560565,560687,2024-03-16
1,18:44,3pt jump shot (outside right) made by Tamin Lipsey(Iowa St.),1 - 6,5251859,560565,560687,2024-03-16
1,19:00,Free throw 2 of 2 (2nd chance) made by Yves Missi(Baylor),1 - 3,5251859,560565,560687,2024-03-16
1,19:00,"Free throw 1 of 2 (2nd chance) missed by Yves Missi(Baylor), rebound offensive dead ball Baylor",0 - 3,5251859,560565,560687,2024-03-16
1,19:00,Foul personal (shooting;2 free throws) (under the basket) Milan Momcilovic(Iowa St.),0 - 3,5251859,560565,560687,2024-03-16
1,19:01,"2pt layup (in the paint) missed by Jalen Bridges(Baylor), rebound offensive Yves Missi(Baylor)",0 - 3,5251859,560565,560687,2024-03-16
1,19:21,3pt jump shot (fast break) (outside left wing) made by Milan Momcilovic(Iowa St.),0 - 3,5251859,560565,560687,2024-03-16
1,19:31,"3pt jump shot (outside left) missed by RayJ Dennis(Baylor), rebound defensive Tre King(Iowa St.)",0 - 0,5251859,560565,560687,2024-03-16
1,20:00,"Jump ball start period, won Yves Missi(Baylor), lost Robert Jones(Iowa St.)",0 - 0,5251859,560565,560687,2024-03-16
1,20:00,Period start,0 - 0,5251859,560565,560687,2024-03-16
1,20:00,Game start,0 - 0,5251859,560565,560687,2024-03-16
1,09:24,2pt jump shot (inside left) made by Mason Falslev(USU),16 - 25,5252403,561202,561088,2024-03-16
1,09:36,"3pt jump shot (outside right) missed by Elijah Saunders(SDSU), rebound defensive Karson Templin(USU)",16 - 23,5252403,561202,561088,2024-03-16
1,09:49,2pt jump shot (2nd chance) (in the paint) made by Great Osobor(USU),16 - 23,5252403,561202,561088,2024-03-16
1,10:00,"3pt jump shot (outside right wing) missed by Josh Uduje(USU), rebound defensive (team) SDSU, rebound offensive (team) USU",16 - 21,5252403,561202,561088,2024-03-16
1,10:27,"2pt jump shot (2nd chance;off turnover) (inside left) missed by Reese Waters(SDSU), rebound defensive (team) USU",16 - 21,5252403,561202,561088,2024-03-16
1,10:33,"3pt jump shot (off turnover) (outside center) missed by Lamont Butler(SDSU), rebound offensive Reese Waters(SDSU)",16 - 21,5252403,561202,561088,2024-03-16
1,10:55,"Turnover lost ball Mason Falslev(USU), steal Lamont Butler(SDSU)",16 - 21,5252403,561202,561088,2024-03-16
1,10:55,Jump ball held ball SDSU,16 - 21,5252403,561202,561088,2024-03-16
1,11:01,"Turnover bad pass (in the paint) Miles Byrd(SDSU), steal Karson Templin(USU)",16 - 21,5252403,561202,561088,2024-03-16
1,11:04,"Foul personal (in the paint) Mason Falslev(USU), foul on Reese Waters(SDSU)",16 - 21,5252403,561202,561088,2024-03-16
1,11:04,"Free throw 2 of 2 (2nd chance) missed by Miles Heide(SDSU), rebound offensive Reese Waters(SDSU)",16 - 21,5252403,561202,561088,2024-03-16
1,11:04,Substitution USU: in Karson Templin,16 - 21,5252403,561202,561088,2024-03-16
1,11:04,Substitution USU: in Mason Falslev,16 - 21,5252403,561202,561088,2024-03-16
1,11:04,Substitution USU: out Kalifa Sakho,16 - 21,5252403,561202,561088,2024-03-16
1,11:04,Substitution USU: out Darius Brown II,16 - 21,5252403,561202,561088,2024-03-16
1,11:04,Free throw 1 of 2 (2nd chance) made by Miles Heide(SDSU),16 - 21,5252403,561202,561088,2024-03-16
1,11:04,Foul personal (shooting;2 free throws) (under the basket) Great Osobor(USU),15 - 21,5252403,561202,561088,2024-03-16
1,11:07,"2pt jump shot (inside center) missed by Lamont Butler(SDSU), rebound offensive Miles Heide(SDSU)",15 - 21,5252403,561202,561088,2024-03-16
1,11:24,"2pt layup (under the basket) made by Kalifa Sakho(USU), assist Darius Brown II(USU)",15 - 21,5252403,561202,561088,2024-03-16
1,11:32,"3pt jump shot (outside left) missed by Reese Waters(SDSU), rebound defensive Kalifa Sakho(USU)",15 - 19,5252403,561202,561088,2024-03-16
1,11:43,Free throw 2 of 2 (fast break;off turnover) made by Kalifa Sakho(USU),15 - 19,5252403,561202,561088,2024-03-16
1,11:43,Free throw 1 of 2 (fast break;off turnover) made by Kalifa Sakho(USU),15 - 18,5252403,561202,561088,2024-03-16
1,11:43,Foul personal (shooting;2 free throws) (in the paint) Reese Waters(SDSU),15 - 17,5252403,561202,561088,2024-03-16
1,11:46,"Turnover lost ball (outside right) Reese Waters(SDSU), steal Kalifa Sakho(USU)",15 - 17,5252403,561202,561088,2024-03-16
1,11:55,Free throw 3 of 3 (2nd chance) made by Ian Martinez(USU),15 - 17,5252403,561202,561088,2024-03-16
1,11:55,Free throw 2 of 3 (2nd chance) made by Ian Martinez(USU),15 - 16,5252403,561202,561088,2024-03-16
1,11:55,Free throw 1 of 3 (2nd chance) made by Ian Martinez(USU),15 - 15,5252403,561202,561088,2024-03-16
1,11:55,Substitution SDSU: in Miles Byrd,15 - 14,5252403,561202,561088,2024-03-16
1,11:55,Substitution SDSU: in Lamont Butler,15 - 14,5252403,561202,561088,2024-03-16
1,11:55,Substitution SDSU: out Darrion Trammell,15 - 14,5252403,561202,561088,2024-03-16
1,11:55,Substitution SDSU: out Micah Parrish,15 - 14,5252403,561202,561088,2024-03-16
1,11:55,Timeout commercial,15 - 14,5252403,561202,561088,2024-03-16
1,11:55,Foul personal (shooting;3 free throws) (outside left) Micah Parrish(SDSU),15 - 14,5252403,561202,561088,2024-03-16
1,11:55,Foul (back court) USU,15 - 14,5252403,561202,561088,2024-03-16
1,12:18,"2pt layup (blocked) (under the basket) missed by Darius Brown II(USU), block Reese Waters(SDSU), rebound offensive Darius Brown II(USU)",15 - 14,5252403,561202,561088,2024-03-16
1,12:29,"2pt layup (in the paint) missed by Micah Parrish(SDSU), rebound defensive Great Osobor(USU)",15 - 14,5252403,561202,561088,2024-03-16
1,12:50,2pt layup (under the basket) made by Great Osobor(USU),15 - 14,5252403,561202,561088,2024-03-16
1,13:06,2pt jump shot (off turnover) (inside right) made by Micah Parrish(SDSU),15 - 12,5252403,561202,561088,2024-03-16
1,13:18,Substitution USU: in Josh Uduje,13 - 12,5252403,561202,561088,2024-03-16
1,13:18,Substitution USU: out Mason Falslev,13 - 12,5252403,561202,561088,2024-03-16
1,13:18,Turnover bad pass (in the paint) Great Osobor(USU),13 - 12,5252403,561202,561088,2024-03-16
1,13:27,2pt layup (in the paint) made by Micah Parrish(SDSU),13 - 12,5252403,561202,561088,2024-03-16
1,13:50,2pt dunk (under the basket) made by Great Osobor(USU),11 - 12,5252403,561202,561088,2024-03-16
1,14:04,2pt jump shot (2nd chance) (inside left) made by Micah Parrish(SDSU),11 - 10,5252403,561202,561088,2024-03-16
1,14:10,Substitution USU: in Kalifa Sakho,9 - 10,5252403,561202,561088,2024-03-16
1,14:10,Substitution USU: out Isaac Johnson,9 - 10,5252403,561202,561088,2024-03-16
1,14:10,"Foul personal (under the basket) Isaac Johnson(USU), foul on Miles Heide(SDSU)",9 - 10,5252403,561202,561088,2024-03-16
1,14:12,"2pt dunk (under the basket) missed by Miles Heide(SDSU), rebound offensive Miles Heide(SDSU)",9 - 10,5252403,561202,561088,2024-03-16
1,14:24,"2pt jump shot (inside center) missed by Darius Brown II(USU), rebound defensive Elijah Saunders(SDSU)",9 - 10,5252403,561202,561088,2024-03-16
1,14:42,2pt layup (2nd chance;off turnover) (under the basket) made by Miles Heide(SDSU),9 - 10,5252403,561202,561088,2024-03-16
1,14:45,"3pt jump shot (off turnover) (outside right) missed by Reese Waters(SDSU), rebound offensive Miles Heide(SDSU)",7 - 10,5252403,561202,561088,2024-03-16
1,15:07,"Turnover lost ball (in the paint) Great Osobor(USU), steal Micah Parrish(SDSU)",7 - 10,5252403,561202,561088,2024-03-16
1,15:31,2pt layup (in the paint) made by Reese Waters(SDSU),7 - 10,5252403,561202,561088,2024-03-16
1,15:48,Timeout commercial,5 - 10,5252403,561202,561088,2024-03-16
1,15:51,"2pt layup (in the paint) missed by Mason Falslev(USU), rebound defensive (team) SDSU",5 - 10,5252403,561202,561088,2024-03-16
1,16:02,Substitution SDSU: in Miles Heide,5 - 10,5252403,561202,561088,2024-03-16
1,16:02,Substitution SDSU: out Jaedon LeDee,5 - 10,5252403,561202,561088,2024-03-16
1,16:02,"Foul personal (in the paint) Jaedon LeDee(SDSU), foul on Isaac Johnson(USU), foul on Great Osobor(USU)",5 - 10,5252403,561202,561088,2024-03-16
1,16:08,"3pt jump shot (outside center) missed by Elijah Saunders(SDSU), rebound defensive Darius Brown II(USU)",5 - 10,5252403,561202,561088,2024-03-16
1,16:24,2pt layup (2nd chance) (under the basket) made by Great Osobor(USU),5 - 10,5252403,561202,561088,2024-03-16
1,16:28,"2pt hook shot (under the basket) missed by Great Osobor(USU), rebound offensive Great Osobor(USU)",5 - 8,5252403,561202,561088,2024-03-16
1,16:52,Substitution SDSU: in Elijah Saunders,5 - 8,5252403,561202,561088,2024-03-16
1,16:52,Substitution SDSU: in Reese Waters,5 - 8,5252403,561202,561088,2024-03-16
1,16:52,Substitution SDSU: out Lamont Butler,5 - 8,5252403,561202,561088,2024-03-16
1,16:52,Substitution SDSU: out Jay Pal,5 - 8,5252403,561202,561088,2024-03-16
1,16:56,"3pt jump shot (outside center) missed by Darrion Trammell(SDSU), rebound defensive (team) USU",5 - 8,5252403,561202,561088,2024-03-16
1,17:18,"3pt jump shot (outside right) made by Ian Martinez(USU), assist Darius Brown II(USU)",5 - 8,5252403,561202,561088,2024-03-16
1,17:25,"2pt layup (in the paint) missed by Jay Pal(SDSU), rebound defensive Darius Brown II(USU)",5 - 5,5252403,561202,561088,2024-03-16
1,17:51,"2pt dunk (under the basket) made by Great Osobor(USU), assist Ian Martinez(USU)",5 - 5,5252403,561202,561088,2024-03-16
1,17:56,Foul personal (under the basket) Lamont Butler(SDSU),5 - 3,5252403,561202,561088,2024-03-16
1,18:18,"2pt jump shot (inside center) missed by Jaedon LeDee(SDSU), rebound defensive Ian Martinez(USU)",5 - 3,5252403,561202,561088,2024-03-16
1,18:22,"Free throw 1 of 1 missed by Mason Falslev(USU), rebound defensive Jaedon LeDee(SDSU)",5 - 3,5252403,561202,561088,2024-03-16
1,18:22,Foul personal (shooting;1 free throw) (under the basket) Jaedon LeDee(SDSU),5 - 3,5252403,561202,561088,2024-03-16
1,18:24,2pt layup (under the basket) made by Mason Falslev(USU),5 - 3,5252403,561202,561088,2024-03-16
1,18:39,2pt jump shot (2nd chance) (inside right) made by Micah Parrish(SDSU),5 - 1,5252403,561202,561088,2024-03-16
1,18:43,"2pt layup (blocked) (in the paint) missed by Lamont Butler(SDSU), block Darius Brown II(USU), rebound offensive Micah Parrish(SDSU)",3 - 1,5252403,561202,561088,2024-03-16
1,18:50,"Foul personal (inside left) Ian Martinez(USU), foul on Micah Parrish(SDSU)",3 - 1,5252403,561202,561088,2024-03-16
1,19:06,"3pt jump shot (outside right) missed by Darius Brown II(USU), rebound defensive Jaedon LeDee(SDSU)",3 - 1,5252403,561202,561088,2024-03-16
1,19:26,3pt jump shot (outside right) made by Darrion Trammell(SDSU),3 - 1,5252403,561202,561088,2024-03-16
1,19:38,"Free throw 2 of 2 missed by Great Osobor(USU), rebound defensive Jay Pal(SDSU)",0 - 1,5252403,561202,561088,2024-03-16
1,19:38,Free throw 1 of 2 made by Great Osobor(USU),0 - 1,5252403,561202,561088,2024-03-16
1,19:38,Foul personal (shooting;2 free throws) (under the basket) Micah Parrish(SDSU),0 - 0,5252403,561202,561088,2024-03-16
1,20:00,"Jump ball start period, won Great Osobor(USU), lost Jaedon LeDee(SDSU)",0 - 0,5252403,561202,561088,2024-03-16
1,20:00,Period start,0 - 0,5252403,561202,561088,2024-03-16
1,20:00,Game start,0 - 0,5252403,561202,561088,2024-03-16
