loc_y,loc_x,shot_team_id,shot_outcome,play_id,description,game_id,home_id,away_id,game_date,full_name,team_id,team_name
9.042802581787086,25.13500022888185,489,TRUE,111608482,'1st 16:52 : 2pt driving layup (off turnover) (under the basket) made by Po&#39;Boigh King(NCCU) 4-6',5251722,560976,560867,2024-03-16,N.C. Central Eagles,560976,N.C. Central
7.172200107574464,31.57999992370605,178,FALSE,111608932,'1st 16:01 : 2pt jump shot (off turnover;blocked) (inside left) missed by Alston Andrews(DSU) 6-6',5251722,560976,560867,2024-03-16,Delaware St. Hornets,560867,Delaware St.
11.73119956970212,36.78999996185305,178,FALSE,111609494,'1st 15:58 : 2pt jump shot (2nd chance;off turnover) (inside left) missed by Martaz Robinson(DSU),5251722,560976,560867,2024-03-16,Delaware St. Hornets,560867,Delaware St.
8.356599426269497,22.22500038146975,489,TRUE,111609496,'1st 15:52 : 2pt driving layup (fast break) (under the basket) made by Keishon Porter(NCCU) 6-8',5251722,560976,560867,2024-03-16,N.C. Central Eagles,560976,N.C. Central
20.087800788879395,44.5349998474121,178,FALSE,111609630,'1st 15:17 : 3pt jump shot (outside left) missed by Jevin Muniz(DSU),5251722,560976,560867,2024-03-16,Delaware St. Hornets,560867,Delaware St.
10.997999820709195,21.86000061035155,178,TRUE,111610047,'1st 14:17 : 2pt driving layup (in the paint) made by Deywilk Tavarez(DSU) 10-8',5251722,560976,560867,2024-03-16,Delaware St. Hornets,560867,Delaware St.
8.948796844482416,2.2249999046325684,489,TRUE,111610184,'1st 13:55 : 3pt jump shot (outside right) made by Fred Cleveland Jr.(NCCU),5251722,560976,560867,2024-03-16,N.C. Central Eagles,560976,N.C. Central
13.047200107574447,27.20999908447265,178,FALSE,111610432,'1st 13:03 : 2pt pull up jump shot (off turnover) (in the paint) missed by Martaz Robinson(DSU),5251722,560976,560867,2024-03-16,Delaware St. Hornets,560867,Delaware St.
5.64,25,178,FALSE,111610460,'1st 12:57 : 2pt layup (2nd chance;off turnover) (under the basket) missed by Cameron Stitt(DSU),5251722,560976,560867,2024-03-16,Delaware St. Hornets,560867,Delaware St.
8.21559799194334,25.1849994659424,489,FALSE,111610462,'1st 12:52 : 2pt driving layup (under the basket) missed by Fred Cleveland Jr.(NCCU),5251722,560976,560867,2024-03-16,N.C. Central Eagles,560976,N.C. Central
12.755799713134747,47.49499988555908,178,FALSE,111610669,'1st 12:31 : 3pt jump shot (outside left) missed by Cameron Stitt(DSU) 20-18',5251722,560976,560867,2024-03-16,Delaware St. Hornets,560867,Delaware St.
20.971399497985857,34.11499977111815,178,TRUE,111609791,'1st 14:55 : 2pt step back jump shot (off turnover) (inside left) made by Jevin Muniz(DSU) 8-8',5251722,560976,560867,2024-03-16,Delaware St. Hornets,560867,Delaware St.
7.0405979919433435,47.72000122070315,489,FALSE,111609841,'1st 14:34 : 3pt jump shot (outside left) missed by Keishon Porter(NCCU),5251722,560976,560867,2024-03-16,N.C. Central Eagles,560976,N.C. Central
19.373400573730507,4.29000091552735,178,FALSE,111610903,'1st 12:16 : 3pt pull up jump shot (off turnover) (outside right) missed by Deywilk Tavarez(DSU) 10-11',5251722,560976,560867,2024-03-16,Delaware St. Hornets,560867,Delaware St.
7.773796844482419,18.42499923706055,489,TRUE,111607243,'1st 19:43 : 2pt jump shot (inside right) made by Emmanuel Izunabor(NCCU) 0-2',5251722,560976,560867,2024-03-16,N.C. Central Eagles,560976,N.C. Central
7.332002868652324,23.20999908447265,489,TRUE,111607838,'1st 18:00 : 2pt driving layup (off turnover) (under the basket) made by Po&#39;Boigh King(NCCU) 2-4',5251722,560976,560867,2024-03-16,N.C. Central Eagles,560976,N.C. Central
23.462399139404337,43.125,178,FALSE,111607917,'1st 17:49 : 3pt jump shot (outside left) missed by Deywilk Tavarez(DSU),5251722,560976,560867,2024-03-16,Delaware St. Hornets,560867,Delaware St.
11.637200107574447,21.57999992370605,178,FALSE,111608081,'1st 17:37 : 2pt driving layup (off turnover) (in the paint) missed by Jevin Muniz(DSU) 2-4',5251722,560976,560867,2024-03-16,Delaware St. Hornets,560867,Delaware St.
11.73119956970212,44.67500019073485,178,TRUE,111608189,'1st 17:31 : 2pt pull up jump shot (2nd chance;off turnover) (inside left) made by Martaz Robinson(DSU) 4-4',5251722,560976,560867,2024-03-16,Delaware St. Hornets,560867,Delaware St.
18.480399856567374,3.4099998474121,178,FALSE,111608280,'1st 17:12 : 3pt jump shot (off turnover) (outside right) missed by Deywilk Tavarez(DSU),5251722,560976,560867,2024-03-16,Delaware St. Hornets,560867,Delaware St.
5.132400035858152,41.85999965667725,178,TRUE,111607586,'1st 19:17 : 2pt step back jump shot (inside left wing) made by Deywilk Tavarez(DSU) 2-2',5251722,560976,560867,2024-03-16,Delaware St. Hornets,560867,Delaware St.
23.171001434326172,29.9699993133545,489,FALSE,111607665,'1st 18:47 : 2pt pull up jump shot (inside center) missed by Fred Cleveland Jr.(NCCU),5251722,560976,560867,2024-03-16,N.C. Central Eagles,560976,N.C. Central
6.307400035858152,28.47999954223635,178,TRUE,111611352,'1st 11:39 : 2pt layup (under the basket) made by Wesley Oba(DSU),5251722,560976,560867,2024-03-16,Delaware St. Hornets,560867,Delaware St.
11.439798278808581,17.01499938964845,489,FALSE,111611521,'1st 11:14 : 2pt floating jump shot (inside right) missed by Keishon Porter(NCCU),5251722,560976,560867,2024-03-16,N.C. Central Eagles,560976,N.C. Central
10.847600860595662,28,489,FALSE,111611546,'1st 11:03 : 2pt driving layup (2nd chance) (in the paint) missed by Josh Smith(NCCU),5251722,560976,560867,2024-03-16,N.C. Central Eagles,560976,N.C. Central
18.912802581787076,24.89999961853025,489,FALSE,111612352,'1st 10:40 : 2pt pull up jump shot (in the paint) missed by Po&#39;Boigh King(NCCU),5251722,560976,560867,2024-03-16,N.C. Central Eagles,560976,N.C. Central
5.640000000000001,25,489,FALSE,111612400,'1st 10:38 : 2pt layup (2nd chance) (under the basket) missed by Perry Smith Jr.(NCCU),5251722,560976,560867,2024-03-16,N.C. Central Eagles,560976,N.C. Central
29.863796844482422,27.2800006866455,489,TRUE,111612402,'1st 10:33 : 3pt jump shot (2nd chance) (outside center) made by Fred Cleveland Jr.(NCCU),5251722,560976,560867,2024-03-16,N.C. Central Eagles,560976,N.C. Central
9.089800071716313,29.04000091552735,178,FALSE,111612452,'1st 10:05 : 2pt driving layup (in the paint) missed by Jevin Muniz(DSU),5251722,560976,560867,2024-03-16,Delaware St. Hornets,560867,Delaware St.
5.64,25,178,TRUE,111612483,'1st 10:02 : 2pt layup (2nd chance) (under the basket) made by Alston Andrews(DSU) 16-16',5251722,560976,560867,2024-03-16,Delaware St. Hornets,560867,Delaware St.
23.171001434326172,7.014999866485603,489,FALSE,111612515,'1st 09:43 : 3pt jump shot (outside right) missed by Timmy Adedire(NCCU),5251722,560976,560867,2024-03-16,N.C. Central Eagles,560976,N.C. Central
19.505,34.11499977111815,178,FALSE,111612570,'1st 09:26 : 2pt step back jump shot (inside left) missed by Deywilk Tavarez(DSU),5251722,560976,560867,2024-03-16,Delaware St. Hornets,560867,Delaware St.
9.089800071716313,22.5650005340576,178,TRUE,111612614,'1st 09:14 : 2pt driving layup (off turnover;fast break) (in the paint) made by Jevin Muniz(DSU) 18-16',5251722,560976,560867,2024-03-16,Delaware St. Hornets,560867,Delaware St.
17.88820064544677,23.82999992370605,178,TRUE,111612895,'1st 08:35 : 2pt step back jump shot (off turnover) (in the paint) made by Jevin Muniz(DSU) 20-16',5251722,560976,560867,2024-03-16,Delaware St. Hornets,560867,Delaware St.
5.574200286865249,47.435001373291,489,FALSE,111612958,'1st 08:18 : 3pt jump shot (outside left wing) missed by Ja&#39;Darius Harris(NCCU),5251722,560976,560867,2024-03-16,N.C. Central Eagles,560976,N.C. Central
30.503000717163133,17.7750015258789,178,FALSE,111613207,'1st 07:54 : 3pt jump shot (outside center) missed by Jevin Muniz(DSU),5251722,560976,560867,2024-03-16,Delaware St. Hornets,560867,Delaware St.
7.698602294921827,23.8449993133545,489,TRUE,111613527,'1st 12:52 : 2pt dunk (2nd chance) (under the basket) made by Keishon Porter(NCCU) 20-18',5251722,560976,560867,2024-03-16,N.C. Central Eagles,560976,N.C. Central
11.73119956970212,36.78999996185305,178,TRUE,111614120,'1st 06:58 : 2pt step back jump shot (off turnover) (inside left) made by Jevin Muniz(DSU) 23-18',5251722,560976,560867,2024-03-16,Delaware St. Hornets,560867,Delaware St.
7.914798278808576,23.4950008392334,489,TRUE,111614197,'1st 06:43 : 2pt dunk (under the basket) made by Perry Smith Jr.(NCCU),5251722,560976,560867,2024-03-16,N.C. Central Eagles,560976,N.C. Central
9.682002868652319,23.4950008392334,489,FALSE,111614285,'1st 06:07 : 2pt driving layup (off turnover) (in the paint) missed by Fred Cleveland Jr.(NCCU),5251722,560976,560867,2024-03-16,N.C. Central Eagles,560976,N.C. Central
7.77380043029785,22.5650005340576,178,FALSE,111614300,'1st 06:00 : 2pt layup (under the basket) missed by Dean Shepherd(DSU),5251722,560976,560867,2024-03-16,Delaware St. Hornets,560867,Delaware St.
14.955403442382845,3.2100000381469727,489,FALSE,111614481,'1st 05:43 : 3pt jump shot (off turnover) (outside right) missed by Fred Cleveland Jr.(NCCU),5251722,560976,560867,2024-03-16,N.C. Central Eagles,560976,N.C. Central
14.081203155517585,25.60499954223635,489,FALSE,111614672,'1st 05:14 : 2pt driving layup (2nd chance;off turnover) (in the paint) missed by Keishon Porter(NCCU) 23-22',5251722,560976,560867,2024-03-16,N.C. Central Eagles,560976,N.C. Central
30.061199569702122,10.45000076293945,178,FALSE,111614733,'1st 04:53 : 3pt jump shot (off turnover) (outside right) missed by Jevin Muniz(DSU),5251722,560976,560867,2024-03-16,Delaware St. Hornets,560867,Delaware St.
6.890201721191431,47.2949981689453,489,FALSE,111614944,'1st 04:21 : 3pt jump shot (off turnover) (outside left) missed by Po&#39;Boigh King(NCCU),5251722,560976,560867,2024-03-16,N.C. Central Eagles,560976,N.C. Central
19.946801147460917,44.3400001525879,489,FALSE,111615042,'1st 04:14 : 3pt jump shot (2nd chance;off turnover) (outside left) missed by Keishon Porter(NCCU),5251722,560976,560867,2024-03-16,N.C. Central Eagles,560976,N.C. Central
9.682002868652319,27.4349994659424,489,FALSE,111615060,'1st 04:09 : 2pt layup (2nd chance;off turnover) (in the paint) missed by Ja&#39;Darius Harris(NCCU),5251722,560976,560867,2024-03-16,N.C. Central Eagles,560976,N.C. Central
14.222200107574446,24.39500045776365,178,FALSE,111615063,'1st 04:02 : 2pt floating jump shot (in the paint) missed by Martaz Robinson(DSU) 23-20',5251722,560976,560867,2024-03-16,Delaware St. Hornets,560867,Delaware St.
9.089800071716313,23.9699993133545,178,FALSE,111615461,'1st 03:43 : 2pt driving layup (under the basket) missed by Jevin Muniz(DSU),5251722,560976,560867,2024-03-16,Delaware St. Hornets,560867,Delaware St.
6.307399139404339,20.95999908447265,489,FALSE,111615469,'1st 03:31 : 2pt layup (off turnover) (in the paint) missed by Ja&#39;Darius Harris(NCCU),5251722,560976,560867,2024-03-16,N.C. Central Eagles,560976,N.C. Central
20.087800788879395,35.8050003051758,178,FALSE,111615493,'1st 03:14 : 2pt jump shot (inside left) missed by Alston Andrews(DSU),5251722,560976,560867,2024-03-16,Delaware St. Hornets,560867,Delaware St.
26.98739913940434,6.9300003051758,178,FALSE,111615822,'1st 02:57 : 3pt jump shot (2nd chance) (outside right) missed by Deywilk Tavarez(DSU),5251722,560976,560867,2024-03-16,Delaware St. Hornets,560867,Delaware St.
30.944798278808584,15.324999809265151,489,FALSE,111615844,'1st 02:47 : 3pt jump shot (outside center) missed by Fred Cleveland Jr.(NCCU),5251722,560976,560867,2024-03-16,N.C. Central Eagles,560976,N.C. Central
8.798399677276615,23.9699993133545,178,TRUE,111615887,'1st 02:36 : 2pt driving layup (under the basket) made by Deywilk Tavarez(DSU) 25-22',5251722,560976,560867,2024-03-16,Delaware St. Hornets,560867,Delaware St.
7.914798278808576,22.5049991607666,489,TRUE,111615915,'1st 02:16 : 2pt driving layup (under the basket) made by Keishon Porter(NCCU) 25-24',5251722,560976,560867,2024-03-16,N.C. Central Eagles,560976,N.C. Central
23.17099964141848,37.0699996948242,178,FALSE,111616109,'1st 01:56 : 2pt jump shot (inside left) missed by Martaz Robinson(DSU),5251722,560976,560867,2024-03-16,Delaware St. Hornets,560867,Delaware St.
16.280799713134755,26.875,489,FALSE,111616175,'1st 01:38 : 2pt floating jump shot (in the paint) missed by Fred Cleveland Jr.(NCCU),5251722,560976,560867,2024-03-16,N.C. Central Eagles,560976,N.C. Central
9.682000179290807,23.125,178,TRUE,111616181,'1st 01:25 : 2pt driving layup (in the paint) made by Martaz Robinson(DSU),5251722,560976,560867,2024-03-16,Delaware St. Hornets,560867,Delaware St.
22.879596557617162,40.95999908447265,489,FALSE,111616264,'1st 00:57.60 : 3pt jump shot (outside left) missed by Po&#39;Boigh King(NCCU),5251722,560976,560867,2024-03-16,N.C. Central Eagles,560976,N.C. Central
7.914798278808576,26.5900001525879,489,TRUE,111616266,'1st 00:51.50 : 2pt layup (2nd chance) (under the basket) made by Keishon Porter(NCCU) 27-26',5251722,560976,560867,2024-03-16,N.C. Central Eagles,560976,N.C. Central
23.31200286865233,44.0550003051758,489,FALSE,111616598,'1st 00:04.40 : 3pt jump shot (off turnover) (outside left) missed by Ja&#39;Darius Harris(NCCU),5251722,560976,560867,2024-03-16,N.C. Central Eagles,560976,N.C. Central
9.531600322723431,22.42499923706055,489,TRUE,111618825,'2nd 19:47 : 2pt layup (in the paint) made by Emmanuel Izunabor(NCCU),5251722,560976,560867,2024-03-16,N.C. Central Eagles,560976,N.C. Central
9.089798278808573,29.54999923706055,178,FALSE,111618875,'2nd 19:21 : 2pt turnaround jump shot (in the paint) missed by Martaz Robinson(DSU) 29-28',5251722,560976,560867,2024-03-16,Delaware St. Hornets,560867,Delaware St.
7.0405979919433435,27.7199993133545,178,TRUE,111618884,'2nd 19:17 : 2pt layup (2nd chance) (under the basket) made by Wesley Oba(DSU) 29-28',5251722,560976,560867,2024-03-16,Delaware St. Hornets,560867,Delaware St.
9.089800071716313,27.20999908447265,489,TRUE,111619263,'2nd 18:13 : 2pt layup (under the basket) made by Emmanuel Izunabor(NCCU),5251722,560976,560867,2024-03-16,N.C. Central Eagles,560976,N.C. Central
7.332002868652324,22.22500038146975,178,TRUE,111619301,'2nd 17:55 : 2pt driving layup (under the basket) made by Deywilk Tavarez(DSU) 32-30',5251722,560976,560867,2024-03-16,Delaware St. Hornets,560867,Delaware St.
26.686599426269495,12.789999961853049,178,TRUE,111619396,'2nd 17:18 : 3pt (off turnover) (outside right) made by DSU 35-30',5251722,560976,560867,2024-03-16,Delaware St. Hornets,560867,Delaware St.
27.128400573730502,12.930000305175803,178,FALSE,111619397,'2nd 17:15 : 3pt jump shot (off turnover) (outside right) missed by Deywilk Tavarez(DSU),5251722,560976,560867,2024-03-16,Delaware St. Hornets,560867,Delaware St.
7.332002868652324,26.3099994659424,178,TRUE,111619399,'2nd 17:12 : 2pt layup (2nd chance;off turnover) (under the basket) made by Martaz Robinson(DSU) 34-30',5251722,560976,560867,2024-03-16,Delaware St. Hornets,560867,Delaware St.
10.894600143432626,21.4349994659424,489,FALSE,111619459,'2nd 16:48 : 2pt jump shot (in the paint) missed by Timmy Adedire(NCCU) 34-30',5251722,560976,560867,2024-03-16,N.C. Central Eagles,560976,N.C. Central
9.089800071716313,22.13999938964845,489,FALSE,111619462,'2nd 16:45 : 2pt layup (2nd chance) (in the paint) missed by Keishon Porter(NCCU),5251722,560976,560867,2024-03-16,N.C. Central Eagles,560976,N.C. Central
29.328000717163132,25.23999977111815,489,FALSE,111619696,'2nd 16:07 : 3pt jump shot (outside center) missed by Timmy Adedire(NCCU),5251722,560976,560867,2024-03-16,N.C. Central Eagles,560976,N.C. Central
6.749199838638304,2.39500045776365,556,FALSE,111602755,'1st 16:42 : 3pt jump shot (outside right) missed by Jayden Pierre(PROV),5252380,560742,561042,2024-03-16,Providence Friars,561042,Providence
3.9573991394043304,25.63500022888185,387,FALSE,111602769,'1st 16:28 : 2pt layup (blocked) (in the paint) missed by David Joplin(MARQ),5252380,560742,561042,2024-03-16,Marquette Golden Eagles,560742,Marquette
17.59680114746091,4.789999961853027,387,FALSE,111604585,'1st 14:43 : 3pt jump shot (outside right) missed by Kam Jones(MARQ),5252380,560742,561042,2024-03-16,Marquette Golden Eagles,560742,Marquette
30.94479827880858,28.17000007629395,556,FALSE,111602893,'1st 16:07 : 3pt jump shot (outside center) missed by Devin Carter(PROV),5252380,560742,561042,2024-03-16,Providence Friars,561042,Providence
29.328000717163132,32.5349998474121,556,TRUE,111601749,'1st 18:42 : 3pt jump shot (outside center) made by Jayden Pierre(PROV),5252380,560742,561042,2024-03-16,Providence Friars,561042,Providence
6.598796844482422,24.36499977111815,387,TRUE,111601751,'1st 18:29 : 2pt layup (under the basket) made by David Joplin(MARQ),5252380,560742,561042,2024-03-16,Marquette Golden Eagles,560742,Marquette
16.713198852539094,45.7750015258789,387,TRUE,111601756,'1st 18:07 : 3pt jump shot (off turnover;fast break) (outside left) made by Stevie Mitchell(MARQ) 3-7',5252380,560742,561042,2024-03-16,Marquette Golden Eagles,560742,Marquette
26.10380043029788,13.8050003051758,556,FALSE,111602082,'1st 17:47 : 3pt jump shot (outside right) missed by Davonte Gaines(PROV),5252380,560742,561042,2024-03-16,Providence Friars,561042,Providence
6.307400035858152,23.9449996948242,556,TRUE,111602085,'1st 17:42 : 2pt layup (2nd chance) (under the basket) made by Devin Carter(PROV),5252380,560742,561042,2024-03-16,Providence Friars,561042,Providence
4.98200286865233,30.42499923706055,387,TRUE,111602601,'1st 17:05 : 2pt floating jump shot (off turnover) (in the paint) made by Kam Jones(MARQ) 5-11',5252380,560742,561042,2024-03-16,Marquette Golden Eagles,560742,Marquette
29.328000717163132,12.67499923706055,556,FALSE,111604473,'1st 15:14 : 3pt jump shot (off turnover) (outside right) missed by Jayden Pierre(PROV) 7-11',5252380,560742,561042,2024-03-16,Providence Friars,561042,Providence
17.59680114746091,24.5049991607666,387,TRUE,111601333,'1st 19:38 : 2pt floating jump shot (in the paint) made by Oso Ighodaro(MARQ) 0-2',5252380,560742,561042,2024-03-16,Marquette Golden Eagles,560742,Marquette
7.04059978485107,22.67499923706055,556,FALSE,111601410,'1st 19:16 : 2pt driving layup (under the basket) missed by Jayden Pierre(PROV),5252380,560742,561042,2024-03-16,Providence Friars,561042,Providence
9.822997131347677,29.7199993133545,387,FALSE,111601450,'1st 19:04 : 2pt hook shot (in the paint) missed by Oso Ighodaro(MARQ),5252380,560742,561042,2024-03-16,Marquette Golden Eagles,560742,Marquette
17.59680114746091,4.929999828338623,387,TRUE,111608518,'1st 07:27 : 3pt step back jump shot (outside right) made by Kam Jones(MARQ),5252380,560742,561042,2024-03-16,Marquette Golden Eagles,560742,Marquette
5.865597991943346,26.6200008392334,387,TRUE,111609056,'1st 06:15 : 2pt driving layup (under the basket) made by Kam Jones(MARQ) 18-30',5252380,560742,561042,2024-03-16,Marquette Golden Eagles,560742,Marquette
27.278800430297878,9.57500076293945,556,FALSE,111609257,'1st 05:47 : 3pt jump shot (outside right) missed by Corey Floyd,5252380,560742,561042,2024-03-16,Providence Friars,561042,Providence
9.973400573730501,26.47999954223635,387,FALSE,111609348,'1st 05:26 : 2pt hook shot (in the paint) missed by Oso Ighodaro(MARQ),5252380,560742,561042,2024-03-16,Marquette Golden Eagles,560742,Marquette
16.572197418212923,28.875,387,TRUE,111608637,'1st 06:58 : 2pt floating jump shot (off turnover) (in the paint) made by Oso Ighodaro(MARQ),5252380,560742,561042,2024-03-16,Marquette Golden Eagles,560742,Marquette
19.505,17.74499893188475,556,FALSE,111609368,'1st 05:16 : 2pt floating jump shot (inside right) missed by Garwey Dual(PROV),5252380,560742,561042,2024-03-16,Providence Friars,561042,Providence
6.598796844482422,26.76000022888185,387,FALSE,111609463,'1st 05:03 : 2pt driving layup (under the basket) missed by Kam Jones(MARQ),5252380,560742,561042,2024-03-16,Marquette Golden Eagles,560742,Marquette
13.19760086059567,47.04000091552735,387,TRUE,111609465,'1st 04:56 : 3pt jump shot (2nd chance) (outside left) made by David Joplin(MARQ),5252380,560742,561042,2024-03-16,Marquette Golden Eagles,560742,Marquette
25.812399139404338,10.7050018310547,556,FALSE,111609538,'1st 04:34 : 3pt jump shot (outside right) missed by Jayden Pierre(PROV),5252380,560742,561042,2024-03-16,Providence Friars,561042,Providence
5.71520172119142,25.35000038146975,387,TRUE,111609662,'1st 04:11 : 2pt dunk (under the basket) made by Oso Ighodaro(MARQ),5252380,560742,561042,2024-03-16,Marquette Golden Eagles,560742,Marquette
8.065199928283686,29.29500007629395,556,TRUE,111610650,'1st 03:26 : 2pt driving layup (off turnover) (in the paint) made by Devin Carter(PROV) 20-35',5252380,560742,561042,2024-03-16,Providence Friars,561042,Providence
16.42180114746091,30.13999938964845,387,FALSE,111610794,'1st 03:10 : 2pt floating jump shot (in the paint) missed by Oso Ighodaro(MARQ),5252380,560742,561042,2024-03-16,Marquette Golden Eagles,560742,Marquette
9.381199569702149,2.1150016784668,556,FALSE,111608990,'1st 06:33 : 3pt jump shot (outside right) missed by Rich Barron(PROV),5252380,560742,561042,2024-03-16,Providence Friars,561042,Providence
5.282799892425536,27.04000091552735,556,TRUE,111606307,'1st 10:01 : 2pt driving layup (under the basket) made by Jayden Pierre(PROV) 16-18',5252380,560742,561042,2024-03-16,Providence Friars,561042,Providence
6.598796844482422,47.8849983215332,387,TRUE,111607344,'1st 09:39 : 3pt jump shot (outside left wing) made by Zaide Lowery(MARQ),5252380,560742,561042,2024-03-16,Marquette Golden Eagles,560742,Marquette
17.88820064544677,22.39500045776365,556,FALSE,111607426,'1st 09:08 : 2pt floating jump shot (blocked) (in the paint) missed by Josh Oduro(PROV),5252380,560742,561042,2024-03-16,Providence Friars,561042,Providence
10.706599426269491,22.95999908447265,387,FALSE,111607459,'1st 08:51 : 2pt driving layup (in the paint) missed by Kam Jones(MARQ) 16-21',5252380,560742,561042,2024-03-16,Marquette Golden Eagles,560742,Marquette
8.64799713134768,24.9300003051758,387,TRUE,111607462,'1st 08:47 : 2pt layup (2nd chance) (under the basket) made by Kam Jones(MARQ) 16-23',5252380,560742,561042,2024-03-16,Marquette Golden Eagles,560742,Marquette
6.157000179290768,26.0550003051758,556,TRUE,111607547,'1st 08:15 : 2pt driving layup (under the basket) made by Garwey Dual(PROV),5252380,560742,561042,2024-03-16,Providence Friars,561042,Providence
21.55420028686524,22.11499977111815,387,FALSE,111607597,'1st 08:03 : 2pt floating jump shot (inside center) missed by Oso Ighodaro(MARQ),5252380,560742,561042,2024-03-16,Marquette Golden Eagles,560742,Marquette
24.34599964141848,8.875,556,FALSE,111608452,'1st 07:51 : 3pt step back jump shot (outside right) missed by Rich Barron(PROV),5252380,560742,561042,2024-03-16,Providence Friars,561042,Providence
17.01400035858152,3.38000106811525,556,FALSE,111610858,'1st 02:56 : 3pt jump shot (outside right) missed by Corey Floyd,5252380,560742,561042,2024-03-16,Providence Friars,561042,Providence
7.04059978485107,25.0699996948242,556,TRUE,111610863,'1st 02:54 : 2pt layup (2nd chance) (under the basket) made by Josh Oduro(PROV) 22-35',5252380,560742,561042,2024-03-16,Providence Friars,561042,Providence
23.31199928283687,6.1949996948242,556,FALSE,111605378,'1st 13:27 : 3pt jump shot (outside right) missed by Corey Floyd,5252380,560742,561042,2024-03-16,Providence Friars,561042,Providence
5.574200286865249,23.10000038146975,387,TRUE,111605411,'1st 13:15 : 2pt driving layup (under the basket) made by Kam Jones(MARQ) 7-14',5252380,560742,561042,2024-03-16,Marquette Golden Eagles,560742,Marquette
25.52099964141848,37.32499980926515,556,TRUE,111605678,'1st 12:48 : 3pt jump shot (outside left) made by Josh Oduro(PROV),5252380,560742,561042,2024-03-16,Providence Friars,561042,Providence
30.061203155517575,23.3799991607666,387,FALSE,111605709,'1st 12:35 : 3pt step back jump shot (outside center) missed by Stevie Mitchell(MARQ),5252380,560742,561042,2024-03-16,Marquette Golden Eagles,560742,Marquette
22.57880043029788,5.20999908447265,556,FALSE,111605743,'1st 12:24 : 3pt jump shot (outside right) missed by Davonte Gaines(PROV),5252380,560742,561042,2024-03-16,Providence Friars,561042,Providence
14.955403442382845,28.5900001525879,387,TRUE,111605808,'1st 12:09 : 2pt floating jump shot (in the paint) made by Oso Ighodaro(MARQ) 10-16',5252380,560742,561042,2024-03-16,Marquette Golden Eagles,560742,Marquette
5.86559978485107,22.67499923706055,556,TRUE,111605940,'1st 11:42 : 2pt driving layup (under the basket) made by Corey Floyd,5252380,560742,561042,2024-03-16,Providence Friars,561042,Providence
5.4237999820709195,27.32500076293945,556,TRUE,111605974,'1st 11:23 : 2pt driving layup (off turnover;fast break) (under the basket) made by Jayden Pierre(PROV) 14-16',5252380,560742,561042,2024-03-16,Providence Friars,561042,Providence
15.980000000000004,25.20999908447265,387,FALSE,111606057,'1st 11:06 : 2pt floating jump shot (in the paint) missed by Oso Ighodaro(MARQ),5252380,560742,561042,2024-03-16,Marquette Golden Eagles,560742,Marquette
5.282799892425536,20.98500061035155,556,FALSE,111606173,'1st 10:40 : 2pt driving layup (in the paint) missed by Davonte Gaines(PROV) 14-16',5252380,560742,561042,2024-03-16,Providence Friars,561042,Providence
7.77380043029785,23.8050003051758,556,FALSE,111606175,'1st 10:37 : 2pt layup (2nd chance) (under the basket) missed by Josh Oduro(PROV),5252380,560742,561042,2024-03-16,Providence Friars,561042,Providence
5.423796844482425,24.5049991607666,387,TRUE,111606260,'1st 10:18 : 2pt driving layup (under the basket) made by Oso Ighodaro(MARQ) 14-18',5252380,560742,561042,2024-03-16,Marquette Golden Eagles,560742,Marquette
8.948800430297851,26.6200008392334,556,FALSE,111604762,'1st 14:20 : 2pt driving layup (blocked) (under the basket) missed by Corey Floyd,5252380,560742,561042,2024-03-16,Providence Friars,561042,Providence
16.42179935455323,20.98500061035155,387,TRUE,111616573,'2nd 19:46 : 2pt floating jump shot (in the paint) made by Oso Ighodaro(MARQ),5252380,560742,561042,2024-03-16,Marquette Golden Eagles,560742,Marquette
30.944798278808584,33.2400016784668,556,FALSE,111616647,'2nd 19:25 : 3pt jump shot (outside center) missed by Devin Carter(PROV),5252380,560742,561042,2024-03-16,Providence Friars,561042,Providence
7.332000179290768,27.88500022888185,387,FALSE,111616688,'2nd 19:11 : 2pt hook shot (under the basket) missed by Oso Ighodaro(MARQ),5252380,560742,561042,2024-03-16,Marquette Golden Eagles,560742,Marquette
6.0160000896453845,26.1949996948242,387,TRUE,111616695,'2nd 19:04 : 2pt layup (off turnover) (under the basket) made by Stevie Mitchell(MARQ) 31-46',5252380,560742,561042,2024-03-16,Marquette Golden Eagles,560742,Marquette
7.914800071716313,48.02999997138977,387,FALSE,111616905,'2nd 18:34 : 3pt step back jump shot (outside left) missed by Chase Ross(MARQ),5252380,560742,561042,2024-03-16,Marquette Golden Eagles,560742,Marquette
29.327997131347672,17.465000152587898,556,TRUE,111616923,'2nd 18:22 : 3pt pull up jump shot (outside center) made by Jayden Pierre(PROV) 36-46',5252380,560742,561042,2024-03-16,Providence Friars,561042,Providence
5.132400035858152,28.3099994659424,387,FALSE,111616944,'2nd 18:08 : 2pt driving layup (under the basket) missed by Kam Jones(MARQ),5252380,560742,561042,2024-03-16,Marquette Golden Eagles,560742,Marquette
4.98200286865233,27.04000091552735,556,FALSE,111616981,'2nd 18:03 : 2pt driving layup (fast break) (under the basket) missed by Jayden Pierre(PROV) 36-46',5252380,560742,561042,2024-03-16,Providence Friars,561042,Providence
5.640000000000001,25,556,FALSE,111616983,'2nd 17:59 : 2pt layup (2nd chance;fast break) (under the basket) missed by Devin Carter(PROV) 39-46',5252380,560742,561042,2024-03-16,Providence Friars,561042,Providence
29.47840057373051,15.069999694824197,556,TRUE,111617010,'2nd 17:50 : 3pt jump shot (2nd chance) (outside right) made by Devin Carter(PROV) 39-46',5252380,560742,561042,2024-03-16,Providence Friars,561042,Providence
6.157000179290768,27.1849994659424,387,TRUE,111617569,'2nd 17:29 : 2pt layup (under the basket) made by Stevie Mitchell(MARQ),5252380,560742,561042,2024-03-16,Marquette Golden Eagles,560742,Marquette
30.2115994262695,31.6900005340576,387,TRUE,111617728,'2nd 16:53 : 3pt jump shot (off turnover) (outside center) made by Kam Jones(MARQ),5252380,560742,561042,2024-03-16,Marquette Golden Eagles,560742,Marquette
4.107802581787098,23.10000038146975,556,FALSE,111617767,'2nd 16:37 : 2pt driving layup (blocked) (under the basket) missed by Jayden Pierre(PROV),5252380,560742,561042,2024-03-16,Providence Friars,561042,Providence
7.04059978485107,21.9699993133545,387,FALSE,111617798,'2nd 16:24 : 2pt driving layup (under the basket) missed by Zaide Lowery(MARQ),5252380,560742,561042,2024-03-16,Marquette Golden Eagles,560742,Marquette
7.332000179290768,22.11499977111815,387,FALSE,111617800,'2nd 16:22 : 2pt layup (2nd chance;blocked) (under the basket) missed by Stevie Mitchell(MARQ),5252380,560742,561042,2024-03-16,Marquette Golden Eagles,560742,Marquette
8.065201721191428,46.9000015258789,556,FALSE,111617823,'2nd 16:11 : 3pt jump shot (outside left) missed by Davonte Gaines(PROV),5252380,560742,561042,2024-03-16,Providence Friars,561042,Providence
28.15299713134766,34.2249984741211,556,FALSE,111618428,'2nd 15:26 : 3pt step back jump shot (off turnover) (outside left) missed by Davonte Gaines(PROV) 39-51',5252380,560742,561042,2024-03-16,Providence Friars,561042,Providence
29.18700286865233,31.54999923706055,556,FALSE,111618649,'2nd 14:39 : 3pt pull up jump shot (off turnover) (outside center) missed by Davonte Gaines(PROV),5252380,560742,561042,2024-03-16,Providence Friars,561042,Providence
23.753796844482423,16.6200008392334,556,FALSE,111618659,'2nd 14:25 : 2pt pull up jump shot (2nd chance;off turnover) (inside right) missed by Jayden Pierre(PROV),5252380,560742,561042,2024-03-16,Providence Friars,561042,Providence
6.598799982070919,21.82999992370605,387,FALSE,111618696,'2nd 14:13 : 2pt driving layup (under the basket) missed by Kam Jones(MARQ),5252380,560742,561042,2024-03-16,Marquette Golden Eagles,560742,Marquette
5.4237999820709195,27.1849994659424,387,FALSE,111618828,'2nd 14:00 : 2pt layup (2nd chance;blocked) (under the basket) missed by Oso Ighodaro(MARQ),5252380,560742,561042,2024-03-16,Marquette Golden Eagles,560742,Marquette
4.399200286865252,23.10000038146975,556,FALSE,111618831,'2nd 13:53 : 2pt driving layup (under the basket) missed by Devin Carter(PROV),5252380,560742,561042,2024-03-16,Providence Friars,561042,Providence
8.647999820709233,47.325000047683716,387,TRUE,111618972,'2nd 13:29 : 3pt jump shot (outside left) made by Ben Gold(MARQ),5252380,560742,561042,2024-03-16,Marquette Golden Eagles,560742,Marquette
5.574200286865249,2.815000057220459,556,TRUE,111619016,'2nd 13:03 : 3pt jump shot (outside right wing) made by Devin Carter(PROV) 42-54',5252380,560742,561042,2024-03-16,Providence Friars,561042,Providence
5.574199838638304,26.6200008392334,387,FALSE,111619031,'2nd 12:47 : 2pt driving layup (under the basket) missed by David Joplin(MARQ),5252380,560742,561042,2024-03-16,Marquette Golden Eagles,560742,Marquette
4.549596557617164,24.5049991607666,556,TRUE,111619037,'2nd 12:36 : 2pt driving layup (under the basket) made by Corey Floyd,5252380,560742,561042,2024-03-16,Providence Friars,561042,Providence
29.036599426269493,32.67499923706055,387,FALSE,111619888,'2nd 11:43 : 3pt step back jump shot (outside center) missed by Kam Jones(MARQ),5252380,560742,561042,2024-03-16,Marquette Golden Eagles,560742,Marquette
4.24879998207092,26.0550003051758,387,FALSE,111619899,'2nd 11:39 : 2pt layup (2nd chance) (under the basket) missed by Tre Norman(MARQ),5252380,560742,561042,2024-03-16,Marquette Golden Eagles,560742,Marquette
25.812399139404338,38.44999980926515,387,TRUE,111619901,'2nd 11:36 : 3pt jump shot (2nd chance) (outside left) made by Chase Ross(MARQ),5252380,560742,561042,2024-03-16,Marquette Golden Eagles,560742,Marquette
8.356599426269497,23.6599998474121,387,FALSE,111611692,'1st 02:11 : 2pt hook shot (under the basket) missed by Oso Ighodaro(MARQ),5252380,560742,561042,2024-03-16,Marquette Golden Eagles,560742,Marquette
5.574200286865249,2.674999952316284,387,FALSE,111611829,'1st 02:07 : 3pt step back jump shot (2nd chance) (outside right wing) missed by Kam Jones(MARQ),5252380,560742,561042,2024-03-16,Marquette Golden Eagles,560742,Marquette
20.971397705078076,44.2249984741211,387,TRUE,111612260,'1st 01:35 : 3pt jump shot (outside left) made by David Joplin(MARQ),5252380,560742,561042,2024-03-16,Marquette Golden Eagles,560742,Marquette
8.065199928283686,1.125,556,TRUE,111612656,'1st 01:18 : 3pt jump shot (outside right) made by Rich Barron(PROV),5252380,560742,561042,2024-03-16,Providence Friars,561042,Providence
4.399200286865252,22.67499923706055,387,TRUE,111612711,'1st 00:58.30 : 2pt driving layup (under the basket) made by Kam Jones(MARQ) 28-40',5252380,560742,561042,2024-03-16,Marquette Golden Eagles,560742,Marquette
29.036599426269493,32.39500045776365,556,FALSE,111612752,'1st 00:45.00 : 3pt jump shot (outside center) missed by Davonte Gaines(PROV),5252380,560742,561042,2024-03-16,Providence Friars,561042,Providence
9.240201721191426,26.89999961853025,387,FALSE,111613156,'1st 00:17.00 : 2pt driving layup (blocked) (under the basket) missed by Kam Jones(MARQ),5252380,560742,561042,2024-03-16,Marquette Golden Eagles,560742,Marquette
6.307400035858152,23.3799991607666,556,TRUE,111613184,'1st 00:12.00 : 2pt driving layup (fast break) (under the basket) made by Corey Floyd,5252380,560742,561042,2024-03-16,Providence Friars,561042,Providence
26.98739913940433,40,29,FALSE,111601271,'1st 13:33 : 3pt jump shot (outside left) missed by KJ Lewis(ARIZ),5252632,560672,561022,2024-03-16,Arizona Wildcats,560672,Arizona
17.01399856567383,3.6600000858306885,29,TRUE,111603801,'1st 10:04 : 3pt jump shot (2nd chance;off turnover) (outside right) made by Pelle Larsson(ARIZ),5252632,560672,561022,2024-03-16,Arizona Wildcats,560672,Arizona
12.314000358581518,3.2400016784668,529,FALSE,111599455,'1st 15:53 : 3pt jump shot (outside right) missed by Kwame Evans Jr.(ORE),5252632,560672,561022,2024-03-16,Oregon Ducks,561022,Oregon
7.04059978485107,25.0699996948242,529,TRUE,111601387,'1st 13:23 : 2pt hook shot (under the basket) made by Kwame Evans Jr.(ORE),5252632,560672,561022,2024-03-16,Oregon Ducks,561022,Oregon
7.332002868652324,24.08499908447265,29,TRUE,111601459,'1st 13:06 : 2pt layup (under the basket) made by Oumar Ballo(ARIZ),5252632,560672,561022,2024-03-16,Arizona Wildcats,560672,Arizona
28.45380043029788,16.61999893188475,529,FALSE,111601540,'1st 12:52 : 3pt jump shot (outside center) missed by Kwame Evans Jr.(ORE),5252632,560672,561022,2024-03-16,Oregon Ducks,561022,Oregon
4.841000089645384,23.23999977111815,529,TRUE,111601542,'1st 12:44 : 2pt layup (2nd chance) (under the basket) made by Kwame Evans Jr.(ORE),5252632,560672,561022,2024-03-16,Oregon Ducks,561022,Oregon
24.637399139404337,9.859999656677253,29,TRUE,111601585,'1st 12:38 : 3pt jump shot (fast break) (outside right) made by Caleb Love(ARIZ),5252632,560672,561022,2024-03-16,Arizona Wildcats,560672,Arizona
5.71520172119142,29.29500007629395,29,TRUE,111604697,'1st 08:14 : 2pt hook shot (off turnover) (in the paint) made by Motiejus Krivas(ARIZ),5252632,560672,561022,2024-03-16,Arizona Wildcats,560672,Arizona
16.130403442382843,24.64999961853025,29,FALSE,111597273,'1st 19:41 : 2pt layup (blocked) (in the paint) missed by Kylan Boswell(ARIZ),5252632,560672,561022,2024-03-16,Arizona Wildcats,560672,Arizona
16.280799713134755,33.2400016784668,29,FALSE,111597415,'1st 19:39 : 2pt jump shot (2nd chance;blocked) (inside left) missed by Caleb Love(ARIZ),5252632,560672,561022,2024-03-16,Arizona Wildcats,560672,Arizona
29.76979827880858,13.659999847412102,29,FALSE,111597456,'1st 19:26 : 3pt jump shot (2nd chance) (outside right) missed by Caleb Love(ARIZ),5252632,560672,561022,2024-03-16,Arizona Wildcats,560672,Arizona
10.706600322723432,26.89999961853025,529,TRUE,111597559,'1st 19:13 : 2pt hook shot (in the paint) made by N&#39;Faly Dante(ORE),5252632,560672,561022,2024-03-16,Oregon Ducks,561022,Oregon
6.749200286865246,23.3799991607666,29,TRUE,111597587,'1st 19:02 : 2pt dunk (under the basket) made by Oumar Ballo(ARIZ),5252632,560672,561022,2024-03-16,Arizona Wildcats,560672,Arizona
7.0405979919433435,26.1949996948242,29,TRUE,111600526,'1st 15:45 : 2pt dunk (under the basket) made by Oumar Ballo(ARIZ),5252632,560672,561022,2024-03-16,Arizona Wildcats,560672,Arizona
21.704600143432625,46.480000019073486,529,TRUE,111598316,'1st 18:34 : 3pt jump shot (outside left) made by Jermaine Couisnard(ORE),5252632,560672,561022,2024-03-16,Oregon Ducks,561022,Oregon
22.146397705078073,41.27000045776365,29,TRUE,111598348,'1st 18:21 : 3pt jump shot (outside left) made by Pelle Larsson(ARIZ),5252632,560672,561022,2024-03-16,Arizona Wildcats,560672,Arizona
10.847600860595662,25.77499961853025,29,FALSE,111602109,'1st 11:50 : 2pt hook shot (in the paint) missed by Motiejus Krivas(ARIZ),5252632,560672,561022,2024-03-16,Arizona Wildcats,560672,Arizona
14.222197418212914,35.6349983215332,29,TRUE,111602112,'1st 11:46 : 2pt jump shot (2nd chance) (inside left) made by Jaden Bradley(ARIZ) 13-18',5252632,560672,561022,2024-03-16,Arizona Wildcats,560672,Arizona
10.847600860595662,23.10000038146975,29,TRUE,111600840,'1st 14:52 : 2pt layup (in the paint) made by Oumar Ballo(ARIZ),5252632,560672,561022,2024-03-16,Arizona Wildcats,560672,Arizona
17.305399856567373,14.79000091552735,529,FALSE,111602227,'1st 11:25 : 2pt step back jump shot (blocked) (inside right) missed by Jackson Shelstad(ORE),5252632,560672,561022,2024-03-16,Oregon Ducks,561022,Oregon
14.955399856567373,26.47999954223635,529,FALSE,111603439,'1st 10:37 : 2pt floating jump shot (off turnover) (in the paint) missed by Jermaine Couisnard(ORE),5252632,560672,561022,2024-03-16,Oregon Ducks,561022,Oregon
7.623400573730507,25.35000038146975,29,FALSE,111603462,'1st 10:29 : 2pt layup (under the basket) missed by Jaden Bradley(ARIZ),5252632,560672,561022,2024-03-16,Arizona Wildcats,560672,Arizona
19.505,6.0550003051758,529,FALSE,111598503,'1st 17:51 : 3pt jump shot (outside right) missed by Jackson Shelstad(ORE),5252632,560672,561022,2024-03-16,Oregon Ducks,561022,Oregon
20.971397705078076,25.0699996948242,29,FALSE,111598635,'1st 17:32 : 2pt floating jump shot (inside center) missed by Caleb Love(ARIZ),5252632,560672,561022,2024-03-16,Arizona Wildcats,560672,Arizona
4.841000089645384,21.6900005340576,529,FALSE,111598694,'1st 17:24 : 2pt layup (blocked) (under the basket) missed by Jadrian Tracey(ORE),5252632,560672,561022,2024-03-16,Oregon Ducks,561022,Oregon
19.946799354553228,43.8049998283386,529,FALSE,111600647,'1st 15:17 : 3pt jump shot (outside left) missed by Jackson Shelstad(ORE),5252632,560672,561022,2024-03-16,Oregon Ducks,561022,Oregon
6.157000179290768,25.35000038146975,529,TRUE,111598846,'1st 17:10 : 2pt driving layup (2nd chance) (under the basket) made by Jackson Shelstad(ORE) 7-5',5252632,560672,561022,2024-03-16,Oregon Ducks,561022,Oregon
30.653400573730508,32.814998626709,29,FALSE,111598868,'1st 17:02 : 3pt jump shot (outside center) missed by Keshad Johnson(ARIZ),5252632,560672,561022,2024-03-16,Arizona Wildcats,560672,Arizona
24.195599784851105,9.7200012207031,529,FALSE,111601062,'1st 14:33 : 3pt jump shot (outside right) missed by Jadrian Tracey(ORE),5252632,560672,561022,2024-03-16,Oregon Ducks,561022,Oregon
17.59680114746091,32.95999908447265,29,TRUE,111601101,'1st 14:09 : 2pt jump shot (inside left) made by Kylan Boswell(ARIZ) 7-11',5252632,560672,561022,2024-03-16,Arizona Wildcats,560672,Arizona
19.354596557617157,36.47999954223635,29,FALSE,111599060,'1st 16:47 : 2pt pull up jump shot (2nd chance) (inside left) missed by Kylan Boswell(ARIZ),5252632,560672,561022,2024-03-16,Arizona Wildcats,560672,Arizona
20.68,29.29500007629395,529,FALSE,111599158,'1st 16:27 : 2pt pull up jump shot (inside center) missed by Jermaine Couisnard(ORE),5252632,560672,561022,2024-03-16,Oregon Ducks,561022,Oregon
29.76979827880858,16.340000152587898,29,FALSE,111599161,'1st 16:18 : 3pt jump shot (outside center) missed by Caleb Love(ARIZ),5252632,560672,561022,2024-03-16,Arizona Wildcats,560672,Arizona
25.812399139404338,11.8300018310547,529,FALSE,111601223,'1st 13:44 : 3pt jump shot (outside right) missed by Jermaine Couisnard(ORE),5252632,560672,561022,2024-03-16,Oregon Ducks,561022,Oregon
24.054600143432626,40,529,FALSE,111605605,'1st 07:07 : 3pt jump shot (off turnover) (outside left) missed by Brennan Rigsby(ORE),5252632,560672,561022,2024-03-16,Oregon Ducks,561022,Oregon
6.890201721191431,23.9449996948242,29,TRUE,111605672,'1st 06:52 : 2pt layup (under the basket) made by Oumar Ballo(ARIZ),5252632,560672,561022,2024-03-16,Arizona Wildcats,560672,Arizona
6.157000179290768,22.39500045776365,529,FALSE,111605730,'1st 06:29 : 2pt (under the basket) missed by N&#39;Faly Dante(ORE) 13-27',5252632,560672,561022,2024-03-16,Oregon Ducks,561022,Oregon
35.635399856567375,19.57500076293945,529,FALSE,111604802,'1st 07:42 : 3pt jump shot (outside center) missed by Jackson Shelstad(ORE),5252632,560672,561022,2024-03-16,Oregon Ducks,561022,Oregon
7.623399677276614,13.38000106811525,529,FALSE,111606166,'1st 05:44 : 2pt hook shot (off turnover) (inside right) missed by N&#39;Faly Dante(ORE),5252632,560672,561022,2024-03-16,Oregon Ducks,561022,Oregon
5.86559978485107,23.8050003051758,529,FALSE,111606247,'1st 05:31 : 2pt layup (off turnover) (under the basket) missed by Jackson Shelstad(ORE),5252632,560672,561022,2024-03-16,Oregon Ducks,561022,Oregon
5.64,25,529,TRUE,111606255,'1st 05:28 : 2pt dunk (2nd chance;off turnover) (under the basket) made by N&#39;Faly Dante(ORE) 16-27',5252632,560672,561022,2024-03-16,Oregon Ducks,561022,Oregon
26.686599426269495,7.74499893188475,529,FALSE,111606369,'1st 04:59 : 3pt jump shot (off turnover) (outside right) missed by Jermaine Couisnard(ORE),5252632,560672,561022,2024-03-16,Oregon Ducks,561022,Oregon
6.749199838638304,38.3100004196167,529,FALSE,111608033,'1st 02:19 : 2pt step back jump shot (inside left) missed by Jermaine Couisnard(ORE),5252632,560672,561022,2024-03-16,Oregon Ducks,561022,Oregon
4.841000089645384,47.325000047683716,529,FALSE,111608233,'1st 01:55 : 3pt jump shot (outside left wing) missed by Kario Oquendo(ORE),5252632,560672,561022,2024-03-16,Oregon Ducks,561022,Oregon
9.973400573730501,24.64999961853025,29,FALSE,111607840,'1st 03:17 : 2pt layup (off turnover;blocked) (in the paint) missed by Motiejus Krivas(ARIZ),5252632,560672,561022,2024-03-16,Arizona Wildcats,560672,Arizona
24.054600143432626,6.7599983215332,529,FALSE,111608549,'1st 01:29 : 3pt jump shot (outside right) missed by Brennan Rigsby(ORE),5252632,560672,561022,2024-03-16,Oregon Ducks,561022,Oregon
14.513599605560303,23.10000038146975,529,TRUE,111608649,'1st 01:05 : 2pt floating jump shot (off turnover) (in the paint) made by Jermaine Couisnard(ORE) 20-32',5252632,560672,561022,2024-03-16,Oregon Ducks,561022,Oregon
30.061203155517575,22.95999908447265,29,FALSE,111608768,'1st 00:40.60 : 3pt jump shot (outside center) missed by Keshad Johnson(ARIZ),5252632,560672,561022,2024-03-16,Arizona Wildcats,560672,Arizona
14.814400215148892,27.1849994659424,529,TRUE,111608835,'1st 00:32.20 : 2pt floating jump shot (in the paint) made by Jermaine Couisnard(ORE) 22-32',5252632,560672,561022,2024-03-16,Oregon Ducks,561022,Oregon
8.356600322723386,28.45000076293945,529,TRUE,111607891,'1st 03:08 : 2pt dunk (in the paint) made by N&#39;Faly Dante(ORE),5252632,560672,561022,2024-03-16,Oregon Ducks,561022,Oregon
25.370597991943328,9.859999656677253,29,FALSE,111607941,'1st 02:54 : 3pt jump shot (outside right) missed by Kylan Boswell(ARIZ),5252632,560672,561022,2024-03-16,Arizona Wildcats,560672,Arizona
5.423796844482425,25.91500091552735,29,FALSE,111607944,'1st 02:49 : 2pt layup (2nd chance;blocked) (under the basket) missed by Motiejus Krivas(ARIZ),5252632,560672,561022,2024-03-16,Arizona Wildcats,560672,Arizona
18.038602294921816,35.3499984741211,29,FALSE,111606909,'1st 03:49 : 2pt floating jump shot (off turnover) (inside left) missed by Pelle Larsson(ARIZ),5252632,560672,561022,2024-03-16,Arizona Wildcats,560672,Arizona
7.332002868652324,23.23999977111815,529,FALSE,111613921,'2nd 19:28 : 2pt layup (off turnover;blocked) (under the basket) missed by Kwame Evans Jr.(ORE),5252632,560672,561022,2024-03-16,Oregon Ducks,561022,Oregon
6.44840057373051,24.22500038146975,529,TRUE,111613975,'2nd 19:10 : 2pt layup (off turnover;fast break) (under the basket) made by Jackson Shelstad(ORE),5252632,560672,561022,2024-03-16,Oregon Ducks,561022,Oregon
7.914800071716313,34.5050001144409,29,FALSE,111613997,'2nd 18:59 : 2pt floating jump shot (inside left) missed by Caleb Love(ARIZ),5252632,560672,561022,2024-03-16,Arizona Wildcats,560672,Arizona
16.42180114746091,23.52000045776365,529,TRUE,111614039,'2nd 18:37 : 2pt floating jump shot (in the paint) made by Jermaine Couisnard(ORE) 27-33',5252632,560672,561022,2024-03-16,Oregon Ducks,561022,Oregon
25.953400573730505,9.295000076293952,529,FALSE,111614316,'2nd 18:00 : 3pt jump shot (outside right) missed by Jackson Shelstad(ORE),5252632,560672,561022,2024-03-16,Oregon Ducks,561022,Oregon
8.798399677276615,26.0550003051758,29,FALSE,111614354,'2nd 17:51 : 2pt layup (blocked) (under the basket) missed by Keshad Johnson(ARIZ),5252632,560672,561022,2024-03-16,Arizona Wildcats,560672,Arizona
16.42180114746091,24.08499908447265,529,FALSE,111614393,'2nd 17:38 : 2pt layup (in the paint) missed by Jermaine Couisnard(ORE),5252632,560672,561022,2024-03-16,Oregon Ducks,561022,Oregon
10.55620315551758,37.8849983215332,529,FALSE,111614440,'2nd 17:24 : 2pt jump shot (2nd chance) (inside left) missed by Jackson Shelstad(ORE),5252632,560672,561022,2024-03-16,Oregon Ducks,561022,Oregon
5.640000000000001,25,529,TRUE,111614443,'2nd 17:18 : 2pt layup (2nd chance) (under the basket) made by Kwame Evans Jr.(ORE) 29-34',5252632,560672,561022,2024-03-16,Oregon Ducks,561022,Oregon
17.155,24.08499908447265,29,TRUE,111614493,'2nd 16:58 : 2pt floating jump shot (in the paint) made by Caleb Love(ARIZ) 29-36',5252632,560672,561022,2024-03-16,Arizona Wildcats,560672,Arizona
9.089798278808573,21.27000045776365,529,FALSE,111614559,'2nd 16:40 : 2pt layup (blocked) (in the paint) missed by Jermaine Couisnard(ORE),5252632,560672,561022,2024-03-16,Oregon Ducks,561022,Oregon
24.19559799194333,6.619999885559103,529,TRUE,111614589,'2nd 16:33 : 3pt jump shot (2nd chance) (outside right) made by Jermaine Couisnard(ORE),5252632,560672,561022,2024-03-16,Oregon Ducks,561022,Oregon
9.240199928283687,26.3400001525879,29,TRUE,111614712,'2nd 16:16 : 2pt dunk (under the basket) made by Keshad Johnson(ARIZ),5252632,560672,561022,2024-03-16,Arizona Wildcats,560672,Arizona
8.21559799194334,24.64999961853025,529,FALSE,111614779,'2nd 15:48 : 2pt layup (blocked) (under the basket) missed by Jermaine Couisnard(ORE),5252632,560672,561022,2024-03-16,Oregon Ducks,561022,Oregon
10.706599426269491,24.64999961853025,529,FALSE,111615179,'2nd 15:45 : 2pt hook shot (2nd chance) (in the paint) missed by N&#39;Faly Dante(ORE),5252632,560672,561022,2024-03-16,Oregon Ducks,561022,Oregon
5.574200286865249,23.9449996948242,529,TRUE,111615198,'2nd 15:38 : 2pt layup (2nd chance) (under the basket) made by Jermaine Couisnard(ORE) 34-38',5252632,560672,561022,2024-03-16,Oregon Ducks,561022,Oregon
4.399200286865252,21.82999992370605,529,TRUE,111615245,'2nd 15:13 : 2pt dunk (off turnover;fast break) (under the basket) made by Kario Oquendo(ORE) 36-38',5252632,560672,561022,2024-03-16,Oregon Ducks,561022,Oregon
29.478400573730504,32.95999908447265,29,TRUE,111615406,'2nd 14:42 : 3pt jump shot (off turnover) (outside center) made by Keshad Johnson(ARIZ),5252632,560672,561022,2024-03-16,Arizona Wildcats,560672,Arizona
29.478400573730504,27.88500022888185,29,FALSE,111615662,'2nd 14:08 : 3pt jump shot (off turnover) (outside center) missed by Kylan Boswell(ARIZ),5252632,560672,561022,2024-03-16,Arizona Wildcats,560672,Arizona
5.423796844482425,23.6599998474121,529,TRUE,111615664,'2nd 14:00 : 2pt driving layup (fast break) (under the basket) made by Kario Oquendo(ORE),5252632,560672,561022,2024-03-16,Oregon Ducks,561022,Oregon
8.065201721191428,24.08499908447265,529,FALSE,111615905,'2nd 13:18 : 2pt layup (off turnover) (under the basket) missed by Kario Oquendo(ORE) 38-41',5252632,560672,561022,2024-03-16,Oregon Ducks,561022,Oregon
28.594798278808582,16.6200008392334,529,TRUE,111616222,'2nd 12:33 : 3pt jump shot (outside center) made by Jermaine Couisnard(ORE) 43-41',5252632,560672,561022,2024-03-16,Oregon Ducks,561022,Oregon
7.914798278808576,23.10000038146975,529,FALSE,111616451,'2nd 11:42 : 2pt driving layup (under the basket) missed by Jermaine Couisnard(ORE),5252632,560672,561022,2024-03-16,Oregon Ducks,561022,Oregon
5.4237999820709195,24.5049991607666,29,FALSE,111616466,'2nd 11:32 : 2pt layup (under the basket) missed by Jaden Bradley(ARIZ),5252632,560672,561022,2024-03-16,Arizona Wildcats,560672,Arizona
28.594798278808582,39.2949981689453,529,FALSE,111616533,'2nd 11:08 : 3pt jump shot (outside left) missed by Kario Oquendo(ORE),5252632,560672,561022,2024-03-16,Oregon Ducks,561022,Oregon
7.623399677276614,26.89999961853025,29,FALSE,111616546,'2nd 10:59 : 2pt layup (blocked) (under the basket) missed by Keshad Johnson(ARIZ),5252632,560672,561022,2024-03-16,Arizona Wildcats,560672,Arizona
7.482400035858152,24.22500038146975,29,TRUE,111616566,'2nd 10:53 : 2pt layup (2nd chance) (under the basket) made by Motiejus Krivas(ARIZ) 43-44',5252632,560672,561022,2024-03-16,Arizona Wildcats,560672,Arizona
6.44840057373051,24.79000091552735,529,TRUE,111617515,'2nd 10:28 : 2pt layup (under the basket) made by Jackson Shelstad(ORE),5252632,560672,561022,2024-03-16,Oregon Ducks,561022,Oregon
5.574200286865249,12.255000114440897,529,TRUE,111617649,'2nd 09:47 : 2pt step back jump shot (off turnover) (inside right) made by Jackson Shelstad(ORE) 47-44',5252632,560672,561022,2024-03-16,Oregon Ducks,561022,Oregon
32.411203155517576,21.54999923706055,529,TRUE,111617746,'2nd 09:02 : 3pt jump shot (off turnover) (outside center) made by Jackson Shelstad(ORE),5252632,560672,561022,2024-03-16,Oregon Ducks,561022,Oregon
9.089800071716313,25.63500022888185,29,FALSE,111617997,'2nd 08:41 : 2pt layup (under the basket) missed by KJ Lewis(ARIZ),5252632,560672,561022,2024-03-16,Arizona Wildcats,560672,Arizona
26.54559799194334,10.984999656677253,529,TRUE,111618062,'2nd 08:12 : 3pt jump shot (outside right) made by Jermaine Couisnard(ORE),5252632,560672,561022,2024-03-16,Oregon Ducks,561022,Oregon
25.079200286865245,41.4099998474121,529,TRUE,111618468,'2nd 07:32 : 3pt jump shot (outside left) made by Jackson Shelstad(ORE),5252632,560672,561022,2024-03-16,Oregon Ducks,561022,Oregon
30.94479827880858,20.8449993133545,29,FALSE,111618503,'2nd 07:11 : 3pt jump shot (outside center) missed by Caleb Love(ARIZ),5252632,560672,561022,2024-03-16,Arizona Wildcats,560672,Arizona
8.065201721191428,24.36499977111815,529,FALSE,111618538,'2nd 06:49 : 2pt layup (blocked) (under the basket) missed by Jermaine Couisnard(ORE),5252632,560672,561022,2024-03-16,Oregon Ducks,561022,Oregon
8.798400573730504,23.52000045776365,529,TRUE,111618563,'2nd 06:42 : 2pt layup (2nd chance) (under the basket) made by N&#39;Faly Dante(ORE) 58-46',5252632,560672,561022,2024-03-16,Oregon Ducks,561022,Oregon
31.236199569702123,16.1949996948242,29,FALSE,111618594,'2nd 06:26 : 3pt jump shot (outside center) missed by Caleb Love(ARIZ),5252632,560672,561022,2024-03-16,Arizona Wildcats,560672,Arizona
29.619400215148893,30.8449993133545,29,FALSE,111618608,'2nd 06:16 : 3pt jump shot (2nd chance) (outside center) missed by Kylan Boswell(ARIZ),5252632,560672,561022,2024-03-16,Arizona Wildcats,560672,Arizona
26.837002868652334,10.279999732971199,529,FALSE,111618753,'2nd 05:45 : 3pt jump shot (outside right) missed by Jermaine Couisnard(ORE),5252632,560672,561022,2024-03-16,Oregon Ducks,561022,Oregon
29.76979827880858,15.210000038146951,529,TRUE,111619027,'2nd 05:18 : 3pt jump shot (outside right) made by Jackson Shelstad(ORE) 61-48',5252632,560672,561022,2024-03-16,Oregon Ducks,561022,Oregon
12.314000358581518,30.70499992370605,29,TRUE,111619035,'2nd 05:00 : 2pt dunk (in the paint) made by Keshad Johnson(ARIZ),5252632,560672,561022,2024-03-16,Arizona Wildcats,560672,Arizona
17.30540344238284,14.36499977111815,529,FALSE,111619123,'2nd 04:36 : 2pt jump shot (inside right) missed by Jackson Shelstad(ORE),5252632,560672,561022,2024-03-16,Oregon Ducks,561022,Oregon
10.114402008056658,22.95999908447265,529,FALSE,111619188,'2nd 04:18 : 2pt layup (2nd chance) (in the paint) missed by Jermaine Couisnard(ORE),5252632,560672,561022,2024-03-16,Oregon Ducks,561022,Oregon
22.437800788879393,44.22499990463255,1356,FALSE,111609964,'1st 19:17 : 3pt step back jump shot (outside left) missed by Cameron Tyson(Seattle U),5252520,560614,560620,2024-03-16,Seattle U Redhawks,560620,Seattle U
10.264800071716266,28.875,1356,FALSE,111610850,'1st 16:53 : 2pt hook shot (in the paint) missed by Brandton Chatfield(Seattle U),5252520,560614,560620,2024-03-16,Seattle U Redhawks,560620,Seattle U
16.42180114746091,1.9700000286102295,1104,FALSE,111609864,'1st 19:43 : 3pt jump shot (outside right) missed by Tyon Grant-Foster(Grand Canyon),5252520,560614,560620,2024-03-16,Grand Canyon Lopes,560614,Grand Canyon
17.01400035858152,22.5349998474121,1356,FALSE,111610387,'1st 17:58 : 2pt pull up jump shot (in the paint) missed by John Christofilis(Seattle U),5252520,560614,560620,2024-03-16,Seattle U Redhawks,560620,Seattle U
8.065201721191428,2.5350000858306885,1104,TRUE,111610002,'1st 19:05 : 3pt jump shot (outside right) made by Collin Moore(Grand Canyon),5252520,560614,560620,2024-03-16,Grand Canyon Lopes,560614,Grand Canyon
21.99599964141848,44.78999996185305,1356,TRUE,111610159,'1st 18:37 : 3pt jump shot (outside left) made by John Christofilis(Seattle U),5252520,560614,560620,2024-03-16,Seattle U Redhawks,560620,Seattle U
6.598799982070919,26.47999954223635,1356,TRUE,111610724,'1st 17:28 : 2pt driving layup (under the basket) made by John Christofilis(Seattle U),5252520,560614,560620,2024-03-16,Seattle U Redhawks,560620,Seattle U
15.246801147460914,26.89999961853025,1104,FALSE,111611076,'1st 16:27 : 2pt hook shot (in the paint) missed by Gabe McGlothan(Grand Canyon),5252520,560614,560620,2024-03-16,Grand Canyon Lopes,560614,Grand Canyon
5.640000000000001,25,1104,FALSE,111611081,'1st 16:22 : 2pt layup (2nd chance) (under the basket) missed by Duke Brennan(Grand Canyon),5252520,560614,560620,2024-03-16,Grand Canyon Lopes,560614,Grand Canyon
9.240201721191426,21.125,1104,TRUE,111610791,'1st 17:05 : 2pt layup (in the paint) made by Tyon Grant-Foster(Grand Canyon) 5-6',5252520,560614,560620,2024-03-16,Grand Canyon Lopes,560614,Grand Canyon
10.114402008056658,24.64999961853025,1104,FALSE,111610570,'1st 17:43 : 2pt layup (in the paint) missed by Duke Brennan(Grand Canyon),5252520,560614,560620,2024-03-16,Grand Canyon Lopes,560614,Grand Canyon
10.55620315551758,21.54999923706055,1104,TRUE,111612059,'1st 15:34 : 2pt driving layup (off turnover) (in the paint) made by Tyon Grant-Foster(Grand Canyon) 5-8',5252520,560614,560620,2024-03-16,Grand Canyon Lopes,560614,Grand Canyon
20.971399497985857,43.3800001144409,1356,FALSE,111612119,'1st 15:14 : 3pt (outside left) missed by Alex Schumacher(Seattle U) 5-8',5252520,560614,560620,2024-03-16,Seattle U Redhawks,560620,Seattle U
11.148400573730498,3.380000114440918,1104,FALSE,111612588,'1st 14:56 : 3pt jump shot (outside right) missed by Tyon Grant-Foster(Grand Canyon),5252520,560614,560620,2024-03-16,Grand Canyon Lopes,560614,Grand Canyon
12.314000358581518,20.98500061035155,1356,TRUE,111612626,'1st 14:41 : 2pt hook shot (in the paint) made by Kobe Williamson(Seattle U) 10-8',5252520,560614,560620,2024-03-16,Seattle U Redhawks,560620,Seattle U
9.531599426269494,26.1949996948242,1104,TRUE,111612694,'1st 14:25 : 2pt layup (under the basket) made by Duke Brennan(Grand Canyon),5252520,560614,560620,2024-03-16,Grand Canyon Lopes,560614,Grand Canyon
28.88619956970212,30.2800006866455,1356,FALSE,111612743,'1st 14:00 : 3pt step back jump shot (outside center) missed by Cameron Tyson(Seattle U),5252520,560614,560620,2024-03-16,Seattle U Redhawks,560620,Seattle U
6.307400035858152,28.0300006866455,1356,TRUE,111612826,'1st 13:42 : 2pt layup (off turnover;fast break) (under the basket) made by Cameron Tyson(Seattle U),5252520,560614,560620,2024-03-16,Seattle U Redhawks,560620,Seattle U
14.955403442382845,2.815000057220459,1104,FALSE,111612949,'1st 13:14 : 3pt jump shot (outside right) missed by Collin Moore(Grand Canyon),5252520,560614,560620,2024-03-16,Grand Canyon Lopes,560614,Grand Canyon
31.677997131347666,27.4650001525879,1104,FALSE,111613155,'1st 12:52 : 3pt jump shot (off turnover) (outside center) missed by Gabe McGlothan(Grand Canyon),5252520,560614,560620,2024-03-16,Grand Canyon Lopes,560614,Grand Canyon
11.289402008056655,16.6200008392334,1104,FALSE,111613306,'1st 12:20 : 2pt jump shot (off turnover) (inside right) missed by Ray Harrison(Grand Canyon),5252520,560614,560620,2024-03-16,Grand Canyon Lopes,560614,Grand Canyon
18.771801147460906,27.7450008392334,1104,FALSE,111613402,'1st 12:09 : 2pt pull up jump shot (2nd chance) (in the paint) missed by Tyon Grant-Foster(Grand Canyon),5252520,560614,560620,2024-03-16,Grand Canyon Lopes,560614,Grand Canyon
14.955399856567373,46.1949999332428,1356,FALSE,111613439,'1st 12:02 : 3pt jump shot (outside left) missed by John Christofilis(Seattle U),5252520,560614,560620,2024-03-16,Seattle U Redhawks,560620,Seattle U
5.865597991943346,21.6900005340576,1104,FALSE,111613956,'1st 11:51 : 2pt layup (under the basket) missed by Tyon Grant-Foster(Grand Canyon),5252520,560614,560620,2024-03-16,Grand Canyon Lopes,560614,Grand Canyon
8.647999820709233,22.39500045776365,1356,TRUE,111614269,'1st 10:55 : 2pt layup (off turnover) (under the basket) made by Seyi Reiley(Seattle U),5252520,560614,560620,2024-03-16,Seattle U Redhawks,560620,Seattle U
16.130403442382843,29.1550006866455,1104,FALSE,111614324,'1st 10:35 : 2pt pull up jump shot (in the paint) missed by Lok Wur(Grand Canyon),5252520,560614,560620,2024-03-16,Grand Canyon Lopes,560614,Grand Canyon
5.865597991943346,47.4650001525879,1104,TRUE,111614446,'1st 09:58 : 3pt jump shot (off turnover) (outside left wing) made by Lok Wur(Grand Canyon),5252520,560614,560620,2024-03-16,Grand Canyon Lopes,560614,Grand Canyon
9.973399677276568,20.8449993133545,1356,FALSE,111614502,'1st 09:28 : 2pt layup (off turnover) (in the paint) missed by Kobe Williamson(Seattle U),5252520,560614,560620,2024-03-16,Seattle U Redhawks,560620,Seattle U
20.821001434326178,6.340000152587898,1104,FALSE,111614562,'1st 09:17 : 3pt jump shot (outside right) missed by Jovan Blacksher Jr.(Grand Canyon),5252520,560614,560620,2024-03-16,Grand Canyon Lopes,560614,Grand Canyon
10.415201721191423,24.36499977111815,1104,TRUE,111614829,'1st 08:45 : 2pt layup (off turnover) (in the paint) made by Duke Brennan(Grand Canyon),5252520,560614,560620,2024-03-16,Grand Canyon Lopes,560614,Grand Canyon
5.7151999282836865,36.6199998855591,1356,FALSE,111614865,'1st 08:29 : 2pt pull up jump shot (blocked) (inside left) missed by John Christofilis(Seattle U),5252520,560614,560620,2024-03-16,Seattle U Redhawks,560620,Seattle U
21.845599784851107,6.47999954223635,1356,FALSE,111614932,'1st 08:21 : 3pt jump shot (2nd chance) (outside right) missed by Kobe Williamson(Seattle U),5252520,560614,560620,2024-03-16,Seattle U Redhawks,560620,Seattle U
14.955403442382845,47.04000091552735,1104,FALSE,111614980,'1st 08:06 : 3pt step back jump shot (outside left) missed by Ray Harrison(Grand Canyon),5252520,560614,560620,2024-03-16,Grand Canyon Lopes,560614,Grand Canyon
7.482399139404336,21.6900005340576,1104,TRUE,111615020,'1st 07:39 : 2pt layup (off turnover;fast break) (under the basket) made by Ray Harrison(Grand Canyon) 14-17',5252520,560614,560620,2024-03-16,Grand Canyon Lopes,560614,Grand Canyon
20.529600143432628,17.60499954223635,1356,TRUE,111615472,'1st 07:27 : 2pt pull up jump shot (inside right) made by Alex Schumacher(Seattle U) 16-17',5252520,560614,560620,2024-03-16,Seattle U Redhawks,560620,Seattle U
12.172999820709194,21.82999992370605,1356,FALSE,111615758,'1st 06:54 : 2pt hook shot (in the paint) missed by Brandton Chatfield(Seattle U),5252520,560614,560620,2024-03-16,Seattle U Redhawks,560620,Seattle U
28.453796844482426,15.210000038146951,1104,TRUE,111615795,'1st 06:46 : 3pt jump shot (fast break) (outside right) made by Tyon Grant-Foster(Grand Canyon) 16-22',5252520,560614,560620,2024-03-16,Grand Canyon Lopes,560614,Grand Canyon
24.637399139404337,8.1699981689453,1356,TRUE,111615893,'1st 06:33 : 3pt jump shot (outside right) made by Alex Schumacher(Seattle U),5252520,560614,560620,2024-03-16,Seattle U Redhawks,560620,Seattle U
6.598799982070919,24.9300003051758,1356,TRUE,111616048,'1st 05:48 : 2pt dunk (off turnover) (under the basket) made by Brandton Chatfield(Seattle U),5252520,560614,560620,2024-03-16,Seattle U Redhawks,560620,Seattle U
4.841001434326174,48.72999954223635,1104,FALSE,111616245,'1st 05:27 : 3pt jump shot (outside left wing) missed by Gabe McGlothan(Grand Canyon),5252520,560614,560620,2024-03-16,Grand Canyon Lopes,560614,Grand Canyon
16.863600502014144,46.480000019073486,1356,TRUE,111616259,'1st 05:17 : 3pt jump shot (outside left) made by Cameron Tyson(Seattle U),5252520,560614,560620,2024-03-16,Seattle U Redhawks,560620,Seattle U
17.01399856567383,46.3400001525879,1104,TRUE,111616305,'1st 04:54 : 3pt jump shot (outside left) made by Ray Harrison(Grand Canyon),5252520,560614,560620,2024-03-16,Grand Canyon Lopes,560614,Grand Canyon
9.240199928283687,21.27000045776365,1356,TRUE,111616359,'1st 04:32 : 2pt layup (in the paint) made by Brandton Chatfield(Seattle U),5252520,560614,560620,2024-03-16,Seattle U Redhawks,560620,Seattle U
7.332000179290768,25.4950008392334,1356,TRUE,111616438,'1st 04:11 : 2pt dunk (off turnover;fast break) (under the basket) made by Seyi Reiley(Seattle U),5252520,560614,560620,2024-03-16,Seattle U Redhawks,560620,Seattle U
28.886203155517578,19.1550006866455,1104,TRUE,111616468,'1st 03:50 : 3pt pull up jump shot (outside center) made by Tyon Grant-Foster(Grand Canyon) 28-28',5252520,560614,560620,2024-03-16,Grand Canyon Lopes,560614,Grand Canyon
22.437800788879393,29.57500076293945,1356,FALSE,111616940,'1st 03:31 : 2pt pull up jump shot (inside center) missed by Alex Schumacher(Seattle U),5252520,560614,560620,2024-03-16,Seattle U Redhawks,560620,Seattle U
32.11979827880858,15.91500091552735,1356,FALSE,111616943,'1st 03:26 : 3pt jump shot (2nd chance) (outside center) missed by John Christofilis(Seattle U),5252520,560614,560620,2024-03-16,Seattle U Redhawks,560620,Seattle U
20.82099964141848,25.63500022888185,1356,TRUE,111617006,'1st 03:13 : 2pt step back jump shot (2nd chance) (inside center) made by Alex Schumacher(Seattle U) 30-28',5252520,560614,560620,2024-03-16,Seattle U Redhawks,560620,Seattle U
31.81899856567383,25.77499961853025,1104,FALSE,111617067,'1st 02:50 : 3pt jump shot (outside center) missed by Gabe McGlothan(Grand Canyon),5252520,560614,560620,2024-03-16,Grand Canyon Lopes,560614,Grand Canyon
5.4237999820709195,11.54999923706055,1356,FALSE,111617131,'1st 02:19 : 2pt jump shot (inside right) missed by Alex Schumacher(Seattle U),5252520,560614,560620,2024-03-16,Seattle U Redhawks,560620,Seattle U
5.86559978485107,25.0699996948242,1356,TRUE,111617169,'1st 02:06 : 2pt dunk (off turnover;fast break) (under the basket) made by Seyi Reiley(Seattle U),5252520,560614,560620,2024-03-16,Seattle U Redhawks,560620,Seattle U
25.662002868652337,41.125,1104,FALSE,111617251,'1st 01:34 : 3pt jump shot (outside left) missed by Jovan Blacksher Jr.(Grand Canyon),5252520,560614,560620,2024-03-16,Grand Canyon Lopes,560614,Grand Canyon
29.478400573730504,26.6200008392334,1356,FALSE,111617361,'1st 01:20 : 3pt jump shot (off turnover) (outside center) missed by Kobe Williamson(Seattle U),5252520,560614,560620,2024-03-16,Seattle U Redhawks,560620,Seattle U
9.531600322723431,20,1356,FALSE,111617478,'1st 00:57.40 : 2pt driving layup (in the paint) missed by Alex Schumacher(Seattle U),5252520,560614,560620,2024-03-16,Seattle U Redhawks,560620,Seattle U
6.890201721191431,23.9449996948242,1104,TRUE,111617566,'1st 00:50.40 : 2pt dunk (under the basket) made by Tyon Grant-Foster(Grand Canyon),5252520,560614,560620,2024-03-16,Grand Canyon Lopes,560614,Grand Canyon
9.682000179290807,27.60499954223635,1356,TRUE,111617763,'1st 00:42.30 : 2pt driving layup (in the paint) made by Alex Schumacher(Seattle U) 34-32',5252520,560614,560620,2024-03-16,Seattle U Redhawks,560620,Seattle U
8.798400573730504,14.789999961853049,1104,FALSE,111617819,'1st 00:26.20 : 2pt turnaround jump shot (inside right) missed by Ray Harrison(Grand Canyon),5252520,560614,560620,2024-03-16,Grand Canyon Lopes,560614,Grand Canyon
7.623400573730507,22.8150005340576,1104,FALSE,111617821,'1st 00:21.10 : 2pt layup (2nd chance;blocked) (under the basket) missed by Tyon Grant-Foster(Grand Canyon),5252520,560614,560620,2024-03-16,Grand Canyon Lopes,560614,Grand Canyon
28.88619956970212,16.9000015258789,1356,FALSE,111617856,'1st 00:02.20 : 3pt jump shot (outside center) missed by Alex Schumacher(Seattle U),5252520,560614,560620,2024-03-16,Seattle U Redhawks,560620,Seattle U
8.356600322723386,22.39500045776365,1356,FALSE,111617897,'1st 00:00.10 : 2pt layup (2nd chance;blocked) (under the basket) missed by Kobe Williamson(Seattle U),5252520,560614,560620,2024-03-16,Seattle U Redhawks,560620,Seattle U
23.31200286865233,28.875,99,TRUE,111611258,'1st 17:06 : 2pt jump shot (inside center) made by AJ George(LBSU),5252391,560815,560721,2024-03-16,Long Beach St. Beach,560721,Long Beach St.
16.86360229492182,28.5900001525879,99,TRUE,111610569,'1st 19:10 : 2pt jump shot (in the paint) made by Lassina Traore(LBSU),5252391,560815,560721,2024-03-16,Long Beach St. Beach,560721,Long Beach St.
8.798399677276615,20.98500061035155,109,FALSE,111611140,'1st 17:29 : 2pt driving layup (in the paint) missed by Pierre Crockrell II(UCI),5252391,560815,560721,2024-03-16,UC Irvine Anteaters,560815,UC Irvine
27.419798278808585,14.085000038146951,99,TRUE,111611182,'1st 17:23 : 3pt jump shot (fast break) (outside right) made by Marcus Tsohonis(LBSU) 8-6',5252391,560815,560721,2024-03-16,Long Beach St. Beach,560721,Long Beach St.
6.890201721191431,23.23999977111815,99,TRUE,111610920,'1st 17:50 : 2pt layup (under the basket) made by Lassina Traore(LBSU),5252391,560815,560721,2024-03-16,Long Beach St. Beach,560721,Long Beach St.
9.531600322723431,25.4950008392334,109,TRUE,111610383,'1st 19:35 : 2pt hook shot (under the basket) made by Devin Tillis(UCI),5252391,560815,560721,2024-03-16,UC Irvine Anteaters,560815,UC Irvine
6.0160000896453845,27.04000091552735,109,TRUE,111610826,'1st 18:10 : 2pt driving layup (off turnover) (under the basket) made by Pierre Crockrell II(UCI) 2-6',5252391,560815,560721,2024-03-16,UC Irvine Anteaters,560815,UC Irvine
6.598799982070919,26.3400001525879,109,TRUE,111610631,'1st 18:48 : 2pt layup (under the basket) made by Devin Tillis(UCI),5252391,560815,560721,2024-03-16,UC Irvine Anteaters,560815,UC Irvine
7.482400035858152,22.67499923706055,109,FALSE,111611225,'1st 17:14 : 2pt layup (under the basket) missed by Andre Henry(UCI),5252391,560815,560721,2024-03-16,UC Irvine Anteaters,560815,UC Irvine
6.157002868652327,25.77499961853025,99,TRUE,111614742,'1st 09:29 : 2pt dunk (off turnover;fast break) (under the basket) made by Aboubacar Traore(LBSU),5252391,560815,560721,2024-03-16,Long Beach St. Beach,560721,Long Beach St.
13.047200107574447,23.23999977111815,109,FALSE,111614781,'1st 09:11 : 2pt hook shot (blocked) (in the paint) missed by Bent Leuchten(UCI),5252391,560815,560721,2024-03-16,UC Irvine Anteaters,560815,UC Irvine
16.130403442382843,35.20999908447265,99,TRUE,111614807,'1st 09:02 : 2pt jump shot (inside left) made by Amari Stroud(LBSU),5252391,560815,560721,2024-03-16,Long Beach St. Beach,560721,Long Beach St.
10.264800071716266,31.6900005340576,109,FALSE,111614828,'1st 08:45 : 2pt floating jump shot (inside left) missed by Justin Hohn(UCI),5252391,560815,560721,2024-03-16,UC Irvine Anteaters,560815,UC Irvine
8.948800430297851,47.88499999046326,109,TRUE,111614981,'1st 08:42 : 3pt jump shot (outside left) made by Justin Hohn(UCI),5252391,560815,560721,2024-03-16,UC Irvine Anteaters,560815,UC Irvine
11.439798278808581,27.1849994659424,99,TRUE,111615053,'1st 08:24 : 2pt floating jump shot (in the paint) made by AJ George(LBSU) 28-21',5252391,560815,560721,2024-03-16,Long Beach St. Beach,560721,Long Beach St.
7.0405979919433435,26.6200008392334,99,FALSE,111615132,'1st 08:00 : 2pt driving layup (off turnover) (under the basket) missed by Jadon Jones(LBSU),5252391,560815,560721,2024-03-16,Long Beach St. Beach,560721,Long Beach St.
13.19760086059567,1.8300000429153442,99,TRUE,111615140,'1st 07:53 : 3pt jump shot (2nd chance;off turnover) (outside right) made by AJ George(LBSU),5252391,560815,560721,2024-03-16,Long Beach St. Beach,560721,Long Beach St.
16.28079971313475,18.5900001525879,109,TRUE,111615160,'1st 07:37 : 2pt jump shot (inside right) made by Pierre Crockrell II(UCI) 31-23',5252391,560815,560721,2024-03-16,UC Irvine Anteaters,560815,UC Irvine
7.623400573730507,21.82999992370605,99,FALSE,111615181,'1st 07:26 : 2pt jump shot (under the basket) missed by Aboubacar Traore(LBSU),5252391,560815,560721,2024-03-16,Long Beach St. Beach,560721,Long Beach St.
17.88820064544677,17.8849983215332,109,TRUE,111615656,'1st 07:18 : 2pt pull up jump shot (inside right) made by Pierre Crockrell II(UCI) 31-25',5252391,560815,560721,2024-03-16,UC Irvine Anteaters,560815,UC Irvine
23.904200286865247,9.4350004196167,99,FALSE,111615708,'1st 06:59 : 3pt jump shot (outside right) missed by Jadon Jones(LBSU),5252391,560815,560721,2024-03-16,Long Beach St. Beach,560721,Long Beach St.
9.531600322723431,27.1849994659424,109,TRUE,111615793,'1st 06:35 : 2pt hook shot (in the paint) made by Devin Tillis(UCI) 31-27',5252391,560815,560721,2024-03-16,UC Irvine Anteaters,560815,UC Irvine
6.598796844482422,17.7450008392334,99,TRUE,111615817,'1st 06:17 : 2pt floating jump shot (inside right) made by AJ George(LBSU) 33-27',5252391,560815,560721,2024-03-16,Long Beach St. Beach,560721,Long Beach St.
8.065199928283686,20.5650005340576,109,TRUE,111615877,'1st 06:04 : 2pt hook shot (in the paint) made by Dean Keeler(UCI) 33-29',5252391,560815,560721,2024-03-16,UC Irvine Anteaters,560815,UC Irvine
15.397197418212912,19.86000061035155,99,FALSE,111616086,'1st 05:30 : 2pt pull up jump shot (in the paint) missed by Marcus Tsohonis(LBSU),5252391,560815,560721,2024-03-16,Long Beach St. Beach,560721,Long Beach St.
13.488998565673825,25.35000038146975,99,FALSE,111616126,'1st 05:12 : 2pt jump shot (2nd chance) (in the paint) missed by Jadon Jones(LBSU),5252391,560815,560721,2024-03-16,Long Beach St. Beach,560721,Long Beach St.
27.419800071716264,11.9700012207031,109,FALSE,111616212,'1st 04:57 : 3pt jump shot (outside right) missed by Andre Henry(UCI),5252391,560815,560721,2024-03-16,UC Irvine Anteaters,560815,UC Irvine
10.997997131347674,14.505000114440897,99,TRUE,111616223,'1st 04:48 : 2pt floating jump shot (inside right) made by Messiah Thompson(LBSU) 35-29',5252391,560815,560721,2024-03-16,Long Beach St. Beach,560721,Long Beach St.
20.68,18.5900001525879,109,TRUE,111616307,'1st 04:36 : 2pt pull up jump shot (inside right) made by Pierre Crockrell II(UCI) 35-31',5252391,560815,560721,2024-03-16,UC Irvine Anteaters,560815,UC Irvine
8.356599426269497,27.60499954223635,99,FALSE,111616381,'1st 04:12 : 2pt layup (under the basket) missed by Aboubacar Traore(LBSU),5252391,560815,560721,2024-03-16,Long Beach St. Beach,560721,Long Beach St.
22.437800788879393,17.04000091552735,109,TRUE,111616440,'1st 03:46 : 2pt jump shot (inside right) made by Pierre Crockrell II(UCI) 35-33',5252391,560815,560721,2024-03-16,UC Irvine Anteaters,560815,UC Irvine
15.980000000000004,29.7199993133545,99,FALSE,111616469,'1st 03:27 : 2pt floating jump shot (in the paint) missed by Marcus Tsohonis(LBSU),5252391,560815,560721,2024-03-16,Long Beach St. Beach,560721,Long Beach St.
7.623400573730507,28.0300006866455,99,FALSE,111616502,'1st 03:23 : 2pt layup (2nd chance) (under the basket) missed by Lassina Traore(LBSU),5252391,560815,560721,2024-03-16,Long Beach St. Beach,560721,Long Beach St.
6.448400125503536,26.89999961853025,109,TRUE,111617100,'1st 02:55 : 2pt driving layup (under the basket) made by Bent Leuchten(UCI) 37-35',5252391,560815,560721,2024-03-16,UC Irvine Anteaters,560815,UC Irvine
10.415201721191423,27.04000091552735,99,TRUE,111617132,'1st 02:34 : 2pt jump shot (in the paint) made by Aboubacar Traore(LBSU),5252391,560815,560721,2024-03-16,Long Beach St. Beach,560721,Long Beach St.
10.556199569702121,10,109,FALSE,111617295,'1st 02:16 : 2pt jump shot (inside right) missed by Hayden Welling(UCI),5252391,560815,560721,2024-03-16,UC Irvine Anteaters,560815,UC Irvine
28.303400573730507,16.0550003051758,109,TRUE,111617363,'1st 02:11 : 3pt jump shot (2nd chance) (outside right) made by Pierre Crockrell II(UCI),5252391,560815,560721,2024-03-16,UC Irvine Anteaters,560815,UC Irvine
5.132400035858152,1.54999923706055,109,FALSE,111617480,'1st 01:39 : 3pt jump shot (off turnover) (outside right wing) missed by Dylan Thoerner(UCI),5252391,560815,560721,2024-03-16,UC Irvine Anteaters,560815,UC Irvine
6.890199928283687,19.1550006866455,109,FALSE,111617750,'1st 01:19 : 2pt jump shot (in the paint) missed by Pierre Crockrell II(UCI),5252391,560815,560721,2024-03-16,UC Irvine Anteaters,560815,UC Irvine
13.047197418212917,28.45000076293945,99,TRUE,111617831,'1st 00:35.50 : 2pt jump shot (off turnover) (in the paint) made by Amari Stroud(LBSU),5252391,560815,560721,2024-03-16,Long Beach St. Beach,560721,Long Beach St.
15.547600860595661,16.47999954223635,109,FALSE,111618132,'1st 00:05.10 : 2pt pull up jump shot (inside right) missed by Pierre Crockrell II(UCI),5252391,560815,560721,2024-03-16,UC Irvine Anteaters,560815,UC Irvine
6.157002868652327,25.35000038146975,99,TRUE,111618148,'1st 00:00.10 : 2pt dunk (fast break) (under the basket) made by Amari Stroud(LBSU),5252391,560815,560721,2024-03-16,Long Beach St. Beach,560721,Long Beach St.
18.77179935455323,44.36499977111815,109,TRUE,111611291,'1st 16:48 : 3pt jump shot (outside left) made by Andre Henry(UCI),5252391,560815,560721,2024-03-16,UC Irvine Anteaters,560815,UC Irvine
27.57020172119141,40.98500061035155,99,FALSE,111611361,'1st 16:30 : 3pt jump shot (outside left) missed by AJ George(LBSU),5252391,560815,560721,2024-03-16,Long Beach St. Beach,560721,Long Beach St.
27.720597991943336,40.564998626709,99,TRUE,111611735,'1st 16:06 : 3pt jump shot (outside left) made by Marcus Tsohonis(LBSU) 13-9',5252391,560815,560721,2024-03-16,Long Beach St. Beach,560721,Long Beach St.
8.798399677276615,20.5650005340576,109,FALSE,111612124,'1st 15:47 : 2pt hook shot (in the paint) missed by Dean Keeler(UCI),5252391,560815,560721,2024-03-16,UC Irvine Anteaters,560815,UC Irvine
22.879596557617162,31.4099998474121,99,FALSE,111612127,'1st 15:39 : 2pt pull up jump shot (inside center) missed by Marcus Tsohonis(LBSU),5252391,560815,560721,2024-03-16,Long Beach St. Beach,560721,Long Beach St.
19.646001434326166,30.8449993133545,99,TRUE,111612434,'1st 15:27 : 2pt jump shot (in the paint) made by Lassina Traore(LBSU) 15-9',5252391,560815,560721,2024-03-16,Long Beach St. Beach,560721,Long Beach St.
16.130399856567372,21.27000045776365,109,TRUE,111612510,'1st 15:01 : 2pt jump shot (in the paint) made by Pierre Crockrell II(UCI) 15-11',5252391,560815,560721,2024-03-16,UC Irvine Anteaters,560815,UC Irvine
18.17959655761716,20.13999938964845,99,TRUE,111612710,'1st 14:28 : 2pt jump shot (in the paint) made by Marcus Tsohonis(LBSU) 17-11',5252391,560815,560721,2024-03-16,Long Beach St. Beach,560721,Long Beach St.
14.513599605560303,24.79000091552735,109,FALSE,111612975,'1st 14:10 : 2pt pull up jump shot (2nd chance) (in the paint) missed by Pierre Crockrell II(UCI),5252391,560815,560721,2024-03-16,UC Irvine Anteaters,560815,UC Irvine
7.914798278808576,48.45000076293945,99,FALSE,111613050,'1st 13:49 : 3pt jump shot (outside left) missed by AJ George(LBSU),5252391,560815,560721,2024-03-16,Long Beach St. Beach,560721,Long Beach St.
16.572199211120605,14.3650016784668,109,FALSE,111613117,'1st 13:31 : 2pt pull up jump shot (inside right) missed by Derin Saran(UCI),5252391,560815,560721,2024-03-16,UC Irvine Anteaters,560815,UC Irvine
6.598799982070919,22.8150005340576,109,FALSE,111613120,'1st 13:26 : 2pt layup (2nd chance) (under the basket) missed by Hayden Welling(UCI),5252391,560815,560721,2024-03-16,UC Irvine Anteaters,560815,UC Irvine
25.079200286865245,41.8300018310547,99,TRUE,111613148,'1st 13:12 : 3pt jump shot (outside left) made by Jadon Jones(LBSU),5252391,560815,560721,2024-03-16,Long Beach St. Beach,560721,Long Beach St.
7.332000179290768,21.9699993133545,109,FALSE,111613305,'1st 12:57 : 2pt driving layup (blocked) (under the basket) missed by Derin Saran(UCI),5252391,560815,560721,2024-03-16,UC Irvine Anteaters,560815,UC Irvine
27.419798278808585,37.4650001525879,99,FALSE,111613346,'1st 12:51 : 3pt jump shot (outside left) missed by Marcus Tsohonis(LBSU),5252391,560815,560721,2024-03-16,Long Beach St. Beach,560721,Long Beach St.
27.720599784851107,14.9300003051758,109,FALSE,111613490,'1st 12:30 : 3pt jump shot (off turnover) (outside right) missed by Dylan Thoerner(UCI),5252391,560815,560721,2024-03-16,UC Irvine Anteaters,560815,UC Irvine
6.598796844482422,33.38000106811525,99,FALSE,111613539,'1st 12:16 : 2pt turnaround jump shot (inside left) missed by Amari Stroud(LBSU),5252391,560815,560721,2024-03-16,Long Beach St. Beach,560721,Long Beach St.
7.04059978485107,22.39500045776365,109,FALSE,111613641,'1st 12:02 : 2pt driving layup (under the basket) missed by Derin Saran(UCI),5252391,560815,560721,2024-03-16,UC Irvine Anteaters,560815,UC Irvine
4.841001434326174,5.775000095367453,99,FALSE,111614208,'1st 11:32 : 2pt jump shot (off turnover) (inside right wing) missed by Amari Stroud(LBSU),5252391,560815,560721,2024-03-16,Long Beach St. Beach,560721,Long Beach St.
20.087800788879395,4.08499908447265,109,FALSE,111614287,'1st 11:09 : 3pt jump shot (outside right) missed by Justin Hohn(UCI),5252391,560815,560721,2024-03-16,UC Irvine Anteaters,560815,UC Irvine
13.347997131347668,19.29500007629395,99,FALSE,111614323,'1st 10:58 : 2pt jump shot (in the paint) missed by Amari Stroud(LBSU),5252391,560815,560721,2024-03-16,Long Beach St. Beach,560721,Long Beach St.
6.890199928283687,26.1949996948242,109,TRUE,111614445,'1st 10:42 : 2pt layup (under the basket) made by Justin Hohn(UCI),5252391,560815,560721,2024-03-16,UC Irvine Anteaters,560815,UC Irvine
7.773796844482419,35.0699996948242,99,TRUE,111614497,'1st 10:18 : 2pt step back jump shot (inside left) made by Marcus Tsohonis(LBSU) 22-14',5252391,560815,560721,2024-03-16,Long Beach St. Beach,560721,Long Beach St.
25.66199928283687,21.54999923706055,109,TRUE,111614561,'1st 10:00 : 2pt jump shot (inside center) made by Justin Hohn(UCI),5252391,560815,560721,2024-03-16,UC Irvine Anteaters,560815,UC Irvine
6.307399139404339,18.0300006866455,99,FALSE,111614714,'1st 09:36 : 2pt pull up jump shot (inside right) missed by AJ George(LBSU),5252391,560815,560721,2024-03-16,Long Beach St. Beach,560721,Long Beach St.
5.4237999820709195,22.8449993133545,386,FALSE,111619741,'1st 03:01 : 2pt layup (off turnover;blocked) (under the basket) missed by Javon Cooley(MAR),5252300,560895,560740,2024-03-16,Marist Red Foxes,560740,Marist
15.838998565673833,33.069999694824205,220,FALSE,111619840,'1st 02:35 : 2pt floating jump shot (inside left) missed by Jasper Floyd(FFD),5252300,560895,560740,2024-03-16,Fairfield Stags,560895,Fairfield
27.861599426269493,35.04000091552735,220,FALSE,111619954,'1st 02:23 : 3pt jump shot (2nd chance) (outside left) missed by Caleb Fields(FFD),5252300,560895,560740,2024-03-16,Fairfield Stags,560895,Fairfield
7.914798278808576,23.77499961853025,220,FALSE,111619958,'1st 02:18 : 2pt floating jump shot (2nd chance;blocked) (under the basket) missed by Caleb Fields(FFD),5252300,560895,560740,2024-03-16,Fairfield Stags,560895,Fairfield
26.686599426269495,37.86000061035155,220,FALSE,111614170,'1st 19:43 : 3pt jump shot (outside left) missed by Caleb Fields(FFD),5252300,560895,560740,2024-03-16,Fairfield Stags,560895,Fairfield
16.713198852539094,47.2949981689453,220,FALSE,111614349,'1st 18:46 : 3pt pull up jump shot (off turnover) (outside left) missed by Jalen Leach(FFD),5252300,560895,560740,2024-03-16,Fairfield Stags,560895,Fairfield
6.598799982070919,23.9699993133545,386,TRUE,111614379,'1st 18:34 : 2pt layup (under the basket) made by Max Allen II(MAR),5252300,560895,560740,2024-03-16,Marist Red Foxes,560740,Marist
12.313998565673828,1.8049999475479126,220,FALSE,111614671,'1st 17:49 : 3pt jump shot (off turnover) (outside right) missed by Alexis Yetna(FFD),5252300,560895,560740,2024-03-16,Fairfield Stags,560895,Fairfield
6.157000179290768,1.86000061035155,386,TRUE,111614731,'1st 17:37 : 3pt jump shot (outside right wing) made by Javon Cooley(MAR),5252300,560895,560740,2024-03-16,Marist Red Foxes,560740,Marist
7.0405979919433435,26.17000007629395,220,FALSE,111614747,'1st 17:18 : 2pt driving layup (under the basket) missed by Jasper Floyd(FFD),5252300,560895,560740,2024-03-16,Fairfield Stags,560895,Fairfield
6.0160000896453845,24.39500045776365,386,TRUE,111614813,'1st 17:02 : 2pt layup (under the basket) made by Josh Pascarelli(MAR),5252300,560895,560740,2024-03-16,Marist Red Foxes,560740,Marist
8.21559799194334,26.17000007629395,220,FALSE,111614853,'1st 16:46 : 2pt driving layup (blocked) (under the basket) missed by Jasper Floyd(FFD),5252300,560895,560740,2024-03-16,Fairfield Stags,560895,Fairfield
7.0405979919433435,26.17000007629395,220,TRUE,111614856,'1st 16:40 : 2pt layup (2nd chance) (under the basket) made by Alexis Yetna(FFD) 7-2',5252300,560895,560740,2024-03-16,Fairfield Stags,560895,Fairfield
7.0405979919433435,26.5900001525879,220,TRUE,111614907,'1st 16:14 : 2pt driving layup (off turnover;fast break) (under the basket) made by Louis Bleechmore(FFD) 7-4',5252300,560895,560740,2024-03-16,Fairfield Stags,560895,Fairfield
6.157000179290768,25.9449996948242,386,TRUE,111614943,'1st 15:51 : 2pt driving layup (under the basket) made by Max Allen II(MAR) 9-4',5252300,560895,560740,2024-03-16,Marist Red Foxes,560740,Marist
28.01200286865233,34.1949996948242,220,FALSE,111615397,'1st 15:34 : 3pt jump shot (outside left) missed by Jalen Leach(FFD),5252300,560895,560740,2024-03-16,Fairfield Stags,560895,Fairfield
31.818998565673834,21.7199993133545,386,TRUE,111615426,'1st 15:05 : 3pt jump shot (outside center) made by Kam Farris(MAR) 12-4',5252300,560895,560740,2024-03-16,Marist Red Foxes,560740,Marist
8.798400573730504,47.72000122070315,220,TRUE,111615447,'1st 14:47 : 3pt jump shot (outside left) made by Jasper Floyd(FFD),5252300,560895,560740,2024-03-16,Fairfield Stags,560895,Fairfield
26.395199928283738,39.1850004196167,386,FALSE,111615476,'1st 14:14 : 3pt jump shot (outside left) missed by Isaiah Brickner(MAR),5252300,560895,560740,2024-03-16,Marist Red Foxes,560740,Marist
8.065201721191428,26.0300006866455,220,TRUE,111615657,'1st 13:56 : 2pt driving layup (off turnover) (under the basket) made by Brycen Goodine(FFD) 12-9',5252300,560895,560740,2024-03-16,Fairfield Stags,560895,Fairfield
17.747199211120606,26.08499908447265,386,FALSE,111615763,'1st 13:13 : 2pt turnaround jump shot (off turnover) (in the paint) missed by Isaiah Brickner(MAR),5252300,560895,560740,2024-03-16,Marist Red Foxes,560740,Marist
7.482399139404336,25.4650001525879,220,TRUE,111615820,'1st 12:48 : 2pt driving layup (under the basket) made by Caleb Fields(FFD) 12-11',5252300,560895,560740,2024-03-16,Fairfield Stags,560895,Fairfield
20.971399497985857,15.2400016784668,386,FALSE,111615912,'1st 12:13 : 2pt floating jump shot (inside right) missed by Jadin Collins(MAR),5252300,560895,560740,2024-03-16,Marist Red Foxes,560740,Marist
6.016001434326171,25.4650001525879,220,TRUE,111616529,'1st 11:30 : 2pt driving layup (off turnover;fast break) (under the basket) made by Peyton Smith(FFD) 12-15',5252300,560895,560740,2024-03-16,Fairfield Stags,560895,Fairfield
8.948800430297851,1.435001373291,386,TRUE,111616542,'1st 11:17 : 3pt jump shot (outside right) made by Javon Cooley(MAR),5252300,560895,560740,2024-03-16,Marist Red Foxes,560740,Marist
31.677997131347666,26.5900001525879,220,FALSE,111616583,'1st 10:59 : 3pt (outside center) missed by FFD 15-15',5252300,560895,560740,2024-03-16,Fairfield Stags,560895,Fairfield
31.677997131347666,26.5900001525879,220,TRUE,111616584,'1st 10:59 : 3pt step back jump shot (outside center) made by Caleb Fields(FFD) 15-18',5252300,560895,560740,2024-03-16,Fairfield Stags,560895,Fairfield
10.706600322723432,2.13999938964845,386,TRUE,111616612,'1st 10:40 : 3pt jump shot (outside right) made by Javon Cooley(MAR),5252300,560895,560740,2024-03-16,Marist Red Foxes,560740,Marist
29.327997131347672,18.2800006866455,220,FALSE,111616650,'1st 10:24 : 3pt jump shot (outside center) missed by Peyton Smith(FFD),5252300,560895,560740,2024-03-16,Fairfield Stags,560895,Fairfield
8.065199928283686,25.10000038146975,386,FALSE,111616701,'1st 10:05 : 2pt driving layup (under the basket) missed by Josh Pascarelli(MAR),5252300,560895,560740,2024-03-16,Marist Red Foxes,560740,Marist
25.220201721191415,39.689998626709,220,FALSE,111616703,'1st 09:59 : 3pt pull up jump shot (outside left) missed by Jalen Leach(FFD),5252300,560895,560740,2024-03-16,Fairfield Stags,560895,Fairfield
8.948800430297851,26.9300003051758,386,FALSE,111616713,'1st 09:49 : 2pt driving layup (under the basket) missed by Isaiah Brickner(MAR),5252300,560895,560740,2024-03-16,Marist Red Foxes,560740,Marist
5.64,25,386,FALSE,111616732,'1st 09:47 : 2pt layup (2nd chance) (under the basket) missed by Max Allen II(MAR),5252300,560895,560740,2024-03-16,Marist Red Foxes,560740,Marist
6.598799982070919,23.4099998474121,386,FALSE,111616850,'1st 09:31 : 2pt layup (2nd chance;blocked) (under the basket) missed by Jackson Price(MAR),5252300,560895,560740,2024-03-16,Marist Red Foxes,560740,Marist
7.914798278808576,26.17000007629395,220,FALSE,111616854,'1st 09:25 : 2pt driving layup (blocked) (under the basket) missed by Brycen Goodine(FFD),5252300,560895,560740,2024-03-16,Fairfield Stags,560895,Fairfield
30.794398422241212,23.4099998474121,386,TRUE,111617962,'1st 08:43 : 3pt pull up jump shot (outside center) made by Javon Cooley(MAR),5252300,560895,560740,2024-03-16,Marist Red Foxes,560740,Marist
19.646001434326166,33.6349983215332,220,FALSE,111618012,'1st 08:28 : 2pt turnaround jump shot (inside left) missed by Caleb Fields(FFD),5252300,560895,560740,2024-03-16,Fairfield Stags,560895,Fairfield
6.44840057373051,22.36499977111815,220,FALSE,111618098,'1st 08:11 : 2pt driving layup (2nd chance) (under the basket) missed by Brycen Goodine(FFD),5252300,560895,560740,2024-03-16,Fairfield Stags,560895,Fairfield
23.020599784851107,30.875,386,FALSE,111618204,'1st 07:39 : 2pt floating jump shot (inside center) missed by Jaden Daughtry(MAR),5252300,560895,560740,2024-03-16,Marist Red Foxes,560740,Marist
7.623400573730507,19.54999923706055,220,FALSE,111618233,'1st 07:21 : 2pt floating jump shot (blocked) (in the paint) missed by James Johns Jr.(FFD),5252300,560895,560740,2024-03-16,Fairfield Stags,560895,Fairfield
7.332002868652324,42.2249984741211,220,FALSE,111618244,'1st 07:10 : 2pt turnaround jump shot (2nd chance) (inside left) missed by Peyton Smith(FFD),5252300,560895,560740,2024-03-16,Fairfield Stags,560895,Fairfield
7.181599874496465,23.82999992370605,386,TRUE,111618266,'1st 07:00 : 2pt driving layup (under the basket) made by Jadin Collins(MAR) 25-19',5252300,560895,560740,2024-03-16,Marist Red Foxes,560740,Marist
30.502997131347662,20.39500045776365,220,TRUE,111618475,'1st 06:48 : 3pt (outside center) made by FFD 25-22',5252300,560895,560740,2024-03-16,Fairfield Stags,560895,Fairfield
30.502997131347662,20.39500045776365,220,FALSE,111618476,'1st 06:48 : 3pt jump shot (outside center) missed by Caleb Fields(FFD),5252300,560895,560740,2024-03-16,Fairfield Stags,560895,Fairfield
28.88619956970212,14.67499923706055,386,FALSE,111618531,'1st 06:31 : 3pt jump shot (outside right) missed by Josh Pascarelli(MAR),5252300,560895,560740,2024-03-16,Marist Red Foxes,560740,Marist
30.794402008056664,27.29500007629395,220,FALSE,111618728,'1st 05:53 : 3pt jump shot (off turnover) (outside center) missed by Alexis Yetna(FFD),5252300,560895,560740,2024-03-16,Fairfield Stags,560895,Fairfield
5.574199838638304,26.08499908447265,386,TRUE,111618742,'1st 05:39 : 2pt layup (under the basket) made by Max Allen II(MAR),5252300,560895,560740,2024-03-16,Marist Red Foxes,560740,Marist
23.753796844482423,43.20999908447265,220,FALSE,111618763,'1st 05:26 : 3pt jump shot (outside left) missed by Brycen Goodine(FFD),5252300,560895,560740,2024-03-16,Fairfield Stags,560895,Fairfield
28.303400573730507,9.74499893188475,386,TRUE,111618823,'1st 05:06 : 3pt jump shot (outside right) made by Kam Farris(MAR),5252300,560895,560740,2024-03-16,Marist Red Foxes,560740,Marist
6.598796844482422,27.1550006866455,220,TRUE,111619023,'1st 04:49 : 2pt driving layup (under the basket) made by Jasper Floyd(FFD),5252300,560895,560740,2024-03-16,Fairfield Stags,560895,Fairfield
28.303400573730507,9.04000091552735,386,FALSE,111619132,'1st 04:19 : 3pt jump shot (blocked) (outside right) missed by Kam Farris(MAR),5252300,560895,560740,2024-03-16,Marist Red Foxes,560740,Marist
7.623400573730507,27.1550006866455,220,FALSE,111619197,'1st 04:07 : 2pt driving layup (under the basket) missed by Jasper Floyd(FFD),5252300,560895,560740,2024-03-16,Fairfield Stags,560895,Fairfield
7.773796844482419,26.3099994659424,220,TRUE,111619225,'1st 04:04 : 2pt layup (2nd chance) (under the basket) made by Alexis Yetna(FFD) 30-23',5252300,560895,560740,2024-03-16,Fairfield Stags,560895,Fairfield
31.527600860595662,16.9300003051758,386,FALSE,111619293,'1st 03:35 : 3pt jump shot (outside center) missed by Max Allen II(MAR),5252300,560895,560740,2024-03-16,Marist Red Foxes,560740,Marist
5.282799892425536,2.42499923706055,458,FALSE,111618799,'1st 19:33 : 3pt jump shot (outside right wing) missed by Nik Graves(CLT),5252671,560798,561158,2024-03-16,Charlotte 49ers,560798,Charlotte
30.211599426269494,27.57500076293945,690,FALSE,111618870,'1st 19:08 : 3pt jump shot (outside center) missed by Sam Hofman(Temple) 2-5',5252671,560798,561158,2024-03-16,Temple Owls,561158,Temple
6.44840057373051,26.0300006866455,690,FALSE,111618880,'1st 18:54 : 2pt driving layup (2nd chance) (under the basket) missed by Hysier Miller(Temple),5252671,560798,561158,2024-03-16,Temple Owls,561158,Temple
7.181599874496465,26.22500038146975,458,TRUE,111618940,'1st 18:33 : 2pt driving layup (off turnover;fast break) (under the basket) made by Isaiah Folkes(CLT),5252671,560798,561158,2024-03-16,Charlotte 49ers,560798,Charlotte
7.0405979919433435,41.6599998474121,690,FALSE,111618989,'1st 18:04 : 2pt jump shot (inside left) missed by Steve Settle(Temple),5252671,560798,561158,2024-03-16,Temple Owls,561158,Temple
6.749199838638304,17.20999908447265,458,FALSE,111619020,'1st 17:49 : 2pt hook shot (inside right) missed by Dishon Jackson(CLT),5252671,560798,561158,2024-03-16,Charlotte 49ers,560798,Charlotte
8.300201721191428,30.39500045776365,690,FALSE,111619038,'1st 17:30 : 2pt turnaround jump shot (blocked) (in the paint) missed by Steve Settle(Temple) 0-2',5252671,560798,561158,2024-03-16,Temple Owls,561158,Temple
22.28739913940433,41.2400016784668,690,FALSE,111619108,'1st 17:20 : 3pt jump shot (2nd chance) (outside left) missed by Matteo Picarelli(Temple),5252671,560798,561158,2024-03-16,Temple Owls,561158,Temple
28.303400573730507,10.72999954223635,458,TRUE,111619348,'1st 16:40 : 3pt jump shot (outside right) made by Igor Milicic Jr.(CLT),5252671,560798,561158,2024-03-16,Charlotte 49ers,560798,Charlotte
28.15299713134766,33.91500091552735,690,FALSE,111619392,'1st 16:16 : 3pt jump shot (outside left) missed by Matteo Picarelli(Temple),5252671,560798,561158,2024-03-16,Temple Owls,561158,Temple
29.619402008056667,18.5650005340576,690,FALSE,111619504,'1st 15:39 : 3pt jump shot (off turnover) (outside center) missed by Hysier Miller(Temple),5252671,560798,561158,2024-03-16,Temple Owls,561158,Temple
7.332000179290768,20.1900005340576,463,FALSE,111613738,'1st 19:30 : 2pt driving layup (off turnover;blocked) (in the paint) missed by Josiah Allick(Nebraska),5252652,560804,560558,2024-03-16,Nebraska Huskers,560804,Nebraska
7.623399677276614,28.92000007629395,463,FALSE,111613743,'1st 19:24 : 2pt driving layup (2nd chance;off turnover;blocked) (in the paint) missed by Juwan Gary(Nebraska),5252652,560804,560558,2024-03-16,Nebraska Huskers,560804,Nebraska
28.303400573730507,14.6949996948242,463,TRUE,111613842,'1st 18:46 : 3pt jump shot (off turnover) (outside right) made by Brice Williams(Nebraska),5252652,560804,560558,2024-03-16,Nebraska Huskers,560804,Nebraska
8.065201721191428,19.5300006866455,306,FALSE,111613902,'1st 18:26 : 2pt floating jump shot (in the paint) missed by Malik Reneau(Indiana),5252652,560804,560558,2024-03-16,Indiana Hoosiers,560558,Indiana
11.439798278808581,28.54500007629395,306,TRUE,111613928,'1st 18:15 : 2pt hook shot (2nd chance) (in the paint) made by Malik Reneau(Indiana),5252652,560804,560558,2024-03-16,Indiana Hoosiers,560558,Indiana
25.812399139404338,12.1599998474121,463,TRUE,111613986,'1st 18:04 : 3pt step back jump shot (outside right) made by Brice Williams(Nebraska) 2-6',5252652,560804,560558,2024-03-16,Nebraska Huskers,560804,Nebraska
20.191203155517584,7.3550000190735005,306,TRUE,111614018,'1st 17:39 : 3pt jump shot (outside right) made by Malik Reneau(Indiana) 9-10',5252652,560804,560558,2024-03-16,Indiana Hoosiers,560558,Indiana
28.594800071716264,31.45499992370605,463,FALSE,111614073,'1st 17:24 : 3pt pull up jump shot (outside center) missed by Brice Williams(Nebraska),5252652,560804,560558,2024-03-16,Nebraska Huskers,560804,Nebraska
28.15299713134766,22.6299991607666,306,FALSE,111614075,'1st 17:16 : 3pt jump shot (outside center) missed by Mackenzie Mgbako(Indiana),5252652,560804,560558,2024-03-16,Indiana Hoosiers,560558,Indiana
6.598799982070919,26.52499961853025,463,TRUE,111614116,'1st 17:07 : 2pt driving layup (under the basket) made by Keisei Tominaga(Nebraska) 5-8',5252652,560804,560558,2024-03-16,Nebraska Huskers,560804,Nebraska
24.34600143432617,40.939998626709,306,FALSE,111614177,'1st 16:52 : 3pt jump shot (outside left) missed by Gabe Cupps(Indiana),5252652,560804,560558,2024-03-16,Indiana Hoosiers,560558,Indiana
6.890201721191431,23.1900005340576,306,FALSE,111614235,'1st 16:29 : 2pt driving layup (off turnover;blocked;fast break) (under the basket) missed by Mackenzie Mgbako(Indiana),5252652,560804,560558,2024-03-16,Indiana Hoosiers,560558,Indiana
6.890201721191431,22.3449993133545,306,FALSE,111614288,'1st 16:24 : 2pt layup (2nd chance;off turnover;blocked) (under the basket) missed by Mackenzie Mgbako(Indiana),5252652,560804,560558,2024-03-16,Indiana Hoosiers,560558,Indiana
26.395201721191413,36.4300003051758,306,FALSE,111614450,'1st 16:05 : 3pt jump shot (off turnover) (outside left) missed by Kel&#39;el Ware(Indiana),5252652,560804,560558,2024-03-16,Indiana Hoosiers,560558,Indiana
7.332000179290768,28.63999938964845,463,FALSE,111614496,'1st 15:48 : 2pt layup (in the paint) missed by Josiah Allick(Nebraska),5252652,560804,560558,2024-03-16,Nebraska Huskers,560804,Nebraska
10.847600860595662,27.42000007629395,306,FALSE,111614525,'1st 15:39 : 2pt hook shot (in the paint) missed by Malik Reneau(Indiana),5252652,560804,560558,2024-03-16,Indiana Hoosiers,560558,Indiana
8.948800430297851,31.5949993133545,463,TRUE,111614563,'1st 15:27 : 2pt floating jump shot (inside left) made by Brice Williams(Nebraska) 7-10',5252652,560804,560558,2024-03-16,Nebraska Huskers,560804,Nebraska
9.973400573730501,22.6299991607666,306,FALSE,111614637,'1st 15:02 : 2pt (in the paint) missed by Indiana 7-10',5252652,560804,560558,2024-03-16,Indiana Hoosiers,560558,Indiana
9.973400573730501,22.6299991607666,306,TRUE,111614639,'1st 15:02 : 2pt layup (in the paint) made by Mackenzie Mgbako(Indiana),5252652,560804,560558,2024-03-16,Indiana Hoosiers,560558,Indiana
7.407197418212903,22.2150001525879,306,TRUE,111614877,'1st 16:22 : 2pt layup (2nd chance;off turnover) (under the basket) made by Mackenzie Mgbako(Indiana) 10-10',5252652,560804,560558,2024-03-16,Indiana Hoosiers,560558,Indiana
29.76980007171626,27.3700008392334,463,FALSE,111615088,'1st 14:39 : 3pt jump shot (outside center) missed by Juwan Gary(Nebraska),5252652,560804,560558,2024-03-16,Nebraska Huskers,560804,Nebraska
7.332002868652324,21.64500045776365,306,TRUE,111615131,'1st 14:17 : 2pt driving layup (under the basket) made by Xavier Johnson(Indiana),5252652,560804,560558,2024-03-16,Indiana Hoosiers,560558,Indiana
5.86559978485107,29.9050006866455,463,FALSE,111615156,'1st 13:54 : 2pt pull up jump shot (in the paint) missed by Juwan Gary(Nebraska),5252652,560804,560558,2024-03-16,Nebraska Huskers,560804,Nebraska
12.755799713134747,47.93499994277954,463,TRUE,111615222,'1st 13:50 : 3pt jump shot (2nd chance) (outside left) made by C.J. Wilcher(Nebraska),5252652,560804,560558,2024-03-16,Nebraska Huskers,560804,Nebraska
29.478400573730504,24.41500091552735,463,FALSE,111615304,'1st 13:23 : 3pt jump shot (off turnover) (outside center) missed by C.J. Wilcher(Nebraska),5252652,560804,560558,2024-03-16,Nebraska Huskers,560804,Nebraska
8.21559799194334,21.2199993133545,306,FALSE,111615402,'1st 12:56 : 2pt driving layup (in the paint) missed by Mackenzie Mgbako(Indiana),5252652,560804,560558,2024-03-16,Indiana Hoosiers,560558,Indiana
19.504999999999995,43.6150016784668,306,TRUE,111615739,'1st 12:53 : 3pt jump shot (2nd chance) (outside left) made by Mackenzie Mgbako(Indiana),5252652,560804,560558,2024-03-16,Indiana Hoosiers,560558,Indiana
25.370599784851105,36.10499954223635,463,FALSE,111615818,'1st 12:24 : 3pt jump shot (outside left) missed by Rienk Mast(Nebraska),5252652,560804,560558,2024-03-16,Nebraska Huskers,560804,Nebraska
7.914798278808576,26.9950008392334,306,FALSE,111615894,'1st 11:53 : 2pt layup (off turnover) (under the basket) missed by Kel&#39;el Ware(Indiana),5252652,560804,560558,2024-03-16,Indiana Hoosiers,560558,Indiana
15.98,34.1300001144409,463,FALSE,111616360,'1st 11:26 : 2pt pull up jump shot (off turnover) (inside left) missed by Brice Williams(Nebraska),5252652,560804,560558,2024-03-16,Nebraska Huskers,560804,Nebraska
6.307399139404339,37.560001373291,306,FALSE,111616392,'1st 11:06 : 2pt step back jump shot (inside left) missed by Mackenzie Mgbako(Indiana),5252652,560804,560558,2024-03-16,Indiana Hoosiers,560558,Indiana
30.35260086059566,17.7949981689453,463,FALSE,111616437,'1st 10:57 : 3pt pull up jump shot (fast break) (outside center) missed by Keisei Tominaga(Nebraska),5252652,560804,560558,2024-03-16,Nebraska Huskers,560804,Nebraska
9.973399677276568,46.950000047683716,463,TRUE,111616548,'1st 10:46 : 3pt jump shot (off turnover) (outside left) made by Jamarques Lawrence(Nebraska),5252652,560804,560558,2024-03-16,Nebraska Huskers,560804,Nebraska
7.332002868652324,23.1900005340576,306,TRUE,111616595,'1st 10:26 : 2pt layup (under the basket) made by Anthony Walker(Indiana),5252652,560804,560558,2024-03-16,Indiana Hoosiers,560558,Indiana
28.594800071716264,27.6550006866455,463,TRUE,111616636,'1st 10:08 : 3pt jump shot (outside center) made by Brice Williams(Nebraska),5252652,560804,560558,2024-03-16,Nebraska Huskers,560804,Nebraska
7.1815994262695,27.5599994659424,306,FALSE,111616682,'1st 09:42 : 2pt driving layup (under the basket) missed by Xavier Johnson(Indiana),5252652,560804,560558,2024-03-16,Indiana Hoosiers,560558,Indiana
10.114402008056658,20.375,306,FALSE,111616773,'1st 09:29 : 2pt floating jump shot (2nd chance;blocked) (in the paint) missed by Xavier Johnson(Indiana),5252652,560804,560558,2024-03-16,Indiana Hoosiers,560558,Indiana
4.841000089645384,47.230000019073486,463,FALSE,111616792,'1st 09:16 : 3pt jump shot (outside left wing) missed by Sam Hoiberg(Nebraska),5252652,560804,560558,2024-03-16,Nebraska Huskers,560804,Nebraska
15.105799713134758,22.3449993133545,306,FALSE,111616979,'1st 08:55 : 2pt floating jump shot (in the paint) missed by Anthony Leal(Indiana),5252652,560804,560558,2024-03-16,Indiana Hoosiers,560558,Indiana
19.796399497985856,6.810001373291,463,TRUE,111617008,'1st 08:36 : 3pt jump shot (outside right) made by Brice Williams(Nebraska),5252652,560804,560558,2024-03-16,Nebraska Huskers,560804,Nebraska
7.0405979919433435,22.6299991607666,306,FALSE,111617521,'1st 08:13 : 2pt driving layup (under the basket) missed by Xavier Johnson(Indiana),5252652,560804,560558,2024-03-16,Indiana Hoosiers,560558,Indiana
6.890199928283687,22.72500038146975,463,TRUE,111617567,'1st 07:55 : 2pt layup (under the basket) made by Keisei Tominaga(Nebraska),5252652,560804,560558,2024-03-16,Nebraska Huskers,560804,Nebraska
15.547600860595665,28.9650001525879,306,FALSE,111617596,'1st 07:39 : 2pt turnaround jump shot (in the paint) missed by Kel&#39;el Ware(Indiana),5252652,560804,560558,2024-03-16,Indiana Hoosiers,560558,Indiana
9.531599426269494,33.75500106811525,306,FALSE,111617630,'1st 07:18 : 2pt turnaround jump shot (off turnover) (inside left) missed by Malik Reneau(Indiana),5252652,560804,560558,2024-03-16,Indiana Hoosiers,560558,Indiana
6.890201721191431,29.67000007629395,306,FALSE,111617748,'1st 07:03 : 2pt layup (2nd chance;off turnover) (in the paint) missed by Malik Reneau(Indiana),5252652,560804,560558,2024-03-16,Indiana Hoosiers,560558,Indiana
7.181599874496465,2.439998626709,463,TRUE,111617795,'1st 06:45 : 3pt jump shot (outside right) made by Keisei Tominaga(Nebraska),5252652,560804,560558,2024-03-16,Nebraska Huskers,560804,Nebraska
7.0405979919433435,23.04999923706055,306,TRUE,111617858,'1st 06:17 : 2pt driving layup (under the basket) made by Xavier Johnson(Indiana) 19-27',5252652,560804,560558,2024-03-16,Indiana Hoosiers,560558,Indiana
7.332000179290768,3.8499984741211,463,TRUE,111617888,'1st 06:08 : 2pt step back jump shot (inside right) made by Keisei Tominaga(Nebraska) 19-29',5252652,560804,560558,2024-03-16,Nebraska Huskers,560804,Nebraska
8.798400573730504,27.13500022888185,306,FALSE,111617898,'1st 05:52 : 2pt (under the basket) missed by Indiana 19-29',5252652,560804,560558,2024-03-16,Indiana Hoosiers,560558,Indiana
4.24879998207092,2.29999923706055,463,FALSE,111618160,'1st 05:29 : 3pt jump shot (outside right wing) missed by Juwan Gary(Nebraska),5252652,560804,560558,2024-03-16,Nebraska Huskers,560804,Nebraska
8.948796844482416,47.97999954223635,306,FALSE,111618181,'1st 05:18 : 3pt jump shot (outside left) missed by Malik Reneau(Indiana),5252652,560804,560558,2024-03-16,Indiana Hoosiers,560558,Indiana
7.332000179290768,22.86499977111815,463,TRUE,111618198,'1st 05:09 : 2pt alley oop (fast break) (under the basket) made by Juwan Gary(Nebraska) 21-31',5252652,560804,560558,2024-03-16,Nebraska Huskers,560804,Nebraska
29.76980007171626,26.8099994659424,463,FALSE,111618332,'1st 04:37 : 3pt jump shot (outside center) missed by Keisei Tominaga(Nebraska),5252652,560804,560558,2024-03-16,Nebraska Huskers,560804,Nebraska
18.621399497985855,22.72500038146975,463,FALSE,111618596,'1st 03:50 : 2pt turnaround jump shot (off turnover) (in the paint) missed by C.J. Wilcher(Nebraska),5252652,560804,560558,2024-03-16,Nebraska Huskers,560804,Nebraska
9.822999820709192,35.8199996948242,463,FALSE,111619282,'1st 03:14 : 2pt turnaround jump shot (inside left) missed by Keisei Tominaga(Nebraska),5252652,560804,560558,2024-03-16,Nebraska Huskers,560804,Nebraska
12.614798278808578,46.57500076293945,306,FALSE,111619318,'1st 03:07 : 3pt jump shot (fast break) (outside left) missed by CJ Gunn(Indiana),5252652,560804,560558,2024-03-16,Indiana Hoosiers,560558,Indiana
26.254200286865252,33.2849998474121,463,TRUE,111619332,'1st 02:58 : 3pt step back jump shot (fast break) (outside left) made by Keisei Tominaga(Nebraska) 27-36',5252652,560804,560558,2024-03-16,Nebraska Huskers,560804,Nebraska
8.507002868652322,28.82500076293945,306,FALSE,111619340,'1st 02:41 : 2pt driving layup (in the paint) missed by Gabe Cupps(Indiana),5252652,560804,560558,2024-03-16,Indiana Hoosiers,560558,Indiana
30.35260086059566,24.83499908447265,463,TRUE,111619383,'1st 02:35 : 3pt pull up jump shot (fast break) (outside center) made by Keisei Tominaga(Nebraska) 27-39',5252652,560804,560558,2024-03-16,Nebraska Huskers,560804,Nebraska
8.065201721191428,27.42000007629395,306,FALSE,111619749,'1st 01:40 : 2pt driving layup (under the basket) missed by Mackenzie Mgbako(Indiana),5252652,560804,560558,2024-03-16,Indiana Hoosiers,560558,Indiana
6.890199928283687,47.795000076293945,463,TRUE,111619787,'1st 01:19 : 3pt jump shot (outside left) made by Jamarques Lawrence(Nebraska),5252652,560804,560558,2024-03-16,Nebraska Huskers,560804,Nebraska
26.98739913940433,15.869999885559103,306,FALSE,111619823,'1st 01:02 : 3pt jump shot (outside right) missed by Anthony Walker(Indiana),5252652,560804,560558,2024-03-16,Indiana Hoosiers,560558,Indiana
7.181599874496465,46.950000047683716,463,TRUE,111619825,'1st 00:53.10 : 3pt jump shot (fast break) (outside left) made by Juwan Gary(Nebraska),5252652,560804,560558,2024-03-16,Nebraska Huskers,560804,Nebraska
8.21559799194334,47.560001373291,306,FALSE,111619887,'1st 00:34.60 : 3pt jump shot (blocked) (outside left) missed by Mackenzie Mgbako(Indiana),5252652,560804,560558,2024-03-16,Indiana Hoosiers,560558,Indiana
7.0405979919433435,26.01000022888185,306,FALSE,111619896,'1st 00:30.50 : 2pt layup (2nd chance) (under the basket) missed by Mackenzie Mgbako(Indiana),5252652,560804,560558,2024-03-16,Indiana Hoosiers,560558,Indiana
7.77380043029785,23.6599998474121,746,FALSE,111618422,'1st 09:36 : 2pt driving layup (off turnover;blocked) (under the basket) missed by Dante Harris(Virginia),5251828,561220,560978,2024-03-16,Virginia Cavaliers,561220,Virginia
8.948796844482416,28.0300006866455,490,TRUE,111618491,'1st 09:13 : 2pt layup (off turnover) (in the paint) made by Ben Middlebrooks(NC State),5251828,561220,560978,2024-03-16,NC State Wolfpack,560978,NC State
8.065201721191428,26.89999961853025,490,TRUE,111618546,'1st 08:41 : 2pt driving layup (off turnover;fast break) (under the basket) made by DJ Horne(NC State) 18-14',5251828,561220,560978,2024-03-16,NC State Wolfpack,560978,NC State
9.240199928283687,22.2549991607666,746,TRUE,111618635,'1st 08:21 : 2pt layup (in the paint) made by Ryan Dunn(Virginia),5251828,561220,560978,2024-03-16,Virginia Cavaliers,561220,Virginia
7.914798278808576,22.95999908447265,490,TRUE,111618670,'1st 08:01 : 2pt layup (under the basket) made by Ben Middlebrooks(NC State),5251828,561220,560978,2024-03-16,NC State Wolfpack,560978,NC State
10.264800071716266,47.03999996185303,746,TRUE,111618822,'1st 07:47 : 3pt jump shot (outside left) made by Jacob Groves(Virginia),5251828,561220,560978,2024-03-16,Virginia Cavaliers,561220,Virginia
8.356599426269497,22.5349998474121,490,TRUE,111618881,'1st 07:20 : 2pt layup (under the basket) made by Ben Middlebrooks(NC State),5251828,561220,560978,2024-03-16,NC State Wolfpack,560978,NC State
15.98,3.9449996948242,746,FALSE,111618910,'1st 06:57 : 3pt jump shot (outside right) missed by Reece Beekman(Virginia),5251828,561220,560978,2024-03-16,Virginia Cavaliers,561220,Virginia
16.713200645446772,27.60499954223635,746,TRUE,111619509,'1st 06:22 : 2pt pull up jump shot (off turnover) (in the paint) made by Reece Beekman(Virginia) 23-21',5251828,561220,560978,2024-03-16,Virginia Cavaliers,561220,Virginia
26.837002868652334,39.72000122070315,490,FALSE,111619581,'1st 05:47 : 3pt jump shot (outside left) missed by Mohamed Diarra(NC State),5251828,561220,560978,2024-03-16,NC State Wolfpack,560978,NC State
11.580799713134747,24.9300003051758,746,FALSE,111619627,'1st 05:25 : 2pt floating jump shot (in the paint) missed by Jordan Minor(Virginia),5251828,561220,560978,2024-03-16,Virginia Cavaliers,561220,Virginia
13.498400573730507,25.86499977111815,490,TRUE,111619739,'1st 04:52 : 2pt hook shot (in the paint) made by D.J. Burns Jr.(NC State) 25-21',5251828,561220,560978,2024-03-16,NC State Wolfpack,560978,NC State
8.21559978485107,46.480000019073486,746,FALSE,111619768,'1st 04:33 : 3pt jump shot (blocked) (outside left) missed by Isaac McKneely(Virginia),5251828,561220,560978,2024-03-16,Virginia Cavaliers,561220,Virginia
22.72920028686525,22.2549991607666,490,FALSE,111619808,'1st 04:20 : 2pt jump shot (inside center) missed by Jayden Taylor(NC State),5251828,561220,560978,2024-03-16,NC State Wolfpack,560978,NC State
29.036599426269493,27.7450008392334,746,TRUE,111615821,'1st 19:36 : 3pt jump shot (outside center) made by Isaac McKneely(Virginia),5251828,561220,560978,2024-03-16,Virginia Cavaliers,561220,Virginia
8.64799713134768,22.11499977111815,490,FALSE,111615884,'1st 19:14 : 2pt driving layup (in the paint) missed by Casey Morsell(NC State),5251828,561220,560978,2024-03-16,NC State Wolfpack,560978,NC State
7.623400573730507,36.3400001525879,490,FALSE,111615911,'1st 19:05 : 2pt step back jump shot (2nd chance) (inside left) missed by D.J. Burns Jr.(NC State),5251828,561220,560978,2024-03-16,NC State Wolfpack,560978,NC State
6.0160000896453845,41.55000019073485,746,FALSE,111615984,'1st 18:40 : 2pt jump shot (inside left) missed by Isaac McKneely(Virginia),5251828,561220,560978,2024-03-16,Virginia Cavaliers,561220,Virginia
13.047200107574447,24.08499908447265,746,FALSE,111616064,'1st 18:25 : 2pt pull up jump shot (2nd chance) (in the paint) missed by Ryan Dunn(Virginia),5251828,561220,560978,2024-03-16,Virginia Cavaliers,561220,Virginia
18.912802581787076,45.91500091552735,490,FALSE,111616096,'1st 18:10 : 3pt jump shot (outside left) missed by Mohamed Diarra(NC State),5251828,561220,560978,2024-03-16,NC State Wolfpack,560978,NC State
28.594800071716264,15.20999908447265,746,FALSE,111616132,'1st 17:50 : 3pt jump shot (outside right) missed by Taine Murray(Virginia),5251828,561220,560978,2024-03-16,Virginia Cavaliers,561220,Virginia
9.334200286865254,29.72500038146975,490,TRUE,111616179,'1st 17:35 : 2pt hook shot (in the paint) made by D.J. Burns Jr.(NC State) 2-3',5251828,561220,560978,2024-03-16,NC State Wolfpack,560978,NC State
6.429600143432616,24.70499992370605,746,TRUE,111616204,'1st 17:13 : 2pt dunk (under the basket) made by Ryan Dunn(Virginia) 2-5',5251828,561220,560978,2024-03-16,Virginia Cavaliers,561220,Virginia
7.914798278808576,40.564998626709,490,TRUE,111616263,'1st 16:40 : 2pt jump shot (inside left) made by Casey Morsell(NC State),5251828,561220,560978,2024-03-16,NC State Wolfpack,560978,NC State
16.713200645446772,45.91499996185303,746,FALSE,111616337,'1st 16:19 : 3pt jump shot (outside left) missed by Isaac McKneely(Virginia),5251828,561220,560978,2024-03-16,Virginia Cavaliers,561220,Virginia
8.948800430297851,22.8150005340576,746,FALSE,111616368,'1st 16:03 : 2pt driving layup (2nd chance;blocked) (under the basket) missed by Taine Murray(Virginia),5251828,561220,560978,2024-03-16,Virginia Cavaliers,561220,Virginia
14.664000358581518,47.325000047683716,746,FALSE,111616386,'1st 15:53 : 3pt jump shot (2nd chance) (outside left) missed by Isaac McKneely(Virginia),5251828,561220,560978,2024-03-16,Virginia Cavaliers,561220,Virginia
7.04059978485107,26.89999961853025,746,TRUE,111616388,'1st 15:50 : 2pt layup (2nd chance) (under the basket) made by Jordan Minor(Virginia) 4-7',5251828,561220,560978,2024-03-16,Virginia Cavaliers,561220,Virginia
15.397197418212912,16.055000305175803,490,FALSE,111616458,'1st 15:27 : 2pt jump shot (inside right) missed by D.J. Burns Jr.(NC State),5251828,561220,560978,2024-03-16,NC State Wolfpack,560978,NC State
7.181599874496465,23.23999977111815,746,FALSE,111617017,'1st 15:05 : 2pt layup (off turnover;blocked) (under the basket) missed by Jordan Minor(Virginia),5251828,561220,560978,2024-03-16,Virginia Cavaliers,561220,Virginia
7.914798278808576,27.04000091552735,490,TRUE,111617087,'1st 14:42 : 2pt layup (under the basket) made by D.J. Burns Jr.(NC State) 6-7',5251828,561220,560978,2024-03-16,NC State Wolfpack,560978,NC State
30.061199569702122,20.42499923706055,746,FALSE,111617155,'1st 14:18 : 3pt jump shot (outside center) missed by Andrew Rohde(Virginia),5251828,561220,560978,2024-03-16,Virginia Cavaliers,561220,Virginia
23.753796844482423,9.015000343322747,490,FALSE,111617178,'1st 14:07 : 3pt pull up jump shot (outside right) missed by DJ Horne(NC State),5251828,561220,560978,2024-03-16,NC State Wolfpack,560978,NC State
11.439798278808581,47.8849983215332,490,TRUE,111617377,'1st 13:31 : 3pt jump shot (outside left) made by Mohamed Diarra(NC State),5251828,561220,560978,2024-03-16,NC State Wolfpack,560978,NC State
9.531600322723431,22.11499977111815,746,FALSE,111617415,'1st 13:11 : 2pt driving layup (blocked) (in the paint) missed by Jacob Groves(Virginia),5251828,561220,560978,2024-03-16,Virginia Cavaliers,561220,Virginia
17.305399856567373,40.8450002670288,746,FALSE,111617622,'1st 12:32 : 2pt pull up jump shot (inside left) missed by Dante Harris(Virginia),5251828,561220,560978,2024-03-16,Virginia Cavaliers,561220,Virginia
7.332002868652324,22.67499923706055,490,TRUE,111617668,'1st 12:10 : 2pt layup (under the basket) made by Mohamed Diarra(NC State),5251828,561220,560978,2024-03-16,NC State Wolfpack,560978,NC State
20.087800788879395,46.0550000667572,746,FALSE,111617738,'1st 11:41 : 3pt jump shot (outside left) missed by Andrew Rohde(Virginia),5251828,561220,560978,2024-03-16,Virginia Cavaliers,561220,Virginia
8.065201721191428,47.32500076293945,490,FALSE,111617757,'1st 11:31 : 3pt jump shot (outside left) missed by DJ Horne(NC State),5251828,561220,560978,2024-03-16,NC State Wolfpack,560978,NC State
7.482400035858152,22.39500045776365,746,TRUE,111617815,'1st 11:13 : 2pt layup (under the basket) made by Isaac McKneely(Virginia),5251828,561220,560978,2024-03-16,Virginia Cavaliers,561220,Virginia
9.089798278808573,21.54999923706055,490,TRUE,111617882,'1st 10:44 : 2pt layup (in the paint) made by Ben Middlebrooks(NC State) 14-11',5251828,561220,560978,2024-03-16,NC State Wolfpack,560978,NC State
6.890199928283687,47.18499994277954,746,TRUE,111617905,'1st 10:18 : 3pt jump shot (outside left) made by Isaac McKneely(Virginia),5251828,561220,560978,2024-03-16,Virginia Cavaliers,561220,Virginia
5.865597991943346,24.89999961853025,6,TRUE,111618638,'1st 07:57 : 2pt driving layup (off turnover) (under the basket) made by Cameron Tucker(Alabama A&amp;M) 13-22',5252507,561174,560654,2024-03-16,Alabama A&M Bulldogs,560654,Alabama A&M
28.745199928283736,31.29500007629395,699,FALSE,111619134,'1st 07:31 : 3pt jump shot (outside center) missed by Deon Stroud(Texas Southern),5252507,561174,560654,2024-03-16,Texas Southern Tigers,561174,Texas Southern
8.21559799194334,24.47999954223635,6,TRUE,111619198,'1st 07:15 : 2pt dunk (under the basket) made by Chad Moodie(Alabama A&amp;M),5252507,561174,560654,2024-03-16,Alabama A&M Bulldogs,560654,Alabama A&M
5.4237999820709195,23.125,699,FALSE,111619275,'1st 06:57 : 2pt driving layup (blocked) (under the basket) missed by Jonathan Cisse(Texas Southern),5252507,561174,560654,2024-03-16,Texas Southern Tigers,561174,Texas Southern
23.904200286865247,11.100000381469748,6,FALSE,111619279,'1st 06:50 : 3pt pull up jump shot (outside right) missed by Caleb Blackwell(Alabama A&amp;M),5252507,561174,560654,2024-03-16,Alabama A&M Bulldogs,560654,Alabama A&M
6.157002868652327,26.875,6,TRUE,111619460,'1st 06:37 : 2pt layup (off turnover) (under the basket) made by Omari Peek(Alabama A&amp;M) 19-22',5252507,561174,560654,2024-03-16,Alabama A&M Bulldogs,560654,Alabama A&M
3.816399946212768,24.67499923706055,699,FALSE,111619742,'1st 06:03 : 2pt driving layup (in the paint) missed by Jaylen Wysinger(Texas Southern),5252507,561174,560654,2024-03-16,Texas Southern Tigers,561174,Texas Southern
29.47840057373051,22.08499908447265,6,FALSE,111619754,'1st 05:55 : 3pt jump shot (outside center) missed by Omari Peek(Alabama A&amp;M),5252507,561174,560654,2024-03-16,Alabama A&M Bulldogs,560654,Alabama A&M
6.307400035858152,24.2549991607666,699,TRUE,111619757,'1st 05:49 : 2pt dunk (fast break) (under the basket) made by Jaylen Wysinger(Texas Southern),5252507,561174,560654,2024-03-16,Texas Southern Tigers,561174,Texas Southern
14.663998565673822,29.125,6,TRUE,111619776,'1st 05:38 : 2pt (in the paint) made by Omari Peek(Alabama A&amp;M) 23-24',5252507,561174,560654,2024-03-16,Alabama A&M Bulldogs,560654,Alabama A&M
2.491000089645384,2.564998626709,699,TRUE,111619841,'1st 05:16 : 3pt jump shot (outside right wing) made by Jaylen Wysinger(Texas Southern),5252507,561174,560654,2024-03-16,Texas Southern Tigers,561174,Texas Southern
5.86559978485107,22.8449993133545,699,TRUE,111619891,'1st 04:47 : 2pt (off turnover) (under the basket) made by Chris Craig(Texas Southern) 23-29',5252507,561174,560654,2024-03-16,Texas Southern Tigers,561174,Texas Southern
27.27879684448243,13.069999694824197,6,FALSE,111615460,'1st 19:32 : 3pt pull up jump shot (outside right) missed by Cameron Tucker(Alabama A&amp;M),5252507,561174,560654,2024-03-16,Alabama A&M Bulldogs,560654,Alabama A&M
5.7151999282836865,23.54999923706055,699,TRUE,111615564,'1st 19:04 : 2pt driving layup (under the basket) made by Deon Stroud(Texas Southern) 0-2',5252507,561174,560654,2024-03-16,Texas Southern Tigers,561174,Texas Southern
6.598799982070919,23.4099998474121,699,TRUE,111615650,'1st 18:48 : 2pt (off turnover) (under the basket) made by Jonathan Cisse(Texas Southern) 0-4',5252507,561174,560654,2024-03-16,Texas Southern Tigers,561174,Texas Southern
5.4237999820709195,25.23999977111815,699,FALSE,111615765,'1st 18:16 : 2pt driving layup (off turnover;blocked) (under the basket) missed by Jonathan Cisse(Texas Southern),5252507,561174,560654,2024-03-16,Texas Southern Tigers,561174,Texas Southern
7.623400573730507,23.4950008392334,6,FALSE,111615843,'1st 17:57 : 2pt layup (under the basket) missed by Omari Peek(Alabama A&amp;M),5252507,561174,560654,2024-03-16,Alabama A&M Bulldogs,560654,Alabama A&M
9.531599426269494,26.0300006866455,6,FALSE,111615891,'1st 17:43 : 2pt (off turnover) (under the basket) missed by Cameron Tucker(Alabama A&amp;M),5252507,561174,560654,2024-03-16,Alabama A&M Bulldogs,560654,Alabama A&M
24.787800788879395,38.6199998855591,699,TRUE,111615913,'1st 17:31 : 3pt jump shot (outside left) made by PJ Henry(Texas Southern),5252507,561174,560654,2024-03-16,Texas Southern Tigers,561174,Texas Southern
9.822997131347677,30.5349998474121,6,FALSE,111615990,'1st 17:06 : 2pt (in the paint) missed by Alabama A&amp;M 0-7',5252507,561174,560654,2024-03-16,Alabama A&M Bulldogs,560654,Alabama A&M
9.822997131347677,30.5349998474121,6,TRUE,111615991,'1st 17:06 : 2pt pull up jump shot (in the paint) made by EJ Williams(Alabama A&amp;M),5252507,561174,560654,2024-03-16,Alabama A&M Bulldogs,560654,Alabama A&M
13.047200107574447,24.67499923706055,699,TRUE,111616054,'1st 16:35 : 2pt (in the paint) made by Jonathan Cisse(Texas Southern) 2-9',5252507,561174,560654,2024-03-16,Texas Southern Tigers,561174,Texas Southern
16.713200645446772,12.7050018310547,699,TRUE,111616108,'1st 16:07 : 2pt pull up jump shot (off turnover) (inside right) made by PJ Henry(Texas Southern) 2-11',5252507,561174,560654,2024-03-16,Texas Southern Tigers,561174,Texas Southern
21.11239913940433,26.0300006866455,6,FALSE,111616406,'1st 15:51 : 2pt turnaround jump shot (inside center) missed by Austin Harvell(Alabama A&amp;M),5252507,561174,560654,2024-03-16,Alabama A&M Bulldogs,560654,Alabama A&M
7.623400573730507,23.20999908447265,6,FALSE,111616715,'1st 15:07 : 2pt layup (under the basket) missed by Cameron Tucker(Alabama A&amp;M),5252507,561174,560654,2024-03-16,Alabama A&M Bulldogs,560654,Alabama A&M
29.76980007171626,22.8449993133545,699,FALSE,111616800,'1st 14:42 : 3pt jump shot (outside center) missed by Grayson Carter(Texas Southern),5252507,561174,560654,2024-03-16,Texas Southern Tigers,561174,Texas Southern
7.773796844482419,27.7199993133545,6,TRUE,111616838,'1st 14:33 : 2pt layup (under the basket) made by Lorenzo Downey(Alabama A&amp;M) 4-12',5252507,561174,560654,2024-03-16,Alabama A&M Bulldogs,560654,Alabama A&M
12.614800071716266,20.72999954223635,699,TRUE,111616875,'1st 14:18 : 2pt floating jump shot (in the paint) made by PJ Henry(Texas Southern) 4-14',5252507,561174,560654,2024-03-16,Texas Southern Tigers,561174,Texas Southern
14.513599605560303,26.5049991607666,699,FALSE,111617020,'1st 13:49 : 2pt floating jump shot (off turnover) (in the paint) missed by Jonathan Cisse(Texas Southern) 4-14',5252507,561174,560654,2024-03-16,Texas Southern Tigers,561174,Texas Southern
7.332002868652324,27.01499938964845,6,TRUE,111617105,'1st 13:24 : 2pt driving layup (under the basket) made by Jayland Randall(Alabama A&amp;M) 6-14',5252507,561174,560654,2024-03-16,Alabama A&M Bulldogs,560654,Alabama A&M
17.88820064544677,36.22500038146975,699,TRUE,111617237,'1st 12:51 : 2pt pull up jump shot (inside left) made by PJ Henry(Texas Southern) 6-16',5252507,561174,560654,2024-03-16,Texas Southern Tigers,561174,Texas Southern
12.755799713134763,47.435001373291,6,FALSE,111617245,'1st 12:42 : 3pt jump shot (outside left) missed by Jayland Randall(Alabama A&amp;M),5252507,561174,560654,2024-03-16,Alabama A&M Bulldogs,560654,Alabama A&M
25.52099964141848,35.8050003051758,699,FALSE,111617288,'1st 12:22 : 3pt pull up jump shot (outside left) missed by PJ Henry(Texas Southern) 6-16',5252507,561174,560654,2024-03-16,Texas Southern Tigers,561174,Texas Southern
10.847599964141821,14.814998626709,699,FALSE,111617883,'1st 11:43 : 2pt pull up jump shot (inside right) missed by Jonathan Cisse(Texas Southern),5252507,561174,560654,2024-03-16,Texas Southern Tigers,561174,Texas Southern
23.753796844482423,9.6899995803833,6,FALSE,111617895,'1st 11:33 : 3pt jump shot (outside right) missed by Caleb Blackwell(Alabama A&amp;M) 7-16',5252507,561174,560654,2024-03-16,Alabama A&M Bulldogs,560654,Alabama A&M
5.640000000000001,25,6,TRUE,111617906,'1st 11:27 : 2pt layup (2nd chance) (under the basket) made by Jayland Randall(Alabama A&amp;M) 9-16',5252507,561174,560654,2024-03-16,Alabama A&M Bulldogs,560654,Alabama A&M
5.282799892425536,11.01499938964845,699,TRUE,111617965,'1st 11:05 : 2pt pull up jump shot (inside right) made by Jaylen Wysinger(Texas Southern) 9-18',5252507,561174,560654,2024-03-16,Texas Southern Tigers,561174,Texas Southern
29.327997131347672,27.7199993133545,6,FALSE,111618013,'1st 10:46 : 3pt jump shot (outside center) missed by Dylan Mclean(Alabama A&amp;M),5252507,561174,560654,2024-03-16,Alabama A&M Bulldogs,560654,Alabama A&M
7.914800071716313,23.82999992370605,699,FALSE,111618027,'1st 10:34 : 2pt layup (under the basket) missed by Chris Craig(Texas Southern),5252507,561174,560654,2024-03-16,Texas Southern Tigers,561174,Texas Southern
7.623400573730507,18.98500061035155,6,FALSE,111618086,'1st 10:15 : 2pt floating jump shot (inside right) missed by Jayland Randall(Alabama A&amp;M),5252507,561174,560654,2024-03-16,Alabama A&M Bulldogs,560654,Alabama A&M
7.04059978485107,23.27000045776365,699,TRUE,111618099,'1st 10:03 : 2pt driving layup (under the basket) made by Jonathan Cisse(Texas Southern) 9-20',5252507,561174,560654,2024-03-16,Texas Southern Tigers,561174,Texas Southern
5.865597991943346,24.6200008392334,6,FALSE,111618142,'1st 09:43 : 2pt driving layup (under the basket) missed by Chad Moodie(Alabama A&amp;M),5252507,561174,560654,2024-03-16,Alabama A&M Bulldogs,560654,Alabama A&M
7.181599874496465,24.67499923706055,699,TRUE,111618152,'1st 09:37 : 2pt dunk (fast break) (under the basket) made by Chris Craig(Texas Southern),5252507,561174,560654,2024-03-16,Texas Southern Tigers,561174,Texas Southern
21.554200286865253,33.4099998474121,699,FALSE,111618437,'1st 08:43 : 2pt pull up jump shot (inside left) missed by PJ Henry(Texas Southern),5252507,561174,560654,2024-03-16,Texas Southern Tigers,561174,Texas Southern
5.132399139404328,6.449999809265151,8,FALSE,111617541,'1st 19:39 : 2pt jump shot (inside right wing) missed by Grant Nelson(ALA),5252548,560658,560908,2024-03-16,Alabama Crimson Tide,560658,Alabama
14.37259996414182,21.01499938964845,235,FALSE,111617543,'1st 19:32 : 2pt jump shot (in the paint) missed by Will Richard(UFL),5252548,560658,560908,2024-03-16,Florida Gators,560908,Florida
8.21559799194334,25.4650001525879,8,TRUE,111617556,'1st 19:22 : 2pt layup (under the basket) made by Nick Pringle(ALA),5252548,560658,560908,2024-03-16,Alabama Crimson Tide,560658,Alabama
16.42179935455323,23.4099998474121,235,FALSE,111617605,'1st 19:03 : 2pt hook shot (in the paint) missed by Tyrese Samuel(UFL),5252548,560658,560908,2024-03-16,Florida Gators,560908,Florida
6.307399139404339,23.63500022888185,8,TRUE,111617620,'1st 18:56 : 2pt driving layup (fast break) (under the basket) made by Latrell Wrightsell Jr.(ALA) 0-4',5252548,560658,560908,2024-03-16,Alabama Crimson Tide,560658,Alabama
15.397199211120606,30.875,235,FALSE,111617634,'1st 18:43 : 2pt jump shot (inside left) missed by Tyrese Samuel(UFL),5252548,560658,560908,2024-03-16,Florida Gators,560908,Florida
7.1815994262695,21.52000045776365,8,TRUE,111617683,'1st 18:30 : 2pt layup (under the basket) made by Grant Nelson(ALA),5252548,560658,560908,2024-03-16,Alabama Crimson Tide,560658,Alabama
27.861599426269496,34.96000003814695,235,FALSE,111617695,'1st 18:18 : 3pt jump shot (outside left) missed by Walter Clayton Jr.(UFL),5252548,560658,560908,2024-03-16,Florida Gators,560908,Florida
7.0405979919433435,23.20999908447265,8,TRUE,111617735,'1st 18:06 : 2pt layup (under the basket) made by Grant Nelson(ALA),5252548,560658,560908,2024-03-16,Alabama Crimson Tide,560658,Alabama
24.92880043029788,39.60499954223635,235,FALSE,111617893,'1st 17:55 : 3pt jump shot (outside left) missed by Zyon Pullin(UFL),5252548,560658,560908,2024-03-16,Florida Gators,560908,Florida
8.21559799194334,25.4650001525879,8,FALSE,111617960,'1st 17:38 : 2pt dunk (under the basket) missed by Nick Pringle(ALA),5252548,560658,560908,2024-03-16,Alabama Crimson Tide,560658,Alabama
24.195599784851105,40.875,235,TRUE,111617976,'1st 17:34 : 3pt jump shot (fast break) (outside left) made by Will Richard(UFL),5252548,560658,560908,2024-03-16,Florida Gators,560908,Florida
25.662002868652337,10.8149995803833,8,TRUE,111618010,'1st 17:24 : 3pt jump shot (outside right) made by Aaron Estrada(ALA),5252548,560658,560908,2024-03-16,Alabama Crimson Tide,560658,Alabama
10.264800071716266,20.72999954223635,235,FALSE,111618023,'1st 17:13 : 2pt jump shot (in the paint) missed by Tyrese Samuel(UFL),5252548,560658,560908,2024-03-16,Florida Gators,560908,Florida
7.77380043029785,28.6200008392334,235,TRUE,111618085,'1st 16:57 : 2pt layup (off turnover;fast break) (in the paint) made by Walter Clayton Jr.(UFL) 5-11',5252548,560658,560908,2024-03-16,Florida Gators,560908,Florida
29.76980007171626,20.0300006866455,235,FALSE,111618193,'1st 16:19 : 3pt jump shot (off turnover) (outside center) missed by Walter Clayton Jr.(UFL),5252548,560658,560908,2024-03-16,Florida Gators,560908,Florida
26.25420028686524,37.2949981689453,8,FALSE,111618241,'1st 16:11 : 3pt jump shot (outside left) missed by Rylan Griffen(ALA),5252548,560658,560908,2024-03-16,Alabama Crimson Tide,560658,Alabama
17.747199211120606,21.7199993133545,235,FALSE,111618299,'1st 16:01 : 2pt jump shot (in the paint) missed by Walter Clayton Jr.(UFL),5252548,560658,560908,2024-03-16,Florida Gators,560908,Florida
13.488998565673825,29.4099998474121,8,FALSE,111618651,'1st 15:33 : 2pt jump shot (off turnover) (in the paint) missed by Mark Sears(ALA),5252548,560658,560908,2024-03-16,Alabama Crimson Tide,560658,Alabama
16.572199211120605,18.89999961853025,235,TRUE,111618739,'1st 15:15 : 2pt turnaround jump shot (inside right) made by Alex Condon(UFL) 7-11',5252548,560658,560908,2024-03-16,Florida Gators,560908,Florida
6.890201721191431,22.08499908447265,8,TRUE,111618805,'1st 14:52 : 2pt layup (under the basket) made by Mark Sears(ALA) 7-13',5252548,560658,560908,2024-03-16,Alabama Crimson Tide,560658,Alabama
11.73119956970212,19.32500076293945,235,TRUE,111618833,'1st 14:31 : 2pt jump shot (in the paint) made by Alex Condon(UFL),5252548,560658,560908,2024-03-16,Florida Gators,560908,Florida
25.953400573730505,10.8149995803833,8,FALSE,111618922,'1st 14:22 : 3pt jump shot (outside right) missed by Mark Sears(ALA),5252548,560658,560908,2024-03-16,Alabama Crimson Tide,560658,Alabama
6.749200286865246,23.4950008392334,8,FALSE,111619110,'1st 13:37 : 2pt layup (off turnover) (under the basket) missed by Aaron Estrada(ALA),5252548,560658,560908,2024-03-16,Alabama Crimson Tide,560658,Alabama
26.10380043029788,39.1850004196167,235,FALSE,111619128,'1st 13:25 : 3pt jump shot (outside left) missed by Will Richard(UFL),5252548,560658,560908,2024-03-16,Florida Gators,560908,Florida
25.521001434326166,12.505000114440897,8,FALSE,111619216,'1st 13:03 : 3pt jump shot (outside right) missed by Sam Walters(ALA),5252548,560658,560908,2024-03-16,Alabama Crimson Tide,560658,Alabama
16.42180114746091,25.32500076293945,8,TRUE,111619349,'1st 12:43 : 2pt hook shot (2nd chance) (in the paint) made by Grant Nelson(ALA) 9-15',5252548,560658,560908,2024-03-16,Alabama Crimson Tide,560658,Alabama
25.379999999999995,37.97999954223635,51,FALSE,111616799,'1st 19:31 : 3pt jump shot (outside left) missed by RayJ Dennis(Baylor),5251859,560565,560687,2024-03-16,Baylor Bears,560687,Baylor
3.807000179290768,47.36999988555908,311,TRUE,111616835,'1st 19:21 : 3pt jump shot (fast break) (outside left wing) made by Milan Momcilovic(Iowa St.) 0-3',5251859,560565,560687,2024-03-16,Iowa St. Cyclones,560565,Iowa St.
7.049999999999997,19.38999938964845,51,FALSE,111616874,'1st 19:01 : 2pt layup (in the paint) missed by Jalen Bridges(Baylor),5251859,560565,560687,2024-03-16,Baylor Bears,560687,Baylor
26.385799713134748,12.7249984741211,311,TRUE,111617088,'1st 18:44 : 3pt jump shot (outside right) made by Tamin Lipsey(Iowa St.) 1-6',5251859,560565,560687,2024-03-16,Iowa St. Cyclones,560565,Iowa St.
6.899596557617173,47.2750015258789,51,FALSE,111617112,'1st 18:19 : 3pt jump shot (outside left) missed by Jalen Bridges(Baylor),5251859,560565,560687,2024-03-16,Baylor Bears,560687,Baylor
28.002600860595663,17.36999893188475,311,TRUE,111617180,'1st 18:01 : 3pt jump shot (outside center) made by Tamin Lipsey(Iowa St.),5251859,560565,560687,2024-03-16,Iowa St. Cyclones,560565,Iowa St.
24.336599426269494,38.92000007629395,311,FALSE,111617489,'1st 17:03 : 3pt jump shot (off turnover) (outside left) missed by Milan Momcilovic(Iowa St.),5251859,560565,560687,2024-03-16,Iowa St. Cyclones,560565,Iowa St.
8.516397705078077,18.26499938964845,51,FALSE,111617503,'1st 16:46 : 2pt floating jump shot (inside right) missed by Yves Missi(Baylor),5251859,560565,560687,2024-03-16,Baylor Bears,560687,Baylor
7.905399856567382,36.94999980926515,311,FALSE,111617558,'1st 16:32 : 2pt jump shot (inside left) missed by Robert Jones(Iowa St.),5251859,560565,560687,2024-03-16,Iowa St. Cyclones,560565,Iowa St.
5.724596557617176,25.4449996948242,51,TRUE,111617612,'1st 16:11 : 2pt alley oop (under the basket) made by Yves Missi(Baylor),5251859,560565,560687,2024-03-16,Baylor Bears,560687,Baylor
18.02920028686525,27.9349994659424,311,FALSE,111617669,'1st 15:41 : 2pt jump shot (in the paint) missed by Tre King(Iowa St.),5251859,560565,560687,2024-03-16,Iowa St. Cyclones,560565,Iowa St.
24.063998565673828,39.38999938964845,51,FALSE,111617704,'1st 15:22 : 3pt jump shot (outside left) missed by Jalen Bridges(Baylor),5251859,560565,560687,2024-03-16,Baylor Bears,560687,Baylor
7.031200017929081,27.0900001525879,311,TRUE,111617739,'1st 15:11 : 2pt driving layup (under the basket) made by Keshon Gilbert(Iowa St.) 3-11',5251859,560565,560687,2024-03-16,Iowa St. Cyclones,560565,Iowa St.
7.6328025817870895,3.049999952316284,51,FALSE,111617758,'1st 14:55 : 3pt jump shot (outside right) missed by Ja&#39;Kobe Walter(Baylor),5251859,560565,560687,2024-03-16,Baylor Bears,560687,Baylor
8.647999820709233,5.3400001525879,311,FALSE,111617814,'1st 14:43 : 2pt jump shot (inside right) missed by Tre King(Iowa St.) 3-11',5251859,560565,560687,2024-03-16,Iowa St. Cyclones,560565,Iowa St.
15.998796844482428,17.420000076293952,51,TRUE,111618302,'1st 14:25 : 2pt floating jump shot (inside right) made by RayJ Dennis(Baylor) 5-11',5251859,560565,560687,2024-03-16,Baylor Bears,560687,Baylor
11.298796844482425,26.57500076293945,51,FALSE,111618339,'1st 13:46 : 2pt layup (off turnover) (in the paint) missed by Josh Ojianwuna(Baylor),5251859,560565,560687,2024-03-16,Baylor Bears,560687,Baylor
28.585399856567374,27.0900001525879,311,FALSE,111618366,'1st 13:37 : 3pt jump shot (outside center) missed by Keshon Gilbert(Iowa St.),5251859,560565,560687,2024-03-16,Iowa St. Cyclones,560565,Iowa St.
9.813599605560302,29.76499938964845,311,TRUE,111618394,'1st 13:19 : 2pt jump shot (off turnover) (in the paint) made by Curtis Jones(Iowa St.) 5-13',5251859,560565,560687,2024-03-16,Iowa St. Cyclones,560565,Iowa St.
6.316801147460922,26.7150001525879,51,TRUE,111618421,'1st 13:02 : 2pt layup (under the basket) made by Caleb Lohner(Baylor),5251859,560565,560687,2024-03-16,Baylor Bears,560687,Baylor
8.497599964141846,20.4699993133545,311,FALSE,111618433,'1st 12:46 : 2pt jump shot (in the paint) missed by Keshon Gilbert(Iowa St.),5251859,560565,560687,2024-03-16,Iowa St. Cyclones,560565,Iowa St.
5.64,25,311,FALSE,111618438,'1st 12:43 : 2pt layup (2nd chance) (under the basket) missed by Hason Ward(Iowa St.),5251859,560565,560687,2024-03-16,Iowa St. Cyclones,560565,Iowa St.
4.991397705078072,23.33499908447265,51,TRUE,111618462,'1st 12:34 : 2pt layup (off turnover;fast break) (under the basket) made by Caleb Lohner(Baylor),5251859,560565,560687,2024-03-16,Baylor Bears,560687,Baylor
15.970599784851109,28.63999938964845,311,FALSE,111618512,'1st 12:07 : 2pt turnaround jump shot (blocked) (in the paint) missed by Curtis Jones(Iowa St.),5251859,560565,560687,2024-03-16,Iowa St. Cyclones,560565,Iowa St.
25.088602294921827,12.350000381469748,51,FALSE,111618532,'1st 11:57 : 3pt jump shot (outside right) missed by RayJ Dennis(Baylor),5251859,560565,560687,2024-03-16,Baylor Bears,560687,Baylor
6.438999910354616,23.70999908447265,311,TRUE,111618544,'1st 11:44 : 2pt layup (under the basket) made by Hason Ward(Iowa St.),5251859,560565,560687,2024-03-16,Iowa St. Cyclones,560565,Iowa St.
29.168200645446774,12.439998626709,311,FALSE,111619131,'1st 11:13 : 3pt jump shot (off turnover) (outside right) missed by Curtis Jones(Iowa St.),5251859,560565,560687,2024-03-16,Iowa St. Cyclones,560565,Iowa St.
11.157802581787095,23.7549991607666,51,TRUE,111619182,'1st 10:58 : 2pt jump shot (in the paint) made by Caleb Lohner(Baylor) 11-15',5251859,560565,560687,2024-03-16,Baylor Bears,560687,Baylor
11.28,22.57999992370605,311,FALSE,111619273,'1st 10:21 : 2pt jump shot (in the paint) missed by Tamin Lipsey(Iowa St.),5251859,560565,560687,2024-03-16,Iowa St. Cyclones,560565,Iowa St.
9.37180025100708,2.7249984741211,311,FALSE,111619440,'1st 09:48 : 3pt jump shot (outside right) missed by Tamin Lipsey(Iowa St.),5251859,560565,560687,2024-03-16,Iowa St. Cyclones,560565,Iowa St.
9.249596557617167,48.26499938964845,51,TRUE,111619457,'1st 09:38 : 3pt jump shot (outside left) made by Jalen Bridges(Baylor),5251859,560565,560687,2024-03-16,Baylor Bears,560687,Baylor
9.964000358581519,22.57999992370605,311,TRUE,111619510,'1st 09:20 : 2pt floating jump shot (in the paint) made by Tre King(Iowa St.),5251859,560565,560687,2024-03-16,Iowa St. Cyclones,560565,Iowa St.
21.864402008056672,41.64500045776365,51,FALSE,111619541,'1st 09:01 : 3pt jump shot (outside left) missed by RayJ Dennis(Baylor),5251859,560565,560687,2024-03-16,Baylor Bears,560687,Baylor
7.3225999641418476,21.17499923706055,311,TRUE,111619582,'1st 08:45 : 2pt jump shot (in the paint) made by Robert Jones(Iowa St.) 15-19',5251859,560565,560687,2024-03-16,Iowa St. Cyclones,560565,Iowa St.
17.31479827880858,21.36000061035155,51,FALSE,111619626,'1st 08:19 : 2pt turnaround jump shot (in the paint) missed by Jalen Bridges(Baylor),5251859,560565,560687,2024-03-16,Baylor Bears,560687,Baylor
10.133198852539081,28.54500007629395,51,FALSE,111619740,'1st 08:10 : 2pt layup (2nd chance;blocked) (in the paint) missed by RayJ Dennis(Baylor),5251859,560565,560687,2024-03-16,Baylor Bears,560687,Baylor
29.33739913940434,15.585000038146951,51,FALSE,111619809,'1st 07:59 : 3pt jump shot (2nd chance) (outside right) missed by RayJ Dennis(Baylor),5251859,560565,560687,2024-03-16,Baylor Bears,560687,Baylor
28.88619956970212,15.7750015258789,626,TRUE,111616996,'1st 19:26 : 3pt jump shot (outside right) made by Darrion Trammell(SDSU) 3-1',5252403,561202,561088,2024-03-16,San Diego St. Aztecs,561088,San Diego St.
25.662002868652337,13.100000381469748,731,FALSE,111617029,'1st 19:06 : 3pt jump shot (outside right) missed by Darius Brown II(USU),5252403,561202,561088,2024-03-16,Utah St. Aggies,561202,Utah St.
9.822999820709192,27.7450008392334,626,FALSE,111617153,'1st 18:43 : 2pt layup (blocked) (in the paint) missed by Lamont Butler(SDSU),5252403,561202,561088,2024-03-16,San Diego St. Aztecs,561088,San Diego St.
18.621399497985855,18.5900001525879,626,TRUE,111617177,'1st 18:39 : 2pt jump shot (2nd chance) (inside right) made by Micah Parrish(SDSU) 5-1',5252403,561202,561088,2024-03-16,San Diego St. Aztecs,561088,San Diego St.
6.598796844482422,21.6900005340576,731,TRUE,111617190,'1st 18:24 : 2pt layup (under the basket) made by Mason Falslev(USU) 5-3',5252403,561202,561088,2024-03-16,Utah St. Aggies,561202,Utah St.
24.195599784851105,20.13999938964845,626,FALSE,111617285,'1st 18:18 : 2pt jump shot (inside center) missed by Jaedon LeDee(SDSU),5252403,561202,561088,2024-03-16,San Diego St. Aztecs,561088,San Diego St.
7.482399139404336,24.5049991607666,731,TRUE,111617428,'1st 17:51 : 2pt dunk (under the basket) made by Great Osobor(USU),5252403,561202,561088,2024-03-16,Utah St. Aggies,561202,Utah St.
15.10579971313475,26.0550003051758,626,FALSE,111617499,'1st 17:25 : 2pt layup (in the paint) missed by Jay Pal(SDSU),5252403,561202,561088,2024-03-16,San Diego St. Aztecs,561088,San Diego St.
18.038602294921816,3.6600000858306885,731,TRUE,111617544,'1st 17:18 : 3pt jump shot (outside right) made by Ian Martinez(USU),5252403,561202,561088,2024-03-16,Utah St. Aggies,561202,Utah St.
30.061199569702122,23.10000038146975,626,FALSE,111617573,'1st 16:56 : 3pt jump shot (outside center) missed by Darrion Trammell(SDSU),5252403,561202,561088,2024-03-16,San Diego St. Aztecs,561088,San Diego St.
7.482399139404336,23.23999977111815,731,FALSE,111617700,'1st 16:28 : 2pt hook shot (under the basket) missed by Great Osobor(USU),5252403,561202,561088,2024-03-16,Utah St. Aggies,561202,Utah St.
5.640000000000001,25,731,TRUE,111617702,'1st 16:24 : 2pt layup (2nd chance) (under the basket) made by Great Osobor(USU) 5-10',5252403,561202,561088,2024-03-16,Utah St. Aggies,561202,Utah St.
29.18699928283687,32.39500045776365,626,FALSE,111617755,'1st 16:08 : 3pt jump shot (outside center) missed by Elijah Saunders(SDSU),5252403,561202,561088,2024-03-16,San Diego St. Aztecs,561088,San Diego St.
6.749200286865246,19.57500076293945,731,FALSE,111617834,'1st 15:51 : 2pt layup (in the paint) missed by Mason Falslev(USU),5252403,561202,561088,2024-03-16,Utah St. Aggies,561202,Utah St.
16.572199211120605,21.4099998474121,626,TRUE,111618300,'1st 15:31 : 2pt layup (in the paint) made by Reese Waters(SDSU) 7-10',5252403,561202,561088,2024-03-16,San Diego St. Aztecs,561088,San Diego St.
27.57019992828374,12.25500106811525,626,FALSE,111618334,'1st 14:45 : 3pt jump shot (off turnover) (outside right) missed by Reese Waters(SDSU),5252403,561202,561088,2024-03-16,San Diego St. Aztecs,561088,San Diego St.
8.948800430297851,24.9300003051758,626,TRUE,111618336,'1st 14:42 : 2pt layup (2nd chance;off turnover) (under the basket) made by Miles Heide(SDSU) 9-10',5252403,561202,561088,2024-03-16,San Diego St. Aztecs,561088,San Diego St.
26.25420028686524,24.5049991607666,731,FALSE,111618365,'1st 14:24 : 2pt jump shot (inside center) missed by Darius Brown II(USU),5252403,561202,561088,2024-03-16,Utah St. Aggies,561202,Utah St.
6.749199838638304,24.08499908447265,626,FALSE,111618381,'1st 14:12 : 2pt dunk (under the basket) missed by Miles Heide(SDSU),5252403,561202,561088,2024-03-16,San Diego St. Aztecs,561088,San Diego St.
9.531600322723431,34.9300003051758,626,TRUE,111618431,'1st 14:04 : 2pt jump shot (2nd chance) (inside left) made by Micah Parrish(SDSU) 11-10',5252403,561202,561088,2024-03-16,San Diego St. Aztecs,561088,San Diego St.
7.332002868652324,23.10000038146975,731,TRUE,111618451,'1st 13:50 : 2pt dunk (under the basket) made by Great Osobor(USU) 11-12',5252403,561202,561088,2024-03-16,Utah St. Aggies,561202,Utah St.
7.77380043029785,29.57500076293945,626,TRUE,111618490,'1st 13:27 : 2pt layup (in the paint) made by Micah Parrish(SDSU) 13-12',5252403,561202,561088,2024-03-16,San Diego St. Aztecs,561088,San Diego St.
20.37920028686525,14.50500106811525,626,TRUE,111618602,'1st 13:06 : 2pt jump shot (off turnover) (inside right) made by Micah Parrish(SDSU) 15-12',5252403,561202,561088,2024-03-16,San Diego St. Aztecs,561088,San Diego St.
7.0405979919433435,21.6900005340576,731,TRUE,111618634,'1st 12:50 : 2pt layup (under the basket) made by Great Osobor(USU) 15-14',5252403,561202,561088,2024-03-16,Utah St. Aggies,561202,Utah St.
10.415199928283734,24.9300003051758,626,FALSE,111618668,'1st 12:29 : 2pt layup (in the paint) missed by Micah Parrish(SDSU),5252403,561202,561088,2024-03-16,San Diego St. Aztecs,561088,San Diego St.
7.773796844482419,22.95999908447265,731,FALSE,111618720,'1st 12:18 : 2pt layup (blocked) (under the basket) missed by Darius Brown II(USU),5252403,561202,561088,2024-03-16,Utah St. Aggies,561202,Utah St.
22.146399497985858,45.21000003814697,626,FALSE,111619473,'1st 11:32 : 3pt jump shot (outside left) missed by Reese Waters(SDSU),5252403,561202,561088,2024-03-16,San Diego St. Aztecs,561088,San Diego St.
7.0405979919433435,22.8150005340576,731,TRUE,111619508,'1st 11:24 : 2pt layup (under the basket) made by Kalifa Sakho(USU),5252403,561202,561088,2024-03-16,Utah St. Aggies,561202,Utah St.
22.146399497985858,20.2800006866455,626,FALSE,111619534,'1st 11:07 : 2pt jump shot (inside center) missed by Lamont Butler(SDSU),5252403,561202,561088,2024-03-16,San Diego St. Aztecs,561088,San Diego St.
29.76980007171626,16.47999954223635,626,FALSE,111619806,'1st 10:33 : 3pt jump shot (off turnover) (outside center) missed by Lamont Butler(SDSU),5252403,561202,561088,2024-03-16,San Diego St. Aztecs,561088,San Diego St.
20.68,36.47999954223635,626,FALSE,111619815,'1st 10:27 : 2pt jump shot (2nd chance;off turnover) (inside left) missed by Reese Waters(SDSU),5252403,561202,561088,2024-03-16,San Diego St. Aztecs,561088,San Diego St.
5.865597991943346,2.815000057220459,731,FALSE,111619907,'1st 10:00 : 3pt jump shot (outside right wing) missed by Josh Uduje(USU),5252403,561202,561088,2024-03-16,Utah St. Aggies,561202,Utah St.
13.047197418212917,25.4950008392334,731,TRUE,111619969,'1st 09:49 : 2pt jump shot (2nd chance) (in the paint) made by Great Osobor(USU) 16-23',5252403,561202,561088,2024-03-16,Utah St. Aggies,561202,Utah St.
29.76980007171626,13.8050003051758,626,FALSE,111619994,'1st 09:36 : 3pt jump shot (outside right) missed by Elijah Saunders(SDSU),5252403,561202,561088,2024-03-16,San Diego St. Aztecs,561088,San Diego St.
18.621397705078067,32.1150016784668,731,TRUE,111620002,'1st 09:24 : 2pt jump shot (inside left) made by Mason Falslev(USU) 16-25',5252403,561202,561088,2024-03-16,Utah St. Aggies,561202,Utah St.
